channel,u_change,u_spectral,u_surprise,m_peak,m_band,channel_effective_rank,m_channel,U,M,dataset,segment,window_start,window_stop,unit_id,U_bucket,M_bucket
0,0.403585607884141,0.3465478216794738,0.6537793902404246,0.375,0.8549766405732198,0.9999999900000481,0.0,0.4679709399346798,0.40999221352440657,ETTh2,raw,0,96,raw:0:0,high,low
1,0.7082015618702304,0.3224084279617926,0.4832630129979645,0.125,0.8862666958342681,0.9999999900000481,0.0,0.5046243342766625,0.33708889861142266,ETTh2,raw,0,96,raw:0:1,high,low
2,0.36851411625049535,0.3259841825812497,0.6107871055058879,0.0,0.7822239885936063,0.9999999900000481,0.0,0.43509513477921097,0.2607413295312021,ETTh2,raw,0,96,raw:0:2,high,low
3,0.6382904965816414,0.25792596505090926,0.5431162759777671,0.375,0.8483562347755772,0.9999999900000481,0.0,0.4797775792034393,0.40778541159185905,ETTh2,raw,0,96,raw:0:3,high,low
4,0.8014583493919732,0.10689207906371202,0.23522267004830286,0.5,0.9048415338759008,0.9999999900000481,0.0,0.38119103283466266,0.46828051129196696,ETTh2,raw,0,96,raw:0:4,mid,mid
5,0.0,0.14272616120455123,0.39936817052903223,1.0,0.8187912641482673,0.9999999900000481,0.0,0.18069811057786114,0.6062637547160891,ETTh2,raw,0,96,raw:0:5,low,high
6,0.8106577546899765,0.36347951741733775,0.469425424658736,0.125,0.8716009827432232,0.9999999900000481,0.0,0.54785423225535,0.3322003275810744,ETTh2,raw,0,96,raw:0:6,high,low
0,0.5691680382655966,0.18649177049060103,0.528038977748011,0.75,0.8360897835924063,0.99999999000004,0.0,0.4278995955014029,0.5286965945308021,ETTh2,raw,24,120,raw:24:0,high,mid
1,0.7286064544711166,0.27781595067862486,0.1317347561848814,0.75,0.9676782892949166,0.99999999000004,0.0,0.3793857204448743,0.5725594297649722,ETTh2,raw,24,120,raw:24:1,mid,mid
2,0.5502984951251539,0.20525532219595866,0.4296444987783473,0.5,0.8595003814530184,0.99999999000004,0.0,0.3950661053664866,0.45316679381767283,ETTh2,raw,24,120,raw:24:2,mid,mid
3,0.636566555119663,0.27773568230406864,0.13694208795915833,0.5,0.9611222100322275,0.99999999000004,0.0,0.35041477512763003,0.4870407366774092,ETTh2,raw,24,120,raw:24:3,mid,mid
4,0.6585853089649565,0.22607141311454276,0.5514953301171756,0.25,0.9499373463831848,0.99999999000004,0.0,0.47871735073222493,0.39997911546106163,ETTh2,raw,24,120,raw:24:4,high,low
5,0.0,0.21877924204820634,1.0,1.0,0.8204545698560651,0.99999999000004,0.0,0.4062597473494021,0.6068181899520217,ETTh2,raw,24,120,raw:24:5,mid,high
6,0.49063240241407347,0.07168466936128876,0.8304359358327938,0.25,0.669857469062283,0.99999999000004,0.0,0.46425100253605206,0.30661915635409437,ETTh2,raw,24,120,raw:24:6,high,low
0,0.6484466407700715,0.16664765401551274,0.6021437763084884,0.5,0.8388030129696923,0.9999999900000679,0.0,0.47241269036469086,0.44626767098989745,ETTh2,raw,72,168,raw:72:0,high,mid
1,0.39150248000800036,0.20918179780420268,0.5199625200412997,1.0,0.9025415669684428,0.9999999900000679,0.0,0.37354893261783423,0.6341805223228142,ETTh2,raw,72,168,raw:72:1,mid,high
2,0.6376577787859287,0.12205966553081075,0.7908702946394498,0.625,0.8537681777115259,0.9999999900000679,0.0,0.5168625796520631,0.492922725903842,ETTh2,raw,72,168,raw:72:2,high,mid
3,0.17219980221899467,0.25271475198563265,0.5087853803865272,1.0,0.9009235610550421,0.9999999900000679,0.0,0.31123331153038486,0.6336411870183474,ETTh2,raw,72,168,raw:72:3,low,high
4,0.45333639535899173,0.20225368850246195,0.5351003617482789,0.75,0.8574550423060405,0.9999999900000679,0.0,0.3968968152032442,0.5358183474353468,ETTh2,raw,72,168,raw:72:4,mid,mid
5,0.0,0.2051373148975487,0.523779639569938,1.0,0.8412945274882746,0.9999999900000679,0.0,0.2429723181558289,0.6137648424960915,ETTh2,raw,72,168,raw:72:5,low,high
6,0.6984891164289468,0.04810455641195366,0.08789880697626541,0.125,0.7749563277912012,0.9999999900000679,0.0,0.2781641599390553,0.29998544259706705,ETTh2,raw,72,168,raw:72:6,low,low
0,0.5629699996632256,0.1889914491815401,0.5281736639881602,0.75,0.7881681490069983,0.9999999900000761,0.0,0.426711704277642,0.5127227163356661,ETTh2,raw,96,192,raw:96:0,high,mid
1,0.43112040115035,0.165238548767797,0.6641116049447592,1.0,0.8799338451415705,0.9999999900000761,0.0,0.42015685162096866,0.6266446150471902,ETTh2,raw,96,192,raw:96:1,mid,high
2,0.659017484185296,0.20432259084524962,0.40924057447659334,0.625,0.8583147063192277,0.9999999900000761,0.0,0.424193549835713,0.4944382354397425,ETTh2,raw,96,192,raw:96:2,high,mid
3,0.6306316735145086,0.1725964568729439,0.5835114446485056,1.0,0.914933333305506,0.9999999900000761,0.0,0.462246525011986,0.6383111111018352,ETTh2,raw,96,192,raw:96:3,high,high
4,0.6657157245294267,0.34055670052792775,0.46915052176881805,1.0,0.8867626685507408,0.9999999900000761,0.0,0.49180764894205753,0.6289208895169136,ETTh2,raw,96,192,raw:96:4,high,high
5,0.0,0.137348496572152,1.0,1.0,0.8921245767291621,0.9999999900000761,0.0,0.3791161655240507,0.6307081922430541,ETTh2,raw,96,192,raw:96:5,mid,high
6,0.9369056652563156,0.5946295571270231,0.5386518406581321,0.375,0.713992372222413,0.9999999900000761,0.0,0.690062354347157,0.362997457407471,ETTh2,raw,96,192,raw:96:6,high,low
0,0.30593160056787705,0.06974376354714093,0.897057203634176,0.25,0.7470632872982652,0.9999999900012115,0.0,0.4242441892497313,0.33235442909942176,ETTh2,raw,144,240,raw:144:0,high,low
1,0.5611650506936534,0.17748382311049637,0.8590671093104548,0.5,0.82048321515742,0.9999999900012115,0.0,0.5325719943715349,0.44016107171914,ETTh2,raw,144,240,raw:144:1,high,mid
2,0.30771045489632853,0.06574755205529638,0.9795188737392387,0.25,0.7752099811559748,0.9999999900012115,0.0,0.45099229356362125,0.34173666038532496,ETTh2,raw,144,240,raw:144:2,high,low
3,0.5151962886512212,0.18489743435227596,0.6043677046509626,0.75,0.8640203822990159,0.9999999900012115,0.0,0.4348204758848199,0.538006794099672,ETTh2,raw,144,240,raw:144:3,high,mid
4,0.685954816612248,0.2816404460504268,0.5162251650492768,0.625,0.9465755323711661,0.9999999900012115,0.0,0.49460680923731726,0.5238585107903887,ETTh2,raw,144,240,raw:144:4,high,mid
5,0.0,2.447982745639846e-06,0.0,1.0,0.7311364463267648,0.9999999900012115,0.0,8.159942485466152e-07,0.5770454821089216,ETTh2,raw,144,240,raw:144:5,low,mid
6,0.5480104468738421,0.022042006339310298,0.3146046136662646,0.25,0.5016072015977568,0.9999999900012115,0.0,0.29488568895980566,0.25053573386591893,ETTh2,raw,144,240,raw:144:6,low,low
0,0.1963795639540613,0.11343222552041228,0.43160321754127057,0.125,0.5998544723564425,0.999999990001365,0.0,0.2471383356719147,0.24161815745214751,ETTh2,raw,168,264,raw:168:0,low,low
1,0.33292962612896515,0.22637124341576542,0.7864040051655498,0.125,0.7985184279298752,0.999999990001365,0.0,0.4485682915700934,0.30783947597662503,ETTh2,raw,168,264,raw:168:1,high,low
2,0.15400889241780613,0.09145394990761521,0.4560051871363644,0.125,0.6069909087782771,0.999999990001365,0.0,0.23382267648726193,0.24399696959275904,ETTh2,raw,168,264,raw:168:2,low,low
3,0.2563743767297251,0.22036484814116153,0.8726915508462891,0.125,0.8057443856298157,0.999999990001365,0.0,0.44981025857239193,0.3102481285432719,ETTh2,raw,168,264,raw:168:3,high,low
4,0.5069243064693771,0.23475759515769934,0.5164647524924876,1.0,0.9693129706759916,0.999999990001365,0.0,0.4193822180398547,0.6564376568919972,ETTh2,raw,168,264,raw:168:4,mid,high
5,0.0,0.4681983615946592,0.0,0.0,0.7548509105644412,0.999999990001365,0.0,0.15606612053155308,0.25161697018814705,ETTh2,raw,168,264,raw:168:5,low,low
6,0.6363486713162566,0.06286187966868913,0.09485811699573747,0.125,0.4023728948908528,0.999999990001365,0.0,0.2646895559935611,0.1757909649636176,ETTh2,raw,168,264,raw:168:6,low,low
0,0.1748131513897978,0.08087210865543887,0.6125637048343511,0.125,0.608187434757662,0.9999999900021986,0.0,0.28941632162652925,0.24439581158588733,ETTh2,raw,192,288,raw:192:0,low,low
1,0.28510768110346063,0.2078774961399873,0.8185126326902693,0.375,0.8057720826171278,0.9999999900021986,0.0,0.4371659366445724,0.3935906942057093,ETTh2,raw,192,288,raw:192:1,high,low
2,0.08534779242241819,0.10959765560048569,0.5316558626648429,0.125,0.6007726774282279,0.9999999900021986,0.0,0.24220043689591556,0.2419242258094093,ETTh2,raw,192,288,raw:192:2,low,low
3,0.5001466480063133,0.2631045421482092,0.7111059079562114,0.5,0.8351765310455896,0.9999999900021986,0.0,0.4914523660369113,0.4450588436818632,ETTh2,raw,192,288,raw:192:3,high,mid
4,0.9699130595008199,0.18469441946916582,0.5436800932454057,0.75,0.845621700518634,0.9999999900021986,0.0,0.5660958574051304,0.531873900172878,ETTh2,raw,192,288,raw:192:4,high,mid
5,0.0,0.4697049387676171,0.0,0.375,0.7338987006516853,0.9999999900021986,0.0,0.15656831292253903,0.36963290021722844,ETTh2,raw,192,288,raw:192:5,low,low
6,0.1188397981577699,0.03784091165291691,0.2791217507913382,0.25,0.6449056898897181,0.9999999900021986,0.0,0.14526748686734167,0.298301896629906,ETTh2,raw,192,288,raw:192:6,low,low
0,0.109849997492385,0.0422002486370855,0.3722168174662705,0.125,0.5738202182912382,0.9999999900009142,0.0,0.17475568786524698,0.23294007276374606,ETTh2,raw,240,336,raw:240:0,low,low
1,0.4220515570362392,0.10931166781156035,0.4416751990382872,0.625,0.7895981633149847,0.9999999900009142,0.0,0.32434614129536227,0.4715327211049949,ETTh2,raw,240,336,raw:240:1,mid,mid
2,0.12718566897671502,0.04929938232651096,0.3515369364722424,0.125,0.5336048203200673,0.9999999900009142,0.0,0.17600732925848947,0.21953494010668909,ETTh2,raw,240,336,raw:240:2,low,low
3,0.3442554527772963,0.13795017296884782,0.4471829897252009,0.75,0.7961358554719624,0.9999999900009142,0.0,0.309796205157115,0.5153786184906541,ETTh2,raw,240,336,raw:240:3,low,mid
4,0.8351218164005433,0.30107771168787617,0.5270729429913906,0.875,0.8025196781768651,0.9999999900009142,0.0,0.5544241570266033,0.559173226058955,ETTh2,raw,240,336,raw:240:4,high,mid
5,0.0,0.4620598261123444,0.0,0.5,0.7437352505103201,0.9999999900009142,0.0,0.15401994203744815,0.4145784168367734,ETTh2,raw,240,336,raw:240:5,low,low
6,0.17902008455089502,0.2056732118069077,0.3906937402747621,0.25,0.7379298361343298,0.9999999900009142,0.0,0.2584623455441883,0.3293099453781099,ETTh2,raw,240,336,raw:240:6,low,low
0,0.36218318708147224,0.1740944898083231,0.33022793356736574,0.125,0.6330269853248782,0.9999999900011323,0.0,0.2888352034857204,0.2526756617749594,ETTh2,raw,264,360,raw:264:0,low,low
1,0.3479649008937269,0.13925548228928397,0.38343409392387107,0.75,0.8856800498883851,0.9999999900011323,0.0,0.2902181590356273,0.5452266832961284,ETTh2,raw,264,360,raw:264:1,low,mid
2,0.2416607978660803,0.13094690256474864,0.3270289990708139,0.125,0.6016285560999822,0.9999999900011323,0.0,0.23321223316721426,0.24220951869999408,ETTh2,raw,264,360,raw:264:2,low,low
3,0.5337443127999231,0.13611726974208666,0.4597713820777436,1.0,0.9105866156658441,0.9999999900011323,0.0,0.3765443215399178,0.636862205221948,ETTh2,raw,264,360,raw:264:3,mid,high
4,0.5055364032468503,0.2179521526844386,0.6290840739890244,0.875,0.7672409934981627,0.9999999900011323,0.0,0.45085754330677114,0.5474136644993876,ETTh2,raw,264,360,raw:264:4,high,mid
5,0.0,0.46471617739304333,0.0,0.125,0.7537739646172724,0.9999999900011323,0.0,0.15490539246434779,0.29292465487242414,ETTh2,raw,264,360,raw:264:5,low,low
6,0.46172380983771566,0.08535578959207457,0.08850444756371033,0.25,0.6440223852820093,0.9999999900011323,0.0,0.21186134899783352,0.2980074617606698,ETTh2,raw,264,360,raw:264:6,low,low
0,0.704779535145132,0.6756176963785803,0.4655693411361994,0.25,0.801454047438296,2.186698314625258,0.1977830521079046,0.6153221908866372,0.4164123665154002,ETTh2,raw,312,408,raw:312:0,high,low
1,0.6048061956687434,0.35045126299891116,0.47554052318903534,0.375,0.7882895072431934,2.186698314625258,0.1977830521079046,0.4769326606188966,0.45369085311703267,ETTh2,raw,312,408,raw:312:1,high,mid
2,0.6742828114418848,0.7073918076376375,0.41830691328232156,0.25,0.7984029271919943,2.186698314625258,0.1977830521079046,0.5999938441206146,0.4153953264332997,ETTh2,raw,312,408,raw:312:2,high,low
3,0.6195134013353039,0.34003958376473875,0.4282430878432504,0.375,0.7910592076496098,2.186698314625258,0.1977830521079046,0.4625986909810977,0.4546140865858381,ETTh2,raw,312,408,raw:312:3,high,mid
4,0.12125432308067108,0.2943991189706009,0.5315150022858316,1.0,0.7969538871210418,2.186698314625258,0.1977830521079046,0.3157228147790345,0.6649123130763154,ETTh2,raw,312,408,raw:312:4,low,high
5,0.0,0.0,0.0,0.0,-0.0,2.186698314625258,0.1977830521079046,0.0,0.0659276840359682,ETTh2,raw,312,408,raw:312:5,low,low
6,0.22857898544200428,0.1956097282909805,0.5286278428829738,0.25,0.66108540152571,2.186698314625258,0.1977830521079046,0.3176055188719862,0.36962281787787155,ETTh2,raw,312,408,raw:312:6,low,low
0,0.6892819853136967,0.715911132127892,0.6811932011594896,0.0,0.7660226819981958,1.9423240580874364,0.15705400941948272,0.6954621062003593,0.3076922304725595,ETTh2,raw,336,432,raw:336:0,high,low
1,0.7325839555667155,0.5977415866633456,0.8508337314006924,0.0,0.8172738060865791,1.9423240580874364,0.15705400941948272,0.7270530912102512,0.3247759385020206,ETTh2,raw,336,432,raw:336:1,high,low
2,0.6930738993295336,0.7344394977618474,0.7141368160729721,0.0,0.7624944495945126,1.9423240580874364,0.15705400941948272,0.7138834043881177,0.3065161530046651,ETTh2,raw,336,432,raw:336:2,high,low
3,0.7798451933224705,0.5311703067347884,0.8390652478229381,0.0,0.8284377621652929,1.9423240580874364,0.15705400941948272,0.7166935826267323,0.3284972571949252,ETTh2,raw,336,432,raw:336:3,high,low
4,0.35491578119963474,0.3094304756233307,0.4979126588557186,0.75,0.8289015165522294,1.9423240580874364,0.15705400941948272,0.38741963855956135,0.5786518419905707,ETTh2,raw,336,432,raw:336:4,mid,mid
5,0.0,0.0,0.0,0.0,-0.0,1.9423240580874364,0.15705400941948272,0.0,0.052351336473160905,ETTh2,raw,336,432,raw:336:5,low,low
6,0.64738457596067,0.050712646358895594,0.7229383724132726,0.125,0.6220924103545702,1.9423240580874364,0.15705400941948272,0.4736785315776128,0.3013821399246843,ETTh2,raw,336,432,raw:336:6,high,low
0,0.2351450257327613,0.1919463116010157,0.590472480591329,0.375,0.8263848679484916,1.8778581395197287,0.1463096896761053,0.3391879393083686,0.44923151920819904,ETTh2,raw,384,480,raw:384:0,mid,mid
1,0.36781461374153945,0.2085413916644604,0.6328130994328455,0.875,0.9626408778963278,1.8778581395197287,0.1463096896761053,0.4030563682796151,0.6613168558574777,ETTh2,raw,384,480,raw:384:1,mid,high
2,0.40861129381886907,0.14790915697926163,0.5379588744930903,0.375,0.8045742753545018,1.8778581395197287,0.1463096896761053,0.36482644176374035,0.441961321676869,ETTh2,raw,384,480,raw:384:2,mid,mid
3,0.497853565786614,0.15694908961137916,0.5004289703012647,1.0,0.964897076445822,1.8778581395197287,0.1463096896761053,0.3850772085664193,0.7037355887073091,ETTh2,raw,384,480,raw:384:3,mid,high
4,0.4067571768922448,0.09043069451752657,0.3000017480008356,0.5,0.7672637279715664,1.8778581395197287,0.1463096896761053,0.26572987313686897,0.47119113921589056,ETTh2,raw,384,480,raw:384:4,low,mid
5,0.0,0.0,0.0,0.0,-0.0,1.8778581395197287,0.1463096896761053,0.0,0.048769896558701765,ETTh2,raw,384,480,raw:384:5,low,low
6,0.32982172313346914,0.025675218127789962,0.4612937702818518,0.125,0.5679380679602635,1.8778581395197287,0.1463096896761053,0.2722635705143703,0.2797492525454563,ETTh2,raw,384,480,raw:384:6,low,low
0,0.5410974940724081,0.07714275946260744,0.5806933054204644,0.625,0.8661440862748198,2.238589647020377,0.20643160749267683,0.3996445196518266,0.5658585645891655,ETTh2,raw,408,504,raw:408:0,mid,mid
1,0.29432373754614805,0.17612782481011113,0.44497473426368844,1.0,0.9569042932096835,2.238589647020377,0.20643160749267683,0.30514209887331584,0.7211119669007867,ETTh2,raw,408,504,raw:408:1,low,high
2,0.49769542838824177,0.05144277296080821,0.6206092733485074,0.625,0.84279800168845,2.238589647020377,0.20643160749267683,0.3899158248991858,0.5580765363937089,ETTh2,raw,408,504,raw:408:2,mid,mid
3,0.46345023053398293,0.20424668826857745,0.4532250266881942,1.0,0.96159393840038,2.238589647020377,0.20643160749267683,0.3736406484969182,0.7226751819643522,ETTh2,raw,408,504,raw:408:3,mid,high
4,0.4147189665870934,0.14111257679701078,0.49301700182789177,0.5,0.7558217000188626,2.238589647020377,0.20643160749267683,0.349616181737332,0.4874177691705131,ETTh2,raw,408,504,raw:408:4,mid,mid
5,0.0,0.0,0.0,0.0,-0.0,2.238589647020377,0.20643160749267683,0.0,0.06881053583089228,ETTh2,raw,408,504,raw:408:5,low,low
6,0.671349564142206,0.25305192119819353,0.6122149707832091,0.25,0.604531168092425,2.238589647020377,0.20643160749267683,0.5122054853745363,0.3536542585283673,ETTh2,raw,408,504,raw:408:6,high,low
0,0.32961342563718277,0.10117410795461106,0.8690152734111881,0.75,0.8011482253534034,2.595603430714174,0.26593390467580585,0.4332676023343273,0.6056940433430698,ETTh2,raw,432,528,raw:432:0,high,high
1,0.5905217755173919,0.1589145442631329,0.6337255247632223,1.0,0.8694653519695393,2.595603430714174,0.26593390467580585,0.46105394818124906,0.711799752215115,ETTh2,raw,432,528,raw:432:1,high,high
2,0.42870014028675496,0.09586319976633301,0.8307964275724443,0.75,0.7904623804769526,2.595603430714174,0.26593390467580585,0.45178658920851084,0.6021320950509195,ETTh2,raw,432,528,raw:432:2,high,high
3,0.4812777766262796,0.14085769239397264,0.5389475964300675,1.0,0.8764029122903987,2.595603430714174,0.26593390467580585,0.3870276884834399,0.7141122723220682,ETTh2,raw,432,528,raw:432:3,mid,high
4,0.8989629326503765,0.15817522331938194,0.4683617283068405,0.125,0.7486373315794753,2.595603430714174,0.26593390467580585,0.508499961425533,0.3798570787517604,ETTh2,raw,432,528,raw:432:4,high,low
5,0.0,0.0,0.0,0.0,-0.0,2.595603430714174,0.26593390467580585,0.0,0.08864463489193529,ETTh2,raw,432,528,raw:432:5,low,low
6,0.7024850770106731,0.11723865385484702,0.7985519832057317,0.25,0.4366362224305699,2.595603430714174,0.26593390467580585,0.5394252380237506,0.31752337570212524,ETTh2,raw,432,528,raw:432:6,high,low
0,0.4839347379972704,0.0799450614074732,0.7524256993417924,0.625,0.7474542025883186,0.9999999900001483,0.0,0.4387684995821786,0.4574847341961062,ETTh2,raw,480,576,raw:480:0,high,mid
1,0.5973128186355416,0.12505150097355672,0.6466910210525316,0.875,0.9315152871249132,0.9999999900001483,0.0,0.4563517802205433,0.602171762374971,ETTh2,raw,480,576,raw:480:1,high,high
2,0.4312494408684685,0.07083669310296317,0.7268145699726979,0.5,0.7341906106019114,0.9999999900001483,0.0,0.4096335679813765,0.41139687020063714,ETTh2,raw,480,576,raw:480:2,mid,low
3,0.22567642272821276,0.14441312239039777,0.5911641741042338,1.0,0.9429938710108697,0.9999999900001483,0.0,0.32041790640761475,0.6476646236702899,ETTh2,raw,480,576,raw:480:3,low,high
4,0.9196509555474255,0.3520586677745934,0.4448727469785417,0.5,0.8390774771268262,0.9999999900001483,0.0,0.5721941234335202,0.44635915904227536,ETTh2,raw,480,576,raw:480:4,high,mid
5,0.0,0.47823950065850773,0.0,1.0,0.7692112084543381,0.9999999900001483,0.0,0.15941316688616924,0.5897370694847793,ETTh2,raw,480,576,raw:480:5,low,mid
6,0.18310404328105157,0.0016980458482359808,0.4032258314789999,0.25,0.2553244407721743,0.9999999900001483,0.0,0.19600930686942916,0.16844148025739145,ETTh2,raw,480,576,raw:480:6,low,low
0,0.3971121577764034,0.22991954621857125,0.5834652127869997,0.625,0.8026949616172416,0.9999999900000607,0.0,0.4034989722606581,0.47589832053908054,ETTh2,raw,504,600,raw:504:0,mid,mid
1,0.4448443585058832,0.4529316375023137,0.5719201730031883,1.0,0.9544906527108691,0.9999999900000607,0.0,0.48989872300379506,0.6514968842369564,ETTh2,raw,504,600,raw:504:1,high,high
2,0.36727328354896993,0.22043919637526693,0.5528745312945015,0.5,0.7826648560499997,0.9999999900000607,0.0,0.38019567040624613,0.4275549520166666,ETTh2,raw,504,600,raw:504:2,mid,mid
3,0.4661924796625262,0.43439067327812597,0.5024487795678491,1.0,0.9623268068018705,0.9999999900000607,0.0,0.4676773108361671,0.6541089356006236,ETTh2,raw,504,600,raw:504:3,high,high
4,0.5696389021369986,0.1029757575808799,0.5305023781813334,1.0,0.8899174330033774,0.9999999900000607,0.0,0.4010390126330707,0.6299724776677925,ETTh2,raw,504,600,raw:504:4,mid,high
5,0.0,0.21971378662729477,0.8218740823036773,1.0,0.8213349636170021,0.9999999900000607,0.0,0.347195956310324,0.6071116545390006,ETTh2,raw,504,600,raw:504:5,mid,high
6,0.14299949381997823,0.0029471013396786634,0.36846063542988194,0.25,0.2535867960215011,0.9999999900000607,0.0,0.1714690768631796,0.16786226534050033,ETTh2,raw,504,600,raw:504:6,low,low
0,0.19070873594992888,0.15964319529591375,0.6119111492278295,0.75,0.8100676808524127,0.9999999900000701,0.0,0.3207543601578907,0.5200225602841376,ETTh2,raw,552,648,raw:552:0,low,mid
1,0.41482516812614845,0.26593035167902046,0.6246892846526345,1.0,0.8551381977693745,0.9999999900000701,0.0,0.43514826815260116,0.6183793992564581,ETTh2,raw,552,648,raw:552:1,high,high
2,0.19665774744947961,0.16043725259739128,0.5816701016355887,0.75,0.7995008366738109,0.9999999900000701,0.0,0.31292170056081986,0.5165002788912703,ETTh2,raw,552,648,raw:552:2,low,mid
3,0.22634797167555043,0.2356689830246616,0.6045623411048172,1.0,0.8345540319564985,0.9999999900000701,0.0,0.35552643193500977,0.6115180106521662,ETTh2,raw,552,648,raw:552:3,mid,high
4,0.11518875091351799,0.1865586877031803,0.4496298664747145,0.875,0.8004463920530082,0.9999999900000701,0.0,0.2504591016971376,0.558482130684336,ETTh2,raw,552,648,raw:552:4,low,mid
5,0.0,0.2255318143108156,0.20349208869045352,1.0,0.6788179004145057,0.9999999900000701,0.0,0.1430079676670897,0.5596059668048352,ETTh2,raw,552,648,raw:552:5,low,mid
6,0.07361146739419333,0.03916971846296288,0.356765594672618,0.25,0.3208921087474947,0.9999999900000701,0.0,0.15651559350992472,0.19029736958249824,ETTh2,raw,552,648,raw:552:6,low,low
0,0.15812601617520528,0.2403414069837143,0.5118214276880328,0.375,0.7842344796316394,0.999999990000052,0.0,0.3034296169489841,0.38641149321054646,ETTh2,raw,576,672,raw:576:0,low,low
1,0.4154433399338163,0.3289940655848176,0.48313427934565834,1.0,0.9027814796122248,0.999999990000052,0.0,0.4091905616214307,0.6342604932040748,ETTh2,raw,576,672,raw:576:1,mid,high
2,0.17652092013752751,0.2216917930853109,0.5076211634224104,0.375,0.7686136503444951,0.999999990000052,0.0,0.3019446255484162,0.38120455011483173,ETTh2,raw,576,672,raw:576:2,low,low
3,0.2320158155011054,0.2579446987435142,0.5341280076713263,1.0,0.893787626314073,0.999999990000052,0.0,0.34136284063864863,0.631262542104691,ETTh2,raw,576,672,raw:576:3,mid,high
4,0.8604723833776993,0.10288263457356205,0.1818963883780182,0.375,0.6808802490428805,0.999999990000052,0.0,0.38175046877642654,0.3519600830142935,ETTh2,raw,576,672,raw:576:4,mid,low
5,0.0,0.26062424542661633,0.5061565748806378,1.0,0.7754064783530716,0.999999990000052,0.0,0.2555936067690847,0.5918021594510239,ETTh2,raw,576,672,raw:576:5,low,mid
6,0.10819880718072494,0.028745307300749992,0.20419801940426763,0.25,0.3228395122334726,0.999999990000052,0.0,0.11371404462858085,0.1909465040778242,ETTh2,raw,576,672,raw:576:6,low,low
0,0.2878982795099915,0.11531887050431242,0.5268750907385794,0.375,0.6794494052929938,0.9999999900000635,0.0,0.3100307469176278,0.3514831350976646,ETTh2,raw,600,696,raw:600:0,low,low
1,0.5455714680208467,0.17074140430127105,0.5513080400086651,0.875,0.8294553229499515,0.9999999900000635,0.0,0.42254030411026094,0.5681517743166505,ETTh2,raw,600,696,raw:600:1,mid,mid
2,0.34264610751576774,0.11603477051273084,0.5272983383689944,0.25,0.6503699166201579,0.9999999900000635,0.0,0.3286597387991643,0.3001233055400526,ETTh2,raw,600,696,raw:600:2,mid,low
3,0.4472531279861329,0.17416984873030367,0.5661994668023608,1.0,0.8334571872866792,0.9999999900000635,0.0,0.3958741478395991,0.6111523957622264,ETTh2,raw,600,696,raw:600:3,mid,high
4,0.9284963138447313,0.12371582724369345,0.4431366704650303,0.25,0.6981184175894998,0.9999999900000635,0.0,0.4984496038511517,0.3160394725298333,ETTh2,raw,600,696,raw:600:4,high,low
5,0.0,0.2890358177336574,1.0,1.0,0.8133884102149602,0.9999999900000635,0.0,0.42967860591121915,0.6044628034049867,ETTh2,raw,600,696,raw:600:5,high,high
6,0.03804601344385139,0.03018415047342569,0.3640363502036455,0.25,0.32328991737361495,0.9999999900000635,0.0,0.14408883804030753,0.19109663912453834,ETTh2,raw,600,696,raw:600:6,low,low
0,0.970417173775693,0.275623735774995,0.325494872518199,0.5,0.833474148984439,0.99999999000328,0.0,0.523845260689629,0.44449138299481294,ETTh2,raw,648,744,raw:648:0,high,mid
1,0.9999999963602999,0.3684136980361912,0.46689644975299865,1.0,0.8555701802392272,0.99999999000328,0.0,0.6117700480498299,0.6185233934130757,ETTh2,raw,648,744,raw:648:1,high,high
2,0.9715379044090316,0.3039807533508032,0.4414033243560631,0.25,0.7749461507192343,0.99999999000328,0.0,0.572307327371966,0.34164871690641146,ETTh2,raw,648,744,raw:648:2,high,low
3,0.9425658516576471,0.3204056276839359,0.6349813510227421,1.0,0.8365747395583581,0.99999999000328,0.0,0.632650943454775,0.612191579852786,ETTh2,raw,648,744,raw:648:3,high,high
4,0.9999999678882016,0.2185482270564405,0.2570917264907367,0.875,0.9317332479212579,0.99999999000328,0.0,0.4918799738117929,0.6022444159737527,ETTh2,raw,648,744,raw:648:4,high,high
5,0.0,0.129678690849524,1.0,0.875,0.8912216920444909,0.99999999000328,0.0,0.376559563616508,0.5887405640148303,ETTh2,raw,648,744,raw:648:5,mid,mid
6,0.9735141634802145,0.32208804857349765,0.18141641078887982,0.25,0.47119386215585024,0.99999999000328,0.0,0.49233954094753063,0.24039795405195008,ETTh2,raw,648,744,raw:648:6,high,low
0,0.9800356266316036,0.33589397091621337,0.03635360378680887,0.375,0.8224251916680321,0.9999999900024703,0.0,0.4507610671115419,0.3991417305560107,ETTh2,raw,672,768,raw:672:0,high,low
1,0.9709559140421375,0.28694513726345605,0.998452569789826,1.0,0.7630026272291085,0.9999999900024703,0.0,0.7521178736984732,0.5876675424097028,ETTh2,raw,672,768,raw:672:1,high,mid
2,0.9449082623992963,0.3974642561507309,0.8783307673936004,0.375,0.8094802253850685,0.9999999900024703,0.0,0.7402344286478758,0.39482674179502286,ETTh2,raw,672,768,raw:672:2,high,low
3,0.9572018169250419,0.2927388122602287,0.9980051324334007,1.0,0.7713745127315085,0.9999999900024703,0.0,0.7493152538728904,0.5904581709105029,ETTh2,raw,672,768,raw:672:3,high,mid
4,0.9999999911032001,0.28881176753060955,0.47966523689714996,0.75,0.9187955794117177,0.9999999900024703,0.0,0.5894923318436532,0.5562651931372392,ETTh2,raw,672,768,raw:672:4,high,mid
5,0.0,0.17872003690937313,1.0,1.0,0.785241572485382,0.9999999900024703,0.0,0.39290667896979103,0.5950805241617939,ETTh2,raw,672,768,raw:672:5,mid,mid
6,0.9748141761725786,0.2718014781126939,0.49892283427343453,0.25,0.47096802070296934,0.9999999900024703,0.0,0.5818461628529024,0.24032267356765646,ETTh2,raw,672,768,raw:672:6,high,low
0,0.9941243875399705,0.11434644530896669,0.2364258614425777,0.25,0.8515426026671213,0.9999999900040835,0.0,0.4482988980971716,0.3671808675557071,ETTh2,raw,720,816,raw:720:0,high,low
1,0.9879841161870399,0.14362200845394898,0.14629382398042573,1.0,0.9741907636354118,0.9999999900040835,0.0,0.4259666495404715,0.6580635878784706,ETTh2,raw,720,816,raw:720:1,high,high
2,0.9885084763621633,0.10220312794378471,0.1875205906603943,0.25,0.8138840598973286,0.9999999900040835,0.0,0.42607739832211405,0.35462801996577625,ETTh2,raw,720,816,raw:720:2,high,low
3,0.9836068841193896,0.20539416803951166,0.1783001121527965,1.0,0.9749759506654044,0.9999999900040835,0.0,0.4557670547705659,0.6583253168884681,ETTh2,raw,720,816,raw:720:3,high,high
4,0.9999999944644138,0.35675268738870014,0.3001238114886824,0.375,0.7587997751204555,0.9999999900040835,0.0,0.5522921644472655,0.3779332583734852,ETTh2,raw,720,816,raw:720:4,high,low
5,0.0,0.2035954410451506,0.5,1.0,0.801272605867633,0.9999999900040835,0.0,0.23453181368171686,0.6004242019558776,ETTh2,raw,720,816,raw:720:5,low,high
6,0.9909281193229135,0.12707617199234186,0.014657515548555851,0.125,0.7026827573648307,0.9999999900040835,0.0,0.3775539356212703,0.27589425245494353,ETTh2,raw,720,816,raw:720:6,mid,low
0,0.44974552010548063,0.11853958163791706,0.3482071112067759,0.5,0.8337172861152428,0.9999999900000838,0.0,0.3054974043167245,0.4445724287050809,ETTh2,raw,744,840,raw:744:0,low,mid
1,0.5885248827744083,0.24068507854788732,0.43541740122538614,0.875,0.9748227461557877,0.9999999900000838,0.0,0.4215424541825606,0.6166075820519292,ETTh2,raw,744,840,raw:744:1,mid,high
2,0.5368950083082666,0.12636768761009343,0.3457287772996546,0.25,0.8072747450957025,0.9999999900000838,0.0,0.3363304910726716,0.3524249150319008,ETTh2,raw,744,840,raw:744:2,mid,low
3,0.48781435861553724,0.28787019462126084,0.35249180830655813,0.875,0.9848515310630462,0.9999999900000838,0.0,0.37605878718111874,0.6199505103543488,ETTh2,raw,744,840,raw:744:3,mid,high
4,0.6721742569875182,0.11270151541359175,0.3686837282092253,0.125,0.7374825791015222,0.9999999900000838,0.0,0.3845198335367784,0.2874941930338407,ETTh2,raw,744,840,raw:744:4,mid,low
5,0.0,0.24664332618443038,1.0,1.0,0.8191136645966295,0.9999999900000838,0.0,0.4155477753948101,0.6063712215322098,ETTh2,raw,744,840,raw:744:5,mid,high
6,0.5127589140496855,0.0829382811813395,0.0169467969668375,0.125,0.6621310800394711,0.9999999900000838,0.0,0.2042146640659542,0.2623770266798237,ETTh2,raw,744,840,raw:744:6,low,low
0,0.03091686515059866,0.2765628727175654,0.38506147375641847,0.5,0.8805483773827112,0.9999999900000739,0.0,0.23084707054152753,0.4601827924609037,ETTh2,raw,768,864,raw:768:0,low,mid
1,0.1584956060023024,0.3293561034268093,0.29376928991766876,0.875,0.9768209229851953,0.9999999900000739,0.0,0.2605403331155935,0.6172736409950651,ETTh2,raw,768,864,raw:768:1,low,high
2,0.3097154430760687,0.29573416952999054,0.34607951577889373,0.5,0.8554045032029566,0.9999999900000739,0.0,0.31717637612831767,0.4518015010676522,ETTh2,raw,768,864,raw:768:2,low,mid
3,0.22141575704185024,0.40969606718168783,0.2740453475115699,1.0,0.9889388173202499,0.9999999900000739,0.0,0.30171905724503595,0.6629796057734166,ETTh2,raw,768,864,raw:768:3,low,high
4,0.14074852796740622,0.16042330507360802,0.43726604932679036,0.125,0.6761495318326108,0.9999999900000739,0.0,0.2461459607892682,0.2670498439442036,ETTh2,raw,768,864,raw:768:4,low,low
5,0.0,0.2845316182341513,1.0,1.0,0.8616151062553964,0.9999999900000739,0.0,0.42817720607805043,0.6205383687517988,ETTh2,raw,768,864,raw:768:5,high,high
6,0.17716370561571126,0.433351260100386,0.21523255031827246,0.125,0.7752036421562357,0.9999999900000739,0.0,0.2752491720114566,0.30006788071874524,ETTh2,raw,768,864,raw:768:6,low,low
0,0.09175517410583567,0.10920631578630938,0.4324976700101201,0.375,0.8296719837137759,0.9999999900000919,0.0,0.21115305330075507,0.40155732790459203,ETTh2,raw,816,912,raw:816:0,low,low
1,0.24181467071233786,0.21721362062689437,0.49143119813975544,0.75,0.9338809273155658,0.9999999900000919,0.0,0.3168198298263292,0.561293642438522,ETTh2,raw,816,912,raw:816:1,low,mid
2,0.21930313808999036,0.11325560060744827,0.426743850137607,0.375,0.7934993561998731,0.9999999900000919,0.0,0.2531008629450152,0.3894997853999577,ETTh2,raw,816,912,raw:816:2,low,low
3,0.1897499725235018,0.21014413522455686,0.48467301864321616,0.875,0.9319367164927471,0.9999999900000919,0.0,0.2948557087970916,0.6023122388309158,ETTh2,raw,816,912,raw:816:3,low,high
4,0.9909786712015844,0.2832834436068156,0.31533954518654456,0.25,0.823882915887674,0.9999999900000919,0.0,0.5298672199983149,0.357960971962558,ETTh2,raw,816,912,raw:816:4,high,low
5,0.0,0.16825132838899962,0.6080053964161415,1.0,0.7998163619618822,0.9999999900000919,0.0,0.2587522416017137,0.5999387873206273,ETTh2,raw,816,912,raw:816:5,low,mid
6,0.34852468893907995,0.07371162092469159,0.48720746607925214,0.25,0.36978521065641806,0.9999999900000919,0.0,0.3031479253143412,0.20659507021880605,ETTh2,raw,816,912,raw:816:6,low,low
0,0.27426728767267305,0.11251668466956036,0.5402512040168673,0.25,0.7768574392445192,0.9999999900001362,0.0,0.30901172545303357,0.34228581308150635,ETTh2,raw,840,936,raw:840:0,low,low
1,0.4219736834614608,0.13925689568853825,0.43324710281585616,0.625,0.8379991036879944,0.9999999900001362,0.0,0.33149256065528504,0.4876663678959981,ETTh2,raw,840,936,raw:840:1,mid,mid
2,0.1663508118464876,0.14098253420166268,0.46212387062943383,0.25,0.758995692744938,0.9999999900001362,0.0,0.25648573889252807,0.336331897581646,ETTh2,raw,840,936,raw:840:2,low,low
3,0.2724601348050014,0.16331456707279415,0.4547194721837237,0.875,0.8483393941332922,0.9999999900001362,0.0,0.2968313913538398,0.5744464647110974,ETTh2,raw,840,936,raw:840:3,low,mid
4,0.5031443463069452,0.06546102050148889,0.5017496828268436,0.375,0.8652660217354787,0.9999999900001362,0.0,0.3567850165450926,0.4134220072451596,ETTh2,raw,840,936,raw:840:4,mid,low
5,0.0,0.29220986662859716,1.0,1.0,0.7676385865838647,0.9999999900001362,0.0,0.43073662220953235,0.5892128621946217,ETTh2,raw,840,936,raw:840:5,high,mid
6,0.34282586108182,0.06000879666856462,0.5880529984147426,0.25,0.38288009715712723,0.9999999900001362,0.0,0.33029588538837573,0.21096003238570907,ETTh2,raw,840,936,raw:840:6,mid,low
0,0.48580708508229375,0.14285562025076282,0.8285611238738821,0.25,0.7137548647304348,0.9999999900002888,0.0,0.48574127640231285,0.3212516215768116,ETTh2,raw,888,984,raw:888:0,high,low
1,0.2717122348040141,0.10658683012048226,0.5275839973835291,0.125,0.9175959740334046,0.9999999900002888,0.0,0.3019610207693418,0.34753199134446816,ETTh2,raw,888,984,raw:888:1,low,low
2,0.36486292751670535,0.10300430801829827,0.8113618408644738,0.375,0.6661325777861157,0.9999999900002888,0.0,0.4264096921331591,0.34704419259537184,ETTh2,raw,888,984,raw:888:2,high,low
3,0.043883166922010775,0.12286840338453556,0.5926903677172316,1.0,0.8019657252715028,0.9999999900002888,0.0,0.2531473126745926,0.6006552417571677,ETTh2,raw,888,984,raw:888:3,low,high
4,0.8840560487925001,0.2014570356472691,0.34841976099308347,0.25,0.8171916763746708,0.9999999900002888,0.0,0.4779776151442842,0.3557305587915569,ETTh2,raw,888,984,raw:888:4,high,low
5,0.0,0.2652502103199282,0.0,1.0,0.7051522677966304,0.9999999900002888,0.0,0.0884167367733094,0.5683840892655435,ETTh2,raw,888,984,raw:888:5,low,mid
6,0.19058730857512773,0.023619972108518707,0.2881326863655011,0.25,0.339160050264952,0.9999999900002888,0.0,0.16744665568304917,0.19638668342165067,ETTh2,raw,888,984,raw:888:6,low,low
0,0.948305045423111,0.20375004206487568,0.7101889530568823,0.125,0.8060372028529869,0.9999999900002015,0.0,0.6207480135149563,0.31034573428432893,ETTh2,raw,912,1008,raw:912:0,high,low
1,0.8036916086614986,0.31325062756921696,0.5186052886015889,0.25,0.7277761822130496,0.9999999900002015,0.0,0.5451825082774349,0.32592539407101656,ETTh2,raw,912,1008,raw:912:1,high,low
2,0.2434779575576268,0.03864417968836501,0.5155620007089196,0.25,0.5885889029639684,0.9999999900002015,0.0,0.2658947126516371,0.2795296343213228,ETTh2,raw,912,1008,raw:912:2,low,low
3,0.4044874832837021,0.15291520616038326,0.5402939703073646,0.5,0.835848342587422,0.9999999900002015,0.0,0.36589888658381664,0.44528278086247397,ETTh2,raw,912,1008,raw:912:3,mid,mid
4,0.8321335235287257,0.08988799074055553,0.38980006033897435,0.125,0.5724950605597653,0.9999999900002015,0.0,0.43727385820275183,0.23249835351992176,ETTh2,raw,912,1008,raw:912:4,high,low
5,0.0,0.2964399890533266,0.0,1.0,0.8158854559245534,0.9999999900002015,0.0,0.09881332968444219,0.6052951519748512,ETTh2,raw,912,1008,raw:912:5,low,high
6,0.17009767136369924,0.03115776332025169,0.46049640568211225,0.25,0.4045138018952099,0.9999999900002015,0.0,0.22058394678868773,0.2181712672984033,ETTh2,raw,912,1008,raw:912:6,low,low
0,0.9712787843886489,0.3017763469697262,0.37548795077955277,0.125,0.7118574700661406,0.9999999900001824,0.0,0.5495143607126426,0.27895249002204686,ETTh2,raw,960,1056,raw:960:0,high,low
1,0.7000159804301636,0.2701693708178613,0.30641362665629457,0.25,0.5953256006768192,0.9999999900001824,0.0,0.4255329926347731,0.28177520022560637,ETTh2,raw,960,1056,raw:960:1,high,low
2,0.4897663723883009,0.7061532165842521,0.33540384182933386,0.125,0.7709076838218465,0.9999999900001824,0.0,0.510441143600629,0.2986358946072822,ETTh2,raw,960,1056,raw:960:2,high,low
3,0.03730769788741084,0.29390362476902254,0.4419492802579417,0.625,0.8968268625709885,0.9999999900001824,0.0,0.25772020097145837,0.5072756208569962,ETTh2,raw,960,1056,raw:960:3,low,mid
4,0.1705646968951543,0.06587064239679769,0.2589116151219195,0.125,0.6070119705076473,0.9999999900001824,0.0,0.1651156514712905,0.24400399016921578,ETTh2,raw,960,1056,raw:960:4,low,low
5,0.0,0.11600647516955098,1.0,1.0,0.8397385822185142,0.9999999900001824,0.0,0.3720021583898503,0.6132461940728381,ETTh2,raw,960,1056,raw:960:5,mid,high
6,0.07313845813869657,0.011241577044327303,0.3102473629911874,0.25,0.42181074467914176,0.9999999900001824,0.0,0.13154246605807043,0.22393691489304723,ETTh2,raw,960,1056,raw:960:6,low,low
0,0.27357163284095876,0.39694100426308315,0.6091768650730242,0.125,0.7038650078489704,0.9999999900000919,0.0,0.42656316739235534,0.2762883359496568,ETTh2,raw,984,1080,raw:984:0,high,low
1,0.42569527561954046,0.2107451619340354,0.7466071895301338,0.25,0.7865554760619005,0.9999999900000919,0.0,0.4610158756945699,0.3455184920206335,ETTh2,raw,984,1080,raw:984:1,high,low
2,0.6147093232320588,0.3823909158320876,0.6938676650440312,0.125,0.725155210426461,0.9999999900000919,0.0,0.5636559680360592,0.2833850701421537,ETTh2,raw,984,1080,raw:984:2,high,low
3,0.18096978692836563,0.10524573258291339,0.4076802170503118,0.625,0.8737816456056139,0.9999999900000919,0.0,0.2312985788538636,0.499593881868538,ETTh2,raw,984,1080,raw:984:3,low,mid
4,0.12091615084211571,0.11503521139660336,0.05458899444511262,0.125,0.5652537633652208,0.9999999900000919,0.0,0.09684678556127724,0.23008458778840693,ETTh2,raw,984,1080,raw:984:4,low,low
5,0.0,0.09548944404563892,1.0,1.0,0.8412806572043152,0.9999999900000919,0.0,0.36516314801521293,0.6137602190681051,ETTh2,raw,984,1080,raw:984:5,mid,high
6,0.38653376981758614,0.02134587542930714,0.4939884912053079,0.25,0.35302257386567415,0.9999999900000919,0.0,0.3006227121507337,0.2010075246218914,ETTh2,raw,984,1080,raw:984:6,low,low
0,0.629382036571128,0.4359500711661468,0.5901125098600025,0.125,0.7573279405128408,0.9999999900000456,0.0,0.5518148725324258,0.29410931350428027,ETTh2,raw,1008,1104,raw:1008:0,high,low
1,0.26930041759770296,0.12140709718316609,0.3264078359463245,0.25,0.8280705147598186,0.9999999900000456,0.0,0.23903845024239787,0.35935683825327286,ETTh2,raw,1008,1104,raw:1008:1,low,low
2,0.5740666198170788,0.4369786873884328,0.538727217014581,0.125,0.7771333535351187,0.9999999900000456,0.0,0.5165908414066975,0.30071111784503957,ETTh2,raw,1008,1104,raw:1008:2,high,low
3,0.325698413323113,0.12079499711622216,0.2553949526378891,0.375,0.8790405319028695,0.9999999900000456,0.0,0.23396278769240808,0.4180135106342899,ETTh2,raw,1008,1104,raw:1008:3,low,mid
4,0.7013261601765752,0.11582791315578907,0.6552841367682055,0.125,0.5697746564669387,0.9999999900000456,0.0,0.49081273670018993,0.23159155215564622,ETTh2,raw,1008,1104,raw:1008:4,high,low
5,0.0,0.25008612830549304,0.5174839251855896,1.0,0.8826660278492728,0.9999999900000456,0.0,0.25585668449702753,0.6275553426164243,ETTh2,raw,1008,1104,raw:1008:5,low,high
6,0.3045130871933195,0.016611756410412574,0.42311896434307655,0.25,0.35272964282694164,0.9999999900000456,0.0,0.24808126931560284,0.20090988094231388,ETTh2,raw,1008,1104,raw:1008:6,low,low
0,0.8180410555273872,0.4362910207285824,0.4551154274489817,0.25,0.6999762234732199,0.9999999900000476,0.0,0.5698158345683171,0.31665874115773995,ETTh2,raw,1056,1152,raw:1056:0,high,low
1,0.7475463367186433,0.20495984914633256,0.5557503077102881,0.125,0.6357773977561452,0.9999999900000476,0.0,0.502752164525088,0.25359246591871504,ETTh2,raw,1056,1152,raw:1056:1,high,low
2,0.7731674112560962,0.4749059404331609,0.4474064558545372,0.25,0.7005324044037883,0.9999999900000476,0.0,0.5651599358479314,0.3168441348012628,ETTh2,raw,1056,1152,raw:1056:2,high,low
3,0.7125473848987811,0.186233266489851,0.5540673948327287,0.125,0.6300380883054231,0.9999999900000476,0.0,0.48428268207378694,0.25167936276847436,ETTh2,raw,1056,1152,raw:1056:3,high,low
4,0.501560933375083,0.0983323803309478,0.3097083220419629,0.125,0.5438408757919244,0.9999999900000476,0.0,0.3032005452493312,0.22294695859730815,ETTh2,raw,1056,1152,raw:1056:4,low,low
5,0.0,0.17375185816968078,0.5652222969723172,1.0,0.9157317447855522,0.9999999900000476,0.0,0.24632471838066597,0.6385772482618507,ETTh2,raw,1056,1152,raw:1056:5,low,high
6,0.24077352580841604,0.01266169872283708,0.24889791758261276,0.25,0.329301642704707,0.9999999900000476,0.0,0.16744438070462198,0.1931005475682357,ETTh2,raw,1056,1152,raw:1056:6,low,low
0,0.5946964135025279,0.40343595501395285,0.2792899506880079,0.0,0.703205344443602,0.9999999900000491,0.0,0.42580743973482954,0.2344017814812007,ETTh2,raw,1080,1176,raw:1080:0,high,low
1,0.6280243516299668,0.4374961480659685,0.4107450860752468,0.25,0.7267169871164596,0.9999999900000491,0.0,0.49208852859039404,0.3255723290388199,ETTh2,raw,1080,1176,raw:1080:1,high,low
2,0.559622130379274,0.4845026956337135,0.30100479830390586,0.0,0.70939993021768,0.9999999900000491,0.0,0.44837654143896444,0.23646664340589332,ETTh2,raw,1080,1176,raw:1080:2,high,low
3,0.6361801739405977,0.561335966153578,0.4843478017807207,0.0,0.7446192222170754,0.9999999900000491,0.0,0.5606213139582987,0.2482064074056918,ETTh2,raw,1080,1176,raw:1080:3,high,low
4,0.4418155645329295,0.078026612678265,0.5129245375377661,0.125,0.5864465620080775,0.9999999900000491,0.0,0.34425557158298686,0.2371488540026925,ETTh2,raw,1080,1176,raw:1080:4,mid,low
5,0.0,0.18971049754356822,0.5,1.0,0.9383309167387544,0.9999999900000491,0.0,0.22990349918118938,0.6461103055795848,ETTh2,raw,1080,1176,raw:1080:5,low,high
6,0.29559569960596743,0.04997346489584516,0.30527427813256325,0.25,0.3653962949615797,0.9999999900000491,0.0,0.21694781421145862,0.20513209832052656,ETTh2,raw,1080,1176,raw:1080:6,low,low
0,0.7287264762396979,0.32589952316505805,0.10712100660787177,0.625,0.9229860233257252,0.9999999900000344,0.0,0.38724900200420925,0.515995341108575,ETTh2,raw,1128,1224,raw:1128:0,mid,mid
1,0.8089639961991257,0.3273793609652223,0.10431486328273214,0.75,0.9589699613740217,0.9999999900000344,0.0,0.4135527401490267,0.5696566537913406,ETTh2,raw,1128,1224,raw:1128:1,mid,mid
2,0.7443932283514046,0.33937292777651507,0.1254610461953727,0.625,0.9016965119279146,0.9999999900000344,0.0,0.40307573410776415,0.5088988373093049,ETTh2,raw,1128,1224,raw:1128:2,mid,mid
3,0.8111760981558369,0.4183358528718723,0.14969375830785436,0.875,0.9667724363695566,0.9999999900000344,0.0,0.4597352364451879,0.6139241454565189,ETTh2,raw,1128,1224,raw:1128:3,high,high
4,0.034205785543281464,0.15415908428757635,0.4973695575912583,0.5,0.7476537829385711,0.9999999900000344,0.0,0.2285781424740387,0.415884594312857,ETTh2,raw,1128,1224,raw:1128:4,low,low
5,0.0,0.2135302696261478,0.5993631071244004,1.0,0.8517574695024083,0.9999999900000344,0.0,0.2709644589168494,0.617252489834136,ETTh2,raw,1128,1224,raw:1128:5,low,high
6,0.4030474761150895,0.5423260363017794,0.1445805553113344,0.25,0.7555778706346047,0.9999999900000344,0.0,0.36331802257606777,0.3351926235448682,ETTh2,raw,1128,1224,raw:1128:6,mid,low
0,0.46579135535473115,0.12933133646933442,0.827546566769523,0.5,0.8427782930717945,0.9999999900000774,0.0,0.47422308619786285,0.4475927643572648,ETTh2,raw,1152,1248,raw:1152:0,high,mid
1,0.5426458046349332,0.161998968391344,0.7503797368736417,0.625,0.9451785090143332,0.9999999900000774,0.0,0.4850081699666396,0.5233928363381111,ETTh2,raw,1152,1248,raw:1152:1,high,mid
2,0.3788554629126789,0.10243890989189733,0.8181934281876805,0.375,0.8265219978465366,0.9999999900000774,0.0,0.4331626003307522,0.4005073326155122,ETTh2,raw,1152,1248,raw:1152:2,high,low
3,0.37979415477789813,0.12693974929281315,0.7572116871474192,0.75,0.9613712981118459,0.9999999900000774,0.0,0.4213151970727102,0.5704570993706153,ETTh2,raw,1152,1248,raw:1152:3,mid,mid
4,0.9999999975818712,0.14528135597095845,0.15778865236544334,0.5,0.7782525868453132,0.9999999900000774,0.0,0.4343566686394243,0.4260841956151044,ETTh2,raw,1152,1248,raw:1152:4,high,mid
5,0.0,0.24923000396369918,0.41956930147104327,1.0,0.8162407913579731,0.9999999900000774,0.0,0.2229331018115808,0.6054135971193243,ETTh2,raw,1152,1248,raw:1152:5,low,high
6,0.4897953544842647,0.3270437466409565,0.006274786840916467,0.25,0.7374802899748095,0.9999999900000774,0.0,0.2743712959887125,0.32916009665826984,ETTh2,raw,1152,1248,raw:1152:6,low,low
0,0.37450090607167263,0.24066869433936788,0.4202344720969913,0.375,0.8142677409198007,0.9999999900001003,0.0,0.3451346908360106,0.3964225803066002,ETTh2,raw,1176,1272,raw:1176:0,mid,low
1,0.5440221810271202,0.40417053267309877,0.48027553025231956,0.75,0.9317127933061654,0.9999999900001003,0.0,0.4761560813175128,0.5605709311020551,ETTh2,raw,1176,1272,raw:1176:1,high,mid
2,0.41570484426202503,0.204268584359662,0.44859327447097463,0.375,0.7947370380885942,0.9999999900001003,0.0,0.3561889010308872,0.38991234602953134,ETTh2,raw,1176,1272,raw:1176:2,mid,low
3,0.49751738582453,0.43488181121605196,0.48977302982073573,0.75,0.9459760226239845,0.9999999900001003,0.0,0.4740574089537726,0.5653253408746615,ETTh2,raw,1176,1272,raw:1176:3,high,mid
4,0.826880216212732,0.1346537767797123,0.5133321201393701,0.625,0.8812548005410165,0.9999999900001003,0.0,0.4916220377106048,0.5020849335136721,ETTh2,raw,1176,1272,raw:1176:4,high,mid
5,0.0,0.49333908550985395,0.0,1.0,0.7682080161344781,0.9999999900001003,0.0,0.16444636183661798,0.5894026720448261,ETTh2,raw,1176,1272,raw:1176:5,low,mid
6,0.3482313327211942,0.24117392535453763,0.2195942498461598,0.25,0.7627906540161759,0.9999999900001003,0.0,0.2696665026406306,0.33759688467205856,ETTh2,raw,1176,1272,raw:1176:6,low,low
0,0.2141281141352025,0.0671927581040195,0.492534950347409,0.25,0.6157238561437082,2.436824406705133,0.23947073405173758,0.25795194086221035,0.3683981967318153,ETTh2,raw,1224,1320,raw:1224:0,low,low
1,0.33342170089026124,0.13929467511774127,0.6110158675697825,0.5,0.824829315358165,2.436824406705133,0.23947073405173758,0.361244081192595,0.5214333498033009,ETTh2,raw,1224,1320,raw:1224:1,mid,mid
2,0.22121731314951654,0.05805852775740603,0.514266067332195,0.25,0.5944572169071254,2.436824406705133,0.23947073405173758,0.26451396941303923,0.3613093169862876,ETTh2,raw,1224,1320,raw:1224:2,low,low
3,0.3448294848269794,0.13709126148989734,0.6160050935901723,0.5,0.8533481751743245,2.436824406705133,0.23947073405173758,0.36597527996901635,0.5309396364086872,ETTh2,raw,1224,1320,raw:1224:3,mid,mid
4,0.19790970673840969,0.21901689162585658,0.503094473013371,0.75,0.8635235321898715,2.436824406705133,0.23947073405173758,0.3066736904592124,0.6176647554138697,ETTh2,raw,1224,1320,raw:1224:4,low,high
5,0.0,0.0,0.0,0.0,-0.0,2.436824406705133,0.23947073405173758,0.0,0.07982357801724586,ETTh2,raw,1224,1320,raw:1224:5,low,low
6,0.41194291225998303,0.021584819340465765,0.7215787283086446,0.25,0.3925373260483059,2.436824406705133,0.23947073405173758,0.3850354866363645,0.29400268670001445,ETTh2,raw,1224,1320,raw:1224:6,mid,low
0,0.22723559410826266,0.09519815389560425,0.4226785326940977,0.125,0.5915466913181092,1.9616048562132116,0.1602674757684228,0.2483707602326549,0.29227138902884403,ETTh2,raw,1248,1344,raw:1248:0,low,low
1,0.20069303146895745,0.10662873261815464,0.47075218921752543,0.125,0.7321099659880492,1.9616048562132116,0.1602674757684228,0.2593579844348792,0.339125813918824,ETTh2,raw,1248,1344,raw:1248:1,low,low
2,0.24356292230701537,0.07834856586218072,0.4337207151657167,0.125,0.5594750618998915,1.9616048562132116,0.1602674757684228,0.2518774011116376,0.2815808458894381,ETTh2,raw,1248,1344,raw:1248:2,low,low
3,0.16272178803665893,0.10432713788625739,0.46757818626046266,0.125,0.7522712488334053,1.9616048562132116,0.1602674757684228,0.24487570406112633,0.3458462415339427,ETTh2,raw,1248,1344,raw:1248:3,low,low
4,0.825772241060425,0.3097246691569095,0.49996464912890093,0.25,0.8125868259455564,1.9616048562132116,0.1602674757684228,0.5451538531154118,0.4076181005713264,ETTh2,raw,1248,1344,raw:1248:4,high,low
5,0.0,0.0,0.0,0.0,-0.0,1.9616048562132116,0.1602674757684228,0.0,0.0534224919228076,ETTh2,raw,1248,1344,raw:1248:5,low,low
6,0.22900433148059474,0.020502486171315396,0.2832658718369119,0.25,0.362843242370665,1.9616048562132116,0.1602674757684228,0.17759089649627402,0.2577035727130293,ETTh2,raw,1248,1344,raw:1248:6,low,low
0,0.5236238080446812,0.21439855371812472,0.548404243693626,0.125,0.7936010380992744,1.9901789699580537,0.16502982805129257,0.4288088684854772,0.3612102887168556,ETTh2,raw,1296,1392,raw:1296:0,high,low
1,0.5869939309351935,0.29210253264576674,0.5556342536828048,0.625,0.9068521447392431,1.9901789699580537,0.16502982805129257,0.478243572421255,0.5656273242635118,ETTh2,raw,1296,1392,raw:1296:1,high,mid
2,0.4779958523365203,0.22177248587872614,0.5354782943941636,0.125,0.7814040391907874,1.9901789699580537,0.16502982805129257,0.41174887753647,0.35714462241402667,ETTh2,raw,1296,1392,raw:1296:2,mid,low
3,0.5041802684369345,0.33622181117132244,0.4672895026324965,0.625,0.9390586427739565,1.9901789699580537,0.16502982805129257,0.4358971940802512,0.5763628236084163,ETTh2,raw,1296,1392,raw:1296:3,high,mid
4,0.06083898782729591,0.09158234229412765,0.41662861321970585,0.125,0.618166790387769,1.9901789699580537,0.16502982805129257,0.18968331444704312,0.3027322061463538,ETTh2,raw,1296,1392,raw:1296:4,low,low
5,0.0,0.0,0.0,0.0,-0.0,1.9901789699580537,0.16502982805129257,0.0,0.05500994268376419,ETTh2,raw,1296,1392,raw:1296:5,low,low
6,0.6022902270531212,0.3289576461304472,0.025130678954418735,0.25,0.6388911125591096,1.9901789699580537,0.16502982805129257,0.3187928507126624,0.3513069802034674,ETTh2,raw,1296,1392,raw:1296:6,low,low
0,0.5058279276507212,0.15433363370436565,0.25200219582049777,0.25,0.8631820334855331,1.8438292796066653,0.14063821303338053,0.3040545857251949,0.41794008217297124,ETTh2,raw,1320,1416,raw:1320:0,low,mid
1,0.45376836826448885,0.17857162044075803,0.09926167588990165,0.625,0.9349839560486094,1.8438292796066653,0.14063821303338053,0.24386722153171617,0.5668740563606633,ETTh2,raw,1320,1416,raw:1320:1,low,mid
2,0.40855855199490376,0.14871545043083773,0.20668726838715956,0.25,0.8470940485955519,1.8438292796066653,0.14063821303338053,0.25465375693763365,0.41257742054297747,ETTh2,raw,1320,1416,raw:1320:2,low,low
3,0.4957080204133901,0.20134160514645638,0.07083268302921085,0.625,0.9345003201767131,1.8438292796066653,0.14063821303338053,0.25596076952968577,0.5667128444033646,ETTh2,raw,1320,1416,raw:1320:3,low,mid
4,0.05164640288192068,0.10303729832350932,0.36566047373125143,0.125,0.519297564352661,1.8438292796066653,0.14063821303338053,0.17344805831222718,0.2616452591286805,ETTh2,raw,1320,1416,raw:1320:4,low,low
5,0.0,0.0,0.0,0.0,-0.0,1.8438292796066653,0.14063821303338053,0.0,0.046879404344460175,ETTh2,raw,1320,1416,raw:1320:5,low,low
6,0.533110698725928,0.32073984561943764,0.13273853536635577,0.25,0.6687365033346413,1.8438292796066653,0.14063821303338053,0.3288630265705738,0.3531249054560073,ETTh2,raw,1320,1416,raw:1320:6,mid,low
0,0.7560199081409907,0.26857340354823794,0.6453879218586164,0.5,0.8275771755688328,2.0867884771503773,0.18113141255651052,0.556660411182615,0.5029028627084478,ETTh2,raw,1344,1440,raw:1344:0,high,mid
1,0.5999318153954917,0.19727474125525252,0.4903228778919076,0.5,0.9239570679467912,2.0867884771503773,0.18113141255651052,0.42917647818088395,0.5350294935011005,ETTh2,raw,1344,1440,raw:1344:1,high,mid
2,0.5300902134842875,0.28785139379427865,0.6116183262978349,0.625,0.8269983716516361,2.0867884771503773,0.18113141255651052,0.4765199778588003,0.5443765947360489,ETTh2,raw,1344,1440,raw:1344:2,high,mid
3,0.5590562583349198,0.1935181782890874,0.5051856766186543,0.625,0.9117590279993193,2.0867884771503773,0.18113141255651052,0.4192533710808872,0.5726301468519432,ETTh2,raw,1344,1440,raw:1344:3,mid,mid
4,0.15208430386169092,0.06548137524316616,0.2690209811617923,0.125,0.5540657779582364,2.0867884771503773,0.18113141255651052,0.16219555342221645,0.28673239683824897,ETTh2,raw,1344,1440,raw:1344:4,low,low
5,0.0,0.0,0.0,0.0,-0.0,2.0867884771503773,0.18113141255651052,0.0,0.06037713751883684,ETTh2,raw,1344,1440,raw:1344:5,low,low
6,0.4699439200206419,0.5447278226234266,0.3876078587169896,0.25,0.6478583046325497,2.0867884771503773,0.18113141255651052,0.4674265337870193,0.35966323906302006,ETTh2,raw,1344,1440,raw:1344:6,high,low
0,0.9424642219470686,0.1835609063650106,0.4878383397563346,0.875,0.9213920118006388,1.5147823307198411,0.08579705497697843,0.537954489356138,0.627396355592539,ETTh2,raw,1392,1488,raw:1392:0,high,high
1,0.9999999982797075,0.16843190720234702,0.2654818832404313,1.0,0.8595359992269299,1.5147823307198411,0.08579705497697843,0.4779712629074953,0.6484443514013027,ETTh2,raw,1392,1488,raw:1392:1,high,high
2,0.9869738172285478,0.16371320944248072,0.38794558436675614,0.75,0.9018097868012275,1.5147823307198411,0.08579705497697843,0.5128775370125949,0.5792022805927353,ETTh2,raw,1392,1488,raw:1392:2,high,mid
3,0.9953634943849493,0.24207514588445872,0.20638835962420246,1.0,0.8778490195104716,1.5147823307198411,0.08579705497697843,0.48127566663120347,0.6545486914958166,ETTh2,raw,1392,1488,raw:1392:3,high,high
4,0.9999999969258352,0.33535376776790377,0.3277937954092076,0.125,0.7427654744451437,1.5147823307198411,0.08579705497697843,0.5543825200343155,0.31785417647404074,ETTh2,raw,1392,1488,raw:1392:4,high,low
5,0.0,0.0,0.0,0.0,-0.0,1.5147823307198411,0.08579705497697843,0.0,0.028599018325659475,ETTh2,raw,1392,1488,raw:1392:5,low,low
6,0.9854558572616072,0.30891739349937714,0.03001750771483374,0.125,0.4621357900173325,1.5147823307198411,0.08579705497697843,0.44146358615860604,0.22431094833143697,ETTh2,raw,1392,1488,raw:1392:6,high,low
0,0.9436101675043123,0.13608392552606502,0.276190681446456,0.5,0.8308323504476899,1.9292297078708556,0.15487161772035657,0.4519615914922778,0.4952346560560155,ETTh2,raw,1416,1512,raw:1416:0,high,mid
1,0.9999999958381817,0.19504479956460413,0.2237407708905604,0.875,0.9380083735487269,1.9292297078708556,0.15487161772035657,0.4729285220977821,0.6559599970896945,ETTh2,raw,1416,1512,raw:1416:1,high,high
2,0.9474762268141926,0.1518173472760797,0.6813491776950912,0.5,0.8611756006122027,1.9292297078708556,0.15487161772035657,0.5935475839284545,0.5053490727775197,ETTh2,raw,1416,1512,raw:1416:2,high,mid
3,0.9999999968679466,0.2068240382838777,0.16114655598248565,0.875,0.9551219608716301,1.9292297078708556,0.15487161772035657,0.45599019704476995,0.661664526197329,ETTh2,raw,1416,1512,raw:1416:3,high,high
4,0.9916483642322008,0.4718952203633983,0.00018344529744167688,0.25,0.9074023568739216,1.9292297078708556,0.15487161772035657,0.4879090099643469,0.43742465819809273,ETTh2,raw,1416,1512,raw:1416:4,high,mid
5,0.0,0.0,0.0,0.0,-0.0,1.9292297078708556,0.15487161772035657,0.0,0.05162387257345219,ETTh2,raw,1416,1512,raw:1416:5,low,low
6,0.9838962580168977,0.45954475947180096,0.5582036805462482,0.25,0.5920047793702945,1.9292297078708556,0.15487161772035657,0.6672148993449823,0.3322921323635504,ETTh2,raw,1416,1512,raw:1416:6,high,low
0,0.9516287161239437,0.22668828304557437,0.4015207171924516,0.125,0.705479106057021,1.9852162275597371,0.16420270431961836,0.5266125721206566,0.3315606034588798,ETTh2,raw,1464,1560,raw:1464:0,high,low
1,0.9999999949453292,0.18488850668284473,0.5224949540576402,0.5,0.7895584652373822,1.9852162275597371,0.16420270431961836,0.5691278185619381,0.4845870565190002,ETTh2,raw,1464,1560,raw:1464:1,high,mid
2,0.9661969431087526,0.22230888986336467,0.6529421083316178,0.125,0.6538971237069983,1.9852162275597371,0.16420270431961836,0.6138159804345783,0.31436660934220556,ETTh2,raw,1464,1560,raw:1464:2,high,low
3,0.9999999958415333,0.1566542988395651,0.7355947881208718,0.625,0.7740067064108912,1.9852162275597371,0.16420270431961836,0.6307496942673234,0.5210698035768365,ETTh2,raw,1464,1560,raw:1464:3,high,mid
4,0.9862738649623617,0.33728990381159485,0.8791696468669276,0.25,0.8584335180395214,1.9852162275597371,0.16420270431961836,0.7342444718802947,0.42421207411971323,ETTh2,raw,1464,1560,raw:1464:4,high,mid
5,0.0,0.0,0.0,0.0,-0.0,1.9852162275597371,0.16420270431961836,0.0,0.054734234773206124,ETTh2,raw,1464,1560,raw:1464:5,low,low
6,0.9903594891624614,0.3051544614145494,0.1957055406669286,0.25,0.6094723948004608,1.9852162275597371,0.16420270431961836,0.4970731637479798,0.3412250330400264,ETTh2,raw,1464,1560,raw:1464:6,high,low
0,0.47835957253865946,0.3811660585685912,0.49949253917527925,0.375,0.8208066652975712,2.0967441645953375,0.18279069379457177,0.4530060567608433,0.4595324530307143,ETTh2,raw,1488,1584,raw:1488:0,high,mid
1,0.29516514677654626,0.3374125015375283,0.5279215307465482,1.0,0.8998015311592231,2.0967441645953375,0.18279069379457177,0.3868330596868743,0.6941974083179315,ETTh2,raw,1488,1584,raw:1488:1,mid,high
2,0.3154096869852281,0.3232489500693291,0.465565724221532,0.25,0.7687056987320822,2.0967441645953375,0.18279069379457177,0.36807478709202973,0.4004987975088847,ETTh2,raw,1488,1584,raw:1488:2,mid,low
3,0.22808976037398676,0.2510209270930597,0.5181002570339337,0.75,0.8873866240258904,2.0967441645953375,0.18279069379457177,0.33240364816699336,0.6067257726068207,ETTh2,raw,1488,1584,raw:1488:3,mid,high
4,0.08666705987163159,0.09582992200512794,0.38990033640993615,0.375,0.7062061085312767,2.0967441645953375,0.18279069379457177,0.19079910609556525,0.4213322674419495,ETTh2,raw,1488,1584,raw:1488:4,low,mid
5,0.0,0.0,0.0,0.0,-0.0,2.0967441645953375,0.18279069379457177,0.0,0.060930231264857256,ETTh2,raw,1488,1584,raw:1488:5,low,low
6,0.26728464348995407,0.04458185319782887,0.3118361701196982,0.25,0.3467265219189212,2.0967441645953375,0.18279069379457177,0.20790088893582706,0.2598390719044977,ETTh2,raw,1488,1584,raw:1488:6,low,low
0,0.22105666214767106,0.23226697184765505,0.4827060903992932,0.25,0.8408000158867573,0.9999999900005762,0.0,0.3120099081315398,0.36360000529558584,ETTh2,raw,1512,1608,raw:1512:0,low,low
1,0.26217917586099915,0.27211418457842806,0.5011530874150006,1.0,0.9033536077409393,0.9999999900005762,0.0,0.34514881595147595,0.6344512025803132,ETTh2,raw,1512,1608,raw:1512:1,mid,high
2,0.14833597073794602,0.21351342174916302,0.508450701870533,0.125,0.7978611014428333,0.9999999900005762,0.0,0.2901000314525473,0.3076203671476111,ETTh2,raw,1512,1608,raw:1512:2,low,low
3,0.2633490696290648,0.2643663805790326,0.423827196151939,0.625,0.9057660088308244,0.9999999900005762,0.0,0.3171808821200121,0.5102553362769414,ETTh2,raw,1512,1608,raw:1512:3,low,mid
4,0.5495853729481023,0.12366178076721193,0.6261413599591544,0.375,0.6642275943919767,0.9999999900005762,0.0,0.43312950455815624,0.3464091981306589,ETTh2,raw,1512,1608,raw:1512:4,high,low
5,0.0,0.4775187525845519,0.0,0.5,0.7295499850251572,0.9999999900005762,0.0,0.15917291752818397,0.40984999500838576,ETTh2,raw,1512,1608,raw:1512:5,low,low
6,0.33607821798322646,0.038860114874021655,0.2636156951645188,0.25,0.3229046343463851,0.9999999900005762,0.0,0.21285134267392233,0.19096821144879503,ETTh2,raw,1512,1608,raw:1512:6,low,low
0,0.645540421866245,0.16385034728081257,0.7352083850903958,0.625,0.9068747849432283,0.999999990000225,0.0,0.5148663847458178,0.5106249283144094,ETTh2,raw,1560,1656,raw:1560:0,high,mid
1,0.412944988713276,0.2319855137899624,0.572256842771811,0.875,0.8647547186964006,0.999999990000225,0.0,0.40572911509168313,0.5799182395654668,ETTh2,raw,1560,1656,raw:1560:1,mid,mid
2,0.5711634049461172,0.13363514279355238,0.6868885503383508,0.625,0.9077879491172948,0.999999990000225,0.0,0.46389569935934016,0.5109293163724317,ETTh2,raw,1560,1656,raw:1560:2,high,mid
3,0.300774964343679,0.27979468508571226,0.3083309927618222,0.875,0.8598066403108857,0.999999990000225,0.0,0.2963002140637378,0.5782688801036285,ETTh2,raw,1560,1656,raw:1560:3,low,mid
4,0.5963859362851682,0.1576473204230405,0.5549746411792416,0.375,0.8372479867099794,0.999999990000225,0.0,0.4363359659624835,0.4040826622366598,ETTh2,raw,1560,1656,raw:1560:4,high,low
5,0.0,0.0001491579802335108,0.0,1.0,0.7224910118255368,0.999999990000225,0.0,4.97193267445036e-05,0.5741636706085123,ETTh2,raw,1560,1656,raw:1560:5,low,mid
6,0.6123987043862668,0.4059553245844634,0.12541601052042037,0.25,0.6703345631984697,0.999999990000225,0.0,0.3812566798303835,0.3067781877328232,ETTh2,raw,1560,1656,raw:1560:6,mid,low
0,0.23235056673941046,0.12138430070264865,0.37284038590270246,0.25,0.8583942880510296,0.9999999900001022,0.0,0.24219175111492053,0.3694647626836765,ETTh2,raw,1584,1680,raw:1584:0,low,low
1,0.2855645659351682,0.22249461792284092,0.5206487568608609,1.0,0.9290786081335886,0.9999999900001022,0.0,0.34290264690628997,0.6430262027111961,ETTh2,raw,1584,1680,raw:1584:1,mid,high
2,0.22024562345271348,0.1323164681393605,0.3437558759338337,0.25,0.8532849323613101,0.9999999900001022,0.0,0.23210598917530256,0.3677616441204367,ETTh2,raw,1584,1680,raw:1584:2,low,low
3,0.39924968834917285,0.23784880632471875,0.42618237380635915,1.0,0.9082516220629414,0.9999999900001022,0.0,0.3544269561600835,0.6360838740209805,ETTh2,raw,1584,1680,raw:1584:3,mid,high
4,0.8981572999764695,0.15272087257379074,0.18337952100740354,0.625,0.8180218539364404,0.9999999900001022,0.0,0.41141923118588797,0.4810072846454802,ETTh2,raw,1584,1680,raw:1584:4,mid,mid
5,0.0,0.27928720701008763,0.0,1.0,0.8147279147325279,0.9999999900001022,0.0,0.09309573567002921,0.6049093049108426,ETTh2,raw,1584,1680,raw:1584:5,low,high
6,0.2374922625415915,0.3881777499845409,0.004391577222985149,0.25,0.6795114884587787,0.9999999900001022,0.0,0.21002052991637252,0.3098371628195929,ETTh2,raw,1584,1680,raw:1584:6,low,low
0,0.4879489213603798,0.18905623711565617,0.7459538091740281,0.375,0.7950521142917857,0.9999999900000556,0.0,0.4743196558833547,0.3900173714305952,ETTh2,raw,1632,1728,raw:1632:0,high,low
1,0.5873896327325508,0.36585483455246226,0.5239253547634118,1.0,0.9210541714578235,0.9999999900000556,0.0,0.4923899406828083,0.6403513904859411,ETTh2,raw,1632,1728,raw:1632:1,high,high
2,0.5003958440800139,0.15964163999768222,0.7611490067075087,0.5,0.7532480760246344,0.9999999900000556,0.0,0.473728830261735,0.4177493586748781,ETTh2,raw,1632,1728,raw:1632:2,high,mid
3,0.6165393446588463,0.44486724961908664,0.5004229402364861,0.875,0.9284756660348134,0.9999999900000556,0.0,0.5206098448381397,0.6011585553449378,ETTh2,raw,1632,1728,raw:1632:3,high,high
4,0.6360353088764448,0.08258835618349719,0.40696901819608217,0.25,0.6815503586470927,0.9999999900000556,0.0,0.37519756108534136,0.31051678621569756,ETTh2,raw,1632,1728,raw:1632:4,mid,low
5,0.0,0.195542059175535,0.28190229158161917,1.0,0.7806477327302509,0.9999999900000556,0.0,0.1591481169190514,0.5935492442434169,ETTh2,raw,1632,1728,raw:1632:5,low,mid
6,0.5584891293985774,0.12533029761817138,0.868197650105139,0.25,0.5143322953007043,0.9999999900000556,0.0,0.517339025707296,0.25477743176690143,ETTh2,raw,1632,1728,raw:1632:6,high,low
0,0.5881105430466468,0.4016525707377347,0.7042488233042011,0.625,0.9345086764309597,0.9999999900000426,0.0,0.5646706456961942,0.5198362254769866,ETTh2,raw,1656,1752,raw:1656:0,high,mid
1,0.46346040572516034,0.13731645748225488,0.31106927872679574,0.875,0.8949174385099109,0.9999999900000426,0.0,0.30394871397807033,0.5899724795033037,ETTh2,raw,1656,1752,raw:1656:1,low,mid
2,0.45038668383208913,0.3118419377862526,0.9036928507575971,0.5,0.9105131906397665,0.9999999900000426,0.0,0.5553071574586462,0.47017106354658883,ETTh2,raw,1656,1752,raw:1656:2,high,mid
3,0.2550049719551206,0.14253028499959472,0.3412229652693357,0.75,0.8790240648900137,0.9999999900000426,0.0,0.24625274074135037,0.5430080216300045,ETTh2,raw,1656,1752,raw:1656:3,low,mid
4,0.22766851578138492,0.10270818990063203,0.30066516061651516,0.25,0.6537448832457947,0.9999999900000426,0.0,0.21034728876617736,0.3012482944152649,ETTh2,raw,1656,1752,raw:1656:4,low,low
5,0.0,0.1493866181995348,0.5309492479994653,0.875,0.7713554452748355,0.9999999900000426,0.0,0.22677862206633337,0.5487851484249452,ETTh2,raw,1656,1752,raw:1656:5,low,mid
6,0.7884351119793722,0.4175879982625641,0.0734588621719674,0.25,0.6739530547420854,0.9999999900000426,0.0,0.42649399080463457,0.30798435158069515,ETTh2,raw,1656,1752,raw:1656:6,high,low
0,0.4530068874079618,0.2308100995211386,0.43580813677555164,0.625,0.8956282218303342,0.9999999900000429,0.0,0.3732083745682173,0.5068760739434447,ETTh2,raw,1704,1800,raw:1704:0,mid,mid
1,0.2913755682638641,0.18990518562074554,0.41545460985095195,0.625,0.9559679113653741,0.9999999900000429,0.0,0.29891178791185385,0.526989303788458,ETTh2,raw,1704,1800,raw:1704:1,low,mid
2,0.3946861103641087,0.16719630595450968,0.37222383560799965,0.625,0.8692260981943516,0.9999999900000429,0.0,0.31136875064220604,0.49807536606478386,ETTh2,raw,1704,1800,raw:1704:2,low,mid
3,0.47646380649523457,0.22551867248261992,0.49538807743837815,0.625,0.9743019383909705,0.9999999900000429,0.0,0.3991235188054109,0.5331006461303235,ETTh2,raw,1704,1800,raw:1704:3,mid,mid
4,0.26626077175997376,0.0948337625975984,0.46967507223528554,0.25,0.738859870815724,0.9999999900000429,0.0,0.27692320219761923,0.32961995693857465,ETTh2,raw,1704,1800,raw:1704:4,low,low
5,0.0,0.25039002727272763,0.43596224829680535,0.75,0.8443671109243245,0.9999999900000429,0.0,0.22878409185651102,0.5314557036414415,ETTh2,raw,1704,1800,raw:1704:5,low,mid
6,0.814339261838057,0.4935532426587714,0.4016416558319933,0.25,0.7053236703705396,0.9999999900000429,0.0,0.5698447201096072,0.3184412234568465,ETTh2,raw,1704,1800,raw:1704:6,high,low
0,0.23551985725529734,0.36736283381849655,0.6408386637030371,0.625,0.8917680167650831,0.9999999900000344,0.0,0.4145737849256103,0.5055893389216943,ETTh2,raw,1728,1824,raw:1728:0,mid,mid
1,0.339441954335422,0.35791968176978706,0.47981426637993974,1.0,0.9416730737453384,0.9999999900000344,0.0,0.3923919674950496,0.6472243579151128,ETTh2,raw,1728,1824,raw:1728:1,mid,high
2,0.06001919664825406,0.29876053102147043,0.6592231709140308,0.625,0.8968106712106547,0.9999999900000344,0.0,0.33933429952791844,0.5072702237368849,ETTh2,raw,1728,1824,raw:1728:2,mid,mid
3,0.5172049310482421,0.2869413398938551,0.402327269023365,1.0,0.9314152036842431,0.9999999900000344,0.0,0.4021578466551541,0.6438050678947477,ETTh2,raw,1728,1824,raw:1728:3,mid,high
4,0.14858413144156457,0.10855725189728017,0.9369635676945777,0.5,0.6829352349287793,0.9999999900000344,0.0,0.3980349836778075,0.3943117449762597,ETTh2,raw,1728,1824,raw:1728:4,mid,low
5,0.0,0.310110400464589,1.0,1.0,0.8310447819142965,0.9999999900000344,0.0,0.43670346682152966,0.6103482606380989,ETTh2,raw,1728,1824,raw:1728:5,high,high
6,0.20389528802997958,0.01681987185096577,0.48151066136095566,0.25,0.7350848744780838,0.9999999900000344,0.0,0.23407527374730033,0.32836162482602793,ETTh2,raw,1728,1824,raw:1728:6,low,low
0,0.5501343164898643,0.2207956864166028,0.6140553385995156,0.75,0.8913880172068527,0.9999999900000405,0.0,0.46166178050199425,0.5471293390689509,ETTh2,raw,1752,1848,raw:1752:0,high,mid
1,0.5866715263648024,0.1999720072094513,0.5093040454384666,1.0,0.8418308279774877,0.9999999900000405,0.0,0.43198252633757345,0.6139436093258293,ETTh2,raw,1752,1848,raw:1752:1,high,high
2,0.5720891902093715,0.2366746938516047,0.6114300195233988,0.75,0.917666950582675,0.9999999900000405,0.0,0.4733979678614584,0.5558889835275583,ETTh2,raw,1752,1848,raw:1752:2,high,mid
3,0.5147374759107513,0.13410069055140678,0.34715523649226865,1.0,0.8796606118795811,0.9999999900000405,0.0,0.3319978009848089,0.6265535372931937,ETTh2,raw,1752,1848,raw:1752:3,mid,high
4,0.23295347770158514,0.09252653485286563,0.5896112992198108,0.5,0.7034879941066015,0.9999999900000405,0.0,0.3050304372580872,0.40116266470220047,ETTh2,raw,1752,1848,raw:1752:4,low,low
5,0.0,0.20322959274156455,1.0,1.0,0.8662476286720077,0.9999999900000405,0.0,0.40107653091385487,0.6220825428906692,ETTh2,raw,1752,1848,raw:1752:5,mid,high
6,0.6278737560296107,0.6041904226089017,0.21935812070538727,0.25,0.6692635334260317,0.9999999900000405,0.0,0.48380743311463315,0.3064211778086772,ETTh2,raw,1752,1848,raw:1752:6,high,low
0,0.36471495530681086,0.31509299971282534,0.4085403655122656,0.75,0.8929903136044938,0.9999999900000478,0.0,0.3627827735106339,0.5476634378681645,ETTh2,raw,1800,1896,raw:1800:0,mid,mid
1,0.3693955926250847,0.3341963801444066,0.5061978590395853,1.0,0.8867228609409035,0.9999999900000478,0.0,0.4032632772696922,0.6289076203136345,ETTh2,raw,1800,1896,raw:1800:1,mid,high
2,0.5613067658741546,0.2773197047730248,0.3489715531613783,0.75,0.8653595816783112,0.9999999900000478,0.0,0.3958660079361859,0.5384531938927704,ETTh2,raw,1800,1896,raw:1800:2,mid,mid
3,0.3141355907728556,0.2961395465865665,0.5013372405709449,1.0,0.9276763231160954,0.9999999900000478,0.0,0.37053745931012233,0.6425587743720318,ETTh2,raw,1800,1896,raw:1800:3,mid,high
4,0.48672995108801886,0.12212833609905609,0.015410226389863928,0.5,0.7162936292744397,0.9999999900000478,0.0,0.20808950452564626,0.40543120975814656,ETTh2,raw,1800,1896,raw:1800:4,low,low
5,0.0,0.3043349942300032,0.0,1.0,0.8980881688478127,0.9999999900000478,0.0,0.10144499807666774,0.6326960562826042,ETTh2,raw,1800,1896,raw:1800:5,low,high
6,0.44930227352995644,0.14066853376766966,0.10344883946381118,0.0,0.39740776428279945,0.9999999900000478,0.0,0.23113988225381243,0.13246925476093316,ETTh2,raw,1800,1896,raw:1800:6,low,low
0,0.30780921115177495,0.2534577205620689,0.724000261649176,0.75,0.8722228615174484,0.9999999900000266,0.0,0.4284223977876733,0.5407409538391494,ETTh2,raw,1824,1920,raw:1824:0,high,mid
1,0.2727321468387166,0.1837309064940583,0.6862100199927442,1.0,0.8813023404249417,0.9999999900000266,0.0,0.38089102444183975,0.6271007801416473,ETTh2,raw,1824,1920,raw:1824:1,mid,high
2,0.14537676265809896,0.19870218921122312,0.4818226940090012,0.5,0.7968726294728556,0.9999999900000266,0.0,0.27530054862610776,0.4322908764909519,ETTh2,raw,1824,1920,raw:1824:2,low,mid
3,0.18178118991712255,0.1180644709171878,0.6554656214910201,1.0,0.9322612875326495,0.9999999900000266,0.0,0.3184370941084435,0.6440870958442165,ETTh2,raw,1824,1920,raw:1824:3,low,high
4,0.8563848692809156,0.12433848994717785,0.3549388434282131,0.375,0.7182193802256396,0.9999999900000266,0.0,0.44522073421876884,0.3644064600752132,ETTh2,raw,1824,1920,raw:1824:4,high,low
5,0.0,0.3180042713126359,0.3952821682711598,0.875,0.8941618984387549,0.9999999900000266,0.0,0.2377621465279319,0.5897206328129183,ETTh2,raw,1824,1920,raw:1824:5,low,mid
6,0.8478241585120053,0.60317931669023,0.009751838343180374,0.25,0.8386172114056626,0.9999999900000266,0.0,0.4869184378484719,0.3628724038018875,ETTh2,raw,1824,1920,raw:1824:6,high,low
0,0.21786143126024815,0.10851841889997803,0.5266872974341383,0.5,0.758562612093241,2.822243081989572,0.3037071798254167,0.2843557158647882,0.5207565973062193,ETTh2,raw,1872,1968,raw:1872:0,low,mid
1,0.42207303907787075,0.13382264542312317,0.5109043437816394,1.0,0.846170583766171,2.822243081989572,0.3037071798254167,0.35560000942754444,0.7166259211971959,ETTh2,raw,1872,1968,raw:1872:1,mid,high
2,0.22473744182651034,0.0898411360646352,0.4135857921217125,0.375,0.698052663406909,2.822243081989572,0.3037071798254167,0.24272145667095266,0.4589199477441086,ETTh2,raw,1872,1968,raw:1872:2,low,mid
3,0.36413098832634916,0.15971142905363062,0.4149182530441195,1.0,0.8651807515564074,2.822243081989572,0.3037071798254167,0.3129202234746998,0.7229626437939413,ETTh2,raw,1872,1968,raw:1872:3,low,high
4,0.2636848268919495,0.10756808361422243,0.2916346071563668,0.25,0.7347588868061257,2.822243081989572,0.3037071798254167,0.2209625058875129,0.4294886888771808,ETTh2,raw,1872,1968,raw:1872:4,low,mid
5,0.9999999985690742,0.15028424389242973,0.24718318003219197,0.375,0.8303637445051123,2.822243081989572,0.3037071798254167,0.4658224741645653,0.5030236414435098,ETTh2,raw,1872,1968,raw:1872:5,high,mid
6,0.23275992071990292,0.02066833086313667,0.2579930714527766,0.25,0.31822446070676974,2.822243081989572,0.3037071798254167,0.17047377434527208,0.29064388017739545,ETTh2,raw,1872,1968,raw:1872:6,low,low
0,0.1845206862985853,0.12610388675323472,0.46700769294849387,0.75,0.7918088222118683,3.2207165509172317,0.37011942453600627,0.25921075533343796,0.6373094155826249,ETTh2,raw,1896,1992,raw:1896:0,low,high
1,0.14095550180142835,0.06327070845953099,0.5215789482383735,1.0,0.8342071025918869,3.2207165509172317,0.37011942453600627,0.24193505283311093,0.7347755090426311,ETTh2,raw,1896,1992,raw:1896:1,low,high
2,0.2145368062587415,0.11176561387063637,0.3610190531685371,0.625,0.7436909878938255,3.2207165509172317,0.37011942453600627,0.22910715776597165,0.5796034708099439,ETTh2,raw,1896,1992,raw:1896:2,low,mid
3,0.17860498608505304,0.09258589571811093,0.4213546058569454,1.0,0.8241801450121655,3.2207165509172317,0.37011942453600627,0.23084849588670311,0.7314331898493905,ETTh2,raw,1896,1992,raw:1896:3,low,high
4,0.3072718914522867,0.05073422658283678,0.3340205521086052,0.375,0.6261271154080634,3.2207165509172317,0.37011942453600627,0.23067555671457626,0.45708217998135653,ETTh2,raw,1896,1992,raw:1896:4,low,mid
5,0.829483114752668,0.09952956348361688,0.97318042348338,0.25,0.7496891079458498,3.2207165509172317,0.37011942453600627,0.6340643672398882,0.4566028441606187,ETTh2,raw,1896,1992,raw:1896:5,high,mid
6,0.3725712713413415,0.022965798861315792,0.23305483602437607,0.25,0.30872759514771203,3.2207165509172317,0.37011942453600627,0.2095306354090111,0.30961567322790606,ETTh2,raw,1896,1992,raw:1896:6,low,low
0,0.18370195461137817,0.084546225985025,0.5287656777066707,0.5,0.773765169612557,3.032032475983092,0.33867207876606187,0.26567128610102464,0.5374790827928729,ETTh2,raw,1920,2016,raw:1920:0,low,mid
1,0.07993240124591405,0.16421213630272286,0.49848121170077836,1.0,0.8391932466539332,3.032032475983092,0.33867207876606187,0.24754191641647175,0.7259551084733317,ETTh2,raw,1920,2016,raw:1920:1,low,high
2,0.07042237562537113,0.08766258732939258,0.5050211833006654,0.375,0.6972842762058677,3.032032475983092,0.33867207876606187,0.22103538208514303,0.4703187849906432,ETTh2,raw,1920,2016,raw:1920:2,low,mid
3,0.21560224064235112,0.2213345385999137,0.5951937042561918,1.0,0.8630295690073848,3.032032475983092,0.33867207876606187,0.3440434944994855,0.7339005492578156,ETTh2,raw,1920,2016,raw:1920:3,mid,high
4,0.13483575579629514,0.07677859620257178,0.28930510012230226,0.25,0.6236094757042627,3.032032475983092,0.33867207876606187,0.1669731507070564,0.40409385149010824,ETTh2,raw,1920,2016,raw:1920:4,low,low
5,0.43411985075615045,0.10976965678318638,0.1337121670699476,0.125,0.6310336497721344,3.032032475983092,0.33867207876606187,0.2258672248697615,0.3649019095127321,ETTh2,raw,1920,2016,raw:1920:5,low,low
6,0.28510433443965666,0.030420288381276597,0.20619965422789455,0.25,0.3865216391846245,3.032032475983092,0.33867207876606187,0.17390809234960924,0.32506457265022876,ETTh2,raw,1920,2016,raw:1920:6,low,low
0,0.3845234229501183,0.15431690547819427,0.5165409172606341,0.5,0.7838527522570488,2.7205689047508943,0.28676148364721327,0.35179374856298223,0.523538078634754,ETTh2,raw,1968,2064,raw:1968:0,mid,mid
1,0.42004520886230523,0.15589993614045472,0.5823207831231081,0.875,0.7998464631817663,2.7205689047508943,0.28676148364721327,0.3860886427086227,0.6538693156096599,ETTh2,raw,1968,2064,raw:1968:1,mid,high
2,0.26159479349746095,0.12485348979100483,0.4559893762805051,0.25,0.6702095222007763,2.7205689047508943,0.28676148364721327,0.280812553189657,0.40232366861599655,ETTh2,raw,1968,2064,raw:1968:2,low,low
3,0.4610281405735578,0.1577600443156169,0.534149543341863,0.625,0.8133709289721779,2.7205689047508943,0.28676148364721327,0.3843125760770126,0.575044137539797,ETTh2,raw,1968,2064,raw:1968:3,mid,mid
4,0.30024604453270065,0.10447081203933037,0.6009543354502686,0.375,0.6354496334581596,2.7205689047508943,0.28676148364721327,0.3352237306740999,0.43240370570179093,ETTh2,raw,1968,2064,raw:1968:4,mid,mid
5,0.30686561022274206,0.21144688751801471,0.5073053019652473,0.25,0.6965575493297953,2.7205689047508943,0.28676148364721327,0.34187259990200136,0.4111063443256695,ETTh2,raw,1968,2064,raw:1968:5,mid,low
6,0.4513263872359148,0.04565193846947825,0.6386998559205797,0.25,0.3581456956258255,2.7205689047508943,0.28676148364721327,0.3785593938753242,0.2983023930910129,ETTh2,raw,1968,2064,raw:1968:6,mid,low
0,0.2850382043427462,0.16114675222328667,0.6224160552969111,0.375,0.744632326051393,2.6932831512837043,0.2822138580769276,0.35620033728764805,0.46728206137610684,ETTh2,raw,1992,2088,raw:1992:0,mid,mid
1,0.39755790624041276,0.22379949825903633,0.5646171437725114,0.75,0.91917188177834,2.6932831512837043,0.2822138580769276,0.3953248494239869,0.6504619132850892,ETTh2,raw,1992,2088,raw:1992:1,mid,high
2,0.07091230333353715,0.13849007061729968,0.5668275674097226,0.375,0.6708364407720511,2.6932831512837043,0.2822138580769276,0.25874331378685317,0.44268343294965956,ETTh2,raw,1992,2088,raw:1992:2,low,mid
3,0.23389537825653717,0.15527750109447452,0.49823010836458237,0.75,0.9296828125694284,2.6932831512837043,0.2822138580769276,0.295800995905198,0.6539655568821187,ETTh2,raw,1992,2088,raw:1992:3,low,high
4,0.5856921320766719,0.10755715633145545,0.4556900677854262,0.25,0.6906931236954458,2.6932831512837043,0.2822138580769276,0.3829797853978512,0.40763566059079115,ETTh2,raw,1992,2088,raw:1992:4,mid,low
5,0.9044030728589202,0.2292022465390207,0.7204728761819963,0.25,0.7559374106189909,2.6932831512837043,0.2822138580769276,0.6180260651933124,0.42938375623197284,ETTh2,raw,1992,2088,raw:1992:5,high,mid
6,0.33109747386584476,0.008072302566009463,0.7106332653507476,0.25,0.32131111707270305,2.6932831512837043,0.2822138580769276,0.3499343472608672,0.28450832504987683,ETTh2,raw,1992,2088,raw:1992:6,mid,low
0,0.3227072244662579,0.32356447776484565,0.3687925571096108,0.25,0.8715202896579876,2.4626457384424008,0.24377428933410963,0.3383547531135715,0.4550981929973658,ETTh2,raw,2040,2136,raw:2040:0,mid,mid
1,0.39755752868833893,0.29667970382213477,0.22055901998049934,0.25,0.867244411004669,2.4626457384424008,0.24377428933410963,0.3049320841636577,0.4536729001129262,ETTh2,raw,2040,2136,raw:2040:1,low,mid
2,0.2319672943352007,0.40381448707228784,0.3661250425676562,0.25,0.8766129276563153,2.4626457384424008,0.24377428933410963,0.33396894132504823,0.4567957389968083,ETTh2,raw,2040,2136,raw:2040:2,mid,mid
3,0.47641198929059103,0.3810605551195822,0.16248378845049624,0.25,0.8892408795987262,2.4626457384424008,0.24377428933410963,0.33998544428688976,0.46100505631094535,ETTh2,raw,2040,2136,raw:2040:3,mid,mid
4,0.2725464833077573,0.25227849404622366,0.6733860823119094,0.25,0.7521022591400652,2.4626457384424008,0.24377428933410963,0.39940368655529684,0.41529218282472496,ETTh2,raw,2040,2136,raw:2040:4,mid,low
5,0.4641551714765699,0.14353091193801848,0.47245267364668153,0.5,0.7891519504904461,2.4626457384424008,0.24377428933410963,0.36004625235375665,0.510975413274852,ETTh2,raw,2040,2136,raw:2040:5,mid,mid
6,0.13774978469361754,0.005747964111936749,0.3782816206360286,0.25,0.3197963673443817,2.4626457384424008,0.24377428933410963,0.17392645648052762,0.27119021889283046,ETTh2,raw,2040,2136,raw:2040:6,low,low
0,0.4691428910183585,0.11524143716639916,0.5726816935305941,0.375,0.8164508428503727,2.7680728313025282,0.2946788047259567,0.38568867390511724,0.4953765491921098,ETTh2,raw,2064,2160,raw:2064:0,mid,mid
1,0.6812860880990287,0.1922674346387082,0.28375444514593684,0.25,0.8695194702293902,2.7680728313025282,0.2946788047259567,0.38576932262789126,0.47139942498511567,ETTh2,raw,2064,2160,raw:2064:1,mid,mid
2,0.42806785484355947,0.20419724514888968,0.7806332191560168,0.375,0.8377305972485746,2.7680728313025282,0.2946788047259567,0.47096610638282205,0.5024698006581771,ETTh2,raw,2064,2160,raw:2064:2,high,mid
3,0.6266882406193188,0.2118385497749321,0.5815508153634011,0.375,0.9174497333866595,2.7680728313025282,0.2946788047259567,0.4733592019192174,0.5290428460375387,ETTh2,raw,2064,2160,raw:2064:3,high,mid
4,0.12422647769665696,0.13329649924823794,0.2937756434814029,0.25,0.7626251218566645,2.7680728313025282,0.2946788047259567,0.1837662068087659,0.4357679755275405,ETTh2,raw,2064,2160,raw:2064:4,low,mid
5,0.14751460208615796,0.13711919434616698,0.5355746819020103,0.5,0.8463040522107153,2.7680728313025282,0.2946788047259567,0.2734028261114451,0.5469942856455573,ETTh2,raw,2064,2160,raw:2064:5,low,mid
6,0.4757264556949222,0.672966749625439,0.40864321896829653,0.25,0.7411417959615301,2.7680728313025282,0.2946788047259567,0.5191121414295526,0.42860686689582894,ETTh2,raw,2064,2160,raw:2064:6,high,mid
0,0.34963207972613186,0.31844847121671804,0.8307741409533549,0.25,0.921756497065604,1.873544054662048,0.1455906755343569,0.4996182306320683,0.43911572419998696,ETTh2,raw,2088,2184,raw:2088:0,high,mid
1,0.4409943801744255,0.2862504534538428,0.6930569398189748,0.25,0.9104741310642014,1.873544054662048,0.1455906755343569,0.47343392448241434,0.43535493553285276,ETTh2,raw,2088,2184,raw:2088:1,high,mid
2,0.3712818159448298,0.3127634355006752,0.8178534334441356,0.25,0.9299935148042371,1.873544054662048,0.1455906755343569,0.5006328949632136,0.4418613967795313,ETTh2,raw,2088,2184,raw:2088:2,high,mid
3,0.5325724195819763,0.2967300849955211,0.5873536085493646,0.375,0.9409705137990948,1.873544054662048,0.1455906755343569,0.4722187043756207,0.48718706311115056,ETTh2,raw,2088,2184,raw:2088:3,high,mid
4,0.8306995831772579,0.22057967091753278,0.37276131923658434,0.125,0.7731541342991238,1.873544054662048,0.1455906755343569,0.47468019111045834,0.34791493661116024,ETTh2,raw,2088,2184,raw:2088:4,high,low
5,0.9999999993199107,0.24954041775200547,0.7467593549821742,0.125,0.8748939689695819,1.873544054662048,0.1455906755343569,0.6654332573513635,0.3818282148346463,ETTh2,raw,2088,2184,raw:2088:5,high,low
6,0.8283098032405541,0.49335743682164057,0.3056718707400889,0.25,0.7108028294370315,1.873544054662048,0.1455906755343569,0.5424463702674279,0.3687978349904628,ETTh2,raw,2088,2184,raw:2088:6,high,low
0,0.35454903077882893,0.24257047967743894,0.44563801501549943,1.0,0.8866393884819941,0.9999999900000275,0.0,0.34758584182392244,0.6288797961606647,ETTh2,raw,2136,2232,raw:2136:0,mid,high
1,0.2205616161458135,0.38185937402133735,0.4717144117138478,1.0,0.9289710349194061,0.9999999900000275,0.0,0.35804513396033294,0.6429903449731355,ETTh2,raw,2136,2232,raw:2136:1,mid,high
2,0.28172699702177784,0.2297791890564969,0.4600550220848437,1.0,0.824136251445136,0.9999999900000275,0.0,0.32385373605437284,0.6080454171483787,ETTh2,raw,2136,2232,raw:2136:2,mid,high
3,0.02504548661696293,0.33440067325324174,0.5482594065878823,1.0,0.8987773765917595,0.9999999900000275,0.0,0.30256852215269564,0.6329257921972532,ETTh2,raw,2136,2232,raw:2136:3,low,high
4,0.7987073261502161,0.1847303403981981,0.4156417547174666,0.375,0.7430245267482257,0.9999999900000275,0.0,0.46635980708862695,0.37267484224940856,ETTh2,raw,2136,2232,raw:2136:4,high,low
5,0.0,0.33029453129397146,0.5237659314784519,1.0,0.7854731955839086,0.9999999900000275,0.0,0.2846868209241411,0.5951577318613029,ETTh2,raw,2136,2232,raw:2136:5,low,mid
6,0.24679863493690724,0.093283111612112,0.29118837831414124,0.0,0.37672635841689367,0.9999999900000275,0.0,0.21042337495438682,0.12557545280563123,ETTh2,raw,2136,2232,raw:2136:6,low,low
0,0.28146511922952044,0.17201420058279593,0.5163812481824307,1.0,0.8080247688157607,0.9999999900000317,0.0,0.323286855998249,0.6026749229385869,ETTh2,raw,2160,2256,raw:2160:0,low,high
1,0.39922121260948684,0.1952408067367789,0.5291597466952199,1.0,0.8150493523715177,0.9999999900000317,0.0,0.3745405886804953,0.6050164507905059,ETTh2,raw,2160,2256,raw:2160:1,mid,high
2,0.17533668132316782,0.13425989197353744,0.4832315490954594,0.875,0.777985829167596,0.9999999900000317,0.0,0.26427604079738826,0.5509952763891987,ETTh2,raw,2160,2256,raw:2160:2,low,mid
3,0.3991264282914252,0.21100287434634424,0.5551410130062824,1.0,0.8111297005675054,0.9999999900000317,0.0,0.38842343854801725,0.6037099001891685,ETTh2,raw,2160,2256,raw:2160:3,mid,high
4,0.47656209839526853,0.18498115856266484,0.2984992650652744,0.5,0.8101005234810268,0.9999999900000317,0.0,0.32001417400773596,0.4367001744936756,ETTh2,raw,2160,2256,raw:2160:4,low,mid
5,0.0,0.21768236158341914,0.489734832745498,1.0,0.8445219528537323,0.9999999900000317,0.0,0.23580573144297237,0.6148406509512441,ETTh2,raw,2160,2256,raw:2160:5,low,high
6,0.9289363787644778,0.10658771717671994,0.019159605955444626,0.25,0.8578987767204995,0.9999999900000317,0.0,0.35156123396554745,0.3692995922401665,ETTh2,raw,2160,2256,raw:2160:6,mid,low
0,0.6064239308494971,0.17037641801407893,0.49534204354631856,0.875,0.867606949818024,0.9999999900000366,0.0,0.42404746413663147,0.5808689832726747,ETTh2,raw,2208,2304,raw:2208:0,high,mid
1,0.6140610402937288,0.23797854653529527,0.509415917104235,1.0,0.8691694041417041,0.9999999900000366,0.0,0.4538185013110863,0.6230564680472347,ETTh2,raw,2208,2304,raw:2208:1,high,high
2,0.5104467281625258,0.15803593190881293,0.54180239730631,0.5,0.8319727579632724,0.9999999900000366,0.0,0.4034283524592162,0.44399091932109086,ETTh2,raw,2208,2304,raw:2208:2,mid,mid
3,0.5332811489516874,0.3113838130979668,0.5757270150009217,1.0,0.8551030890665358,0.9999999900000366,0.0,0.473463992350192,0.6183676963555119,ETTh2,raw,2208,2304,raw:2208:3,high,high
4,0.16075031543356133,0.20325838685487146,0.7383705876121059,0.25,0.7625234306379406,0.9999999900000366,0.0,0.36745976330017954,0.3375078102126469,ETTh2,raw,2208,2304,raw:2208:4,mid,low
5,0.0,0.23885794142473074,0.45501974631740255,1.0,0.8258392068963681,0.9999999900000366,0.0,0.2312925625807111,0.6086130689654561,ETTh2,raw,2208,2304,raw:2208:5,low,high
6,0.387185155628366,0.19481530037316955,0.3382793181340294,0.375,0.6205855581786982,0.9999999900000366,0.0,0.3067599247118549,0.33186185272623275,ETTh2,raw,2208,2304,raw:2208:6,low,low
0,0.4143732761289992,0.14369158600259552,0.6556895657978604,0.875,0.8635858997964988,0.9999999900000265,0.0,0.4045848093098184,0.5795286332654995,ETTh2,raw,2232,2328,raw:2232:0,mid,mid
1,0.2454652584852629,0.14963507280846539,0.5904545459780907,1.0,0.8751986330293914,0.9999999900000265,0.0,0.32851829242393965,0.6250662110097971,ETTh2,raw,2232,2328,raw:2232:1,mid,high
2,0.3957793877512702,0.1024951539885303,0.6541233207286024,0.5,0.7983136506495851,0.9999999900000265,0.0,0.3841326208228009,0.43277121688319503,ETTh2,raw,2232,2328,raw:2232:2,mid,mid
3,0.33440613951524467,0.14327964730138226,0.5457905553698646,0.875,0.8600999902507891,0.9999999900000265,0.0,0.34115878072883055,0.5783666634169297,ETTh2,raw,2232,2328,raw:2232:3,mid,mid
4,0.15902811709055265,0.20930374829141019,0.4718655007988142,0.5,0.8291991003883731,0.9999999900000265,0.0,0.28006578872692567,0.4430663667961244,ETTh2,raw,2232,2328,raw:2232:4,low,mid
5,0.0,0.38568050375477597,1.0,0.875,0.8633747304817044,0.9999999900000265,0.0,0.46189350125159195,0.5794582434939014,ETTh2,raw,2232,2328,raw:2232:5,high,mid
6,0.6588911321010118,0.22895859205650088,0.5093491912432248,0.375,0.6070758906524807,0.9999999900000265,0.0,0.4657329718002458,0.32735863021749356,ETTh2,raw,2232,2328,raw:2232:6,high,low
0,0.2721398814902338,0.1701540289792286,0.5970147951570572,0.5,0.8178686729586433,3.4525436283980104,0.4087572707184063,0.34643623520883987,0.5755419812256832,ETTh2,raw,2280,2376,raw:2280:0,mid,mid
1,0.057202772950542324,0.12323395499743708,0.5321749532697994,1.0,0.9477856780777842,3.4525436283980104,0.4087572707184063,0.23753722707259292,0.7855143162653969,ETTh2,raw,2280,2376,raw:2280:1,low,high
2,0.11035726320378825,0.1203633350467993,0.5494285284722195,0.375,0.7451594154707868,3.4525436283980104,0.4087572707184063,0.2600497089076023,0.5096388953963977,ETTh2,raw,2280,2376,raw:2280:2,low,mid
3,0.3136437351681033,0.11061986891484694,0.4919038192186971,0.875,0.9126075356231481,3.4525436283980104,0.4087572707184063,0.3053891411005491,0.7321216021138515,ETTh2,raw,2280,2376,raw:2280:3,low,high
4,0.4902478575544946,0.17578628085468984,0.34306626798584383,0.125,0.6797755151012889,3.4525436283980104,0.4087572707184063,0.33636680213167613,0.40451092860656507,ETTh2,raw,2280,2376,raw:2280:4,mid,low
5,0.9999999999977937,0.20849033692957653,0.025217057804767382,0.25,0.8410714303668002,3.4525436283980104,0.4087572707184063,0.41123579824404594,0.49994290036173555,ETTh2,raw,2280,2376,raw:2280:5,mid,mid
6,0.5110986434693188,0.34775551361104035,0.11383146059293046,0.125,0.6588961872939646,3.4525436283980104,0.4087572707184063,0.3242285392244299,0.3975511526707903,ETTh2,raw,2280,2376,raw:2280:6,mid,low
0,0.3140948963566651,0.2219867126568491,0.5659942642056651,0.625,0.7657606561099807,2.311690434074156,0.21861507198133426,0.3673586244063931,0.5364585760304383,ETTh2,raw,2304,2400,raw:2304:0,mid,mid
1,0.29783797565247394,0.21214108714415192,0.4526576104886481,1.0,0.92109096056476,2.311690434074156,0.21861507198133426,0.3208788910950913,0.7132353441820315,ETTh2,raw,2304,2400,raw:2304:1,low,high
2,0.37089352380783003,0.1791063004300264,0.6133418794477683,0.375,0.7118532785170434,2.311690434074156,0.21861507198133426,0.38778056789520826,0.4351561168327925,ETTh2,raw,2304,2400,raw:2304:2,mid,mid
3,0.2632843034254918,0.17859570056403565,0.3129142064586764,1.0,0.9113312176791083,2.311690434074156,0.21861507198133426,0.2515980701494013,0.7099820965534809,ETTh2,raw,2304,2400,raw:2304:3,low,high
4,0.19314656562527166,0.159612278908227,0.4200929349867275,0.5,0.7866056223952336,2.311690434074156,0.21861507198133426,0.2576172598400754,0.5017402314588559,ETTh2,raw,2304,2400,raw:2304:4,low,mid
5,0.62696921313522,0.20613126221257072,0.49601607937871534,0.5,0.8087380569663305,2.311690434074156,0.21861507198133426,0.443038851575502,0.5091177096492215,ETTh2,raw,2304,2400,raw:2304:5,high,mid
6,0.6722547847813292,0.37727469431346156,0.2321625146597814,0.125,0.743335166509012,2.311690434074156,0.21861507198133426,0.42723066458485737,0.3623167461634487,ETTh2,raw,2304,2400,raw:2304:6,high,low
0,0.10901573589561431,0.2081878933183402,0.5710875353686191,0.625,0.8628999545569144,2.1949814049468928,0.19916356715920952,0.29609705486085786,0.5623545072387081,ETTh2,raw,2328,2424,raw:2328:0,low,mid
1,0.44637120429949184,0.24727446549023258,0.45791657934842783,1.0,0.896953178290453,2.1949814049468928,0.19916356715920952,0.3838540830460508,0.6987055818165541,ETTh2,raw,2328,2424,raw:2328:1,mid,high
2,0.15953941306545316,0.2728720754026973,0.5253619736738195,0.625,0.8521111490083256,2.1949814049468928,0.19916356715920952,0.31925782071399,0.5587582387225117,ETTh2,raw,2328,2424,raw:2328:2,low,mid
3,0.4832129718530027,0.3100667798873017,0.4707384786945599,1.0,0.8967798315084083,2.1949814049468928,0.19916356715920952,0.4213394101449548,0.6986477995558725,ETTh2,raw,2328,2424,raw:2328:3,mid,high
4,0.30324594961840723,0.25101904621838306,0.6117606676996146,0.5,0.8988299557158479,2.1949814049468928,0.19916356715920952,0.3886752211788016,0.5326645076250192,ETTh2,raw,2328,2424,raw:2328:4,mid,mid
5,0.6298956380857014,0.1975335331572529,0.5385395704336137,1.0,0.9286187237342823,2.1949814049468928,0.19916356715920952,0.45532291389218926,0.709260763631164,ETTh2,raw,2328,2424,raw:2328:5,high,high
6,0.39191304519961256,0.6794570187680995,0.016212052124387217,0.375,0.7521706394974815,2.1949814049468928,0.19916356715920952,0.3625273720306997,0.44211140221889705,ETTh2,raw,2328,2424,raw:2328:6,mid,mid
0,0.272222713538782,0.2378624728637101,0.8069907307314497,1.0,0.8680169880039239,3.4535009912254733,0.40891683118938416,0.4390253057113139,0.7589779397311026,ETTh2,raw,2376,2472,raw:2376:0,high,high
1,0.09595005580073823,0.2833821337795145,0.5550918251143909,1.0,0.8810397695622029,3.4535009912254733,0.40891683118938416,0.31147467156488123,0.7633188669171956,ETTh2,raw,2376,2472,raw:2376:1,low,high
2,0.2360888187163337,0.33174905429381474,0.7160099145738094,1.0,0.8371666098288942,3.4535009912254733,0.40891683118938416,0.42794926252798593,0.7486944803394261,ETTh2,raw,2376,2472,raw:2376:2,high,high
3,0.16574837867660497,0.39845902288441626,0.41469173135501003,1.0,0.9151839081889176,3.4535009912254733,0.40891683118938416,0.32629971097201044,0.7747002464594339,ETTh2,raw,2376,2472,raw:2376:3,mid,high
4,0.5400385177211657,0.3440827917278416,0.4780388875147422,0.875,0.8924013253769583,3.4535009912254733,0.40891683118938416,0.4540533989879165,0.7254393855221141,ETTh2,raw,2376,2472,raw:2376:4,high,high
5,0.38684031128385565,0.22460619237553603,0.5617866040831522,1.0,0.8795816264450503,3.4535009912254733,0.40891683118938416,0.391077702580848,0.7628328192114782,ETTh2,raw,2376,2472,raw:2376:5,mid,high
6,0.49610584083288467,0.03382344795945424,0.4226258460552013,0.25,0.5280725364083548,3.4535009912254733,0.40891683118938416,0.31751837828251345,0.3956631225325797,ETTh2,raw,2376,2472,raw:2376:6,low,low
0,0.3609196968613484,0.16520465967001452,0.7484634479929746,0.875,0.8310581701017515,2.92431890730826,0.32071981735017696,0.4248626015081125,0.6755926624839761,ETTh2,raw,2400,2496,raw:2400:0,high,high
1,0.2087158743941303,0.3681333995548971,0.5382077383734676,1.0,0.7893052645011416,2.92431890730826,0.32071981735017696,0.371685670774165,0.7033416939504394,ETTh2,raw,2400,2496,raw:2400:1,mid,high
2,0.2622256617062615,0.2613843836846771,0.7289739923160992,0.875,0.8017900130352247,2.92431890730826,0.32071981735017696,0.41752801256901256,0.6658366101284673,ETTh2,raw,2400,2496,raw:2400:2,mid,high
3,0.34479274476953703,0.40134396871390277,0.5346747390457535,1.0,0.8643749208668666,2.92431890730826,0.32071981735017696,0.4269371508430644,0.7283649127390145,ETTh2,raw,2400,2496,raw:2400:3,high,high
4,0.2057186671293727,0.13531165473993417,0.4549705078670432,0.875,0.8086149205158308,2.92431890730826,0.32071981735017696,0.2653336099121167,0.6681115792886693,ETTh2,raw,2400,2496,raw:2400:4,low,high
5,0.2758105123801847,0.31559176311760245,0.6759201486367519,1.0,0.8681564633938272,2.92431890730826,0.32071981735017696,0.42244080804484635,0.729625426914668,ETTh2,raw,2400,2496,raw:2400:5,mid,high
6,0.6140252270320068,0.1343980342518649,0.30089544238781846,0.25,0.5144416908373143,2.92431890730826,0.32071981735017696,0.34977290122389676,0.36172050272916373,ETTh2,raw,2400,2496,raw:2400:6,mid,low
0,0.24681191811802972,0.1088556698638198,0.6567289655370029,0.875,0.7045516754482798,2.699452872246283,0.2832421449023103,0.3374655178396175,0.6209312734501967,ETTh2,raw,2448,2544,raw:2448:0,mid,high
1,0.20655180873128276,0.11749560436951945,0.6699091168522492,1.0,0.7983444168193028,2.699452872246283,0.2832421449023103,0.3313188433176838,0.6938621872405376,ETTh2,raw,2448,2544,raw:2448:1,mid,high
2,0.11245750482412054,0.06462463160511311,0.631746324969336,0.5,0.6558931364209153,2.699452872246283,0.2832421449023103,0.26960948713285654,0.4797117604410752,ETTh2,raw,2448,2544,raw:2448:2,low,mid
3,0.05982802194312098,0.0470486761225144,0.5247402266890809,1.0,0.8100937787719481,2.699452872246283,0.2832421449023103,0.21053897491823878,0.6977786412247527,ETTh2,raw,2448,2544,raw:2448:3,low,high
4,0.10424079725649205,0.11091673724552709,0.5018563970703624,0.5,0.8391790021482586,2.699452872246283,0.2832421449023103,0.23900464385746054,0.5408070490168563,ETTh2,raw,2448,2544,raw:2448:4,low,mid
5,0.33315215723335134,0.37277089417846676,0.3789158737153133,1.0,0.8472330512857223,2.699452872246283,0.2832421449023103,0.3616129750423771,0.7101583987293442,ETTh2,raw,2448,2544,raw:2448:5,mid,high
6,0.31902896659893376,0.13857999407088262,0.16486638407660045,0.25,0.5819624398072212,2.699452872246283,0.2832421449023103,0.20749178158213896,0.37173486156984387,ETTh2,raw,2448,2544,raw:2448:6,low,low
0,0.40748301619577754,0.17023036986090173,0.6250883921422304,0.625,0.7972963268507133,2.434168444903676,0.2390280737522325,0.40093392606630324,0.553774800200982,ETTh2,raw,2472,2568,raw:2472:0,mid,mid
1,0.37990030863379365,0.19980036305604032,0.7617842728479304,0.875,0.8569638792632677,2.434168444903676,0.2390280737522325,0.4471616481792548,0.6569973176718334,ETTh2,raw,2472,2568,raw:2472:1,high,high
2,0.0927454670511445,0.11397193279644428,0.5031390244177057,0.625,0.7198325350564309,2.434168444903676,0.2390280737522325,0.2366188080884315,0.5279535362695545,ETTh2,raw,2472,2568,raw:2472:2,low,mid
3,0.19856514990598229,0.12095767770972893,0.7540594284612021,1.0,0.8083997028579737,2.434168444903676,0.2390280737522325,0.3578607520256378,0.6824759255367354,ETTh2,raw,2472,2568,raw:2472:3,mid,high
4,0.18987572805461117,0.12714240450897024,0.3922026208292637,0.5,0.8669026198844942,2.434168444903676,0.2390280737522325,0.23640691779761505,0.5353102312122423,ETTh2,raw,2472,2568,raw:2472:4,low,mid
5,0.5646652993679879,0.27243205104711193,0.3739143697429686,0.875,0.8327334755016528,2.434168444903676,0.2390280737522325,0.4036705733860228,0.6489205164179618,ETTh2,raw,2472,2568,raw:2472:5,mid,high
6,0.6113428597224972,0.030253712921132683,0.35024209522929356,0.125,0.6346877364872933,2.434168444903676,0.2390280737522325,0.3306128892909745,0.3329052700798419,ETTh2,raw,2472,2568,raw:2472:6,mid,low
0,0.3585105729717528,0.20002162669090218,0.4492441687897555,0.75,0.7974465807721178,2.6845299003042795,0.2807549829161216,0.33592545615080355,0.6094005212294131,ETTh2,raw,2496,2592,raw:2496:0,mid,high
1,0.4528934810035119,0.2964386854486382,0.5652806587204346,1.0,0.863632056517545,2.6845299003042795,0.2807549829161216,0.4382042750575283,0.7147956798112222,ETTh2,raw,2496,2592,raw:2496:1,high,high
2,0.09880673220738978,0.14759798675738584,0.49062451601715545,0.625,0.7089513784484752,2.6845299003042795,0.2807549829161216,0.2456764116606437,0.5382354537881989,ETTh2,raw,2496,2592,raw:2496:2,low,mid
3,0.5930783090239102,0.15805842425268465,0.6037376846047885,1.0,0.8420167139161687,2.6845299003042795,0.2807549829161216,0.4516248059604611,0.7075905656107634,ETTh2,raw,2496,2592,raw:2496:3,high,high
4,0.20331795582332857,0.164307202926606,0.580278766949442,0.375,0.8227495503106715,2.6845299003042795,0.2807549829161216,0.31596797523312553,0.49283484440893105,ETTh2,raw,2496,2592,raw:2496:4,low,mid
5,0.3020768739922485,0.2295252911315161,0.6683994940091714,0.625,0.8023180586333801,2.6845299003042795,0.2807549829161216,0.40000055304431203,0.5693576805165005,ETTh2,raw,2496,2592,raw:2496:5,mid,mid
6,0.6896254514383513,0.31217611142311996,0.4677133947668804,0.25,0.6776362142897221,2.6845299003042795,0.2807549829161216,0.4898383192094505,0.40279706573528123,ETTh2,raw,2496,2592,raw:2496:6,high,low
0,0.2703770525103639,0.19900429300447314,0.4557312523905175,1.0,0.8112155953605442,2.090377358700689,0.18172955948056554,0.3083708659684515,0.6643150516137032,ETTh2,raw,2544,2640,raw:2544:0,low,high
1,0.37545713302486383,0.23298068666859298,0.556621424754331,1.0,0.813298266537601,2.090377358700689,0.18172955948056554,0.3883530814825959,0.6650092753393888,ETTh2,raw,2544,2640,raw:2544:1,mid,high
2,0.1823125658161341,0.15864219980252092,0.40106465582745654,0.625,0.7629015660621751,2.090377358700689,0.18172955948056554,0.24733980714870385,0.5232103751809135,ETTh2,raw,2544,2640,raw:2544:2,low,mid
3,0.428358820574092,0.1857394664003026,0.3770379904595876,1.0,0.821670944518273,2.090377358700689,0.18172955948056554,0.33037875914466075,0.667800167999613,ETTh2,raw,2544,2640,raw:2544:3,mid,high
4,0.19259013291784133,0.23115894502232834,0.6333019139323132,0.625,0.7828369105951748,2.090377358700689,0.18172955948056554,0.35235033062416093,0.5298554900252468,ETTh2,raw,2544,2640,raw:2544:4,mid,mid
5,0.7870250477444753,0.23709449883933809,0.36768373212283767,1.0,0.8671313765558577,2.090377358700689,0.18172955948056554,0.4639344262355504,0.6829536453454744,ETTh2,raw,2544,2640,raw:2544:5,high,high
6,0.5084050029822832,0.15013210667545251,0.5340564644351141,0.25,0.6162561022470578,2.090377358700689,0.18172955948056554,0.3975311913642832,0.34932855390920775,ETTh2,raw,2544,2640,raw:2544:6,mid,low
0,0.27215194028932044,0.11984598123327835,0.3238212717571362,0.875,0.8051192229312994,2.006859832040413,0.1678099717270522,0.23860639775991166,0.6159763982194506,ETTh2,raw,2568,2664,raw:2568:0,low,high
1,0.1478603123520036,0.2626482126913272,0.4393088646364242,1.0,0.8393481208767981,2.006859832040413,0.1678099717270522,0.283272463226585,0.6690526975346168,ETTh2,raw,2568,2664,raw:2568:1,low,high
2,0.36544675680001326,0.1319098804827615,0.23508654543032903,0.75,0.735305353761291,2.006859832040413,0.1678099717270522,0.24414772757103462,0.5510384418294477,ETTh2,raw,2568,2664,raw:2568:2,low,mid
3,0.2765663859985553,0.3197985363932958,0.4343124918230372,1.0,0.8352166597642564,2.006859832040413,0.1678099717270522,0.34355913807162947,0.6676755438304363,ETTh2,raw,2568,2664,raw:2568:3,mid,high
4,0.30905106541888283,0.2166044745311984,0.42698498362328063,0.75,0.8545088321659736,2.006859832040413,0.1678099717270522,0.31754684119112064,0.5907729346310086,ETTh2,raw,2568,2664,raw:2568:4,low,mid
5,0.5855429479923666,0.15711501643542408,0.503709205232651,0.875,0.9214672733302162,2.006859832040413,0.1678099717270522,0.4154557232201472,0.6547590816857561,ETTh2,raw,2568,2664,raw:2568:5,mid,high
6,0.405002868414439,0.06095519638963649,0.6590639746328514,0.25,0.5019683302345938,2.006859832040413,0.1678099717270522,0.3750073464789756,0.30659276732054863,ETTh2,raw,2568,2664,raw:2568:6,mid,low
0,0.4465994310242565,0.08079335781006708,0.556774054067135,0.75,0.9415128633711336,2.040271580219991,0.17337859641436748,0.3613889476338195,0.6216304865951671,ETTh2,raw,2616,2712,raw:2616:0,mid,high
1,0.11909665090758192,0.15890303069590067,0.5654120015905506,1.0,0.966042549250858,2.040271580219991,0.17337859641436748,0.2811372277313444,0.7131403818884084,ETTh2,raw,2616,2712,raw:2616:1,low,high
2,0.45438123842354183,0.08413027738911805,0.5445270915397956,1.0,0.9282828030901764,2.040271580219991,0.17337859641436748,0.3610128691174852,0.700553799834848,ETTh2,raw,2616,2712,raw:2616:2,mid,high
3,0.3366074391312627,0.15238185814177146,0.4386930301626801,1.0,0.9524323121194007,2.040271580219991,0.17337859641436748,0.3092274424785714,0.7086036361779228,ETTh2,raw,2616,2712,raw:2616:3,low,high
4,0.4188759078198302,0.2855526603089129,0.5183458995611241,0.875,0.8679777808407525,2.040271580219991,0.17337859641436748,0.4075914892299557,0.63878545908504,ETTh2,raw,2616,2712,raw:2616:4,mid,high
5,0.7525702009557225,0.15368405158487652,0.4981419114487714,1.0,0.8696605744298707,2.040271580219991,0.17337859641436748,0.4681320546631234,0.6810130569480793,ETTh2,raw,2616,2712,raw:2616:5,high,high
6,0.7198070207460674,0.298676913646573,0.34823824740823595,0.375,0.7963255313937383,2.040271580219991,0.17337859641436748,0.4555740606002921,0.4482347092693686,ETTh2,raw,2616,2712,raw:2616:6,high,mid
0,0.24482711350866038,0.1137663235499046,0.6152028490110747,0.875,0.869156093209275,2.442086007708308,0.24034766755080522,0.3245987620232132,0.6615012535866934,ETTh2,raw,2640,2736,raw:2640:0,mid,high
1,0.4367515670559282,0.16949828107031475,0.6455622354283818,1.0,0.9016830016631293,2.442086007708308,0.24034766755080522,0.41727069451820825,0.7140102230713116,ETTh2,raw,2640,2736,raw:2640:1,mid,high
2,0.1966053835902225,0.21259008931464057,0.571380851114799,0.875,0.8648962736557207,2.442086007708308,0.24034766755080522,0.3268587746732207,0.6600813137355086,ETTh2,raw,2640,2736,raw:2640:2,mid,high
3,0.23769435033101416,0.14811918094209592,0.5651532269005899,1.0,0.9132678465722093,2.442086007708308,0.24034766755080522,0.31698891939123336,0.7178718380410049,ETTh2,raw,2640,2736,raw:2640:3,low,high
4,0.31128035484830885,0.17684274287903223,0.37954165245581795,0.5,0.8109793535172951,2.442086007708308,0.24034766755080522,0.28922158339438636,0.5171090070227001,ETTh2,raw,2640,2736,raw:2640:4,low,mid
5,0.2546914193219785,0.2303399461144742,0.5107537963311574,0.875,0.7794982617772809,2.442086007708308,0.24034766755080522,0.33192838725587,0.6316153097760288,ETTh2,raw,2640,2736,raw:2640:5,mid,high
6,0.7452596792653003,0.1693115354069565,0.04942165194341665,0.375,0.7821706966905991,2.442086007708308,0.24034766755080522,0.32133095553855784,0.4658394547471348,ETTh2,raw,2640,2736,raw:2640:6,low,mid
0,0.39648337246519805,0.09052664244525824,0.56718023280524,0.875,0.8928671316508905,2.887910533858112,0.3146517551185991,0.3513967492385654,0.6941729622564966,ETTh2,raw,2664,2760,raw:2664:0,mid,high
1,0.6014819563113067,0.16847689102531999,0.40365574281071226,1.0,0.9552290208719608,2.887910533858112,0.3146517551185991,0.39120486338244637,0.7566269253301866,ETTh2,raw,2664,2760,raw:2664:1,mid,high
2,0.34318031604650157,0.1291395416399384,0.523079820599356,0.625,0.8758974422468963,2.887910533858112,0.3146517551185991,0.33179989276193195,0.6051830657884985,ETTh2,raw,2664,2760,raw:2664:2,mid,high
3,0.5355688307887971,0.14853091583291156,0.3647033304791006,1.0,0.9778705697568784,2.887910533858112,0.3146517551185991,0.34960102570026974,0.7641741082918259,ETTh2,raw,2664,2760,raw:2664:3,mid,high
4,0.5073673491692268,0.14557234509112915,0.6145911929702741,0.5,0.8071349207509932,2.887910533858112,0.3146517551185991,0.4225102957435434,0.5405955586231975,ETTh2,raw,2664,2760,raw:2664:4,mid,mid
5,0.28777461905740076,0.1458168823955575,0.5024016134661355,0.75,0.7928824212671937,2.887910533858112,0.3146517551185991,0.3119977049730313,0.6191780587952643,ETTh2,raw,2664,2760,raw:2664:5,low,high
6,0.5317280461498942,0.30169025334173527,0.5183135920711832,0.5,0.8918548421931215,2.887910533858112,0.3146517551185991,0.45057729718760425,0.5688355324372402,ETTh2,raw,2664,2760,raw:2664:6,high,mid
0,0.45934723860754145,0.10608666933439809,0.44700139953589174,0.625,0.8117882067221512,2.5821025130402684,0.2636837517339051,0.3374784358259437,0.5668239861520189,ETTh2,raw,2712,2808,raw:2712:0,mid,mid
1,0.29925194187385573,0.1362556752275611,0.5554182400287456,1.0,0.8845551556626549,2.5821025130402684,0.2636837517339051,0.3303086190433875,0.7160796357988534,ETTh2,raw,2712,2808,raw:2712:1,mid,high
2,0.2688173462789085,0.10066100808631356,0.4522596573520428,0.875,0.7810571393309825,2.5821025130402684,0.2636837517339051,0.27391267057242163,0.6399136303549625,ETTh2,raw,2712,2808,raw:2712:2,low,high
3,0.1305896425280174,0.18726775321537167,0.5566891627039398,1.0,0.9033892012047826,2.5821025130402684,0.2636837517339051,0.291515519482443,0.7223576509795625,ETTh2,raw,2712,2808,raw:2712:3,low,high
4,0.2613457724535134,0.15358363769862063,0.4630769420118024,0.625,0.8247424941458725,2.5821025130402684,0.2636837517339051,0.29266878405464547,0.5711420819599259,ETTh2,raw,2712,2808,raw:2712:4,low,mid
5,0.7147402233867775,0.26183516396404294,0.5220282860863549,1.0,0.8108152439836666,2.5821025130402684,0.2636837517339051,0.49953455781239176,0.6914996652391906,ETTh2,raw,2712,2808,raw:2712:5,high,high
6,0.46928145142172073,0.5854793632264979,0.04235718746062957,0.375,0.6900328313560066,2.5821025130402684,0.2636837517339051,0.3657060007029494,0.4429055276966373,ETTh2,raw,2712,2808,raw:2712:6,mid,mid
0,0.45126762864897163,0.1067325815367553,0.4315539062161232,0.75,0.7832121830372448,2.58810807255389,0.26468467831784054,0.32985137213395005,0.5992989537850284,ETTh2,raw,2736,2832,raw:2736:0,mid,mid
1,0.3132503498012694,0.20124148429719163,0.5101115360110212,1.0,0.8892895820929023,2.58810807255389,0.26468467831784054,0.3415344567031607,0.7179914201369143,ETTh2,raw,2736,2832,raw:2736:1,mid,high
2,0.4483557984855957,0.0833278749060008,0.43864004986327526,0.625,0.7835246404123768,2.58810807255389,0.26468467831784054,0.32344124108495725,0.5577364395767391,ETTh2,raw,2736,2832,raw:2736:2,low,mid
3,0.26755154197123754,0.1374054762363931,0.5195692184521248,1.0,0.9113055974196816,2.58810807255389,0.26468467831784054,0.30817541221991845,0.7253300919125074,ETTh2,raw,2736,2832,raw:2736:3,low,high
4,0.1299946725841441,0.14133101219239633,0.5307102754354223,1.0,0.9063343668555348,2.58810807255389,0.26468467831784054,0.2673453200706542,0.7236730150577918,ETTh2,raw,2736,2832,raw:2736:4,low,high
5,0.3057102797381476,0.1678811432301811,0.5084003952913946,1.0,0.9222335608509539,2.58810807255389,0.26468467831784054,0.32733060608657444,0.7289727463895982,ETTh2,raw,2736,2832,raw:2736:5,mid,high
6,0.6595361892603477,0.076210359520111,0.5135433825123066,0.125,0.6846301707298516,2.58810807255389,0.26468467831784054,0.4164299770975884,0.35810494968256407,ETTh2,raw,2736,2832,raw:2736:6,mid,low
0,0.31029193943716027,0.20819905079596335,0.4523510108520657,0.375,0.8878302709061309,0.9999999900000285,0.0,0.32361400036172977,0.420943423635377,ETTh2,raw,2784,2880,raw:2784:0,mid,mid
1,0.430990571875443,0.37160433318512487,0.4473072528602185,1.0,0.9587978240004711,0.9999999900000285,0.0,0.4166340526402621,0.6529326080001571,ETTh2,raw,2784,2880,raw:2784:1,mid,high
2,0.14962029141893296,0.14870686728598523,0.46700975584544585,0.25,0.858887373794713,0.9999999900000285,0.0,0.2551123048501214,0.3696291245982377,ETTh2,raw,2784,2880,raw:2784:2,low,low
3,0.20103387674196793,0.27085685877824683,0.42067398672554196,1.0,0.963791381989304,0.9999999900000285,0.0,0.29752157408191887,0.654597127329768,ETTh2,raw,2784,2880,raw:2784:3,low,high
4,0.10577724777110176,0.2080558274212082,0.48797246108100395,0.875,0.8568864588092034,0.9999999900000285,0.0,0.26726851209110464,0.5772954862697345,ETTh2,raw,2784,2880,raw:2784:4,low,mid
5,0.999999999849803,0.2057729762225219,0.5679314149334265,1.0,0.8706914384225705,0.9999999900000285,0.0,0.5912347970019171,0.6235638128075235,ETTh2,raw,2784,2880,raw:2784:5,high,high
6,0.4907613848091553,0.07281092574128974,0.23976789957246866,0.125,0.7243146399625339,0.9999999900000285,0.0,0.26778007004097126,0.28310487998751127,ETTh2,raw,2784,2880,raw:2784:6,low,low
0,0.4287386511085407,0.1976266819287035,0.7525585337291307,0.25,0.7997859393159261,0.9999999900000276,0.0,0.459641288922125,0.349928646438642,ETTh2,raw,2808,2904,raw:2808:0,high,low
1,0.5823213728711525,0.2528243728775751,0.7105974122195587,0.75,0.9046509495314362,0.9999999900000276,0.0,0.5152477193227621,0.5515503165104788,ETTh2,raw,2808,2904,raw:2808:1,high,mid
2,0.29309061822665283,0.2050104537993862,0.7504012847643486,0.25,0.7611941823416939,0.9999999900000276,0.0,0.4161674522634626,0.3370647274472313,ETTh2,raw,2808,2904,raw:2808:2,mid,low
3,0.5975022279010391,0.2315559933255164,0.6289107630172811,0.875,0.9206430635711055,0.9999999900000276,0.0,0.48598966141461225,0.5985476878570352,ETTh2,raw,2808,2904,raw:2808:3,high,mid
4,0.4789519823136372,0.13754571643334856,0.6729703274273204,0.875,0.8520011498361668,0.9999999900000276,0.0,0.42982267539143537,0.575667049945389,ETTh2,raw,2808,2904,raw:2808:4,high,mid
5,0.0,0.30156318499818735,0.46533960636851746,1.0,0.8696763544310506,0.9999999900000276,0.0,0.2556342637889016,0.6232254514770169,ETTh2,raw,2808,2904,raw:2808:5,low,high
6,0.68256486375261,0.18006020531944938,0.12455991675578011,0.125,0.704525918366225,0.9999999900000276,0.0,0.32906166194261316,0.2765086394554083,ETTh2,raw,2808,2904,raw:2808:6,mid,low
0,0.9798128020644736,0.23126205074507095,0.39774666590253827,0.125,0.8099821079155308,0.9999999900000216,0.0,0.5362738395706943,0.31166070263851026,ETTh2,raw,2856,2952,raw:2856:0,high,low
1,0.9849556114862646,0.300264879343972,0.4860749835401763,0.5,0.9140898868991139,0.9999999900000216,0.0,0.5904318247901377,0.47136329563303797,ETTh2,raw,2856,2952,raw:2856:1,high,mid
2,0.8893072461167105,0.22305777121258796,0.41249493779720064,0.125,0.7742997716722494,0.9999999900000216,0.0,0.508286651708833,0.29976659055741645,ETTh2,raw,2856,2952,raw:2856:2,high,low
3,0.8717723512458935,0.2984324452045881,0.5295296256059283,0.5,0.9408410342718742,0.9999999900000216,0.0,0.56657814068547,0.48028034475729137,ETTh2,raw,2856,2952,raw:2856:3,high,mid
4,0.9999999906401947,0.2571983726346158,0.48075824411853,0.625,0.799968469213957,0.9999999900000216,0.0,0.5793188691311135,0.47498948973798566,ETTh2,raw,2856,2952,raw:2856:4,high,mid
5,0.0,0.3391096778726215,0.5621671648113183,1.0,0.8950782999025377,0.9999999900000216,0.0,0.3004256142279799,0.6316927666341793,ETTh2,raw,2856,2952,raw:2856:5,low,high
6,0.915106486469246,0.15178454015568157,0.5354473708910408,0.25,0.7727440374318723,0.9999999900000216,0.0,0.5341127991719895,0.3409146791439574,ETTh2,raw,2856,2952,raw:2856:6,high,low
0,0.8639656468922312,0.2984934998630566,0.31286782603110724,0.25,0.7857128843514719,0.9999999900000152,0.0,0.49177565759546504,0.34523762811715725,ETTh2,raw,2880,2976,raw:2880:0,high,low
1,0.99568747848503,0.1214935314489523,0.3571696269171995,0.125,0.8853477712975967,0.9999999900000152,0.0,0.49145021228372726,0.3367825904325323,ETTh2,raw,2880,2976,raw:2880:1,high,low
2,0.7987972237636655,0.3326906797400634,0.2222796240187894,0.125,0.7702469069509641,0.9999999900000152,0.0,0.4512558425075061,0.29841563565032136,ETTh2,raw,2880,2976,raw:2880:2,high,low
3,0.9968632396063078,0.14422081179443896,0.3443923479973347,0.25,0.8406029303245922,0.9999999900000152,0.0,0.4951587997993605,0.36353431010819737,ETTh2,raw,2880,2976,raw:2880:3,high,low
4,0.965766658706831,0.19314014718669487,0.29488854221170524,0.625,0.8057373018525433,0.9999999900000152,0.0,0.4845984493684104,0.47691243395084776,ETTh2,raw,2880,2976,raw:2880:4,high,mid
5,0.0,0.4635279330489047,1.0,1.0,0.9512032689962647,0.9999999900000152,0.0,0.4878426443496349,0.6504010896654217,ETTh2,raw,2880,2976,raw:2880:5,high,high
6,0.9999999982955382,0.2172255503274511,0.07536215158567347,0.375,0.7563694058785981,0.9999999900000152,0.0,0.4308625667362209,0.37712313529286606,ETTh2,raw,2880,2976,raw:2880:6,high,low
0,0.9946886930280977,0.33067827307376263,0.466426387646986,0.25,0.8552183073694519,3.292579296956803,0.38209654885597294,0.5972644512496155,0.49577161874180825,ETTh2,raw,2904,3000,raw:2904:0,high,mid
1,0.9842235865665302,0.4100322852314497,0.48998095681316967,0.375,0.9172003705636922,3.292579296956803,0.38209654885597294,0.6280789428703831,0.5580989731398883,ETTh2,raw,2904,3000,raw:2904:1,high,mid
2,0.9730032792135108,0.4009298348699263,0.431069896867593,0.375,0.8333994089195008,3.292579296956803,0.38209654885597294,0.60166767031701,0.5301653192584913,ETTh2,raw,2904,3000,raw:2904:2,high,mid
3,0.9635629024719493,0.484363304092028,0.44521876341922734,0.625,0.856925453197882,3.292579296956803,0.38209654885597294,0.6310483233277349,0.621340667351285,ETTh2,raw,2904,3000,raw:2904:3,high,high
4,0.9999999950998897,0.27140197473441036,0.4999999995576819,0.625,0.781760501414757,3.292579296956803,0.38209654885597294,0.5904673231306606,0.5962856834235767,ETTh2,raw,2904,3000,raw:2904:4,high,mid
5,0.9999999999901973,0.4177437555999097,0.45966349103524345,0.75,0.9261452812921962,3.292579296956803,0.38209654885597294,0.6258024155417835,0.6860806100493897,ETTh2,raw,2904,3000,raw:2904:5,high,high
6,0.9386645211096194,0.09171286292851051,0.4999999992767362,0.25,0.6594283422228427,3.292579296956803,0.38209654885597294,0.5101257944382888,0.4305082970262719,ETTh2,raw,2904,3000,raw:2904:6,high,mid
0,0.35619384388886755,0.3944855940953479,0.4316740552687232,0.5,0.8546645262860366,2.8766740682478966,0.3127790108533511,0.3941178310843129,0.5558145123797958,ETTh2,raw,2952,3048,raw:2952:0,mid,mid
1,0.42072595917053746,0.32196905690119726,0.5353464649998584,0.5,0.9256281750128689,2.8766740682478966,0.3127790108533511,0.4260138270238644,0.5794690619554066,ETTh2,raw,2952,3048,raw:2952:1,high,mid
2,0.3476927718845346,0.45207468543067786,0.37543698426720323,0.25,0.8414201994157271,2.8766740682478966,0.3127790108533511,0.3917348138608052,0.468066403423026,ETTh2,raw,2952,3048,raw:2952:2,mid,mid
3,0.6823768795699814,0.28984187984752674,0.5824302878935769,0.25,0.8920326792235453,2.8766740682478966,0.3127790108533511,0.518216349103695,0.4849372300256321,ETTh2,raw,2952,3048,raw:2952:3,high,mid
4,0.2684519604019143,0.12088533352362187,0.4953486110880548,0.375,0.8402960923277086,2.8766740682478966,0.3127790108533511,0.294895301671197,0.5093583677270198,ETTh2,raw,2952,3048,raw:2952:4,low,mid
5,0.6393446587595182,0.2304108378279946,0.4691244682663173,1.0,0.853992099689324,2.8766740682478966,0.3127790108533511,0.4462933216179434,0.7222570368475584,ETTh2,raw,2952,3048,raw:2952:5,high,high
6,0.8571690774719662,0.14800625621143748,0.4048103172729672,0.25,0.4897737614890274,2.8766740682478966,0.3127790108533511,0.46999521698545693,0.35085092411412616,ETTh2,raw,2952,3048,raw:2952:6,high,low
0,0.7164835668289944,0.0969641683437473,0.7363479859242757,0.5,0.8479982840476794,3.186038338785907,0.3643397225237516,0.5165985736990059,0.5707793355238103,ETTh2,raw,2976,3072,raw:2976:0,high,mid
1,0.8176397470040462,0.07719315138950095,0.34596055608990395,0.25,0.8457848935805108,3.186038338785907,0.3643397225237516,0.4135978181611504,0.4867082053680874,ETTh2,raw,2976,3072,raw:2976:1,mid,mid
2,0.7169598703140987,0.10381737419322098,0.763804282864632,0.5,0.8180621799192433,3.186038338785907,0.3643397225237516,0.5281938424573173,0.560800634147665,ETTh2,raw,2976,3072,raw:2976:2,high,mid
3,0.7606510874737162,0.08916001983317762,0.34279849741483376,0.25,0.8468729272151174,3.186038338785907,0.3643397225237516,0.39753653490724256,0.4870708832462897,ETTh2,raw,2976,3072,raw:2976:3,mid,mid
4,0.45923128702558635,0.10820979835377356,0.41632731271105083,0.75,0.8376921248809017,3.186038338785907,0.3643397225237516,0.32792279936347024,0.6506772824682178,ETTh2,raw,2976,3072,raw:2976:4,mid,high
5,0.9157131379343662,0.2115908744153394,0.35844646948060666,1.0,0.8964438985806212,3.186038338785907,0.3643397225237516,0.4952501606101041,0.7535945403681242,ETTh2,raw,2976,3072,raw:2976:5,high,high
6,0.5836361774473331,0.04446372424463009,0.8670075258332204,0.25,0.3777522744165545,3.186038338785907,0.3643397225237516,0.49836914250839454,0.33069733231343534,ETTh2,raw,2976,3072,raw:2976:6,high,low
0,0.7308149859389463,0.13008727703542658,0.43025754081913126,0.75,0.9562849757539758,3.439972799338731,0.4066621325453516,0.4303866012645014,0.7043157027664425,ETTh2,raw,3024,3120,raw:3024:0,high,high
1,0.7499271921394319,0.10527854470377287,0.28027234331461603,0.25,0.8720907776531079,3.439972799338731,0.4066621325453516,0.37849269338594027,0.5095843033994866,ETTh2,raw,3024,3120,raw:3024:1,mid,mid
2,0.7949307631848817,0.18140991412476884,0.6762410822662016,0.5,0.9417970247882522,3.439972799338731,0.4066621325453516,0.550860586525284,0.6161530524445346,ETTh2,raw,3024,3120,raw:3024:2,high,high
3,0.7303021233544088,0.22079910489086518,0.22455640779938132,0.5,0.9135956974829664,3.439972799338731,0.4066621325453516,0.3918858786815518,0.6067526100094394,ETTh2,raw,3024,3120,raw:3024:3,mid,high
4,0.21665513583625173,0.11228769468923587,0.52656592012252,0.625,0.8448838728688709,3.439972799338731,0.4066621325453516,0.2851695835493359,0.6255153351380741,ETTh2,raw,3024,3120,raw:3024:4,low,high
5,0.7255693518321509,0.17744607603969542,0.3762888267361759,0.375,0.9721170350631182,3.439972799338731,0.4066621325453516,0.4264347515360074,0.58459305586949,ETTh2,raw,3024,3120,raw:3024:5,high,mid
6,0.5410867773984425,0.40988737277290654,0.6455652840690691,0.25,0.6124405048733268,3.439972799338731,0.4066621325453516,0.5321798114134727,0.4230342124728928,ETTh2,raw,3024,3120,raw:3024:6,high,mid
0,0.9393299442412268,0.159705071750819,0.08972250184777933,0.75,0.8953808557423744,3.37039392047113,0.39506565275341227,0.39625250594660844,0.6801488361652622,ETTh2,raw,3048,3144,raw:3048:0,mid,high
1,0.8374175580233816,0.09060788772581321,0.11144454865586217,0.25,0.7530038648298353,3.37039392047113,0.39506565275341227,0.34648999813501896,0.4660231725277492,ETTh2,raw,3048,3144,raw:3048:1,mid,mid
2,0.9067339916257107,0.12030559798855453,0.1102750612559667,0.75,0.8783185183258804,3.37039392047113,0.39506565275341227,0.3791048836234106,0.6744613903597642,ETTh2,raw,3048,3144,raw:3048:2,mid,high
3,0.8097608273672752,0.11037984091616566,0.182500857778521,0.625,0.8008597999605326,3.37039392047113,0.39506565275341227,0.36754717535398723,0.6069751509046483,ETTh2,raw,3048,3144,raw:3048:3,mid,high
4,0.39444088461009774,0.10492569075880084,0.5602868226942035,0.25,0.858643372131704,3.37039392047113,0.39506565275341227,0.3532177993543673,0.501236341628372,ETTh2,raw,3048,3144,raw:3048:4,mid,mid
5,0.8475551527704019,0.16518867504795057,0.9999999922846761,0.625,0.9310827651095629,3.37039392047113,0.39506565275341227,0.6709146067010096,0.650382805954325,ETTh2,raw,3048,3144,raw:3048:5,high,high
6,0.6881919916109037,0.6162963743901366,0.8005778586774112,0.25,0.6310129710447828,3.37039392047113,0.39506565275341227,0.7016887415594838,0.42535954126606507,ETTh2,raw,3048,3144,raw:3048:6,high,mid
0,0.574731985692263,0.21350914138235189,0.7949797729090036,0.625,0.9729490490419699,3.47582973819684,0.4126382890117429,0.5277402999945395,0.6701957793512375,ETTh2,raw,3072,3168,raw:3072:0,high,high
1,0.5045032331918002,0.1960062350674215,0.8534489096200635,0.5,0.8412354303091976,3.47582973819684,0.4126382890117429,0.5179861259597618,0.5846245731069801,ETTh2,raw,3072,3168,raw:3072:1,high,mid
2,0.717632757795831,0.2597510461075722,0.5467955359407521,0.625,0.9386782191209013,3.47582973819684,0.4126382890117429,0.5080597799480518,0.658772169377548,ETTh2,raw,3072,3168,raw:3072:2,high,high
3,0.5707680125566261,0.2741848201358956,0.6101503689735789,0.75,0.9169170955619189,3.47582973819684,0.4126382890117429,0.48503440055536684,0.6931851281912206,ETTh2,raw,3072,3168,raw:3072:3,high,high
4,0.169249384679097,0.11857769969809426,0.5194120853674196,0.25,0.9146782421206188,3.47582973819684,0.4126382890117429,0.2690797232482036,0.5257721770441205,ETTh2,raw,3072,3168,raw:3072:4,low,mid
5,0.9493018513537322,0.16251530027411565,0.2151644838913751,0.375,0.9149249947734298,3.47582973819684,0.4126382890117429,0.442327211839741,0.5675210945950576,ETTh2,raw,3072,3168,raw:3072:5,high,mid
6,0.8122432099734201,0.07408368449121241,0.060567860835482885,0.125,0.6557829186164094,3.47582973819684,0.4126382890117429,0.31563158510003847,0.3978070692093841,ETTh2,raw,3072,3168,raw:3072:6,low,low
0,0.3466990927908026,0.1417094722816893,0.6425109511754333,0.625,0.8499140891836473,3.566216546678743,0.4277027570669526,0.37697317208264175,0.6342056154168666,ETTh2,raw,3120,3216,raw:3120:0,mid,high
1,0.4601347232336378,0.24703403214426314,0.4421564983086677,0.875,0.9403562834586289,3.566216546678743,0.4277027570669526,0.38310841789552286,0.7476863468418605,ETTh2,raw,3120,3216,raw:3120:1,mid,high
2,0.4088574278342689,0.08404971521910591,0.737268391587578,0.5,0.7612026983123928,3.566216546678743,0.4277027570669526,0.4100585115469843,0.5629684851264485,ETTh2,raw,3120,3216,raw:3120:2,mid,mid
3,0.4028108186977005,0.22089980033584616,0.4557274923080932,0.875,0.9376339765663995,3.566216546678743,0.4277027570669526,0.3598127037805466,0.7467789112111173,ETTh2,raw,3120,3216,raw:3120:3,mid,high
4,0.31497682499168844,0.13742063557113382,0.4987447659741766,0.625,0.9267866937905953,3.566216546678743,0.4277027570669526,0.3170474088456663,0.659829816952516,ETTh2,raw,3120,3216,raw:3120:4,low,high
5,0.9449031496984707,0.16284727276569383,0.5310798728533819,0.25,0.8669594934330739,3.566216546678743,0.4277027570669526,0.5462767651058488,0.5148874168333423,ETTh2,raw,3120,3216,raw:3120:5,high,mid
6,0.2384257079877533,0.047566385710139554,0.44601288318445587,0.25,0.695900307774325,3.566216546678743,0.4277027570669526,0.24400165896078288,0.45786768828042584,ETTh2,raw,3120,3216,raw:3120:6,low,mid
0,0.2717265540241105,0.05209589119950363,0.5359564011725448,0.75,0.7820427723943432,1.866369712816958,0.14439495189550142,0.28659294879871966,0.5588125747632816,ETTh2,raw,3144,3240,raw:3144:0,low,mid
1,0.29996383943930127,0.3047022819223187,0.28988999889783995,1.0,0.9550914613455963,1.866369712816958,0.14439495189550142,0.29818537341982,0.6998288044136992,ETTh2,raw,3144,3240,raw:3144:1,low,high
2,0.36073117305452784,0.04556773748073555,0.35624578156961834,0.5,0.7227543378295049,1.866369712816958,0.14439495189550142,0.25418156403496056,0.45571642990833544,ETTh2,raw,3144,3240,raw:3144:2,low,mid
3,0.5241923938944928,0.30464520597803296,0.5392583331028814,1.0,0.932991563038531,1.866369712816958,0.14439495189550142,0.456031977658469,0.6924621716446775,ETTh2,raw,3144,3240,raw:3144:3,high,high
4,0.1233187217616506,0.08944055531578128,0.6062969990895428,0.375,0.8417573248003933,1.866369712816958,0.14439495189550142,0.2730187587223249,0.45371742556529826,ETTh2,raw,3144,3240,raw:3144:4,low,mid
5,0.9999942178140662,0.2524208311600405,0.13392141242410815,0.5,0.8886584802394629,1.866369712816958,0.14439495189550142,0.4621121537994049,0.5110178107116548,ETTh2,raw,3144,3240,raw:3144:5,high,mid
6,0.6553950930586809,0.1771553215958089,0.7004209262136847,0.25,0.5981885795043934,1.866369712816958,0.14439495189550142,0.5109904469560581,0.33086117713329827,ETTh2,raw,3144,3240,raw:3144:6,high,low
0,0.4599739626318413,0.04226770114910826,0.3471673940997214,0.625,0.7749859644253976,1.049042929289204,0.008173821534577642,0.28313635262689035,0.4693865953199918,ETTh2,raw,3192,3288,raw:3192:0,low,mid
1,0.5307969293833534,0.1803358066553469,0.3205766371290698,0.875,0.8019174470602793,1.049042929289204,0.008173821534577642,0.34390312438925674,0.561697089531619,ETTh2,raw,3192,3288,raw:3192:1,mid,mid
2,0.41460812563353344,0.03610808852555816,0.3674837760817591,0.25,0.6678613735784066,1.049042929289204,0.008173821534577642,0.27273333008028355,0.30867839837099476,ETTh2,raw,3192,3288,raw:3192:2,low,low
3,0.4791255396355514,0.16207489080792725,0.29325560789637395,0.625,0.8712794180333819,1.049042929289204,0.008173821534577642,0.3114853461132842,0.5014844131893199,ETTh2,raw,3192,3288,raw:3192:3,low,mid
4,0.0816847513147465,0.06534351261677421,0.4803650275003379,0.25,0.7576088029619935,1.049042929289204,0.008173821534577642,0.20913109714395287,0.33859420816552377,ETTh2,raw,3192,3288,raw:3192:4,low,low
5,0.9999998363839093,0.1695301986380225,0.3578999411963436,0.25,0.9355605750801833,1.049042929289204,0.008173821534577642,0.5091433254060918,0.39791146553825363,ETTh2,raw,3192,3288,raw:3192:5,high,low
6,0.5093010198061914,0.013447011393657806,0.651753673752383,0.25,0.4339291139061636,1.049042929289204,0.008173821534577642,0.3915005683174107,0.2307009784802471,ETTh2,raw,3192,3288,raw:3192:6,mid,low
0,0.39820503573318955,0.13843677447300612,0.4556348796230497,0.625,0.8716878569867882,1.0579471329566859,0.00965785547668455,0.33075889660974844,0.5021152374878243,ETTh2,raw,3216,3312,raw:3216:0,mid,mid
1,0.4508065749139558,0.2767527787839392,0.43517111457365026,1.0,0.9337714500372319,1.0579471329566859,0.00965785547668455,0.3875768227571818,0.6478097685046389,ETTh2,raw,3216,3312,raw:3216:1,mid,high
2,0.266342204921152,0.0898493055220401,0.4372136128573562,0.375,0.7350150815567603,1.0579471329566859,0.00965785547668455,0.2644683744335161,0.3732243123444816,ETTh2,raw,3216,3312,raw:3216:2,low,low
3,0.40614586485969617,0.2544882006815647,0.4970442632462405,1.0,0.9319561386956157,1.0579471329566859,0.00965785547668455,0.38589277626250046,0.6472046647241001,ETTh2,raw,3216,3312,raw:3216:3,mid,high
4,0.5369232165106788,0.204549749371416,0.7252704013193809,0.25,0.8023259686069937,1.0579471329566859,0.00965785547668455,0.4889144557338252,0.3539946080278928,ETTh2,raw,3216,3312,raw:3216:4,high,low
5,0.9999999970813515,0.16169913521127044,0.48778615915271667,0.625,0.9443163920405053,1.0579471329566859,0.00965785547668455,0.5498284304817794,0.5263247491723967,ETTh2,raw,3216,3312,raw:3216:5,high,mid
6,0.5295299097338952,0.11152214445211758,0.02292903398047599,0.25,0.586506781442531,1.0579471329566859,0.00965785547668455,0.22132702938882962,0.28205487897307185,ETTh2,raw,3216,3312,raw:3216:6,low,low
0,0.5429331182540031,0.19037682439555276,0.5304336247624848,0.625,0.883473402998826,3.3139899352404396,0.38566498856396497,0.4212478558040136,0.6313794638542637,ETTh2,raw,3240,3336,raw:3240:0,mid,high
1,0.25356568801261103,0.3220200810762124,0.49322938708721203,1.0,0.9448711026603566,3.3139899352404396,0.38566498856396497,0.3562717187253452,0.7768453637414406,ETTh2,raw,3240,3336,raw:3240:1,mid,high
2,0.2700595276111797,0.0922401504181716,0.3378753715147228,0.375,0.7238001223741853,3.3139899352404396,0.38566498856396497,0.23339168318135803,0.49482170364605005,ETTh2,raw,3240,3336,raw:3240:2,low,mid
3,0.4052365453011213,0.18898967089060584,0.4179513997106518,1.0,0.8945489524315086,3.3139899352404396,0.38566498856396497,0.3373925386341263,0.7600713136651579,ETTh2,raw,3240,3336,raw:3240:3,mid,high
4,0.2250330753855846,0.03862905262132871,0.6684537012852519,0.375,0.7541947065614705,3.3139899352404396,0.38566498856396497,0.3107052764307217,0.5049532317084785,ETTh2,raw,3240,3336,raw:3240:4,low,mid
5,0.9999999970425256,0.18659338782057794,0.0362190612672534,0.625,0.8351222394958692,3.3139899352404396,0.38566498856396497,0.407604148710119,0.615262409353278,ETTh2,raw,3240,3336,raw:3240:5,mid,high
6,0.5980772316801899,0.022053758631020656,0.29679599131861134,0.25,0.5061867803105053,3.3139899352404396,0.38566498856396497,0.3056423272099406,0.38061725629149007,ETTh2,raw,3240,3336,raw:3240:6,low,low
0,0.42718848248319297,0.27207684743089205,0.5926634744430634,0.75,0.8500125780785511,3.238320100640799,0.37305334948504426,0.43064293478571614,0.6576886425211985,ETTh2,raw,3288,3384,raw:3288:0,high,high
1,0.15112927366751017,0.2336771210003175,0.6369301382418919,1.0,0.8560322424580485,3.238320100640799,0.37305334948504426,0.34057884430323987,0.7430285306476976,ETTh2,raw,3288,3384,raw:3288:1,mid,high
2,0.21595517001897402,0.3078199380982677,0.5423816067711525,0.75,0.8709851721473795,3.238320100640799,0.37305334948504426,0.3553855716294647,0.6646795072108079,ETTh2,raw,3288,3384,raw:3288:2,mid,high
3,0.22506941560983218,0.18685631119710253,0.5308027619534527,1.0,0.8269692199964555,3.238320100640799,0.37305334948504426,0.3142428295867958,0.7333408564938332,ETTh2,raw,3288,3384,raw:3288:3,low,high
4,0.1321923351444062,0.038459294427444835,0.5084304111841325,0.375,0.7219411798713691,3.238320100640799,0.37305334948504426,0.2263606802519945,0.4899981764521378,ETTh2,raw,3288,3384,raw:3288:4,low,mid
5,0.06852259078021772,0.10452796364267192,0.24163344522995794,0.5,0.7620718540933074,3.238320100640799,0.37305334948504426,0.13822799988428253,0.5450417345261173,ETTh2,raw,3288,3384,raw:3288:5,low,mid
6,0.13857736984355096,0.06769735173386317,0.4235045289076587,0.25,0.7110924279408993,3.238320100640799,0.37305334948504426,0.20992641682835758,0.4447152591419812,ETTh2,raw,3288,3384,raw:3288:6,low,mid
0,0.15569597186941253,0.2336828048499594,0.6014788343689207,0.625,0.8539804707225127,2.9771913734893722,0.3295318950323422,0.3302858703627642,0.6028374552516184,ETTh2,raw,3312,3408,raw:3312:0,mid,high
1,0.09184961682908754,0.21648273632479126,0.5664002748472031,1.0,0.8037268090467028,2.9771913734893722,0.3295318950323422,0.2915775426670273,0.711086234693015,ETTh2,raw,3312,3408,raw:3312:1,low,high
2,0.2206967325529049,0.21231900721459124,0.5613540534108361,0.75,0.8863351222866418,2.9771913734893722,0.3295318950323422,0.33145659772611075,0.6552890057729946,ETTh2,raw,3312,3408,raw:3312:2,mid,high
3,0.21702573916966594,0.20350829598414397,0.5298645313865552,1.0,0.7960953584096241,2.9771913734893722,0.3295318950323422,0.3167995221801217,0.7085424178139887,ETTh2,raw,3312,3408,raw:3312:3,low,high
4,0.06953326222218204,0.15059889382224267,0.6849240269458402,0.25,0.6775806063467827,2.9771913734893722,0.3295318950323422,0.3016853943300883,0.4190375004597083,ETTh2,raw,3312,3408,raw:3312:4,low,mid
5,0.9482624486753474,0.19697569612439247,0.5081519058337559,0.375,0.7330217095259642,2.9771913734893722,0.3295318950323422,0.5511300168778318,0.4791845348527688,ETTh2,raw,3312,3408,raw:3312:5,high,mid
6,0.9257271079164455,0.023158475805035376,0.25809741410159925,0.25,0.755995382481246,2.9771913734893722,0.3295318950323422,0.4023276659410267,0.44517575917119606,ETTh2,raw,3312,3408,raw:3312:6,mid,mid
0,0.12694135225515413,0.21021211036027854,0.6407624851034747,1.0,0.8372049517752195,1.244692996827438,0.040782166069936066,0.3259719825729691,0.6259957059483852,ETTh2,raw,3360,3456,raw:3360:0,mid,high
1,0.30029310143372245,0.14320092906111215,0.4843731840046889,1.0,0.8073569715944031,1.244692996827438,0.040782166069936066,0.30928907149984114,0.6160463792214464,ETTh2,raw,3360,3456,raw:3360:1,low,high
2,0.2707777742662332,0.22538296324172521,0.6689900683687938,0.75,0.8160133318002405,1.244692996827438,0.040782166069936066,0.38838360195891736,0.5355984992900589,ETTh2,raw,3360,3456,raw:3360:2,mid,mid
3,0.26896544782191156,0.20940097205740285,0.3902191200268943,0.875,0.8204152912433901,1.244692996827438,0.040782166069936066,0.2895285133020696,0.5787324857711087,ETTh2,raw,3360,3456,raw:3360:3,low,mid
4,0.44250484788477296,0.061560377398041766,0.4165669854258101,0.75,0.7707514670466477,1.244692996827438,0.040782166069936066,0.30687740356954163,0.5205112110388613,ETTh2,raw,3360,3456,raw:3360:4,low,mid
5,0.8586298061911559,0.1272978481392069,0.7505403272766743,0.625,0.7727354181289922,1.244692996827438,0.040782166069936066,0.5788226605356791,0.4795058613996428,ETTh2,raw,3360,3456,raw:3360:5,high,mid
6,0.692359854412414,0.40167056328616435,0.48158566299442174,0.25,0.8029167828242825,1.244692996827438,0.040782166069936066,0.5252053602310001,0.36456631629807285,ETTh2,raw,3360,3456,raw:3360:6,high,low
0,0.31147308372857996,0.14942463161334163,0.5617875490242678,0.625,0.8050152496170774,1.5415748563485585,0.09026247590765563,0.34089508812206315,0.5067592418415776,ETTh2,raw,3384,3480,raw:3384:0,mid,mid
1,0.280739245908586,0.2599595091460318,0.5270796430967649,1.0,0.9177629192252929,1.5415748563485585,0.09026247590765563,0.35592613271712753,0.6693417983776495,ETTh2,raw,3384,3480,raw:3384:1,mid,high
2,0.276288233494831,0.12314812624326107,0.4940778064557707,0.125,0.7260964448005156,1.5415748563485585,0.09026247590765563,0.29783805539795427,0.31378630690272374,ETTh2,raw,3384,3480,raw:3384:2,low,low
3,0.5215300549693234,0.23591353277978958,0.5502557892589246,1.0,0.9299515077860021,1.5415748563485585,0.09026247590765563,0.43589979233601256,0.6734046612312192,ETTh2,raw,3384,3480,raw:3384:3,high,high
4,0.15979551567813255,0.09533112404119398,0.582164497907044,0.375,0.7594331457378728,1.5415748563485585,0.09026247590765563,0.27909704587545686,0.40823187388184284,ETTh2,raw,3384,3480,raw:3384:4,low,low
5,0.5974727608909233,0.07816053747674813,0.5158320707591373,0.5,0.7518366567060715,1.5415748563485585,0.09026247590765563,0.3971551230422696,0.44736637753790903,ETTh2,raw,3384,3480,raw:3384:5,mid,mid
6,0.8574333047972312,0.2203002506033609,0.041231542979349244,0.0,0.5006883505033085,1.5415748563485585,0.09026247590765563,0.3729883661266471,0.19698360880365473,ETTh2,raw,3384,3480,raw:3384:6,mid,low
0,0.5479179587884226,0.10366404716295002,0.5751229390555554,0.375,0.7176906146301854,2.006377153925927,0.16772952537477198,0.4089016483356427,0.4201400466683191,ETTh2,raw,3432,3528,raw:3432:0,mid,mid
1,0.5819711802917609,0.1380100999237121,0.3411881419753779,1.0,0.909169730325539,2.006377153925927,0.16772952537477198,0.35372314073028366,0.6922997519001037,ETTh2,raw,3432,3528,raw:3432:1,mid,high
2,0.5869515449627357,0.08807094617172592,0.4867509164476381,0.375,0.6760311989449943,2.006377153925927,0.16772952537477198,0.3872578025273666,0.4062535747732554,ETTh2,raw,3432,3528,raw:3432:2,mid,low
3,0.5210428996320036,0.17955512969268245,0.3481783940036369,1.0,0.9207728194036054,2.006377153925927,0.16772952537477198,0.349592141109441,0.6961674482594592,ETTh2,raw,3432,3528,raw:3432:3,mid,high
4,0.1778810307230989,0.16850278153237103,0.6220093489016137,0.375,0.8173904168089231,2.006377153925927,0.16772952537477198,0.3227977203856946,0.45337331406123166,ETTh2,raw,3432,3528,raw:3432:4,low,mid
5,0.6568967873480952,0.310854791256329,0.653971095192193,0.75,0.849120182497158,2.006377153925927,0.16772952537477198,0.5405742245988724,0.5889499026239766,ETTh2,raw,3432,3528,raw:3432:5,high,mid
6,0.9866913577767746,0.1069907878860811,0.01631870975253315,0.125,0.4744686042996117,2.006377153925927,0.16772952537477198,0.370000285138463,0.25573270989146124,ETTh2,raw,3432,3528,raw:3432:6,mid,low
0,0.342852668549704,0.10804091134741609,0.543584991347288,0.5,0.7914429891520061,3.170367557824536,0.3617279257012095,0.33149285708146936,0.5510569716177386,ETTh2,raw,3456,3552,raw:3456:0,mid,mid
1,0.3014486779864278,0.09466897486577038,0.46364318303478513,0.75,0.861126377131482,3.170367557824536,0.3617279257012095,0.2865869452956611,0.6576181009442306,ETTh2,raw,3456,3552,raw:3456:1,low,high
2,0.25552961577195765,0.0871403831056616,0.5098613728560444,0.5,0.7430091634338318,3.170367557824536,0.3617279257012095,0.28417712391122124,0.5349123630450138,ETTh2,raw,3456,3552,raw:3456:2,low,mid
3,0.5700194886977195,0.1558612069431225,0.36895651900092,0.875,0.9072133503242619,3.170367557824536,0.3617279257012095,0.3649457382139207,0.7146470920084904,ETTh2,raw,3456,3552,raw:3456:3,mid,high
4,0.3227086511860364,0.13437327268534827,0.5018826187954372,0.375,0.8360343878213746,3.170367557824536,0.3617279257012095,0.3196548475556073,0.5242541045075281,ETTh2,raw,3456,3552,raw:3456:4,low,mid
5,0.5905930745289285,0.2910268321597782,0.49999999988851546,0.625,0.8477991074656889,3.170367557824536,0.3617279257012095,0.46053996885907406,0.6115090110556328,ETTh2,raw,3456,3552,raw:3456:5,high,high
6,0.5855186145763364,0.2748910241827555,0.604862164013826,0.125,0.6299888712766307,3.170367557824536,0.3617279257012095,0.4884239342576393,0.37223893232594674,ETTh2,raw,3456,3552,raw:3456:6,high,low
0,0.16780824610771405,0.06758111335033595,0.5225047291129439,0.375,0.7544365717291109,2.7634965850694435,0.2939160970217138,0.252631362856998,0.4744508895836082,ETTh2,raw,3480,3576,raw:3480:0,low,mid
1,0.5606784449637074,0.18303238526372723,0.4787572703151777,1.0,0.9101025908156487,2.7634965850694435,0.2939160970217138,0.40748936684753745,0.7346728959457874,ETTh2,raw,3480,3576,raw:3480:1,mid,high
2,0.3389863367395324,0.07316104300743123,0.3878519742225084,0.25,0.7395775291394606,2.7634965850694435,0.2939160970217138,0.2666664513231573,0.4278312087203915,ETTh2,raw,3480,3576,raw:3480:2,low,mid
3,0.2822289141760166,0.24269674179726636,0.3358413595636877,1.0,0.951370747321301,2.7634965850694435,0.2939160970217138,0.28692233851232357,0.7484289481143382,ETTh2,raw,3480,3576,raw:3480:3,low,high
4,0.1595986685678159,0.2309328867884874,0.3277709975437827,0.25,0.8612568083977199,2.7634965850694435,0.2939160970217138,0.23943418430002864,0.4683909684731446,ETTh2,raw,3480,3576,raw:3480:4,low,mid
5,0.30435570186845684,0.2518771979758641,0.8397875560469646,0.5,0.8850077567740132,2.7634965850694435,0.2939160970217138,0.4653401519637619,0.5596412845985757,ETTh2,raw,3480,3576,raw:3480:5,high,mid
6,0.8936456638815004,0.16075289014221925,0.01366848217292268,0.5,0.6662034264685801,2.7634965850694435,0.2939160970217138,0.3560223453988807,0.486706507830098,ETTh2,raw,3480,3576,raw:3480:6,mid,mid
0,0.4220976044938872,0.15780491522652973,0.6242680664917392,0.875,0.7978790828172403,2.3265834649171193,0.22109724378435783,0.401390195404052,0.6313254422005327,ETTh2,raw,3528,3624,raw:3528:0,mid,high
1,0.15130721709241102,0.17414989207504464,0.56513432330984,1.0,0.902436534661371,2.3265834649171193,0.22109724378435783,0.29686381082576524,0.7078445928152429,ETTh2,raw,3528,3624,raw:3528:1,low,high
2,0.2933120285872519,0.17624964949228641,0.5910301006077372,0.75,0.8186088162693876,2.3265834649171193,0.22109724378435783,0.35353059289575856,0.5965686866845819,ETTh2,raw,3528,3624,raw:3528:2,mid,mid
3,0.08844032643075861,0.2049425525016399,0.5303467333263633,1.0,0.9407476675485367,2.3265834649171193,0.22109724378435783,0.27457653741958726,0.7206149704442981,ETTh2,raw,3528,3624,raw:3528:3,low,high
4,0.04843300933217509,0.0668260231751795,0.4840130325576,0.375,0.8776034460960378,2.3265834649171193,0.22109724378435783,0.1997573550216515,0.49123356329346524,ETTh2,raw,3528,3624,raw:3528:4,low,mid
5,0.44574162737670897,0.23296857241629593,0.2247828904911118,1.0,0.9639571562773513,2.3265834649171193,0.22109724378435783,0.30116436342803893,0.7283514666872364,ETTh2,raw,3528,3624,raw:3528:5,low,high
6,0.6381517954369995,0.06465608684624403,0.5270053215397438,0.25,0.39519666149985044,2.3265834649171193,0.22109724378435783,0.4099377346076625,0.2887646350947361,ETTh2,raw,3528,3624,raw:3528:6,mid,low
0,0.3109519096091433,0.1498218238452601,0.3739397318089233,0.5,0.8333768559751028,2.6782876020738495,0.2797145998794506,0.2782378217544423,0.5376971519515178,ETTh2,raw,3552,3648,raw:3552:0,low,mid
1,0.28497350954824563,0.16385382611907395,0.46816058228170127,1.0,0.8888484325681365,2.6782876020738495,0.2797145998794506,0.30566263931634025,0.7228543441491957,ETTh2,raw,3552,3648,raw:3552:1,low,high
2,0.2166917770218163,0.19067689147359415,0.41958712601457915,0.5,0.8076858855932985,2.6782876020738495,0.2797145998794506,0.27565193150332984,0.529133495157583,ETTh2,raw,3552,3648,raw:3552:2,low,mid
3,0.3825778180213639,0.19548837791800278,0.5027576471915252,1.0,0.8556762572918177,2.6782876020738495,0.2797145998794506,0.36027461437696395,0.7117969523904227,ETTh2,raw,3552,3648,raw:3552:3,mid,high
4,0.15868399828576119,0.16362691781955785,0.5773863043933959,0.375,0.857672969930623,2.6782876020738495,0.2797145998794506,0.2998990734995716,0.5041291899366912,ETTh2,raw,3552,3648,raw:3552:4,low,mid
5,0.5184701163405919,0.22613447164166983,0.44041009766322,1.0,0.9644041996662593,2.6782876020738495,0.2797145998794506,0.3950048952151606,0.7480395998485699,ETTh2,raw,3552,3648,raw:3552:5,mid,high
6,0.3181234503783458,0.008514682688383422,0.6962991975374809,0.25,0.41806076567294864,2.6782876020738495,0.2797145998794506,0.3409791102014033,0.31592512185079974,ETTh2,raw,3552,3648,raw:3552:6,mid,low
0,0.3213812477911676,0.15106223262221194,0.5238950024355716,0.375,0.7770224043262167,2.8385858332380476,0.306430971695623,0.33211282761631705,0.4861511253406132,ETTh2,raw,3600,3696,raw:3600:0,mid,mid
1,0.16806149768955758,0.19347060940002375,0.5637165904422146,1.0,0.8584142231299564,2.8385858332380476,0.306430971695623,0.30841623251059863,0.7216150649418598,ETTh2,raw,3600,3696,raw:3600:1,low,high
2,0.3040505054032865,0.17171184990033136,0.4705705160371568,0.25,0.7328091609988951,2.8385858332380476,0.306430971695623,0.3154442904469249,0.42974671089817273,ETTh2,raw,3600,3696,raw:3600:2,low,mid
3,0.14908011687710332,0.20014542363626836,0.5335884947449425,1.0,0.832255284492614,2.8385858332380476,0.306430971695623,0.29427134508610475,0.7128954187294122,ETTh2,raw,3600,3696,raw:3600:3,low,high
4,0.5594833210187659,0.10935024925803281,0.5714662218156299,0.5,0.7111439825921724,2.8385858332380476,0.306430971695623,0.41343326403080954,0.5058583180959318,ETTh2,raw,3600,3696,raw:3600:4,mid,mid
5,0.5962608644018259,0.2709855243877055,0.5827495033177336,0.75,0.7291234945265272,2.8385858332380476,0.306430971695623,0.48333196403575496,0.5951848220740501,ETTh2,raw,3600,3696,raw:3600:5,high,mid
6,0.2569144448708871,0.018128449826208475,0.5923791348251405,0.25,0.44088172519418345,2.8385858332380476,0.306430971695623,0.28914067650741204,0.3324375656299355,ETTh2,raw,3600,3696,raw:3600:6,low,low
0,0.28964213740861156,0.07565181974651664,0.47759245108473586,0.5,0.7964856745751929,3.409143164987218,0.40152386016199654,0.2809621360799547,0.5660031782457299,ETTh2,raw,3624,3720,raw:3624:0,low,mid
1,0.09450490740378348,0.17981583768856713,0.5149141850032981,1.0,0.8484304875129096,3.409143164987218,0.40152386016199654,0.2630783100318829,0.749984782558302,ETTh2,raw,3624,3720,raw:3624:1,low,high
2,0.20158560239192302,0.08398912347402027,0.42459069684640327,0.5,0.7636578201667852,3.409143164987218,0.40152386016199654,0.2367218075707822,0.5550605601095939,ETTh2,raw,3624,3720,raw:3624:2,low,mid
3,0.2780968570120448,0.21208803135566995,0.4790395915223108,1.0,0.8400621387359991,3.409143164987218,0.40152386016199654,0.3230748266300085,0.7471953329659985,ETTh2,raw,3624,3720,raw:3624:3,low,high
4,0.20810716596458267,0.2113534906979623,0.339322110853392,0.5,0.8231643449497817,3.409143164987218,0.40152386016199654,0.25292758917197894,0.5748960683705928,ETTh2,raw,3624,3720,raw:3624:4,low,mid
5,0.5192543632544455,0.22227023817182473,0.8673045089017035,1.0,0.7796049019866517,3.409143164987218,0.40152386016199654,0.5362763701093246,0.727042920716216,ETTh2,raw,3624,3720,raw:3624:5,high,high
6,0.37322733162347277,0.034871607121497276,0.4072578876093285,0.25,0.4336957659163111,3.409143164987218,0.40152386016199654,0.27178560878476615,0.36173987535943586,ETTh2,raw,3624,3720,raw:3624:6,low,low
0,0.11089530092307065,0.18521364628156056,0.5625818767078107,0.75,0.8502340927129913,3.4167537011336524,0.4027922828509549,0.28623027463748063,0.6676754585213155,ETTh2,raw,3648,3744,raw:3648:0,low,high
1,0.3783094036841047,0.30445808813796815,0.49679181062485384,1.0,0.866831756612601,3.4167537011336524,0.4027922828509549,0.3931864341489755,0.756541346487852,ETTh2,raw,3648,3744,raw:3648:1,mid,high
2,0.12138918400109722,0.16661495253073255,0.4416334266814725,0.75,0.8249118332648142,3.4167537011336524,0.4027922828509549,0.24321252107110078,0.6592347053719231,ETTh2,raw,3648,3744,raw:3648:2,low,high
3,0.39878144297022255,0.2990231292217285,0.5050792858048979,1.0,0.8420099960942872,3.4167537011336524,0.4027922828509549,0.4009612859989497,0.7482674263150807,ETTh2,raw,3648,3744,raw:3648:3,mid,high
4,0.4872995298658054,0.1949608916121529,0.3912418455160098,0.625,0.8677952521428955,3.4167537011336524,0.4027922828509549,0.3578340889979894,0.6318625116646168,ETTh2,raw,3648,3744,raw:3648:4,mid,high
5,0.772024203350364,0.2618031342459478,0.49682534732732725,1.0,0.8383942357554972,3.4167537011336524,0.4027922828509549,0.510217561641213,0.7470621728688173,ETTh2,raw,3648,3744,raw:3648:5,high,high
6,0.18622482786543104,0.03877299690905321,0.4835183308308272,0.25,0.46936792171176284,3.4167537011336524,0.4027922828509549,0.23617205186843715,0.3740534015209059,ETTh2,raw,3648,3744,raw:3648:6,low,low
0,0.3887311950719021,0.08891322928997364,0.47555632410148907,0.75,0.8790738567022064,1.4826514093368006,0.0804419014220636,0.31773358282112163,0.5698385860414233,ETTh2,raw,3696,3792,raw:3696:0,low,mid
1,0.5085791430700168,0.24339323336127733,0.3425991289583288,1.0,0.9046149002630501,1.4826514093368006,0.0804419014220636,0.36485716846320765,0.6616856005617046,ETTh2,raw,3696,3792,raw:3696:1,mid,high
2,0.3409033106855842,0.055615692644252465,0.4625218899162291,0.75,0.8749969331271302,1.4826514093368006,0.0804419014220636,0.2863469644153553,0.5684796115163979,ETTh2,raw,3696,3792,raw:3696:2,low,mid
3,0.48318450751295194,0.21171947395773594,0.34354281730429076,1.0,0.880257334863824,1.4826514093368006,0.0804419014220636,0.3461489329249929,0.6535664120952959,ETTh2,raw,3696,3792,raw:3696:3,mid,high
4,0.7353461975058085,0.17791669041880534,0.49263560387587907,0.5,0.8639786729245316,1.4826514093368006,0.0804419014220636,0.4686328306001643,0.4814735247821984,ETTh2,raw,3696,3792,raw:3696:4,high,mid
5,0.2948771236104193,0.2773168715444392,0.5040626356193347,0.875,0.8072996315035812,1.4826514093368006,0.0804419014220636,0.3587522102580644,0.5875805109752149,ETTh2,raw,3696,3792,raw:3696:5,mid,mid
6,0.3199135952863318,0.055859028090124774,0.6908585397792287,0.25,0.4507106839482086,1.4826514093368006,0.0804419014220636,0.3555437210518951,0.2603841951234241,ETTh2,raw,3696,3792,raw:3696:6,mid,low
0,0.2695386676959186,0.0656307479207906,0.4544248643215965,0.5,0.8454058207434344,1.542655589743545,0.09044259813985317,0.2631980933127686,0.47861613962776256,ETTh2,raw,3720,3816,raw:3720:0,low,mid
1,0.4687005881253882,0.15757774785363166,0.41907370994831245,1.0,0.9354994060583801,1.542655589743545,0.09044259813985317,0.3484506819757774,0.6753140013994111,ETTh2,raw,3720,3816,raw:3720:1,mid,high
2,0.39201844748994297,0.06295391546504554,0.4475070932586688,0.625,0.8575444719904314,1.542655589743545,0.09044259813985317,0.3008264854045524,0.5243290233767616,ETTh2,raw,3720,3816,raw:3720:2,low,mid
3,0.3548050900762144,0.1885875159044939,0.4034206300455048,1.0,0.9427557754768816,1.542655589743545,0.09044259813985317,0.31560441200873773,0.6777327912055783,ETTh2,raw,3720,3816,raw:3720:3,low,high
4,0.36222687055839176,0.1261863473201641,0.4997437138675065,0.625,0.8249303431586712,1.542655589743545,0.09044259813985317,0.32938564391535413,0.5134576470995081,ETTh2,raw,3720,3816,raw:3720:4,mid,mid
5,0.18231693055480813,0.23790847035335952,0.4829463249597951,1.0,0.8565813349988024,1.542655589743545,0.09044259813985317,0.3010572419559876,0.6490079777128851,ETTh2,raw,3720,3816,raw:3720:5,low,high
6,0.16533153901136144,0.04409787388630699,0.3309140300637171,0.25,0.591129587006981,1.542655589743545,0.09044259813985317,0.18011448098712854,0.31052406171561137,ETTh2,raw,3720,3816,raw:3720:6,low,low
0,0.5649318965481644,0.1035992900616387,0.6899946159445632,0.625,0.7489874720399694,1.4033638060068379,0.06722730088909414,0.45284193418478874,0.4804049243096879,ETTh2,raw,3768,3864,raw:3768:0,high,mid
1,0.3885057360361224,0.18087045691364007,0.6118612125660389,1.0,0.8070290672781048,1.4033638060068379,0.06722730088909414,0.3937458018386004,0.6247521227223997,ETTh2,raw,3768,3864,raw:3768:1,mid,high
2,0.4792996689461122,0.10716638852176961,0.7052114978683586,0.5,0.7327630482847586,1.4033638060068379,0.06722730088909414,0.4305591851120802,0.4333301163912843,ETTh2,raw,3768,3864,raw:3768:2,high,mid
3,0.1930497449575571,0.16743323951205868,0.5583433964176209,1.0,0.8639605891099404,1.4033638060068379,0.06722730088909414,0.30627546029574554,0.6437292966663449,ETTh2,raw,3768,3864,raw:3768:3,low,high
4,0.3166174731858741,0.12269061893983244,0.299052156994973,0.375,0.705850796955531,1.4033638060068379,0.06722730088909414,0.2461200830402265,0.38269269928154176,ETTh2,raw,3768,3864,raw:3768:4,low,low
5,0.10437265511748195,0.23160696129620548,0.3085857670968156,0.625,0.8767775975752747,1.4033638060068379,0.06722730088909414,0.21485512783683436,0.5230016328214563,ETTh2,raw,3768,3864,raw:3768:5,low,mid
6,0.4055008889683971,0.14492273392251523,0.41582008813758337,0.25,0.5199679406678239,1.4033638060068379,0.06722730088909414,0.32208123700949853,0.27906508051897266,ETTh2,raw,3768,3864,raw:3768:6,low,low
0,0.2988069382642231,0.08118848395420644,0.5246872001454163,0.5,0.6966626831267634,1.5347352002968002,0.08912253323426249,0.3015608741212819,0.428595072120342,ETTh2,raw,3792,3888,raw:3792:0,low,mid
1,0.43369616683630285,0.07460615775528406,0.4599047172460252,0.75,0.8156965338904194,1.5347352002968002,0.08912253323426249,0.3227356806125374,0.5516063557082272,ETTh2,raw,3792,3888,raw:3792:1,low,mid
2,0.13302974990064587,0.0835446887508584,0.5466538559788037,0.375,0.6736343764309103,1.5347352002968002,0.08912253323426249,0.254409431543436,0.37925230322172426,ETTh2,raw,3792,3888,raw:3792:2,low,low
3,0.3377115304425239,0.11127193167806915,0.49099849994349715,1.0,0.8627424485642124,1.5347352002968002,0.08912253323426249,0.31332732068803004,0.6506216605994916,ETTh2,raw,3792,3888,raw:3792:3,low,high
4,0.5981775887970422,0.0765369372700983,0.6193674244936828,0.375,0.6714850554016945,1.5347352002968002,0.08912253323426249,0.4313606501869411,0.3785358628786523,ETTh2,raw,3792,3888,raw:3792:4,high,low
5,0.8288823853792956,0.16182072877579362,0.4391818047121714,0.375,0.8637088815640598,1.5347352002968002,0.08912253323426249,0.47662830628908687,0.4426104715994408,ETTh2,raw,3792,3888,raw:3792:5,high,mid
6,0.30888953103009564,0.005214157425825768,0.3821163978658208,0.25,0.468604496390926,1.5347352002968002,0.08912253323426249,0.2320733621072474,0.26924234320839613,ETTh2,raw,3792,3888,raw:3792:6,low,low
0,0.20712401997189622,0.12741374665237148,0.5042470769537718,0.625,0.7945991113541397,1.6037492693603386,0.10062487805901496,0.2795949478593465,0.5067413298043849,ETTh2,raw,3816,3912,raw:3816:0,low,mid
1,0.3418544170746681,0.21695616015043143,0.43178810544306184,0.75,0.8927184269497518,1.6037492693603386,0.10062487805901496,0.3301995608893871,0.5811144350029223,ETTh2,raw,3816,3912,raw:3816:1,mid,mid
2,0.16903189983901934,0.12421430347736098,0.45812259788969706,0.5,0.735568462264002,1.6037492693603386,0.10062487805901496,0.25045626706869245,0.4453977801076723,ETTh2,raw,3816,3912,raw:3816:2,low,mid
3,0.3449511934148469,0.23661984917717027,0.44947669489842507,0.875,0.8844304746081728,1.6037492693603386,0.10062487805901496,0.3436825791634808,0.6200184508890626,ETTh2,raw,3816,3912,raw:3816:3,mid,high
4,0.2859830329678339,0.17824899422555096,0.33779791030674094,0.375,0.7359952431569187,1.6037492693603386,0.10062487805901496,0.26734331250004195,0.40387337373864446,ETTh2,raw,3816,3912,raw:3816:4,low,low
5,0.907002960867031,0.17083414874417768,0.6063527186843601,0.625,0.9325581696350045,1.6037492693603386,0.10062487805901496,0.5613966094318563,0.5527276825646731,ETTh2,raw,3816,3912,raw:3816:5,high,mid
6,0.7225045975341575,0.13778920685253232,0.0665054859676481,0.25,0.46378275017671033,1.6037492693603386,0.10062487805901496,0.30893309678477937,0.27146920941190844,ETTh2,raw,3816,3912,raw:3816:6,low,low
0,0.32782135542963586,0.14650960255975265,0.6823257873081642,0.25,0.7734008837083068,3.324668532723186,0.38744475480812307,0.38555224843251756,0.4702818795054766,ETTh2,raw,3864,3960,raw:3864:0,mid,mid
1,0.2713231161823241,0.0738891098494305,0.5653428463763029,1.0,0.9645348156379807,3.324668532723186,0.38744475480812307,0.3035183574693525,0.7839931901487013,ETTh2,raw,3864,3960,raw:3864:1,low,high
2,0.34339475857775037,0.13207319392825034,0.5152608004746828,0.25,0.715551551137371,3.324668532723186,0.38744475480812307,0.33024291766022784,0.450998768648498,ETTh2,raw,3864,3960,raw:3864:2,mid,mid
3,0.25426466314974205,0.11507025485427216,0.47525641544494496,1.0,0.9769499176920956,3.324668532723186,0.38744475480812307,0.2815304444829864,0.7881315575000728,ETTh2,raw,3864,3960,raw:3864:3,low,high
4,0.43986455150502424,0.06260325222251041,0.13893828448992182,0.125,0.7681843435664996,3.324668532723186,0.38744475480812307,0.21380202940581883,0.42687636612487423,ETTh2,raw,3864,3960,raw:3864:4,low,mid
5,0.4154919957218086,0.17717014357837607,0.22939558162665455,0.875,0.9691742069845132,3.324668532723186,0.38744475480812307,0.2740192403089464,0.7438729872642121,ETTh2,raw,3864,3960,raw:3864:5,low,high
6,0.37411930931146586,0.08281616685133086,0.40433341982041754,0.25,0.5753794171265957,3.324668532723186,0.38744475480812307,0.28708963199440474,0.4042747239782396,ETTh2,raw,3864,3960,raw:3864:6,low,low
0,0.39322150108267484,0.12062896354839658,0.4841809315163846,0.375,0.6993368464578488,3.2430312661041967,0.3738385437276352,0.332677132049152,0.48272513006182804,ETTh2,raw,3888,3984,raw:3888:0,mid,mid
1,0.5225411738455539,0.3417212256425886,0.4936385782148329,1.0,0.918359822373721,3.2430312661041967,0.3738385437276352,0.45263365923432514,0.7640661220337854,ETTh2,raw,3888,3984,raw:3888:1,high,high
2,0.43166301173878496,0.10748699917296667,0.4545339838192763,0.125,0.6714863378963657,3.2430312661041967,0.3738385437276352,0.33122799824367594,0.39010829387466694,ETTh2,raw,3888,3984,raw:3888:2,mid,low
3,0.463245043883708,0.250151919158789,0.4634652503382517,1.0,0.914947433665245,3.2430312661041967,0.3738385437276352,0.39228740446024957,0.7629286591309601,ETTh2,raw,3888,3984,raw:3888:3,mid,high
4,0.2064076822448111,0.09654399429761301,0.5585947997367243,0.375,0.6885879958846759,3.2430312661041967,0.3738385437276352,0.28718215875971614,0.4791421798707704,ETTh2,raw,3888,3984,raw:3888:4,low,mid
5,0.9803579405299327,0.11518556718552524,0.17577884767208063,0.5,0.9498120602859373,3.2430312661041967,0.3738385437276352,0.42377411846251284,0.6078835346711908,ETTh2,raw,3888,3984,raw:3888:5,high,high
6,0.5255989423474976,0.6531071768967988,0.8423986309053161,0.25,0.7395946323271919,3.2430312661041967,0.3738385437276352,0.6737015833832042,0.454477725351609,ETTh2,raw,3888,3984,raw:3888:6,high,mid
0,0.2812397788283646,0.1453192345207648,0.6331148286534616,0.5,0.7753051399898528,2.040998657970216,0.17349977603920308,0.35322461400086363,0.4829349720096854,ETTh2,raw,3936,4032,raw:3936:0,mid,mid
1,0.20392247443084,0.06388467244603219,0.4583063831555632,0.875,0.9616936175895228,2.040998657970216,0.17349977603920308,0.24203784334414513,0.6700644645429086,ETTh2,raw,3936,4032,raw:3936:1,low,high
2,0.23331476116742844,0.14968925526588753,0.6389876845112722,0.25,0.7158614957716151,2.040998657970216,0.17349977603920308,0.34066390031486266,0.37978709060360605,ETTh2,raw,3936,4032,raw:3936:2,mid,low
3,0.1862312433869917,0.0644004207553687,0.4808121573715407,1.0,0.9435015640595822,2.040998657970216,0.17349977603920308,0.24381460717130035,0.7056671133662618,ETTh2,raw,3936,4032,raw:3936:3,low,high
4,0.25613827682834267,0.09519099515556,0.6722497327317566,0.25,0.881909244750284,2.040998657970216,0.17349977603920308,0.3411930015718864,0.43513634026316234,ETTh2,raw,3936,4032,raw:3936:4,mid,mid
5,0.3004706731711948,0.09989362411337561,0.41857485660299837,0.5,0.9209567733600751,2.040998657970216,0.17349977603920308,0.2729797179625229,0.5314855164664261,ETTh2,raw,3936,4032,raw:3936:5,low,mid
6,0.8829006327717491,0.08757286943181092,0.19702090791562524,0.25,0.6721814520549362,2.040998657970216,0.17349977603920308,0.38916480337306175,0.36522707603137977,ETTh2,raw,3936,4032,raw:3936:6,mid,low
0,0.16210293914827711,0.3092906855314739,0.6708477460820047,0.75,0.9644458126551483,2.694387124518332,0.28239785361572556,0.38074712358725193,0.6656145554236246,ETTh2,raw,3960,4056,raw:3960:0,mid,high
1,0.48437257071062123,0.24548127031168207,0.767499658906427,0.75,0.9875476482756887,2.694387124518332,0.28239785361572556,0.49911783330957676,0.6733151672971381,ETTh2,raw,3960,4056,raw:3960:1,high,high
2,0.13075387412853468,0.24963889308103268,0.5836481043553908,0.375,0.9296790409537615,2.694387124518332,0.28239785361572556,0.3213469571883194,0.5290256315231624,ETTh2,raw,3960,4056,raw:3960:2,low,mid
3,0.2671165675138174,0.2932330094458738,0.6942966781124639,0.875,0.978485644145743,2.694387124518332,0.28239785361572556,0.418215418357385,0.7119611659204895,ETTh2,raw,3960,4056,raw:3960:3,mid,high
4,0.5548356064840094,0.1268296558909158,0.19250635620608306,0.5,0.897485814897597,2.694387124518332,0.28239785361572556,0.2913905395270027,0.5599612228377743,ETTh2,raw,3960,4056,raw:3960:4,low,mid
5,0.9006086897599066,0.1257797192168731,0.6452112183983886,0.75,0.9543534328050487,2.694387124518332,0.28239785361572556,0.5571998757917228,0.6622504288069248,ETTh2,raw,3960,4056,raw:3960:5,high,high
6,0.6911529048526834,0.6198006623551229,0.17201967432395238,0.25,0.7117597918165692,2.694387124518332,0.28239785361572556,0.49432441384391956,0.4147192151440982,ETTh2,raw,3960,4056,raw:3960:6,high,low
0,0.8432821748926655,0.2753339103683435,0.48266406018423536,0.125,0.7908663426991764,1.6481385748054052,0.10802309562086236,0.5337600484817481,0.3412964794400129,ETTh2,raw,3984,4080,raw:3984:0,high,low
1,0.7730754387609464,0.1203878803449197,0.6454948030661064,0.125,0.8470456200574834,1.6481385748054052,0.10802309562086236,0.5129860407239909,0.36002290522611524,ETTh2,raw,3984,4080,raw:3984:1,high,low
2,0.8308267198733116,0.27165759201135936,0.44820044782226903,0.125,0.8031888296643511,1.6481385748054052,0.10802309562086236,0.5168949199023133,0.3454039750950712,ETTh2,raw,3984,4080,raw:3984:2,high,low
3,0.7982595657484138,0.13076992346132624,0.505883554308076,0.25,0.8779060795626982,1.6481385748054052,0.10802309562086236,0.47830434783927195,0.41197639172785344,ETTh2,raw,3984,4080,raw:3984:3,high,low
4,0.3119488408487848,0.21219625798978628,0.44317198586049844,0.625,0.9188256734400926,1.6481385748054052,0.10802309562086236,0.3224390282330232,0.5506162563536516,ETTh2,raw,3984,4080,raw:3984:4,low,mid
5,0.784893945663313,0.25831418134924,0.5310454969922851,0.875,0.9315685140324096,1.6481385748054052,0.10802309562086236,0.5247512080016127,0.6381972032177573,ETTh2,raw,3984,4080,raw:3984:5,high,high
6,0.41910237496734926,0.16723668596649707,0.4138021084512858,0.25,0.5212114670896509,1.6481385748054052,0.10802309562086236,0.33338038979504403,0.29307818757017107,ETTh2,raw,3984,4080,raw:3984:6,mid,low
0,0.37135751873429934,0.04493331616746481,0.2132019581052688,0.0,0.6257524124399951,2.3831960389192095,0.23053267276898046,0.20983093100234432,0.2854283617363252,ETTh2,raw,4032,4128,raw:4032:0,low,low
1,0.5912513093759885,0.04404910472787357,0.41211499531618084,0.0,0.556183277324414,2.3831960389192095,0.23053267276898046,0.349138469806681,0.2622386500311315,ETTh2,raw,4032,4128,raw:4032:1,mid,low
2,0.41192278797474846,0.08132554288399714,0.2143985912672793,0.0,0.5591900095489006,2.3831960389192095,0.23053267276898046,0.23588230737534163,0.26324089410596035,ETTh2,raw,4032,4128,raw:4032:2,low,low
3,0.4256127140278251,0.031705484502395076,0.5063418545997966,0.0,0.5718616952841388,2.3831960389192095,0.23053267276898046,0.3212200177100056,0.26746478935103973,ETTh2,raw,4032,4128,raw:4032:3,low,low
4,0.36722765249047506,0.17740721652949448,0.4076285213531545,0.75,0.8210913353159214,2.3831960389192095,0.23053267276898046,0.31742113012437473,0.6005413360283006,ETTh2,raw,4032,4128,raw:4032:4,low,high
5,0.6563040203850002,0.15439822170372858,0.4942608531464434,1.0,0.8836313278891118,2.3831960389192095,0.23053267276898046,0.4349876984117241,0.7047213335526973,ETTh2,raw,4032,4128,raw:4032:5,high,high
6,0.38341799970182844,0.015125379246068825,0.8777616304922533,0.25,0.4400887841187704,2.3831960389192095,0.23053267276898046,0.4254350031467169,0.30687381896258364,ETTh2,raw,4032,4128,raw:4032:6,high,low
0,0.9425866994444024,0.08250407806394118,0.3139408345111033,0.125,0.731375197176668,1.754381168924746,0.12573019461124066,0.4463438706731489,0.3273684639293029,ETTh2,raw,4056,4152,raw:4056:0,high,low
1,0.9166947525306491,0.11105263682141762,0.38217356675137415,0.25,0.6362793185319237,1.754381168924746,0.12573019461124066,0.4699736520344803,0.3373365043810548,ETTh2,raw,4056,4152,raw:4056:1,high,low
2,0.9507364393143738,0.10171258229924288,0.4245715306517636,0.5,0.8344355520695415,1.754381168924746,0.12573019461124066,0.4923401840884601,0.4867219155602607,ETTh2,raw,4056,4152,raw:4056:2,high,mid
3,0.9840654125224608,0.15708058071668893,0.4855808115061877,0.375,0.7647979786680327,1.754381168924746,0.12573019461124066,0.5422422682484458,0.4218427244264244,ETTh2,raw,4056,4152,raw:4056:3,high,mid
4,0.2962920439412531,0.18181638390938953,0.43048933148881274,0.75,0.8773891819674099,1.754381168924746,0.12573019461124066,0.30286591977981847,0.5843731255262169,ETTh2,raw,4056,4152,raw:4056:4,low,mid
5,0.5812310248509396,0.26452148247972945,0.5046020525627727,1.0,0.9148579511083094,1.754381168924746,0.12573019461124066,0.4501181866311472,0.6801960485731834,ETTh2,raw,4056,4152,raw:4056:5,high,high
6,0.5768278622525471,0.3497642353508541,0.9705283416728225,0.375,0.6171743172677443,1.754381168924746,0.12573019461124066,0.6323734797587413,0.372634837292995,ETTh2,raw,4056,4152,raw:4056:6,high,low
0,0.360964159202664,0.11916498935763095,0.5425218605435168,0.25,0.8053314958475367,1.9332863440378887,0.15554772374706857,0.34088366970127054,0.4036264065315351,ETTh2,raw,4104,4200,raw:4104:0,mid,low
1,0.09119430053739475,0.1424791687880675,0.5035982549360553,0.5,0.9262197833271846,1.9332863440378887,0.15554772374706857,0.2457572414205058,0.5272558356914178,ETTh2,raw,4104,4200,raw:4104:1,low,mid
2,0.2809685903440825,0.12291734985212083,0.5209650843298893,0.25,0.8037798287613286,1.9332863440378887,0.15554772374706857,0.30828367484203084,0.4031091841694657,ETTh2,raw,4104,4200,raw:4104:2,low,low
3,0.12885486043769034,0.1501125459023817,0.5483400917708948,0.875,0.956814463570295,1.9332863440378887,0.15554772374706857,0.275769166036989,0.6624540624391212,ETTh2,raw,4104,4200,raw:4104:3,low,high
4,0.28135771324362246,0.1594029435812605,0.49929991135719215,1.0,0.8445360184555545,1.9332863440378887,0.15554772374706857,0.31335352272735834,0.6666945807342076,ETTh2,raw,4104,4200,raw:4104:4,low,high
5,0.4013637940399323,0.22645030494340126,0.5079338731099124,1.0,0.812793213318947,1.9332863440378887,0.15554772374706857,0.3785826573644153,0.6561136456886719,ETTh2,raw,4104,4200,raw:4104:5,mid,high
6,0.5493061156332231,0.1405169144492451,0.9183051977905333,0.125,0.6521531818133046,1.9332863440378887,0.15554772374706857,0.5360427426243338,0.31090030185345774,ETTh2,raw,4104,4200,raw:4104:6,high,low
0,0.3419142607774279,0.08196049215462559,0.45528392149160324,0.25,0.6170445529395688,1.4481906517226142,0.07469844182927163,0.29305289147455227,0.3139143315896135,ETTh2,raw,4128,4224,raw:4128:0,low,low
1,0.17647892578093372,0.19419990243738255,0.5165575245505535,0.75,0.8127408907857606,1.4481906517226142,0.07469844182927163,0.2957454509229566,0.5458131108716774,ETTh2,raw,4128,4224,raw:4128:1,low,mid
2,0.22380507715056652,0.08040802587508236,0.4592716240917614,0.125,0.5913070143198151,1.4481906517226142,0.07469844182927163,0.2544949090391368,0.26366848538302895,ETTh2,raw,4128,4224,raw:4128:2,low,low
3,0.06934345274563947,0.21372084748108108,0.48774827894002437,1.0,0.8213378378220488,1.4481906517226142,0.07469844182927163,0.256937526388915,0.6320120932171068,ETTh2,raw,4128,4224,raw:4128:3,low,high
4,0.17629173796295416,0.17852425643836414,0.5538604809387228,1.0,0.8963171770304837,1.4481906517226142,0.07469844182927163,0.3028921584466803,0.6570052062865851,ETTh2,raw,4128,4224,raw:4128:4,low,high
5,0.4664544363461921,0.2702993468483406,0.41729118787428676,1.0,0.8522341618832162,1.4481906517226142,0.07469844182927163,0.3846816570229398,0.6423108679041626,ETTh2,raw,4128,4224,raw:4128:5,mid,high
6,0.6695029031582893,0.6148681566622929,0.3234248189285927,0.25,0.6637825095268504,1.4481906517226142,0.07469844182927163,0.5359319595830583,0.32949365045204065,ETTh2,raw,4128,4224,raw:4128:6,high,low
0,0.259450834540184,0.07992487911057033,0.5580690722465471,0.5,0.7111558130039789,1.436342102853115,0.07272368368764635,0.29914826196576716,0.4279598322305418,ETTh2,raw,4176,4272,raw:4176:0,low,mid
1,0.3670324854865772,0.14943609559021337,0.6582161929657019,1.0,0.8901379212478477,1.436342102853115,0.07272368368764635,0.39156159134749746,0.6542872016451647,ETTh2,raw,4176,4272,raw:4176:1,mid,high
2,0.33430251960449464,0.07591189949010506,0.5365175399769365,0.5,0.6955337415942696,1.436342102853115,0.07272368368764635,0.31557731969051206,0.422752475093972,ETTh2,raw,4176,4272,raw:4176:2,low,mid
3,0.40481868680899447,0.18069924915309732,0.5440874661333462,1.0,0.8910716330207119,1.436342102853115,0.07272368368764635,0.37653513403181266,0.6545984389027861,ETTh2,raw,4176,4272,raw:4176:3,mid,high
4,0.18412621988009603,0.23952981113832453,0.6527919108247082,1.0,0.8673654927144495,1.436342102853115,0.07272368368764635,0.35881598061437625,0.646696392134032,ETTh2,raw,4176,4272,raw:4176:4,mid,high
5,0.3510199527369321,0.1506968627734928,0.5031834758488359,1.0,0.9525073493975427,1.436342102853115,0.07272368368764635,0.33496676378642026,0.6750770110283963,ETTh2,raw,4176,4272,raw:4176:5,mid,high
6,0.7169645055615741,0.10063362676008121,0.36096246534554194,0.25,0.558702100965362,1.436342102853115,0.07272368368764635,0.39285353255573247,0.29380859488433614,ETTh2,raw,4176,4272,raw:4176:6,mid,low
0,0.1757403721451859,0.15959069811573626,0.5622624874975047,0.25,0.6935153372459565,1.4250869120684024,0.07084781855998737,0.2991978525861423,0.3381210519353146,ETTh2,raw,4200,4296,raw:4200:0,low,low
1,0.47978913480861407,0.25496668613276297,0.6295250944195123,1.0,0.8699418266261411,1.4250869120684024,0.07084781855998737,0.4547603051202964,0.6469298817287096,ETTh2,raw,4200,4296,raw:4200:1,high,high
2,0.2588200967827937,0.14618171672342734,0.5273554636005102,0.125,0.6749033543207689,1.4250869120684024,0.07084781855998737,0.3107857590355771,0.29025039096025207,ETTh2,raw,4200,4296,raw:4200:2,low,low
3,0.4325670946286374,0.28869404672702503,0.3069553685875898,1.0,0.8892079916656129,1.4250869120684024,0.07084781855998737,0.3427388366477508,0.6533519367418669,ETTh2,raw,4200,4296,raw:4200:3,mid,high
4,0.40315757647255557,0.2290123990452319,0.509284384293017,0.75,0.9194363066989899,1.4250869120684024,0.07084781855998737,0.38048478660360147,0.5800947084196592,ETTh2,raw,4200,4296,raw:4200:4,mid,mid
5,0.35098538426521764,0.15341534834499004,0.958683530361561,1.0,0.9211611226678522,1.4250869120684024,0.07084781855998737,0.4876947543239229,0.6640029804092799,ETTh2,raw,4200,4296,raw:4200:5,high,high
6,0.6681503620045727,0.2696273153003754,0.44715789001054773,0.25,0.594078929004164,1.4250869120684024,0.07084781855998737,0.46164518910516533,0.3049755825213838,ETTh2,raw,4200,4296,raw:4200:6,high,low
0,0.3185642059106285,0.1685182991107897,0.5849529582469178,0.125,0.7709437882639562,2.0994286057640146,0.18323810065527227,0.35734515442277864,0.3597272963064095,ETTh2,raw,4224,4320,raw:4224:0,mid,low
1,0.4007613038127704,0.24248353648944915,0.5298800201428692,0.75,0.9150683756056563,2.0994286057640146,0.18323810065527227,0.39104162014836286,0.6161021587536429,ETTh2,raw,4224,4320,raw:4224:1,mid,high
2,0.5177275148077007,0.16073645605889503,0.6068933952852347,0.125,0.7558821419846343,2.0994286057640146,0.18323810065527227,0.4284524553839435,0.3547067475466355,ETTh2,raw,4224,4320,raw:4224:2,high,low
3,0.5692766523073292,0.2817836729027801,0.5679360275556807,1.0,0.8955108562846503,2.0994286057640146,0.18323810065527227,0.47299878425526326,0.6929163189799742,ETTh2,raw,4224,4320,raw:4224:3,high,high
4,0.36657989612598607,0.21808627476383385,0.3483043136457051,0.875,0.7798645469040386,2.0994286057640146,0.18323810065527227,0.3109901615118417,0.6127008825197703,ETTh2,raw,4224,4320,raw:4224:4,low,high
5,0.7688319757410377,0.19369353445782783,0.49207841946697484,0.875,0.8802077189778492,2.0994286057640146,0.18323810065527227,0.48486797655528013,0.6461486065443739,ETTh2,raw,4224,4320,raw:4224:5,high,high
6,0.524585012902739,0.20244014709481142,0.053455084456357854,0.25,0.8526574510660596,2.0994286057640146,0.18323810065527227,0.26016008148463604,0.42863185057377734,ETTh2,raw,4224,4320,raw:4224:6,low,mid
0,0.23914156487507154,0.13702503926736376,0.6595744693514847,0.5,0.7513280359912679,1.8059509225426396,0.13432515353323135,0.34524702449797334,0.4618843965081663,ETTh2,raw,4272,4368,raw:4272:0,mid,mid
1,0.4080098095510909,0.15469234316605732,0.6110179656140047,0.875,0.8855387445939119,1.8059509225426396,0.13432515353323135,0.3912400394437176,0.6316212993757143,ETTh2,raw,4272,4368,raw:4272:1,mid,high
2,0.3093729440302654,0.12685849445738603,0.6323555310326497,0.375,0.7198616490138339,1.8059509225426396,0.13432515353323135,0.35619565650676704,0.40972893418235506,ETTh2,raw,4272,4368,raw:4272:2,mid,low
3,0.48257168882909574,0.19587594418240445,0.5160959765215088,1.0,0.8944472146043138,1.8059509225426396,0.13432515353323135,0.39818120317766964,0.6762574560458484,ETTh2,raw,4272,4368,raw:4272:3,mid,high
4,0.21420711897530298,0.2223361556506543,0.5146214993694799,0.75,0.7752685848817003,1.8059509225426396,0.13432515353323135,0.31705492466514573,0.5531979128049772,ETTh2,raw,4272,4368,raw:4272:4,low,mid
5,0.7039999771916445,0.3208213352065872,0.6520597096204233,1.0,0.8691989266589898,1.8059509225426396,0.13432515353323135,0.558960340672885,0.6678413600640738,ETTh2,raw,4272,4368,raw:4272:5,high,high
6,0.7185698156862408,0.26472658578649766,0.3265047025117823,0.25,0.6243283183586964,1.8059509225426396,0.13432515353323135,0.43660036799484025,0.3362178239639759,ETTh2,raw,4272,4368,raw:4272:6,high,low
0,0.2253471046236839,0.11610034485818194,0.4493824024368352,0.5,0.760956031659707,2.7216675628321156,0.28694459332711164,0.263609950639567,0.5159668749956062,ETTh2,raw,4296,4392,raw:4296:0,low,mid
1,0.17797635985251847,0.1305892188358276,0.5902974326860209,1.0,0.8288167490815556,2.7216675628321156,0.28694459332711164,0.2996210037914557,0.705253780802889,ETTh2,raw,4296,4392,raw:4296:1,low,high
2,0.2293693074247174,0.14756457481712354,0.3798970749511836,0.375,0.7930294634163039,2.7216675628321156,0.28694459332711164,0.25227698573100815,0.4849913522478051,ETTh2,raw,4296,4392,raw:4296:2,low,mid
3,0.2850941974446084,0.1885719212851453,0.49500492800110457,1.0,0.8470516239098382,2.7216675628321156,0.28694459332711164,0.3228903489102861,0.7113320724123167,ETTh2,raw,4296,4392,raw:4296:3,low,high
4,0.3914435761444254,0.14939202178431948,0.7180607355554282,0.625,0.825368541518658,2.7216675628321156,0.28694459332711164,0.41963211116139104,0.5791043782819232,ETTh2,raw,4296,4392,raw:4296:4,mid,mid
5,0.5904875528977811,0.11796952597903254,0.49736067836103337,0.375,0.9288736198184618,2.7216675628321156,0.28694459332711164,0.4019392524126157,0.5302727377151911,ETTh2,raw,4296,4392,raw:4296:5,mid,mid
6,0.3248122239860952,0.12036002627836995,0.34647713358677795,0.25,0.48972137327640236,2.7216675628321156,0.28694459332711164,0.26388312795041435,0.342221988867838,ETTh2,raw,4296,4392,raw:4296:6,low,low
0,0.9999999983929352,0.2731346152935398,0.8301825045995072,0.375,0.8757812551996695,1.1262547792469275,0.02104246317275048,0.7011057060953273,0.4239412394574733,ETTh2,raw,4344,4440,raw:4344:0,high,mid
1,0.9283900710102866,0.3476368135532503,0.3062608155473416,0.625,0.9452514618982654,1.1262547792469275,0.02104246317275048,0.5274292333702929,0.5304313083570052,ETTh2,raw,4344,4440,raw:4344:1,high,mid
2,0.9760373723162461,0.2801769369736461,0.9642982477298315,0.5,0.8958071839302004,1.1262547792469275,0.02104246317275048,0.740170852339908,0.4722832157009836,ETTh2,raw,4344,4440,raw:4344:2,high,mid
3,0.849919117404281,0.28245553561567294,0.34144740083793007,1.0,0.9374665999348889,1.1262547792469275,0.02104246317275048,0.49127401795262804,0.6528363543692132,ETTh2,raw,4344,4440,raw:4344:3,high,high
4,0.9999999958283764,0.16636095983414906,0.14401859739280018,0.75,0.8889174478158686,1.1262547792469275,0.02104246317275048,0.43679318435177517,0.5533199703295396,ETTh2,raw,4344,4440,raw:4344:4,high,mid
5,0.9999999411863142,0.20929115153500932,0.36769770900113763,0.875,0.9029054188328974,1.1262547792469275,0.02104246317275048,0.525662933907487,0.5996492940018826,ETTh2,raw,4344,4440,raw:4344:5,high,mid
6,0.9642470770696501,0.33376257814880383,0.9999997628192396,0.25,0.6474287072656707,1.1262547792469275,0.02104246317275048,0.7660031393458979,0.3061570568128071,ETTh2,raw,4344,4440,raw:4344:6,high,low
0,0.9935915742726469,0.3140111787798104,0.45566417307106666,0.25,0.9083091434699511,1.240478261406194,0.040079710167566146,0.5877556420411746,0.3994629512125057,ETTh2,raw,4368,4464,raw:4368:0,high,low
1,0.9795766647562304,0.2940774581966261,0.4149666403997952,0.375,0.9663732921292996,1.240478261406194,0.040079710167566146,0.5628735877842171,0.46048433409895523,ETTh2,raw,4368,4464,raw:4368:1,high,mid
2,0.9672550763040639,0.36150628294227416,0.4552234314629052,0.5,0.923363759395788,1.240478261406194,0.040079710167566146,0.5946615969030811,0.48781448985445136,ETTh2,raw,4368,4464,raw:4368:2,high,mid
3,0.9643462269043198,0.28948933677748157,0.3882903726459881,1.0,0.9491642442802177,1.240478261406194,0.040079710167566146,0.5473753121092632,0.6630813181492613,ETTh2,raw,4368,4464,raw:4368:3,high,high
4,0.9871143338446425,0.23335710326839523,0.3988335327027836,0.5,0.8683951711049103,1.240478261406194,0.040079710167566146,0.5397683232719405,0.4694916270908254,ETTh2,raw,4368,4464,raw:4368:4,high,mid
5,0.9999999944904238,0.17692327961342838,0.4999999999981909,0.25,0.847266388017171,1.240478261406194,0.040079710167566146,0.558974424700681,0.3791153660615791,ETTh2,raw,4368,4464,raw:4368:5,high,low
6,0.9912089138864836,0.29773474291604474,0.7666981879033227,0.25,0.7204268038501067,1.240478261406194,0.040079710167566146,0.6852139482352837,0.3368355046725576,ETTh2,raw,4368,4464,raw:4368:6,high,low
0,0.999999999049892,0.35928162219019166,0.35697022127307776,0.25,0.7941320490301307,1.1563807034836358,0.026063450537166875,0.5720839475043871,0.3567318331890992,ETTh2,raw,4392,4488,raw:4392:0,high,low
1,0.9485609198193554,0.5627953493099284,0.15800477005468852,0.5,0.9208231162579648,1.1563807034836358,0.026063450537166875,0.5564536797279908,0.48229552226504385,ETTh2,raw,4392,4488,raw:4392:1,high,mid
2,0.9830994127280173,0.30563322817664923,0.41536140862464266,0.375,0.7922363619694557,1.1563807034836358,0.026063450537166875,0.568031349843103,0.39776660416887416,ETTh2,raw,4392,4488,raw:4392:2,high,low
3,0.8744444238677258,0.4252057162192175,0.08090583590056644,0.875,0.9888299464473611,1.1563807034836358,0.026063450537166875,0.4601853253291699,0.6299644656615093,ETTh2,raw,4392,4488,raw:4392:3,high,high
4,0.9999999966280443,0.3327269188007794,0.5159076949354294,0.375,0.9051735884422966,1.1563807034836358,0.026063450537166875,0.6162115367880844,0.43541234632648784,ETTh2,raw,4392,4488,raw:4392:4,high,mid
5,0.9999999946123843,0.44874152203062323,0.5028392047407197,0.25,0.9097079075490323,1.1563807034836358,0.026063450537166875,0.6505269071279091,0.3952571193620664,ETTh2,raw,4392,4488,raw:4392:5,high,low
6,0.9931556235183987,0.08010163089682515,0.0038997598186130103,0.25,0.6846579674879253,1.1563807034836358,0.026063450537166875,0.3590523380779456,0.3202404726750307,ETTh2,raw,4392,4488,raw:4392:6,mid,low
0,0.23278796811760394,0.11849020812482963,0.49905081341055546,0.125,0.6375624169040657,3.057006302461832,0.342834383172248,0.28344299655099636,0.3684656000254379,ETTh2,raw,4440,4536,raw:4440:0,low,low
1,0.32893386017668913,0.20857772196859642,0.6239039968279675,0.5,0.791524636321059,3.057006302461832,0.342834383172248,0.38713852632441775,0.5447863398311023,ETTh2,raw,4440,4536,raw:4440:1,mid,mid
2,0.2488661727889513,0.14139637442260344,0.5173607835446222,0.125,0.6280880306999904,3.057006302461832,0.342834383172248,0.302541110252059,0.3653074712907462,ETTh2,raw,4440,4536,raw:4440:2,low,low
3,0.17632604901532845,0.23923381369560973,0.6543143257850292,1.0,0.8903210951413102,3.057006302461832,0.342834383172248,0.35662472949865576,0.7443851594378527,ETTh2,raw,4440,4536,raw:4440:3,mid,high
4,0.590943214717503,0.13036999979105676,0.2171841864326656,0.375,0.8756990934002683,3.057006302461832,0.342834383172248,0.31283246698040845,0.5311778255241721,ETTh2,raw,4440,4536,raw:4440:4,low,mid
5,0.0005405079669182911,0.1827878863417472,0.2469189831083567,0.25,0.7878241642697992,3.057006302461832,0.342834383172248,0.14341579247234074,0.4602195158140157,ETTh2,raw,4440,4536,raw:4440:5,low,mid
6,0.40766995678329965,0.6981118771709859,0.17890307176660827,0.25,0.6955678636207983,3.057006302461832,0.342834383172248,0.4282283019069646,0.4294674155976821,ETTh2,raw,4440,4536,raw:4440:6,high,mid
0,0.21094337261090512,0.054702009107879465,0.542363015851311,0.25,0.6476923158262896,2.47207907966756,0.24534651286901582,0.2693361325233652,0.3810129428984352,ETTh2,raw,4464,4560,raw:4464:0,low,low
1,0.3380270202710445,0.09863201389692193,0.6136686472639776,0.5,0.8805897831085417,2.47207907966756,0.24534651286901582,0.35010922714398135,0.5419787653258524,ETTh2,raw,4464,4560,raw:4464:1,mid,mid
2,0.20770820334505702,0.06843949240874642,0.5671678319312061,0.125,0.6250363818855609,2.47207907966756,0.24534651286901582,0.28110517589500317,0.33179429825152557,ETTh2,raw,4464,4560,raw:4464:2,low,low
3,0.3703577968869237,0.13589589593970983,0.5988920223610417,0.875,0.9379090293548612,2.47207907966756,0.24534651286901582,0.36838190506255836,0.6860851807412923,ETTh2,raw,4464,4560,raw:4464:3,mid,high
4,0.20271036753701632,0.22485899862808417,0.6002487461713392,0.625,0.8568250085915674,2.47207907966756,0.24534651286901582,0.34260603744547985,0.5757238404868611,ETTh2,raw,4464,4560,raw:4464:4,mid,mid
5,0.9281438172515344,0.25086191592158946,0.4576967323919594,0.375,0.8250152006624899,2.47207907966756,0.24534651286901582,0.5455674885216945,0.4817872378438352,ETTh2,raw,4464,4560,raw:4464:5,high,mid
6,0.9097443524949297,0.054844255855090694,0.2773924676410482,0.125,0.7011220992610596,2.47207907966756,0.24534651286901582,0.41399369199702285,0.35715620404335846,ETTh2,raw,4464,4560,raw:4464:6,mid,low
0,0.24430193472279027,0.08283087654416389,0.4677634542683451,0.25,0.5960062770426515,2.5220666059838495,0.25367776724117863,0.26496542184509975,0.3665613480946101,ETTh2,raw,4512,4608,raw:4512:0,low,low
1,0.3448146042161627,0.15184774502322035,0.4094230803279687,0.5,0.8189266783032216,2.5220666059838495,0.25367776724117863,0.3020284765224506,0.5242014818481334,ETTh2,raw,4512,4608,raw:4512:1,low,mid
2,0.20078831395407037,0.06377114471118087,0.5190760266701372,0.25,0.6046781609146535,2.5220666059838495,0.25367776724117863,0.26121182844512947,0.3694519760519441,ETTh2,raw,4512,4608,raw:4512:2,low,low
3,0.3504518325621606,0.18931774859976436,0.3638085093901013,0.75,0.8990637705619641,2.5220666059838495,0.25367776724117863,0.30119269685067546,0.6342471792677142,ETTh2,raw,4512,4608,raw:4512:3,low,high
4,0.4576816370671136,0.1238127020312488,0.5583271298975306,0.5,0.8128985494305271,2.5220666059838495,0.25367776724117863,0.37994048966529775,0.5221921055572353,ETTh2,raw,4512,4608,raw:4512:4,mid,mid
5,0.8875775711487659,0.21444902569896546,0.5012393209456556,1.0,0.8985570334724508,2.5220666059838495,0.25367776724117863,0.5344219725977957,0.7174116002378765,ETTh2,raw,4512,4608,raw:4512:5,high,high
6,0.6905893118267776,0.10723344066203573,0.18925600338338514,0.25,0.664758668558663,2.5220666059838495,0.25367776724117863,0.3290262519573995,0.38947881193328054,ETTh2,raw,4512,4608,raw:4512:6,mid,low
0,0.380012974683572,0.1023702105663927,0.49760480697957216,0.25,0.6553969047394319,3.0543302069138276,0.342388367248324,0.3266626640765123,0.4159284239959186,ETTh2,raw,4536,4632,raw:4536:0,mid,low
1,0.4674953302752839,0.1981936333646675,0.5602804579720412,0.5,0.8253802214554685,3.0543302069138276,0.342388367248324,0.40865647387066417,0.5559228629012641,ETTh2,raw,4536,4632,raw:4536:1,mid,mid
2,0.38800861319011937,0.09740149795663489,0.5526319418059533,0.25,0.6382605808913728,3.0543302069138276,0.342388367248324,0.3460140176509025,0.41021631604656567,ETTh2,raw,4536,4632,raw:4536:2,mid,low
3,0.4588170231482559,0.20616304550571452,0.6130261956974293,0.875,0.8299934499026564,3.0543302069138276,0.342388367248324,0.4260020881171333,0.6824606057169934,ETTh2,raw,4536,4632,raw:4536:3,high,high
4,0.4361301407159194,0.26512904699429746,0.6163033881331468,0.5,0.9158659409436624,3.0543302069138276,0.342388367248324,0.4391875252811212,0.5860847693973287,ETTh2,raw,4536,4632,raw:4536:4,high,mid
5,0.7942755563638079,0.2753774519713328,0.5610745109319288,0.875,0.9444771582749134,3.0543302069138276,0.342388367248324,0.5435758397556899,0.7206218418410791,ETTh2,raw,4536,4632,raw:4536:5,high,high
6,0.6247757548982822,0.1517552179493979,0.16017286323526916,0.375,0.7686015224916449,3.0543302069138276,0.342388367248324,0.31223461202764974,0.4953299632466563,ETTh2,raw,4536,4632,raw:4536:6,low,mid
0,0.26680990004863603,0.08089117799382663,0.6427505039482084,0.25,0.6229428131193637,3.265699405228972,0.377616566908801,0.3301505273302237,0.4168531266760549,ETTh2,raw,4560,4656,raw:4560:0,mid,mid
1,0.5925649741371404,0.16556989255518462,0.7801835071946616,0.375,0.7755519426876321,3.265699405228972,0.377616566908801,0.5127727912956622,0.509389503198811,ETTh2,raw,4560,4656,raw:4560:1,high,mid
2,0.16822418637360548,0.11686120964675498,0.5672146467307125,0.25,0.6246910418503687,3.265699405228972,0.377616566908801,0.28410001425035764,0.41743586958638995,ETTh2,raw,4560,4656,raw:4560:2,low,mid
3,0.4783727124206345,0.24925786429388838,0.7292735377311793,0.875,0.7774220594300533,3.265699405228972,0.377616566908801,0.4856347048152341,0.6766795421129514,ETTh2,raw,4560,4656,raw:4560:3,high,high
4,0.4397231223032134,0.2213581585361764,0.5528392414802905,0.375,0.8931895796593178,3.265699405228972,0.377616566908801,0.4046401741065601,0.5486020488560396,ETTh2,raw,4560,4656,raw:4560:4,mid,mid
5,0.9483842771737085,0.2799139333975674,0.49040814865645643,0.875,0.9817518754271706,3.265699405228972,0.377616566908801,0.5729021197425775,0.7447894807786573,ETTh2,raw,4560,4656,raw:4560:5,high,high
6,0.5113039058142225,0.6273353394589221,0.4822272998275653,0.25,0.7956967296853377,3.265699405228972,0.377616566908801,0.5402888483669033,0.47443776553137956,ETTh2,raw,4560,4656,raw:4560:6,high,mid
0,0.31831994179192735,0.05922506797401187,0.3089621951924149,0.25,0.6095745619323532,3.314556746903688,0.3857594571743489,0.22883573498611806,0.4151113397022341,ETTh2,raw,4608,4704,raw:4608:0,low,low
1,0.4442758449319081,0.08523683130343064,0.5504983642487784,0.375,0.7088113048344438,3.314556746903688,0.3857594571743489,0.3600036801613724,0.4898569206695975,ETTh2,raw,4608,4704,raw:4608:1,mid,mid
2,0.34125757898243836,0.0641179171481099,0.37337587236935116,0.25,0.6188688800030434,3.314556746903688,0.3857594571743489,0.25958378949996647,0.41820944572579744,ETTh2,raw,4608,4704,raw:4608:2,low,mid
3,0.24896017880928412,0.12904584964787308,0.46358513648521615,0.875,0.7763865198785131,3.314556746903688,0.3857594571743489,0.2805303883141244,0.6790486590176207,ETTh2,raw,4608,4704,raw:4608:3,low,high
4,0.8754245790211221,0.09553987312333742,0.5748395132966783,0.375,0.8676990894905556,3.314556746903688,0.3857594571743489,0.5152679884803794,0.5428195155549682,ETTh2,raw,4608,4704,raw:4608:4,high,mid
5,0.9450448113115538,0.13805058011391486,0.6699896055828486,0.375,0.8912291563301702,3.314556746903688,0.3857594571743489,0.584361665669439,0.550662871168173,ETTh2,raw,4608,4704,raw:4608:5,high,mid
6,0.38650251965543514,0.018960595004839025,0.8287164711100593,0.375,0.5834971602975827,3.314556746903688,0.3857594571743489,0.4113931952567778,0.4480855391573105,ETTh2,raw,4608,4704,raw:4608:6,mid,mid
0,0.24450039949258118,0.10683968709240538,0.47901841032576525,0.25,0.664070210034667,3.385802010271586,0.39763366771587483,0.27678616563691727,0.4372346259168473,ETTh2,raw,4632,4728,raw:4632:0,low,mid
1,0.38014976212924056,0.1475530125329153,0.6837720495080858,0.625,0.7300471148066879,3.385802010271586,0.39763366771587483,0.40382494139008057,0.584226927507521,ETTh2,raw,4632,4728,raw:4632:1,mid,mid
2,0.3866223113705395,0.12974583272169524,0.30507114870123925,0.25,0.6657873743034449,3.385802010271586,0.39763366771587483,0.27381309759782463,0.4378070140064399,ETTh2,raw,4632,4728,raw:4632:2,low,mid
3,0.38877926195851,0.20334627265714167,0.6011568928611963,0.875,0.813082022136884,3.385802010271586,0.39763366771587483,0.39776080915894935,0.6952385632842529,ETTh2,raw,4632,4728,raw:4632:3,mid,high
4,0.07345700841073965,0.1501747829346654,0.4616407174518285,1.0,0.9206654550241672,3.385802010271586,0.39763366771587483,0.22842416959907785,0.7727663742466807,ETTh2,raw,4632,4728,raw:4632:4,low,high
5,0.9447899830221115,0.14160910592130688,0.1908243887249274,0.5,0.8840002875589369,3.385802010271586,0.39763366771587483,0.42574115922278194,0.5938779850916039,ETTh2,raw,4632,4728,raw:4632:5,high,mid
6,0.24353375926467324,0.04878472076831005,0.6170599432334997,0.25,0.5731428117028501,3.385802010271586,0.39763366771587483,0.3031261410888277,0.406925493139575,ETTh2,raw,4632,4728,raw:4632:6,low,low
0,0.16234730785138585,0.058757519641008046,0.4784176194745343,0.25,0.7285570684588094,2.5406629255601647,0.2567771538320655,0.23317414898897607,0.4117780740969583,ETTh2,raw,4680,4776,raw:4680:0,low,low
1,0.41600934063432327,0.1414372766958855,0.5589604505770032,0.625,0.7812746521171725,2.5406629255601647,0.2567771538320655,0.372135689302404,0.5543506019830794,ETTh2,raw,4680,4776,raw:4680:1,mid,mid
2,0.12357728063615925,0.07325749885202221,0.47837779528278257,0.375,0.7428315718214827,2.5406629255601647,0.2567771538320655,0.22507085825698803,0.4582029085511828,ETTh2,raw,4680,4776,raw:4680:2,low,mid
3,0.38144200061833355,0.11227512234443873,0.4233184264755211,1.0,0.823953249634632,2.5406629255601647,0.2567771538320655,0.3056785164794311,0.6935768011555657,ETTh2,raw,4680,4776,raw:4680:3,low,high
4,0.4024684676718129,0.11743161426727008,0.5669167859150525,0.75,0.91898904245691,2.5406629255601647,0.2567771538320655,0.36227228928471183,0.6419220654296586,ETTh2,raw,4680,4776,raw:4680:4,mid,high
5,0.5051277166413617,0.1796520437095616,0.4972952592301368,0.375,0.8564910614998703,2.5406629255601647,0.2567771538320655,0.39402500652702005,0.49608940511064525,ETTh2,raw,4680,4776,raw:4680:5,mid,mid
6,0.6393141729123983,0.05253264019915934,0.4477377347202388,0.25,0.4163449571506085,2.5406629255601647,0.2567771538320655,0.3798615159439322,0.30770737032755796,ETTh2,raw,4680,4776,raw:4680:6,mid,low
0,0.16419638323226182,0.19105171544314403,0.4913687251300636,0.375,0.7196141207223142,2.7296780992025904,0.2882796827199656,0.2822056079351565,0.46096460114742666,ETTh2,raw,4704,4800,raw:4704:0,low,mid
1,0.27058447291399523,0.24853598144723973,0.5182307306320392,0.75,0.7915653042273232,2.7296780992025904,0.2882796827199656,0.3457837283310914,0.6099483289824296,ETTh2,raw,4704,4800,raw:4704:1,mid,high
2,0.2336457926346477,0.1859019459154079,0.4981433704317795,0.375,0.7226836911863509,2.7296780992025904,0.2882796827199656,0.3058970363272783,0.4619877913021055,ETTh2,raw,4704,4800,raw:4704:2,low,mid
3,0.3723777079403021,0.29857284386979815,0.5691570379803963,1.0,0.825692304184749,2.7296780992025904,0.2882796827199656,0.4133691965968322,0.7046573289682382,ETTh2,raw,4704,4800,raw:4704:3,mid,high
4,0.15681380225776154,0.13869626351231723,0.5985538745139625,0.375,0.9055773573049744,2.7296780992025904,0.2882796827199656,0.29802131342801375,0.52295234667498,ETTh2,raw,4704,4800,raw:4704:4,low,mid
5,0.7129772751151267,0.18687986982984184,0.5286908053501258,0.75,0.8286577630081459,2.7296780992025904,0.2882796827199656,0.47618265009836475,0.6223124819093705,ETTh2,raw,4704,4800,raw:4704:5,high,high
6,0.13111588475031233,0.011574575373031996,0.4513263587389744,0.25,0.3754281004087395,2.7296780992025904,0.2882796827199656,0.19800560628743957,0.30456926104290166,ETTh2,raw,4704,4800,raw:4704:6,low,low
0,0.7763322518083694,0.43751593680168943,0.6177605682377538,0.25,0.763482103773084,2.1958547590052335,0.19930912616869037,0.6105362522826042,0.40426374331392484,ETTh2,raw,4752,4848,raw:4752:0,high,low
1,0.7989255735309769,0.3061911128005217,0.5199587254148659,0.375,0.8082697126911963,2.1958547590052335,0.19930912616869037,0.5416918039154548,0.4608596129532956,ETTh2,raw,4752,4848,raw:4752:1,high,mid
2,0.7712197916989262,0.4447317736654359,0.6017555792644622,0.25,0.753275913360723,2.1958547590052335,0.19930912616869037,0.6059023815429414,0.40086167984313775,ETTh2,raw,4752,4848,raw:4752:2,high,low
3,0.7844704358612893,0.33677142015572875,0.49537709579162764,0.375,0.8263609568908179,2.1958547590052335,0.19930912616869037,0.5388729839362153,0.46689002768650273,ETTh2,raw,4752,4848,raw:4752:3,high,mid
4,0.7491187653595306,0.12592505672131288,0.09557298433111233,0.25,0.8938521658041608,2.1958547590052335,0.19930912616869037,0.32353893547065193,0.4477204306576171,ETTh2,raw,4752,4848,raw:4752:4,low,mid
5,0.4208636637537905,0.278453725921328,0.5017459231338325,0.75,0.8526533515076368,2.1958547590052335,0.19930912616869037,0.40035443760298367,0.6006541592254424,ETTh2,raw,4752,4848,raw:4752:5,mid,high
6,0.796448837004643,0.4280360745965949,0.5276648129368199,0.25,0.6232860918543673,2.1958547590052335,0.19930912616869037,0.5840499081793525,0.3575317393410193,ETTh2,raw,4752,4848,raw:4752:6,high,low
0,0.12460648849384492,0.3506451143325648,0.0655893519140276,0.0,0.7376393451164449,3.3010605675308238,0.38351009394928715,0.18028031824681245,0.3737164796885774,ETTh2,raw,4776,4872,raw:4776:0,low,low
1,0.5469214561859911,0.1818666509610351,0.1855516655679304,0.125,0.7970937199783025,3.3010605675308238,0.38351009394928715,0.30477992423831884,0.43520127130919656,ETTh2,raw,4776,4872,raw:4776:1,low,mid
2,0.143326412297759,0.365205013363555,0.058062256609571546,0.0,0.7301069701169235,3.3010605675308238,0.38351009394928715,0.18886456075696187,0.3712056880220702,ETTh2,raw,4776,4872,raw:4776:2,low,low
3,0.4988613761298091,0.1705724319210409,0.27869901010924797,0.25,0.8039921533935118,3.3010605675308238,0.38351009394928715,0.3160442727200326,0.47916741578093297,ETTh2,raw,4776,4872,raw:4776:3,low,mid
4,0.942776398606406,0.10935746652175024,0.537851202292659,0.625,0.918692746250411,3.3010605675308238,0.38351009394928715,0.5299950224736051,0.6424009467332327,ETTh2,raw,4776,4872,raw:4776:4,high,high
5,0.9999999999992655,0.3016169784887116,0.5002678056347336,1.0,0.8883633586663385,3.3010605675308238,0.38351009394928715,0.6006282613742369,0.7572911508718753,ETTh2,raw,4776,4872,raw:4776:5,high,high
6,0.7265319303395066,0.32316903390571006,0.05805556759438324,0.25,0.6549739203112068,3.3010605675308238,0.38351009394928715,0.36925217727986664,0.4294946714201647,ETTh2,raw,4776,4872,raw:4776:6,mid,mid
0,0.6623880893184078,0.1838677377583886,0.7597038627039081,0.375,0.7642759666841727,0.9999999900000294,0.0,0.5353198965935682,0.37975865556139093,ETTh2,raw,4800,4896,raw:4800:0,high,low
1,0.5849629923462389,0.1505088656348927,0.7570440575034347,0.375,0.8481883606252182,0.9999999900000294,0.0,0.49750530516152214,0.40772945354173934,ETTh2,raw,4800,4896,raw:4800:1,high,low
2,0.750597418364713,0.17800291335498114,0.7808287106162983,0.25,0.7787920095583055,0.9999999900000294,0.0,0.5698096807786642,0.3429306698527685,ETTh2,raw,4800,4896,raw:4800:2,high,low
3,0.689157298204607,0.1524822975904429,0.6635638908214583,0.375,0.8824980331357851,0.9999999900000294,0.0,0.5017344955388361,0.41916601104526174,ETTh2,raw,4800,4896,raw:4800:3,high,mid
4,0.7064183826614578,0.23802047720995106,0.36599073946688365,0.25,0.8289962745926588,0.9999999900000294,0.0,0.4368098664460975,0.35966542486421965,ETTh2,raw,4800,4896,raw:4800:4,high,low
5,0.9999999998665008,0.18306867366677138,0.35697707501520326,1.0,0.9111444139545228,0.9999999900000294,0.0,0.5133485828494918,0.637048137984841,ETTh2,raw,4800,4896,raw:4800:5,high,high
6,0.6717101970978492,0.1142562715025949,0.10166382999688685,0.25,0.7029608921260098,0.9999999900000294,0.0,0.2958767661991103,0.3176536307086699,ETTh2,raw,4800,4896,raw:4800:6,low,low
0,0.2299926768941255,0.1470809535996326,0.5932163426984183,0.25,0.7875167242339146,0.9999999900000558,0.0,0.3234299910640588,0.3458389080779716,ETTh2,raw,4848,4944,raw:4848:0,low,low
1,0.44119703547875255,0.2762736746198988,0.6377051420500187,0.5,0.9117346229128938,0.9999999900000558,0.0,0.4517252840495567,0.47057820763763125,ETTh2,raw,4848,4944,raw:4848:1,high,mid
2,0.20742835602119103,0.14754725212010605,0.5631501872160433,0.25,0.7979505000052369,0.9999999900000558,0.0,0.3060419317857801,0.34931683333507896,ETTh2,raw,4848,4944,raw:4848:2,low,low
3,0.3020223502477043,0.2175516920722316,0.5852807717063098,1.0,0.9544683814569045,0.9999999900000558,0.0,0.3682849380087485,0.6514894604856348,ETTh2,raw,4848,4944,raw:4848:3,mid,high
4,0.7886312227651904,0.2358200955525563,0.49950453800914374,0.375,0.9061994143806265,0.9999999900000558,0.0,0.5079852854422967,0.4270664714602088,ETTh2,raw,4848,4944,raw:4848:4,high,mid
5,0.0,0.41422839379670084,0.5283808722263088,1.0,0.8450272778288863,0.9999999900000558,0.0,0.31420308867433655,0.6150090926096288,ETTh2,raw,4848,4944,raw:4848:5,low,high
6,0.7920588530720691,0.26130016845953213,0.5017214174401959,0.25,0.5608745918149287,0.9999999900000558,0.0,0.5183601463239325,0.27029153060497624,ETTh2,raw,4848,4944,raw:4848:6,high,low
0,0.5156663668341221,0.06748186031667269,0.2705768089750046,0.25,0.7335229505660744,0.9999999900000691,0.0,0.28457501204193314,0.3278409835220248,ETTh2,raw,4872,4968,raw:4872:0,low,low
1,0.5635284021325414,0.1405487397562944,0.4566331357683909,0.625,0.8738992112284704,0.9999999900000691,0.0,0.3869034258857422,0.4996330704094902,ETTh2,raw,4872,4968,raw:4872:1,mid,mid
2,0.4331621458571524,0.08140834605543229,0.27352313118099886,0.375,0.7508308139239491,0.9999999900000691,0.0,0.26269787436452785,0.3752769379746497,ETTh2,raw,4872,4968,raw:4872:2,low,low
3,0.3058043240098063,0.1485235992095586,0.37217235498574325,1.0,0.9002547602486906,0.9999999900000691,0.0,0.275500092735036,0.6334182534162301,ETTh2,raw,4872,4968,raw:4872:3,low,high
4,0.9951002236980813,0.16798436755768514,0.9060764628437366,0.5,0.9128782304829876,0.9999999900000691,0.0,0.689720351366501,0.4709594101609958,ETTh2,raw,4872,4968,raw:4872:4,high,mid
5,0.0,0.32479159740002056,0.0,1.0,0.8988090242393694,0.9999999900000691,0.0,0.10826386580000685,0.6329363414131232,ETTh2,raw,4872,4968,raw:4872:5,low,high
6,0.13908562382587497,0.07930829542341614,0.3730294698157442,0.25,0.489383585553482,0.9999999900000691,0.0,0.1971411296883451,0.24646119518449403,ETTh2,raw,4872,4968,raw:4872:6,low,low
0,0.2226916984423385,0.097424520384012,0.5834418607650134,0.25,0.7192209963273103,0.999999990000052,0.0,0.3011860265304546,0.32307366544243676,ETTh2,raw,4920,5016,raw:4920:0,low,low
1,0.448393931038518,0.17954758875511304,0.3446924469120303,0.875,0.8652070409881402,0.999999990000052,0.0,0.3242113222352205,0.5800690136627135,ETTh2,raw,4920,5016,raw:4920:1,mid,mid
2,0.1724321159611374,0.12776855539465262,0.5808252543472711,0.25,0.7206020322755926,0.999999990000052,0.0,0.29367530856768703,0.3235340107585309,ETTh2,raw,4920,5016,raw:4920:2,low,low
3,0.4259729871478568,0.18853372213041358,0.40474815669087355,1.0,0.853874969046846,0.999999990000052,0.0,0.3397516219897146,0.6179583230156154,ETTh2,raw,4920,5016,raw:4920:3,mid,high
4,0.9999999938287735,0.13907732771456327,0.5768143574129293,0.625,0.9285475004969452,0.999999990000052,0.0,0.5719638929854219,0.5178491668323151,ETTh2,raw,4920,5016,raw:4920:4,high,mid
5,0.0,0.0,0.0,0.0,-0.0,0.999999990000052,0.0,0.0,0.0,ETTh2,raw,4920,5016,raw:4920:5,low,low
6,0.5650980519011174,0.02689933278554324,0.6818989572687076,0.25,0.4382011569753578,0.999999990000052,0.0,0.42463211398512274,0.22940038565845258,ETTh2,raw,4920,5016,raw:4920:6,high,low
0,0.5088688986917487,0.20208488469700897,0.45029363344482876,0.375,0.7349410107299383,0.999999990000132,0.0,0.3870824722778621,0.36998033690997945,ETTh2,raw,4944,5040,raw:4944:0,mid,low
1,0.7147664983645068,0.22919095718332186,0.5239485416894171,0.625,0.9327229627970318,0.999999990000132,0.0,0.4893019990790819,0.5192409875990106,ETTh2,raw,4944,5040,raw:4944:1,high,mid
2,0.4659853422855166,0.2320118466653648,0.4527132750822126,0.375,0.763921563174226,0.999999990000132,0.0,0.38357015467769795,0.37964052105807533,ETTh2,raw,4944,5040,raw:4944:2,mid,low
3,0.6153539870681322,0.24319927206861103,0.5127652734893239,1.0,0.9515358011551968,0.999999990000132,0.0,0.4571061775420224,0.6505119337183989,ETTh2,raw,4944,5040,raw:4944:3,high,high
4,0.0,0.2015435972200877,0.0,0.25,0.893402757915063,0.999999990000132,0.0,0.06718119907336256,0.3811342526383543,ETTh2,raw,4944,5040,raw:4944:4,low,low
5,0.0,0.0,0.0,0.0,-0.0,0.999999990000132,0.0,0.0,0.0,ETTh2,raw,4944,5040,raw:4944:5,low,low
6,0.2503167484302339,0.033139485485203554,0.45093687008707306,0.25,0.43898459181649335,0.999999990000132,0.0,0.24479770133417014,0.2296615306054978,ETTh2,raw,4944,5040,raw:4944:6,low,low
0,0.41612890944841685,0.19623252715163084,0.5008755953765952,0.375,0.8072043766603468,2.364347669845673,0.22739127792862673,0.371079010658881,0.46986521819632454,ETTh2,raw,4968,5064,raw:4968:0,mid,mid
1,0.7445903440812369,0.14072037117387715,0.3772399544536317,0.5,0.9027453466239748,2.364347669845673,0.22739127792862673,0.4208502232362486,0.5433788748508671,ETTh2,raw,4968,5064,raw:4968:1,mid,mid
2,0.4605171388110735,0.19405110512896817,0.46470480261545205,0.375,0.8165454776519351,2.364347669845673,0.22739127792862673,0.3730910155184979,0.47297891852685386,ETTh2,raw,4968,5064,raw:4968:2,mid,mid
3,0.7431277029623092,0.10591906961888871,0.5033654176416631,0.75,0.8852873730567727,2.364347669845673,0.22739127792862673,0.4508040634076204,0.6208928836617998,ETTh2,raw,4968,5064,raw:4968:3,high,high
4,0.0,0.0,0.0,0.0,-0.0,2.364347669845673,0.22739127792862673,0.0,0.07579709264287558,ETTh2,raw,4968,5064,raw:4968:4,low,low
5,0.0,0.0,0.0,0.0,-0.0,2.364347669845673,0.22739127792862673,0.0,0.07579709264287558,ETTh2,raw,4968,5064,raw:4968:5,low,low
6,0.2910971838197798,0.05798572963809087,0.41704690283236684,0.25,0.5106067917773801,2.364347669845673,0.22739127792862673,0.2553766054300792,0.3293326899020023,ETTh2,raw,4968,5064,raw:4968:6,low,low
0,0.5484028715075355,0.2389500249357034,0.2895089105553421,0.875,0.8770156307309463,2.2995042215925716,0.21658403657112188,0.35895393566619366,0.6561998891006894,ETTh2,raw,5016,5112,raw:5016:0,mid,high
1,0.5999258458807482,0.1772581805328765,0.3497203808822614,0.875,0.9401222651532106,2.2995042215925716,0.21658403657112188,0.375634802431962,0.6772354339081108,ETTh2,raw,5016,5112,raw:5016:1,mid,high
2,0.6194292288548292,0.2275499795075965,0.27432378948506037,0.75,0.876848726368363,2.2995042215925716,0.21658403657112188,0.373767665949162,0.614477587646495,ETTh2,raw,5016,5112,raw:5016:2,mid,high
3,0.6289032864878048,0.1708390101230644,0.34650714804137484,0.75,0.9433835563693211,2.2995042215925716,0.21658403657112188,0.3820831482174147,0.636655864313481,ETTh2,raw,5016,5112,raw:5016:3,mid,high
4,0.0,0.0,0.0,0.0,-0.0,2.2995042215925716,0.21658403657112188,0.0,0.07219467885704063,ETTh2,raw,5016,5112,raw:5016:4,low,low
5,0.0,0.0,0.0,0.0,-0.0,2.2995042215925716,0.21658403657112188,0.0,0.07219467885704063,ETTh2,raw,5016,5112,raw:5016:5,low,low
6,0.29089857752419834,0.18313155895384312,0.6400675249774205,0.375,0.5737380731852304,2.2995042215925716,0.21658403657112188,0.3713658871518207,0.3884407032521174,ETTh2,raw,5016,5112,raw:5016:6,mid,low
0,0.5441871062149682,0.3988105184159045,0.5231966187663248,0.75,0.9292171520460428,2.3934450713779003,0.23224084484258198,0.4887314144657325,0.6371526656295415,ETTh2,raw,5040,5136,raw:5040:0,high,high
1,0.6364466980484692,0.2363409699655605,0.2492383839110771,1.0,0.9087721917333947,2.3934450713779003,0.23224084484258198,0.3740086839750356,0.7136710121919924,ETTh2,raw,5040,5136,raw:5040:1,mid,high
2,0.5730457697168514,0.39284331242044035,0.5738980035450726,0.875,0.9358272006674138,2.3934450713779003,0.23224084484258198,0.5132623618941214,0.6810226818366653,ETTh2,raw,5040,5136,raw:5040:2,high,high
3,0.7102774380293311,0.19830368294509956,0.25250037284911253,1.0,0.9013473185376503,2.3934450713779003,0.23224084484258198,0.38702716460784775,0.7111960544600775,ETTh2,raw,5040,5136,raw:5040:3,mid,high
4,0.0,0.0,0.0,0.0,-0.0,2.3934450713779003,0.23224084484258198,0.0,0.07741361494752733,ETTh2,raw,5040,5136,raw:5040:4,low,low
5,0.0,0.0,0.0,0.0,-0.0,2.3934450713779003,0.23224084484258198,0.0,0.07741361494752733,ETTh2,raw,5040,5136,raw:5040:5,low,low
6,0.4167134591792513,0.20535800496579837,0.508031134496226,0.25,0.7469417023664812,2.3934450713779003,0.23224084484258198,0.37670086621375853,0.4097275157363544,ETTh2,raw,5040,5136,raw:5040:6,mid,low
0,0.9878473556737262,0.26742050237541426,0.9019068190653331,0.375,0.8677379659586283,1.8052767381243706,0.13421278946370713,0.7190582257048246,0.4589835851407784,ETTh2,raw,5088,5184,raw:5088:0,high,mid
1,0.9066247872008626,0.23714493794924135,0.3102352961622477,1.0,0.8935347353537422,1.8052767381243706,0.13421278946370713,0.48466834043745055,0.6759158416058164,ETTh2,raw,5088,5184,raw:5088:1,high,high
2,0.9824704216806937,0.24906098351147177,0.995792456595641,0.375,0.8701673147674474,1.8052767381243706,0.13421278946370713,0.7424412872626022,0.45979336807705146,ETTh2,raw,5088,5184,raw:5088:2,high,mid
3,0.9346218583952802,0.24951484215033154,0.19911610536631663,1.0,0.8838463410279763,1.8052767381243706,0.13421278946370713,0.4610842686373095,0.6726863768305611,ETTh2,raw,5088,5184,raw:5088:3,high,high
4,0.0,0.0,0.0,0.0,-0.0,1.8052767381243706,0.13421278946370713,0.0,0.044737596487902376,ETTh2,raw,5088,5184,raw:5088:4,low,low
5,0.0,0.0,0.0,0.0,-0.0,1.8052767381243706,0.13421278946370713,0.0,0.044737596487902376,ETTh2,raw,5088,5184,raw:5088:5,low,low
6,0.911409970472262,0.24839597204520386,0.04544087155481832,0.25,0.7712003562607948,1.8052767381243706,0.13421278946370713,0.40174893802409467,0.3851377152415006,ETTh2,raw,5088,5184,raw:5088:6,mid,low
0,0.9497497817803586,0.42808143818099953,0.5160285356240737,0.375,0.8174919217645833,1.7827720323421248,0.13046200517291745,0.6312865851951439,0.4409846423125003,ETTh2,raw,5112,5208,raw:5112:0,high,mid
1,0.999999995912502,0.3685010618018985,0.4999999996669644,0.875,0.9352977014461265,1.7827720323421248,0.13046200517291745,0.6228336857937883,0.646919902206348,ETTh2,raw,5112,5208,raw:5112:1,high,high
2,0.944135631580775,0.419191592136159,0.5315969716238035,0.375,0.821933071673332,1.7827720323421248,0.13046200517291745,0.6316413984469125,0.4424650256154165,ETTh2,raw,5112,5208,raw:5112:2,high,mid
3,0.9885792930211312,0.3201446199076603,0.49999999959839253,0.875,0.9265253922176203,1.7827720323421248,0.13046200517291745,0.6029079708423947,0.6439957991301793,ETTh2,raw,5112,5208,raw:5112:3,high,high
4,0.0,0.0,0.0,0.0,-0.0,1.7827720323421248,0.13046200517291745,0.0,0.04348733505763915,ETTh2,raw,5112,5208,raw:5112:4,low,low
5,0.0,0.0,0.0,0.0,-0.0,1.7827720323421248,0.13046200517291745,0.0,0.04348733505763915,ETTh2,raw,5112,5208,raw:5112:5,low,low
6,0.9747487274997572,0.23634855330492321,0.36013345162351484,0.25,0.771022570804715,1.7827720323421248,0.13046200517291745,0.5237435774760651,0.38382819199254414,ETTh2,raw,5112,5208,raw:5112:6,high,low
0,0.9957150607051397,0.3109137259646372,0.8081118269256288,0.25,0.7271066098727076,1.5901504250660579,0.09835840401374564,0.7049135378651351,0.35848833796215107,ETTh2,raw,5136,5232,raw:5136:0,high,low
1,0.9672498642828944,0.2299800499530585,0.5934238019974772,0.875,0.8350449487255808,1.5901504250660579,0.09835840401374564,0.5968845720778101,0.6028011175797755,ETTh2,raw,5136,5232,raw:5136:1,high,high
2,0.9941203632066419,0.31182610156304186,0.7867913894542135,0.25,0.7415596895145239,1.5901504250660579,0.09835840401374564,0.697579284741299,0.36330603117608984,ETTh2,raw,5136,5232,raw:5136:2,high,low
3,0.9721159320151533,0.21092142997398317,0.5642772157258291,0.875,0.847567010119329,1.5901504250660579,0.09835840401374564,0.5824381925716552,0.6069751380443583,ETTh2,raw,5136,5232,raw:5136:3,high,high
4,0.0,0.0,0.0,0.0,-0.0,1.5901504250660579,0.09835840401374564,0.0,0.032786134671248544,ETTh2,raw,5136,5232,raw:5136:4,low,low
5,0.0,0.0,0.0,0.0,-0.0,1.5901504250660579,0.09835840401374564,0.0,0.032786134671248544,ETTh2,raw,5136,5232,raw:5136:5,low,low
6,0.8375280995854548,0.3763894077399813,0.9318653059194509,0.25,0.6264486043224679,1.5901504250660579,0.09835840401374564,0.7152609377482957,0.3249356694454045,ETTh2,raw,5136,5232,raw:5136:6,high,low
0,0.39835053244327434,0.12153804171227779,0.2777486543741583,0.25,0.608856177925313,2.174406090149728,0.19573434803206408,0.26587907617657014,0.3515301753191257,ETTh2,raw,5184,5280,raw:5184:0,low,low
1,0.39279414484889774,0.2061248006582011,0.5639066444447668,0.75,0.8501291085590396,2.174406090149728,0.19573434803206408,0.3876085299839553,0.5986211521970345,ETTh2,raw,5184,5280,raw:5184:1,mid,mid
2,0.3626292062632823,0.12955402637348834,0.30202727609033464,0.375,0.6308431136180461,2.174406090149728,0.19573434803206408,0.26473683624236843,0.40052582055003677,ETTh2,raw,5184,5280,raw:5184:2,low,low
3,0.330309861305102,0.21317675450038462,0.5597663973903695,0.875,0.8424580827138278,2.174406090149728,0.19573434803206408,0.3677510043986187,0.6377308102486307,ETTh2,raw,5184,5280,raw:5184:3,mid,high
4,0.0,0.0,0.0,0.0,-0.0,2.174406090149728,0.19573434803206408,0.0,0.06524478267735469,ETTh2,raw,5184,5280,raw:5184:4,low,low
5,0.0,0.0,0.0,0.0,-0.0,2.174406090149728,0.19573434803206408,0.0,0.06524478267735469,ETTh2,raw,5184,5280,raw:5184:5,low,low
6,0.5423440852910049,0.25391642374642354,0.4585935573870529,0.25,0.6224155519379673,2.174406090149728,0.19573434803206408,0.41828468880816044,0.35604996665667715,ETTh2,raw,5184,5280,raw:5184:6,mid,low
0,0.3365985490108404,0.09303646848644354,0.6558376508141123,0.125,0.632273666547219,2.4006760573288752,0.23344600916573585,0.3618242227704654,0.3302398919043183,ETTh2,raw,5208,5304,raw:5208:0,mid,low
1,0.41567200947339344,0.22317161981296219,0.36900288265615044,1.0,0.8565531335985115,2.4006760573288752,0.23344600916573585,0.33594883731416864,0.6966663809214158,ETTh2,raw,5208,5304,raw:5208:1,mid,high
2,0.3726635360848647,0.09021627435512354,0.6733769577994474,0.125,0.6593853961418239,2.4006760573288752,0.23344600916573585,0.37875225607981183,0.3392771351025199,ETTh2,raw,5208,5304,raw:5208:2,mid,low
3,0.36876298120842776,0.22300166622876844,0.35503625714688775,1.0,0.8405105081572614,2.4006760573288752,0.23344600916573585,0.315600301528028,0.6913188391076658,ETTh2,raw,5208,5304,raw:5208:3,low,high
4,0.0,0.0,0.0,0.0,-0.0,2.4006760573288752,0.23344600916573585,0.0,0.07781533638857861,ETTh2,raw,5208,5304,raw:5208:4,low,low
5,0.0,0.0,0.0,0.0,-0.0,2.4006760573288752,0.23344600916573585,0.0,0.07781533638857861,ETTh2,raw,5208,5304,raw:5208:5,low,low
6,0.6145903503590737,0.10121011576951996,0.4456677015797669,0.25,0.6808067112432692,2.4006760573288752,0.23344600916573585,0.3871560559027869,0.38808424013633497,ETTh2,raw,5208,5304,raw:5208:6,mid,low
0,0.3439871305087112,0.14533193503578035,0.48681567425102773,0.375,0.8539045894511844,0.9999999900000924,0.0,0.32537824659850645,0.40963486315039477,ETTh2,raw,5256,5352,raw:5256:0,mid,low
1,0.426011244318954,0.26607478700324216,0.4313602914348277,0.875,0.9547690321875,0.9999999900000924,0.0,0.3744821075856746,0.6099230107291667,ETTh2,raw,5256,5352,raw:5256:1,mid,high
2,0.3815139360001406,0.15596889707718542,0.5066408060348121,0.375,0.8720995503829442,0.9999999900000924,0.0,0.3480412130373794,0.41569985012764804,ETTh2,raw,5256,5352,raw:5256:2,mid,low
3,0.24886582918274203,0.3084177431840846,0.43888305361429913,1.0,0.9577985090332217,0.9999999900000924,0.0,0.33205554199370857,0.652599503011074,ETTh2,raw,5256,5352,raw:5256:3,mid,high
4,0.0,0.08336442679111442,0.0,0.0,0.8868489047116956,0.9999999900000924,0.0,0.027788142263704806,0.29561630157056523,ETTh2,raw,5256,5352,raw:5256:4,low,low
5,0.0,0.0,0.0,0.0,-0.0,0.9999999900000924,0.0,0.0,0.0,ETTh2,raw,5256,5352,raw:5256:5,low,low
6,0.6796168794962952,0.28366210102925754,0.22856041257642662,0.25,0.5726872234053347,0.9999999900000924,0.0,0.39727979770065985,0.2742290744684449,ETTh2,raw,5256,5352,raw:5256:6,mid,low
0,0.526528880912617,0.1690509306410704,0.7696407656968324,0.375,0.7314804482892096,1.5335410773738225,0.08892351274743122,0.4884068590835066,0.39846798701221364,ETTh2,raw,5280,5376,raw:5280:0,high,low
1,0.5938395909374313,0.29286918689980035,0.7252476744691301,1.0,0.9102760493744284,1.5335410773738225,0.08892351274743122,0.537318817435454,0.6663998540406199,ETTh2,raw,5280,5376,raw:5280:1,high,high
2,0.4365040552381618,0.1833650715814082,0.7409496678900772,0.375,0.7512984795355938,1.5335410773738225,0.08892351274743122,0.4536062649032157,0.40507399742767497,ETTh2,raw,5280,5376,raw:5280:2,high,low
3,0.39166421130821916,0.301677218401649,0.5760441524970432,1.0,0.9438084459342251,1.5335410773738225,0.08892351274743122,0.4231285274023038,0.6775773195605521,ETTh2,raw,5280,5376,raw:5280:3,mid,high
4,0.0,0.47951970550448375,0.0,0.25,0.8658137793070826,1.5335410773738225,0.08892351274743122,0.1598399018348279,0.4015790973515046,ETTh2,raw,5280,5376,raw:5280:4,low,low
5,0.0,0.5170930069684574,0.0,0.0,0.6882607438039583,1.5335410773738225,0.08892351274743122,0.17236433565615247,0.2590614188504632,ETTh2,raw,5280,5376,raw:5280:5,low,low
6,0.8030166883478274,0.27555666297560455,0.12815352833447002,0.25,0.729576153080358,1.5335410773738225,0.08892351274743122,0.4022422932193006,0.3561665552759297,ETTh2,raw,5280,5376,raw:5280:6,mid,low
0,0.502230779048313,0.19505371890632922,0.14016607232625183,0.375,0.7745319315805398,0.9999999900000605,0.0,0.27915019009363135,0.3831773105268466,ETTh2,raw,5328,5424,raw:5328:0,low,low
1,0.5714253066350597,0.3206149848198784,0.5407598609916253,0.875,0.9361378280529749,0.9999999900000605,0.0,0.47760005081552115,0.6037126093509916,ETTh2,raw,5328,5424,raw:5328:1,high,high
2,0.4875081624709676,0.1686393102350118,0.1996320236230306,0.375,0.7697897068769785,0.9999999900000605,0.0,0.28525983210967,0.38159656895899285,ETTh2,raw,5328,5424,raw:5328:2,low,low
3,0.6011812426789475,0.2564359771630485,0.4072728734984843,1.0,0.9490030725458884,0.9999999900000605,0.0,0.42163003111349345,0.6496676908486295,ETTh2,raw,5328,5424,raw:5328:3,mid,high
4,0.9999999988521515,0.5334265480855297,0.1262330580325641,0.625,0.8946336949492368,0.9999999900000605,0.0,0.5532198683234152,0.506544564983079,ETTh2,raw,5328,5424,raw:5328:4,high,mid
5,0.0,0.37979571010372665,0.0,1.0,0.8454530185396291,0.9999999900000605,0.0,0.12659857003457556,0.6151510061798763,ETTh2,raw,5328,5424,raw:5328:5,low,high
6,0.8405383014469221,0.3346111048909938,0.6335638042641477,0.25,0.599202200387854,0.9999999900000605,0.0,0.6029044035340213,0.28306740012928466,ETTh2,raw,5328,5424,raw:5328:6,high,low
0,0.27841747383729576,0.07981305315686774,0.40632687844242676,0.375,0.7520185724279573,0.9999999900000369,0.0,0.2548524684788634,0.3756728574759858,ETTh2,raw,5352,5448,raw:5352:0,low,low
1,0.30652797179864466,0.1327828727486543,0.5183107819447969,0.5,0.9033750626466323,0.9999999900000369,0.0,0.3192072088306986,0.46779168754887746,ETTh2,raw,5352,5448,raw:5352:1,low,mid
2,0.25831647643629985,0.085308277787553,0.40405775807384897,0.375,0.7503482844161977,0.9999999900000369,0.0,0.24922750409923392,0.37511609480539926,ETTh2,raw,5352,5448,raw:5352:2,low,low
3,0.5821507505160484,0.13617506754523603,0.2961640871136703,1.0,0.9222484414223667,0.9999999900000369,0.0,0.33816330172498493,0.6407494804741223,ETTh2,raw,5352,5448,raw:5352:3,mid,high
4,0.999999993897326,0.37936555556201745,0.36393094839038254,0.875,0.9242552823058333,0.9999999900000369,0.0,0.5810988326165752,0.5997517607686111,ETTh2,raw,5352,5448,raw:5352:4,high,mid
5,0.0,0.294490470925616,0.5017788555356493,1.0,0.9236625431536218,0.9999999900000369,0.0,0.26542310882042175,0.6412208477178739,ETTh2,raw,5352,5448,raw:5352:5,low,high
6,0.5210493497377962,0.03990630558996904,0.48171387605841703,0.25,0.4297373711667394,0.9999999900000369,0.0,0.34755651046206076,0.22657912372224645,ETTh2,raw,5352,5448,raw:5352:6,mid,low
0,0.23637039933449722,0.09410654752585818,0.4170343364726187,0.625,0.8081753342569672,0.9999999900000418,0.0,0.24917042777765805,0.4777251114189891,ETTh2,raw,5376,5472,raw:5376:0,low,mid
1,0.46470050043420164,0.27663784451962936,0.409479574527447,0.875,0.870048472945991,0.9999999900000418,0.0,0.383605973160426,0.5816828243153304,ETTh2,raw,5376,5472,raw:5376:1,mid,mid
2,0.2402678355715695,0.08815576999910545,0.4092905310448382,0.625,0.8112292794496988,0.9999999900000418,0.0,0.24590471220517104,0.47874309314989966,ETTh2,raw,5376,5472,raw:5376:2,low,mid
3,0.38215800748281803,0.24526331603859114,0.37366543186504725,1.0,0.8775266937169632,0.9999999900000418,0.0,0.3336955851288188,0.6258422312389877,ETTh2,raw,5376,5472,raw:5376:3,mid,high
4,0.735059768109487,0.25896438363083885,0.0,0.875,0.8208709261953325,0.9999999900000418,0.0,0.331341383913442,0.5652903087317775,ETTh2,raw,5376,5472,raw:5376:4,mid,mid
5,0.0,0.30549648331282186,0.0,1.0,0.8962067007535989,0.9999999900000418,0.0,0.10183216110427395,0.6320689002511997,ETTh2,raw,5376,5472,raw:5376:5,low,high
6,0.5385338724617128,0.055681856904090284,0.5452983593636322,0.25,0.43061615697723854,0.9999999900000418,0.0,0.3798380295764785,0.22687205232574617,ETTh2,raw,5376,5472,raw:5376:6,mid,low
0,0.29554510682349655,0.07416152901085796,0.31880223619581444,0.375,0.8594816138804221,0.9999999900000476,0.0,0.22950295734338963,0.4114938712934741,ETTh2,raw,5424,5520,raw:5424:0,low,low
1,0.26325529889672283,0.13790162635555142,0.46666548592996515,1.0,0.8492096586697174,0.9999999900000476,0.0,0.2892741370607465,0.6164032195565725,ETTh2,raw,5424,5520,raw:5424:1,low,high
2,0.2773513645556701,0.1078082777981074,0.3102833383421209,0.375,0.8845301419642573,0.9999999900000476,0.0,0.2318143268986328,0.4198433806547524,ETTh2,raw,5424,5520,raw:5424:2,low,mid
3,0.1625215369766123,0.15376721900991128,0.4865478136409704,1.0,0.9097961035903006,0.9999999900000476,0.0,0.2676121898758313,0.6365987011967669,ETTh2,raw,5424,5520,raw:5424:3,low,high
4,0.44010997083216175,0.3393730190913079,0.47794062361676776,1.0,0.8812682527622641,0.9999999900000476,0.0,0.41914120451341247,0.6270894175874213,ETTh2,raw,5424,5520,raw:5424:4,mid,high
5,0.0,0.27254667928016973,0.0,0.875,0.8848618457973666,0.9999999900000476,0.0,0.0908488930933899,0.5866206152657889,ETTh2,raw,5424,5520,raw:5424:5,low,mid
6,0.370545454244133,0.0057956985161339855,0.5404387938634357,0.25,0.33764513371187405,0.9999999900000476,0.0,0.30559331554123426,0.19588171123729134,ETTh2,raw,5424,5520,raw:5424:6,low,low
0,0.4889580320274114,0.23513997533723874,0.34699067249003823,1.0,0.863286357756353,0.9999999900000635,0.0,0.35702955995156277,0.621095452585451,ETTh2,raw,5448,5544,raw:5448:0,mid,high
1,0.18486761953105135,0.17648067956551922,0.5088915573913881,1.0,0.855979392058446,0.9999999900000635,0.0,0.2900799521626529,0.6186597973528153,ETTh2,raw,5448,5544,raw:5448:1,low,high
2,0.3311422780703501,0.25223170342678136,0.2973306230378289,0.875,0.8779741311134917,0.9999999900000635,0.0,0.29356820151165347,0.5843247103711638,ETTh2,raw,5448,5544,raw:5448:2,low,mid
3,0.23770995975060394,0.20150770957590883,0.46650881943556805,1.0,0.8790598005004753,0.9999999900000635,0.0,0.30190882958736026,0.6263532668334918,ETTh2,raw,5448,5544,raw:5448:3,low,high
4,0.9999999999991566,0.576792334035749,0.5093088227580121,0.875,0.950715997134874,0.9999999900000635,0.0,0.695367052264306,0.608571999044958,ETTh2,raw,5448,5544,raw:5448:4,high,high
5,0.0,0.3054236565906899,1.0,1.0,0.8863945364433394,0.9999999900000635,0.0,0.4351412188635633,0.6287981788144464,ETTh2,raw,5448,5544,raw:5448:5,high,high
6,0.43831426009550156,0.01116622488855655,0.618516697368848,0.25,0.3481186995102428,0.9999999900000635,0.0,0.35599906078430205,0.19937289983674758,ETTh2,raw,5448,5544,raw:5448:6,mid,low
0,0.7649592012784144,0.38056603640863035,0.30526588070402066,0.375,0.9408330647479493,0.9999999900000853,0.0,0.48359703946368854,0.43861102158264975,ETTh2,raw,5496,5592,raw:5496:0,high,mid
1,0.7076841953844514,0.385751124144459,0.5685218483120786,0.5,0.9322546697728443,0.9999999900000853,0.0,0.553985722613663,0.47741822325761474,ETTh2,raw,5496,5592,raw:5496:1,high,mid
2,0.7346589173014397,0.41692760355639336,0.27352329623677074,0.25,0.9159535975982409,0.9999999900000853,0.0,0.47503660569820133,0.38865119919941366,ETTh2,raw,5496,5592,raw:5496:2,high,low
3,0.712771692784723,0.35300214829341525,0.544004958230349,0.5,0.931439746493565,0.9999999900000853,0.0,0.5365929331028291,0.4771465821645216,ETTh2,raw,5496,5592,raw:5496:3,high,mid
4,0.9999999775059728,0.24152082610853853,0.4999999999898541,0.5,0.8780560645299769,0.9999999900000853,0.0,0.5805069345347885,0.45935202150999227,ETTh2,raw,5496,5592,raw:5496:4,high,mid
5,0.0,0.1697482872910679,1.0,1.0,0.7830610453976168,0.9999999900000853,0.0,0.3899160957636893,0.5943536817992056,ETTh2,raw,5496,5592,raw:5496:5,mid,mid
6,0.5898996289972683,0.3366576120072746,0.811885773836458,0.25,0.6886592331246504,0.9999999900000853,0.0,0.5794810049470004,0.3128864110415501,ETTh2,raw,5496,5592,raw:5496:6,high,low
0,0.583140664795587,0.309729973673105,0.34300247053324245,0.375,0.926738902312401,0.9999999900000482,0.0,0.41195770300064477,0.43391296743746705,ETTh2,raw,5520,5616,raw:5520:0,mid,mid
1,0.7240771962185959,0.2894525717847318,0.32428568255422985,0.5,0.8814665852628706,0.9999999900000482,0.0,0.4459384835191858,0.4604888617542902,ETTh2,raw,5520,5616,raw:5520:1,high,mid
2,0.627294887123528,0.3393031193248175,0.30630102204591125,0.5,0.92341645103072,0.9999999900000482,0.0,0.4242996761647522,0.4744721503435733,ETTh2,raw,5520,5616,raw:5520:2,high,mid
3,0.8229077194673282,0.2847356306855273,0.31891386477387984,0.25,0.8717645407225154,0.9999999900000482,0.0,0.4755190716422451,0.3739215135741718,ETTh2,raw,5520,5616,raw:5520:3,high,low
4,0.9617263051375837,0.3893877972223422,0.5142787670279874,0.875,0.9561502399688625,0.9999999900000482,0.0,0.6217976231293044,0.6103834133229542,ETTh2,raw,5520,5616,raw:5520:4,high,high
5,0.0,0.3016849568939217,0.42780378937163266,1.0,0.8080775974263962,0.9999999900000482,0.0,0.24316291542185145,0.6026925324754654,ETTh2,raw,5520,5616,raw:5520:5,low,high
6,0.564211481980471,0.32136097653986917,0.29194163358547165,0.25,0.6905484014865505,0.9999999900000482,0.0,0.39250469736860394,0.3135161338288502,ETTh2,raw,5520,5616,raw:5520:6,mid,low
0,0.1799481205498975,0.4806041122955629,0.37613337613795583,0.25,0.8314831108953662,0.9999999900000224,0.0,0.3455618696611387,0.3604943702984554,ETTh2,raw,5544,5640,raw:5544:0,mid,low
1,0.4021280930418262,0.5073977365564686,0.20792298132397816,0.125,0.8411897434036874,0.9999999900000224,0.0,0.37248293697409096,0.32206324780122914,ETTh2,raw,5544,5640,raw:5544:1,mid,low
2,0.19009577197560135,0.46253523177861344,0.2750957161397656,0.25,0.7968493556015893,0.9999999900000224,0.0,0.3092422399646601,0.3489497852005298,ETTh2,raw,5544,5640,raw:5544:2,low,low
3,0.6079777292735205,0.38498608553343266,0.21216410434347813,0.0,0.8249343135849911,0.9999999900000224,0.0,0.40170930638347707,0.2749781045283304,ETTh2,raw,5544,5640,raw:5544:3,mid,low
4,0.7712939245367985,0.22579434893471256,0.39904494159070003,0.625,0.8663632509302382,0.9999999900000224,0.0,0.4653777383540703,0.49712108364341273,ETTh2,raw,5544,5640,raw:5544:4,high,mid
5,0.0,0.31589328990878507,1.0,1.0,0.7600248487450041,0.9999999900000224,0.0,0.43863109663626165,0.586674949581668,ETTh2,raw,5544,5640,raw:5544:5,high,mid
6,0.410306910753502,0.16380852344007413,0.4581135907940451,0.375,0.7322164445209021,0.9999999900000224,0.0,0.3440763416625405,0.36907214817363404,ETTh2,raw,5544,5640,raw:5544:6,mid,low
0,0.5748276927805729,0.06321281813533701,0.260376799833393,0.375,0.7356524992082526,0.9999999900000123,0.0,0.29947243691643427,0.37021749973608414,ETTh2,raw,5592,5688,raw:5592:0,low,low
1,0.6325649525024053,0.21561457698248673,0.06750192646904768,0.5,0.8892708932697272,0.9999999900000123,0.0,0.30522715198464656,0.4630902977565758,ETTh2,raw,5592,5688,raw:5592:1,low,mid
2,0.6557231346534638,0.08098831278508281,0.05851955286308859,0.375,0.7834695895341568,0.9999999900000123,0.0,0.2650770001005451,0.38615652984471893,ETTh2,raw,5592,5688,raw:5592:2,low,low
3,0.8087499096619659,0.3414853966029343,0.04389238980986958,1.0,0.9914062979342544,0.9999999900000123,0.0,0.3980425653582566,0.6638020993114181,ETTh2,raw,5592,5688,raw:5592:3,mid,high
4,0.6591194083414633,0.23107274432971173,0.5284193577617267,0.5,0.8615548376811732,0.9999999900000123,0.0,0.4728705034776339,0.4538516125603911,ETTh2,raw,5592,5688,raw:5592:4,high,mid
5,0.0,0.22821973477993612,0.0,0.375,0.7830054551310479,0.9999999900000123,0.0,0.07607324492664537,0.38600181837701597,ETTh2,raw,5592,5688,raw:5592:5,low,low
6,0.8428352604677753,0.25041948421365223,0.04251086158468136,0.375,0.6343042908956744,0.9999999900000123,0.0,0.37858853542203635,0.33643476363189145,ETTh2,raw,5592,5688,raw:5592:6,mid,low
0,0.46491412458893266,0.0626878955533177,0.8161396377295184,0.25,0.7026834072462184,0.9999999900000203,0.0,0.44791388595725623,0.31756113574873945,ETTh2,raw,5616,5712,raw:5616:0,high,low
1,0.47869101287162463,0.12189099111725518,0.9089269930359789,0.25,0.8837222432623154,0.9999999900000203,0.0,0.5031696656749529,0.37790741442077175,ETTh2,raw,5616,5712,raw:5616:1,high,low
2,0.500883664592519,0.06912460836107467,0.8382023056984884,0.25,0.7618293486011481,0.9999999900000203,0.0,0.46940352621736076,0.337276449533716,ETTh2,raw,5616,5712,raw:5616:2,high,low
3,0.5303177779441137,0.13262722630829987,0.7848998090630978,0.5,0.9423121289904222,0.9999999900000203,0.0,0.4826149377718371,0.48077070966347407,ETTh2,raw,5616,5712,raw:5616:3,high,mid
4,0.8047192945391253,0.278595640492567,0.3862836075629473,0.5,0.8805635730646738,0.9999999900000203,0.0,0.4898661808648798,0.4601878576882246,ETTh2,raw,5616,5712,raw:5616:4,high,mid
5,0.0,0.15291244095578588,0.0,0.625,0.8496511350336972,0.9999999900000203,0.0,0.050970813651928626,0.4915503783445658,ETTh2,raw,5616,5712,raw:5616:5,low,mid
6,0.83396401149576,0.14610355105138384,0.018908571667192894,0.125,0.6571653076156467,0.9999999900000203,0.0,0.3329920447381122,0.26072176920521556,ETTh2,raw,5616,5712,raw:5616:6,mid,low
0,0.43158926822112964,0.1828750914456422,0.15338374739486313,0.25,0.7644924733586795,2.979370195863725,0.3298950320941291,0.255949369020545,0.4481291684842696,ETTh2,raw,5664,5760,raw:5664:0,low,mid
1,0.1601211427639394,0.2527236606780179,0.531879082348455,0.25,0.8240229552358144,2.979370195863725,0.3298950320941291,0.3149079619301374,0.4679726624433145,ETTh2,raw,5664,5760,raw:5664:1,low,mid
2,0.521274225438112,0.1751976841871593,0.09472270579398845,0.25,0.7503856685038562,2.979370195863725,0.3298950320941291,0.26373153847308656,0.4434269001993285,ETTh2,raw,5664,5760,raw:5664:2,low,mid
3,0.17436636650309,0.1698347839175293,0.4476320870154712,1.0,0.874076554031275,2.979370195863725,0.3298950320941291,0.2639444124786968,0.7346571953751347,ETTh2,raw,5664,5760,raw:5664:3,low,high
4,0.9201109026050739,0.31849168438861497,0.17919866895590916,1.0,0.9352072970530879,2.979370195863725,0.3298950320941291,0.472600418649866,0.755034109715739,ETTh2,raw,5664,5760,raw:5664:4,high,high
5,0.9999999999125446,0.19837571685753094,0.46982939801236184,1.0,0.9394090500705282,2.979370195863725,0.3298950320941291,0.5560683715941458,0.7564346940548857,ETTh2,raw,5664,5760,raw:5664:5,high,high
6,0.9016382467422396,0.5146672471311924,0.6923849146802524,0.25,0.5892726179225124,2.979370195863725,0.3298950320941291,0.7028968028512281,0.3897225500055472,ETTh2,raw,5664,5760,raw:5664:6,high,low
0,0.5845289706977771,0.12463631686298757,0.5278498327121537,0.375,0.7730392742739846,3.0484550830913704,0.3414091799462131,0.41233837342430607,0.4964828180733993,ETTh2,raw,5688,5784,raw:5688:0,mid,mid
1,0.3908623803016612,0.2236120537074596,0.6368060978965405,0.375,0.8736741540506301,3.0484550830913704,0.3414091799462131,0.41709351063522043,0.5300277779989477,ETTh2,raw,5688,5784,raw:5688:1,mid,mid
2,0.6148728331469546,0.1108483287296066,0.4788425188404754,0.375,0.7560415573980137,3.0484550830913704,0.3414091799462131,0.4015212269056789,0.4908169124480756,ETTh2,raw,5688,5784,raw:5688:2,mid,mid
3,0.17947610236567368,0.19431508117513907,0.5260079426291178,0.875,0.8788831626194794,3.0484550830913704,0.3414091799462131,0.2999330420566435,0.6984307808552308,ETTh2,raw,5688,5784,raw:5688:3,low,high
4,0.4754200335776553,0.26470544281983294,0.257258621179812,0.375,0.8848719808499587,3.0484550830913704,0.3414091799462131,0.3324613658591001,0.5337603869320572,ETTh2,raw,5688,5784,raw:5688:4,mid,mid
5,1.0,0.23459850944436067,0.2878003064844062,0.75,0.9504317693918094,3.0484550830913704,0.3414091799462131,0.5074662719762556,0.6806136497793408,ETTh2,raw,5688,5784,raw:5688:5,high,high
6,0.5637133186663021,0.058772791809963094,0.7753761866974409,0.25,0.36940831734440477,3.0484550830913704,0.3414091799462131,0.465954099057902,0.3202724990968726,ETTh2,raw,5688,5784,raw:5688:6,high,low
0,0.34098463877641627,0.10537524293481101,0.3510693556054973,0.375,0.808765572542689,2.240531474681026,0.2067552454355789,0.26580974577224153,0.46350693932608933,ETTh2,raw,5712,5808,raw:5712:0,low,mid
1,0.36597986801741844,0.1750825530767665,0.37345175857456825,0.75,0.9054340566553389,2.240531474681026,0.2067552454355789,0.3048380598895844,0.6207297673636393,ETTh2,raw,5712,5808,raw:5712:1,low,high
2,0.1776006215372241,0.10375667961030155,0.4368050656153975,0.5,0.8008246025302003,2.240531474681026,0.2067552454355789,0.23938745558764105,0.5025266159885932,ETTh2,raw,5712,5808,raw:5712:2,low,mid
3,0.15788862376650692,0.15478837188852312,0.3974472067774707,1.0,0.8705805379966814,2.240531474681026,0.2067552454355789,0.23670806747750026,0.6924452611440867,ETTh2,raw,5712,5808,raw:5712:3,low,high
4,0.9133743389366533,0.19485818234687396,0.30873696301485676,0.625,0.9355755713672325,2.240531474681026,0.2067552454355789,0.4723231614327947,0.5891102722676038,ETTh2,raw,5712,5808,raw:5712:4,high,mid
5,0.8123329474800352,0.2521958986321591,0.4792569518452428,1.0,0.9576653747816427,2.240531474681026,0.2067552454355789,0.5145952659858123,0.7214735400724072,ETTh2,raw,5712,5808,raw:5712:5,high,high
6,0.20132388761332054,0.0237678589427206,0.6936920864576717,0.25,0.3596100334786299,2.240531474681026,0.2067552454355789,0.3062612776712376,0.27212175963806956,ETTh2,raw,5712,5808,raw:5712:6,low,low
0,0.1334691602980289,0.10141291333476543,0.45064124550353646,0.375,0.7099562324179919,1.7382024980839734,0.12303374947560598,0.2285077730454436,0.40266332729786597,ETTh2,raw,5760,5856,raw:5760:0,low,low
1,0.06055843028047303,0.1393153755252261,0.4558567763368942,0.375,0.805094088263123,1.7382024980839734,0.12303374947560598,0.2185768607141978,0.4343759459129097,ETTh2,raw,5760,5856,raw:5760:1,low,mid
2,0.16391503806655738,0.08758701391625323,0.4729942347873746,0.375,0.7254955331931415,1.7382024980839734,0.12303374947560598,0.2414987622567284,0.40784309422291587,ETTh2,raw,5760,5856,raw:5760:2,low,low
3,0.22910429843688518,0.12721479474166508,0.3691294628106011,0.875,0.8266913005761906,1.7382024980839734,0.12303374947560598,0.24181618532971713,0.6082416833505988,ETTh2,raw,5760,5856,raw:5760:3,low,high
4,0.8524955291531899,0.34999876380761497,0.19015161959479393,1.0,0.9180757681031695,1.7382024980839734,0.12303374947560598,0.4642153041851996,0.6803698391929252,ETTh2,raw,5760,5856,raw:5760:4,high,high
5,0.7492644276789827,0.4095543989391791,0.5320828191917105,1.0,0.9152007189290069,1.7382024980839734,0.12303374947560598,0.5636338819366241,0.6794114894682043,ETTh2,raw,5760,5856,raw:5760:5,high,high
6,0.46708558011891177,0.1140128040911278,0.4514670729449223,0.25,0.513882267580136,1.7382024980839734,0.12303374947560598,0.3441884857183206,0.295638672351914,ETTh2,raw,5760,5856,raw:5760:6,mid,low
0,0.15623476189346908,0.11926706844190821,0.5525467579359048,0.375,0.761072793354733,2.8037601107620924,0.3006266846259709,0.2760161960904273,0.47889982599356795,ETTh2,raw,5784,5880,raw:5784:0,low,mid
1,0.013437312148122604,0.13684302148494862,0.6125625678962385,0.875,0.8280285177241693,2.8037601107620924,0.3006266846259709,0.2542809671764366,0.6678850674500468,ETTh2,raw,5784,5880,raw:5784:1,low,high
2,0.1638604732800084,0.10188255227942083,0.5266959237584788,0.375,0.7748183589125623,2.8037601107620924,0.3006266846259709,0.2641463164393027,0.48348168117951107,ETTh2,raw,5784,5880,raw:5784:2,low,mid
3,0.26714654656376513,0.1770475968901636,0.5173303642009365,1.0,0.8164304286328085,2.8037601107620924,0.3006266846259709,0.3205081692182884,0.7056857044195931,ETTh2,raw,5784,5880,raw:5784:3,low,high
4,0.18582466208303772,0.24422649585654388,0.6404057701252213,0.875,0.9478325221309091,2.8037601107620924,0.3006266846259709,0.35681897602160095,0.7078197355856267,ETTh2,raw,5784,5880,raw:5784:4,mid,high
5,0.640600374805303,0.2140677791940841,0.46254880538476856,1.0,0.9329112845049699,2.8037601107620924,0.3006266846259709,0.43907231979471856,0.7445126563769803,ETTh2,raw,5784,5880,raw:5784:5,high,high
6,0.369669570197813,0.07070430144245707,0.05266438379538039,0.25,0.5367213792858169,2.8037601107620924,0.3006266846259709,0.16434608514521684,0.36244935463726263,ETTh2,raw,5784,5880,raw:5784:6,low,low
0,0.13784136399753522,0.2659900465366149,0.732476008022612,0.25,0.808702642234136,0.9999999900000186,0.0,0.3787691395189207,0.352900880744712,ETTh2,raw,5832,5928,raw:5832:0,mid,low
1,0.13018294150060594,0.2496867156420041,0.716663126398834,1.0,0.9143737065981251,0.9999999900000186,0.0,0.365510927847148,0.6381245688660417,ETTh2,raw,5832,5928,raw:5832:1,mid,high
2,0.05143699152961778,0.22254670681402788,0.6550927977210652,0.25,0.7815848093167449,0.9999999900000186,0.0,0.3096921653549036,0.3438616031055816,ETTh2,raw,5832,5928,raw:5832:2,low,low
3,0.178589946910642,0.2001781409314968,0.624302431819763,1.0,0.9044080643981924,0.9999999900000186,0.0,0.3343568398873005,0.6348026881327308,ETTh2,raw,5832,5928,raw:5832:3,mid,high
4,0.33136697918941194,0.4159596325661624,0.3793815742507166,0.75,0.9245442888353802,0.9999999900000186,0.0,0.3755693953354304,0.5581814296117934,ETTh2,raw,5832,5928,raw:5832:4,mid,mid
5,0.9999999980268441,0.43112789635620596,0.4038215032442222,0.875,0.9304265463716045,0.9999999900000186,0.0,0.6116497992090908,0.6018088487905349,ETTh2,raw,5832,5928,raw:5832:5,high,high
6,0.47108406184859186,0.15735229919060129,0.5439131198122172,0.25,0.5706392207567567,0.9999999900000186,0.0,0.39078316028380344,0.2735464069189189,ETTh2,raw,5832,5928,raw:5832:6,mid,low
0,0.2857572192823119,0.2857218294370919,0.5014813710843545,0.25,0.9146441282414255,0.9999999900000255,0.0,0.35765347326791946,0.3882147094138085,ETTh2,raw,5856,5952,raw:5856:0,mid,low
1,0.31756898677527745,0.36218397147080084,0.5428730713183207,1.0,0.9909764898706059,0.9999999900000255,0.0,0.40754200985479966,0.6636588299568686,ETTh2,raw,5856,5952,raw:5856:1,mid,high
2,0.27982318058417743,0.269487540725563,0.50305636330274,0.25,0.8940437201723166,0.9999999900000255,0.0,0.35078902820416014,0.3813479067241055,ETTh2,raw,5856,5952,raw:5856:2,mid,low
3,0.2902667166947994,0.2959429163636852,0.4565916671462886,1.0,0.9731573392091675,0.9999999900000255,0.0,0.34760043340159114,0.6577191130697225,ETTh2,raw,5856,5952,raw:5856:3,mid,high
4,0.2578120103694942,0.3593223330947908,0.40425598697554166,0.625,0.8998278797489402,0.9999999900000255,0.0,0.34046344347994223,0.5082759599163134,ETTh2,raw,5856,5952,raw:5856:4,mid,mid
5,0.0,0.24371340336056124,1.0,0.5,0.8258313527315785,0.9999999900000255,0.0,0.4145711344535204,0.44194378424385955,ETTh2,raw,5856,5952,raw:5856:5,mid,mid
6,0.4236452388753573,0.042178428195145126,0.6929036608654814,0.25,0.38209377682242984,0.9999999900000255,0.0,0.3862424426453279,0.2106979256074766,ETTh2,raw,5856,5952,raw:5856:6,mid,low
0,0.14968662926286913,0.20183484351585482,0.5115995031879078,0.25,0.9045502826191083,0.9999999900000361,0.0,0.2877069919888772,0.38485009420636945,ETTh2,raw,5904,6000,raw:5904:0,low,low
1,0.280633801460762,0.28500684825814016,0.513200647595127,1.0,0.9694883074796267,0.9999999900000361,0.0,0.359613765771343,0.6564961024932089,ETTh2,raw,5904,6000,raw:5904:1,mid,high
2,0.07257488950090918,0.2349571720359268,0.5892217592055883,0.25,0.893934734976302,0.9999999900000361,0.0,0.29891794024747476,0.381311578325434,ETTh2,raw,5904,6000,raw:5904:2,low,low
3,0.20312550296996612,0.43881853055926345,0.6738586122370571,1.0,0.9591040820680897,0.9999999900000361,0.0,0.4386008819220956,0.6530346940226965,ETTh2,raw,5904,6000,raw:5904:3,high,high
4,0.9906256777791672,0.3208154626948154,0.08032667518445372,0.25,0.8690432624658625,0.9999999900000361,0.0,0.46392260521947876,0.37301442082195413,ETTh2,raw,5904,6000,raw:5904:4,high,low
5,0.0,0.1337482779568299,0.0,0.25,0.879042149006083,0.9999999900000361,0.0,0.044582759318943295,0.3763473830020277,ETTh2,raw,5904,6000,raw:5904:5,low,low
6,0.29533919822505483,0.03782509132568443,0.3016150343140472,0.25,0.3682131294462893,0.9999999900000361,0.0,0.21159310795492883,0.20607104314876312,ETTh2,raw,5904,6000,raw:5904:6,low,low
0,0.2049697496680316,0.181760602363968,0.5831773133982542,0.625,0.8854914464030984,0.9999999900005919,0.0,0.32330255514341794,0.5034971488010328,ETTh2,raw,5928,6024,raw:5928:0,low,mid
1,0.5816729366536033,0.29724759855018823,0.602668122851776,1.0,0.9300018160886203,0.9999999900005919,0.0,0.4938628860185225,0.6433339386962068,ETTh2,raw,5928,6024,raw:5928:1,high,high
2,0.2780514184692895,0.15998652162689003,0.6357360194029222,0.625,0.8604533453247791,0.9999999900005919,0.0,0.3579246531663673,0.4951511151082597,ETTh2,raw,5928,6024,raw:5928:2,mid,mid
3,0.6218513753812616,0.23211267664716223,0.5037137767325622,1.0,0.795429232232705,0.9999999900005919,0.0,0.45255927625366194,0.598476410744235,ETTh2,raw,5928,6024,raw:5928:3,high,mid
4,0.9837238586250941,0.5484237691349056,0.6331057269106098,0.5,0.9360294053185098,0.9999999900005919,0.0,0.7217511182235365,0.4786764684395033,ETTh2,raw,5928,6024,raw:5928:4,high,mid
5,0.0,0.4195180105536145,0.0,0.375,0.9189725690194082,0.9999999900005919,0.0,0.13983933685120484,0.43132418967313607,ETTh2,raw,5928,6024,raw:5928:5,low,mid
6,0.4877189627158758,0.04117537851227415,0.3699972561480855,0.25,0.38375279342723484,0.9999999900005919,0.0,0.29963053245874516,0.21125093114241164,ETTh2,raw,5928,6024,raw:5928:6,low,low
0,0.21844075541703512,0.09481339296811492,0.631994908202684,0.5,0.8399578629634563,0.9999999900003927,0.0,0.3150830188626113,0.44665262098781877,ETTh2,raw,5952,6048,raw:5952:0,low,mid
1,0.4970138917886153,0.2248434467478818,0.4741738835992756,1.0,0.8832742809536047,0.9999999900003927,0.0,0.3986770740452576,0.6277580936512016,ETTh2,raw,5952,6048,raw:5952:1,mid,high
2,0.13256574030412416,0.14997307794600592,0.5844983406536585,1.0,0.8693433924748551,0.9999999900003927,0.0,0.28901238630126286,0.623114464158285,ETTh2,raw,5952,6048,raw:5952:2,low,high
3,0.3250049540676153,0.27307411068322696,0.46336737853095905,1.0,0.8646014470651613,0.9999999900003927,0.0,0.3538154810939338,0.6215338156883871,ETTh2,raw,5952,6048,raw:5952:3,mid,high
4,0.9856983884595365,0.07309154666879195,0.9648782116030848,0.375,0.8546445514207653,0.9999999900003927,0.0,0.6745560489104712,0.40988151714025517,ETTh2,raw,5952,6048,raw:5952:4,high,low
5,0.0,0.310619790271763,1.0,0.375,0.829961157785854,0.9999999900003927,0.0,0.436873263423921,0.40165371926195137,ETTh2,raw,5952,6048,raw:5952:5,high,low
6,0.2481641154539972,0.020039831277698844,0.4597569564521307,0.25,0.3858306975492696,0.9999999900003927,0.0,0.24265363439460894,0.21194356584975652,ETTh2,raw,5952,6048,raw:5952:6,low,low
0,0.5131901354509486,0.15362042607432502,0.6297491765168762,0.75,0.8643766567397084,3.357494444986546,0.39291574017623143,0.4321865793473833,0.6690974656386466,ETTh2,raw,6000,6096,raw:6000:0,high,high
1,0.5572626467921736,0.2558538213143051,0.2838260250239379,1.0,0.8956350832159854,3.357494444986546,0.39291574017623143,0.3656474977101389,0.7628502744640723,ETTh2,raw,6000,6096,raw:6000:1,mid,high
2,0.3624231420242354,0.14307665905829015,0.5123044851614321,0.75,0.8494938069220088,3.357494444986546,0.39291574017623143,0.3392680954146526,0.6641365156994135,ETTh2,raw,6000,6096,raw:6000:2,mid,high
3,0.35020287406856343,0.1884734528496141,0.34402751027686407,1.0,0.8930011374473895,3.357494444986546,0.39291574017623143,0.2942346123983472,0.7619722925412069,ETTh2,raw,6000,6096,raw:6000:3,low,high
4,0.6746091505039717,0.23167466851633717,0.4661183311099913,0.5,0.9080521562187235,3.357494444986546,0.39291574017623143,0.4574673833767667,0.6003226321316516,ETTh2,raw,6000,6096,raw:6000:4,high,high
5,0.9999999999472412,0.31486010510967305,0.22030272625055491,0.75,0.8431779632386969,3.357494444986546,0.39291574017623143,0.5117209437691564,0.6620312344716428,ETTh2,raw,6000,6096,raw:6000:5,high,high
6,0.6223526273874331,0.026188253556582226,0.4738897912308831,0.25,0.42282965164629155,3.357494444986546,0.39291574017623143,0.3741435573916328,0.35524846394084103,ETTh2,raw,6000,6096,raw:6000:6,mid,low
0,0.4169996439856827,0.22296591935624055,0.8487726640473958,0.25,0.8887888908932796,3.4410209574092208,0.4068368255568088,0.4962460757964397,0.5152085721500295,ETTh2,raw,6024,6120,raw:6024:0,high,mid
1,0.5496584551609484,0.20959455486838902,0.22029218426442,1.0,0.9180641982718877,3.4410209574092208,0.4068368255568088,0.32651506476458575,0.7749670079428989,ETTh2,raw,6024,6120,raw:6024:1,mid,high
2,0.25593644124589365,0.30465648696805825,0.7151747300671422,0.625,0.8982234670549673,3.4410209574092208,0.4068368255568088,0.4252558860936981,0.643353430870592,ETTh2,raw,6024,6120,raw:6024:2,high,high
3,0.6116135912343554,0.21423450920574938,0.16031073626601253,1.0,0.9244339157821005,3.4410209574092208,0.4068368255568088,0.32871961223537244,0.7770902471129698,ETTh2,raw,6024,6120,raw:6024:3,mid,high
4,0.37841238777036634,0.37350630816622304,0.41631346849438877,0.5,0.9774144005862112,3.4410209574092208,0.4068368255568088,0.3894107214769927,0.6280837420476734,ETTh2,raw,6024,6120,raw:6024:4,mid,high
5,0.29275413201275946,0.31247238486683004,0.49712421068542995,0.75,0.9474501210363776,3.4410209574092208,0.4068368255568088,0.3674502425216732,0.7014289821977289,ETTh2,raw,6024,6120,raw:6024:5,mid,high
6,0.4035231905819574,0.20055347240124716,0.30263878573634384,0.25,0.654697739288313,3.4410209574092208,0.4068368255568088,0.30223848290651617,0.43717818828170724,ETTh2,raw,6024,6120,raw:6024:6,low,mid
0,0.760194035367078,0.2164304412680138,0.6210598921562542,0.25,0.8350109096183591,0.9999999900000732,0.0,0.532561456263782,0.3616703032061197,ETTh2,raw,6072,6168,raw:6072:0,high,low
1,0.4959569691765775,0.20843675982200408,0.4918011219248598,1.0,0.8117169618914228,0.9999999900000732,0.0,0.3987316169744804,0.6039056539638076,ETTh2,raw,6072,6168,raw:6072:1,mid,high
2,0.8092438939095181,0.3085398370881911,0.6980735774218467,0.25,0.81275715173405,0.9999999900000732,0.0,0.6052857694731854,0.35425238391135006,ETTh2,raw,6072,6168,raw:6072:2,high,low
3,0.5510775157863346,0.3043505949438168,0.3532477340973839,1.0,0.7710530266719382,0.9999999900000732,0.0,0.40289194827584507,0.5903510088906461,ETTh2,raw,6072,6168,raw:6072:3,mid,mid
4,0.982425722349521,0.27311530018792296,0.19620211449463376,0.75,0.9744122496523879,0.9999999900000732,0.0,0.48391437901069256,0.5748040832174627,ETTh2,raw,6072,6168,raw:6072:4,high,mid
5,0.9999999992830383,0.331807920587094,0.0,1.0,0.915156816439774,0.9999999900000732,0.0,0.4439359732900441,0.6383856054799247,ETTh2,raw,6072,6168,raw:6072:5,high,high
6,0.673163174702853,0.2126216093015568,0.14356859219453166,0.125,0.8008026956411952,0.9999999900000732,0.0,0.3431177920663138,0.3086008985470651,ETTh2,raw,6072,6168,raw:6072:6,mid,low
0,0.2703100498178497,0.24444252500415747,0.5404309481763078,0.375,0.869535700377119,0.9999999900001308,0.0,0.35172784099943827,0.4148452334590396,ETTh2,raw,6096,6192,raw:6096:0,mid,low
1,0.30543974019811826,0.14479519282630401,0.5059698400790494,1.0,0.8010945717579638,0.9999999900001308,0.0,0.3187349243678239,0.6003648572526546,ETTh2,raw,6096,6192,raw:6096:1,low,high
2,0.2155942540541962,0.19038873796440856,0.6348086088954265,0.25,0.8729726660116195,0.9999999900001308,0.0,0.3469305336380104,0.37432422200387316,ETTh2,raw,6096,6192,raw:6096:2,mid,low
3,0.36451020360549835,0.12190855923556171,0.6062917979573027,1.0,0.7612722975349712,0.9999999900001308,0.0,0.36423685359945424,0.5870907658449904,ETTh2,raw,6096,6192,raw:6096:3,mid,mid
4,0.9347748003591035,0.45437946859493894,0.1507167043369589,0.375,0.955823348511021,0.9999999900001308,0.0,0.5132903244303338,0.443607782837007,ETTh2,raw,6096,6192,raw:6096:4,high,mid
5,0.0,0.20914679123543545,0.0,0.0,0.9239229749345854,0.9999999900001308,0.0,0.06971559707847848,0.30797432497819516,ETTh2,raw,6096,6192,raw:6096:5,low,low
6,0.3986523210795999,0.6901622286569384,0.2403841768806445,0.25,0.828357984714243,0.9999999900001308,0.0,0.4430662422057276,0.35945266157141437,ETTh2,raw,6096,6192,raw:6096:6,high,low
0,0.7965632981716065,0.16483791957830896,0.3044315936087077,0.25,0.8583655468767499,2.3661391335676334,0.22768985521512247,0.4219442704528744,0.4453518006972908,ETTh2,raw,6120,6216,raw:6120:0,mid,mid
1,0.3200668978567184,0.17936450007686278,0.5319358397508686,1.0,0.7746992808501972,2.3661391335676334,0.22768985521512247,0.34378907922814994,0.6674630453551066,ETTh2,raw,6120,6216,raw:6120:1,mid,high
2,0.7491267090347012,0.16680892788272877,0.29323881858367806,0.25,0.8454628458973722,2.3661391335676334,0.22768985521512247,0.4030581518337027,0.44105090037083156,ETTh2,raw,6120,6216,raw:6120:2,mid,mid
3,0.26148191982059843,0.21395803694265103,0.6767559182418217,1.0,0.7339161135739213,2.3661391335676334,0.22768985521512247,0.38406529166835707,0.6538686562630146,ETTh2,raw,6120,6216,raw:6120:3,mid,high
4,0.46518495287747386,0.08727519835581396,0.6777304661696419,0.375,0.7594006387649779,2.3661391335676334,0.22768985521512247,0.41006353913430993,0.4540301646600335,ETTh2,raw,6120,6216,raw:6120:4,mid,mid
5,0.0,0.0,0.0,0.0,-0.0,2.3661391335676334,0.22768985521512247,0.0,0.07589661840504082,ETTh2,raw,6120,6216,raw:6120:5,low,low
6,0.5743241373639205,0.4415285804031852,0.8085746559358145,0.25,0.762733022863802,2.3661391335676334,0.22768985521512247,0.6081424579009734,0.4134742926929748,ETTh2,raw,6120,6216,raw:6120:6,high,low
0,0.5303114741502484,0.1433279330144158,0.5687644356592577,0.625,0.9330381166139201,3.084966164049306,0.34749436009572704,0.41413461427464066,0.6351774922365491,ETTh2,raw,6168,6264,raw:6168:0,mid,high
1,0.3241405707726305,0.18417233662632843,0.6450567307464831,1.0,0.954113482324646,3.084966164049306,0.34749436009572704,0.3844565460484806,0.7672026141401244,ETTh2,raw,6168,6264,raw:6168:1,mid,high
2,0.4370717898982108,0.139401719946959,0.5570958554322957,0.75,0.9072460319648126,3.084966164049306,0.34749436009572704,0.37785645509248855,0.6682467973535132,ETTh2,raw,6168,6264,raw:6168:2,mid,high
3,0.15505219295994266,0.19073861446480928,0.5617261226785362,1.0,0.947257649079835,3.084966164049306,0.34749436009572704,0.3025056433677627,0.764917336391854,ETTh2,raw,6168,6264,raw:6168:3,low,high
4,0.1487919405768513,0.16488659901668204,0.5123064869674187,0.5,0.8513949606515672,3.084966164049306,0.34749436009572704,0.275328342186984,0.5662964402490981,ETTh2,raw,6168,6264,raw:6168:4,low,mid
5,0.0,0.0,0.0,0.0,-0.0,3.084966164049306,0.34749436009572704,0.0,0.11583145336524235,ETTh2,raw,6168,6264,raw:6168:5,low,low
6,0.3868777897720571,0.05691258818574081,0.4831847988157617,0.25,0.5392879002748909,3.084966164049306,0.34749436009572704,0.30899172559118654,0.3789274201235393,ETTh2,raw,6168,6264,raw:6168:6,low,low
0,0.6320600447455276,0.23141351400220045,0.4782644070433647,0.5,0.8917557539965066,3.1180807654891605,0.3530134603265043,0.44724598859703085,0.5815897381076703,ETTh2,raw,6192,6288,raw:6192:0,high,mid
1,0.3322765005863062,0.26979968359651735,0.4142414641443994,1.0,0.869995955452489,3.1180807654891605,0.3530134603265043,0.33877254944240764,0.7410031385929977,ETTh2,raw,6192,6288,raw:6192:1,mid,high
2,0.5920676962386549,0.20177101489267157,0.4537563564549672,0.5,0.8697431628020227,3.1180807654891605,0.3530134603265043,0.41586502252876456,0.574252207709509,ETTh2,raw,6192,6288,raw:6192:2,mid,mid
3,0.30334422144422857,0.2856453350493607,0.4574657125668079,1.0,0.8635362766898831,3.1180807654891605,0.3530134603265043,0.34881842302013233,0.7388499123387958,ETTh2,raw,6192,6288,raw:6192:3,mid,high
4,0.5274360869772217,0.21965482933246683,0.5155578354526248,1.0,0.8541915317388367,3.1180807654891605,0.3530134603265043,0.4208829172541044,0.7357349973551136,ETTh2,raw,6192,6288,raw:6192:4,mid,high
5,0.0,0.0,0.0,0.0,-0.0,3.1180807654891605,0.3530134603265043,0.0,0.11767115344216811,ETTh2,raw,6192,6288,raw:6192:5,low,low
6,0.5376881177051392,0.30952692168073825,0.396709812117368,0.25,0.6594892320340013,3.1180807654891605,0.3530134603265043,0.4146416171677485,0.4208342307868352,ETTh2,raw,6192,6288,raw:6192:6,mid,mid
0,0.1566506835295981,0.170267110259138,0.5171752595995145,0.75,0.8327260575265704,2.88973035051248,0.3149550578938216,0.2813643511294169,0.6325603718067973,ETTh2,raw,6240,6336,raw:6240:0,low,high
1,0.3282204362932838,0.18782659462993861,0.4534048417889039,1.0,0.8975829368936604,2.88973035051248,0.3149550578938216,0.3231506242373754,0.7375126649291607,ETTh2,raw,6240,6336,raw:6240:1,low,high
2,0.23894994133797254,0.21111854432906835,0.5131445682497515,0.625,0.8259453393990396,2.88973035051248,0.3149550578938216,0.32107101797226417,0.588633465764287,ETTh2,raw,6240,6336,raw:6240:2,low,mid
3,0.2415204629814628,0.2602998059264716,0.42529128191830196,1.0,0.907947700300474,2.88973035051248,0.3149550578938216,0.3090371836087455,0.7409675860647652,ETTh2,raw,6240,6336,raw:6240:3,low,high
4,0.4706432540821486,0.2132207823764733,0.5085236005282034,1.0,0.8715270353948303,2.88973035051248,0.3149550578938216,0.3974625456622751,0.7288273644295508,ETTh2,raw,6240,6336,raw:6240:4,mid,high
5,0.0,0.0,0.0,0.0,-0.0,2.88973035051248,0.3149550578938216,0.0,0.10498501929794053,ETTh2,raw,6240,6336,raw:6240:5,low,low
6,0.4329520777165643,0.1778976782563586,0.3263329998878465,0.125,0.7169972077998618,2.88973035051248,0.3149550578938216,0.3123942519535898,0.3856507552312278,ETTh2,raw,6240,6336,raw:6240:6,low,low
0,0.35795416723401285,0.15550207532935933,0.6168536014780571,0.75,0.8246871666743792,2.8448656990336163,0.30747761599314005,0.37676994801380975,0.6273882608891731,ETTh2,raw,6264,6360,raw:6264:0,mid,high
1,0.3314985384769128,0.2788698884270792,0.10898541413816572,1.0,0.8336876129505535,2.8448656990336163,0.30747761599314005,0.23978461368071924,0.7137217429812311,ETTh2,raw,6264,6360,raw:6264:1,low,high
2,0.2833439395750825,0.17128474804341864,0.6352190116756534,0.625,0.7968147570803117,2.8448656990336163,0.30747761599314005,0.36328256643138485,0.5764307910244839,ETTh2,raw,6264,6360,raw:6264:2,mid,mid
3,0.19447911291290365,0.30064807598875487,0.10485920471821843,1.0,0.8433078785301134,2.8448656990336163,0.30747761599314005,0.19999546453995898,0.7169284981744178,ETTh2,raw,6264,6360,raw:6264:3,low,high
4,0.7357604505619213,0.19936655492781594,0.24719121164440538,0.875,0.8784223447749603,2.8448656990336163,0.30747761599314005,0.39410607237804757,0.6869666535893667,ETTh2,raw,6264,6360,raw:6264:4,mid,high
5,0.0,0.0,0.0,0.0,-0.0,2.8448656990336163,0.30747761599314005,0.0,0.10249253866438002,ETTh2,raw,6264,6360,raw:6264:5,low,low
6,0.5995133592735533,0.18429989247612874,0.43103588873718424,0.375,0.7019209476878506,2.8448656990336163,0.30747761599314005,0.4049497134956221,0.4614661878936636,ETTh2,raw,6264,6360,raw:6264:6,mid,mid
0,0.37913303586204217,0.23004664871079716,0.7638546225653953,0.25,0.7331519519953018,3.0094184711554353,0.3349030779677341,0.4576781023794115,0.43935167665434527,ETTh2,raw,6288,6384,raw:6288:0,high,mid
1,0.35259536274291414,0.1576550875089943,0.550652000490676,0.75,0.8271067227559425,3.0094184711554353,0.3349030779677341,0.35363415024752815,0.6373366002412255,ETTh2,raw,6288,6384,raw:6288:1,mid,high
2,0.44857558614699644,0.2471750955112732,0.6974755349947747,0.125,0.7155999936193234,3.0094184711554353,0.3349030779677341,0.4644087388843481,0.3918343571956859,ETTh2,raw,6288,6384,raw:6288:2,high,low
3,0.2745664157769986,0.1307858553860442,0.5421494536968988,1.0,0.8743920645575317,3.0094184711554353,0.3349030779677341,0.3158339082866472,0.7364317141750886,ETTh2,raw,6288,6384,raw:6288:3,low,high
4,0.7983408058459385,0.24552325322648105,0.5325047639012946,1.0,0.9233076720501782,3.0094184711554353,0.3349030779677341,0.5254562743245713,0.7527369166726374,ETTh2,raw,6288,6384,raw:6288:4,high,high
5,0.0,0.0,0.0,0.0,-0.0,3.0094184711554353,0.3349030779677341,0.0,0.11163435932257804,ETTh2,raw,6288,6384,raw:6288:5,low,low
6,0.5552617353811911,0.20578136644686026,0.09069651651694087,0.375,0.6666395608784229,3.0094184711554353,0.3349030779677341,0.28391320611499743,0.4588475462820523,ETTh2,raw,6288,6384,raw:6288:6,low,mid
0,0.2674866759993084,0.09956673708738471,0.37786923593182165,0.25,0.6137200004810065,2.720022586158176,0.2866704305485786,0.24830754967283827,0.3834634770098617,ETTh2,raw,6336,6432,raw:6336:0,low,low
1,0.36151693103688576,0.19099065281191385,0.5100228984586914,0.375,0.7509658876833234,2.720022586158176,0.2866704305485786,0.35417682743583034,0.47087877274396733,ETTh2,raw,6336,6432,raw:6336:1,mid,mid
2,0.3608438514214405,0.10836078109686476,0.39456694809894516,0.125,0.6194089476225418,2.720022586158176,0.2866704305485786,0.2879238602057501,0.34369312605704017,ETTh2,raw,6336,6432,raw:6336:2,low,low
3,0.42748770415247017,0.26154357086512936,0.49082061268848237,0.75,0.8369608464514533,2.720022586158176,0.2866704305485786,0.39328396256869397,0.6245437590000106,ETTh2,raw,6336,6432,raw:6336:3,mid,high
4,0.016971287527911993,0.1862576571483191,0.27926739802715334,0.5,0.9489489890128622,2.720022586158176,0.2866704305485786,0.16083211423446148,0.5785398065204802,ETTh2,raw,6336,6432,raw:6336:4,low,mid
5,0.0,0.0,0.0,0.0,-0.0,2.720022586158176,0.2866704305485786,0.0,0.09555681018285954,ETTh2,raw,6336,6432,raw:6336:5,low,low
6,0.5694257690801352,0.2228636500975968,0.8954880622544417,0.25,0.7351311379027241,2.720022586158176,0.2866704305485786,0.5625924938107246,0.4239338561504342,ETTh2,raw,6336,6432,raw:6336:6,high,mid
0,0.5264758887251435,0.2429321630268183,0.39264511240793687,0.375,0.8343192702012314,2.500685045841913,0.2501141738901286,0.3873510547199663,0.48647781469712,ETTh2,raw,6360,6456,raw:6360:0,mid,mid
1,0.536567013490201,0.37760966553312725,0.5794789621692358,0.625,0.9589334844963322,2.500685045841913,0.2501141738901286,0.49788521373085465,0.6113492194621536,ETTh2,raw,6360,6456,raw:6360:1,high,high
2,0.5456590549476423,0.23145725680570584,0.37707485186207784,0.375,0.8447769638269509,2.500685045841913,0.2501141738901286,0.3847303878718087,0.4899637125723599,ETTh2,raw,6360,6456,raw:6360:2,mid,mid
3,0.4956360514124889,0.3498020639455237,0.4692636176931155,1.0,0.9769225310913021,2.500685045841913,0.2501141738901286,0.43823391101704273,0.7423455683271435,ETTh2,raw,6360,6456,raw:6360:3,high,high
4,0.9999999976895486,0.4090211884389062,0.2835632385282114,1.0,0.898503299516069,2.500685045841913,0.2501141738901286,0.5641948082188888,0.7162058244687325,ETTh2,raw,6360,6456,raw:6360:4,high,high
5,0.0,0.0,0.0,0.0,-0.0,2.500685045841913,0.2501141738901286,0.0,0.08337139129670952,ETTh2,raw,6360,6456,raw:6360:5,low,low
6,0.8988577572399218,0.6730090623073981,0.6454447206689121,0.25,0.641274391921483,2.500685045841913,0.2501141738901286,0.739103846738744,0.38046285527053714,ETTh2,raw,6360,6456,raw:6360:6,high,low
0,0.4148905465914665,0.19321817107813444,0.47313881572756655,0.5,0.887321464753957,1.1364089449432766,0.022734824119321394,0.36041584446572256,0.4700187629577595,ETTh2,raw,6408,6504,raw:6408:0,mid,mid
1,0.17510298996922857,0.19173480390903214,0.4076533860168938,0.75,0.9084049743196403,1.1364089449432766,0.022734824119321394,0.2581637266317182,0.5603799328129873,ETTh2,raw,6408,6504,raw:6408:1,low,mid
2,0.36115124014080147,0.17241627478773347,0.4722086754670579,0.625,0.8775532618501729,1.1364089449432766,0.022734824119321394,0.3352587301318643,0.5084293619898315,ETTh2,raw,6408,6504,raw:6408:2,mid,mid
3,0.42111387062671746,0.16706668824886506,0.2549282201431024,0.75,0.8900724209723735,1.1364089449432766,0.022734824119321394,0.281036259672895,0.5542690816972317,ETTh2,raw,6408,6504,raw:6408:3,low,mid
4,0.9999999976895486,0.27656552730192857,0.5350644250857364,0.875,0.9378715222009231,1.1364089449432766,0.022734824119321394,0.6038766500257379,0.6118687821067482,ETTh2,raw,6408,6504,raw:6408:4,high,high
5,0.0,0.46297012840554824,0.5,0.25,0.7528006712206022,1.1364089449432766,0.022734824119321394,0.32099004280184945,0.3418451651133079,ETTh2,raw,6408,6504,raw:6408:5,low,low
6,0.3726832296411233,0.0451507032172338,0.4510271010035871,0.25,0.3876826864989365,1.1364089449432766,0.022734824119321394,0.28962034462064806,0.22013917020608595,ETTh2,raw,6408,6504,raw:6408:6,low,low
0,0.18828922807537884,0.2218505834657759,0.6898337655623793,1.0,0.896491908729409,1.1361524649770136,0.022692077458348805,0.36665785903451137,0.6397279953959193,ETTh2,raw,6432,6528,raw:6432:0,mid,high
1,0.4350544653046631,0.3688260813788582,0.16674291529356322,1.0,0.9326279426382715,1.1361524649770136,0.022692077458348805,0.3235411539923615,0.6517733400322068,ETTh2,raw,6432,6528,raw:6432:1,low,high
2,0.1746640788321555,0.25944768599914625,0.7958491291904144,1.0,0.9268296933506415,1.1361524649770136,0.022692077458348805,0.4099869646739054,0.6498405902696635,ETTh2,raw,6432,6528,raw:6432:2,mid,high
3,0.4069320534103057,0.38348811074275263,0.11647384589369496,0.75,0.9541648293779196,1.1361524649770136,0.022692077458348805,0.30229800334891777,0.5756189689454229,ETTh2,raw,6432,6528,raw:6432:3,low,mid
4,0.0,0.372239819753462,0.0,1.0,0.9653377693819748,1.1361524649770136,0.022692077458348805,0.12407993991782067,0.6626766156134413,ETTh2,raw,6432,6528,raw:6432:4,low,high
5,0.0,0.4610144521034026,0.0,0.25,0.7458071488970949,1.1361524649770136,0.022692077458348805,0.15367148403446754,0.3394997421184813,ETTh2,raw,6432,6528,raw:6432:5,low,low
6,0.5801319743339817,0.14188058996887754,0.6356559428375866,0.25,0.4974549377371624,1.1361524649770136,0.022692077458348805,0.45255616904681534,0.25671567173183707,ETTh2,raw,6432,6528,raw:6432:6,high,low
0,0.27198774762689104,0.2941632915283583,0.6099826291408209,0.625,0.9138515732645044,1.1253275645447898,0.020887927389318415,0.39204455609869004,0.5199131668846076,ETTh2,raw,6456,6552,raw:6456:0,mid,mid
1,0.5507126745574266,0.17472733496025955,0.548664077752444,1.0,0.9235035218329791,1.1253275645447898,0.020887927389318415,0.4247013624233767,0.6481304830740992,ETTh2,raw,6456,6552,raw:6456:1,high,high
2,0.3074613705566912,0.38963731478619046,0.562889188757213,0.75,0.9397757715862675,1.1253275645447898,0.020887927389318415,0.4199959580333649,0.5702212329918619,ETTh2,raw,6456,6552,raw:6456:2,mid,mid
3,0.5091720975302368,0.19576497747335714,0.5282178152090787,1.0,0.9449899565482656,1.1253275645447898,0.020887927389318415,0.4110516300708909,0.6552926279791946,ETTh2,raw,6456,6552,raw:6456:3,mid,high
4,0.9999999972687105,0.46101127471554953,0.33835821749393036,1.0,0.8983576019348115,1.1253275645447898,0.020887927389318415,0.5997898298260634,0.63974850977471,ETTh2,raw,6456,6552,raw:6456:4,high,high
5,0.0,0.49755571476151567,0.0,0.0,0.7241289144742203,1.1253275645447898,0.020887927389318415,0.16585190492050522,0.24833894728784625,ETTh2,raw,6456,6552,raw:6456:5,low,low
6,0.7053955216406098,0.32770865133300886,0.040332894487636876,0.375,0.6819977238844842,1.1253275645447898,0.020887927389318415,0.35781235582041854,0.35929521709126755,ETTh2,raw,6456,6552,raw:6456:6,mid,low
0,0.9806006797006764,0.24086953640678926,0.2527949908712331,1.0,0.9343761370457,2.7032954794307105,0.2838825794319808,0.49142173565956626,0.7394195721592269,ETTh2,raw,6504,6600,raw:6504:0,high,high
1,0.9426562417517406,0.4306877985448883,0.4703602020049821,0.75,0.9702202936190077,2.7032954794307105,0.2838825794319808,0.6145680807672037,0.6680342910169962,ETTh2,raw,6504,6600,raw:6504:1,high,high
2,0.9471124015656157,0.2526315132005995,0.3305769466417233,1.0,0.9025421382268274,2.7032954794307105,0.2838825794319808,0.5101069538026461,0.7288082392196027,ETTh2,raw,6504,6600,raw:6504:2,high,high
3,0.9210320146907925,0.3846943670082338,0.42166492528052324,0.75,0.9803452268810225,2.7032954794307105,0.2838825794319808,0.5757971023265166,0.6714092687710012,ETTh2,raw,6504,6600,raw:6504:3,high,high
4,0.9874219906420636,0.3106404019257817,0.8819876834224091,0.5,0.9110539053388569,2.7032954794307105,0.2838825794319808,0.726683358663418,0.5649788282569459,ETTh2,raw,6504,6600,raw:6504:4,high,mid
5,0.0,0.0,0.0,0.0,-0.0,2.7032954794307105,0.2838825794319808,0.0,0.09462752647732693,ETTh2,raw,6504,6600,raw:6504:5,low,low
6,0.9999999994621402,0.07038812615778992,0.07806260227802563,0.25,0.7007009131492393,2.7032954794307105,0.2838825794319808,0.38281690929931855,0.4115278308604067,ETTh2,raw,6504,6600,raw:6504:6,mid,low
0,0.9999999970866036,0.19964777381101786,0.4999999998942097,1.0,0.9361853109098832,0.9999999900000259,0.0,0.5665492569306104,0.6453951036366278,ETTh2,raw,6528,6624,raw:6528:0,high,high
1,0.9895471123551903,0.3214279682304755,0.3888946138893407,1.0,0.949276749801118,0.9999999900000259,0.0,0.5666232314916688,0.6497589166003727,ETTh2,raw,6528,6624,raw:6528:1,high,high
2,0.9345411827230607,0.21572121506191255,0.4999999998461721,1.0,0.9304470846106253,0.9999999900000259,0.0,0.5500874658770485,0.6434823615368751,ETTh2,raw,6528,6624,raw:6528:2,high,high
3,0.99484288717673,0.312732700851418,0.2828397646786394,1.0,0.9446011564001756,0.9999999900000259,0.0,0.5301384509022624,0.6482003854667252,ETTh2,raw,6528,6624,raw:6528:3,high,high
4,1.0,0.14322590917757488,0.34824326361219266,0.25,0.8928100026820676,0.9999999900000259,0.0,0.49715639092992253,0.38093666756068917,ETTh2,raw,6528,6624,raw:6528:4,high,low
5,0.0,0.0,0.0,0.0,-0.0,0.9999999900000259,0.0,0.0,0.0,ETTh2,raw,6528,6624,raw:6528:5,low,low
6,0.982966637094472,0.5670680121614263,0.5253345904330428,0.25,0.7853231290983823,0.9999999900000259,0.0,0.6917897465629803,0.34510770969946075,ETTh2,raw,6528,6624,raw:6528:6,high,low
0,0.4297139873288749,0.2029835812534294,0.43042872212656286,0.75,0.982636732590577,0.9999999900000381,0.0,0.3543754302362891,0.5775455775301923,ETTh2,raw,6576,6672,raw:6576:0,mid,mid
1,0.5325774591100259,0.2254443182207298,0.484496293235477,1.0,0.9731251813886047,0.9999999900000381,0.0,0.4141726901887442,0.6577083937962015,ETTh2,raw,6576,6672,raw:6576:1,mid,high
2,0.462535785716757,0.1917254648827562,0.45085938428812017,0.75,0.9872286326856732,0.9999999900000381,0.0,0.3683735449625445,0.5790762108952244,ETTh2,raw,6576,6672,raw:6576:2,mid,mid
3,0.33874298485973553,0.21943001029986087,0.46631611564476905,1.0,0.9729990254095446,0.9999999900000381,0.0,0.3414963702681218,0.6576663418031815,ETTh2,raw,6576,6672,raw:6576:3,mid,high
4,0.0,0.08658215021680501,0.0,1.0,0.8649425811616621,0.9999999900000381,0.0,0.028860716738935005,0.6216475270538874,ETTh2,raw,6576,6672,raw:6576:4,low,high
5,0.0,0.0,0.0,0.0,-0.0,0.9999999900000381,0.0,0.0,0.0,ETTh2,raw,6576,6672,raw:6576:5,low,low
6,0.6797944125153031,0.12148724526172933,0.9193254433811228,0.25,0.4437042200026976,0.9999999900000381,0.0,0.5735357003860518,0.2312347400008992,ETTh2,raw,6576,6672,raw:6576:6,high,low
0,0.6380730360350709,0.40668178486465995,0.43686651136522675,1.0,0.9645697173041178,0.9999999900000518,0.0,0.49387377742165256,0.654856572434706,ETTh2,raw,6600,6696,raw:6600:0,high,high
1,0.5663851506150527,0.26272461684375314,0.3729818147139245,1.0,0.9708948229623273,0.9999999900000518,0.0,0.40069719405757676,0.6569649409874424,ETTh2,raw,6600,6696,raw:6600:1,mid,high
2,0.6357573407332442,0.4069387448128789,0.4443822220286797,1.0,0.9645284007462552,0.9999999900000518,0.0,0.49569276919160093,0.6548428002487517,ETTh2,raw,6600,6696,raw:6600:2,high,high
3,0.4081979142046803,0.21470126246379134,0.35994562438971617,1.0,0.9536416065056158,0.9999999900000518,0.0,0.3276149336860626,0.6512138688352053,ETTh2,raw,6600,6696,raw:6600:3,mid,high
4,0.0,0.12765099681973585,1.0,0.875,0.9327864559040413,0.9999999900000518,0.0,0.37588366560657865,0.6025954853013471,ETTh2,raw,6600,6696,raw:6600:4,mid,high
5,0.0,0.0,0.0,0.0,-0.0,0.9999999900000518,0.0,0.0,0.0,ETTh2,raw,6600,6696,raw:6600:5,low,low
6,0.7599839932939957,0.1239274174143772,0.048788360099718306,0.125,0.5122738030706585,0.9999999900000518,0.0,0.3108999236026971,0.21242460102355284,ETTh2,raw,6600,6696,raw:6600:6,low,low
0,0.7448406194753978,0.22261382441809843,0.8148000119258874,0.125,0.7127917121475714,0.9999999900000258,0.0,0.5940848186064612,0.2792639040491905,ETTh2,raw,6648,6744,raw:6648:0,high,low
1,0.7608938313013426,0.13065686405538343,0.7003263764234724,0.125,0.7963227954319404,0.9999999900000258,0.0,0.5306256905933995,0.30710759847731345,ETTh2,raw,6648,6744,raw:6648:1,high,low
2,0.7786077577967412,0.2361079528529232,0.8156179769416273,0.125,0.6805798587055166,0.9999999900000258,0.0,0.6101112291970971,0.26852661956850554,ETTh2,raw,6648,6744,raw:6648:2,high,low
3,0.8030012063024478,0.17620859649326925,0.5911775833673703,0.125,0.7630962346057206,0.9999999900000258,0.0,0.5234624620543624,0.29603207820190686,ETTh2,raw,6648,6744,raw:6648:3,high,low
4,0.0,0.16029401385192765,1.0,0.625,0.8947073466381701,0.9999999900000258,0.0,0.38676467128397585,0.5065691155460567,ETTh2,raw,6648,6744,raw:6648:4,mid,mid
5,0.0,0.0,0.0,0.0,-0.0,0.9999999900000258,0.0,0.0,0.0,ETTh2,raw,6648,6744,raw:6648:5,low,low
6,0.6468782264721357,0.12278248889249374,0.3530512747473811,0.125,0.512296841273401,0.9999999900000258,0.0,0.3742373300373369,0.21243228042446702,ETTh2,raw,6648,6744,raw:6648:6,mid,low
0,0.8571111260903126,0.2521268148980399,0.3890920969281936,0.25,0.8256637617026094,0.999999990000016,0.0,0.49944334597218204,0.35855458723420314,ETTh2,raw,6672,6768,raw:6672:0,high,low
1,0.7720118934451845,0.2936079874468688,0.3471339988442687,0.125,0.8628180664547583,0.999999990000016,0.0,0.4709179599121074,0.3292726888182528,ETTh2,raw,6672,6768,raw:6672:1,high,low
2,0.8588036767027808,0.23914125502935646,0.3672226662395375,0.25,0.8082062849898813,0.999999990000016,0.0,0.4883891993238916,0.3527354283299604,ETTh2,raw,6672,6768,raw:6672:2,high,low
3,0.7627558786942688,0.2925314694299959,0.32563042371952866,0.125,0.8519018459407136,0.999999990000016,0.0,0.4603059239479311,0.32563394864690454,ETTh2,raw,6672,6768,raw:6672:3,high,low
4,0.9999999975160127,0.1448130743160948,0.21846122630787485,0.25,0.8483595974109405,0.999999990000016,0.0,0.45442476604666077,0.36611986580364686,ETTh2,raw,6672,6768,raw:6672:4,high,low
5,0.0,0.0,0.0,0.0,-0.0,0.999999990000016,0.0,0.0,0.0,ETTh2,raw,6672,6768,raw:6672:5,low,low
6,0.24989338715069953,0.14889500490775381,0.49999999931934397,0.25,0.7106309816147705,0.999999990000016,0.0,0.29959613045926575,0.3202103272049235,ETTh2,raw,6672,6768,raw:6672:6,low,low
0,0.32501468693416824,0.14732365091211747,0.014250278961589029,0.125,0.5829498298044671,2.359645212647155,0.22660753506351328,0.1621962056026249,0.3115191216226601,ETTh2,raw,6696,6792,raw:6696:0,low,low
1,0.5436924475836896,0.09892093476086944,0.019972784465905336,0.125,0.678840182508938,2.359645212647155,0.22660753506351328,0.22086205560348812,0.34348257252415043,ETTh2,raw,6696,6792,raw:6696:1,low,low
2,0.286953415243836,0.1341377463292936,0.02410390072618537,0.125,0.5604029772019598,2.359645212647155,0.22660753506351328,0.14839835409977165,0.30400350408849103,ETTh2,raw,6696,6792,raw:6696:2,low,low
3,0.5540623870502625,0.09318902745192935,0.03563313529734586,0.0,0.6437589690420195,2.359645212647155,0.22660753506351328,0.22762818326651257,0.2901221680351776,ETTh2,raw,6696,6792,raw:6696:3,low,low
4,0.9999999982615012,0.18693630847719173,0.25650613475555867,0.5,0.8118135044742684,2.359645212647155,0.22660753506351328,0.4811474804980838,0.5128070131792606,ETTh2,raw,6696,6792,raw:6696:4,high,mid
5,0.0,0.0,0.0,0.0,-0.0,2.359645212647155,0.22660753506351328,0.0,0.0755358450211711,ETTh2,raw,6696,6792,raw:6696:5,low,low
6,0.6489417728597082,0.16725320082571543,0.20640043476155734,0.25,0.7229231635108572,2.359645212647155,0.22660753506351328,0.34086513614899366,0.39984356619145683,ETTh2,raw,6696,6792,raw:6696:6,mid,low
0,0.9999999995736891,0.14838242852561734,0.6865951219676525,0.125,0.8620548705101858,0.9999999900000107,0.0,0.611659183355653,0.32901829017006196,ETTh2,raw,6744,6840,raw:6744:0,high,low
1,0.9999999999487572,0.061849653032577834,0.6455592474362402,0.25,0.6645137474048364,0.9999999900000107,0.0,0.5691363001391917,0.3048379158016121,ETTh2,raw,6744,6840,raw:6744:1,high,low
2,0.9999999996419332,0.11329956060118287,0.6801509954441051,0.25,0.8401464026616566,0.9999999900000107,0.0,0.5978168518957404,0.36338213422055227,ETTh2,raw,6744,6840,raw:6744:2,high,low
3,0.9999999999472508,0.057754943529637,0.601906768988212,0.25,0.670733169877597,0.9999999900000107,0.0,0.5532205708217,0.30691105662586565,ETTh2,raw,6744,6840,raw:6744:3,high,low
4,0.9999999982615012,0.30297316472656655,0.8402601637728189,0.125,0.8915988160334924,0.9999999900000107,0.0,0.7144111089202955,0.33886627201116415,ETTh2,raw,6744,6840,raw:6744:4,high,low
5,0.0,0.0,0.0,0.0,-0.0,0.9999999900000107,0.0,0.0,0.0,ETTh2,raw,6744,6840,raw:6744:5,low,low
6,0.7519845945820146,0.0666038527846301,0.07249698583810583,0.125,0.6137246807848485,0.9999999900000107,0.0,0.29702847773491686,0.24624156026161617,ETTh2,raw,6744,6840,raw:6744:6,low,low
0,0.9999999993726587,0.3382724189570447,0.0,0.125,0.8974183718961748,1.782262053633892,0.13037700872168698,0.44609080610990115,0.38426512687262054,ETTh2,raw,6768,6864,raw:6768:0,high,low
1,0.9999999999640974,0.019525746791642054,0.0,0.125,0.7716931302272517,1.782262053633892,0.13037700872168698,0.3398419155852465,0.3423567129829796,ETTh2,raw,6768,6864,raw:6768:1,mid,low
2,0.999999999461338,0.28092476204049543,0.0,0.125,0.8693683237052205,1.782262053633892,0.13037700872168698,0.4269749205006111,0.37491511080896917,ETTh2,raw,6768,6864,raw:6768:2,high,low
3,0.9999999999689303,0.018680725409290742,0.0,0.125,0.7805407439542076,1.782262053633892,0.13037700872168698,0.33956024179274036,0.3453059175586315,ETTh2,raw,6768,6864,raw:6768:3,mid,low
4,0.0,0.18948969805668103,0.0,0.125,0.8949103392915772,1.782262053633892,0.13037700872168698,0.06316323268556034,0.38342911600442137,ETTh2,raw,6768,6864,raw:6768:4,low,low
5,0.0,0.0,0.0,0.0,-0.0,1.782262053633892,0.13037700872168698,0.0,0.04345900290722899,ETTh2,raw,6768,6864,raw:6768:5,low,low
6,0.718165760900259,0.26768107962893845,0.09023947648421886,0.125,0.6752409929227183,1.782262053633892,0.13037700872168698,0.3586954390044721,0.31020600054813513,ETTh2,raw,6768,6864,raw:6768:6,mid,low
0,0.9999999994494534,0.047938325245066186,0.0,0.0,0.7569930442661855,2.2714297737417217,0.21190496193711203,0.3493127748981732,0.3229660020677659,ETTh2,raw,6816,6912,raw:6816:0,mid,low
1,0.9999999986799281,0.08702411070164434,0.0,0.5,0.9258579047477883,2.2714297737417217,0.21190496193711203,0.3623413697938575,0.5459209555616334,ETTh2,raw,6816,6912,raw:6816:1,mid,mid
2,0.9999999992278618,0.05522514115092066,0.0,0.125,0.9132600232264185,2.2714297737417217,0.21190496193711203,0.35174171345959415,0.41672166172117686,ETTh2,raw,6816,6912,raw:6816:2,mid,mid
3,0.0,0.03591313298462394,0.0,0.25,0.7419237144722676,2.2714297737417217,0.21190496193711203,0.01197104432820798,0.4012762254697932,ETTh2,raw,6816,6912,raw:6816:3,low,low
4,0.0,0.46389670747497863,0.0,0.0,0.7873009760170137,2.2714297737417217,0.21190496193711203,0.1546322358249929,0.3330686459847086,ETTh2,raw,6816,6912,raw:6816:4,low,low
5,1.0,0.024640521421039653,0.0,0.0,0.6450109739996499,2.2714297737417217,0.21190496193711203,0.3415468404736799,0.28563864531225397,ETTh2,raw,6816,6912,raw:6816:5,mid,low
6,0.7441607217002811,0.07254523835864414,0.4497859086769024,0.25,0.4924718310877352,2.2714297737417217,0.21190496193711203,0.42216395624527586,0.3181255976749491,ETTh2,raw,6816,6912,raw:6816:6,mid,low
0,0.9999999997584497,0.04441945848234732,0.03204844863744055,0.25,0.7174183082139639,1.6967267754031548,0.11612112904032391,0.35882263562607924,0.361179812418096,ETTh2,raw,6840,6936,raw:6840:0,mid,low
1,0.9999999990471276,0.6097456571620491,0.526697533440752,0.25,0.7514228635269835,1.6967267754031548,0.11612112904032391,0.7121477298833095,0.37251466418910245,ETTh2,raw,6840,6936,raw:6840:1,high,low
2,0.9999999997308812,0.09813025401034611,0.03595290630864969,0.25,0.7856923021267511,1.6967267754031548,0.11612112904032391,0.3780277200166256,0.383937810389025,ETTh2,raw,6840,6936,raw:6840:2,mid,low
3,0.9999999994933704,0.29546412910276754,0.06105201989695317,0.125,0.6372479904819314,1.6967267754031548,0.11612112904032391,0.452172049497697,0.2927897065074184,ETTh2,raw,6840,6936,raw:6840:3,high,low
4,0.0,0.04552867178865442,0.0,0.0,0.7534519897622843,1.6967267754031548,0.11612112904032391,0.015176223929551473,0.2898577062675361,ETTh2,raw,6840,6936,raw:6840:4,low,low
5,1.0,0.022194468830092847,0.0,0.125,0.7460503952136344,1.6967267754031548,0.11612112904032391,0.3407314896100309,0.3290571747513194,ETTh2,raw,6840,6936,raw:6840:5,mid,low
6,0.5230951247756587,0.004782167279827777,0.01033375596429064,0.375,0.3536780601189455,1.6967267754031548,0.11612112904032391,0.17940368267325904,0.2815997297197565,ETTh2,raw,6840,6936,raw:6840:6,low,low
0,0.42434684726930794,0.07502129060667126,0.02669530160665069,0.0,0.6162037880219496,1.0974350922999092,0.016239182022919563,0.1753544798275433,0.21081432334828973,ETTh2,raw,6864,6960,raw:6864:0,low,low
1,9.78402680977819e-05,0.11441944404993726,0.18003356088499733,0.125,0.8094322045698148,1.0974350922999092,0.016239182022919563,0.09818361506767746,0.3168904621975781,ETTh2,raw,6864,6960,raw:6864:1,low,low
2,0.5717261519681541,0.06835387183621572,0.9999999768383995,0.25,0.7705435778675171,1.0974350922999092,0.016239182022919563,0.5466933335475898,0.3455942532968122,ETTh2,raw,6864,6960,raw:6864:2,high,low
3,0.9999999999775274,0.07934156353372557,0.9999999934716848,0.125,0.576855443410681,1.0974350922999092,0.016239182022919563,0.693113852327646,0.2393648751445335,ETTh2,raw,6864,6960,raw:6864:3,high,low
4,0.9999999994766213,0.10690318627856496,0.0,0.0,0.7896854121052742,1.0974350922999092,0.016239182022919563,0.3689677285850621,0.26864153137606456,ETTh2,raw,6864,6960,raw:6864:4,mid,low
5,0.0,0.03512239814960001,0.0,0.0,0.6212759764715817,1.0974350922999092,0.016239182022919563,0.011707466049866671,0.21250505283150042,ETTh2,raw,6864,6960,raw:6864:5,low,low
6,0.4958530291754677,0.013139042499297853,0.8488249992090051,0.25,0.4516477114332683,1.0974350922999092,0.016239182022919563,0.45260569029459025,0.23929563115206262,ETTh2,raw,6864,6960,raw:6864:6,high,low
0,0.984726392749249,0.034109081925837746,0.5796975036766446,0.375,0.6368698357432206,1.3312698687241902,0.05521164469534562,0.5328443261172437,0.3556938268128555,ETTh2,raw,6912,7008,raw:6912:0,high,low
1,0.958430414922177,0.07242035420859477,0.5115522866793796,0.25,0.6968872833958485,1.3312698687241902,0.05521164469534562,0.5141343519367171,0.334032976030398,ETTh2,raw,6912,7008,raw:6912:1,high,low
2,0.9783051553049722,0.09189410593227507,0.25465162970449445,0.0,0.6632049849751125,1.3312698687241902,0.05521164469534562,0.4416169636472473,0.23947220989015272,ETTh2,raw,6912,7008,raw:6912:2,high,low
3,0.9687546741281855,0.044219201345800416,0.7050564358837513,0.25,0.653500875830382,1.3312698687241902,0.05521164469534562,0.572676770452579,0.31957084017524257,ETTh2,raw,6912,7008,raw:6912:3,high,low
4,0.8506357096711636,0.08038787790773169,0.46631701443563334,0.375,0.7458752696461614,1.3312698687241902,0.05521164469534562,0.46578020067150955,0.392028971447169,ETTh2,raw,6912,7008,raw:6912:4,high,low
5,0.0,0.0,0.0,0.0,-0.0,1.3312698687241902,0.05521164469534562,0.0,0.018403881565115205,ETTh2,raw,6912,7008,raw:6912:5,low,low
6,0.5500304886147153,0.0701911459949238,0.4664830594563124,0.25,0.5227481600041787,1.3312698687241902,0.05521164469534562,0.36223489802198383,0.27598660156650806,ETTh2,raw,6912,7008,raw:6912:6,mid,low
0,0.9985850077941592,0.25044410201706085,0.00651218598532819,0.25,0.823613622266773,2.4576592822384926,0.24294321330151009,0.41851376526551604,0.4388522785227611,ETTh2,raw,6936,7032,raw:6936:0,mid,mid
1,0.9722205138293879,0.27714009740054174,0.0031932538012897286,0.25,0.79824225657278,2.4576592822384926,0.24294321330151009,0.41751795501040645,0.4303951566247634,ETTh2,raw,6936,7032,raw:6936:1,mid,mid
2,0.9991745738172757,0.14935706882427457,0.9999999275885986,0.0,0.7432048787110949,2.4576592822384926,0.24294321330151009,0.7161771900767163,0.3287160306708683,ETTh2,raw,6936,7032,raw:6936:2,high,low
3,0.9873705674813654,0.2543602215348003,0.0029396114219722323,0.375,0.8356916334234101,2.4576592822384926,0.24294321330151009,0.4148901334793793,0.48454494890830674,ETTh2,raw,6936,7032,raw:6936:3,mid,mid
4,0.8808658781329356,0.16494166362815718,0.020250220725403643,0.25,0.8777174956315148,2.4576592822384926,0.24294321330151009,0.3553525874954988,0.456886902977675,ETTh2,raw,6936,7032,raw:6936:4,mid,mid
5,0.0,0.0,0.0,0.0,-0.0,2.4576592822384926,0.24294321330151009,0.0,0.08098107110050336,ETTh2,raw,6936,7032,raw:6936:5,low,low
6,0.5355790643594993,0.03707141468144521,0.3978319719544162,0.375,0.5742955023996672,2.4576592822384926,0.24294321330151009,0.3234941503317869,0.3974129052337258,ETTh2,raw,6936,7032,raw:6936:6,low,low
0,0.9999649944377242,0.026374787798983765,0.01020893653402389,0.125,0.8456922166302607,0.9999999900000002,0.0,0.34551623959024397,0.32356407221008693,ETTh2,raw,6984,7080,raw:6984:0,mid,low
1,0.9996923096623654,0.08212847280863295,0.008862846577981715,0.125,0.8562657915111819,0.9999999900000002,0.0,0.3635612096829934,0.32708859717039396,ETTh2,raw,6984,7080,raw:6984:1,mid,low
2,0.9999999992323577,0.09214615753456358,0.0,0.125,0.7808154271749131,0.9999999900000002,0.0,0.3640487189223071,0.30193847572497107,ETTh2,raw,6984,7080,raw:6984:2,mid,low
3,0.9935103784709215,0.10781717541056973,0.006405022922514662,0.25,0.8832964332606597,0.9999999900000002,0.0,0.36924419226800204,0.37776547775355324,ETTh2,raw,6984,7080,raw:6984:3,mid,low
4,0.9803105487074342,0.08432317973316615,0.0060235820838657455,0.25,0.8383542468961894,0.9999999900000002,0.0,0.356885770174822,0.36278474896539653,ETTh2,raw,6984,7080,raw:6984:4,mid,low
5,0.0,0.0,0.0,0.0,-0.0,0.9999999900000002,0.0,0.0,0.0,ETTh2,raw,6984,7080,raw:6984:5,low,low
6,0.8057491026991208,0.11386729863787423,0.5645278924210612,0.125,0.556419483217209,0.9999999900000002,0.0,0.49471476458601876,0.22713982773906968,ETTh2,raw,6984,7080,raw:6984:6,high,low
0,0.6696142932539717,0.08882604498246033,0.26756867314193516,0.0,0.6459345534135231,0.9999999900000147,0.0,0.34200300379278903,0.21531151780450772,ETTh2,raw,7008,7104,raw:7008:0,mid,low
1,0.8316187745436309,0.20173001944342112,0.29484360229947915,0.0,0.6478566110501743,0.9999999900000147,0.0,0.4427307987621771,0.21595220368339144,ETTh2,raw,7008,7104,raw:7008:1,high,low
2,0.0,0.048920621026920325,0.0,0.0,0.7530185518550987,0.9999999900000147,0.0,0.01630687367564011,0.25100618395169955,ETTh2,raw,7008,7104,raw:7008:2,low,low
3,0.8012323405515509,0.11955917186777093,0.3266183250462341,0.0,0.6897431745290116,0.9999999900000147,0.0,0.4158032791551853,0.22991439150967052,ETTh2,raw,7008,7104,raw:7008:3,mid,low
4,0.8136146425839637,0.2165325056767754,0.04976378531566398,0.125,0.7169742680950099,0.9999999900000147,0.0,0.3599703111921344,0.2806580893650033,ETTh2,raw,7008,7104,raw:7008:4,mid,low
5,0.0,0.0,0.0,0.0,-0.0,0.9999999900000147,0.0,0.0,0.0,ETTh2,raw,7008,7104,raw:7008:5,low,low
6,0.650178345632983,0.16318521926844626,0.05759603300297102,0.25,0.642779435710942,0.9999999900000147,0.0,0.2903198659681334,0.29759314523698066,ETTh2,raw,7008,7104,raw:7008:6,low,low
0,0.3253704054265145,0.29458874593374473,0.6603517094691844,1.0,0.8904035473708519,2.919028480712476,0.31983807958568256,0.42677028694314795,0.7367472089855115,ETTh2,raw,7032,7128,raw:7032:0,high,high
1,0.5292883690399436,0.3298140232723469,0.5257440165194833,1.0,0.9321036106249883,2.919028480712476,0.31983807958568256,0.46161546961059124,0.7506472300702236,ETTh2,raw,7032,7128,raw:7032:1,high,high
2,0.0,0.0,0.0,0.0,-0.0,2.919028480712476,0.31983807958568256,0.0,0.10661269319522752,ETTh2,raw,7032,7128,raw:7032:2,low,low
3,0.34949142189964644,0.3183215091832135,0.47305093691875627,1.0,0.9351390204939004,2.919028480712476,0.31983807958568256,0.3802879560005388,0.7516590333598611,ETTh2,raw,7032,7128,raw:7032:3,mid,high
4,0.5266416916538819,0.4004210000041324,0.32033684707992083,0.75,0.8777664897145604,2.919028480712476,0.31983807958568256,0.4157998462459784,0.649201523100081,ETTh2,raw,7032,7128,raw:7032:4,mid,high
5,0.0,0.0,0.0,0.0,-0.0,2.919028480712476,0.31983807958568256,0.0,0.10661269319522752,ETTh2,raw,7032,7128,raw:7032:5,low,low
6,0.629950685492209,0.21320653359195263,0.460159301706415,0.25,0.5993723891840355,2.919028480712476,0.31983807958568256,0.4344388402635255,0.38973682292323936,ETTh2,raw,7032,7128,raw:7032:6,high,low
0,0.7845965754734745,0.25850778464644975,0.4041918375436652,0.375,0.8501680591736428,0.9999999900000115,0.0,0.48243206588786314,0.408389353057881,ETTh2,raw,7080,7176,raw:7080:0,high,low
1,0.8926416185093693,0.32067231704998117,0.7025455968791979,1.0,0.9677735897706928,0.9999999900000115,0.0,0.6386198441461829,0.6559245299235643,ETTh2,raw,7080,7176,raw:7080:1,high,high
2,0.0,0.0,0.0,0.0,-0.0,0.9999999900000115,0.0,0.0,0.0,ETTh2,raw,7080,7176,raw:7080:2,low,low
3,0.21660215436723362,0.2845327487744945,0.6314939260030406,1.0,0.9049960012912076,0.9999999900000115,0.0,0.37754294304825625,0.6349986670970692,ETTh2,raw,7080,7176,raw:7080:3,mid,high
4,0.9583317907500059,0.10173333950760258,0.5946731602204759,0.0,0.6671239779873472,0.9999999900000115,0.0,0.5515794301593614,0.22237465932911574,ETTh2,raw,7080,7176,raw:7080:4,high,low
5,1.0,0.18495128091509305,0.0,0.125,0.9578010197643977,0.9999999900000115,0.0,0.394983760305031,0.3609336732547992,ETTh2,raw,7080,7176,raw:7080:5,mid,low
6,0.49550560179132175,0.11533856861473595,0.6787968272054836,0.25,0.5228921974302284,0.9999999900000115,0.0,0.42988033253718044,0.2576307324767428,ETTh2,raw,7080,7176,raw:7080:6,high,low
0,0.9158010247463242,0.1195484491659049,0.19727157121400213,0.5,0.9444178551042188,0.999999990000005,0.0,0.4108736817087437,0.4814726183680729,ETTh2,raw,7104,7200,raw:7104:0,mid,mid
1,0.5044814934817847,0.25442670124336303,0.322793272898756,0.0,0.9163238049786627,0.999999990000005,0.0,0.36056715587463456,0.3054412683262209,ETTh2,raw,7104,7200,raw:7104:1,mid,low
2,0.0,0.0,0.0,0.0,-0.0,0.999999990000005,0.0,0.0,0.0,ETTh2,raw,7104,7200,raw:7104:2,low,low
3,0.277565863944659,0.21007953630809334,0.4863434878524613,1.0,0.8942227212941566,0.999999990000005,0.0,0.3246629627017379,0.6314075737647188,ETTh2,raw,7104,7200,raw:7104:3,mid,high
4,0.9990597341354754,0.0721522743505254,0.15072140800531858,0.125,0.8294415884354839,0.999999990000005,0.0,0.4073111388304398,0.3181471961451613,ETTh2,raw,7104,7200,raw:7104:4,mid,low
5,1.0,0.14373518490896203,0.0,0.0,0.9444481161973112,0.999999990000005,0.0,0.3812450616363207,0.3148160387324371,ETTh2,raw,7104,7200,raw:7104:5,mid,low
6,0.48245805589561874,0.26262263831998256,0.9053181591783063,0.25,0.5590873226938943,0.999999990000005,0.0,0.5501329511313026,0.2696957742312981,ETTh2,raw,7104,7200,raw:7104:6,high,low
0,0.8195529820734098,0.25861854281696517,0.43686290260865307,0.25,0.8967179553311301,2.5702932216928045,0.2617155365126082,0.5050114758330093,0.46947783061457943,ETTh2,raw,7152,7248,raw:7152:0,high,mid
1,0.4322355695940343,0.15834704184413947,0.46622624572801935,0.25,0.860819127468705,2.5702932216928045,0.2617155365126082,0.3522696190553977,0.4575115546604378,ETTh2,raw,7152,7248,raw:7152:1,mid,mid
2,0.0,0.0,0.0,0.0,-0.0,2.5702932216928045,0.2617155365126082,0.0,0.0872385121708694,ETTh2,raw,7152,7248,raw:7152:2,low,low
3,0.41343435805586937,0.3407731931481043,0.49635853946095165,1.0,0.9169408474184312,2.5702932216928045,0.2617155365126082,0.41685536355497516,0.7262187946436799,ETTh2,raw,7152,7248,raw:7152:3,mid,high
4,0.8589203894590529,0.09662104083209189,0.29577129057618334,0.0,0.7116864800812354,2.5702932216928045,0.2617155365126082,0.41710424028910936,0.3244673388646145,ETTh2,raw,7152,7248,raw:7152:4,mid,low
5,0.0,0.0,0.0,0.0,-0.0,2.5702932216928045,0.2617155365126082,0.0,0.0872385121708694,ETTh2,raw,7152,7248,raw:7152:5,low,low
6,0.541816452256374,0.32487777038983323,0.3028661669254942,0.25,0.5790122559270098,2.5702932216928045,0.2617155365126082,0.3898534631905671,0.363575930813206,ETTh2,raw,7152,7248,raw:7152:6,mid,low
0,0.14913564322056738,0.11549974888776836,0.48766616114266853,0.75,0.8284223800989541,2.660052456953706,0.2766754090311586,0.2507671844170014,0.6183659297100376,ETTh2,raw,7176,7272,raw:7176:0,low,high
1,0.19323270610756427,0.16941903198464264,0.3428286075584827,0.875,0.8992903208674664,2.660052456953706,0.2766754090311586,0.23516011521689653,0.6836552432995417,ETTh2,raw,7176,7272,raw:7176:1,low,high
2,0.0,0.0,0.0,0.0,-0.0,2.660052456953706,0.2766754090311586,0.0,0.09222513634371954,ETTh2,raw,7176,7272,raw:7176:2,low,low
3,0.2216794075735844,0.2094043362765171,0.49846758911764,1.0,0.9187138104283766,2.660052456953706,0.2766754090311586,0.3098504443225805,0.7317964064865118,ETTh2,raw,7176,7272,raw:7176:3,low,high
4,0.25505092813600116,0.2646650156446841,0.5483657995392468,1.0,0.9753280349679101,2.660052456953706,0.2766754090311586,0.3560272477733107,0.7506678146663562,ETTh2,raw,7176,7272,raw:7176:4,mid,high
5,0.0,0.0,0.0,0.0,-0.0,2.660052456953706,0.2766754090311586,0.0,0.09222513634371954,ETTh2,raw,7176,7272,raw:7176:5,low,low
6,0.701314617304126,0.11805064104714011,0.38234208964193783,0.25,0.43308619417563365,2.660052456953706,0.2766754090311586,0.40056911599773465,0.3199205344022641,ETTh2,raw,7176,7272,raw:7176:6,mid,low
0,0.10447428027370076,0.3130068923616164,0.28111813711197653,0.0,0.7634805621666054,2.042714732763035,0.17378578850419615,0.23286643658243122,0.31242211689026717,ETTh2,raw,7224,7320,raw:7224:0,low,low
1,0.4096523919456404,0.2185588393868523,0.3737280026320622,0.125,0.8324108291033551,2.042714732763035,0.17378578850419615,0.33397974465485164,0.37706553920251706,ETTh2,raw,7224,7320,raw:7224:1,mid,low
2,0.0,0.0,0.0,0.0,-0.0,2.042714732763035,0.17378578850419615,0.0,0.05792859616806539,ETTh2,raw,7224,7320,raw:7224:2,low,low
3,0.569909127032246,0.2864534810808072,0.4641870887775859,0.125,0.9014397034933087,2.042714732763035,0.17378578850419615,0.4401832322968797,0.40007516399916837,ETTh2,raw,7224,7320,raw:7224:3,high,low
4,0.7525742436535957,0.16878747796536114,0.07750778112029579,1.0,0.9810302165361623,2.042714732763035,0.17378578850419615,0.3329565009130842,0.7182720016801195,ETTh2,raw,7224,7320,raw:7224:4,mid,high
5,0.0,0.0,0.0,0.0,-0.0,2.042714732763035,0.17378578850419615,0.0,0.05792859616806539,ETTh2,raw,7224,7320,raw:7224:5,low,low
6,0.30609997830821334,0.1102800606031758,0.21664212314136974,0.25,0.4777341075575199,2.042714732763035,0.17378578850419615,0.21100738735091962,0.300506632020572,ETTh2,raw,7224,7320,raw:7224:6,low,low
0,0.9285918091999219,0.16359011469964083,0.39579341947869007,0.25,0.8116879346345699,2.7735494156083775,0.2955915687754103,0.4959917811260843,0.45242650113666,ETTh2,raw,7248,7344,raw:7248:0,high,mid
1,0.9999999999434084,0.11877407379912651,0.4790168442289919,0.25,0.8352508563823441,2.7735494156083775,0.2955915687754103,0.5325969726571756,0.46028080838591806,ETTh2,raw,7248,7344,raw:7248:1,high,mid
2,0.0,0.0,0.0,0.0,-0.0,2.7735494156083775,0.2955915687754103,0.0,0.09853052292513677,ETTh2,raw,7248,7344,raw:7248:2,low,low
3,0.9333878234343014,0.18173376971693372,0.3984495559237244,0.5,0.9056419836768631,2.7735494156083775,0.2955915687754103,0.5045237163583198,0.5670778508174245,ETTh2,raw,7248,7344,raw:7248:3,high,mid
4,0.46051555743932737,0.24082579469199225,0.17219797994321492,0.25,0.8739308015911703,2.7735494156083775,0.2955915687754103,0.2911797773581782,0.4731741234555269,ETTh2,raw,7248,7344,raw:7248:4,low,mid
5,0.0,0.0,0.0,0.0,-0.0,2.7735494156083775,0.2955915687754103,0.0,0.09853052292513677,ETTh2,raw,7248,7344,raw:7248:5,low,low
6,0.7030200006084817,0.3919257809359813,0.009385572452940142,0.25,0.5526802102059558,2.7735494156083775,0.2955915687754103,0.3681104513324677,0.3660905929937887,ETTh2,raw,7248,7344,raw:7248:6,mid,low
0,0.8581890778239436,0.05501945749375202,0.005078130367571558,0.0,0.4551320011823567,2.635333827856383,0.27255563752180445,0.3060955552284224,0.24256254623472037,ETTh2,raw,7272,7368,raw:7272:0,low,low
1,0.9999999997465311,0.15249290548067782,0.03568043179557256,0.0,0.48288343346195034,2.635333827856383,0.27255563752180445,0.3960577790075938,0.25181302366125163,ETTh2,raw,7272,7368,raw:7272:1,mid,low
2,0.0,0.0,0.0,0.0,-0.0,2.635333827856383,0.27255563752180445,0.0,0.09085187917393482,ETTh2,raw,7272,7368,raw:7272:2,low,low
3,0.6853497091847041,0.19285338719653008,0.024989084563844903,0.0,0.5252426696132735,2.635333827856383,0.27255563752180445,0.30106406031502636,0.265932769045026,ETTh2,raw,7272,7368,raw:7272:3,low,low
4,0.2610122314289628,0.2390285074392263,0.39000952123658456,1.0,0.9505196720754779,2.635333827856383,0.27255563752180445,0.2966834200349246,0.7410251031990941,ETTh2,raw,7272,7368,raw:7272:4,low,high
5,0.0,0.0,0.0,0.0,-0.0,2.635333827856383,0.27255563752180445,0.0,0.09085187917393482,ETTh2,raw,7272,7368,raw:7272:5,low,low
6,0.8408428949533482,0.36952792785216193,0.035950933525887595,0.125,0.6425856243130019,2.635333827856383,0.27255563752180445,0.41544058544379925,0.3467137539449355,ETTh2,raw,7272,7368,raw:7272:6,mid,low
0,0.5605116289713956,0.07164543550136704,0.08029383439054215,0.0,0.5068488070985299,2.588426289355787,0.26473771445140165,0.23748363295443495,0.2571955071833105,ETTh2,raw,7320,7416,raw:7320:0,low,low
1,0.9999999991713584,0.04392228881754995,0.018289202224213263,0.0,0.5447193498652374,2.588426289355787,0.26473771445140165,0.35407049673770724,0.26981902143887965,ETTh2,raw,7320,7416,raw:7320:1,mid,low
2,0.0,0.0,0.0,0.0,-0.0,2.588426289355787,0.26473771445140165,0.0,0.08824590481713389,ETTh2,raw,7320,7416,raw:7320:2,low,low
3,0.5833326218178367,0.12373954066558113,0.02954917072189521,0.0,0.5500631776865404,2.588426289355787,0.26473771445140165,0.24554044440177103,0.27160029737931407,ETTh2,raw,7320,7416,raw:7320:3,low,low
4,0.8487494707582262,0.34494423249406225,0.1359189293233417,1.0,0.9028503556084151,2.588426289355787,0.26473771445140165,0.4432042108585434,0.7225293566866057,ETTh2,raw,7320,7416,raw:7320:4,high,high
5,0.0,0.0,0.0,0.0,-0.0,2.588426289355787,0.26473771445140165,0.0,0.08824590481713389,ETTh2,raw,7320,7416,raw:7320:5,low,low
6,0.30452526555022075,0.12998752828535204,0.722240650215811,0.25,0.7286778876145031,2.588426289355787,0.26473771445140165,0.38558448135046125,0.4144718673553016,ETTh2,raw,7320,7416,raw:7320:6,mid,low
0,0.7835849021411778,0.2894005975961241,0.08663882867060912,0.625,0.9624215043273167,3.166200616243699,0.3610334354388941,0.386541442802637,0.6494849799220703,ETTh2,raw,7344,7440,raw:7344:0,mid,high
1,0.9999999997723561,0.19962150748186308,0.2769015608520118,0.875,0.9635470589985194,3.166200616243699,0.3610334354388941,0.4921743560354103,0.7331934981458046,ETTh2,raw,7344,7440,raw:7344:1,high,high
2,0.0,0.0,0.0,0.0,-0.0,3.166200616243699,0.3610334354388941,0.0,0.12034447847963137,ETTh2,raw,7344,7440,raw:7344:2,low,low
3,0.9074708133523594,0.10789991326381221,0.105973082503323,0.625,0.9171994742624383,3.166200616243699,0.3610334354388941,0.37378126970649816,0.6344109699004442,ETTh2,raw,7344,7440,raw:7344:3,mid,high
4,0.562806967300368,0.3123884845355546,0.2071956876844842,0.875,0.9680140052464921,3.166200616243699,0.3610334354388941,0.3607970465068023,0.734682480228462,ETTh2,raw,7344,7440,raw:7344:4,mid,high
5,0.0,0.0,0.0,0.0,-0.0,3.166200616243699,0.3610334354388941,0.0,0.12034447847963137,ETTh2,raw,7344,7440,raw:7344:5,low,low
6,0.7794677740836997,0.24370944393593894,0.8866204315871862,0.375,0.5374516761362395,3.166200616243699,0.3610334354388941,0.6365992165356082,0.42449503719171117,ETTh2,raw,7344,7440,raw:7344:6,high,mid
0,0.66642680179268,0.1665789133286376,0.5050440648255401,0.25,0.8538135417616647,2.977999093859998,0.32966651509388883,0.4460165933156192,0.4778266856185178,ETTh2,raw,7392,7488,raw:7392:0,high,mid
1,0.9999999997246976,0.3653480363217006,0.88326708254442,0.875,0.9171787203406733,2.977999093859998,0.32966651509388883,0.749538372863606,0.707281745144854,ETTh2,raw,7392,7488,raw:7392:1,high,high
2,0.0,0.0,0.0,0.0,-0.0,2.977999093859998,0.32966651509388883,0.0,0.1098888383646296,ETTh2,raw,7392,7488,raw:7392:2,low,low
3,0.9467271349586666,0.13639536669752564,0.8877681526871009,0.25,0.786724309983846,2.977999093859998,0.32966651509388883,0.6569635514477644,0.455463608359245,ETTh2,raw,7392,7488,raw:7392:3,high,mid
4,0.8565936424407606,0.25530475542881526,0.6326177020881443,0.625,0.9138561974399259,2.977999093859998,0.32966651509388883,0.5815053666525735,0.6228409041779382,ETTh2,raw,7392,7488,raw:7392:4,high,high
5,0.0,0.0,0.0,0.0,-0.0,2.977999093859998,0.32966651509388883,0.0,0.1098888383646296,ETTh2,raw,7392,7488,raw:7392:5,low,low
6,0.40273311671374434,0.6699311625253013,0.1177016371525537,0.25,0.6638272454118589,2.977999093859998,0.32966651509388883,0.3967886387971998,0.41449792016858256,ETTh2,raw,7392,7488,raw:7392:6,mid,low
0,0.5617016426160428,0.1781753524748414,0.3203043897128031,0.375,0.741816029184224,2.7315095476675597,0.2885849241302851,0.35339379493456247,0.4684669844381697,ETTh2,raw,7416,7512,raw:7416:0,mid,mid
1,0.8138640540761645,0.3753563411444169,0.055507570973654545,0.5,0.926158079977837,2.7315095476675597,0.2885849241302851,0.4149093220647453,0.571581001369374,ETTh2,raw,7416,7512,raw:7416:1,mid,mid
2,0.0,0.0,0.0,0.0,-0.0,2.7315095476675597,0.2885849241302851,0.0,0.09619497471009503,ETTh2,raw,7416,7512,raw:7416:2,low,low
3,0.885232142446132,0.2384172830005264,0.038757965515489476,0.125,0.8556725243403643,2.7315095476675597,0.2885849241302851,0.387469130320716,0.4230858161568831,ETTh2,raw,7416,7512,raw:7416:3,mid,mid
4,0.7500529072383129,0.25471548521540954,0.06473066896774217,0.125,0.9080947910618035,2.7315095476675597,0.2885849241302851,0.3564996871404882,0.4405599050640295,ETTh2,raw,7416,7512,raw:7416:4,mid,mid
5,0.0,0.0,0.0,0.0,-0.0,2.7315095476675597,0.2885849241302851,0.0,0.09619497471009503,ETTh2,raw,7416,7512,raw:7416:5,low,low
6,0.6882726005751336,0.3524937569219867,0.1174268593251003,0.25,0.6373701745498482,2.7315095476675597,0.2885849241302851,0.3860644056074069,0.39198503289337777,ETTh2,raw,7416,7512,raw:7416:6,mid,low
0,0.598986889546189,0.1068147403448757,0.3960849439383897,0.375,0.7746438641843629,2.7476480626161854,0.29127467661723977,0.3672955246098181,0.4803061802672009,ETTh2,raw,7440,7536,raw:7440:0,mid,mid
1,0.617175122010445,0.18116483450513854,0.7677143424577467,0.25,0.8293876703230548,2.7476480626161854,0.29127467661723977,0.5220180996577768,0.45688744898009825,ETTh2,raw,7440,7536,raw:7440:1,high,mid
2,0.0,0.0,0.0,0.0,-0.0,2.7476480626161854,0.29127467661723977,0.0,0.09709155887241326,ETTh2,raw,7440,7536,raw:7440:2,low,low
3,0.4845047774086878,0.3094821002463955,0.3448405707005431,0.125,0.859508042130013,2.7476480626161854,0.29127467661723977,0.37960914945187546,0.42526090624908425,ETTh2,raw,7440,7536,raw:7440:3,mid,mid
4,0.4768326324620099,0.13172988290903312,0.5209473471665985,0.125,0.7928031596011029,2.7476480626161854,0.29127467661723977,0.37650328751254714,0.40302594540611425,ETTh2,raw,7440,7536,raw:7440:4,mid,low
5,0.0,0.0,0.0,0.0,-0.0,2.7476480626161854,0.29127467661723977,0.0,0.09709155887241326,ETTh2,raw,7440,7536,raw:7440:5,low,low
6,0.49833198484255037,0.6037004615159002,0.3192156002112083,0.125,0.8134423471213785,2.7476480626161854,0.29127467661723977,0.47374934885655295,0.40990567457953947,ETTh2,raw,7440,7536,raw:7440:6,high,low
0,0.0800644374350532,0.13013095751193576,0.7017788121817162,0.25,0.8516086546346722,2.7916377449690524,0.29860629033049824,0.30399140237623506,0.46673831498839013,ETTh2,raw,7488,7584,raw:7488:0,low,mid
1,0.4083197363268827,0.17274145797356655,0.6238139782851029,1.0,0.9514781967320458,2.7916377449690524,0.29860629033049824,0.40162505752851735,0.7500281623541815,ETTh2,raw,7488,7584,raw:7488:1,mid,high
2,0.0,0.0,0.0,0.0,-0.0,2.7916377449690524,0.29860629033049824,0.0,0.09953543011016608,ETTh2,raw,7488,7584,raw:7488:2,low,low
3,0.36831221781618473,0.18021695318193975,0.5266300193649285,1.0,0.8614659718022017,2.7916377449690524,0.29860629033049824,0.35838639678768436,0.7200240873775666,ETTh2,raw,7488,7584,raw:7488:3,mid,high
4,0.6827010026566116,0.16503426025423584,0.6259536519073733,0.875,0.9021617481421603,2.7916377449690524,0.29860629033049824,0.4912296382727403,0.6919226794908861,ETTh2,raw,7488,7584,raw:7488:4,high,high
5,0.0,0.0,0.0,0.0,-0.0,2.7916377449690524,0.29860629033049824,0.0,0.09953543011016608,ETTh2,raw,7488,7584,raw:7488:5,low,low
6,0.4518027971026445,0.2111009219672701,0.5653493625195518,0.25,0.7141180391497747,2.7916377449690524,0.29860629033049824,0.40941769386315546,0.4209081098267576,ETTh2,raw,7488,7584,raw:7488:6,mid,mid
0,0.36073358954036094,0.1709502813204733,0.35940234483938416,0.25,0.8464285025465689,2.8486949931495418,0.3081158316780639,0.29702873856673945,0.4681814447415442,ETTh2,raw,7512,7608,raw:7512:0,low,mid
1,0.3869751276851031,0.34892021288021347,0.4484198125959634,1.0,0.9019296585320832,2.8486949931495418,0.3081158316780639,0.39477171772042663,0.7366818300700491,ETTh2,raw,7512,7608,raw:7512:1,mid,high
2,0.0,0.0,0.0,0.0,-0.0,2.8486949931495418,0.3081158316780639,0.0,0.1027052772260213,ETTh2,raw,7512,7608,raw:7512:2,low,low
3,0.0748397398917362,0.23587053105061823,0.496016166940199,1.0,0.8145235247350586,2.8486949931495418,0.3081158316780639,0.2689088126275178,0.7075464521377075,ETTh2,raw,7512,7608,raw:7512:3,low,high
4,0.478820586677965,0.2929929777558069,0.33387253661441596,1.0,0.8853870408090578,2.8486949931495418,0.3081158316780639,0.36856203368272933,0.7311676241623739,ETTh2,raw,7512,7608,raw:7512:4,mid,high
5,0.0,0.0,0.0,0.0,-0.0,2.8486949931495418,0.3081158316780639,0.0,0.1027052772260213,ETTh2,raw,7512,7608,raw:7512:5,low,low
6,0.26280854055547576,0.11640799812326366,0.4009040158015766,0.125,0.6712581401535034,2.8486949931495418,0.3081158316780639,0.260040184826772,0.36812465727718907,ETTh2,raw,7512,7608,raw:7512:6,low,low
0,0.45305658696747597,0.16211612374933465,0.6052884319847951,0.5,0.8816230285961499,0.9999999900000003,0.0,0.40682038090053524,0.46054100953204996,ETTh2,raw,7560,7656,raw:7560:0,mid,mid
1,0.2788760432091333,0.3381821632035186,0.5284773801958196,1.0,0.9284162392326791,0.9999999900000003,0.0,0.3818451955361572,0.6428054130775597,ETTh2,raw,7560,7656,raw:7560:1,mid,high
2,0.0,0.0,0.0,0.0,-0.0,0.9999999900000003,0.0,0.0,0.0,ETTh2,raw,7560,7656,raw:7560:2,low,low
3,0.3966737054595427,0.35404096717725786,0.5969373330497503,1.0,0.8834125163325629,0.9999999900000003,0.0,0.44921733522885027,0.6278041721108543,ETTh2,raw,7560,7656,raw:7560:3,high,high
4,0.4757644802155174,0.12527172238654596,0.21104992593946223,0.0,0.7982550593379876,0.9999999900000003,0.0,0.27069537618050854,0.2660850197793292,ETTh2,raw,7560,7656,raw:7560:4,low,low
5,0.0,0.03030968037819446,0.0,0.0,0.732384230202759,0.9999999900000003,0.0,0.010103226792731486,0.244128076734253,ETTh2,raw,7560,7656,raw:7560:5,low,low
6,0.6551857065365789,0.2519522842664163,0.09286102263837596,0.25,0.6681782667546432,0.9999999900000003,0.0,0.33333300448045705,0.30605942225154775,ETTh2,raw,7560,7656,raw:7560:6,mid,low
0,0.6002665953568125,0.18888620450122273,0.19089697794160887,1.0,0.843232697978471,0.9999999900000003,0.0,0.326683259266548,0.614410899326157,ETTh2,raw,7584,7680,raw:7584:0,mid,high
1,0.6050110647251383,0.3028739451453688,0.47900111833446507,1.0,0.9356614427461832,0.9999999900000003,0.0,0.4622953760683241,0.6452204809153944,ETTh2,raw,7584,7680,raw:7584:1,high,high
2,0.0,0.0,0.0,0.0,-0.0,0.9999999900000003,0.0,0.0,0.0,ETTh2,raw,7584,7680,raw:7584:2,low,low
3,0.18555695781041193,0.3614123237887267,0.28009121596683473,1.0,0.9512189741500725,0.9999999900000003,0.0,0.2756868325219911,0.6504063247166908,ETTh2,raw,7584,7680,raw:7584:3,low,high
4,0.9027137031300735,0.19234187300043182,0.45297306148568456,0.625,0.9872435045329746,0.9999999900000003,0.0,0.5160095458720634,0.5374145015109916,ETTh2,raw,7584,7680,raw:7584:4,high,mid
5,1.0,0.012227471600079198,0.0,0.125,0.7567288336763205,0.9999999900000003,0.0,0.3374091572000264,0.2939096112254402,ETTh2,raw,7584,7680,raw:7584:5,mid,low
6,0.675930760217051,0.2127129788732831,0.31809810245020775,0.25,0.5946017884211777,0.9999999900000003,0.0,0.40224728051351394,0.2815339294737259,ETTh2,raw,7584,7680,raw:7584:6,mid,low
0,0.3688040744169788,0.1523446311562872,0.6866718362740943,0.875,0.9434024325976809,1.0148337320951732,0.0024722886784083933,0.4026068472824534,0.6069582404253631,ETTh2,raw,7608,7704,raw:7608:0,mid,high
1,0.47272242981501356,0.1866769340032013,0.532968861927528,1.0,0.9065753544126344,1.0148337320951732,0.0024722886784083933,0.39745607524858095,0.636349214363681,ETTh2,raw,7608,7704,raw:7608:1,mid,high
2,0.0,0.0,0.0,0.0,-0.0,1.0148337320951732,0.0024722886784083933,0.0,0.000824096226136131,ETTh2,raw,7608,7704,raw:7608:2,low,low
3,0.5057607615897415,0.3410494677898479,0.5569130480247976,1.0,0.8797979541032099,1.0148337320951732,0.0024722886784083933,0.4679077591347956,0.6274234142605394,ETTh2,raw,7608,7704,raw:7608:3,high,high
4,0.7956871416347855,0.25594491308125034,0.09096948594995898,0.25,0.9020171545547334,1.0148337320951732,0.0024722886784083933,0.3808671802219983,0.3848298144110472,ETTh2,raw,7608,7704,raw:7608:4,mid,low
5,1.0,0.010202796739108075,9.13399998430013e-07,0.0,0.7330408526282125,1.0148337320951732,0.0024722886784083933,0.33673457004636886,0.24517104710220697,ETTh2,raw,7608,7704,raw:7608:5,mid,low
6,0.6481153277451379,0.458859371612299,0.3804871310678806,0.25,0.6161124132989586,1.0148337320951732,0.0024722886784083933,0.49582061014177253,0.2895282339924557,ETTh2,raw,7608,7704,raw:7608:6,high,low
0,0.33256137107613026,0.204038292725311,0.5448839450722178,0.375,0.8168821736579868,1.0972899714274063,0.01621499521087605,0.3604945362912197,0.40269905628962094,ETTh2,raw,7656,7752,raw:7656:0,mid,low
1,0.515594543381786,0.2554550220402417,0.24903837342015825,0.75,0.9743720180314871,1.0972899714274063,0.01621499521087605,0.3400293129473953,0.5801956710807877,ETTh2,raw,7656,7752,raw:7656:1,mid,mid
2,0.0,0.0,0.0,0.0,-0.0,1.0972899714274063,0.01621499521087605,0.0,0.0054049984036253496,ETTh2,raw,7656,7752,raw:7656:2,low,low
3,0.4797745833018804,0.27775864567541075,0.19463593500816906,0.75,0.9215033795095421,1.0972899714274063,0.01621499521087605,0.3173897213284867,0.5625727915734727,ETTh2,raw,7656,7752,raw:7656:3,low,mid
4,0.3252628934475712,0.28273776071286416,0.5269219840061533,0.25,0.9309053706035648,1.0972899714274063,0.01621499521087605,0.3783075460555296,0.399040121938147,ETTh2,raw,7656,7752,raw:7656:4,mid,low
5,0.6250924581704786,0.39349032095556136,0.6080043590930391,0.25,0.9174761188281767,1.0972899714274063,0.01621499521087605,0.542195712739693,0.3945637046796843,ETTh2,raw,7656,7752,raw:7656:5,high,low
6,0.5300394626953464,0.10604731590991992,0.608769488867515,0.25,0.40848176274706943,1.0972899714274063,0.01621499521087605,0.41495208915759374,0.22489891931931516,ETTh2,raw,7656,7752,raw:7656:6,mid,low
0,0.4529071154741433,0.3633828859368592,0.5011447656893956,0.625,0.8533190278502285,1.2276117783217415,0.037935296323731424,0.43914492236679936,0.5054181080579866,ETTh2,raw,7680,7776,raw:7680:0,high,mid
1,0.5398714431945331,0.3294053019616615,0.5093355958128581,1.0,0.9639661264151395,1.2276117783217415,0.037935296323731424,0.45953744698968424,0.6673004742462902,ETTh2,raw,7680,7776,raw:7680:1,high,high
2,0.0,0.0,0.0,0.0,-0.0,1.2276117783217415,0.037935296323731424,0.0,0.01264509877457714,ETTh2,raw,7680,7776,raw:7680:2,low,low
3,0.3624364117001496,0.16675424123319676,0.603481613214667,0.75,0.9019328791619234,1.2276117783217415,0.037935296323731424,0.3775574220493378,0.5632893918285516,ETTh2,raw,7680,7776,raw:7680:3,mid,mid
4,0.9572792640151857,0.20834131878255174,0.5477705363991413,0.0,0.8335179675994286,1.2276117783217415,0.037935296323731424,0.5711303730656262,0.29048442130772,ETTh2,raw,7680,7776,raw:7680:4,high,low
5,0.9898554559014228,0.07291954433108608,0.6000074567360738,0.25,0.9106228469718148,1.2276117783217415,0.037935296323731424,0.5542608189895276,0.3995193810985154,ETTh2,raw,7680,7776,raw:7680:5,high,low
6,0.44772723671470704,0.06542715208455124,0.12836664281502994,0.25,0.44087986333381485,1.2276117783217415,0.037935296323731424,0.2138403438714294,0.24293838655251543,ETTh2,raw,7680,7776,raw:7680:6,low,low
0,0.5341063227342798,0.2630302747652974,0.083997800771939,0.25,0.8536461946040472,1.9116533403816554,0.15194222314370553,0.2937114660905054,0.41852947258258427,ETTh2,raw,7728,7824,raw:7728:0,low,mid
1,0.6178229838061585,0.17269125970887936,0.33166177623749127,0.5,0.9572653781246021,1.9116533403816554,0.15194222314370553,0.374058673250843,0.5364025337561026,ETTh2,raw,7728,7824,raw:7728:1,mid,mid
2,0.0,0.0,0.0,0.0,-0.0,1.9116533403816554,0.15194222314370553,0.0,0.050647407714568514,ETTh2,raw,7728,7824,raw:7728:2,low,low
3,0.4428321380256305,0.1497745897500185,0.17108390448701408,0.625,0.9629922166351518,1.9116533403816554,0.15194222314370553,0.2545635440875544,0.5799781465929524,ETTh2,raw,7728,7824,raw:7728:3,low,mid
4,0.20841814720630392,0.10604515484350024,0.5511804001467223,0.375,0.8075991479292205,1.9116533403816554,0.15194222314370553,0.28854790073217546,0.4448471236909754,ETTh2,raw,7728,7824,raw:7728:4,low,mid
5,0.9641404360142565,0.17802302889587945,0.9999999731510177,0.375,0.917341430742378,1.9116533403816554,0.15194222314370553,0.7140544793537179,0.4814278846286945,ETTh2,raw,7728,7824,raw:7728:5,high,mid
6,0.43971708494504835,0.08969214698989303,0.22073718669960013,0.25,0.3771289247787632,1.9116533403816554,0.15194222314370553,0.2500488062115138,0.25969038264082295,ETTh2,raw,7728,7824,raw:7728:6,low,low
0,0.5190784464728774,0.37755725271030127,0.4774667193288729,0.375,0.8545298440586148,1.4699939657924943,0.0783323275015285,0.4580341395040172,0.4359540571867144,ETTh2,raw,7752,7848,raw:7752:0,high,mid
1,0.1438085423401495,0.29829439982187494,0.5110889870315877,0.75,0.9639347563927063,1.4699939657924943,0.0783323275015285,0.3177306430645374,0.5974223612980782,ETTh2,raw,7752,7848,raw:7752:1,low,mid
2,0.0,0.0,0.0,0.0,-0.0,1.4699939657924943,0.0783323275015285,0.0,0.026110775833842834,ETTh2,raw,7752,7848,raw:7752:2,low,low
3,0.2792903941952265,0.24128954856730356,0.5334244011227475,1.0,0.9913697922555262,1.4699939657924943,0.0783323275015285,0.3513347812950925,0.6899007065856849,ETTh2,raw,7752,7848,raw:7752:3,mid,high
4,0.575983326417081,0.2869235969647215,0.5173650091578429,0.5,0.9538622687668529,1.4699939657924943,0.0783323275015285,0.4600906441798818,0.5107315320894604,ETTh2,raw,7752,7848,raw:7752:4,high,mid
5,0.9796418104646055,0.35242329869556377,0.439282036341179,0.75,0.9351512532599228,1.4699939657924943,0.0783323275015285,0.5904490485004494,0.5878278602538171,ETTh2,raw,7752,7848,raw:7752:5,high,mid
6,0.26781432194121557,0.7402222525418937,0.1561522655241953,0.25,0.6999669689048719,1.4699939657924943,0.0783323275015285,0.3880629466691015,0.3427664321354668,ETTh2,raw,7752,7848,raw:7752:6,mid,low
0,0.6471067648702467,0.09935565675658134,0.2959829124366536,0.125,0.6694693518452256,2.5585716164282792,0.2597619356384433,0.34748177802116054,0.351410429161223,ETTh2,raw,7800,7896,raw:7800:0,mid,low
1,0.41669120690383377,0.14952656118300908,0.46396436195165064,0.25,0.8800408703816136,2.5585716164282792,0.2597619356384433,0.34339404334616447,0.46326760200668565,ETTh2,raw,7800,7896,raw:7800:1,mid,mid
2,0.0,0.0,0.0,0.0,-0.0,2.5585716164282792,0.2597619356384433,0.0,0.0865873118794811,ETTh2,raw,7800,7896,raw:7800:2,low,low
3,0.1639227736486254,0.13488999616575695,0.503500820518764,0.75,0.9408865145778713,2.5585716164282792,0.2597619356384433,0.2674378634443821,0.6502161500721049,ETTh2,raw,7800,7896,raw:7800:3,low,high
4,0.23045514788743005,0.38008810018828204,0.37775707917339607,0.375,0.8524619014944308,2.5585716164282792,0.2597619356384433,0.32943344241636935,0.4957412790442914,ETTh2,raw,7800,7896,raw:7800:4,mid,mid
5,0.9474762440484398,0.24641418636741078,0.1771813364863182,0.375,0.9225948943302145,2.5585716164282792,0.2597619356384433,0.4570239223007229,0.5191189433228859,ETTh2,raw,7800,7896,raw:7800:5,high,mid
6,0.27978165281296175,0.6520957483112728,0.08884045174449648,0.25,0.6934459304297692,2.5585716164282792,0.2597619356384433,0.340239284289577,0.4010692886894042,ETTh2,raw,7800,7896,raw:7800:6,mid,low
0,0.5100861538394361,0.4895841252768965,0.4519336494695145,0.25,0.9108251817936497,1.6137586370449355,0.10229310600366741,0.4838679761952824,0.42103942926577237,ETTh2,raw,7824,7920,raw:7824:0,high,mid
1,0.35230712613213655,0.3491074166964526,0.5566366824353515,1.0,0.9589007691197703,1.6137586370449355,0.10229310600366741,0.41935040842131355,0.687064625041146,ETTh2,raw,7824,7920,raw:7824:1,mid,high
2,0.0,0.0,0.0,0.0,-0.0,1.6137586370449355,0.10229310600366741,0.0,0.03409770200122247,ETTh2,raw,7824,7920,raw:7824:2,low,low
3,0.13955335325805684,0.24314112581911027,0.49177244797500347,1.0,0.9359470316767535,1.6137586370449355,0.10229310600366741,0.29148897568405685,0.679413379226807,ETTh2,raw,7824,7920,raw:7824:3,low,high
4,0.3506595249775535,0.33829545250857807,0.45448990448051374,0.25,0.7628096419900146,1.6137586370449355,0.10229310600366741,0.3811482939888817,0.37170091599789395,ETTh2,raw,7824,7920,raw:7824:4,mid,low
5,0.8318337007346199,0.0996341974472883,0.5912516954545138,0.5,0.8472050418886281,1.6137586370449355,0.10229310600366741,0.5075731978788074,0.48316604929743184,ETTh2,raw,7824,7920,raw:7824:5,high,mid
6,0.1363337811921299,0.3004983205717322,0.3882354495916497,0.25,0.7694559430715496,1.6137586370449355,0.10229310600366741,0.27502251711850395,0.373916349691739,ETTh2,raw,7824,7920,raw:7824:6,low,low
0,0.9080340932602311,0.2742127668629125,0.41570716806648894,0.5,0.9659316001155729,2.032553562279261,0.1720922600930564,0.5326513427298775,0.5460079534028764,ETTh2,raw,7848,7944,raw:7848:0,high,mid
1,0.8482238354999427,0.28420449745117193,0.6078078358472854,0.625,0.980017771826099,2.032553562279261,0.1720922600930564,0.5800787229328,0.5923700106397184,ETTh2,raw,7848,7944,raw:7848:1,high,mid
2,0.0,0.0,0.0,0.0,-0.0,2.032553562279261,0.1720922600930564,0.0,0.05736408669768547,ETTh2,raw,7848,7944,raw:7848:2,low,low
3,0.9999999962567403,0.3273925275616103,0.6058133608009775,1.0,0.9552622875296949,2.032553562279261,0.1720922600930564,0.644401961539776,0.7091181825409172,ETTh2,raw,7848,7944,raw:7848:3,high,high
4,0.9999999977155967,0.21898955797188657,0.5935532069592852,1.0,0.8977554901078262,2.032553562279261,0.1720922600930564,0.6041809208822562,0.6899492500669608,ETTh2,raw,7848,7944,raw:7848:4,high,high
5,0.999999924780162,0.20073446584825977,0.28982751789787103,0.75,0.9499130229453251,2.032553562279261,0.1720922600930564,0.4968539695087643,0.6240017610127938,ETTh2,raw,7848,7944,raw:7848:5,high,high
6,0.9999999990258044,0.4970748194628777,0.10777134968030934,0.25,0.7348233185149751,2.032553562279261,0.1720922600930564,0.5349487227229972,0.38563852620267713,ETTh2,raw,7848,7944,raw:7848:6,high,low
0,0.9098680088466303,0.12118166974964412,0.004984726896105336,0.125,0.8356089124511717,1.2957435311499834,0.049290588442846256,0.34534480183079325,0.33663316696467266,ETTh2,raw,7896,7992,raw:7896:0,mid,low
1,0.9082875184767469,0.2834466283632246,0.03778731065639435,0.5,0.8506926989537762,1.2957435311499834,0.049290588442846256,0.409840485832122,0.46666109579887416,ETTh2,raw,7896,7992,raw:7896:1,mid,mid
2,0.0,0.0,0.0,0.0,-0.0,1.2957435311499834,0.049290588442846256,0.0,0.016430196147615417,ETTh2,raw,7896,7992,raw:7896:2,low,low
3,0.9999999994337981,0.3176309955370984,0.24225730858861774,1.0,0.8869348508161518,1.2957435311499834,0.049290588442846256,0.5199627678531714,0.6454084797529994,ETTh2,raw,7896,7992,raw:7896:3,high,high
4,0.999999998483062,0.11779239825501892,0.21748217070737783,1.0,0.9532020666956327,1.2957435311499834,0.049290588442846256,0.44509152248181955,0.6674975517128262,ETTh2,raw,7896,7992,raw:7896:4,high,high
5,0.9999999770523262,0.14565275608709055,0.25379678730472827,0.375,0.8170632403433985,1.2957435311499834,0.049290588442846256,0.4664831734813817,0.41378460959541496,ETTh2,raw,7896,7992,raw:7896:5,high,low
6,0.9999999995856192,0.5868563198018895,0.22214903069166228,0.5,0.7862114397385284,1.2957435311499834,0.049290588442846256,0.6030017833597237,0.44516734272712494,ETTh2,raw,7896,7992,raw:7896:6,high,mid
0,0.7551080890327035,0.10920876317296524,0.614832861036777,0.0,0.8065277212347043,2.652606715947071,0.27543445219878776,0.4930499044141486,0.36065405781116405,ETTh2,raw,7920,8016,raw:7920:0,high,low
1,0.8193563216977001,0.13504142273168862,0.17394141469737623,0.0,0.7754113720581869,2.652606715947071,0.27543445219878776,0.376113053042255,0.35028194141899155,ETTh2,raw,7920,8016,raw:7920:1,mid,low
2,0.0,0.0,0.0,0.0,-0.0,2.652606715947071,0.27543445219878776,0.0,0.09181148406626259,ETTh2,raw,7920,8016,raw:7920:2,low,low
3,0.7448964377687046,0.20764709400684342,0.14701714232298602,0.75,0.887303679565797,2.652606715947071,0.27543445219878776,0.3665202246995114,0.6375793772548616,ETTh2,raw,7920,8016,raw:7920:3,mid,high
4,0.36972204067406955,0.36788863132993377,0.38147315467539133,1.0,0.9315909676458771,2.652606715947071,0.27543445219878776,0.37302794222646485,0.7356751399482216,ETTh2,raw,7920,8016,raw:7920:4,mid,high
5,0.8469098332355838,0.05810518071929732,0.13803950802317858,0.375,0.7063724822763124,2.652606715947071,0.27543445219878776,0.3476848406593533,0.4522689781583667,ETTh2,raw,7920,8016,raw:7920:5,mid,mid
6,0.3960697175238057,0.12793760674078303,0.8057020771637892,0.125,0.7186770582983902,2.652606715947071,0.27543445219878776,0.44323646714279263,0.373037170165726,ETTh2,raw,7920,8016,raw:7920:6,high,low
0,0.8504606823921355,0.2902559563645255,0.8560358491810105,0.375,0.9258874004158715,0.9999999900000005,0.0,0.6655841626458905,0.43362913347195714,ETTh2,raw,7968,8064,raw:7968:0,high,mid
1,0.9345109594024629,0.28572658669005613,0.9024597585947349,0.875,0.9429523490608727,0.9999999900000005,0.0,0.7075657682290846,0.6059841163536243,ETTh2,raw,7968,8064,raw:7968:1,high,high
2,0.0,0.043044752363281785,0.0,0.0,0.7473211416050194,0.9999999900000005,0.0,0.014348250787760594,0.24910704720167312,ETTh2,raw,7968,8064,raw:7968:2,low,low
3,0.9754616083921969,0.2668058196114831,0.04414036751486714,1.0,0.9096537856127279,0.9999999900000005,0.0,0.42880259850618235,0.6365512618709093,ETTh2,raw,7968,8064,raw:7968:3,high,high
4,0.9906949263907247,0.12202805405583336,0.6339839812285725,1.0,0.8493361819805935,0.9999999900000005,0.0,0.5822356538917101,0.6164453939935312,ETTh2,raw,7968,8064,raw:7968:4,high,high
5,0.35154671510836266,0.06725161308864232,0.23956062908174972,0.125,0.7645253927749041,0.9999999900000005,0.0,0.2194529857595849,0.29650846425830135,ETTh2,raw,7968,8064,raw:7968:5,low,low
6,0.9999999985396434,0.17568748494096498,0.33033817925497866,0.125,0.6572089035908579,0.9999999900000005,0.0,0.5020085542451956,0.2607363011969526,ETTh2,raw,7968,8064,raw:7968:6,high,low
0,0.9907893255344823,0.41531695383938877,0.49999999990467764,0.125,0.8005844758785653,0.9999999900000004,0.0,0.6353687597595162,0.30852815862618843,ETTh2,raw,7992,8088,raw:7992:0,high,low
1,0.9999999969889838,0.27146154493898517,0.499999999958426,1.0,0.8832136963424755,0.9999999900000004,0.0,0.5904871806287982,0.6277378987808252,ETTh2,raw,7992,8088,raw:7992:1,high,high
2,0.9999999999938408,0.025683533054179607,0.0,0.0,0.6962263055672173,0.9999999900000004,0.0,0.3418945110160068,0.23207543518907245,ETTh2,raw,7992,8088,raw:7992:2,mid,low
3,0.9439953211374091,0.3610489798602757,0.49999999993225885,1.0,0.8954487069869814,0.9999999900000004,0.0,0.6016814336433146,0.6318162356623271,ETTh2,raw,7992,8088,raw:7992:3,high,high
4,0.961552701423945,0.16031139753833007,0.4844037648523454,1.0,0.8623908705585489,0.9999999900000004,0.0,0.5354226212715402,0.6207969568528496,ETTh2,raw,7992,8088,raw:7992:4,high,high
5,0.9999999976832662,0.1884946065640254,0.05434613981452828,0.125,0.855914167183205,0.9999999900000004,0.0,0.41428024802060665,0.3269713890610683,ETTh2,raw,7992,8088,raw:7992:5,mid,low
6,0.9754108187304072,0.2783511131651094,0.49999999819292146,0.375,0.5730818821890807,0.9999999900000004,0.0,0.5845873100294794,0.31602729406302693,ETTh2,raw,7992,8088,raw:7992:6,high,low
0,0.9525493561366023,0.25909932619066006,0.83396788415456,0.125,0.7630490313081946,3.8921373757631166,0.48202289515714797,0.6818721888272741,0.4566906421551142,ETTh2,raw,8016,8112,raw:8016:0,high,mid
1,0.9684168985621594,0.23884842961899727,0.716691329258351,0.625,0.8146794465960125,3.8921373757631166,0.48202289515714797,0.6413188858131692,0.6405674472510535,ETTh2,raw,8016,8112,raw:8016:1,high,high
2,0.9999999999993322,0.05730593975557373,0.012971560977371628,0.0,0.7171983193328683,3.8921373757631166,0.48202289515714797,0.3567591669107592,0.39974040483000545,ETTh2,raw,8016,8112,raw:8016:2,mid,low
3,0.9790450571594258,0.24077782024287156,0.6129553876813802,0.75,0.81693167664041,3.8921373757631166,0.48202289515714797,0.6109260883612259,0.6829848572658527,ETTh2,raw,8016,8112,raw:8016:3,high,high
4,0.9806414167216794,0.30163405046780456,0.5909846820117242,1.0,0.8923658718934203,3.8921373757631166,0.48202289515714797,0.624420049733736,0.7914629223501896,ETTh2,raw,8016,8112,raw:8016:4,high,high
5,0.6602861492283079,0.5270124145405171,0.04045757905525706,0.375,0.8091216979059414,3.8921373757631166,0.48202289515714797,0.4092520476080273,0.5553815310210297,ETTh2,raw,8016,8112,raw:8016:5,mid,mid
6,0.9999999985396427,0.4086808784951055,0.545230636855832,0.25,0.5348724216307823,3.8921373757631166,0.48202289515714797,0.6513038379635268,0.42229843892931007,ETTh2,raw,8016,8112,raw:8016:6,high,mid
0,0.6415601458837061,0.3887954045040505,0.30355423962665684,0.5,0.8442514934233264,2.935041238505238,0.32250687254669486,0.44463659667147115,0.5555861219900071,ETTh2,raw,8064,8160,raw:8064:0,high,mid
1,0.5059170546355747,0.4238672152557418,0.53110741628033,0.875,0.9001685894162963,2.935041238505238,0.32250687254669486,0.4869638953905488,0.6992251539876637,ETTh2,raw,8064,8160,raw:8064:1,high,high
2,0.7063182569702213,0.3925124816692167,0.2888347834104981,0.5,0.8544652050970762,2.935041238505238,0.32250687254669486,0.46255517401664537,0.5589906925479237,ETTh2,raw,8064,8160,raw:8064:2,high,mid
3,0.45731805052987573,0.41673836015355614,0.5886665774092993,1.0,0.9118882475987728,2.935041238505238,0.32250687254669486,0.48757432936424366,0.7447983733818226,ETTh2,raw,8064,8160,raw:8064:3,high,high
4,0.588453341425015,0.254289645641663,0.5007755249283794,1.0,0.8128034364535579,2.935041238505238,0.32250687254669486,0.4478395039983525,0.7117701030000841,ETTh2,raw,8064,8160,raw:8064:4,high,high
5,0.6366555991701079,0.42221286985754797,0.36697019616438814,1.0,0.8761679806663336,2.935041238505238,0.32250687254669486,0.4752795550640147,0.7328916177376762,ETTh2,raw,8064,8160,raw:8064:5,high,high
6,0.5469228707567241,0.602338881482475,0.11866706317236608,0.125,0.7007763357792286,2.935041238505238,0.32250687254669486,0.4226429384705217,0.38276106944197447,ETTh2,raw,8064,8160,raw:8064:6,mid,low
0,0.5778273867606274,0.2757153730481998,0.21333251786396373,0.875,0.8683091507507446,3.3847585255064674,0.397459753588645,0.355625092557597,0.7135896347797965,ETTh2,raw,8088,8184,raw:8088:0,mid,high
1,0.33329844567817,0.25805812160590025,0.19203693101483968,1.0,0.8425927168590408,3.3847585255064674,0.397459753588645,0.26113116609963666,0.7466841568158952,ETTh2,raw,8088,8184,raw:8088:1,low,high
2,0.64112200634085,0.20752553409247138,0.227836127208208,0.875,0.8753177779550392,3.3847585255064674,0.397459753588645,0.35882788921384307,0.7159258438478947,ETTh2,raw,8088,8184,raw:8088:2,mid,high
3,0.4513728780789057,0.23030979459020762,0.2062259282612127,1.0,0.8356482277164035,3.3847585255064674,0.397459753588645,0.295969533643442,0.7443693271016828,ETTh2,raw,8088,8184,raw:8088:3,low,high
4,0.19303655142475273,0.2664023258180206,0.5312354469366374,1.0,0.8627973505023508,3.3847585255064674,0.397459753588645,0.3302247747264702,0.7534190346969986,ETTh2,raw,8088,8184,raw:8088:4,mid,high
5,0.7424284445351501,0.2732952654844493,0.5002418999514132,1.0,0.8837246191698562,3.3847585255064674,0.397459753588645,0.5053218699903376,0.7603947909195004,ETTh2,raw,8088,8184,raw:8088:5,high,high
6,0.6735768004671228,0.8815798240929527,0.0964998420867144,0.125,0.7086228055039111,3.3847585255064674,0.397459753588645,0.55055215554893,0.410360853030852,ETTh2,raw,8088,8184,raw:8088:6,high,low
0,0.5384305836258584,0.37011513378046756,0.535637387025874,0.875,0.972608981483302,4.027845160416861,0.5046408592284087,0.48139436814406666,0.7840832802372368,ETTh2,raw,8136,8232,raw:8136:0,high,high
1,0.2847016105545299,0.18330682954924402,0.4708589584700558,1.0,0.8814707921651319,4.027845160416861,0.5046408592284087,0.31295579952460995,0.7953705504645135,ETTh2,raw,8136,8232,raw:8136:1,low,high
2,0.5987194082620639,0.3494256824866125,0.5831759791634101,0.875,0.9281868879663226,4.027845160416861,0.5046408592284087,0.5104403566373622,0.7692759157315772,ETTh2,raw,8136,8232,raw:8136:2,high,high
3,0.1185796676400237,0.22417229072000927,0.5105796931876296,1.0,0.798737409084392,4.027845160416861,0.5046408592284087,0.28444388384922087,0.7677927561042669,ETTh2,raw,8136,8232,raw:8136:3,low,high
4,0.5088284712364826,0.2406163554294859,0.42171695851284624,1.0,0.8998859232680272,4.027845160416861,0.5046408592284087,0.3903872617262716,0.801508927498812,ETTh2,raw,8136,8232,raw:8136:4,mid,high
5,0.5354105709158352,0.2849522202811855,0.5027789054479136,1.0,0.8475267016059251,4.027845160416861,0.5046408592284087,0.4410472322149781,0.7840558536114446,ETTh2,raw,8136,8232,raw:8136:5,high,high
6,0.6916840170077394,0.6603919472314883,0.8189540013461353,0.375,0.7738998273038079,4.027845160416861,0.5046408592284087,0.723676655195121,0.5511802288440721,ETTh2,raw,8136,8232,raw:8136:6,high,mid
0,0.6835537575740097,0.30946446149050233,0.6694869318009666,0.75,0.8928724075035006,3.7767447969829355,0.46279079872583795,0.5541683836218262,0.7018877354097794,ETTh2,raw,8160,8256,raw:8160:0,high,high
1,0.4826920604482766,0.1630153305490298,0.6853730041362507,1.0,0.8362393253537201,3.7767447969829355,0.46279079872583795,0.443693465044519,0.7663433746931861,ETTh2,raw,8160,8256,raw:8160:1,high,high
2,0.671773822633289,0.25757304599164693,0.648656259000674,0.625,0.8637721227391473,3.7767447969829355,0.46279079872583795,0.52600104254187,0.6505209738216617,ETTh2,raw,8160,8256,raw:8160:2,high,high
3,0.2465982706594927,0.15791347986791376,0.6183903757776392,1.0,0.8529900560421201,3.7767447969829355,0.46279079872583795,0.34096737543501526,0.7719269515893193,ETTh2,raw,8160,8256,raw:8160:3,mid,high
4,0.5907470150607599,0.175939198732741,0.34502371753537464,1.0,0.7771309707676847,3.7767447969829355,0.46279079872583795,0.3705699771096252,0.7466405898311742,ETTh2,raw,8160,8256,raw:8160:4,mid,high
5,0.3903392258271049,0.3138990364604226,0.5793332531933152,1.0,0.8201242201302722,3.7767447969829355,0.46279079872583795,0.42785717182694755,0.7609716729520367,ETTh2,raw,8160,8256,raw:8160:5,high,high
6,0.6276268995118017,0.04039923533747946,0.4916903215840198,0.25,0.45896059301678965,3.7767447969829355,0.46279079872583795,0.38657215214443363,0.39058379724754255,ETTh2,raw,8160,8256,raw:8160:6,mid,low
0,0.2275146172154947,0.16382082404159676,0.6315625437927768,0.875,0.9663179234302254,3.6628813426987428,0.4438135563767679,0.3409659950166228,0.7617104932689976,ETTh2,raw,8184,8280,raw:8184:0,mid,high
1,0.3153113255114942,0.12582153829327986,0.3783202449574203,1.0,0.9095541224163188,3.6628813426987428,0.4438135563767679,0.2731510362540648,0.7844558929310289,ETTh2,raw,8184,8280,raw:8184:1,low,high
2,0.37076445353836274,0.2160479949210216,0.6289132882412095,0.625,0.90916767615868,3.6628813426987428,0.4438135563767679,0.4052419122335313,0.659327077511816,ETTh2,raw,8184,8280,raw:8184:2,mid,high
3,0.3157494275629149,0.2549671311275237,0.5329264508907626,1.0,0.8300664163497049,3.6628813426987428,0.4438135563767679,0.3678810031937337,0.7579599909088243,ETTh2,raw,8184,8280,raw:8184:3,mid,high
4,0.32973889676759227,0.24580341628009356,0.4599549341572476,1.0,0.8968146616360039,3.6628813426987428,0.4438135563767679,0.3451657490683111,0.7802094060042571,ETTh2,raw,8184,8280,raw:8184:4,mid,high
5,0.6005083083830742,0.15450181609504032,0.5038101365001948,1.0,0.8241726236503113,3.6628813426987428,0.4438135563767679,0.4196067536594364,0.7559953933423597,ETTh2,raw,8184,8280,raw:8184:5,mid,high
6,0.2342190915985679,0.6215945317198679,0.5839332767001221,0.125,0.6559076442344065,3.6628813426987428,0.4438135563767679,0.4799156333395193,0.4082404002037248,ETTh2,raw,8184,8280,raw:8184:6,high,low
0,0.17656573475115123,0.28913229409708296,0.5619051058359381,0.75,0.9205841221557839,3.5726538235402625,0.42877563654208434,0.34253437822805743,0.6997865862326228,ETTh2,raw,8232,8328,raw:8232:0,mid,high
1,0.3572757174490029,0.1774631776821699,0.4071774174635983,0.875,0.8850066386177644,3.5726538235402625,0.42877563654208434,0.31397210419825705,0.7295940917199496,ETTh2,raw,8232,8328,raw:8232:1,low,high
2,0.06854071131548811,0.17349648228225834,0.5089165695208613,0.75,0.8955975781900571,3.5726538235402625,0.42877563654208434,0.25031792103953593,0.6914577382440471,ETTh2,raw,8232,8328,raw:8232:2,low,high
3,0.29990236118319924,0.18348799895386378,0.4139923693541757,1.0,0.8795531212563371,3.5726538235402625,0.42877563654208434,0.2991275764970796,0.7694429192661404,ETTh2,raw,8232,8328,raw:8232:3,low,high
4,0.3492433563901196,0.3920229789049453,0.5579811525730952,1.0,0.9242817053526837,3.5726538235402625,0.42877563654208434,0.43308249595605336,0.784352447298256,ETTh2,raw,8232,8328,raw:8232:4,high,high
5,0.7255226057178217,0.4036613386732514,0.37390155210942116,1.0,0.9709706736491409,3.5726538235402625,0.42877563654208434,0.5010284988334981,0.7999154367304083,ETTh2,raw,8232,8328,raw:8232:5,high,high
6,0.6082667050500983,0.5153188816176527,0.13301071860478772,0.375,0.6908495093148038,3.5726538235402625,0.42877563654208434,0.4188654350908463,0.498208381952296,ETTh2,raw,8232,8328,raw:8232:6,mid,mid
0,0.6161980396082432,0.1812384572323556,0.7251893748449115,0.0,0.7423225136086267,2.2142147271745136,0.2023691208584704,0.5075419572285034,0.3148972114890323,ETTh2,raw,8256,8352,raw:8256:0,high,low
1,0.622363505293597,0.1622772205593659,0.5451222413524669,0.0,0.7244526335758491,2.2142147271745136,0.2023691208584704,0.4432543224018099,0.3089405848114398,ETTh2,raw,8256,8352,raw:8256:1,high,low
2,0.8135428755226894,0.2783654297683148,0.5526546942197059,0.0,0.7207250208133524,2.2142147271745136,0.2023691208584704,0.54818766650357,0.30769804722394095,ETTh2,raw,8256,8352,raw:8256:2,high,low
3,0.6582197726045902,0.27492002223437456,0.5442710670318357,0.0,0.7650052793212984,2.2142147271745136,0.2023691208584704,0.4924702872902668,0.32245813339325624,ETTh2,raw,8256,8352,raw:8256:3,high,low
4,0.3989087295612811,0.3543917379185233,0.705108996462987,1.0,0.9212031097679995,2.2142147271745136,0.2023691208584704,0.48613648798093045,0.7078574102088232,ETTh2,raw,8256,8352,raw:8256:4,high,high
5,0.33034469119087073,0.24064161306681964,0.5348905972202824,0.875,0.912720271625665,2.2142147271745136,0.2023691208584704,0.36862563382599095,0.6633631308280451,ETTh2,raw,8256,8352,raw:8256:5,mid,high
6,0.7444040608743885,0.030041937358453,0.35748123260824227,0.375,0.7745572201521319,2.2142147271745136,0.2023691208584704,0.3773090769470279,0.45064211367020074,ETTh2,raw,8256,8352,raw:8256:6,mid,mid
0,0.45137070945836455,0.24751525081037065,0.2416374255903125,0.0,0.6603390358790329,2.9698260804740935,0.32830434619850835,0.31350779528634926,0.32954779402584705,ETTh2,raw,8304,8400,raw:8304:0,low,low
1,0.5216021992342064,0.33549948179624467,0.44760866557516354,0.125,0.7256758447912195,2.9698260804740935,0.32830434619850835,0.43490344886853816,0.3929933969965759,ETTh2,raw,8304,8400,raw:8304:1,high,low
2,0.6172304113960894,0.2922602478555087,0.16176435465489708,0.0,0.6183037060547774,2.9698260804740935,0.32830434619850835,0.35708500463549836,0.3155360174177619,ETTh2,raw,8304,8400,raw:8304:2,mid,low
3,0.5957850507610265,0.39896597672044504,0.14871718321529587,0.0,0.7089492637325145,2.9698260804740935,0.32830434619850835,0.3811560702322558,0.3457512033103409,ETTh2,raw,8304,8400,raw:8304:3,mid,low
4,0.37438298985805696,0.2912134475356796,0.6343343892419009,0.875,0.8076239872549813,2.9698260804740935,0.32830434619850835,0.4333102755452125,0.6703094444844965,ETTh2,raw,8304,8400,raw:8304:4,high,high
5,0.1541548869133602,0.17951716754193148,0.5084934644540495,1.0,0.8804851617277197,2.9698260804740935,0.32830434619850835,0.2807218396364471,0.7362631693087427,ETTh2,raw,8304,8400,raw:8304:5,low,high
6,0.7806309910009113,0.38841439354203955,0.33264663074787054,0.25,0.6635990583160157,2.9698260804740935,0.32830434619850835,0.5005640050969405,0.41396780150484136,ETTh2,raw,8304,8400,raw:8304:6,high,low
0,0.8214911264219991,0.2583403434756054,0.18808481792115664,0.375,0.9286422077286373,3.2623167886111886,0.37705279747344345,0.4226387626062537,0.5602316684006936,ETTh2,raw,8328,8424,raw:8328:0,mid,mid
1,0.8648671630250814,0.3453715827720484,0.23963051078818906,0.875,0.9503225867834159,3.2623167886111886,0.37705279747344345,0.4832897521951063,0.7341251280856197,ETTh2,raw,8328,8424,raw:8328:1,high,high
2,0.8012891153586146,0.24330908282880634,0.14215869501439118,0.625,0.9183388813117085,3.2623167886111886,0.37705279747344345,0.3955856310672707,0.6401305595950506,ETTh2,raw,8328,8424,raw:8328:2,mid,high
3,0.7603570486544806,0.3342709641770932,0.399098895437935,0.75,0.9459622127389629,3.2623167886111886,0.37705279747344345,0.49790896942316953,0.6910050034041354,ETTh2,raw,8328,8424,raw:8328:3,high,high
4,0.40206114388780445,0.15522593313014107,0.4876892773840232,0.75,0.7367965762821699,3.2623167886111886,0.37705279747344345,0.3483254514673229,0.6212831245852045,ETTh2,raw,8328,8424,raw:8328:4,mid,high
5,0.740096512805811,0.240921730015819,0.4964469304213761,1.0,0.8232577649903329,3.2623167886111886,0.37705279747344345,0.49248839108100206,0.733436854154592,ETTh2,raw,8328,8424,raw:8328:5,high,high
6,0.8708828480461538,0.32457326223735583,0.46509432743518625,0.25,0.5636055144960295,3.2623167886111886,0.37705279747344345,0.5535168125728985,0.3968861039898243,ETTh2,raw,8328,8424,raw:8328:6,high,low
0,0.19716372870688614,0.1705012870332875,0.23081299857238474,0.5,0.8627050753832405,3.133474175034246,0.3555790285797426,0.19949267143751945,0.5727613679876611,ETTh2,raw,8376,8472,raw:8376:0,low,mid
1,0.2799196154508353,0.354705925811615,0.3636959646878223,1.0,0.8729981187702317,3.133474175034246,0.3555790285797426,0.3327738353167575,0.7428590491166581,ETTh2,raw,8376,8472,raw:8376:1,mid,high
2,0.25213526521088847,0.24413268463816384,0.16020463721644426,0.375,0.7715869437420085,3.133474175034246,0.3555790285797426,0.21882419568849887,0.5007219907739171,ETTh2,raw,8376,8472,raw:8376:2,low,mid
3,0.47560802951074765,0.4949235620302235,0.3668991016641831,1.0,0.8948219458555055,3.133474175034246,0.3555790285797426,0.44581023106838474,0.7501336581450827,ETTh2,raw,8376,8472,raw:8376:3,high,high
4,0.4139538380689909,0.13178435714378522,0.4171506447518872,0.25,0.8012948450862576,3.133474175034246,0.3555790285797426,0.3209629466548878,0.46895795788866673,ETTh2,raw,8376,8472,raw:8376:4,low,mid
5,0.9205348969475722,0.11004053968451696,0.4533873399713255,0.5,0.8399048545676895,3.133474175034246,0.3555790285797426,0.4946542588678049,0.5651612943824774,ETTh2,raw,8376,8472,raw:8376:5,high,mid
6,0.42673814249550124,0.04211954246444931,0.2749858131632496,0.25,0.34417171398268154,3.133474175034246,0.3555790285797426,0.24794783270773338,0.31658358085414134,ETTh2,raw,8376,8472,raw:8376:6,low,low
0,0.5706834740575533,0.12688728330237323,0.9562344477391705,0.875,0.9726834357468088,3.1231208498775676,0.35385347438983883,0.551268401699699,0.7338456367122159,ETTh2,raw,8400,8496,raw:8400:0,high,high
1,0.5506974598015277,0.2695796743155758,0.5720669757899853,1.0,0.9258562764753742,3.1231208498775676,0.35385347438983883,0.46411470330236293,0.7599032502884043,ETTh2,raw,8400,8496,raw:8400:1,high,high
2,0.4519054531704293,0.22190533217040076,0.7268483076756397,0.375,0.8223903607555537,3.1231208498775676,0.35385347438983883,0.46688636433882325,0.5170812783817976,ETTh2,raw,8400,8496,raw:8400:2,high,mid
3,0.5531966893677983,0.3162525708215785,0.46391068593702117,1.0,0.9276704463043077,3.1231208498775676,0.35385347438983883,0.444453315375466,0.7605079735647156,ETTh2,raw,8400,8496,raw:8400:3,high,high
4,0.789675928395687,0.14232082176825622,0.7734249019654633,0.125,0.8491016250221124,3.1231208498775676,0.35385347438983883,0.5684738840431355,0.4426516998039838,ETTh2,raw,8400,8496,raw:8400:4,high,mid
5,0.9999999990708441,0.38124145441454826,0.8838507248055565,0.25,0.9261934653311236,3.1231208498775676,0.35385347438983883,0.7550307260969831,0.5100156465736542,ETTh2,raw,8400,8496,raw:8400:5,high,mid
6,0.8047923245138896,0.1329219703738156,0.025649223309102572,0.25,0.45047114435781027,3.1231208498775676,0.35385347438983883,0.32112117273226926,0.35144153958254964,ETTh2,raw,8400,8496,raw:8400:6,low,low
0,0.7597201278283763,0.21297503503391,0.13569953529694168,0.875,0.8887817490130221,0.9999999900000118,0.0,0.3694648993864093,0.5879272496710074,ETTh2,raw,8424,8520,raw:8424:0,mid,mid
1,0.6749913584276341,0.2989466546508047,0.25712194984638936,1.0,0.889175135776297,0.9999999900000118,0.0,0.41035332097494276,0.6297250452587657,ETTh2,raw,8424,8520,raw:8424:1,mid,high
2,0.2539495006234873,0.20749628298312184,0.49852120786063936,0.625,0.8872635838091015,0.9999999900000118,0.0,0.3199889971557495,0.5040878612697005,ETTh2,raw,8424,8520,raw:8424:2,low,mid
3,0.16478273181719372,0.3699112579102152,0.49245756473687347,1.0,0.8957645960508385,0.9999999900000118,0.0,0.34238385148809414,0.6319215320169461,ETTh2,raw,8424,8520,raw:8424:3,mid,high
4,0.8671801656085355,0.09359656549420328,0.02616489895177049,0.25,0.8289664998322319,0.9999999900000118,0.0,0.3289805433515031,0.3596554999440773,ETTh2,raw,8424,8520,raw:8424:4,mid,low
5,1.0,0.09904135977801433,0.0,0.5,0.9252650809558371,0.9999999900000118,0.0,0.3663471199260048,0.4750883603186124,ETTh2,raw,8424,8520,raw:8424:5,mid,mid
6,0.5726479671336568,0.10802883164848108,0.1449528663986224,0.25,0.5746757239515635,0.9999999900000118,0.0,0.2752098883935868,0.2748919079838545,ETTh2,raw,8424,8520,raw:8424:6,low,low
0,0.2002913041274248,0.16574449188886126,0.61977967174091,0.375,0.868319574183197,0.9999999900000359,0.0,0.3286051559190653,0.4144398580610657,ETTh2,raw,8472,8568,raw:8472:0,mid,low
1,0.28526811409977915,0.29167392864175656,0.4422863194376907,0.625,0.9309336764658586,0.9999999900000359,0.0,0.33974278739307545,0.5186445588219528,ETTh2,raw,8472,8568,raw:8472:1,mid,mid
2,0.16912929868495996,0.15815523028556572,0.5505194243930149,0.125,0.8154107412781191,0.9999999900000359,0.0,0.29260131778784687,0.3134702470927064,ETTh2,raw,8472,8568,raw:8472:2,low,low
3,0.4081807542551311,0.32447205522175726,0.5871313661279196,1.0,0.9469945146064783,0.9999999900000359,0.0,0.43992805853493594,0.6489981715354928,ETTh2,raw,8472,8568,raw:8472:3,high,high
4,0.18466811204590539,0.176484309801196,0.45847652378391135,0.25,0.6640652928490004,0.9999999900000359,0.0,0.2732096485436709,0.3046884309496668,ETTh2,raw,8472,8568,raw:8472:4,low,low
5,0.0,0.24293977714774478,0.0,0.5,0.7670368940052277,0.9999999900000359,0.0,0.08097992571591493,0.4223456313350759,ETTh2,raw,8472,8568,raw:8472:5,low,mid
6,0.5844789934827385,0.07571943416295683,0.10963545848607548,0.25,0.7353445695952585,0.9999999900000359,0.0,0.2566112953772569,0.32844818986508617,ETTh2,raw,8472,8568,raw:8472:6,low,low
0,0.30838463982620445,0.19860686780024617,0.7300356854977955,0.375,0.840563856876526,0.9999999900000199,0.0,0.41234239770808206,0.40518795229217536,ETTh2,raw,8496,8592,raw:8496:0,mid,low
1,0.6296872583831161,0.16918534211445357,0.774308791757393,0.75,0.9118948728735013,0.9999999900000199,0.0,0.5243937974183209,0.5539649576245004,ETTh2,raw,8496,8592,raw:8496:1,high,mid
2,0.2773648108353727,0.11640622826360167,0.5805294953084384,0.125,0.7478633556286179,0.9999999900000199,0.0,0.3247668448024709,0.290954451876206,ETTh2,raw,8496,8592,raw:8496:2,mid,low
3,0.24030642785894563,0.20384246940857972,0.5857305006214022,1.0,0.9208631548509557,0.9999999900000199,0.0,0.3432931326296425,0.6402877182836519,ETTh2,raw,8496,8592,raw:8496:3,mid,high
4,0.5147717044753914,0.39831869922377083,0.44133257264568443,0.375,0.9749849669128919,0.9999999900000199,0.0,0.45147432544828225,0.449994988970964,ETTh2,raw,8496,8592,raw:8496:4,high,mid
5,0.9999999971429776,0.29296507298279884,0.5,0.75,0.9730321607114635,0.9999999900000199,0.0,0.5976550233752588,0.5743440535704879,ETTh2,raw,8496,8592,raw:8496:5,high,mid
6,0.66014753646371,0.04878156757792708,0.22859053736555254,0.125,0.5390330457407028,0.9999999900000199,0.0,0.3125065471357299,0.22134434858023425,ETTh2,raw,8496,8592,raw:8496:6,low,low
0,0.6523495657816287,0.11998833069917869,0.28584933176852906,0.25,0.888077222585062,3.1591192754161157,0.35985321196959724,0.35272907608311216,0.49931014485155306,ETTh2,raw,8544,8640,raw:8544:0,mid,mid
1,0.776807181450683,0.22628579474204394,0.2496589449296621,1.0,0.943822176376902,3.1591192754161157,0.35985321196959724,0.417583973707463,0.7678917961154997,ETTh2,raw,8544,8640,raw:8544:1,mid,high
2,0.13651918106232808,0.07677279730522499,0.6325876464372784,0.5,0.7146212537638796,3.1591192754161157,0.35985321196959724,0.28195987493494384,0.524824821911159,ETTh2,raw,8544,8640,raw:8544:2,low,mid
3,0.13810224491699852,0.19903644511602014,0.5365024349062583,1.0,0.898552530106427,3.1591192754161157,0.35985321196959724,0.2912137083130923,0.7528019140253415,ETTh2,raw,8544,8640,raw:8544:3,low,high
4,0.9185276917941476,0.23555376209471623,0.04406958788352673,0.625,0.926000493043465,3.1591192754161157,0.35985321196959724,0.3993836805907969,0.636951235004354,ETTh2,raw,8544,8640,raw:8544:4,mid,high
5,0.88372699025256,0.16662085072535462,0.07101748800380087,0.375,0.9452442026138059,3.1591192754161157,0.35985321196959724,0.3737884429939051,0.560032471527801,ETTh2,raw,8544,8640,raw:8544:5,mid,mid
6,0.7379574342202748,0.41990293900357784,0.6432583769248652,0.25,0.7034735815761971,3.1591192754161157,0.35985321196959724,0.6003729167162393,0.43777559784859815,ETTh2,raw,8544,8640,raw:8544:6,high,mid
0,0.4765405721562431,0.3528206026995621,0.3699714410035509,0.125,0.9109624249069534,3.1342949569530627,0.3557158255659841,0.3997775386197853,0.4638927501576458,ETTh2,raw,8568,8664,raw:8568:0,mid,mid
1,0.530887549722337,0.23046161507204938,0.2938224747352123,0.75,0.9113516497061803,3.1342949569530627,0.3557158255659841,0.3517238798431996,0.6723558250907214,ETTh2,raw,8568,8664,raw:8568:1,mid,high
2,0.15414897324633758,0.09770766973789345,0.5307207878416217,0.125,0.6515582098722625,3.1342949569530627,0.3557158255659841,0.26085914360861756,0.3774246784794155,ETTh2,raw,8568,8664,raw:8568:2,low,low
3,0.07770537837066716,0.2769926251934814,0.5137988884543699,1.0,0.8366268458775576,3.1342949569530627,0.3557158255659841,0.28949896400617287,0.7307808904811806,ETTh2,raw,8568,8664,raw:8568:3,low,high
4,0.73880487303092,0.2115847970305935,0.4227552459398423,0.25,0.8150186380907589,3.1342949569530627,0.3557158255659841,0.4577149720004519,0.47357815455224767,ETTh2,raw,8568,8664,raw:8568:4,high,mid
5,0.6654941593242656,0.2496772475925383,0.29964560461255596,0.0,0.854622179344737,3.1342949569530627,0.3557158255659841,0.4049390038431199,0.403446001636907,ETTh2,raw,8568,8664,raw:8568:5,mid,low
6,0.5084297671114062,0.10973933730354417,0.02756047204166933,0.375,0.5481422972686096,3.1342949569530627,0.3557158255659841,0.21524319215220655,0.42628604094486455,ETTh2,raw,8568,8664,raw:8568:6,low,mid
0,0.34932922903167585,0.13843498538487237,0.6913155793764696,0.5,0.8327031087975743,3.391095493781358,0.39851591496603317,0.3930265979310059,0.5770730079212024,ETTh2,raw,8592,8688,raw:8592:0,mid,mid
1,0.42389450582757815,0.1838485692154504,0.5157077686596432,1.0,0.9207590975143783,3.391095493781358,0.39851591496603317,0.37448361456755724,0.7730916708268039,ETTh2,raw,8592,8688,raw:8592:1,mid,high
2,0.3678638464696108,0.23667490422651763,0.6975915546330737,0.25,0.7886939212180062,3.391095493781358,0.39851591496603317,0.434043435109734,0.4790699453946798,ETTh2,raw,8592,8688,raw:8592:2,high,mid
3,0.33490319782836975,0.268285065309094,0.551605043057662,0.75,0.9330603005570437,3.391095493781358,0.39851591496603317,0.38493110206504194,0.6938587385076923,ETTh2,raw,8592,8688,raw:8592:3,mid,high
4,0.3328089240061445,0.3246466785654659,0.3333341624490731,0.75,0.8521780155726404,3.391095493781358,0.39851591496603317,0.3302632550068945,0.6668979768462245,ETTh2,raw,8592,8688,raw:8592:4,mid,high
5,0.40211351318006283,0.1970488751502194,0.4834638153882731,0.875,0.8177258836806401,3.391095493781358,0.39851591496603317,0.3608754012395184,0.6970805995488911,ETTh2,raw,8592,8688,raw:8592:5,mid,high
6,0.1487168321166511,0.03607042937444792,0.27511308943019547,0.25,0.35282187523795555,3.391095493781358,0.39851591496603317,0.15330011697376483,0.3337792634013295,ETTh2,raw,8592,8688,raw:8592:6,low,low
0,0.43195611093109454,0.1721432356019822,0.6162112218782255,0.5,0.8532119034744238,3.1872666109045285,0.3645444345431807,0.4067701894704341,0.5725854460058681,ETTh2,raw,8640,8736,raw:8640:0,mid,mid
1,0.5883498219529246,0.24125863750331805,0.5463521847993976,0.875,0.8224085934413459,3.1872666109045285,0.3645444345431807,0.45865354808521347,0.6873176759948422,ETTh2,raw,8640,8736,raw:8640:1,high,high
2,0.45801124470632193,0.19858134921287934,0.7632843572962519,0.25,0.8036730154585114,3.1872666109045285,0.3645444345431807,0.4732923170718177,0.47273915000056405,ETTh2,raw,8640,8736,raw:8640:2,high,mid
3,0.6070996061397624,0.3124721857543742,0.624705516273266,0.875,0.8932237557880143,3.1872666109045285,0.3645444345431807,0.5147591027224675,0.7109227301103983,ETTh2,raw,8640,8736,raw:8640:3,high,high
4,0.46125367969221276,0.2352957355353968,0.4957059757356657,0.875,0.7853000056302133,3.1872666109045285,0.3645444345431807,0.39741846365442507,0.6749481467244647,ETTh2,raw,8640,8736,raw:8640:4,mid,high
5,0.5496961342334167,0.12572047044711943,0.47048169109154214,0.5,0.6951965548566779,3.1872666109045285,0.3645444345431807,0.38196609859069275,0.5199136631332862,ETTh2,raw,8640,8736,raw:8640:5,mid,mid
6,0.0987306712169469,0.008350737939400426,0.1668667328876921,0.25,0.37445431093207104,3.1872666109045285,0.3645444345431807,0.09131604734801314,0.3296662484917506,ETTh2,raw,8640,8736,raw:8640:6,low,low
0,0.11945399487249075,0.23679752401683604,0.3634125766154381,0.25,0.9396205651556415,3.1363737916039924,0.3560622980072283,0.2398880318349216,0.51522762105429,ETTh2,raw,8664,8760,raw:8664:0,low,mid
1,0.4387015117548021,0.1752762044616146,0.21512559141996332,0.625,0.9106140796769514,3.1363737916039924,0.3560622980072283,0.2763677692121267,0.6305587925613932,ETTh2,raw,8664,8760,raw:8664:1,low,high
2,0.2501012061553648,0.17621652146803257,0.7174759841341378,0.25,0.8416765073876028,3.1363737916039924,0.3560622980072283,0.38126457058584506,0.482579601798277,ETTh2,raw,8664,8760,raw:8664:2,mid,mid
3,0.2094218690748353,0.19206056952103212,0.50753604256183,1.0,0.8968923135850301,3.1363737916039924,0.3560622980072283,0.30300616038589917,0.7509848705307528,ETTh2,raw,8664,8760,raw:8664:3,low,high
4,0.26916841413699744,0.3009463105716639,0.47930465991579974,0.625,0.8864828445301012,3.1363737916039924,0.3560622980072283,0.34980646154148703,0.6225150475124431,ETTh2,raw,8664,8760,raw:8664:4,mid,high
5,0.26387623244112257,0.08387857950147248,0.48105372588011003,0.625,0.7989020009458924,3.1363737916039924,0.3560622980072283,0.2762695126075683,0.5933214329843736,ETTh2,raw,8664,8760,raw:8664:5,low,mid
6,0.25811839891198685,0.47278267004454894,0.2690266231380954,0.375,0.679896651003805,3.1363737916039924,0.3560622980072283,0.3333092306982104,0.4703196496703444,ETTh2,raw,8664,8760,raw:8664:6,mid,mid
0,0.7574814036347485,0.16915951835172532,0.28303377019199166,0.625,0.7949741585297645,3.4102970311671776,0.4017161711916693,0.4032248973928218,0.6072301099071445,ETTh2,raw,8712,8808,raw:8712:0,mid,high
1,0.47491313748641106,0.18232285853733077,0.40954398143161,0.75,0.7646796651986317,3.4102970311671776,0.4017161711916693,0.35559332581845066,0.6387986121301004,ETTh2,raw,8712,8808,raw:8712:1,mid,high
2,0.6342046760134121,0.1337794797008764,0.33494505085933635,0.375,0.7806032744979545,3.4102970311671776,0.4017161711916693,0.36764306885787496,0.5191064818965413,ETTh2,raw,8712,8808,raw:8712:2,mid,mid
3,0.3904026051284136,0.42421360837940303,0.30034257694129585,1.0,0.9605164341734945,3.4102970311671776,0.4017161711916693,0.3716529301497042,0.7874108684550546,ETTh2,raw,8712,8808,raw:8712:3,mid,high
4,0.3430863789716304,0.3699061923204648,0.5500853144089648,0.5,0.8636992006230689,3.4102970311671776,0.4017161711916693,0.42102596190035335,0.5884717906049127,ETTh2,raw,8712,8808,raw:8712:4,mid,mid
5,0.33818663994958664,0.35843844438226424,0.5342190715719252,0.625,0.895662064668081,3.4102970311671776,0.4017161711916693,0.4102813853012586,0.6407927452865834,ETTh2,raw,8712,8808,raw:8712:5,mid,high
6,0.8727278462899237,0.14217934904918242,0.04671339827971577,0.25,0.7516244825920015,3.4102970311671776,0.4017161711916693,0.353873531206274,0.46778021792789026,ETTh2,raw,8712,8808,raw:8712:6,mid,mid
0,0.7100103902517556,0.2667712690644485,0.45431880163078336,0.625,0.9660091918759297,3.6537009114980132,0.44228348451252975,0.47703348698232917,0.6777642254628198,ETTh2,raw,8736,8832,raw:8736:0,high,high
1,0.7094838501605302,0.3519169607884528,0.40861594585411987,1.0,0.9828758807228677,3.6537009114980132,0.44228348451252975,0.4900055856010343,0.8083864550784657,ETTh2,raw,8736,8832,raw:8736:1,high,high
2,0.50422700279695,0.19481039549425289,0.469815724285184,0.375,0.8988296495017922,3.6537009114980132,0.44228348451252975,0.38961770752546226,0.5720377113381073,ETTh2,raw,8736,8832,raw:8736:2,mid,mid
3,0.6600971972614516,0.3497582530811064,0.5683044491642827,0.75,0.9790309169780828,3.6537009114980132,0.44228348451252975,0.5260532998356134,0.7237714671635375,ETTh2,raw,8736,8832,raw:8736:3,high,high
4,0.5232811403970272,0.17609947491540762,0.6079412431635443,0.75,0.8843764693303905,3.6537009114980132,0.44228348451252975,0.4357739528253264,0.6922199846143068,ETTh2,raw,8736,8832,raw:8736:4,high,high
5,0.512388441547398,0.1809689213031468,0.4607325356093001,0.5,0.8844449557753908,3.6537009114980132,0.44228348451252975,0.3846966328199483,0.6089094800959735,ETTh2,raw,8736,8832,raw:8736:5,mid,high
6,0.43111692552905057,0.08642436693515326,0.43880261340065774,0.0,0.569940108973854,3.6537009114980132,0.44228348451252975,0.31878130195495386,0.33740786449546123,ETTh2,raw,8736,8832,raw:8736:6,low,low
0,0.685698840257815,0.31514959737632076,0.38636313664737654,0.375,0.8964446775186506,3.0296881420082067,0.3382813564375655,0.46240385809383744,0.5365753446520721,ETTh2,raw,8760,8856,raw:8760:0,high,mid
1,0.597404144669873,0.19499855080983924,0.4444534039910001,0.25,0.8101898867130622,3.0296881420082067,0.3382813564375655,0.4122853664902375,0.4661570810502093,ETTh2,raw,8760,8856,raw:8760:1,mid,mid
2,0.5546038305651917,0.2483122392531148,0.3819130171238366,0.25,0.8954959932778318,3.0296881420082067,0.3382813564375655,0.3949430289807143,0.49459244990513246,ETTh2,raw,8760,8856,raw:8760:2,mid,mid
3,0.42871860975181963,0.24631117437167738,0.2785298456872769,0.125,0.8564075134450092,3.0296881420082067,0.3382813564375655,0.3178532099369246,0.4398962899608582,ETTh2,raw,8760,8856,raw:8760:3,low,mid
4,0.13172537523596295,0.2406795315609406,0.4987194581875711,1.0,0.9352401078968203,3.0296881420082067,0.3382813564375655,0.2903747883281582,0.7578404881114619,ETTh2,raw,8760,8856,raw:8760:4,low,high
5,0.8947754327947282,0.16133075993293194,0.02185310052603316,0.5,0.9186581565406422,3.0296881420082067,0.3382813564375655,0.35931976441789776,0.5856465043260692,ETTh2,raw,8760,8856,raw:8760:5,mid,mid
6,0.9210327066764145,0.6529201733849808,0.39098675241513137,0.125,0.7896033215654009,3.0296881420082067,0.3382813564375655,0.6549798774921755,0.41762822600098887,ETTh2,raw,8760,8856,raw:8760:6,high,mid
0,0.3906379858724567,0.2282428559870286,0.47710845835155485,0.375,0.8099891635030501,3.6679343664327066,0.44465572699769157,0.3653297667370134,0.5432149635002472,ETTh2,raw,8808,8904,raw:8808:0,mid,mid
1,0.69693662922809,0.27320023797407794,0.12706611490273156,0.875,0.9061023495780614,3.6679343664327066,0.44465572699769157,0.3657343273682998,0.7419193588585843,ETTh2,raw,8808,8904,raw:8808:1,mid,high
2,0.5391073306155223,0.14962370213128204,0.6371701584056887,0.125,0.7353583162102147,3.6679343664327066,0.44465572699769157,0.44196706371749767,0.43500468106930207,ETTh2,raw,8808,8904,raw:8808:2,high,mid
3,0.646546272991433,0.17630248297240858,0.10728595092370856,0.75,0.8751880033701587,3.6679343664327066,0.44465572699769157,0.31004490229585,0.6899479101226168,ETTh2,raw,8808,8904,raw:8808:3,low,high
4,0.1924383471944876,0.2720389418685674,0.5029100640409535,1.0,0.7391269211843926,3.6679343664327066,0.44465572699769157,0.3224624510346695,0.7279275493940279,ETTh2,raw,8808,8904,raw:8808:4,low,high
5,0.9362406872616815,0.20338945428918814,0.228544341491417,0.75,0.8647645885234727,3.6679343664327066,0.44465572699769157,0.4560581610140955,0.6864734385070547,ETTh2,raw,8808,8904,raw:8808:5,high,high
6,0.39828273370918654,0.057882385614340844,0.5146039794295217,0.125,0.4610804019042122,3.6679343664327066,0.44465572699769157,0.3235896995843497,0.3435787096339679,ETTh2,raw,8808,8904,raw:8808:6,low,low
0,0.31646723991034786,0.11365007765346763,0.7245612154676128,0.25,0.7313029468089806,3.6917439869858666,0.4486239970832711,0.3848928443438094,0.4766423146307506,ETTh2,raw,8832,8928,raw:8832:0,mid,mid
1,0.2631862275206739,0.21407682729277408,0.6217514332855476,1.0,0.832989306117009,3.6917439869858666,0.4486239970832711,0.3663381626996652,0.7605377677334267,ETTh2,raw,8832,8928,raw:8832:1,mid,high
2,0.4302356861055422,0.12819844872662436,0.7045506416249585,0.25,0.6989281328016252,3.6917439869858666,0.4486239970832711,0.4209949254857084,0.4658507099616321,ETTh2,raw,8832,8928,raw:8832:2,mid,mid
3,0.27525141200472125,0.22028233208045803,0.45264071049021576,1.0,0.8711784589687741,3.6917439869858666,0.4486239970832711,0.31605815152513167,0.7732674853506817,ETTh2,raw,8832,8928,raw:8832:3,low,high
4,0.42794153122280776,0.31992025935981394,0.49938023313439084,1.0,0.7452048839120122,3.6917439869858666,0.4486239970832711,0.4157473412390042,0.7312762936650944,ETTh2,raw,8832,8928,raw:8832:4,mid,high
5,0.625662325050578,0.18479377160051466,0.40495813793817914,0.375,0.8089007603726196,3.6917439869858666,0.4486239970832711,0.40513807819642395,0.5441749191519635,ETTh2,raw,8832,8928,raw:8832:5,mid,mid
6,0.5293948308541906,0.06075737339144102,0.49216368270191224,0.375,0.48397384387324327,3.6917439869858666,0.4486239970832711,0.3607719623158479,0.4358659469855048,ETTh2,raw,8832,8928,raw:8832:6,mid,mid
0,0.35208435558867435,0.14637889130247356,0.7429107070117383,0.5,0.8741695348440672,3.2566758052352975,0.3761126335790285,0.41379131796762875,0.5834273894743652,ETTh2,raw,8880,8976,raw:8880:0,mid,mid
1,0.29055092796670356,0.3242754617079262,0.6365785475790916,1.0,0.9746907911013015,3.2566758052352975,0.3761126335790285,0.41713497908457375,0.78360114156011,ETTh2,raw,8880,8976,raw:8880:1,mid,high
2,0.39663980189413583,0.1897933717931402,0.7157857842696427,0.625,0.8630192797030024,3.2566758052352975,0.3761126335790285,0.4340729859856396,0.6213773044273437,ETTh2,raw,8880,8976,raw:8880:2,high,high
3,0.40533029810763244,0.34367646384180794,0.5295213373614299,1.0,0.9726842316067417,3.2566758052352975,0.3761126335790285,0.42617603310362345,0.7829322883952567,ETTh2,raw,8880,8976,raw:8880:3,high,high
4,0.12355542314898327,0.31192929434237215,0.4822934857397755,1.0,0.8213131500401968,3.2566758052352975,0.3761126335790285,0.3059260677437103,0.7324752612064084,ETTh2,raw,8880,8976,raw:8880:4,low,high
5,0.8677719169858431,0.23894289739373148,0.36886018647735713,0.625,0.8659756759664137,3.2566758052352975,0.3761126335790285,0.49185833361897724,0.6223627698484807,ETTh2,raw,8880,8976,raw:8880:5,high,high
6,0.4898976229463743,0.10032716029212152,0.22543205241312145,0.375,0.674573969136353,3.2566758052352975,0.3761126335790285,0.27188561188387245,0.4752288675717939,ETTh2,raw,8880,8976,raw:8880:6,low,mid
0,0.442405524741605,0.19273927227099294,0.4835477348092439,0.5,0.8517615364174443,3.0998052612926776,0.34996754296550037,0.37289751060728066,0.5672430264609817,ETTh2,raw,8904,9000,raw:8904:0,mid,mid
1,0.5754199730136784,0.25388859209230585,0.6381069043201584,0.625,0.9675969890544388,3.0998052612926776,0.34996754296550037,0.48913848980871427,0.6475215106733131,ETTh2,raw,8904,9000,raw:8904:1,high,high
2,0.46929639769358833,0.18769247091707153,0.3917553238537789,0.5,0.8694015035990116,3.0998052612926776,0.34996754296550037,0.34958139748814626,0.573123015521504,ETTh2,raw,8904,9000,raw:8904:2,mid,mid
3,0.08193381199382954,0.30900621028641145,0.45125692643328374,1.0,0.9740399642483916,3.0998052612926776,0.34996754296550037,0.2807323162378416,0.7746691690712973,ETTh2,raw,8904,9000,raw:8904:3,low,high
4,0.5385368911017729,0.2358925123914295,0.4925372611702699,1.0,0.851996133109475,3.0998052612926776,0.34996754296550037,0.4223222215544908,0.7339878920249917,ETTh2,raw,8904,9000,raw:8904:4,mid,high
5,0.45929469331824346,0.17907906929615622,0.2409732406387098,0.5,0.9262801133907568,3.0998052612926776,0.34996754296550037,0.29311566775103653,0.5920825521187524,ETTh2,raw,8904,9000,raw:8904:5,low,mid
6,0.6604864631584209,0.13960906819107188,0.12877243934026308,0.375,0.6344934638716291,3.0998052612926776,0.34996754296550037,0.30962265689658525,0.45315366894570985,ETTh2,raw,8904,9000,raw:8904:6,low,mid
0,0.32783961183489785,0.15272383342306572,0.44812643362438687,0.625,0.8832226111542704,3.2300373932221413,0.37167289825090205,0.3095632929607835,0.6266318364683908,ETTh2,raw,8928,9024,raw:8928:0,low,high
1,0.1973066895274619,0.12517763738994098,0.5074315654452362,0.875,0.9913703721015843,3.2300373932221413,0.37167289825090205,0.27663863078754636,0.7460144234508288,ETTh2,raw,8928,9024,raw:8928:1,low,high
2,0.3071996549946596,0.2410753872953937,0.5014277798040971,0.625,0.8708887094047899,3.2300373932221413,0.37167289825090205,0.34990094069805017,0.6225205358852307,ETTh2,raw,8928,9024,raw:8928:2,mid,high
3,0.16220932399544297,0.1516565905999832,0.5716141083322147,1.0,0.9483802864749303,3.2300373932221413,0.37167289825090205,0.29516000764254696,0.7733510615752773,ETTh2,raw,8928,9024,raw:8928:3,low,high
4,0.37886519276225583,0.11281983251058061,0.31929509138621326,1.0,0.8872883085782552,3.2300373932221413,0.37167289825090205,0.2703267055530166,0.7529870689430523,ETTh2,raw,8928,9024,raw:8928:4,low,high
5,0.650390619870443,0.1364903793804444,0.5233298923769597,0.5,0.9456728441328519,3.2300373932221413,0.37167289825090205,0.43673696387594907,0.605781914127918,ETTh2,raw,8928,9024,raw:8928:5,high,high
6,0.784197297054521,0.16111215839657922,0.40308803685612127,0.25,0.6302453575753029,3.2300373932221413,0.37167289825090205,0.4494658307690738,0.41730608527540164,ETTh2,raw,8928,9024,raw:8928:6,high,mid
0,0.5146549081290785,0.084347126375937,0.7764448120260738,0.625,0.7447020798870913,2.8284725211674204,0.304745419686661,0.4584822821770298,0.5581491665245841,ETTh2,raw,8976,9072,raw:8976:0,high,mid
1,0.19116259088858523,0.29027565669076444,0.5964988359081439,1.0,0.9189583020997505,2.8284725211674204,0.304745419686661,0.3593123611624978,0.7412345739288039,ETTh2,raw,8976,9072,raw:8976:1,mid,high
2,0.45854705267158613,0.0714312333141626,0.6759805005348534,0.5,0.6372941250405116,2.8284725211674204,0.304745419686661,0.401986262173534,0.48067984824239085,ETTh2,raw,8976,9072,raw:8976:2,mid,mid
3,0.3432967030965952,0.29972817438084454,0.45944579965368243,1.0,0.9619676377454132,2.8284725211674204,0.304745419686661,0.36749022571037404,0.7555710191440248,ETTh2,raw,8976,9072,raw:8976:3,mid,high
4,0.64985747027712,0.13398566559053587,0.11441532779854867,1.0,0.8721104893748222,2.8284725211674204,0.304745419686661,0.29941948788873485,0.7256186363538277,ETTh2,raw,8976,9072,raw:8976:4,low,high
5,0.9999999987350601,0.20293194215299423,0.18419448577576936,0.5,0.9427321651157149,2.8284725211674204,0.304745419686661,0.4623754755546079,0.5824925282674586,ETTh2,raw,8976,9072,raw:8976:5,high,mid
6,0.6403641670108582,0.017411124442405515,0.008743730412963911,0.25,0.545469314804048,2.8284725211674204,0.304745419686661,0.22217300728874256,0.3667382448302363,ETTh2,raw,8976,9072,raw:8976:6,low,low
0,0.3841256646665978,0.14572110656049692,0.8011645618824863,0.25,0.7418530642804637,2.8663961864060754,0.3110660305492359,0.4436704443698603,0.4343063649432332,ETTh2,raw,9000,9096,raw:9000:0,high,mid
1,0.13888017602134162,0.23261545879854467,0.39479183226190917,1.0,0.9076126331831735,2.8663961864060754,0.3110660305492359,0.2554291556939318,0.7395595545774697,ETTh2,raw,9000,9096,raw:9000:1,low,high
2,0.2819217772387481,0.08221481263483228,0.7568540315129532,0.25,0.641781591924562,2.8663961864060754,0.3110660305492359,0.3736635404621778,0.40094920749126595,ETTh2,raw,9000,9096,raw:9000:2,mid,low
3,0.44416087890267464,0.2190939233362561,0.36208371461790206,1.0,0.9226752162519773,2.8663961864060754,0.3110660305492359,0.34177950561894427,0.7445804156004044,ETTh2,raw,9000,9096,raw:9000:3,mid,high
4,0.5888567346049582,0.2542550748180792,0.15681774435449367,1.0,0.927143338120487,2.8663961864060754,0.3110660305492359,0.33330985125917706,0.7460697895565742,ETTh2,raw,9000,9096,raw:9000:4,mid,high
5,0.9999999991196493,0.1291212200029497,0.19277002535864704,0.25,0.8649361040805581,2.8663961864060754,0.3110660305492359,0.44063041482708204,0.47533404487659797,ETTh2,raw,9000,9096,raw:9000:5,high,mid
6,0.4882752175357217,0.029879056089116084,0.20201168938875025,0.25,0.3933916494240849,2.8663961864060754,0.3110660305492359,0.24005532100452934,0.3181525599911069,ETTh2,raw,9000,9096,raw:9000:6,low,low
0,0.2763728257047028,0.15300602447449443,0.6099056714221436,0.5,0.6710457211057702,2.729095057337483,0.28818250907594295,0.34642817386711355,0.486409410060571,ETTh2,raw,9048,9144,raw:9048:0,mid,mid
1,0.38941505098526885,0.3194768374933339,0.56653187806604,1.0,0.9061642598956242,2.729095057337483,0.28818250907594295,0.42514125551488097,0.7314489229905224,ETTh2,raw,9048,9144,raw:9048:1,high,high
2,0.27131333658269363,0.09769421878534301,0.5963627303264791,0.25,0.5787907551331822,2.729095057337483,0.28818250907594295,0.32179009523150526,0.3723244214030417,ETTh2,raw,9048,9144,raw:9048:2,low,low
3,0.5560445484738692,0.2018995249350113,0.593872179175309,1.0,0.9084452918750753,2.729095057337483,0.28818250907594295,0.45060541752806316,0.7322092669836727,ETTh2,raw,9048,9144,raw:9048:3,high,high
4,0.26283911010055094,0.1277172271609966,0.523196776935004,0.875,0.8854690893503016,2.729095057337483,0.28818250907594295,0.30458437139885053,0.6828838661420815,ETTh2,raw,9048,9144,raw:9048:4,low,high
5,0.9999999977127424,0.21088191295123201,0.7434133346451132,0.25,0.707164873013758,2.729095057337483,0.28818250907594295,0.6514317484363624,0.41511579402990034,ETTh2,raw,9048,9144,raw:9048:5,high,low
6,0.5636890371575388,0.04653460298293687,0.5839500183025657,0.25,0.3484659805842174,2.729095057337483,0.28818250907594295,0.39805788614768045,0.29554949655338675,ETTh2,raw,9048,9144,raw:9048:6,mid,low
0,0.29879335062312584,0.14282817357382868,0.5821578411080853,0.25,0.6585540404827716,3.1577908301497484,0.35963180442557174,0.34125978843501326,0.42272861496944775,ETTh2,raw,9072,9168,raw:9072:0,mid,mid
1,0.14943625305815078,0.2512374782998595,0.603997411942093,1.0,0.9344055425492582,3.1577908301497484,0.35963180442557174,0.3348903811000344,0.7646791156582767,ETTh2,raw,9072,9168,raw:9072:1,mid,high
2,0.13876833290469637,0.14287480393947688,0.5544752954300326,0.25,0.5844210337108819,3.1577908301497484,0.35963180442557174,0.278706144091402,0.39801761271215125,ETTh2,raw,9072,9168,raw:9072:2,low,low
3,0.21428178996200842,0.25302971334215046,0.7286827843202464,1.0,0.94713169716599,3.1577908301497484,0.35963180442557174,0.3986647625414684,0.7689211671971873,ETTh2,raw,9072,9168,raw:9072:3,mid,high
4,0.45857831439342944,0.31792866833473976,0.49696039044265555,0.875,0.887146153179844,3.1577908301497484,0.35963180442557174,0.4244891243902749,0.7072593192018052,ETTh2,raw,9072,9168,raw:9072:4,high,high
5,0.3489640441028792,0.09885541118320332,0.1839294598954315,0.25,0.6032101488265429,3.1577908301497484,0.35963180442557174,0.21058297172717133,0.4042806510840382,ETTh2,raw,9072,9168,raw:9072:5,low,low
6,0.3502549821960891,0.01491779527139637,0.5446017639055667,0.25,0.3250636637315253,3.1577908301497484,0.35963180442557174,0.30325818045768405,0.3115651560523657,ETTh2,raw,9072,9168,raw:9072:6,low,low
0,0.18906372093340962,0.1306306493532422,0.3217859648494004,0.375,0.7348289715429356,3.0628449465553342,0.34380749051954324,0.2138267783786841,0.48454548735415964,ETTh2,raw,9120,9216,raw:9120:0,low,mid
1,0.2206500294193321,0.181556305006879,0.47139311714331245,0.875,0.9661099119941274,3.0628449465553342,0.34380749051954324,0.29119981718984117,0.7283058008378903,ETTh2,raw,9120,9216,raw:9120:1,low,high
2,0.1757374173650389,0.1063712398647249,0.37183729681056477,0.25,0.6733302596564091,3.0628449465553342,0.34380749051954324,0.21798198468010951,0.4223792500586508,ETTh2,raw,9120,9216,raw:9120:2,low,mid
3,0.3387713801201566,0.20186563874383473,0.38822102638772993,0.875,0.9785647578643168,3.0628449465553342,0.34380749051954324,0.3096193484172404,0.7324574161279535,ETTh2,raw,9120,9216,raw:9120:3,low,high
4,0.5437192626796534,0.23783721303219502,0.39242595926593027,0.75,0.8893822576014143,3.0628449465553342,0.34380749051954324,0.39132747832592624,0.6610632493736525,ETTh2,raw,9120,9216,raw:9120:4,mid,high
5,0.9999999976158198,0.13187806819192102,0.14336703315372143,0.25,0.5519389068546111,3.0628449465553342,0.34380749051954324,0.4250816996538207,0.3819154657913848,ETTh2,raw,9120,9216,raw:9120:5,high,low
6,0.3432765903538777,0.006192740458922245,0.06622333136236418,0.25,0.3014802662410771,3.0628449465553342,0.34380749051954324,0.13856422072505473,0.2984292522535401,ETTh2,raw,9120,9216,raw:9120:6,low,low
0,0.4034699379424951,0.07262286276899335,0.45373331894539964,0.375,0.657174339049572,2.998199001408789,0.33303316634640956,0.30994203988562935,0.45506916846532713,ETTh2,raw,9144,9240,raw:9144:0,low,mid
1,0.5312420416635455,0.09651331172804317,0.5069134439088416,0.625,0.9410319582482823,2.998199001408789,0.33303316634640956,0.37822293243347677,0.6330217081982306,ETTh2,raw,9144,9240,raw:9144:1,mid,high
2,0.2665946818069189,0.040989440682206946,0.39158121807821533,0.5,0.6461042182861974,2.998199001408789,0.33303316634640956,0.2330551135224471,0.4930457948775356,ETTh2,raw,9144,9240,raw:9144:2,low,mid
3,0.34742876910129217,0.06161330669729443,0.4410786855066874,1.0,0.9680846467405652,2.998199001408789,0.33303316634640956,0.283373587101758,0.7670392710289916,ETTh2,raw,9144,9240,raw:9144:3,low,high
4,0.13795598952918908,0.1476989745262252,0.490298573991119,0.625,0.851903245108523,2.998199001408789,0.33303316634640956,0.2586511793488444,0.6033121371516441,ETTh2,raw,9144,9240,raw:9144:4,low,high
5,0.0,0.08834682240803272,0.3426256331778816,0.125,0.6470785039292235,2.998199001408789,0.33303316634640956,0.14365748519530477,0.3683705567585444,ETTh2,raw,9144,9240,raw:9144:5,low,low
6,0.08336066806756592,0.029426929773059447,0.23199913797984414,0.25,0.2866282959195556,2.998199001408789,0.33303316634640956,0.11492891194015649,0.28988715408865506,ETTh2,raw,9144,9240,raw:9144:6,low,low
0,0.06976385289944098,0.4073281722543877,0.4794815591458681,0.625,0.7628507060457251,3.1870282131042464,0.36450470157653325,0.31885786143323225,0.5841184692074195,ETTh2,raw,9168,9264,raw:9168:0,low,mid
1,0.4831638283063888,0.3733217809127518,0.29627257514236666,1.0,0.9388743837990828,3.1870282131042464,0.36450470157653325,0.38425272812050243,0.7677930284585388,ETTh2,raw,9168,9264,raw:9168:1,mid,high
2,0.1111564573069771,0.3845629909029075,0.4401928063347311,0.5,0.7572722165495981,3.1870282131042464,0.36450470157653325,0.3119707515148719,0.5405923060420438,ETTh2,raw,9168,9264,raw:9168:2,low,mid
3,0.2610649749012778,0.37158631580812984,0.34194333103384683,1.0,0.971562428491981,3.1870282131042464,0.36450470157653325,0.32486487391441815,0.7786890433561714,ETTh2,raw,9168,9264,raw:9168:3,mid,high
4,0.24361388574271192,0.1754716953090087,0.5327415235218755,0.375,0.7622385061169283,3.1870282131042464,0.36450470157653325,0.31727570152453205,0.5005810692311539,ETTh2,raw,9168,9264,raw:9168:4,low,mid
5,0.9999999991022402,0.14750869806330164,0.7074979063452524,0.25,0.5653015894218271,3.1870282131042464,0.36450470157653325,0.6183355345035981,0.39326876366612007,ETTh2,raw,9168,9264,raw:9168:5,high,low
6,0.28515435961733804,0.014156836456332077,0.30275224083511537,0.25,0.2710868792847154,3.1870282131042464,0.36450470157653325,0.2006878123029285,0.29519719362041624,ETTh2,raw,9168,9264,raw:9168:6,low,low
0,0.41584845377193846,0.3959163929837588,0.4577564636930779,0.5,0.7639619736653127,2.8219559168605386,0.30365931897065757,0.42317377014959173,0.5225404308786568,ETTh2,raw,9216,9312,raw:9216:0,high,mid
1,0.4031076006983738,0.32136229587965903,0.5129923445452448,1.0,0.7727686475861544,2.8219559168605386,0.30365931897065757,0.4124874137077592,0.6921426555189374,ETTh2,raw,9216,9312,raw:9216:1,mid,high
2,0.49335505136072944,0.31080787300770873,0.49401888469984606,0.375,0.7418298445326269,2.8219559168605386,0.30365931897065757,0.43272726968942804,0.4734963878344282,ETTh2,raw,9216,9312,raw:9216:2,high,mid
3,0.3293705987412484,0.2877857886315938,0.5469238971156354,0.875,0.7689630962750318,2.8219559168605386,0.30365931897065757,0.3880267614961592,0.6492074717485631,ETTh2,raw,9216,9312,raw:9216:3,mid,high
4,0.436731150300837,0.24050168088386173,0.5670813914396416,0.5,0.8490582676802553,2.8219559168605386,0.30365931897065757,0.4147714075414468,0.5509058622169709,ETTh2,raw,9216,9312,raw:9216:4,mid,mid
5,0.5340127936794786,0.16583584010256308,0.3591712456804561,0.375,0.7367968226778444,2.8219559168605386,0.30365931897065757,0.3530066264874993,0.47181871388283403,ETTh2,raw,9216,9312,raw:9216:5,mid,mid
6,0.22576553719529657,0.0038733461902009216,0.42715342269815393,0.25,0.24458952409641713,2.8219559168605386,0.30365931897065757,0.21893076869455044,0.2660829476890249,ETTh2,raw,9216,9312,raw:9216:6,low,low
0,0.4446632124015468,0.3539325217855266,0.5863723479489223,0.5,0.765117011455203,3.1182292898723722,0.3530382143903317,0.46165602737866523,0.5393850752818449,ETTh2,raw,9240,9336,raw:9240:0,high,mid
1,0.34301002950586845,0.3278588758150325,0.518192102749042,1.0,0.8229916117990247,3.1182292898723722,0.3530382143903317,0.3963536693566477,0.7253432753964523,ETTh2,raw,9240,9336,raw:9240:1,mid,high
2,0.3901333221013118,0.35825801863195117,0.5744138488950482,0.25,0.7506082729516208,3.1182292898723722,0.3530382143903317,0.44093506320943704,0.45121549578065084,ETTh2,raw,9240,9336,raw:9240:2,high,mid
3,0.14425528601533488,0.345946718809944,0.5087633413873636,1.0,0.837583977398053,3.1182292898723722,0.3530382143903317,0.33298844873754746,0.7302073972627948,ETTh2,raw,9240,9336,raw:9240:3,mid,high
4,0.27458887152199984,0.1641733854000042,0.4481660727717195,0.75,0.9018388773827671,3.1182292898723722,0.3530382143903317,0.29564277656457455,0.6682923639243663,ETTh2,raw,9240,9336,raw:9240:4,low,high
5,0.530584748057495,0.1589312707052769,0.4905940191146795,0.375,0.7840596877636827,3.1182292898723722,0.3530382143903317,0.3933700126258171,0.5040326340513381,ETTh2,raw,9240,9336,raw:9240:5,mid,mid
6,0.17619890365155477,0.0068242333959405,0.31144038001926805,0.25,0.24682672012098136,3.1182292898723722,0.3530382143903317,0.16482117235558777,0.28328831150377104,ETTh2,raw,9240,9336,raw:9240:6,low,low
0,0.20351871367390417,0.07338870364137806,0.5441948959468236,0.25,0.655399186913154,2.953742621113358,0.3256237696428534,0.2737007710873686,0.4103409855186691,ETTh2,raw,9288,9384,raw:9288:0,low,low
1,0.2999471932074962,0.15804473846869246,0.5500452091883716,1.0,0.808452978543803,2.953742621113358,0.3256237696428534,0.33601238028818675,0.7113589160622188,ETTh2,raw,9288,9384,raw:9288:1,mid,high
2,0.18054888860873763,0.048168912276264284,0.5288240428942046,0.25,0.5857344114769827,2.953742621113358,0.3256237696428534,0.2525139479264022,0.387119393706612,ETTh2,raw,9288,9384,raw:9288:2,low,low
3,0.16206449984736737,0.17448097144089764,0.5653146470698309,0.875,0.8458300994776706,2.953742621113358,0.3256237696428534,0.3006200394526986,0.6821512897068414,ETTh2,raw,9288,9384,raw:9288:3,low,high
4,0.3105145100665473,0.15764723588094215,0.5086719794492472,1.0,0.8777086273316883,2.953742621113358,0.3256237696428534,0.32561124179891227,0.7344441323248473,ETTh2,raw,9288,9384,raw:9288:4,mid,high
5,0.9052187387655135,0.15231180211419854,0.3923451273805224,0.5,0.7935827967216031,2.953742621113358,0.3256237696428534,0.4832918894200781,0.5397355221214856,ETTh2,raw,9288,9384,raw:9288:5,high,mid
6,0.21557104939771443,0.017982758073936723,0.2619299179242769,0.25,0.26985422317764424,2.953742621113358,0.3256237696428534,0.1651612417986427,0.2818259976068325,ETTh2,raw,9288,9384,raw:9288:6,low,low
0,0.2097668305149616,0.09741213725488054,0.5379923673388889,0.25,0.7242429706968571,2.940721668253494,0.32345361083649293,0.281723778369577,0.43256552717778335,ETTh2,raw,9312,9408,raw:9312:0,low,mid
1,0.10828104182929654,0.1256517036724809,0.478164886904064,1.0,0.9196959519185206,2.940721668253494,0.32345361083649293,0.23736587746861382,0.7477165209183378,ETTh2,raw,9312,9408,raw:9312:1,low,high
2,0.12469584582531323,0.0583208091840251,0.46691682880850066,0.25,0.611730689341679,2.940721668253494,0.32345361083649293,0.21664449460594634,0.395061433392724,ETTh2,raw,9312,9408,raw:9312:2,low,low
3,0.34422489241164644,0.1418451692815237,0.4712589948943905,0.75,0.8799211172825038,2.940721668253494,0.32345361083649293,0.3191096855291869,0.6511249093729988,ETTh2,raw,9312,9408,raw:9312:3,low,high
4,0.3760835493869924,0.1479895544380275,0.42841556972780465,1.0,0.8798948103412735,2.940721668253494,0.32345361083649293,0.3174962245176082,0.7344494737259222,ETTh2,raw,9312,9408,raw:9312:4,low,high
5,0.7331122976403512,0.09468143629004366,0.5618636204430696,0.375,0.7092286668734508,2.940721668253494,0.32345361083649293,0.4632191181244882,0.4692274259033145,ETTh2,raw,9312,9408,raw:9312:5,high,mid
6,0.3467491432412234,0.01451187020173561,0.3132073014133568,0.25,0.29355073712950325,2.940721668253494,0.32345361083649293,0.22482277161877193,0.2890014493219987,ETTh2,raw,9312,9408,raw:9312:6,low,low
0,0.22231597902974054,0.03692469976775768,0.3772942482950083,0.25,0.7088871837112058,2.974002316224017,0.3290003854890022,0.21217830903083548,0.42929585640006934,ETTh2,raw,9336,9432,raw:9336:0,low,mid
1,0.555212800444022,0.10833042719686001,0.3395314374924337,1.0,0.8759626345538969,2.974002316224017,0.3290003854890022,0.33435822171110524,0.734987673347633,ETTh2,raw,9336,9432,raw:9336:1,mid,high
2,0.04045947896627855,0.04440034568793144,0.4689240532462274,0.25,0.593090586459385,2.974002316224017,0.3290003854890022,0.18459462596681245,0.3906969906494624,ETTh2,raw,9336,9432,raw:9336:2,low,low
3,0.5036769507626162,0.17403745236604098,0.3838687084988703,1.0,0.8229831486425093,2.974002316224017,0.3290003854890022,0.3538610372091758,0.7173278447105038,ETTh2,raw,9336,9432,raw:9336:3,mid,high
4,0.2061373093549096,0.21961256350333025,0.5712657310365399,0.75,0.8697352861433758,2.974002316224017,0.3290003854890022,0.33233853463159324,0.6495785572107927,ETTh2,raw,9336,9432,raw:9336:4,mid,high
5,0.8133792406882572,0.10909881820104747,0.4545336106098852,0.375,0.7539696282260969,2.974002316224017,0.3290003854890022,0.4590038898330633,0.4859900045716998,ETTh2,raw,9336,9432,raw:9336:5,high,mid
6,0.1505174969718508,0.02217898461076575,0.5664029506480193,0.25,0.3234707886162988,2.974002316224017,0.3290003854890022,0.24636647741021192,0.30082372470176705,ETTh2,raw,9336,9432,raw:9336:6,low,low
0,0.4678426768883953,0.3583794893465504,0.2839994573507988,0.875,0.8814758820603938,3.055712305132112,0.34261871695098745,0.3700738745285815,0.6996981996704604,ETTh2,raw,9384,9480,raw:9384:0,mid,high
1,0.3813708585661716,0.19022966374739553,0.4099510158997989,1.0,0.8632945109701435,3.055712305132112,0.34261871695098745,0.327183846071122,0.7353044093070437,ETTh2,raw,9384,9480,raw:9384:1,mid,high
2,0.3937988219708016,0.38200630965450677,0.33756676315417916,0.25,0.8588563357114911,3.055712305132112,0.34261871695098745,0.37112396492649585,0.4838250175541596,ETTh2,raw,9384,9480,raw:9384:2,mid,mid
3,0.5801709708756233,0.20074326155856737,0.43427166594635386,1.0,0.8373454171371338,3.055712305132112,0.34261871695098745,0.4050619661268482,0.726654711362707,ETTh2,raw,9384,9480,raw:9384:3,mid,high
4,0.38558370882833803,0.1943586874096272,0.46807651032569114,0.375,0.7989121741366096,3.055712305132112,0.34261871695098745,0.3493396355212188,0.505510297029199,ETTh2,raw,9384,9480,raw:9384:4,mid,mid
5,0.6320236616121884,0.16931581046979768,0.4703339915908064,0.125,0.7060431053348227,3.055712305132112,0.34261871695098745,0.42389115455759746,0.3912206074286034,ETTh2,raw,9384,9480,raw:9384:5,high,low
6,0.6300565196906218,0.1384451327066847,0.04541313879913313,0.25,0.5548006255476574,3.055712305132112,0.34261871695098745,0.2713049303988132,0.38247311416621493,ETTh2,raw,9384,9480,raw:9384:6,low,low
0,0.99999999924684,0.14797798347847307,0.16796236313095636,0.75,0.8778141480367454,0.9999999900000252,0.0,0.43864678195208984,0.5426047160122485,ETTh2,raw,9408,9504,raw:9408:0,high,mid
1,0.9716241865313382,0.20393792398374305,0.35035644063856847,1.0,0.8898870180257994,0.9999999900000252,0.0,0.5086395170512166,0.6299623393419331,ETTh2,raw,9408,9504,raw:9408:1,high,high
2,0.9975224973385031,0.21938542734018002,0.2306442736788882,0.5,0.8701720846617623,0.9999999900000252,0.0,0.4825173994525238,0.4567240282205874,ETTh2,raw,9408,9504,raw:9408:2,high,mid
3,0.9950366469617327,0.19331234462273542,0.284719967737211,1.0,0.8468140509339689,0.9999999900000252,0.0,0.4910229864405597,0.6156046836446563,ETTh2,raw,9408,9504,raw:9408:3,high,high
4,0.9746900803915775,0.1579668906182521,0.33783722698816177,1.0,0.835727744305339,0.9999999900000252,0.0,0.4901647326659971,0.6119092481017797,ETTh2,raw,9408,9504,raw:9408:4,high,high
5,0.999999997532048,0.2060535363566146,0.2105750876833281,0.25,0.8564893686731104,0.9999999900000252,0.0,0.47220954052399694,0.3688297895577035,ETTh2,raw,9408,9504,raw:9408:5,high,low
6,0.9999999995775077,0.3015940690641025,0.02986671668212954,0.25,0.5155899239219494,0.9999999900000252,0.0,0.44382026177457995,0.25519664130731645,ETTh2,raw,9408,9504,raw:9408:6,high,low
0,0.9999999991822388,0.161878102581184,0.4626348500139667,0.625,0.8318024077612534,3.6050948904384934,0.43418248101611145,0.5415043172591298,0.6303282962591216,ETTh2,raw,9456,9552,raw:9456:0,high,high
1,0.9850048427375374,0.17589204727490648,0.4843564689685226,0.75,0.8106325356065359,3.6050948904384934,0.43418248101611145,0.5484177863269889,0.6649383388742158,ETTh2,raw,9456,9552,raw:9456:1,high,high
2,0.9935066018671223,0.18877743008088219,0.4970557385678013,0.25,0.7538346349877606,3.6050948904384934,0.43418248101611145,0.5597799235052685,0.4793390386679573,ETTh2,raw,9456,9552,raw:9456:2,high,mid
3,0.983027324105332,0.3283877319119526,0.4999999998328308,1.0,0.864557253370959,3.6050948904384934,0.43418248101611145,0.6038050186167051,0.7662465781290235,ETTh2,raw,9456,9552,raw:9456:3,high,high
4,0.9844938694219302,0.3302500549283256,0.4907197134925929,1.0,0.8783583268138578,3.6050948904384934,0.43418248101611145,0.6018212126142829,0.7708469359433231,ETTh2,raw,9456,9552,raw:9456:4,high,high
5,0.9999999998342866,0.537195292566949,0.4344017870142256,0.375,0.9631432826134104,3.6050948904384934,0.43418248101611145,0.6571990264718204,0.590775254543174,ETTh2,raw,9456,9552,raw:9456:5,high,mid
6,0.9999999983876169,0.40107093541684247,0.49999999859723826,0.375,0.8376796686077955,3.6050948904384934,0.43418248101611145,0.6336903108005659,0.5489540498746356,ETTh2,raw,9456,9552,raw:9456:6,high,mid
0,0.9815151026574964,0.23059760374408764,0.25886245805037844,0.625,0.9147930561699199,2.9869824410512895,0.33116373962327533,0.4903250548173208,0.6236522652643984,ETTh2,raw,9480,9576,raw:9480:0,high,high
1,0.9900227651551531,0.33297564755778397,0.231684953599943,1.0,0.9538346955027112,2.9869824410512895,0.33116373962327533,0.51822778877096,0.7616661450419954,ETTh2,raw,9480,9576,raw:9480:1,high,high
2,0.9857072448926659,0.1336578310718708,0.43787785361126036,0.5,0.7623803881025193,2.9869824410512895,0.33116373962327533,0.5190809765252656,0.5311813759085983,ETTh2,raw,9480,9576,raw:9480:2,high,mid
3,0.9917348787120439,0.15016421182795786,0.5743510907862349,1.0,0.9408095464607522,2.9869824410512895,0.33116373962327533,0.5720833937754123,0.7573244286946759,ETTh2,raw,9480,9576,raw:9480:3,high,high
4,0.9653426161405783,0.10454913151450784,0.35464426938808663,1.0,0.9348085782379085,2.9869824410512895,0.33116373962327533,0.4748453390143909,0.7553241059537279,ETTh2,raw,9480,9576,raw:9480:4,high,high
5,0.9999999994337582,0.19400499411117544,0.1400409854766737,1.0,0.9905507826154117,2.9869824410512895,0.33116373962327533,0.4446819930072024,0.773904840746229,ETTh2,raw,9480,9576,raw:9480:5,high,high
6,0.9999999986334694,0.2932554428284806,0.4095034180641624,0.125,0.7495419421029045,2.9869824410512895,0.33116373962327533,0.5675862865087041,0.4019018939087266,ETTh2,raw,9480,9576,raw:9480:6,high,low
0,0.6405789692254404,0.32500854830206627,0.50766202372126,0.375,0.8784984725469829,3.063191135840474,0.34386518873363703,0.4910831804162556,0.5324545537602067,ETTh2,raw,9504,9600,raw:9504:0,high,mid
1,0.4443969692686909,0.2217806390794697,0.47021967353692157,0.75,0.9253854092552052,3.063191135840474,0.34386518873363703,0.37879909396169403,0.6730835326629473,ETTh2,raw,9504,9600,raw:9504:1,mid,high
2,0.6937911951245623,0.11320801269902842,0.5107383134132,0.25,0.8130390195743606,3.063191135840474,0.34386518873363703,0.4392458404122636,0.4689680694359992,ETTh2,raw,9504,9600,raw:9504:2,high,mid
3,0.515878562848656,0.14446186333003364,0.4711685695031259,1.0,0.9503994389284214,3.063191135840474,0.34386518873363703,0.3771696652272718,0.7647548758873528,ETTh2,raw,9504,9600,raw:9504:3,mid,high
4,0.30575104631418915,0.22609821993301812,0.4464232218410198,1.0,0.9419144626330413,3.063191135840474,0.34386518873363703,0.32609082936274236,0.7619265504555596,ETTh2,raw,9504,9600,raw:9504:4,mid,high
5,0.1303312187586193,0.2492923992742636,0.24946152614702247,0.625,0.927163418422905,3.063191135840474,0.34386518873363703,0.20969504805996844,0.6320095357188473,ETTh2,raw,9504,9600,raw:9504:5,low,high
6,0.5965053157599545,0.6444898035045156,0.6142002419592762,0.25,0.7349432262368872,3.063191135840474,0.34386518873363703,0.6183984537412488,0.44293613832350803,ETTh2,raw,9504,9600,raw:9504:6,high,mid
0,0.3924145353983709,0.08249241689967868,0.8080675591043016,0.375,0.7416791923529539,2.343749886738787,0.22395831408320066,0.4276581704674504,0.44687916881205153,ETTh2,raw,9552,9648,raw:9552:0,high,mid
1,0.45237199103884296,0.22384423216917443,0.7230683664317235,0.875,0.9335142141732213,2.343749886738787,0.22395831408320066,0.46642819654658024,0.6774908427521407,ETTh2,raw,9552,9648,raw:9552:1,high,high
2,0.4221563597703112,0.06969897490551695,0.7940036000836282,0.25,0.6994807967175143,2.343749886738787,0.22395831408320066,0.4286196449198188,0.39114637026690496,ETTh2,raw,9552,9648,raw:9552:2,high,low
3,0.27107469237130943,0.16747971577253706,0.7005592902233462,0.875,0.888492456372669,2.343749886738787,0.22395831408320066,0.3797045661223975,0.6624835901519566,ETTh2,raw,9552,9648,raw:9552:3,mid,high
4,0.28592174060314035,0.14255023239820103,0.3168168158161173,1.0,0.9111511345207424,2.343749886738787,0.22395831408320066,0.2484295962724862,0.7117031495346477,ETTh2,raw,9552,9648,raw:9552:4,low,high
5,0.2588862537025689,0.3751394655925746,0.3363828812157018,1.0,0.9411045948699646,2.343749886738787,0.22395831408320066,0.3234695335036151,0.7216876363177217,ETTh2,raw,9552,9648,raw:9552:5,low,high
6,0.4735923960679559,0.02065844934364748,0.7264790670560808,0.25,0.3927094223879325,2.343749886738787,0.22395831408320066,0.40690997082256136,0.2888892454903777,ETTh2,raw,9552,9648,raw:9552:6,mid,low
0,0.1887764360550288,0.05730430628343637,0.5277106923053027,0.25,0.6678304760199624,2.396265081893028,0.23271084659431993,0.25793047821458925,0.38351377420476074,ETTh2,raw,9576,9672,raw:9576:0,low,low
1,0.11465643469825681,0.2182752725908162,0.5070643410639579,0.875,0.89062326524385,2.396265081893028,0.23271084659431993,0.27999868278434364,0.6661113706127234,ETTh2,raw,9576,9672,raw:9576:1,low,high
2,0.31706474638467996,0.07950576414339938,0.46736887120811077,0.25,0.6265244955301558,2.396265081893028,0.23271084659431993,0.28797979391206335,0.36974511404149185,ETTh2,raw,9576,9672,raw:9576:2,low,low
3,0.26124958246761576,0.28027732892091484,0.5173349994738141,1.0,0.85255550698122,2.396265081893028,0.23271084659431993,0.35295397028744824,0.69508878452518,ETTh2,raw,9576,9672,raw:9576:3,mid,high
4,0.3479795036054407,0.24847750355343703,0.5023921074615725,1.0,0.8657937182490485,2.396265081893028,0.23271084659431993,0.36628303820681674,0.6995015216144561,ETTh2,raw,9576,9672,raw:9576:4,mid,high
5,0.36350374511148575,0.16038630729929834,0.43365790031956714,0.625,0.8405735222535293,2.396265081893028,0.23271084659431993,0.31918265091011705,0.5660947896159497,ETTh2,raw,9576,9672,raw:9576:5,low,mid
6,0.3230022443213071,0.027315183168058893,0.266327071686368,0.25,0.31879986397859067,2.396265081893028,0.23271084659431993,0.20554816639191134,0.2671702368576369,ETTh2,raw,9576,9672,raw:9576:6,low,low
0,0.8625063537909787,0.13830284866642853,0.2691915426065145,0.25,0.855688343326461,3.0501193636520085,0.3416865600391905,0.42333358168797397,0.48245830112188387,ETTh2,raw,9624,9720,raw:9624:0,high,mid
1,0.6162829992369672,0.26018472898201533,0.46352342390096946,1.0,0.9675869894009455,3.0501193636520085,0.3416865600391905,0.4466637173733174,0.7697578498133787,ETTh2,raw,9624,9720,raw:9624:1,high,high
2,0.8607637453571957,0.13105570710260767,0.22154230201162023,0.25,0.8054448045477497,3.0501193636520085,0.3416865600391905,0.4044539181571412,0.46571045486231344,ETTh2,raw,9624,9720,raw:9624:2,mid,mid
3,0.5773223018421179,0.24747666454871187,0.4293456840155846,1.0,0.9274085747992394,3.0501193636520085,0.3416865600391905,0.41804821680213805,0.7563650449461434,ETTh2,raw,9624,9720,raw:9624:3,mid,high
4,0.41701848878782277,0.22868976101007626,0.582079325380377,1.0,0.8524822999668153,3.0501193636520085,0.3416865600391905,0.4092625250594253,0.7313896200020019,ETTh2,raw,9624,9720,raw:9624:4,mid,high
5,0.6335545183132525,0.25453010223504136,0.5380895294630333,1.0,0.8552414314349767,3.0501193636520085,0.3416865600391905,0.47539138333710906,0.7323093304913891,ETTh2,raw,9624,9720,raw:9624:5,high,high
6,0.7648376668614492,0.4160032188147389,0.25453100574549703,0.125,0.7048244316196681,3.0501193636520085,0.3416865600391905,0.4784572971405617,0.3905036638862862,ETTh2,raw,9624,9720,raw:9624:6,high,low
0,0.33030465643951945,0.11887312441706033,0.12673873511458203,0.375,0.8186408257664742,3.143619029244097,0.3572698376118998,0.19197217199038727,0.5169702211261247,ETTh2,raw,9648,9744,raw:9648:0,low,mid
1,0.32996883730753934,0.12041150206865908,0.41907644682196954,1.0,0.9858240954734732,3.143619029244097,0.3572698376118998,0.28981892873272264,0.7810313110284577,ETTh2,raw,9648,9744,raw:9648:1,low,high
2,0.31021917598092286,0.09279081144014686,0.13835294159885123,0.125,0.7584513155799408,3.143619029244097,0.3572698376118998,0.180454309673307,0.4135737177306136,ETTh2,raw,9648,9744,raw:9648:2,low,low
3,0.23625449784879438,0.1423179470776497,0.49909936981437475,1.0,0.9567644519069788,3.143619029244097,0.3572698376118998,0.29255727158027295,0.7713447631729595,ETTh2,raw,9648,9744,raw:9648:3,low,high
4,0.26496563813594665,0.1933095550654829,0.4904185851953162,1.0,0.8509649929196498,3.143619029244097,0.3572698376118998,0.3162312594655819,0.73607827684385,ETTh2,raw,9648,9744,raw:9648:4,low,high
5,0.5292299059334946,0.17012807046654105,0.49707685882412667,1.0,0.8747789713294026,3.143619029244097,0.3572698376118998,0.3988116117413874,0.7440162696471009,ETTh2,raw,9648,9744,raw:9648:5,mid,high
6,0.5850678072134039,0.35288319865399953,0.1434710872134648,0.125,0.5813925418170228,3.143619029244097,0.3572698376118998,0.3604740310269561,0.3545541264763075,ETTh2,raw,9648,9744,raw:9648:6,mid,low
0,0.488053600843965,0.13280627073503695,0.8568521108702358,0.375,0.8674910884744423,3.0611391998660316,0.34352319940513326,0.4925706608164126,0.5286714292931919,ETTh2,raw,9696,9792,raw:9696:0,high,mid
1,0.41682689980394205,0.1665427027409517,0.5268142448875354,0.875,0.9768768744312285,3.0611391998660316,0.34352319940513326,0.37006128247747644,0.7318000246121206,ETTh2,raw,9696,9792,raw:9696:1,mid,high
2,0.3983001091352336,0.21537907896151526,0.9413319611007922,0.125,0.8595325665435827,3.0611391998660316,0.34352319940513326,0.5183370497325137,0.44268525531623865,ETTh2,raw,9696,9792,raw:9696:2,high,mid
3,0.20137068811312075,0.16716837988717625,0.6636960245720291,1.0,0.9784079886776506,3.0611391998660316,0.34352319940513326,0.3440783641907754,0.7739770626942613,ETTh2,raw,9696,9792,raw:9696:3,mid,high
4,0.5781828874041288,0.4544286229259953,0.4047217405469282,0.875,0.9256348020178558,3.0611391998660316,0.34352319940513326,0.47911108362568405,0.714719333807663,ETTh2,raw,9696,9792,raw:9696:4,high,high
5,0.999999999636635,0.44050914791495793,0.478442656541674,0.375,0.7783210726704095,3.0611391998660316,0.34352319940513326,0.6396506013644223,0.4989480906918476,ETTh2,raw,9696,9792,raw:9696:5,high,mid
6,0.3105419064083669,0.4274048085549543,0.21934849065947412,0.25,0.6475405381991218,3.0611391998660316,0.34352319940513326,0.31909840187426514,0.4136879125347517,ETTh2,raw,9696,9792,raw:9696:6,low,low
0,0.3498649653006749,0.18340684623452252,0.7679806513493005,0.375,0.8452247647804884,0.9999999900000133,0.0,0.4337508209614993,0.40674158826016277,ETTh2,raw,9720,9816,raw:9720:0,high,low
1,0.28075065740242167,0.1609278722444334,0.6221941219109056,1.0,0.9885950834798006,0.9999999900000133,0.0,0.3546242171859202,0.6628650278266002,ETTh2,raw,9720,9816,raw:9720:1,mid,high
2,0.8120494223733451,0.1701678179505759,0.41567941890380233,0.25,0.7847358503129489,0.9999999900000133,0.0,0.46596555307590776,0.3449119501043163,ETTh2,raw,9720,9816,raw:9720:2,high,low
3,0.44018263561091686,0.32126237225596976,0.6487551660496002,0.625,0.9776441532166171,0.9999999900000133,0.0,0.47006672463882887,0.5342147177388724,ETTh2,raw,9720,9816,raw:9720:3,high,mid
4,0.8591317175072595,0.12784242137980995,0.633863043482492,0.375,0.9195705700843385,0.9999999900000133,0.0,0.5402790607898539,0.4315235233614462,ETTh2,raw,9720,9816,raw:9720:4,high,mid
5,0.9999999974394056,0.23772286348440225,0.0,0.5,0.7526281617927211,0.9999999900000133,0.0,0.4125742869746026,0.4175427205975737,ETTh2,raw,9720,9816,raw:9720:5,mid,mid
6,0.7752905913997621,0.501066539116573,0.02802359994580331,0.125,0.7032105827010515,0.9999999900000133,0.0,0.4347935768207128,0.27607019423368384,ETTh2,raw,9720,9816,raw:9720:6,high,low
0,0.718176109862287,0.14433677744275028,0.29283133268458955,0.5,0.7949499425862233,0.9999999900000102,0.0,0.3851147399965423,0.4316499808620744,ETTh2,raw,9744,9840,raw:9744:0,mid,mid
1,0.4579718113705682,0.20589015393874333,0.6521575595655513,0.75,0.9174682893218767,0.9999999900000102,0.0,0.43867317495828767,0.5558227631072922,ETTh2,raw,9744,9840,raw:9744:1,high,mid
2,0.34147957253843897,0.25634388273522435,0.4311577139448422,0.375,0.8163151318912235,0.9999999900000102,0.0,0.3429937230728352,0.3971050439637412,ETTh2,raw,9744,9840,raw:9744:2,mid,low
3,0.5169683783993038,0.18300263107322964,0.3911781792241566,1.0,0.9398244798745278,0.9999999900000102,0.0,0.36371639623223,0.646608159958176,ETTh2,raw,9744,9840,raw:9744:3,mid,high
4,0.8030960991870958,0.12108104330582387,0.024730069241277023,0.25,0.889623233354454,0.9999999900000102,0.0,0.3163024039113989,0.37987441111815134,ETTh2,raw,9744,9840,raw:9744:4,low,low
5,0.0,0.3503231561515914,0.0,0.25,0.7543831856396591,0.9999999900000102,0.0,0.1167743853838638,0.3347943952132197,ETTh2,raw,9744,9840,raw:9744:5,low,low
6,0.7687488190871621,0.3355626951272124,0.16955232121560684,0.125,0.7420474714250409,0.9999999900000102,0.0,0.4246212784766605,0.28901582380834695,ETTh2,raw,9744,9840,raw:9744:6,high,low
0,0.24282816268827467,0.13937272618345012,0.5684319843704525,0.625,0.822861198028665,0.9999999900000206,0.0,0.3168776244140591,0.48262039934288836,ETTh2,raw,9792,9888,raw:9792:0,low,mid
1,0.42741375397314596,0.2574090971016779,0.573995140626967,1.0,0.9724506399736544,0.9999999900000206,0.0,0.41960599723393033,0.6574835466578848,ETTh2,raw,9792,9888,raw:9792:1,mid,high
2,0.12548735787207355,0.11237291879435019,0.4669189330878404,0.625,0.7609037426942941,0.9999999900000206,0.0,0.23492640325142136,0.4619679142314313,ETTh2,raw,9792,9888,raw:9792:2,low,mid
3,0.4466306595109918,0.2416356541514418,0.43581604094702137,1.0,0.9358486852324932,0.9999999900000206,0.0,0.3746941182031516,0.6452828950774977,ETTh2,raw,9792,9888,raw:9792:3,mid,high
4,0.5773153204685488,0.19320001238515067,0.5828000160177135,0.375,0.7708750154254685,0.9999999900000206,0.0,0.45110511629047095,0.3819583384751562,ETTh2,raw,9792,9888,raw:9792:4,high,low
5,0.9999999999541335,0.30823395234962836,0.5,0.5,0.9359091197639725,0.9999999900000206,0.0,0.6027446507679206,0.4786363732546575,ETTh2,raw,9792,9888,raw:9792:5,high,mid
6,0.493204407067912,0.15587894119678944,0.5251723029808578,0.25,0.7561439413770611,0.9999999900000206,0.0,0.3914185504151864,0.33538131379235364,ETTh2,raw,9792,9888,raw:9792:6,mid,low
0,0.18975349651396445,0.16038429980667157,0.6123106745161483,0.5,0.904890674449622,3.164776061999141,0.36079600973186354,0.3208161569455948,0.5885622280604951,ETTh2,raw,9816,9912,raw:9816:0,low,mid
1,0.11465514940581634,0.16795134498745518,0.49461289284116866,1.0,0.9260054784304966,3.164776061999141,0.36079600973186354,0.2590731290781467,0.7622671627207867,ETTh2,raw,9816,9912,raw:9816:1,low,high
2,0.16130460744582464,0.10606076550180245,0.5852498907932367,0.5,0.8333171825644455,3.164776061999141,0.36079600973186354,0.28420508791362126,0.564704397432103,ETTh2,raw,9816,9912,raw:9816:2,low,mid
3,0.4103796009384848,0.14170763323470198,0.6614671624119973,1.0,0.9305630546370846,3.164776061999141,0.36079600973186354,0.40451813219506133,0.7637863547896493,ETTh2,raw,9816,9912,raw:9816:3,mid,high
4,0.510796363412433,0.17987929545838455,0.24211249602164153,0.375,0.8229503825413951,3.164776061999141,0.36079600973186354,0.310929384964153,0.5195821307577528,ETTh2,raw,9816,9912,raw:9816:4,low,mid
5,0.768426987654564,0.27298837620458727,0.7677528208800299,0.5,0.872696800488138,3.164776061999141,0.36079600973186354,0.603056061579727,0.5778309367400004,ETTh2,raw,9816,9912,raw:9816:5,high,mid
6,0.33121919061268623,0.09752779529907454,0.4247628556932974,0.25,0.6252923376439148,3.164776061999141,0.36079600973186354,0.2845032805350194,0.41202944912525946,ETTh2,raw,9816,9912,raw:9816:6,low,low
0,0.3870853520054339,0.15574873167451125,0.8484578410971856,0.25,0.7127511435407015,3.1773884294957186,0.36289807097778964,0.46376397492571025,0.4418830715061637,ETTh2,raw,9864,9960,raw:9864:0,high,mid
1,0.5053344170291907,0.22097708340968114,0.6267773439829153,1.0,0.8723327606818192,3.1773884294957186,0.36289807097778964,0.4510296148072624,0.7450769438865362,ETTh2,raw,9864,9960,raw:9864:1,high,high
2,0.4598877845638123,0.12379908377971369,0.7235980969609005,0.25,0.635124240822524,3.1773884294957186,0.36289807097778964,0.4357616551014755,0.41600743726677125,ETTh2,raw,9864,9960,raw:9864:2,high,low
3,0.6367398216032707,0.1837446074872991,0.6905228365181605,1.0,0.8227590408234403,3.1773884294957186,0.36289807097778964,0.5036690885362435,0.72855237060041,ETTh2,raw,9864,9960,raw:9864:3,high,high
4,0.021687953615032396,0.2267878878352587,0.26599927536378465,0.875,0.8780641003136251,3.1773884294957186,0.36289807097778964,0.17149170560469193,0.705320723763805,ETTh2,raw,9864,9960,raw:9864:4,low,high
5,0.9999999991920604,0.21828395952382063,0.06837439954675995,0.375,0.834215483603815,3.1773884294957186,0.36289807097778964,0.42888611942088034,0.5240378515272016,ETTh2,raw,9864,9960,raw:9864:5,high,mid
6,0.37904683197955613,0.056469178206688495,0.7096421357642727,0.25,0.6176343233993685,3.1773884294957186,0.36289807097778964,0.3817193819835058,0.4101774647923861,ETTh2,raw,9864,9960,raw:9864:6,mid,low
0,0.46912996842831267,0.32022564345158977,0.35939811353064005,0.125,0.7525174696194918,2.314033873234776,0.2190056451741199,0.3829179084701808,0.36550770493120394,ETTh2,raw,9888,9984,raw:9888:0,mid,low
1,0.6984389093870934,0.3604238738195657,0.5935123797863316,0.375,0.9011524470685516,2.314033873234776,0.2190056451741199,0.5507917209976636,0.4983860307475572,ETTh2,raw,9888,9984,raw:9888:1,high,mid
2,0.4436289833004702,0.27046025487822284,0.24192529940788934,0.125,0.7168213811764542,2.314033873234776,0.2190056451741199,0.3186715125288608,0.3536090087835247,ETTh2,raw,9888,9984,raw:9888:2,low,low
3,0.6135610376310505,0.3590028838062086,0.5657384645376443,0.375,0.8963298190505965,2.314033873234776,0.2190056451741199,0.5127674619916345,0.4967784880749055,ETTh2,raw,9888,9984,raw:9888:3,high,mid
4,0.16169269008898213,0.1416823256445674,0.5203637615751052,0.625,0.8887759545716556,2.314033873234776,0.2190056451741199,0.27457959243621827,0.5775938665819251,ETTh2,raw,9888,9984,raw:9888:4,low,mid
5,0.9999999972335247,0.18595794093964585,0.9999999948522474,0.25,0.8651511294527923,2.314033873234776,0.2190056451741199,0.728652644341806,0.44471892487563736,ETTh2,raw,9888,9984,raw:9888:5,high,mid
6,0.3507264206446892,0.12429040202293991,0.0068979818047125874,0.25,0.5315058082300959,2.314033873234776,0.2190056451741199,0.16063826815744722,0.3335038178014053,ETTh2,raw,9888,9984,raw:9888:6,low,low
0,0.8670804337397715,0.17557905091181758,0.28154628565654616,0.25,0.7853758961243567,2.789028685736253,0.29817144712575644,0.44140192343604506,0.44451578108337103,ETTh2,raw,9912,10008,raw:9912:0,high,mid
1,0.8743130511275453,0.18318947165324106,0.33279516604005005,0.75,0.9610559821823549,2.789028685736253,0.29817144712575644,0.46343256294027885,0.6697424764360371,ETTh2,raw,9912,10008,raw:9912:1,high,high
2,0.8333782100938563,0.1516787401337905,0.18634606483593125,0.25,0.70631631146985,2.789028685736253,0.29817144712575644,0.3904676716878593,0.41816258619853547,ETTh2,raw,9912,10008,raw:9912:2,mid,mid
3,0.822426981420305,0.20776552941744858,0.345937543948569,0.5,0.9105334786209296,2.789028685736253,0.29817144712575644,0.45871001826210756,0.5695683085822286,ETTh2,raw,9912,10008,raw:9912:3,high,mid
4,0.1728286585835116,0.2565404850824334,0.4636382852930839,0.625,0.9022142274620678,2.789028685736253,0.29817144712575644,0.29766914298634295,0.6084618915292747,ETTh2,raw,9912,10008,raw:9912:4,low,high
5,0.9999999972687105,0.29938468668916174,0.2662805413959887,0.125,0.8786810324381393,2.789028685736253,0.29817144712575644,0.521888408451287,0.43395082652129857,ETTh2,raw,9912,10008,raw:9912:5,high,mid
6,0.31076752717193146,0.059075307303140076,0.21901205863826426,0.25,0.5529847413549706,2.789028685736253,0.29817144712575644,0.19628496437111195,0.367052062826909,ETTh2,raw,9912,10008,raw:9912:6,low,low
0,0.6176261633118486,0.20191435654022044,0.379719896671151,0.375,0.7256851849108656,2.768993568568281,0.2948322609366597,0.3997534721744067,0.46517248194917515,ETTh2,raw,9960,10056,raw:9960:0,mid,mid
1,0.6457942840029698,0.19944091772414754,0.34528073811322385,0.75,0.8727712443136325,2.768993568568281,0.2948322609366597,0.39683864661344703,0.6392011684167641,ETTh2,raw,9960,10056,raw:9960:1,mid,high
2,0.34657250892352764,0.19027442017147092,0.3790834765821795,0.25,0.7048535472773431,2.768993568568281,0.2948322609366597,0.305310135225726,0.41656193607133424,ETTh2,raw,9960,10056,raw:9960:2,low,mid
3,0.397891078980237,0.1392154558413039,0.35696062330989964,0.625,0.8109963167352556,2.768993568568281,0.2948322609366597,0.29802238604381354,0.5769428592239718,ETTh2,raw,9960,10056,raw:9960:3,low,mid
4,0.2874430422012755,0.16174767786395391,0.47161706775223017,0.5,0.8758181517835711,2.768993568568281,0.2948322609366597,0.30693592927248653,0.5568834709067437,ETTh2,raw,9960,10056,raw:9960:4,low,mid
5,0.019356120560175882,0.07965639183777279,0.3481354552609629,0.25,0.7898885563788847,2.768993568568281,0.2948322609366597,0.14904932255297051,0.4449069391051815,ETTh2,raw,9960,10056,raw:9960:5,low,mid
6,0.3622089225126547,0.010362299563204768,0.7062061246674212,0.25,0.3573862734330741,2.768993568568281,0.2948322609366597,0.3595924489144269,0.30073951145657796,ETTh2,raw,9960,10056,raw:9960:6,mid,low
0,0.38332749165479585,0.0843785455998638,0.47568947243476006,0.5,0.8140024434244343,2.728885018628769,0.288147502624549,0.3144651698964733,0.5340499820163278,ETTh2,raw,9984,10080,raw:9984:0,low,mid
1,0.4206918756692539,0.22770614725573485,0.4645563283955263,0.5,0.9577541318059539,2.728885018628769,0.288147502624549,0.370984783773505,0.5819672114768343,ETTh2,raw,9984,10080,raw:9984:1,mid,mid
2,0.41812294785660165,0.028089113674371183,0.46983880937802786,0.25,0.6685381874500531,2.728885018628769,0.288147502624549,0.30535029030300026,0.40222856335820073,ETTh2,raw,9984,10080,raw:9984:2,low,low
3,0.23714370418040898,0.11304311508632814,0.4575959771215709,0.75,0.8955699835729437,2.728885018628769,0.288147502624549,0.26926093212943597,0.6445724953991642,ETTh2,raw,9984,10080,raw:9984:3,low,high
4,0.06420054505415673,0.24904888172683964,0.4765198196784498,0.5,0.899754457262156,2.728885018628769,0.288147502624549,0.26325641548648204,0.5626339866289016,ETTh2,raw,9984,10080,raw:9984:4,low,mid
5,0.7621512883392851,0.23192504593417637,0.48122706892079364,0.25,0.9028025121007516,2.728885018628769,0.288147502624549,0.4917678010647517,0.48031667157510016,ETTh2,raw,9984,10080,raw:9984:5,high,mid
6,0.4473734592769041,0.10622685810771308,0.20264782240009777,0.25,0.4598278048806122,2.728885018628769,0.288147502624549,0.25208271326157167,0.3326584358350537,ETTh2,raw,9984,10080,raw:9984:6,low,low
0,0.13080252074858412,0.07395094760586228,0.698199020252353,0.25,0.7868852821543837,2.619917273525663,0.26998621180430016,0.30098416286893315,0.4356238313195613,ETTh2,raw,10032,10128,raw:10032:0,low,mid
1,0.0827773089901066,0.0908717640114273,0.7766308984535117,0.5,0.9736671574222764,2.619917273525663,0.26998621180430016,0.3167599904850152,0.5812177897421922,ETTh2,raw,10032,10128,raw:10032:1,low,mid
2,0.10996637072387427,0.045024992467735385,0.4248143921020949,0.25,0.6630808224014002,2.619917273525663,0.26998621180430016,0.19326858509790154,0.3943556780685668,ETTh2,raw,10032,10128,raw:10032:2,low,low
3,0.3868920384041017,0.12910766811388036,0.539826896778719,0.625,0.8630757256718611,2.619917273525663,0.26998621180430016,0.35194220109890034,0.586020645825387,ETTh2,raw,10032,10128,raw:10032:3,mid,mid
4,0.527432318920297,0.14127918748168497,0.6616965624474436,0.5,0.9261804616533879,2.619917273525663,0.26998621180430016,0.4434693562831418,0.5653888911525627,ETTh2,raw,10032,10128,raw:10032:4,high,mid
5,0.5172607091920259,0.10289803735369588,0.5467524088986786,0.25,0.8826694219426191,2.619917273525663,0.26998621180430016,0.3889703851481334,0.46755187791563974,ETTh2,raw,10032,10128,raw:10032:5,mid,mid
6,0.518883897274591,0.27142112588990164,0.3199793716674491,0.25,0.6552174584958043,2.619917273525663,0.26998621180430016,0.37009479827731395,0.3917345567667015,ETTh2,raw,10032,10128,raw:10032:6,mid,low
0,0.3753643594728261,0.08189635172127743,0.679254488935013,0.25,0.7549682825937608,2.5068940971463984,0.2511490157724847,0.37883840004303887,0.4187057661220818,ETTh2,raw,10056,10152,raw:10056:0,mid,mid
1,0.6614915998653137,0.16236228389697785,0.5634547228907691,0.375,0.855061591907452,2.5068940971463984,0.2511490157724847,0.4624362022176869,0.49373686922664556,ETTh2,raw,10056,10152,raw:10056:1,high,mid
2,0.39522489293439433,0.07776339669776616,0.6022931215185279,0.25,0.7525194222616634,2.5068940971463984,0.2511490157724847,0.35842713705022944,0.41788947934471604,ETTh2,raw,10056,10152,raw:10056:2,mid,mid
3,0.642811491051322,0.21688393106044762,0.6345016611494164,0.5,0.9468097504042684,2.5068940971463984,0.2511490157724847,0.4980656944203954,0.5659862553922511,ETTh2,raw,10056,10152,raw:10056:3,high,mid
4,0.209768581016465,0.31150000955041773,0.4233306433970431,0.5,0.9227099874521021,2.5068940971463984,0.2511490157724847,0.31486641132130866,0.5579530010748622,ETTh2,raw,10056,10152,raw:10056:4,low,mid
5,0.5923380297794952,0.11748697157450055,0.18120987925574836,0.25,0.8793083983502011,2.5068940971463984,0.2511490157724847,0.2970116268699147,0.46015247137422866,ETTh2,raw,10056,10152,raw:10056:5,low,mid
6,0.5895701118074168,0.10405833160062797,0.27157334480351125,0.25,0.6150438673876494,2.5068940971463984,0.2511490157724847,0.321733929403852,0.3720642943867114,ETTh2,raw,10056,10152,raw:10056:6,low,low
0,0.7042181193714343,0.23422800590010295,0.31310973326368824,0.25,0.8131839728214897,3.160850101470856,0.3601416829782399,0.4171852861784085,0.47444188526657644,ETTh2,raw,10080,10176,raw:10080:0,mid,mid
1,0.7594804493818665,0.3327559308148593,0.19121417443567018,0.5,0.9365563416061724,3.160850101470856,0.3601416829782399,0.427816851544132,0.5988993415281375,ETTh2,raw,10080,10176,raw:10080:1,high,mid
2,0.5853696653062834,0.1725333167086888,0.21563464572764246,0.375,0.7885669790805452,3.160850101470856,0.3601416829782399,0.32451254258087153,0.5079028873529284,ETTh2,raw,10080,10176,raw:10080:2,mid,mid
3,0.8026409048217087,0.2841924536849955,0.19304076981251214,1.0,0.9063580076964913,3.160850101470856,0.3601416829782399,0.4266247094397388,0.755499896891577,ETTh2,raw,10080,10176,raw:10080:3,high,high
4,0.5245691242207475,0.2792982858095403,0.3255902840823519,1.0,0.9335834340938755,3.160850101470856,0.3601416829782399,0.37648589803754656,0.7645750390240384,ETTh2,raw,10080,10176,raw:10080:4,mid,high
5,0.8092644631727846,0.3657953569039811,0.36799862568977926,0.75,0.9460208739853209,3.160850101470856,0.3601416829782399,0.5143528152555149,0.6853875189878536,ETTh2,raw,10080,10176,raw:10080:5,high,high
6,0.5960057772991102,0.5278872328611023,0.4086543780864765,0.25,0.7658425891376436,3.160850101470856,0.3601416829782399,0.5108491294155629,0.4586614240386278,ETTh2,raw,10080,10176,raw:10080:6,high,mid
0,0.7357094573671294,0.3915558335584074,0.7744190534967981,0.375,0.8375503493511816,0.9999999900000188,0.0,0.6338947814741117,0.40418344978372717,ETTh2,raw,10128,10224,raw:10128:0,high,low
1,0.23563506697816305,0.27212941086253795,0.7620981579589632,1.0,0.9398860259353666,0.9999999900000188,0.0,0.42328754526655477,0.6466286753117889,ETTh2,raw,10128,10224,raw:10128:1,high,high
2,0.7389481305004704,0.31311141912065654,0.7024687758446023,0.25,0.8319209284000988,0.9999999900000188,0.0,0.5848427751552431,0.3606403094666996,ETTh2,raw,10128,10224,raw:10128:2,high,low
3,0.24655639463831114,0.2701319968989767,0.4762692888974997,1.0,0.8786487733570237,0.9999999900000188,0.0,0.3309858934782625,0.6262162577856746,ETTh2,raw,10128,10224,raw:10128:3,mid,high
4,0.01621871364771399,0.1554507466246044,0.4493196890825317,0.375,0.8159529643652009,0.9999999900000188,0.0,0.20699638311828336,0.39698432145506696,ETTh2,raw,10128,10224,raw:10128:4,low,low
5,0.9999999994612995,0.15851440391732802,0.25879694833682787,0.375,0.8065332801365159,0.9999999900000188,0.0,0.4724371172384851,0.39384442671217196,ETTh2,raw,10128,10224,raw:10128:5,high,low
6,0.9137204328277041,0.3776432468847123,0.0436217317580956,0.125,0.6488164043598973,0.9999999900000188,0.0,0.4449951371568373,0.2579388014532991,ETTh2,raw,10128,10224,raw:10128:6,high,low
0,0.965874964162417,0.3915813180006291,0.20420375521591586,0.375,0.8430690728344754,0.9999999900000136,0.0,0.5205533457929874,0.40602302427815845,ETTh2,raw,10152,10248,raw:10152:0,high,low
1,0.9999999988272551,0.2862929967983283,0.5077175003867584,0.75,0.9188091420238941,0.9999999900000136,0.0,0.5980034986707806,0.5562697140079647,ETTh2,raw,10152,10248,raw:10152:1,high,mid
2,0.9872208225617783,0.23907252579392083,0.05107926487387861,0.5,0.8216092122071249,0.9999999900000136,0.0,0.42579087107652597,0.4405364040690416,ETTh2,raw,10152,10248,raw:10152:2,high,mid
3,0.996689284872933,0.2251052836093813,0.43207895204264124,1.0,0.9188975100521592,0.9999999900000136,0.0,0.5512911735083185,0.6396325033507197,ETTh2,raw,10152,10248,raw:10152:3,high,high
4,0.8962016770400351,0.2536640482470265,0.48209502491197825,0.375,0.8293863686476166,0.9999999900000136,0.0,0.5439869167330132,0.40146212288253885,ETTh2,raw,10152,10248,raw:10152:4,high,low
5,0.0,0.23108325851091724,0.0,0.375,0.8784976933694477,0.9999999900000136,0.0,0.07702775283697241,0.4178325644564826,ETTh2,raw,10152,10248,raw:10152:5,low,mid
6,0.9943247981146698,0.09772455226724266,0.0128456871083226,0.125,0.7062725662381161,0.9999999900000136,0.0,0.36829834583007837,0.27709085541270534,ETTh2,raw,10152,10248,raw:10152:6,mid,low
0,0.8666625820532432,0.3371106642701215,0.5084486450979344,0.5,0.8842391969742738,0.9999999900000538,0.0,0.5707406304737664,0.46141306565809126,ETTh2,raw,10200,10296,raw:10200:0,high,mid
1,0.9999999937763039,0.25882385281195897,0.5005891949840056,0.75,0.9515654319442369,0.9999999900000538,0.0,0.5864710138574228,0.5671884773147456,ETTh2,raw,10200,10296,raw:10200:1,high,mid
2,0.932426894201676,0.2895516441881948,0.529694013559049,0.5,0.8647895154994615,0.9999999900000538,0.0,0.58389085064964,0.45492983849982044,ETTh2,raw,10200,10296,raw:10200:2,high,mid
3,0.986419978078818,0.2433783865008477,0.5001696287812981,0.75,0.958427625913113,0.9999999900000538,0.0,0.576655997786988,0.569475875304371,ETTh2,raw,10200,10296,raw:10200:3,high,mid
4,0.6623213417504364,0.28631274034150467,0.49999999978558013,0.875,0.8747243855918575,0.9999999900000538,0.0,0.48287802729250706,0.5832414618639525,ETTh2,raw,10200,10296,raw:10200:4,high,mid
5,0.0,0.29413691102920464,0.5,0.75,0.9290726856510345,0.9999999900000538,0.0,0.2647123036764016,0.5596908952170115,ETTh2,raw,10200,10296,raw:10200:5,low,mid
6,0.9482999275288817,0.33168231833040984,0.5022930391307511,0.125,0.6694174299814242,0.9999999900000538,0.0,0.5940917616633475,0.26480580999380804,ETTh2,raw,10200,10296,raw:10200:6,high,low
0,0.999999998268458,0.28426760481591107,0.6848150882562346,1.0,0.8690196158844643,0.9999999900000653,0.0,0.6563608971135345,0.6230065386281548,ETTh2,raw,10224,10320,raw:10224:0,high,high
1,0.945872718285184,0.2841212412538707,0.43168375437593476,1.0,0.9351352463415062,0.9999999900000653,0.0,0.5538925713049965,0.6450450821138354,ETTh2,raw,10224,10320,raw:10224:1,high,high
2,0.94789253350188,0.3088619976427699,0.7419278756862006,1.0,0.8467907318266285,0.9999999900000653,0.0,0.6662274689436168,0.6155969106088762,ETTh2,raw,10224,10320,raw:10224:2,high,high
3,0.9837851199925725,0.32306906068834096,0.4744019817246844,1.0,0.9183686912004274,0.9999999900000653,0.0,0.5937520541351993,0.6394562304001424,ETTh2,raw,10224,10320,raw:10224:3,high,high
4,0.7309259467658661,0.34316433908564636,0.5041655586163631,1.0,0.9109447874711757,0.9999999900000653,0.0,0.5260852814892919,0.6369815958237252,ETTh2,raw,10224,10320,raw:10224:4,high,high
5,0.0,0.19884766828922107,0.5,1.0,0.9270092738558334,0.9999999900000653,0.0,0.2329492227630737,0.6423364246186112,ETTh2,raw,10224,10320,raw:10224:5,low,high
6,0.8792934974146103,0.27637995039263386,0.22068280094804457,0.125,0.7021272139617128,0.9999999900000653,0.0,0.4587854162517629,0.27570907132057093,ETTh2,raw,10224,10320,raw:10224:6,high,low
0,0.5136923327970243,0.20670125580426657,0.5399530610563881,0.5,0.8646660569918759,0.9999999900000147,0.0,0.420115549885893,0.4548886856639586,ETTh2,raw,10272,10368,raw:10272:0,mid,mid
1,0.6927617305025942,0.2215223077703672,0.6039479612282934,0.75,0.9334504840632804,0.9999999900000147,0.0,0.5060773331670849,0.5611501613544267,ETTh2,raw,10272,10368,raw:10272:1,high,mid
2,0.39971692121510694,0.15231743138613602,0.5122125225332903,0.375,0.7149955305559317,0.9999999900000147,0.0,0.35474895837817777,0.3633318435186439,ETTh2,raw,10272,10368,raw:10272:2,mid,low
3,0.521858154396335,0.15680488749502058,0.5156028734632474,1.0,0.8407497755393418,0.9999999900000147,0.0,0.3980886384515343,0.6135832585131139,ETTh2,raw,10272,10368,raw:10272:3,mid,high
4,0.7460357802166426,0.15480931300978154,0.3603592547061445,0.0,0.8434564551142543,0.9999999900000147,0.0,0.42040144931085627,0.28115215170475144,ETTh2,raw,10272,10368,raw:10272:4,mid,low
5,0.9999999945910925,0.0637050326641387,0.42541540591579635,0.375,0.9098951729499036,0.9999999900000147,0.0,0.49637347772367585,0.4282983909833012,ETTh2,raw,10272,10368,raw:10272:5,high,mid
6,0.5581156895530373,0.6225030411230656,0.0982515344039455,0.25,0.6996156067344625,0.9999999900000147,0.0,0.4262900883600161,0.3165385355781542,ETTh2,raw,10272,10368,raw:10272:6,high,low
0,0.7229116056208309,0.23034309034392875,0.7088784145140381,0.75,0.9106693545056183,3.4673184184307315,0.4112197357197557,0.5540443701595993,0.6906296967417913,ETTh2,raw,10296,10392,raw:10296:0,high,high
1,0.7336044488822486,0.26984615747404317,0.5293618719036107,1.0,0.8830942505528088,3.4673184184307315,0.4112197357197557,0.5109374927533009,0.7647713287575214,ETTh2,raw,10296,10392,raw:10296:1,high,high
2,0.6669054508316665,0.31604786361372694,0.5264314942099102,0.625,0.8725518634897704,3.4673184184307315,0.4112197357197557,0.5031282695517679,0.6362571997365087,ETTh2,raw,10296,10392,raw:10296:2,high,high
3,0.19953719947211224,0.23486618212585308,0.5191956024843553,1.0,0.8645144265610418,3.4673184184307315,0.4112197357197557,0.3178663280274402,0.7585780540935992,ETTh2,raw,10296,10392,raw:10296:3,low,high
4,0.9681296161941404,0.11675819400358181,0.6820094886334688,0.5,0.9423466005984902,3.4673184184307315,0.4112197357197557,0.5889657662770637,0.6178554454394153,ETTh2,raw,10296,10392,raw:10296:4,high,high
5,0.9999999999097926,0.2086704324837173,0.3900238709954276,0.625,0.9800319968215503,3.4673184184307315,0.4112197357197557,0.5328981011296459,0.672083910847102,ETTh2,raw,10296,10392,raw:10296:5,high,high
6,0.5219966940675129,0.04847721669807248,0.09852675411402795,0.25,0.8289920189836479,3.4673184184307315,0.4112197357197557,0.2230002216265378,0.49673725156780124,ETTh2,raw,10296,10392,raw:10296:6,low,mid
0,0.7289236188275177,0.4019198003048374,0.09710984071866362,0.875,0.9700595378575068,0.9999999900000139,0.0,0.4093177532836729,0.6150198459525023,ETTh2,raw,10320,10416,raw:10320:0,mid,high
1,0.6626078428282325,0.161633578078765,0.08729097009195433,1.0,0.9196132411504777,0.9999999900000139,0.0,0.3038441303329839,0.6398710803834926,ETTh2,raw,10320,10416,raw:10320:1,low,high
2,0.09892990769790977,0.25256745404355846,0.5386415550537084,0.625,0.8956937035540756,0.9999999900000139,0.0,0.2967129722650588,0.5068979011846918,ETTh2,raw,10320,10416,raw:10320:2,low,mid
3,0.3236799145753696,0.1907904776972039,0.792023399638968,1.0,0.843855133111829,0.9999999900000139,0.0,0.43549793063718045,0.614618377703943,ETTh2,raw,10320,10416,raw:10320:3,high,high
4,0.9314511771373934,0.05626612336504448,0.02102787821332844,0.125,0.8930002124366037,0.9999999900000139,0.0,0.3362483929052555,0.33933340414553453,ETTh2,raw,10320,10416,raw:10320:4,mid,low
5,0.9999999945910925,0.27485788830078206,0.3915456597663328,0.625,0.9908328337616829,0.9999999900000139,0.0,0.5554678475527358,0.5386109445872277,ETTh2,raw,10320,10416,raw:10320:5,high,mid
6,0.2055066248763341,0.27072975135740807,0.30554319941292907,0.125,0.7117014671481432,0.9999999900000139,0.0,0.26059319188222374,0.2789004890493811,ETTh2,raw,10320,10416,raw:10320:6,low,low
0,0.31643433199881954,0.09337532879525935,0.33415013348624256,1.0,0.9678687065161372,0.9999999900000215,0.0,0.24798659809344048,0.6559562355053791,ETTh2,raw,10368,10464,raw:10368:0,low,high
1,0.37734851464954877,0.16216694375729152,0.5342204856531595,1.0,0.899086475414157,0.9999999900000215,0.0,0.3579119813533332,0.6330288251380524,ETTh2,raw,10368,10464,raw:10368:1,mid,high
2,0.5279135695106008,0.30849252824343554,0.5665896121995458,1.0,0.8836068590377669,0.9999999900000215,0.0,0.467665236651194,0.627868953012589,ETTh2,raw,10368,10464,raw:10368:2,high,high
3,0.37635867200811035,0.26028837074578726,0.5285177547433159,1.0,0.7988281064733813,0.9999999900000215,0.0,0.3883882658324045,0.5996093688244605,ETTh2,raw,10368,10464,raw:10368:3,mid,mid
4,0.9317276834394894,0.13280122719496273,0.6082989321625976,0.0,0.8351842435010092,0.9999999900000215,0.0,0.55760928093235,0.27839474783366974,ETTh2,raw,10368,10464,raw:10368:4,high,low
5,0.0,0.29099954327313327,0.46104079864725706,1.0,0.8462499632224469,0.9999999900000215,0.0,0.2506801139734634,0.6154166544074823,ETTh2,raw,10368,10464,raw:10368:5,low,high
6,0.5250463741776836,0.30945105059720857,0.5621404796860531,0.25,0.6487290496582138,0.9999999900000215,0.0,0.46554596815364846,0.29957634988607124,ETTh2,raw,10368,10464,raw:10368:6,high,low
0,0.46940807188375433,0.13310383216403207,0.33997794204247306,1.0,0.8947201288988186,0.9999999900000119,0.0,0.31416328203008653,0.6315733762996062,ETTh2,raw,10392,10488,raw:10392:0,low,high
1,0.678164203572851,0.13949734953695467,0.31419738455268154,1.0,0.8330372543423773,0.9999999900000119,0.0,0.3772863125541624,0.6110124181141258,ETTh2,raw,10392,10488,raw:10392:1,mid,high
2,0.32322171608421846,0.0934255461786531,0.698275725061796,0.375,0.705915113091978,0.9999999900000119,0.0,0.3716409957748892,0.360305037697326,ETTh2,raw,10392,10488,raw:10392:2,mid,low
3,0.4040947952867485,0.17031132862380594,0.30832447794861256,1.0,0.7788943453242008,0.9999999900000119,0.0,0.29424353395305564,0.5929647817747336,ETTh2,raw,10392,10488,raw:10392:3,low,mid
4,0.942757239786028,0.10442770981243307,0.049973542629874045,0.375,0.76827937729137,0.9999999900000119,0.0,0.36571949740944504,0.38109312576378995,ETTh2,raw,10392,10488,raw:10392:4,mid,low
5,0.0,0.3547231851639936,0.4879700481393046,0.625,0.9488769258979104,0.9999999900000119,0.0,0.2808977444344327,0.5246256419659702,ETTh2,raw,10392,10488,raw:10392:5,low,mid
6,0.6466106135605191,0.12769391650845494,0.2014374116240175,0.25,0.574509051326209,0.9999999900000119,0.0,0.32524731389766387,0.27483635044206967,ETTh2,raw,10392,10488,raw:10392:6,mid,low
0,0.7125509767226066,0.1617078783554249,0.2527196808283444,0.25,0.8628831457473813,3.3071855987227208,0.3845309324795686,0.375659511968792,0.49913802607564994,ETTh2,raw,10440,10536,raw:10440:0,mid,mid
1,0.6533314488606976,0.28501766805800943,0.2583611349672302,0.875,0.9550749715161401,3.3071855987227208,0.3845309324795686,0.39890341729531237,0.7382019679985695,ETTh2,raw,10440,10536,raw:10440:1,mid,high
2,0.33184279272757966,0.1261658733901556,0.33358517971905033,0.25,0.7495605802077051,3.3071855987227208,0.3845309324795686,0.2638646152789285,0.46136383756242455,ETTh2,raw,10440,10536,raw:10440:2,low,mid
3,0.2653622750271727,0.33084659524690996,0.4332239911765189,1.0,0.8207861863845114,3.3071855987227208,0.3845309324795686,0.34314428715020046,0.7351057062880266,ETTh2,raw,10440,10536,raw:10440:3,mid,high
4,0.9180773475846878,0.08292872586852723,0.038301564449997876,0.25,0.9283126885480583,3.3071855987227208,0.3845309324795686,0.34643587930107095,0.5209478736758756,ETTh2,raw,10440,10536,raw:10440:4,mid,mid
5,0.9999999999768144,0.15853085797504468,0.02314977144637743,0.5,0.9145750975089444,3.3071855987227208,0.3845309324795686,0.39389354313274555,0.5997020099961711,ETTh2,raw,10440,10536,raw:10440:5,mid,mid
6,0.6684909810884598,0.26575572559959454,0.3217870801010337,0.25,0.7046591208291942,3.3071855987227208,0.3845309324795686,0.418677928929696,0.4463966844362543,ETTh2,raw,10440,10536,raw:10440:6,mid,mid
0,0.4444369636339953,0.40031612999012955,0.5184674698879026,0.375,0.9207068634393424,3.1882360628401165,0.3647060098655094,0.45440685450400914,0.5534709577682838,ETTh2,raw,10464,10560,raw:10464:0,high,mid
1,0.5476127286250039,0.31242825758130066,0.6508769278979688,0.875,0.9509310329155075,3.1882360628401165,0.3647060098655094,0.5036393047014244,0.7302123475936723,ETTh2,raw,10464,10560,raw:10464:1,high,high
2,0.3008087714160348,0.16906405412931852,0.5402557228315226,0.125,0.772285399564867,3.1882360628401165,0.3647060098655094,0.3367095161256253,0.4206638031434588,ETTh2,raw,10464,10560,raw:10464:2,mid,mid
3,0.2244993205439294,0.3097669412581576,0.41177620407660737,1.0,0.7898453248133835,3.1882360628401165,0.3647060098655094,0.31534748862623146,0.7181837782262975,ETTh2,raw,10464,10560,raw:10464:3,low,high
4,0.25424665093894583,0.23294258034896081,0.5310518824241134,0.125,0.8973687763692092,3.1882360628401165,0.3647060098655094,0.3394137045706733,0.46235826207823943,ETTh2,raw,10464,10560,raw:10464:4,mid,mid
5,0.6483452459786947,0.22148926503215616,0.4644635066880504,0.375,0.8908667377723928,3.1882360628401165,0.3647060098655094,0.4447660058996337,0.5435242492126341,ETTh2,raw,10464,10560,raw:10464:5,high,mid
6,0.5993837108651169,0.5871359383698165,0.3562682172245122,0.25,0.7014343112431106,3.1882360628401165,0.3647060098655094,0.5142626221531486,0.43871344036954,ETTh2,raw,10464,10560,raw:10464:6,high,mid
0,0.1999843324306273,0.265918498899031,0.5593300821752988,0.375,0.8075267419627448,3.8974594106081057,0.48290990096316777,0.3417443045016524,0.5551455476419709,ETTh2,raw,10488,10584,raw:10488:0,mid,mid
1,0.28005455075942975,0.24452218773047613,0.6640484301102104,0.375,0.9441613777095759,3.8974594106081057,0.48290990096316777,0.39620838953337206,0.600690426224248,ETTh2,raw,10488,10584,raw:10488:1,mid,high
2,0.21443270309786522,0.21159984732596326,0.5206473061224289,0.375,0.8265891616628664,3.8974594106081057,0.48290990096316777,0.3155599521820858,0.5614996875420114,ETTh2,raw,10488,10584,raw:10488:2,low,mid
3,0.5004188469513633,0.1760908258227447,0.5131201871022855,0.625,0.8925149753463476,3.8974594106081057,0.48290990096316777,0.3965432866254645,0.6668082921031718,ETTh2,raw,10488,10584,raw:10488:3,mid,high
4,0.5161916214768665,0.3246002866476475,0.4817662458458605,1.0,0.902938353529694,3.8974594106081057,0.48290990096316777,0.4408527179901249,0.7952827514976205,ETTh2,raw,10488,10584,raw:10488:4,high,high
5,0.267433257477791,0.21046386621106727,0.5732373988798022,0.875,0.881755546507938,3.8974594106081057,0.48290990096316777,0.3503781741895535,0.7465551491570354,ETTh2,raw,10488,10584,raw:10488:5,mid,high
6,0.763793602734699,0.23696496351083862,0.22673180359205639,0.25,0.4863468891288632,3.8974594106081057,0.48290990096316777,0.40916345661253134,0.40641893003067703,ETTh2,raw,10488,10584,raw:10488:6,mid,low
0,0.45394074781708516,0.16403255139311654,0.5181142165692045,1.0,0.9076325886517375,3.903147990163722,0.4838579975541903,0.3786958385931354,0.7971635287353093,ETTh2,raw,10536,10632,raw:10536:0,mid,high
1,0.9999999999427489,0.18604680463467535,0.34036121605063346,0.625,0.9473321270102786,3.903147990163722,0.4838579975541903,0.5088026735426859,0.6853967081881563,ETTh2,raw,10536,10632,raw:10536:1,high,high
2,0.15593402505080212,0.1757113390552651,0.5930038715494148,1.0,0.8929005070555742,3.903147990163722,0.4838579975541903,0.3082164118851607,0.7922528348699215,ETTh2,raw,10536,10632,raw:10536:2,low,high
3,0.8447166418035247,0.18668978879066933,0.2034851566699995,0.875,0.9550037460267818,3.903147990163722,0.4838579975541903,0.4116305290880646,0.771287247860324,ETTh2,raw,10536,10632,raw:10536:3,mid,high
4,0.6085382947936253,0.26051437150924656,0.4604891315670664,1.0,0.9293178519535042,3.903147990163722,0.4838579975541903,0.4431805992899795,0.8043919498358982,ETTh2,raw,10536,10632,raw:10536:4,high,high
5,0.9942273939118427,0.3864297895617078,0.3422043383029483,0.625,0.895978900872397,3.903147990163722,0.4838579975541903,0.5742871739254996,0.6682789661421958,ETTh2,raw,10536,10632,raw:10536:5,high,high
6,0.1504849149227192,0.005142469416305226,0.4099173809925955,0.25,0.24836917217304802,3.903147990163722,0.4838579975541903,0.18851492177720663,0.3274090565757461,ETTh2,raw,10536,10632,raw:10536:6,low,low
0,0.12447504781192198,0.2343030609113364,0.6647347267558024,1.0,0.9221122498721374,0.9999999900000043,0.0,0.34117094515968693,0.6407040832907125,ETTh2,raw,10560,10656,raw:10560:0,mid,high
1,0.9999999995486695,0.39030868288098003,0.0,0.875,0.9751471032397429,0.9999999900000043,0.0,0.46343622747654983,0.6167157010799142,ETTh2,raw,10560,10656,raw:10560:1,high,high
2,0.38271475110955433,0.23503571531677514,0.6402549070203787,0.875,0.8377535941644706,0.9999999900000043,0.0,0.41933512448223603,0.5709178647214902,ETTh2,raw,10560,10656,raw:10560:2,mid,mid
3,0.7707190262913295,0.22063559867069402,0.1493149892895905,1.0,0.9708866939586129,0.9999999900000043,0.0,0.380223204750538,0.6569622313195377,ETTh2,raw,10560,10656,raw:10560:3,mid,high
4,0.6121340723702478,0.1808082379660168,0.4353758033474362,0.75,0.9492091076412704,0.9999999900000043,0.0,0.40943937122790025,0.5664030358804234,ETTh2,raw,10560,10656,raw:10560:4,mid,mid
5,0.8905083976052406,0.25773535946222326,0.4999991225542616,1.0,0.9099407307904054,0.9999999900000043,0.0,0.5494142932072418,0.6366469102634684,ETTh2,raw,10560,10656,raw:10560:5,high,high
6,0.09112090527036787,0.006749877302285604,0.30718890388970793,0.25,0.2960311917212057,0.9999999900000043,0.0,0.1350198954874538,0.1820103972404019,ETTh2,raw,10560,10656,raw:10560:6,low,low
0,0.1973238349436075,0.1788626344625483,0.36757207404833464,0.25,0.8666648236474954,0.9999999900000464,0.0,0.24791951448483016,0.3722216078824985,ETTh2,raw,10608,10704,raw:10608:0,low,low
1,0.0,0.46970493876761704,0.0,0.375,0.7338987006516853,0.9999999900000464,0.0,0.156568312922539,0.36963290021722844,ETTh2,raw,10608,10704,raw:10608:1,low,low
2,0.3197162329156522,0.19093851219766528,0.4755295667139648,0.25,0.8691353231925745,0.9999999900000464,0.0,0.3287281039424274,0.37304510773085814,ETTh2,raw,10608,10704,raw:10608:2,mid,low
3,0.19190949093970833,0.277986937067486,0.6274794162696798,1.0,0.8113435531270384,0.9999999900000464,0.0,0.3657919480922914,0.6037811843756794,ETTh2,raw,10608,10704,raw:10608:3,mid,high
4,0.42938665006968313,0.2247696747853108,0.7148930585595733,1.0,0.9533086362737582,0.9999999900000464,0.0,0.4563497944715224,0.6511028787579194,ETTh2,raw,10608,10704,raw:10608:4,high,high
5,0.9136912905233534,0.26628469236294705,0.5846914371091328,1.0,0.8931046019537389,0.9999999900000464,0.0,0.5882224733318111,0.631034867317913,ETTh2,raw,10608,10704,raw:10608:5,high,high
6,0.48646607115410445,0.1949445668171083,0.3615068150434834,0.25,0.5018270869080459,0.9999999900000464,0.0,0.3476391510048988,0.2506090289693486,ETTh2,raw,10608,10704,raw:10608:6,mid,low
0,0.5373146826290913,0.16681891411798871,0.4892014725609304,0.375,0.8843718373526387,3.6262364401372786,0.43770607262670297,0.3977783564360035,0.5656926366597805,ETTh2,raw,10632,10728,raw:10632:0,mid,mid
1,0.0,0.0,0.0,0.0,-0.0,3.6262364401372786,0.43770607262670297,0.0,0.145902024208901,ETTh2,raw,10632,10728,raw:10632:1,low,low
2,0.636897549947455,0.19448629703650844,0.5199046566740089,0.25,0.8308979594655179,3.6262364401372786,0.43770607262670297,0.45042950121932407,0.5062013440307404,ETTh2,raw,10632,10728,raw:10632:2,high,mid
3,0.5076549495544633,0.34485058915675704,0.48390971602395505,1.0,0.7810431437394945,3.6262364401372786,0.43770607262670297,0.44547175157839175,0.7395830721220658,ETTh2,raw,10632,10728,raw:10632:3,high,high
4,0.11826888264518765,0.29679849403907643,0.5780999019402816,0.75,0.9266431994493453,3.6262364401372786,0.43770607262670297,0.3310557595415152,0.7047830906920161,ETTh2,raw,10632,10728,raw:10632:4,mid,high
5,0.49906323997417656,0.2370648675712183,0.01263362803455039,0.5,0.9155997735481184,3.6262364401372786,0.43770607262670297,0.2495872451933151,0.6177686153916071,ETTh2,raw,10632,10728,raw:10632:5,low,high
6,0.7608647195639917,0.5597881720529596,0.1687080133949208,0.125,0.6015347618876874,3.6262364401372786,0.43770607262670297,0.4964536350039574,0.38808027817146346,ETTh2,raw,10632,10728,raw:10632:6,high,low
0,0.3263728167983261,0.20167583668477712,0.5729438619104618,0.75,0.8658167044174718,3.7756316838790682,0.4626052798755026,0.3669975051311883,0.6928073280976581,ETTh2,raw,10656,10752,raw:10656:0,mid,high
1,0.0,0.0,0.0,0.0,-0.0,3.7756316838790682,0.4626052798755026,0.0,0.15420175995850086,ETTh2,raw,10656,10752,raw:10656:1,low,low
2,0.33979922742535096,0.16587052533267943,0.5188592126779638,0.875,0.8595959773716703,3.7756316838790682,0.4626052798755026,0.3415096551453314,0.7324004190823911,ETTh2,raw,10656,10752,raw:10656:2,mid,high
3,0.23657359980449222,0.22762992901633916,0.40012448152236046,1.0,0.8146336939766995,3.7756316838790682,0.4626052798755026,0.28810933678106393,0.7590796579507341,ETTh2,raw,10656,10752,raw:10656:3,low,high
4,0.35995046596056746,0.14721394119256223,0.29474795911118074,0.375,0.8230134189548372,3.7756316838790682,0.4626052798755026,0.26730412208810345,0.5535395662767799,ETTh2,raw,10656,10752,raw:10656:4,low,mid
5,0.3982854197181761,0.17026228715870997,0.42659765891876184,0.875,0.865248094901093,3.7756316838790682,0.4626052798755026,0.33171512193188263,0.7342844582588652,ETTh2,raw,10656,10752,raw:10656:5,mid,high
6,0.8947989531785421,0.16624607379262507,0.35643519678508134,0.125,0.6854033638019232,3.7756316838790682,0.4626052798755026,0.4724934079187495,0.424336214559142,ETTh2,raw,10656,10752,raw:10656:6,high,mid
0,0.17623871821150416,0.3731897564965784,0.5069314152641506,0.5,0.8882548096891179,0.9999999900000611,0.0,0.35211996332407774,0.46275160322970593,ETTh2,raw,10704,10800,raw:10704:0,mid,mid
1,0.0,0.4843446319261236,0.0,0.25,0.7291268135994835,0.9999999900000611,0.0,0.1614482106420412,0.32637560453316117,ETTh2,raw,10704,10800,raw:10704:1,low,low
2,0.4690891716900645,0.24683483953745716,0.474113440082001,0.5,0.8570005441389011,0.9999999900000611,0.0,0.39667915043650753,0.45233351471296707,ETTh2,raw,10704,10800,raw:10704:2,mid,mid
3,0.36903564850515347,0.20125104034245708,0.5562452642836386,1.0,0.9076162273298617,0.9999999900000611,0.0,0.37551065104374975,0.6358720757766205,ETTh2,raw,10704,10800,raw:10704:3,mid,high
4,0.18770122631597208,0.06815442695743322,0.2245609160383273,0.375,0.726915047278084,0.9999999900000611,0.0,0.1601388564372442,0.36730501575936136,ETTh2,raw,10704,10800,raw:10704:4,low,low
5,0.5552100913732605,0.13749601061310127,0.4021140123421533,0.375,0.8560659783688884,0.9999999900000611,0.0,0.364940038109505,0.4103553261229628,ETTh2,raw,10704,10800,raw:10704:5,mid,low
6,0.6126235037627195,0.23862546617133973,0.48349692426486723,0.125,0.8462156763491243,0.9999999900000611,0.0,0.44491529806630875,0.3237385587830414,ETTh2,raw,10704,10800,raw:10704:6,high,low
0,0.4289963545469859,0.4281789921792806,0.43817852974002386,0.375,0.8699765931060537,0.999999990000072,0.0,0.43178462548876345,0.4149921977020179,ETTh2,raw,10728,10824,raw:10728:0,high,low
1,0.0,0.46228135743954213,0.0,0.25,0.7521116865258068,0.999999990000072,0.0,0.1540937858131807,0.3340372288419356,ETTh2,raw,10728,10824,raw:10728:1,low,low
2,0.40310469159656204,0.25885938718205603,0.45580457661375806,0.375,0.8626172095087444,0.999999990000072,0.0,0.37258955179745873,0.4125390698362481,ETTh2,raw,10728,10824,raw:10728:2,mid,low
3,0.368577259828054,0.27491511787115736,0.42202675748443247,1.0,0.9250540119798829,0.999999990000072,0.0,0.35517304506121467,0.6416846706599609,ETTh2,raw,10728,10824,raw:10728:3,mid,high
4,0.4079704037658687,0.11451597620160647,0.5321787424226468,0.25,0.7884153171971104,0.999999990000072,0.0,0.35155504079670735,0.34613843906570346,ETTh2,raw,10728,10824,raw:10728:4,mid,low
5,0.24521043940853648,0.28759347894522935,0.47199715333533204,0.5,0.8596851058757932,0.999999990000072,0.0,0.3349336905630326,0.45322836862526444,ETTh2,raw,10728,10824,raw:10728:5,mid,mid
6,0.44691404155570635,0.02425938905173669,0.3282611134997875,0.25,0.7721076000940682,0.999999990000072,0.0,0.26647818136907686,0.3407025333646894,ETTh2,raw,10728,10824,raw:10728:6,low,low
0,0.4963887596655059,0.11667545542719887,0.6214637506950919,0.375,0.7688844724658138,0.9999999900000116,0.0,0.4115093219292656,0.38129482415527133,ETTh2,raw,10776,10872,raw:10776:0,mid,low
1,0.0,0.1638633933926276,0.0,1.0,0.6795102291324473,0.9999999900000116,0.0,0.05462113113087586,0.5598367430441491,ETTh2,raw,10776,10872,raw:10776:1,low,mid
2,0.4294917450866399,0.08938634023120565,0.6887546988619483,0.25,0.7383162370725587,0.9999999900000116,0.0,0.4025442613932646,0.3294387456908529,ETTh2,raw,10776,10872,raw:10776:2,mid,low
3,0.5767694571402138,0.15341524095851575,0.10509712412057537,1.0,0.7660642748864275,0.9999999900000116,0.0,0.27842727407310164,0.5886880916288092,ETTh2,raw,10776,10872,raw:10776:3,low,mid
4,0.47387629272310405,0.09963687403515546,0.6013089722518964,0.5,0.7692618593206941,0.9999999900000116,0.0,0.39160737967005194,0.42308728644023136,ETTh2,raw,10776,10872,raw:10776:4,mid,mid
5,0.6599336821118704,0.24135941479157244,0.18510017642951188,0.5,0.8831995018286056,0.9999999900000116,0.0,0.3621310911109849,0.4610665006095352,ETTh2,raw,10776,10872,raw:10776:5,mid,mid
6,0.7908508664095584,0.3493812883836993,0.04898223521015612,0.125,0.8255908216638891,0.9999999900000116,0.0,0.3964047966678046,0.31686360722129636,ETTh2,raw,10776,10872,raw:10776:6,mid,low
0,0.41586786433008915,0.21723127933451733,0.7180539626031831,0.625,0.8776665866316297,0.9999999900000175,0.0,0.4503843687559299,0.5008888622105432,ETTh2,raw,10800,10896,raw:10800:0,high,mid
1,0.0,0.11867548493302374,0.0,1.0,0.7790217260791507,0.9999999900000175,0.0,0.03955849497767458,0.5930072420263836,ETTh2,raw,10800,10896,raw:10800:1,low,mid
2,0.297641735095722,0.23242254766866538,0.6981434225718366,0.25,0.8668027743072063,0.9999999900000175,0.0,0.40940256844540796,0.3722675914357354,ETTh2,raw,10800,10896,raw:10800:2,mid,low
3,0.3739830215401708,0.2889581130079265,0.3747242206662969,1.0,0.8959289510092536,0.9999999900000175,0.0,0.3458884517381314,0.6319763170030845,ETTh2,raw,10800,10896,raw:10800:3,mid,high
4,0.143576207846545,0.152342368219379,0.6783923164107417,0.5,0.8062786307946402,0.9999999900000175,0.0,0.3247702974922219,0.4354262102648801,ETTh2,raw,10800,10896,raw:10800:4,mid,mid
5,0.47226397969818257,0.30147234383408783,0.4284337984456421,0.75,0.8704293823193434,0.9999999900000175,0.0,0.40072337399263747,0.5401431274397811,ETTh2,raw,10800,10896,raw:10800:5,mid,mid
6,0.6954203356964992,0.103230365112471,0.01911664897685054,0.125,0.6470211178972817,0.9999999900000175,0.0,0.2725891165952736,0.2573403726324272,ETTh2,raw,10800,10896,raw:10800:6,low,low
0,0.686858218246706,0.17415070457163384,0.42111101943768725,0.25,0.92396591148893,0.999999990000017,0.0,0.4273733140853424,0.39132197049631,ETTh2,raw,10848,10944,raw:10848:0,high,low
1,0.0,0.38812424213742314,0.0,0.25,0.7697091126206056,0.999999990000017,0.0,0.12937474737914104,0.33990303754020185,ETTh2,raw,10848,10944,raw:10848:1,low,low
2,0.7395565792367997,0.2976168070477958,0.29549462528324777,0.25,0.9181833575189773,0.999999990000017,0.0,0.44422267052261444,0.38939445250632576,ETTh2,raw,10848,10944,raw:10848:2,high,low
3,0.7043722337228786,0.24000003916767798,0.3152753117407113,1.0,0.900205309151464,0.999999990000017,0.0,0.4198825282104226,0.6334017697171547,ETTh2,raw,10848,10944,raw:10848:3,mid,high
4,0.32443480689710036,0.11957676113032842,0.41946831478039004,0.375,0.823212550483299,0.999999990000017,0.0,0.2878266276026063,0.399404183494433,ETTh2,raw,10848,10944,raw:10848:4,low,low
5,0.402337979975961,0.18925027734178623,0.3806716307815147,0.625,0.8514357704811156,0.999999990000017,0.0,0.32408662936642063,0.4921452568270386,ETTh2,raw,10848,10944,raw:10848:5,mid,mid
6,0.809306792148297,0.48360910556011083,0.08303648321939795,0.25,0.6624854829540012,0.999999990000017,0.0,0.4586507936426019,0.30416182765133376,ETTh2,raw,10848,10944,raw:10848:6,high,low
0,0.3513982986918104,0.14829507743801748,0.29858243721692557,0.25,0.845837770867444,0.9999999900000376,0.0,0.26609193778225115,0.3652792569558147,ETTh2,raw,10872,10968,raw:10872:0,low,low
1,0.0,4.989823057130564e-07,0.0,0.0,0.7934287394520217,0.9999999900000376,0.0,1.6632743523768546e-07,0.26447624648400725,ETTh2,raw,10872,10968,raw:10872:1,low,low
2,0.37059486501114913,0.15315270908056017,0.2638643463336871,0.125,0.8473736617781438,0.9999999900000376,0.0,0.2625373068084655,0.32412455392604794,ETTh2,raw,10872,10968,raw:10872:2,low,low
3,0.43671275602608683,0.24263452629117296,0.4802680588492728,0.75,0.9364433650886097,0.9999999900000376,0.0,0.3865384470555109,0.5621477883628699,ETTh2,raw,10872,10968,raw:10872:3,mid,mid
4,0.2870717039990579,0.1256661860236794,0.4566829954022785,0.375,0.68654328881303,0.9999999900000376,0.0,0.2898069618083386,0.3538477629376766,ETTh2,raw,10872,10968,raw:10872:4,low,low
5,0.45373143211430744,0.2863236027662991,0.8493678201157511,0.75,0.8405189684931728,0.9999999900000376,0.0,0.5298076183321192,0.5301729894977242,ETTh2,raw,10872,10968,raw:10872:5,high,mid
6,0.7259447303763001,0.25140337846535776,0.2147373635664899,0.25,0.6390579567629477,0.9999999900000376,0.0,0.39736182413604926,0.2963526522543159,ETTh2,raw,10872,10968,raw:10872:6,mid,low
0,0.5481001330968621,0.276291813584367,0.4710905378705706,0.875,0.993049194100066,0.9999999900000619,0.0,0.43182749485059985,0.622683064700022,ETTh2,raw,10896,10992,raw:10896:0,high,high
1,0.0,0.4656169681246731,0.0,0.625,0.7374051306471634,0.9999999900000619,0.0,0.1552056560415577,0.4541350435490545,ETTh2,raw,10896,10992,raw:10896:1,low,mid
2,0.630373003770252,0.34253099798470865,0.47233878367823473,1.0,0.9755909086947322,0.9999999900000619,0.0,0.4817475951443984,0.6585303028982441,ETTh2,raw,10896,10992,raw:10896:2,high,high
3,0.6004143840811529,0.3316232743617241,0.31456537059579387,1.0,0.9380658790098962,0.9999999900000619,0.0,0.41553434301289033,0.6460219596699655,ETTh2,raw,10896,10992,raw:10896:3,mid,high
4,0.07540647181376414,0.09099556744171125,0.44734666360312686,0.375,0.7423589298620138,0.9999999900000619,0.0,0.20458290095286744,0.3724529766206713,ETTh2,raw,10896,10992,raw:10896:4,low,low
5,0.7671310828374158,0.14208041218850975,0.3069433016395575,1.0,0.961581500683568,0.9999999900000619,0.0,0.4053849322218277,0.653860500227856,ETTh2,raw,10896,10992,raw:10896:5,mid,high
6,0.40928541936311935,0.17040053956502188,0.823158974414266,0.25,0.719281279769767,0.9999999900000619,0.0,0.46761497778080247,0.3230937599232557,ETTh2,raw,10896,10992,raw:10896:6,high,low
0,0.3446405272506671,0.07450379666932908,0.42867699119905484,0.625,0.8776702098815733,0.9999999900000358,0.0,0.28260710503968367,0.5008900699605244,ETTh2,raw,10944,11040,raw:10944:0,low,mid
1,0.0,3.6756110378888926e-06,0.0,1.0,0.7309356277545825,0.9999999900000358,0.0,1.2252036792962975e-06,0.5769785425848609,ETTh2,raw,10944,11040,raw:10944:1,low,mid
2,0.5344241959530738,0.07828018788613919,0.32451261658128383,0.875,0.87230575504635,0.9999999900000358,0.0,0.3124056668068323,0.5824352516821166,ETTh2,raw,10944,11040,raw:10944:2,low,mid
3,0.5205541865448904,0.12216375636593091,0.4503515689334842,1.0,0.8441237977608309,0.9999999900000358,0.0,0.3643565039481018,0.6147079325869437,ETTh2,raw,10944,11040,raw:10944:3,mid,high
4,0.11966890765555338,0.11904097084658631,0.3805187399585531,0.375,0.7614811565299267,0.9999999900000358,0.0,0.20640953948689758,0.3788270521766422,ETTh2,raw,10944,11040,raw:10944:4,low,low
5,0.40845996864344614,0.20960079545532195,0.3505377556581962,0.875,0.9752008813071977,0.9999999900000358,0.0,0.3228661732523214,0.6167336271023992,ETTh2,raw,10944,11040,raw:10944:5,low,high
6,0.8581493078382616,0.5479408571331814,0.6768858080169152,0.0,0.5987200654752993,0.9999999900000358,0.0,0.6943253243294527,0.1995733551584331,ETTh2,raw,10944,11040,raw:10944:6,high,low
0,0.5633325638152153,0.33938934120884756,0.4266027361418883,0.625,0.8492392712496134,0.9999999900000203,0.0,0.4431082137219837,0.49141309041653775,ETTh2,raw,10968,11064,raw:10968:0,high,mid
1,0.0,0.00248352498880386,0.0,1.0,0.7533801695120815,0.9999999900000203,0.0,0.00082784166293462,0.5844600565040272,ETTh2,raw,10968,11064,raw:10968:1,low,mid
2,0.6068374898234705,0.3053676671609236,0.3659621124602276,0.75,0.8383092888992683,0.9999999900000203,0.0,0.42605575648154054,0.5294364296330895,ETTh2,raw,10968,11064,raw:10968:2,high,mid
3,0.7869172051051949,0.18911183011315935,0.287307966727832,1.0,0.8085531442077384,0.9999999900000203,0.0,0.4211123339820621,0.6028510480692462,ETTh2,raw,10968,11064,raw:10968:3,mid,high
4,0.16316091725290693,0.344978555885315,0.4181039790819901,0.625,0.8310375372496784,0.9999999900000203,0.0,0.30874781740673735,0.48534584574989276,ETTh2,raw,10968,11064,raw:10968:4,low,mid
5,0.9322340768032751,0.25922017213338666,0.4664232443993146,1.0,0.9641032526188369,0.9999999900000203,0.0,0.5526258311119921,0.6547010842062789,ETTh2,raw,10968,11064,raw:10968:5,high,high
6,0.5333104465346568,0.04584161513164373,0.03459877042043404,0.125,0.6886529803622329,0.9999999900000203,0.0,0.20458361069557818,0.2712176601207443,ETTh2,raw,10968,11064,raw:10968:6,low,low
0,0.5440547919873377,0.3104767680634121,0.5216094777554583,0.75,0.9765958565054658,0.9999999900000498,0.0,0.4587136792687361,0.5755319521684886,ETTh2,raw,11016,11112,raw:11016:0,high,mid
1,0.0,0.4656949971090457,0.0,0.125,0.7541385726490333,0.9999999900000498,0.0,0.15523166570301525,0.2930461908830111,ETTh2,raw,11016,11112,raw:11016:1,low,low
2,0.614183509877522,0.33519712587020717,0.554801320718574,0.875,0.9811156998457247,0.9999999900000498,0.0,0.5013939854887678,0.6187052332819082,ETTh2,raw,11016,11112,raw:11016:2,high,high
3,0.5542026229481026,0.11892670474923826,0.44990954245638753,0.875,0.9496290110781894,0.9999999900000498,0.0,0.3743462900512428,0.6082096703593964,ETTh2,raw,11016,11112,raw:11016:3,mid,high
4,0.24802569231812244,0.28160555604151666,0.3852523863587775,0.5,0.96179061001885,0.9999999900000498,0.0,0.30496121157280554,0.48726353667295,ETTh2,raw,11016,11112,raw:11016:4,low,mid
5,0.9999999955477303,0.14568839370653666,0.9999999970017392,0.25,0.9612056472857958,0.9999999900000498,0.0,0.7152294620853356,0.4037352157619319,ETTh2,raw,11016,11112,raw:11016:5,high,low
6,0.5066358352336681,0.07546861819349587,0.19678214107752925,0.125,0.659155352812188,0.9999999900000498,0.0,0.2596288648348977,0.26138511760406263,ETTh2,raw,11016,11112,raw:11016:6,low,low
0,0.5373650498924232,0.23065344455060044,0.46223424263858237,1.0,0.9132060327223591,0.9999999900000126,0.0,0.4100842456938687,0.6377353442407864,ETTh2,raw,11040,11136,raw:11040:0,mid,high
1,0.0,0.11222776367933399,0.0,1.0,0.8830249364863744,0.9999999900000126,0.0,0.037409254559778,0.6276749788287915,ETTh2,raw,11040,11136,raw:11040:1,low,high
2,0.514239054915351,0.1727108820727298,0.3788359921259271,1.0,0.9187992400537047,0.9999999900000126,0.0,0.355261976371336,0.6395997466845683,ETTh2,raw,11040,11136,raw:11040:2,mid,high
3,0.7577932266051302,0.2707720465410485,0.05462125851960021,1.0,0.888751851434027,0.9999999900000126,0.0,0.36106217722192624,0.629583950478009,ETTh2,raw,11040,11136,raw:11040:3,mid,high
4,0.5799331016407003,0.3698531266490378,0.6596915461357992,1.0,0.936127101940685,0.9999999900000126,0.0,0.5364925914751791,0.6453757006468951,ETTh2,raw,11040,11136,raw:11040:4,high,high
5,0.9999999977020048,0.25736846313534856,0.0,0.375,0.9414272565687203,0.9999999900000126,0.0,0.41912282027911774,0.43880908552290676,ETTh2,raw,11040,11136,raw:11040:5,mid,mid
6,0.6715565299043667,0.4489109230964277,0.23947643095961574,0.125,0.6692879708450165,0.9999999900000126,0.0,0.4533146279868034,0.26476265694833884,ETTh2,raw,11040,11136,raw:11040:6,high,low
0,0.20503167917047282,0.18171433966446698,0.7181133109331913,0.5,0.8965373330618981,0.9999999900000092,0.0,0.3682864432560437,0.465512444353966,ETTh2,raw,11064,11160,raw:11064:0,mid,mid
1,0.0,0.5147742779579508,0.0,1.0,0.8006716144039949,0.9999999900000092,0.0,0.17159142598598362,0.6002238714679983,ETTh2,raw,11064,11160,raw:11064:1,low,high
2,0.2234671684599263,0.13283872667924482,0.6284919372473096,0.375,0.8229301535705441,0.9999999900000092,0.0,0.32826594412882687,0.3993100511901814,ETTh2,raw,11064,11160,raw:11064:2,mid,low
3,0.4653312132848043,0.21843057790601017,0.5000821833008823,1.0,0.8620394120371891,0.9999999900000092,0.0,0.3946146581638989,0.6206798040123963,ETTh2,raw,11064,11160,raw:11064:3,mid,high
4,0.4282684318306923,0.12158771065209895,0.32686630446046766,0.75,0.9286720848113176,0.9999999900000092,0.0,0.29224081564775295,0.5595573616037726,ETTh2,raw,11064,11160,raw:11064:4,low,mid
5,0.9999999944247767,0.14943407645817425,0.35966552146152464,0.625,0.892588202906421,0.9999999900000092,0.0,0.5030331974481586,0.5058627343021403,ETTh2,raw,11064,11160,raw:11064:5,high,mid
6,0.7971783868369929,0.5990115377767334,0.4081409857649745,0.25,0.6004109951834911,0.9999999900000092,0.0,0.6014436367929002,0.28347033172783037,ETTh2,raw,11064,11160,raw:11064:6,high,low
0,0.34894058066210976,0.18738045755451244,0.5246115966231577,1.0,0.8874719230434727,0.9999999900000026,0.0,0.35364421161325993,0.6291573076811575,ETTh2,raw,11112,11208,raw:11112:0,mid,high
1,0.0,0.38521025252746244,0.5004818573633261,1.0,0.9090828601352007,0.9999999900000026,0.0,0.2952307032969295,0.6363609533784002,ETTh2,raw,11112,11208,raw:11112:1,low,high
2,0.35017972096178196,0.18285147763115345,0.5149678398638029,1.0,0.8207673944089283,0.9999999900000026,0.0,0.34933301281891277,0.6069224648029761,ETTh2,raw,11112,11208,raw:11112:2,mid,high
3,0.5797751843043997,0.2091507275239997,0.507505842405013,1.0,0.9119888500470681,0.9999999900000026,0.0,0.4321439180778041,0.637329616682356,ETTh2,raw,11112,11208,raw:11112:3,high,high
4,0.3283675503469732,0.21180824885034516,0.46397133435230475,0.75,0.9058455365222274,0.9999999900000026,0.0,0.3347157111832077,0.5519485121740758,ETTh2,raw,11112,11208,raw:11112:4,mid,mid
5,0.10614838141761651,0.1553460216863855,0.39403817740004776,0.5,0.858219284664306,0.9999999900000026,0.0,0.21851086016801657,0.45273976155476864,ETTh2,raw,11112,11208,raw:11112:5,low,mid
6,0.45589608838223794,0.17454453180259122,0.7097683878899886,0.25,0.5944687193459979,0.9999999900000026,0.0,0.4467363360249393,0.2814895731153326,ETTh2,raw,11112,11208,raw:11112:6,high,low
0,0.09718653783163478,0.2584330988244538,0.7709505901270605,1.0,0.9305782981693996,0.9999999900000024,0.0,0.37552340892771635,0.6435260993897999,ETTh2,raw,11136,11232,raw:11136:0,mid,high
1,0.0,0.1413265684342369,0.8802588858335489,1.0,0.9253382860374748,0.9999999900000024,0.0,0.3405284847559286,0.6417794286791583,ETTh2,raw,11136,11232,raw:11136:1,mid,high
2,0.18230854599352653,0.15990208907305167,0.6569695670099425,1.0,0.8693311810749477,0.9999999900000024,0.0,0.33306006735884025,0.6231103936916492,ETTh2,raw,11136,11232,raw:11136:2,mid,high
3,0.7607956410117503,0.14070995095357097,0.43629802844725146,1.0,0.9398174902509271,0.9999999900000024,0.0,0.44593454013752426,0.6466058300836424,ETTh2,raw,11136,11232,raw:11136:3,high,high
4,0.6079031066302647,0.10988851336635017,0.35524286196813865,0.5,0.904284847042373,0.9999999900000024,0.0,0.3576781606549178,0.46809494901412435,ETTh2,raw,11136,11232,raw:11136:4,mid,mid
5,0.7349352330981255,0.11999478225603785,0.20399902638338888,0.75,0.9473772759836787,0.9999999900000024,0.0,0.35297634724585075,0.5657924253278929,ETTh2,raw,11136,11232,raw:11136:5,mid,mid
6,0.4974715771621667,0.4280631259866712,0.2923246716586989,0.25,0.5798063808633153,0.9999999900000024,0.0,0.4059531249358456,0.2766021269544384,ETTh2,raw,11136,11232,raw:11136:6,mid,low
0,0.5363642121605714,0.29459614902658693,0.34531411039763227,0.5,0.911016782660817,0.9999999900000069,0.0,0.39209149052826353,0.4703389275536057,ETTh2,raw,11184,11280,raw:11184:0,mid,mid
1,0.0,0.21505144488149094,1.0,1.0,0.8842343859054752,0.9999999900000069,0.0,0.4050171482938303,0.6280781286351584,ETTh2,raw,11184,11280,raw:11184:1,mid,high
2,0.16947802325047834,0.3167136029353109,0.5117566280591445,0.625,0.8882408775667724,0.9999999900000069,0.0,0.33264941808164455,0.5044136258555908,ETTh2,raw,11184,11280,raw:11184:2,mid,mid
3,0.2113860201422334,0.28137364017548827,0.5046262918513755,1.0,0.8943982505157606,0.9999999900000069,0.0,0.33246198405636573,0.6314660835052536,ETTh2,raw,11184,11280,raw:11184:3,mid,high
4,0.8434393407845686,0.43493180184935,0.27478108340699264,0.625,0.9035167397546618,0.9999999900000069,0.0,0.5177174086803037,0.5095055799182205,ETTh2,raw,11184,11280,raw:11184:4,high,mid
5,0.9206327931102151,0.3021128017514275,0.10973428206432179,0.625,0.9628035212999252,0.9999999900000069,0.0,0.4441599589753215,0.5292678404333083,ETTh2,raw,11184,11280,raw:11184:5,high,mid
6,0.8190755696539286,0.07327949068552872,0.026931173286116036,0.125,0.3765629119668766,0.9999999900000069,0.0,0.3064287445418578,0.16718763732229217,ETTh2,raw,11184,11280,raw:11184:6,low,low
0,0.3928837678667598,0.21092855322211473,0.523307920236718,0.625,0.9552631688406581,0.9999999900000134,0.0,0.37570674710853086,0.5267543896135527,ETTh2,raw,11208,11304,raw:11208:0,mid,mid
1,0.0,0.1620603503587128,0.0,1.0,0.9397123681497624,0.9999999900000134,0.0,0.0540201167862376,0.6465707893832541,ETTh2,raw,11208,11304,raw:11208:1,low,high
2,0.1538115234582118,0.23423578859284722,0.5191454288885001,0.625,0.9406944391814858,0.9999999900000134,0.0,0.30239758031318636,0.5218981463938286,ETTh2,raw,11208,11304,raw:11208:2,low,mid
3,0.35978415609575276,0.12541122511307484,0.5143504082368869,1.0,0.8817055141450117,0.9999999900000134,0.0,0.33318192981523814,0.6272351713816705,ETTh2,raw,11208,11304,raw:11208:3,mid,high
4,0.5285991444335667,0.2804380882618643,0.5081127483929139,0.375,0.8337043978839205,0.9999999900000134,0.0,0.43904999369611497,0.4029014659613068,ETTh2,raw,11208,11304,raw:11208:4,high,low
5,0.2330751896952853,0.18509833693050926,0.5529394473801863,0.25,0.926894181752616,0.9999999900000134,0.0,0.3237043246686603,0.3922980605842053,ETTh2,raw,11208,11304,raw:11208:5,mid,low
6,0.7557079233042403,0.35221134865538206,0.09977956757873027,0.25,0.7785008129988393,0.9999999900000134,0.0,0.40256627984611754,0.34283360433294646,ETTh2,raw,11208,11304,raw:11208:6,mid,low
0,0.622201573284346,0.13963495381905167,0.5210824335184686,0.75,0.8887693021939334,0.9999999900000165,0.0,0.4276396535406221,0.5462564340646444,ETTh2,raw,11232,11328,raw:11232:0,high,mid
1,0.0,0.18766295949572542,0.0,0.125,0.9460318778036718,0.9999999900000165,0.0,0.06255431983190847,0.3570106259345573,ETTh2,raw,11232,11328,raw:11232:1,low,low
2,0.3945400015916819,0.10798973213119692,0.7066137796788388,0.625,0.8481152800727612,0.9999999900000165,0.0,0.4030478378005726,0.4910384266909204,ETTh2,raw,11232,11328,raw:11232:2,mid,mid
3,0.7771035951107823,0.21540936778431816,0.4846749583465664,1.0,0.8660263184440858,0.9999999900000165,0.0,0.49239597374722227,0.6220087728146954,ETTh2,raw,11232,11328,raw:11232:3,high,high
4,0.6351814376743775,0.3094855866713156,0.337559844590646,0.75,0.8224425220038415,0.9999999900000165,0.0,0.42740895631211306,0.5241475073346139,ETTh2,raw,11232,11328,raw:11232:4,high,mid
5,0.7952472599245859,0.19934955221893988,0.512583845008274,1.0,0.9101293656552053,0.9999999900000165,0.0,0.5023935523839332,0.6367097885517351,ETTh2,raw,11232,11328,raw:11232:5,high,high
6,0.641554494825679,0.25591793063965274,0.6794370012088893,0.25,0.7408002581039779,0.9999999900000165,0.0,0.5256364755580737,0.33026675270132594,ETTh2,raw,11232,11328,raw:11232:6,high,low
0,0.5468574384353078,0.41694874130391846,0.48799747016383005,0.25,0.8548608568359144,0.9999999900000031,0.0,0.4839345499676854,0.3682869522786381,ETTh2,raw,11280,11376,raw:11280:0,high,low
1,0.0,0.05957121526605336,0.5,0.25,0.8616796904408961,0.9999999900000031,0.0,0.18652373842201778,0.37055989681363205,ETTh2,raw,11280,11376,raw:11280:1,low,low
2,0.4864583678280534,0.38172255213053696,0.4571259524821018,0.25,0.8648971234539367,0.9999999900000031,0.0,0.44176895748023076,0.37163237448464553,ETTh2,raw,11280,11376,raw:11280:2,high,low
3,0.837668659404722,0.28745350290914085,0.5230963026151817,0.375,0.9201188872389564,0.9999999900000031,0.0,0.5494061549763481,0.43170629574631886,ETTh2,raw,11280,11376,raw:11280:3,high,mid
4,0.5308007477066832,0.21568293499172775,0.5206103997013211,0.75,0.8766244351130947,0.9999999900000031,0.0,0.422364694133244,0.5422081450376982,ETTh2,raw,11280,11376,raw:11280:4,mid,mid
5,0.9043173894759323,0.2966049387827754,0.29026215887528883,0.625,0.8369748959847176,0.9999999900000031,0.0,0.4970614957113321,0.4873249653282392,ETTh2,raw,11280,11376,raw:11280:5,high,mid
6,0.42643530705974775,0.32718459386631327,0.3430269956451703,0.25,0.7306155532038953,0.9999999900000031,0.0,0.3655489655237438,0.32687185106796507,ETTh2,raw,11280,11376,raw:11280:6,mid,low
0,0.6066754851826625,0.24634263493492534,0.6293649386182888,0.25,0.8241757225846292,0.9999999900000028,0.0,0.4941276862452922,0.35805857419487647,ETTh2,raw,11304,11400,raw:11304:0,high,low
1,0.0,0.5413881681803565,0.5,0.25,0.8422022193276614,0.9999999900000028,0.0,0.34712938939345217,0.36406740644255375,ETTh2,raw,11304,11400,raw:11304:1,mid,low
2,0.5082811618349563,0.33921250835570654,0.4883829463581001,0.25,0.8375608550248481,0.9999999900000028,0.0,0.4452922055162543,0.3625202850082827,ETTh2,raw,11304,11400,raw:11304:2,high,low
3,0.8972118870648814,0.3607993821752653,0.13143815904332287,0.5,0.9083209981291933,0.9999999900000028,0.0,0.46314980942782324,0.4694403327097311,ETTh2,raw,11304,11400,raw:11304:3,high,mid
4,0.4282549701216378,0.30166050226928337,0.44030526961089195,0.75,0.930082069989924,0.9999999900000028,0.0,0.39007358066727105,0.560027356663308,ETTh2,raw,11304,11400,raw:11304:4,mid,mid
5,0.560373456771099,0.21253897476548683,0.4192674657999332,0.75,0.8671057248479279,0.9999999900000028,0.0,0.39739329911217297,0.5390352416159759,ETTh2,raw,11304,11400,raw:11304:5,mid,mid
6,0.4896119392473437,0.4382255852364082,0.6551644684982245,0.375,0.763904085359223,0.9999999900000028,0.0,0.5276673309939922,0.37963469511974096,ETTh2,raw,11304,11400,raw:11304:6,high,low
0,0.950354510984949,0.2668198869718986,0.43180703714945773,0.25,0.8720429934635286,0.9999999900000031,0.0,0.5496604783687685,0.3740143311545096,ETTh2,raw,11352,11448,raw:11352:0,high,low
1,0.0,0.23919624376471638,0.0,1.0,0.8641113080649796,0.9999999900000031,0.0,0.07973208125490545,0.6213704360216599,ETTh2,raw,11352,11448,raw:11352:1,low,high
2,0.9326154608216678,0.2935385522005406,0.4955786043914987,0.125,0.851699569701209,0.9999999900000031,0.0,0.5739108724712357,0.3255665232337363,ETTh2,raw,11352,11448,raw:11352:2,high,low
3,0.9648690854456059,0.24407517976933982,0.3684126653287525,0.75,0.9390256174819993,0.9999999900000031,0.0,0.5257856435145661,0.5630085391606664,ETTh2,raw,11352,11448,raw:11352:3,high,mid
4,0.342795306943128,0.15271586238230125,0.45395102072638516,0.875,0.9919113300241802,0.9999999900000031,0.0,0.31648739668393816,0.6223037766747267,ETTh2,raw,11352,11448,raw:11352:4,low,high
5,0.4298558701463975,0.17336418510713322,0.44607682325982856,1.0,0.9388937869729491,0.9999999900000031,0.0,0.3497656261711198,0.646297928990983,ETTh2,raw,11352,11448,raw:11352:5,mid,high
6,0.5819237861452402,0.11533939297457765,0.3015625707809733,0.25,0.5262934735123964,0.9999999900000031,0.0,0.332941916633597,0.2587644911707988,ETTh2,raw,11352,11448,raw:11352:6,mid,low
0,0.7665136635056883,0.16599233664202506,0.04554599326874654,0.125,0.6971288258044565,0.9999999900000036,0.0,0.32601733113882,0.2740429419348188,ETTh2,raw,11376,11472,raw:11376:0,mid,low
1,0.0,0.25281379941334925,0.5,0.875,0.9471169527988432,0.9999999900000036,0.0,0.25093793313778306,0.6073723175996144,ETTh2,raw,11376,11472,raw:11376:1,low,high
2,0.6816571316158253,0.22325478617335237,0.042354303990305375,0.125,0.6931566894294096,0.9999999900000036,0.0,0.3157554072598277,0.27271889647646985,ETTh2,raw,11376,11472,raw:11376:2,low,low
3,0.999999999269867,0.2058399619674841,0.02206455742039168,0.25,0.8077426887445225,0.9999999900000036,0.0,0.4093015062192476,0.3525808962481742,ETTh2,raw,11376,11472,raw:11376:3,mid,low
4,0.44009338639335827,0.3925793138901058,0.3256171172949813,0.875,0.962456324091142,0.9999999900000036,0.0,0.38609660585948175,0.612485441363714,ETTh2,raw,11376,11472,raw:11376:4,mid,high
5,0.6273262589182665,0.321710713693441,0.3435508931444984,1.0,0.9501219767755718,0.9999999900000036,0.0,0.4308626219187353,0.6500406589251906,ETTh2,raw,11376,11472,raw:11376:5,high,high
6,0.7630580734127381,0.0857135157133197,0.46669054434459345,0.25,0.5105545254922906,0.9999999900000036,0.0,0.43848737782355046,0.25351817516409686,ETTh2,raw,11376,11472,raw:11376:6,high,low
0,0.8241541485905342,0.16419007819539222,0.6195770922023506,0.25,0.7829511369478024,0.9999999900000041,0.0,0.5359737729960923,0.34431704564926746,ETTh2,raw,11400,11496,raw:11400:0,high,low
1,0.0,0.1910347855803562,1.0,1.0,0.8547345913957114,0.9999999900000041,0.0,0.3970115951934521,0.6182448637985705,ETTh2,raw,11400,11496,raw:11400:1,mid,high
2,0.8456744447931173,0.13589102317120852,0.4869192248677496,0.25,0.7197541257972777,0.9999999900000041,0.0,0.4894948976106918,0.32325137526575926,ETTh2,raw,11400,11496,raw:11400:2,high,low
3,0.7542470618849992,0.1472833561269768,0.9999999929503458,0.375,0.8905957608495236,0.9999999900000041,0.0,0.6338434703207739,0.4218652536165079,ETTh2,raw,11400,11496,raw:11400:3,high,mid
4,0.21238764116456665,0.16802734431515526,0.47301953153579324,1.0,0.9747146502879124,0.9999999900000041,0.0,0.28447817233850503,0.6582382167626375,ETTh2,raw,11400,11496,raw:11400:4,low,high
5,0.5960137700358324,0.31326022725997743,0.45878307688477743,1.0,0.7925570996413641,0.9999999900000041,0.0,0.45601902472686245,0.597519033213788,ETTh2,raw,11400,11496,raw:11400:5,high,mid
6,0.6447136450575495,0.10173148228309124,0.40450553102597503,0.25,0.4310326910353927,0.9999999900000041,0.0,0.3836502194555386,0.22701089701179758,ETTh2,raw,11400,11496,raw:11400:6,mid,low
0,0.6315148553709022,0.45476413208181443,0.6106521549050793,0.5,0.9588014342181475,0.9999999900000082,0.0,0.5656437141192653,0.4862671447393825,ETTh2,raw,11448,11544,raw:11448:0,high,mid
1,0.0,0.14295370049547018,0.5,1.0,0.8729512511856408,0.9999999900000082,0.0,0.21431790016515673,0.6243170837285469,ETTh2,raw,11448,11544,raw:11448:1,low,high
2,0.7203335860905689,0.5990067271567957,0.5525396310367741,0.5,0.9490522748334559,0.9999999900000082,0.0,0.6239599814280462,0.48301742494448535,ETTh2,raw,11448,11544,raw:11448:2,high,mid
3,0.5863816578925631,0.3019467658092935,0.4193329023187314,1.0,0.9029835498530606,0.9999999900000082,0.0,0.43588710867352937,0.6343278499510202,ETTh2,raw,11448,11544,raw:11448:3,high,high
4,0.37566572880407834,0.2415786833907539,0.49332342300352,1.0,0.8802233833262355,0.9999999900000082,0.0,0.3701892783994507,0.6267411277754119,ETTh2,raw,11448,11544,raw:11448:4,mid,high
5,0.2434155674930989,0.21726452056152706,0.5232798794119324,1.0,0.8908827990338909,0.9999999900000082,0.0,0.32798665582218617,0.6302942663446304,ETTh2,raw,11448,11544,raw:11448:5,mid,high
6,0.30452270463778786,0.06497267718306507,0.4290259490903463,0.25,0.38790622408448044,0.9999999900000082,0.0,0.26617377697039973,0.21263540802816014,ETTh2,raw,11448,11544,raw:11448:6,low,low
0,0.1970598393566887,0.09778877926205816,0.5145018049151638,1.0,0.826566117718666,0.9999999900000063,0.0,0.2697834745113035,0.6088553725728887,ETTh2,raw,11472,11568,raw:11472:0,low,high
1,0.0,0.15219862240096516,1.0,1.0,0.9294922376226222,0.9999999900000063,0.0,0.38406620746698844,0.6431640792075407,ETTh2,raw,11472,11568,raw:11472:1,mid,high
2,0.37512366720954127,0.10643767648242021,0.5336090986866253,1.0,0.8080081200949802,0.9999999900000063,0.0,0.33839014745952894,0.6026693733649934,ETTh2,raw,11472,11568,raw:11472:2,mid,high
3,0.38565748822048695,0.22640093964389668,0.31236282199095583,1.0,0.7748006286497828,0.9999999900000063,0.0,0.3081404166184465,0.5916002095499276,ETTh2,raw,11472,11568,raw:11472:3,low,mid
4,0.4121852162254014,0.2632188813013721,0.5740558342432649,1.0,0.8907293532147544,0.9999999900000063,0.0,0.4164866439233461,0.6302431177382515,ETTh2,raw,11472,11568,raw:11472:4,mid,high
5,0.8093406649831707,0.34024164315668404,0.5591676928114167,0.875,0.9064945650556167,0.9999999900000063,0.0,0.5695833336504238,0.5938315216852056,ETTh2,raw,11472,11568,raw:11472:5,high,mid
6,0.32421120265728043,0.06034083257684325,0.36463400603865975,0.25,0.3727877519667424,0.9999999900000063,0.0,0.24972868042426113,0.20759591732224747,ETTh2,raw,11472,11568,raw:11472:6,low,low
0,0.4606821790355047,0.2960315291224307,0.7044718526375867,1.0,0.8124719495923652,0.9999999900000132,0.0,0.48706185359850734,0.6041573165307884,ETTh2,raw,11520,11616,raw:11520:0,high,high
1,0.0,0.18960206187157666,1.0,0.0,0.9699017157666072,0.9999999900000132,0.0,0.39653402062385884,0.3233005719222024,ETTh2,raw,11520,11616,raw:11520:1,mid,low
2,0.09102051823826873,0.26861979159127103,0.6217026524272693,1.0,0.798886477471915,0.9999999900000132,0.0,0.3271143207522697,0.5996288258239716,ETTh2,raw,11520,11616,raw:11520:2,mid,mid
3,0.5614590261346095,0.20871487106123465,0.29486105725619355,1.0,0.8932423708022599,0.9999999900000132,0.0,0.35501165148401254,0.6310807902674199,ETTh2,raw,11520,11616,raw:11520:3,mid,high
4,0.24007229643537764,0.2084651859172712,0.7452479633176894,0.75,0.8677335201111859,0.9999999900000132,0.0,0.39792848189011276,0.5392445067037287,ETTh2,raw,11520,11616,raw:11520:4,mid,mid
5,0.7452710354599659,0.11797847203430187,0.12423140347865676,0.875,0.8541963174183763,0.9999999900000132,0.0,0.32916030365764154,0.5763987724727921,ETTh2,raw,11520,11616,raw:11520:5,mid,mid
6,0.4924546621556074,0.018942001298406442,0.9634311519066935,0.25,0.34640497120280317,0.9999999900000132,0.0,0.49160927178690245,0.19880165706760108,ETTh2,raw,11520,11616,raw:11520:6,high,low
0,0.32321742914990215,0.14576812613736592,0.6467615436863109,0.625,0.8968843616837696,0.9999999900000135,0.0,0.37191569965785964,0.5072947872279232,ETTh2,raw,11544,11640,raw:11544:0,mid,mid
1,0.0,0.2010724498177726,0.0,0.25,0.9221800127677241,0.9999999900000135,0.0,0.06702414993925754,0.39072667092257474,ETTh2,raw,11544,11640,raw:11544:1,low,low
2,0.24155407153376274,0.13932683261449758,0.654033130290881,0.875,0.8264961898406894,0.9999999900000135,0.0,0.3449713448130471,0.5671653966135631,ETTh2,raw,11544,11640,raw:11544:2,mid,mid
3,0.5569691656488749,0.20561245218674906,0.5054135927515243,1.0,0.9264260145354821,0.9999999900000135,0.0,0.42266507019571603,0.6421420048451607,ETTh2,raw,11544,11640,raw:11544:3,mid,high
4,0.09319406170417077,0.19882848174651732,0.5107139020390329,0.875,0.916422617906347,0.9999999900000135,0.0,0.26757881516324034,0.597140872635449,ETTh2,raw,11544,11640,raw:11544:4,low,mid
5,0.21745380437163098,0.22626619652423874,0.38055232384308346,0.75,0.9616013399951859,0.9999999900000135,0.0,0.27475744157965104,0.5705337799983953,ETTh2,raw,11544,11640,raw:11544:5,low,mid
6,0.05475116287337678,0.022336221224716117,0.28484844817267563,0.25,0.34014294174803544,0.9999999900000135,0.0,0.1206452774235895,0.19671431391601182,ETTh2,raw,11544,11640,raw:11544:6,low,low
0,0.4497354125511589,0.2537362243109935,0.3886919982959872,0.375,0.867985245959431,0.9999999900000595,0.0,0.36405454505271323,0.41432841531981035,ETTh2,raw,11592,11688,raw:11592:0,mid,low
1,0.0,0.48876828508373754,0.0,0.25,0.7255595126045773,0.9999999900000595,0.0,0.16292276169457917,0.3251865042015258,ETTh2,raw,11592,11688,raw:11592:1,low,low
2,0.32104679531087343,0.20853485938318556,0.45110525334289747,0.25,0.8134888361744735,0.9999999900000595,0.0,0.3268956360123188,0.35449627872482453,ETTh2,raw,11592,11688,raw:11592:2,mid,low
3,0.6319107875316935,0.2357356781817843,0.417212189265021,1.0,0.824577280419529,0.9999999900000595,0.0,0.42828621832616626,0.6081924268065096,ETTh2,raw,11592,11688,raw:11592:3,high,high
4,0.06474147637359351,0.14860805807327734,0.497584228784672,0.75,0.9468673765703953,0.9999999900000595,0.0,0.23697792107718096,0.5656224588567985,ETTh2,raw,11592,11688,raw:11592:4,low,mid
5,0.23286208212159853,0.10090428984176847,0.47909139117801863,0.875,0.8738999286678502,0.9999999900000595,0.0,0.2709525877137952,0.5829666428892833,ETTh2,raw,11592,11688,raw:11592:5,low,mid
6,0.28632979307481965,0.016693048229974777,0.2189295531005804,0.25,0.3258802320620088,0.9999999900000595,0.0,0.17398413146845826,0.19196007735400292,ETTh2,raw,11592,11688,raw:11592:6,low,low
0,0.9999999963869701,0.27866663252512025,0.4821811306466985,0.375,0.9102857396377169,0.9999999900001397,0.0,0.5869492531862629,0.42842857987923894,ETTh2,raw,11616,11712,raw:11616:0,high,mid
1,0.0,0.46116009939718616,0.0,0.125,0.7507706213474752,0.9999999900001397,0.0,0.15372003313239538,0.2919235404491584,ETTh2,raw,11616,11712,raw:11616:1,low,low
2,0.7567491583200427,0.3171734704880219,0.5139601615765884,0.25,0.9113798848678771,0.9999999900001397,0.0,0.5292942634615511,0.3871266282892924,ETTh2,raw,11616,11712,raw:11616:2,high,low
3,0.9999999940613287,0.32586877864178326,0.5255466203164683,0.625,0.9473095609820598,0.9999999900001397,0.0,0.6171384643398601,0.5241031869940199,ETTh2,raw,11616,11712,raw:11616:3,high,mid
4,0.9849470714090662,0.34337353208173105,0.3477644803500898,0.75,0.9552891770380219,0.9999999900001397,0.0,0.5586950279469624,0.5684297256793406,ETTh2,raw,11616,11712,raw:11616:4,high,mid
5,0.9999999928708714,0.24250894378064602,0.7557457596083268,1.0,0.8821100520061692,0.9999999900001397,0.0,0.6660848987532814,0.6273700173353897,ETTh2,raw,11616,11712,raw:11616:5,high,high
6,0.9907417932845846,0.21713696641913585,0.17371909775233452,0.375,0.4173119284203083,0.9999999900001397,0.0,0.46053261915201826,0.2641039761401028,ETTh2,raw,11616,11712,raw:11616:6,high,low
0,0.9612721931575602,0.4369260689649323,0.9757458002170973,0.875,0.869505449699148,0.9999999900001988,0.0,0.7913146874465299,0.5815018165663827,ETTh2,raw,11640,11736,raw:11640:0,high,mid
1,0.0,0.4603805309948305,0.0,0.25,0.7481631503827614,0.9999999900001988,0.0,0.15346017699827683,0.3327210501275871,ETTh2,raw,11640,11736,raw:11640:1,low,low
2,0.9931007447075167,0.4256038239522088,0.9549934755148343,1.0,0.8975987635739311,0.9999999900001988,0.0,0.7912326813915199,0.6325329211913103,ETTh2,raw,11640,11736,raw:11640:2,high,high
3,0.979554459944048,0.31342438209218226,0.07466200975029592,1.0,0.9625068258789515,0.9999999900001988,0.0,0.45588028392884206,0.6541689419596505,ETTh2,raw,11640,11736,raw:11640:3,high,high
4,0.9799417533872257,0.23620677424892925,0.9140943367344743,0.625,0.8982327399231453,0.9999999900001988,0.0,0.7100809547902097,0.5077442466410484,ETTh2,raw,11640,11736,raw:11640:4,high,mid
5,0.9947970293831314,0.21992823758233454,0.4234580804494205,0.875,0.8863760483258517,0.9999999900001988,0.0,0.5460611158049622,0.5871253494419505,ETTh2,raw,11640,11736,raw:11640:5,high,mid
6,0.9999999991674419,0.3641694228338975,0.10565539714776247,0.25,0.6774541458096179,0.9999999900001988,0.0,0.48994160638303397,0.3091513819365393,ETTh2,raw,11640,11736,raw:11640:6,high,low
0,0.9696504009468728,0.2938799337218692,0.3560152126217868,1.0,0.8419210273200171,3.5923626139038767,0.4320604349305454,0.5398485157635097,0.7579938207501874,ETTh2,raw,11688,11784,raw:11688:0,high,high
1,0.0,0.0,0.0,0.0,-0.0,3.5923626139038767,0.4320604349305454,0.0,0.14402014497684848,ETTh2,raw,11688,11784,raw:11688:1,low,low
2,0.9946243759161315,0.34315971743646045,0.43854116796348974,1.0,0.8457114609154858,3.5923626139038767,0.4320604349305454,0.5921084204386938,0.7592572986153437,ETTh2,raw,11688,11784,raw:11688:2,high,high
3,1.0,0.17505305695451542,0.44225451549002565,1.0,0.9442056484944218,3.5923626139038767,0.4320604349305454,0.5391025241481804,0.7920886944749891,ETTh2,raw,11688,11784,raw:11688:3,high,high
4,0.97043551598059,0.263780503282825,0.57493633892201,0.75,0.8510239121214644,3.5923626139038767,0.4320604349305454,0.6030507860618083,0.6776947823506699,ETTh2,raw,11688,11784,raw:11688:4,high,high
5,0.9834489417405095,0.11160721558421878,0.49293004800871604,0.375,0.8318006825013765,3.5923626139038767,0.4320604349305454,0.5293287351111481,0.546287039143974,ETTh2,raw,11688,11784,raw:11688:5,high,mid
6,0.9999999995140002,0.1632029929826991,0.47147758285258456,0.25,0.6708945707614098,3.5923626139038767,0.4320604349305454,0.544893525116428,0.45098500189731844,ETTh2,raw,11688,11784,raw:11688:6,high,mid
0,0.18638245345629878,0.19112975651019376,0.3729856190469296,0.75,0.8254286707721967,0.9999999900000096,0.0,0.25016594300447403,0.5251428902573989,ETTh2,raw,11712,11808,raw:11712:0,low,mid
1,0.0,0.0,0.0,0.0,-0.0,0.9999999900000096,0.0,0.0,0.0,ETTh2,raw,11712,11808,raw:11712:1,low,low
2,0.08440938541249587,0.21173124535091442,0.4327139820495298,1.0,0.8394918946902453,0.9999999900000096,0.0,0.24295153760431334,0.6131639648967484,ETTh2,raw,11712,11808,raw:11712:2,low,high
3,0.9999999949664868,0.23660231459230177,0.3106009961301765,1.0,0.8462111694380022,0.9999999900000096,0.0,0.515734435229655,0.6154037231460007,ETTh2,raw,11712,11808,raw:11712:3,high,high
4,0.6713788025611933,0.2533685931173587,0.4956208742604927,1.0,0.8383535888229293,0.9999999900000096,0.0,0.4734560899796816,0.6127845296076431,ETTh2,raw,11712,11808,raw:11712:4,high,high
5,0.28451575449595956,0.24565394607042715,0.5139166332695149,0.375,0.8354226536998931,0.9999999900000096,0.0,0.34802877794530057,0.4034742178999644,ETTh2,raw,11712,11808,raw:11712:5,mid,low
6,0.5175952631608618,0.07548880671107935,0.31393014640800543,0.25,0.43139395627327565,0.9999999900000096,0.0,0.30233807209331554,0.22713131875775852,ETTh2,raw,11712,11808,raw:11712:6,low,low
0,0.29409565269794313,0.15532490109812785,0.622660037539185,0.875,0.8264760906027477,3.0209569041934494,0.3368261501375313,0.357360197111752,0.6794340802467597,ETTh2,raw,11760,11856,raw:11760:0,mid,high
1,0.0,0.0,0.0,0.0,-0.0,3.0209569041934494,0.3368261501375313,0.0,0.1122753833791771,ETTh2,raw,11760,11856,raw:11760:1,low,low
2,0.22345157898259915,0.12290712916695554,0.6517855407898182,1.0,0.8310584215797259,3.0209569041934494,0.3368261501375313,0.33271474964645764,0.722628190572419,ETTh2,raw,11760,11856,raw:11760:2,mid,high
3,0.9999999978899111,0.23989239142898577,0.03819433238303284,1.0,0.85073433828039,3.0209569041934494,0.3368261501375313,0.42602890723397663,0.7291868294726404,ETTh2,raw,11760,11856,raw:11760:3,high,high
4,0.2696079744689015,0.17422189511391645,0.5280341143669499,1.0,0.8193776505694889,3.0209569041934494,0.3368261501375313,0.3239546613165893,0.7187346002356733,ETTh2,raw,11760,11856,raw:11760:4,mid,high
5,0.37083545682486774,0.12929119984715465,0.494033291127809,0.5,0.7284457934206732,3.0209569041934494,0.3368261501375313,0.3313866492666105,0.5217573145194015,ETTh2,raw,11760,11856,raw:11760:5,mid,mid
6,0.24024185111253715,0.058154444024216205,0.43274437089681556,0.25,0.463052550591652,3.0209569041934494,0.3368261501375313,0.24371355534452296,0.3499595669097278,ETTh2,raw,11760,11856,raw:11760:6,low,low
0,0.16236089733040793,0.18373329753552403,0.49633364616941256,1.0,0.8650661314871547,3.3231721639582656,0.38719536001438537,0.2808092803451148,0.7507538305005133,ETTh2,raw,11784,11880,raw:11784:0,low,high
1,0.0,0.0,0.0,0.0,-0.0,3.3231721639582656,0.38719536001438537,0.0,0.12906512000479511,ETTh2,raw,11784,11880,raw:11784:1,low,low
2,0.2812280977828022,0.1605049237555081,0.452338200958619,1.0,0.8787724300897941,3.3231721639582656,0.38719536001438537,0.29802374083230976,0.7553225967013931,ETTh2,raw,11784,11880,raw:11784:2,low,high
3,0.41625297755747415,0.19090296372505455,0.49200052096672753,1.0,0.8765949660244544,3.3231721639582656,0.38719536001438537,0.36638548741641874,0.7545967753462799,ETTh2,raw,11784,11880,raw:11784:3,mid,high
4,0.11309512643418573,0.22407169278417766,0.4181219086601014,1.0,0.8053111536166832,3.3231721639582656,0.38719536001438537,0.2517629092928216,0.7308355045436894,ETTh2,raw,11784,11880,raw:11784:4,low,high
5,0.6374247553219978,0.19942498871630127,0.5039754810241086,0.625,0.7664946301111367,3.3231721639582656,0.38719536001438537,0.44694174168746925,0.5928966633751741,ETTh2,raw,11784,11880,raw:11784:5,high,mid
6,0.3933022476277961,0.017129602363241833,0.5690278872179186,0.25,0.4433891844595739,3.3231721639582656,0.38719536001438537,0.3264865790696522,0.3601948481579864,ETTh2,raw,11784,11880,raw:11784:6,mid,low
0,0.20832722287071237,0.14027350498526223,0.49552541699742814,0.75,0.8065010936894067,0.9999999900000786,0.0,0.2813753816178009,0.5188336978964689,ETTh2,raw,11808,11904,raw:11808:0,low,mid
1,0.0,0.4846064125092258,0.0,0.0,0.7376538876164745,0.9999999900000786,0.0,0.1615354708364086,0.2458846292054915,ETTh2,raw,11808,11904,raw:11808:1,low,low
2,0.1950704891318913,0.14116277817845788,0.4765687860009277,0.875,0.8108899832372213,0.9999999900000786,0.0,0.27093401777042564,0.5619633277457404,ETTh2,raw,11808,11904,raw:11808:2,low,mid
3,0.355853953755759,0.21407471615630713,0.4856145502464989,1.0,0.7858844023108373,0.9999999900000786,0.0,0.351847740052855,0.5952948007702791,ETTh2,raw,11808,11904,raw:11808:3,mid,mid
4,0.4515795541664872,0.24825313397423693,0.5196169882100197,0.875,0.8426149649513622,0.9999999900000786,0.0,0.40648322545024795,0.572538321650454,ETTh2,raw,11808,11904,raw:11808:4,mid,mid
5,0.3820152292050115,0.4151213802169395,0.450663940439844,0.875,0.9274343269693216,0.9999999900000786,0.0,0.41593351662059835,0.6008114423231072,ETTh2,raw,11808,11904,raw:11808:5,mid,high
6,0.42826712707774095,0.03178730595959386,0.8360671715506487,0.25,0.39656036139398854,0.9999999900000786,0.0,0.4320405348626612,0.21552012046466285,ETTh2,raw,11808,11904,raw:11808:6,high,low
0,0.13026859760060105,0.36077180388350194,0.6384283115704786,0.875,0.9420150013003132,0.9999999900000387,0.0,0.3764895710181939,0.6056716671001044,ETTh2,raw,11856,11952,raw:11856:0,mid,high
1,0.0,6.146989630296444e-07,0.0,0.125,0.7256800117135574,0.9999999900000387,0.0,2.0489965434321482e-07,0.28356000390451913,ETTh2,raw,11856,11952,raw:11856:1,low,low
2,0.1928219274943953,0.39541199367616653,0.6089881494576853,0.875,0.9172777644098701,0.9999999900000387,0.0,0.39907402354274907,0.5974259214699567,ETTh2,raw,11856,11952,raw:11856:2,mid,mid
3,0.04666946012377082,0.20629317555200172,0.5164932275281693,1.0,0.8952365744929219,0.9999999900000387,0.0,0.2564852877346473,0.6317455248309739,ETTh2,raw,11856,11952,raw:11856:3,low,high
4,0.15629562354693383,0.17827074663164022,0.49864992551797593,1.0,0.8880202589098113,0.9999999900000387,0.0,0.2777387652321833,0.6293400863032704,ETTh2,raw,11856,11952,raw:11856:4,low,high
5,0.5409888782256607,0.2007678348643852,0.6344625765433031,0.75,0.9121901489744887,0.9999999900000387,0.0,0.4587397632111163,0.5540633829914962,ETTh2,raw,11856,11952,raw:11856:5,high,mid
6,0.1423373672342867,0.02379994065129605,0.3917190422947373,0.25,0.47507454071849,0.9999999900000387,0.0,0.18595211672677334,0.24169151357283,ETTh2,raw,11856,11952,raw:11856:6,low,low
0,0.44631351767233574,0.20224513722501003,0.5668846893893102,1.0,0.8580612963620091,0.9999999900000366,0.0,0.40514778142888536,0.619353765454003,ETTh2,raw,11880,11976,raw:11880:0,mid,high
1,0.0,1.8224832789421544e-08,0.0,0.125,0.7211827931788547,0.9999999900000366,0.0,6.0749442631405145e-09,0.2820609310596182,ETTh2,raw,11880,11976,raw:11880:1,low,low
2,0.2851782712017129,0.3291216573561859,0.6304053385797291,1.0,0.905975666389487,0.9999999900000366,0.0,0.4149017557125427,0.635325222129829,ETTh2,raw,11880,11976,raw:11880:2,mid,high
3,0.6400575111317549,0.23244299941530977,0.6305835101013116,1.0,0.8754394535714959,0.9999999900000366,0.0,0.501028006882792,0.625146484523832,ETTh2,raw,11880,11976,raw:11880:3,high,high
4,0.20187056725260544,0.18868117645423743,0.47976219155904165,1.0,0.8561152732240779,0.9999999900000366,0.0,0.29010464508862815,0.6187050910746926,ETTh2,raw,11880,11976,raw:11880:4,low,high
5,0.24182312193384747,0.3227755699962788,0.356455109108921,1.0,0.9326491875965287,0.9999999900000366,0.0,0.3070179336796824,0.6442163958655095,ETTh2,raw,11880,11976,raw:11880:5,low,high
6,0.4644219836969068,0.028450719009405108,0.321674296492827,0.25,0.4152291886688491,0.9999999900000366,0.0,0.271515666399713,0.22174306288961634,ETTh2,raw,11880,11976,raw:11880:6,low,low
0,0.29571923323055527,0.19221219364678493,0.476267296836772,0.875,0.811065764540578,0.9999999900000889,0.0,0.32139957457137075,0.562021921513526,ETTh2,raw,11928,12024,raw:11928:0,low,mid
1,0.0,0.4716461171058387,0.0,0.5,0.7319085694187666,0.9999999900000889,0.0,0.1572153723686129,0.41063618980625555,ETTh2,raw,11928,12024,raw:11928:1,low,low
2,0.18180762371497006,0.11767939564909691,0.5536766522466977,0.625,0.851618213734968,0.9999999900000889,0.0,0.28438789053692154,0.4922060712449894,ETTh2,raw,11928,12024,raw:11928:2,low,mid
3,0.26028295558997183,0.06797040649067183,0.43565980349013506,1.0,0.8904556564358683,0.9999999900000889,0.0,0.25463772185692624,0.6301518854786228,ETTh2,raw,11928,12024,raw:11928:3,low,high
4,0.22941396524874558,0.2917474195083257,0.45456586811594485,1.0,0.9079735554114049,0.9999999900000889,0.0,0.3252424176243387,0.635991185137135,ETTh2,raw,11928,12024,raw:11928:4,mid,high
5,0.41924803347068196,0.24080822312502803,0.4700302307173896,0.75,0.8409124305269133,0.9999999900000889,0.0,0.3766954957710332,0.5303041435089711,ETTh2,raw,11928,12024,raw:11928:5,mid,mid
6,0.3575510803729035,0.06333239808383473,0.4144567245658621,0.25,0.5013838974046246,0.9999999900000889,0.0,0.27844673434086675,0.25046129913487486,ETTh2,raw,11928,12024,raw:11928:6,low,low
0,0.3938149811295345,0.16601075514063626,0.36064656458626143,1.0,0.8945960521730434,0.9999999900000364,0.0,0.3068241002854774,0.6315320173910145,ETTh2,raw,11952,12048,raw:11952:0,low,high
1,0.0,0.48197238840724077,0.0,0.625,0.7538691546654172,0.9999999900000364,0.0,0.16065746280241358,0.4596230515551391,ETTh2,raw,11952,12048,raw:11952:1,low,mid
2,0.47819030824327846,0.34067462910777313,0.40909996297877294,1.0,0.9650145609800628,0.9999999900000364,0.0,0.4093216334432748,0.6550048536600209,ETTh2,raw,11952,12048,raw:11952:2,mid,high
3,0.6002860009055888,0.3392665376516738,0.4822819709091939,0.875,0.8753025232036281,0.9999999900000364,0.0,0.47394483648881885,0.5834341744012094,ETTh2,raw,11952,12048,raw:11952:3,high,mid
4,0.3761721513259817,0.2795758671593982,0.39760994470660005,1.0,0.9398942352301064,0.9999999900000364,0.0,0.35111932106399335,0.6466314117433688,ETTh2,raw,11952,12048,raw:11952:4,mid,high
5,0.24518459823022698,0.2530235446241445,0.470002470941359,0.875,0.8462197958566106,0.9999999900000364,0.0,0.3227368712652435,0.5737399319522035,ETTh2,raw,11952,12048,raw:11952:5,low,mid
6,0.6998862079179111,0.06320437622143615,0.5052758568676402,0.25,0.574699109817878,0.9999999900000364,0.0,0.42278881366899584,0.274899703272626,ETTh2,raw,11952,12048,raw:11952:6,mid,low
0,0.4296659191652654,0.26109319400634423,0.6200301736472014,0.75,0.9563072772505232,0.9999999900000259,0.0,0.43692976227293706,0.568769092416841,ETTh2,raw,11976,12072,raw:11976:0,high,mid
1,0.0,0.4724585502415227,0.0,0.5,0.7666393105789021,0.9999999900000259,0.0,0.1574861834138409,0.42221310352630076,ETTh2,raw,11976,12072,raw:11976:1,low,mid
2,0.42263057157432093,0.3780293515799841,0.544059936513698,1.0,0.977533320431511,0.9999999900000259,0.0,0.4482399532226677,0.6591777734771703,ETTh2,raw,11976,12072,raw:11976:2,high,high
3,0.25213788647267044,0.1630860685142294,0.4457098801404202,1.0,0.906404573137805,0.9999999900000259,0.0,0.28697794504244,0.635468191045935,ETTh2,raw,11976,12072,raw:11976:3,low,high
4,0.16066502182929954,0.17124485911491544,0.3495391269891721,0.875,0.8564583975592431,0.9999999900000259,0.0,0.227149669311129,0.5771527991864144,ETTh2,raw,11976,12072,raw:11976:4,low,mid
5,0.7941618122628898,0.31199654362687074,0.431980793463035,0.875,0.9281610701510178,0.9999999900000259,0.0,0.5127130497842652,0.6010536900503393,ETTh2,raw,11976,12072,raw:11976:5,high,high
6,0.12170637142161056,0.0730130498958605,0.3327782569345507,0.25,0.5617512109213884,0.9999999900000259,0.0,0.17583255941734058,0.2705837369737961,ETTh2,raw,11976,12072,raw:11976:6,low,low
0,0.38920802752808203,0.22372318434325175,0.504310781469074,0.625,0.8906908635692095,0.999999990000033,0.0,0.37241399778013595,0.5052302878564031,ETTh2,raw,12024,12120,raw:12024:0,mid,mid
1,0.0,0.48864009701428013,0.0,0.375,0.7543847180507648,0.999999990000033,0.0,0.16288003233809337,0.37646157268358826,ETTh2,raw,12024,12120,raw:12024:1,low,low
2,0.453150145473011,0.29689587883911517,0.48115563359331126,1.0,0.8888366943881504,0.999999990000033,0.0,0.4104005526351458,0.6296122314627168,ETTh2,raw,12024,12120,raw:12024:2,mid,high
3,0.051458565025948144,0.196762074150956,0.5456755779009598,1.0,0.9307638396999913,0.999999990000033,0.0,0.264632072359288,0.6435879465666637,ETTh2,raw,12024,12120,raw:12024:3,low,high
4,0.6309138183042409,0.23415993836434082,0.5548755858406352,0.625,0.885729364545668,0.999999990000033,0.0,0.4733164475030723,0.503576454848556,ETTh2,raw,12024,12120,raw:12024:4,high,mid
5,0.5640063541917304,0.20628381668697676,0.48896790895858555,1.0,0.9007407893743914,0.999999990000033,0.0,0.4197526932790976,0.6335802631247972,ETTh2,raw,12024,12120,raw:12024:5,mid,high
6,0.4795447889402933,0.5222120706823319,0.4408164168233714,0.25,0.6464976758667007,0.999999990000033,0.0,0.4808577588153322,0.29883255862223357,ETTh2,raw,12024,12120,raw:12024:6,high,low
0,0.513431030566122,0.1983303310652582,0.5805063205132823,0.25,0.8306800175073887,4.166760879421472,0.5277934790239228,0.43075589404822084,0.5361578321771039,ETTh2,raw,12048,12144,raw:12048:0,high,mid
1,0.0,0.0,0.0,0.0,-0.0,4.166760879421472,0.5277934790239228,0.0,0.17593115967464093,ETTh2,raw,12048,12144,raw:12048:1,low,low
2,0.39730051165041846,0.18179993266679717,0.5670104498615157,0.25,0.772226155111096,4.166760879421472,0.5277934790239228,0.38203696472624377,0.5166732113783397,ETTh2,raw,12048,12144,raw:12048:2,mid,mid
3,0.19826352183533547,0.17894195517775846,0.48546089787008617,1.0,0.8700592150952696,4.166760879421472,0.5277934790239228,0.2875554582943934,0.799284231373064,ETTh2,raw,12048,12144,raw:12048:3,low,high
4,0.34963072106088033,0.1537119479986423,0.4550195261693717,0.625,0.9190215529726021,4.166760879421472,0.5277934790239228,0.3194540650762981,0.6906050106655083,ETTh2,raw,12048,12144,raw:12048:4,low,high
5,0.37732675784558245,0.19125203889203568,0.4854651571948363,0.75,0.9260027949326666,4.166760879421472,0.5277934790239228,0.35134798464415146,0.7345987579855299,ETTh2,raw,12048,12144,raw:12048:5,mid,high
6,0.8430961295758875,0.4868478265802751,0.7154616048668332,0.25,0.7343874209851827,4.166760879421472,0.5277934790239228,0.6818018536743319,0.5040603000030351,ETTh2,raw,12048,12144,raw:12048:6,high,mid
0,0.29016716088762984,0.10409893052848057,0.8446878232086449,0.5,0.7642422032769257,0.9999999900000542,0.0,0.41298463820825176,0.4214140677589753,ETTh2,raw,12096,12192,raw:12096:0,mid,mid
1,0.0,0.46442366868680085,0.0,0.625,0.7391576523892947,0.9999999900000542,0.0,0.15480788956226696,0.45471921746309824,ETTh2,raw,12096,12192,raw:12096:1,low,mid
2,0.2152918782883837,0.1115719906839643,0.7026188781675352,0.375,0.7863042063525406,0.9999999900000542,0.0,0.3431609157132944,0.3871014021175136,ETTh2,raw,12096,12192,raw:12096:2,mid,low
3,0.25092349368774003,0.1728133789828838,0.46004526771465293,1.0,0.8352038836063123,0.9999999900000542,0.0,0.29459404679509227,0.6117346278687708,ETTh2,raw,12096,12192,raw:12096:3,low,high
4,0.5254342930312449,0.14056808393051373,0.19944041036637378,0.875,0.9004459967728057,0.9999999900000542,0.0,0.2884809291093775,0.5918153322576019,ETTh2,raw,12096,12192,raw:12096:4,low,mid
5,0.6874413823672398,0.15176046644859925,0.17479111958745572,0.625,0.9409646532004644,0.9999999900000542,0.0,0.33799765613443156,0.5219882177334881,ETTh2,raw,12096,12192,raw:12096:5,mid,mid
6,0.627061270325421,0.33040678761954234,0.12751758300481109,0.125,0.5601489163384155,0.9999999900000542,0.0,0.36166188031659147,0.22838297211280514,ETTh2,raw,12096,12192,raw:12096:6,mid,low
0,0.23995738137355915,0.10201073816220244,0.6213730575746117,0.375,0.7185340052214431,0.9999999900000608,0.0,0.32111372570345775,0.36451133507381434,ETTh2,raw,12120,12216,raw:12120:0,low,low
1,0.0,0.4675077882011749,0.0,0.0,0.7547384855016189,0.9999999900000608,0.0,0.15583592940039162,0.2515794951672063,ETTh2,raw,12120,12216,raw:12120:1,low,low
2,0.16484927890233958,0.10931170170394916,0.5307496683263931,0.375,0.737571133530118,0.9999999900000608,0.0,0.26830354964422726,0.37085704451003937,ETTh2,raw,12120,12216,raw:12120:2,low,low
3,0.2685128607565055,0.3477749019127574,0.5135963406036788,1.0,0.8272734755951671,0.9999999900000608,0.0,0.37662803442431386,0.6090911585317224,ETTh2,raw,12120,12216,raw:12120:3,mid,high
4,0.2609514012698211,0.2430676414749885,0.4044131813882577,0.75,0.9457596201900594,0.9999999900000608,0.0,0.3028107413776891,0.5652532067300199,ETTh2,raw,12120,12216,raw:12120:4,low,mid
5,0.23513786948073445,0.1831721006287882,0.05027653696350597,0.25,0.8956277314760162,0.9999999900000608,0.0,0.1561955023576762,0.38187591049200537,ETTh2,raw,12120,12216,raw:12120:5,low,low
6,0.15047451785757693,0.06106401498878416,0.6920318467815448,0.375,0.5887116106614608,0.9999999900000608,0.0,0.30119012654263533,0.3212372035538203,ETTh2,raw,12120,12216,raw:12120:6,low,low
0,0.6767301921332581,0.1732375420561501,0.33195824699915133,0.625,0.8801179197360786,4.082510409682657,0.5137517340908566,0.3939753270628532,0.6729565512756451,ETTh2,raw,12168,12264,raw:12168:0,mid,high
1,0.0,0.0,0.0,0.0,-0.0,4.082510409682657,0.5137517340908566,0.0,0.17125057803028554,ETTh2,raw,12168,12264,raw:12168:1,low,low
2,0.6603171538353679,0.24026258528071284,0.3378944235066156,0.625,0.8993734825403161,4.082510409682657,0.5137517340908566,0.4128247208742321,0.6793750722103908,ETTh2,raw,12168,12264,raw:12168:2,mid,high
3,0.6085843295947816,0.21896454463634274,0.5904701919592353,0.875,0.8091568560605712,4.082510409682657,0.5137517340908566,0.4726730220634532,0.7326361967171425,ETTh2,raw,12168,12264,raw:12168:3,high,high
4,0.12056222966446506,0.2132196563204123,0.5481758146258036,1.0,0.7541363510697069,4.082510409682657,0.5137517340908566,0.2939859002035603,0.7559626950535212,ETTh2,raw,12168,12264,raw:12168:4,low,high
5,0.8467938307306583,0.09720797731528642,0.45124645716900885,0.625,0.8936908773195329,4.082510409682657,0.5137517340908566,0.4650827550716512,0.6774808704701298,ETTh2,raw,12168,12264,raw:12168:5,high,high
6,0.5502527563747168,0.10521943460656602,0.6457775611909976,0.375,0.6423780707620277,4.082510409682657,0.5137517340908566,0.43374991739076013,0.5103766016176281,ETTh2,raw,12168,12264,raw:12168:6,high,mid
0,0.4312403517694755,0.1777694900541985,0.5061983362885174,0.5,0.9125220940784933,0.9999999900000432,0.0,0.37173605937073045,0.4708406980261644,ETTh2,raw,12192,12288,raw:12192:0,mid,mid
1,0.0,0.492794046336819,0.0,0.125,0.7229403917835895,0.9999999900000432,0.0,0.164264682112273,0.2826467972611965,ETTh2,raw,12192,12288,raw:12192:1,low,low
2,0.5586389962193659,0.23799100449115396,0.3827112295500175,0.5,0.9104554995665393,0.9999999900000432,0.0,0.3931137434201791,0.4701518331888464,ETTh2,raw,12192,12288,raw:12192:2,mid,mid
3,0.9999999978492222,0.28700418592593885,0.4793397414292434,0.875,0.8027503798684573,0.9999999900000432,0.0,0.5887813084014683,0.559250126622819,ETTh2,raw,12192,12288,raw:12192:3,high,mid
4,0.3021388227655597,0.2049979949896487,0.4350983349062901,1.0,0.7297819658199951,0.9999999900000432,0.0,0.3140783842204995,0.576593988606665,ETTh2,raw,12192,12288,raw:12192:4,low,mid
5,0.8871240457163286,0.19360811174458514,0.6001382107291128,0.5,0.8646845597333673,0.9999999900000432,0.0,0.5602901227300089,0.4548948532444557,ETTh2,raw,12192,12288,raw:12192:5,high,mid
6,0.5128069121658436,0.07288446714044426,0.5403586521633409,0.25,0.587269387957925,0.9999999900000432,0.0,0.3753500104898763,0.279089795985975,ETTh2,raw,12192,12288,raw:12192:6,mid,low
0,0.4600850379150958,0.29447961668630185,0.6272798947321099,1.0,0.9442079066682492,0.9999999900000311,0.0,0.4606148497778359,0.6480693022227497,ETTh2,raw,12216,12312,raw:12216:0,high,high
1,0.0,0.4605576069815125,0.0,0.375,0.7487908710493916,0.9999999900000311,0.0,0.15351920232717084,0.37459695701646384,ETTh2,raw,12216,12312,raw:12216:1,low,low
2,0.39036033865945674,0.30217704932209294,0.5957753238278449,0.75,0.9394587567387536,0.9999999900000311,0.0,0.42943757060313154,0.5631529189129179,ETTh2,raw,12216,12312,raw:12216:2,high,mid
3,0.9999999974614242,0.17210204994134481,0.36115103036864954,1.0,0.8164330764280422,0.9999999900000311,0.0,0.5110843592571396,0.6054776921426807,ETTh2,raw,12216,12312,raw:12216:3,high,high
4,0.3365970708480468,0.17115544816456238,0.40941683097421755,1.0,0.76688523271587,0.9999999900000311,0.0,0.3057231166622756,0.5889617442386234,ETTh2,raw,12216,12312,raw:12216:4,low,mid
5,0.8550080827481867,0.11029589311603126,0.5330863713094015,0.875,0.870352923281034,0.9999999900000311,0.0,0.49946344905787315,0.5817843077603446,ETTh2,raw,12216,12312,raw:12216:5,high,mid
6,0.38121540473443416,0.027058551721086118,0.46539512380993764,0.25,0.4761540880282663,0.9999999900000311,0.0,0.2912230267551526,0.24205136267608876,ETTh2,raw,12216,12312,raw:12216:6,low,low
0,0.19898755752739972,0.053646254852624295,0.4892273673158164,0.625,0.8578060873588338,1.5439800113791529,0.09066333507875325,0.24728705989861346,0.5244898074791957,ETTh2,raw,12264,12360,raw:12264:0,low,mid
1,0.0,0.49065930515624434,0.0,0.125,0.7240533482970469,1.5439800113791529,0.09066333507875325,0.16355310171874812,0.31323889445860004,ETTh2,raw,12264,12360,raw:12264:1,low,low
2,0.3848814820388434,0.05691621402369826,0.45931311002388353,0.625,0.8549478821518548,1.5439800113791529,0.09066333507875325,0.30037026869547506,0.5235370724102028,ETTh2,raw,12264,12360,raw:12264:2,low,mid
3,0.9999999951640222,0.28485355886835856,0.3926956178721754,1.0,0.831921897329559,1.5439800113791529,0.09066333507875325,0.5591830573015187,0.6408617441361041,ETTh2,raw,12264,12360,raw:12264:3,high,high
4,0.6818959318755407,0.19773944135232432,0.5097124930484224,0.625,0.7492730380587029,1.5439800113791529,0.09066333507875325,0.46311595542542916,0.4883121243791521,ETTh2,raw,12264,12360,raw:12264:4,high,mid
5,0.5463153868851827,0.1292647689637793,0.48552273409227087,0.875,0.9019255009549403,1.5439800113791529,0.09066333507875325,0.3870342966470776,0.6225296120112312,ETTh2,raw,12264,12360,raw:12264:5,mid,high
6,0.3351732545581877,0.020185453587681527,0.615036182738352,0.25,0.407129135592649,1.5439800113791529,0.09066333507875325,0.32346496362807375,0.2492641568904674,ETTh2,raw,12264,12360,raw:12264:6,low,low
0,0.6736157867047204,0.2647502458475676,0.4773272754568359,0.125,0.915571023347065,0.9999999900000113,0.0,0.4718977693363746,0.346857007782355,ETTh2,raw,12288,12384,raw:12288:0,high,low
1,0.0,0.22916366720680634,0.0,0.0,0.9356693846751384,0.9999999900000113,0.0,0.07638788906893544,0.3118897948917128,ETTh2,raw,12288,12384,raw:12288:1,low,low
2,0.7720091903326345,0.27535665331731296,0.39934452702444506,0.125,0.8613172670293611,0.9999999900000113,0.0,0.4822367902247975,0.3287724223431204,ETTh2,raw,12288,12384,raw:12288:2,high,low
3,0.9999999982442707,0.2699844375826471,0.47040577754254326,0.5,0.9301317054328545,0.9999999900000113,0.0,0.5801300711231536,0.4767105684776182,ETTh2,raw,12288,12384,raw:12288:3,high,mid
4,0.2335081370473212,0.2161557768459118,0.5417091809352998,0.5,0.8442279375160029,0.9999999900000113,0.0,0.3304576982761776,0.448075979172001,ETTh2,raw,12288,12384,raw:12288:4,mid,mid
5,0.705060479402921,0.17884248166752434,0.6556527055800535,1.0,0.9299668866554056,0.9999999900000113,0.0,0.5131852222168329,0.6433222955518019,ETTh2,raw,12288,12384,raw:12288:5,high,high
6,0.5527246711617204,0.06434900345845046,0.6409952661530801,0.25,0.4533603969641533,0.9999999900000113,0.0,0.41935631359108366,0.23445346565471778,ETTh2,raw,12288,12384,raw:12288:6,mid,low
0,0.544248871809657,0.12879178413523612,0.16321840116182898,0.125,0.6821746395875145,0.9999999900000024,0.0,0.27875301903557403,0.26905821319583817,ETTh2,raw,12336,12432,raw:12336:0,low,low
1,0.0,0.21718635651204896,0.8021283025092912,1.0,0.9114111464598604,0.9999999900000024,0.0,0.3397715530071134,0.6371370488199535,ETTh2,raw,12336,12432,raw:12336:1,mid,high
2,0.4902206823532317,0.1076672086099057,0.10821762433856963,0.125,0.6256859867979083,0.9999999900000024,0.0,0.23536850510056898,0.25022866226596946,ETTh2,raw,12336,12432,raw:12336:2,low,low
3,0.6989652855571644,0.1913526370286527,0.03628724857776761,0.375,0.9049634395665852,0.9999999900000024,0.0,0.30886839038786157,0.42665447985552846,ETTh2,raw,12336,12432,raw:12336:3,low,mid
4,0.3149969548292141,0.17349926468645993,0.15846601292606166,0.875,0.8713769138582006,0.9999999900000024,0.0,0.21565407748057855,0.5821256379527335,ETTh2,raw,12336,12432,raw:12336:4,low,mid
5,0.6273810614579926,0.19527347915415494,0.5081814143691182,0.75,0.8950675734881888,0.9999999900000024,0.0,0.4436119849937552,0.5483558578293962,ETTh2,raw,12336,12432,raw:12336:5,high,mid
6,0.5487356217765895,0.21600741531761708,0.038403184630894246,0.125,0.6059149454257529,0.9999999900000024,0.0,0.26771540724170023,0.2436383151419176,ETTh2,raw,12336,12432,raw:12336:6,low,low
0,0.8671356095267417,0.08832434633439315,0.0888112778612905,0.5,0.9155221784150184,0.9999999900000016,0.0,0.3480904112408085,0.4718407261383395,ETTh2,raw,12360,12456,raw:12360:0,mid,mid
1,0.0,0.3167685641962207,0.0,1.0,0.908859114971765,0.9999999900000016,0.0,0.10558952139874023,0.636286371657255,ETTh2,raw,12360,12456,raw:12360:1,low,high
2,0.9176181610654035,0.1324210098547944,0.06207548727123783,0.5,0.9010601606562906,0.9999999900000016,0.0,0.37070488606381197,0.4670200535520969,ETTh2,raw,12360,12456,raw:12360:2,mid,mid
3,0.4600049321801991,0.3575858141464461,0.29647947993693224,0.75,0.9719066039595875,0.9999999900000016,0.0,0.3713567420878592,0.5739688679865291,ETTh2,raw,12360,12456,raw:12360:3,mid,mid
4,0.44762006157975676,0.31277714105581256,0.565930872582076,0.75,0.875755118922737,0.9999999900000016,0.0,0.4421093584058817,0.5419183729742457,ETTh2,raw,12360,12456,raw:12360:4,high,mid
5,0.5424734929412389,0.18447617787818338,0.5899009101112044,0.75,0.8644959017286613,0.9999999900000016,0.0,0.43895019364354226,0.5381653005762205,ETTh2,raw,12360,12456,raw:12360:5,high,mid
6,0.8020019759717246,0.025362183200982727,0.155200706080962,0.25,0.5417686815000611,0.9999999900000016,0.0,0.3275216217512231,0.2639228938333537,ETTh2,raw,12360,12456,raw:12360:6,mid,low
0,0.5769927050352115,0.14107319575737284,0.7676099904109989,0.25,0.8813641920809577,0.9999999900000025,0.0,0.49522529706786106,0.3771213973603193,ETTh2,raw,12384,12480,raw:12384:0,high,low
1,0.0,0.397115078655654,1.0,1.0,0.8765974222864407,0.9999999900000025,0.0,0.4657050262185513,0.6255324740954803,ETTh2,raw,12384,12480,raw:12384:1,high,high
2,0.5454734261282601,0.12516030660164176,0.7714228523143781,0.25,0.8578915195848329,0.9999999900000025,0.0,0.48068552834809336,0.3692971731949443,ETTh2,raw,12384,12480,raw:12384:2,high,low
3,0.33213037023430403,0.355565763735778,0.46658973268980275,1.0,0.9369942852235036,0.9999999900000025,0.0,0.3847619555532949,0.6456647617411678,ETTh2,raw,12384,12480,raw:12384:3,mid,high
4,0.5075346312234824,0.3412526913214081,0.5381242652464513,0.875,0.8513522998143287,0.9999999900000025,0.0,0.4623038625971139,0.5754507666047762,ETTh2,raw,12384,12480,raw:12384:4,high,mid
5,0.3808743973325671,0.184220129384694,0.5013695974553836,1.0,0.9571566699620244,0.9999999900000025,0.0,0.3554880413908816,0.6523855566540081,ETTh2,raw,12384,12480,raw:12384:5,mid,high
6,0.5832431539744503,0.39003494497960234,0.3468017458192102,0.25,0.6135542630533843,0.9999999900000025,0.0,0.4400266149244209,0.28785142101779476,ETTh2,raw,12384,12480,raw:12384:6,high,low
0,0.4768889962754085,0.1794725186070702,0.3883446823543287,0.5,0.9032990384336663,0.9999999900000054,0.0,0.34823539907893575,0.4677663461445554,ETTh2,raw,12432,12528,raw:12432:0,mid,mid
1,0.0,0.24599674266466715,1.0,1.0,0.8141996195266173,0.9999999900000054,0.0,0.41533224755488907,0.6047332065088725,ETTh2,raw,12432,12528,raw:12432:1,mid,high
2,0.4032641411205399,0.13500930381352827,0.42568281026614757,0.625,0.8330405096636373,0.9999999900000054,0.0,0.32131875173340524,0.48601350322121245,ETTh2,raw,12432,12528,raw:12432:2,low,mid
3,0.4858353080352925,0.3654108606510742,0.43902706680126785,1.0,0.8688763376172506,0.9999999900000054,0.0,0.4300910784958782,0.6229587792057502,ETTh2,raw,12432,12528,raw:12432:3,high,high
4,0.5440897217414857,0.3280030417749523,0.6042291127459697,0.75,0.8349919336887024,0.9999999900000054,0.0,0.49210729208746923,0.5283306445629008,ETTh2,raw,12432,12528,raw:12432:4,high,mid
5,0.686808693007184,0.27215628507748535,0.5698689143358808,0.75,0.9395892601432893,0.9999999900000054,0.0,0.5096112974735166,0.5631964200477632,ETTh2,raw,12432,12528,raw:12432:5,high,mid
6,0.4712177674134824,0.025986803224050194,0.5177769468790312,0.25,0.4519683974963852,0.9999999900000054,0.0,0.33832717250552125,0.2339894658321284,ETTh2,raw,12432,12528,raw:12432:6,mid,low
0,0.15091035862197644,0.25867483674807334,0.5577534385798277,0.625,0.8871901671054693,0.9999999900000079,0.0,0.3224462113166258,0.5040633890351565,ETTh2,raw,12456,12552,raw:12456:0,low,mid
1,0.0,0.2671203803606299,0.0,1.0,0.8127426436920893,0.9999999900000079,0.0,0.08904012678687663,0.6042475478973631,ETTh2,raw,12456,12552,raw:12456:1,low,high
2,0.338088432790432,0.2056573284927597,0.5590170482355652,0.625,0.8498807872296177,0.9999999900000079,0.0,0.367587603172919,0.4916269290765392,ETTh2,raw,12456,12552,raw:12456:2,mid,mid
3,0.34821348457672097,0.22238280652806885,0.47655544085171553,1.0,0.8672042717945541,0.9999999900000079,0.0,0.3490505773188351,0.622401423931518,ETTh2,raw,12456,12552,raw:12456:3,mid,high
4,0.4224665504961801,0.20087985441856318,0.5533956381114656,0.875,0.8799667143248404,0.9999999900000079,0.0,0.3922473476754029,0.5849889047749468,ETTh2,raw,12456,12552,raw:12456:4,mid,mid
5,0.4975579948376928,0.2874502102426988,0.07024806210255488,0.5,0.9950267457372216,0.9999999900000079,0.0,0.2850854223943155,0.49834224857907383,ETTh2,raw,12456,12552,raw:12456:5,low,mid
6,0.2590054977495263,0.10138138482806514,0.19763662689128017,0.25,0.5159889854254309,0.9999999900000079,0.0,0.18600783648962385,0.255329661808477,ETTh2,raw,12456,12552,raw:12456:6,low,low
0,0.8329109297218396,0.34349535095212863,0.44001517553945846,0.25,0.9014913997270906,0.9999999900000021,0.0,0.5388071520711422,0.38383046657569686,ETTh2,raw,12504,12600,raw:12504:0,high,low
1,0.9999999994964948,0.316593009602751,0.0,0.0,0.8373885036147396,0.9999999900000021,0.0,0.43886433636641525,0.2791295012049132,ETTh2,raw,12504,12600,raw:12504:1,high,low
2,0.869501824711045,0.26604353049963525,0.47181034447051906,0.25,0.8912641479743983,0.9999999900000021,0.0,0.5357852332270664,0.3804213826581328,ETTh2,raw,12504,12600,raw:12504:2,high,low
3,0.9323950192130959,0.32124486860247614,0.41514513413993104,0.25,0.9213292503954518,0.9999999900000021,0.0,0.5562616739851677,0.3904430834651506,ETTh2,raw,12504,12600,raw:12504:3,high,low
4,0.3674979770259643,0.23732635699144666,0.6417680833027517,0.875,0.9182890524064424,0.9999999900000021,0.0,0.4155308057733875,0.5977630174688141,ETTh2,raw,12504,12600,raw:12504:4,mid,mid
5,0.9999999935952989,0.3030564581508949,0.4242881210981957,0.875,0.9108855014911966,0.9999999900000021,0.0,0.5757815242814631,0.5952951671637322,ETTh2,raw,12504,12600,raw:12504:5,high,mid
6,0.43029121418018834,0.10389146210216096,0.40508226035354716,0.25,0.4251625015729158,0.9999999900000021,0.0,0.3130883122119655,0.22505416719097193,ETTh2,raw,12504,12600,raw:12504:6,low,low
0,0.6556126874390962,0.34208352676285847,0.06142622735092074,0.25,0.8187004745802952,4.124192603313373,0.5206987663510643,0.3530408138509585,0.5297997469771198,ETTh2,raw,12528,12624,raw:12528:0,mid,mid
1,0.9999999999454249,0.11337375269605093,0.008251638802252778,0.0,0.8811651729380728,4.124192603313373,0.5206987663510643,0.3738751304812429,0.46728797976304576,ETTh2,raw,12528,12624,raw:12528:1,mid,mid
2,0.6565902313543073,0.30292311658240834,0.08073281296639712,0.25,0.8373965684972936,4.124192603313373,0.5206987663510643,0.3467487203010376,0.536031778282786,ETTh2,raw,12528,12624,raw:12528:2,mid,mid
3,0.9300242921487339,0.12697976186823207,0.02570298403023476,0.125,0.8610253298921995,4.124192603313373,0.5206987663510643,0.3609023460157336,0.5022413654144212,ETTh2,raw,12528,12624,raw:12528:3,mid,mid
4,0.175294959257432,0.23663691779882448,0.50059288496928,1.0,0.870670150249875,4.124192603313373,0.5206987663510643,0.3041749206751788,0.797122972200313,ETTh2,raw,12528,12624,raw:12528:4,low,high
5,0.9999999885256389,0.3284101986847594,0.5769864311456286,0.75,0.9787737703447239,4.124192603313373,0.5206987663510643,0.6351322061186756,0.7498241788985961,ETTh2,raw,12528,12624,raw:12528:5,high,high
6,0.3585169536785804,0.057598861251774686,0.1604825591906006,0.25,0.43419177729573205,4.124192603313373,0.5206987663510643,0.19219945804031857,0.40163018121559874,ETTh2,raw,12528,12624,raw:12528:6,low,low
0,0.6917667511615432,0.26401534462222476,0.4162282666312043,0.25,0.6807942020654526,3.5166589696663495,0.4194431609119863,0.4573367874716574,0.45007912099247965,ETTh2,raw,12552,12648,raw:12552:0,high,mid
1,0.7910403260308709,0.061176182951782204,0.25301626126866955,0.0,0.4864387607767986,3.5166589696663495,0.4194431609119863,0.36841092341710757,0.3019606405629283,ETTh2,raw,12552,12648,raw:12552:1,mid,low
2,0.7372826070720463,0.23251242406692188,0.38537867398168885,0.25,0.6705807062491276,3.5166589696663495,0.4194431609119863,0.4517245683735523,0.446674622387038,ETTh2,raw,12552,12648,raw:12552:2,high,mid
3,0.7222945299929167,0.07148126687793604,0.39078795014104484,0.0,0.40047772923138897,3.5166589696663495,0.4194431609119863,0.39485458233729914,0.2733069633811251,ETTh2,raw,12552,12648,raw:12552:3,mid,low
4,0.10830886060198053,0.2097757926172287,0.5103183939423119,0.5,0.788006721182955,3.5166589696663495,0.4194431609119863,0.2761343490538404,0.5691499606983137,ETTh2,raw,12552,12648,raw:12552:4,low,mid
5,0.9999999955163182,0.19902980303221796,0.0,1.0,0.948134426845927,3.5166589696663495,0.4194431609119863,0.3996765995161787,0.7891925292526377,ETTh2,raw,12552,12648,raw:12552:5,mid,high
6,0.19790504650515206,0.05796320062159066,0.15103616293887537,0.25,0.373395411335575,3.5166589696663495,0.4194431609119863,0.13563480335520603,0.34761285741585385,ETTh2,raw,12552,12648,raw:12552:6,low,low
0,0.7801054501707056,0.2068912002486809,0.08912902110998103,0.25,0.8095615760404,1.0396189091236017,0.006603151509595025,0.3587085571764559,0.355388242516665,ETTh2,raw,12600,12696,raw:12600:0,mid,low
1,0.9999999984211358,0.06888069321477568,0.0,0.125,0.731431639404425,1.0396189091236017,0.006603151509595025,0.35629356387863714,0.2876782636380067,ETTh2,raw,12600,12696,raw:12600:1,mid,low
2,0.7802599752479461,0.1851003128997482,0.0757582077801691,0.25,0.8051694835466385,1.0396189091236017,0.006603151509595025,0.3470394986426211,0.35392421168541116,ETTh2,raw,12600,12696,raw:12600:2,mid,low
3,0.8657009390090289,0.1693574774568991,0.06852951674417214,0.0,0.6618680732903752,1.0396189091236017,0.006603151509595025,0.36786264440336675,0.22282374159999008,ETTh2,raw,12600,12696,raw:12600:3,mid,low
4,0.09370767975381766,0.1881417506051208,0.5098413816239294,1.0,0.9236819589155798,1.0396189091236017,0.006603151509595025,0.26389693732762265,0.6434283701417249,ETTh2,raw,12600,12696,raw:12600:4,low,high
5,0.9999999862493767,0.3705474738969189,0.0,0.875,0.8809139554264963,1.0396189091236017,0.006603151509595025,0.45684915338209847,0.5875057023120304,ETTh2,raw,12600,12696,raw:12600:5,high,mid
6,0.23338270990392518,0.017988444038753743,0.3058000407128458,0.375,0.4802246267868421,1.0396189091236017,0.006603151509595025,0.18572373155184155,0.28727592609881236,ETTh2,raw,12600,12696,raw:12600:6,low,low
0,0.7423592240266761,0.3467803605938941,0.378521242886345,0.25,0.8303635426014068,1.136499139080642,0.022749856475523914,0.4892202758356384,0.36770446635897686,ETTh2,raw,12624,12720,raw:12624:0,high,low
1,0.0,0.2975865134171312,0.0,0.625,0.9389535012468537,1.136499139080642,0.022749856475523914,0.09919550447237707,0.5289011192407925,ETTh2,raw,12624,12720,raw:12624:1,low,mid
2,0.6895567628148382,0.36776610280726696,0.42446880384558455,0.25,0.8267063833838071,1.136499139080642,0.022749856475523914,0.49393055648922995,0.3664854132864437,ETTh2,raw,12624,12720,raw:12624:2,high,low
3,0.6589636852571854,0.18127308490902633,0.327843316861174,0.625,0.9159548056434695,1.136499139080642,0.022749856475523914,0.3893600290091286,0.5212348873729978,ETTh2,raw,12624,12720,raw:12624:3,mid,mid
4,0.4171822527668967,0.20954825241694058,0.5105259646129243,1.0,0.8490898527139963,1.136499139080642,0.022749856475523914,0.3790854899322538,0.6239465697298401,ETTh2,raw,12624,12720,raw:12624:4,mid,high
5,0.9999999578442891,0.13891693113039671,0.0,0.75,0.9506742806499975,1.136499139080642,0.022749856475523914,0.37963896299156197,0.5744747123751738,ETTh2,raw,12624,12720,raw:12624:5,mid,mid
6,0.3828026560976724,0.06864057482545471,0.15541562363001715,0.25,0.5246940229008651,1.136499139080642,0.022749856475523914,0.20228628485104808,0.26581462645879633,ETTh2,raw,12624,12720,raw:12624:6,low,low
0,0.12724381925232997,0.14979070307495146,0.08520423351994165,0.125,0.4958777047557217,0.9999999900000028,0.0,0.12074625194907436,0.2069592349185739,ETTh2,raw,12672,12768,raw:12672:0,low,low
1,0.0,0.23908025677151465,0.11548111284849456,0.125,0.8331952789945629,0.9999999900000028,0.0,0.11818712320666974,0.319398426331521,ETTh2,raw,12672,12768,raw:12672:1,low,low
2,0.21900852634667756,0.1326930978099021,0.14849860249037533,0.125,0.5148749888496033,0.9999999900000028,0.0,0.16673340888231833,0.21329166294986776,ETTh2,raw,12672,12768,raw:12672:2,low,low
3,0.25518544224962014,0.1657713807376449,0.060349395118941565,0.0,0.6196336631321824,0.9999999900000028,0.0,0.1604354060354022,0.20654455437739414,ETTh2,raw,12672,12768,raw:12672:3,low,low
4,0.5601508695260211,0.22309933398155019,0.5173045785101154,0.75,0.9023256363388688,0.9999999900000028,0.0,0.4335182606725622,0.5507752121129562,ETTh2,raw,12672,12768,raw:12672:4,high,mid
5,0.33395079479307155,0.2671914850384516,0.5017249969614272,0.625,0.9329025496276485,0.9999999900000028,0.0,0.3676224255976501,0.5193008498758829,ETTh2,raw,12672,12768,raw:12672:5,mid,mid
6,0.41030981132230326,0.10277484619166222,0.5440277963037967,0.25,0.45316099505267,0.9999999900000028,0.0,0.352370817939254,0.23438699835089002,ETTh2,raw,12672,12768,raw:12672:6,mid,low
0,0.825810952791124,0.21437840373982534,0.19136614735583352,0.375,0.922351306275673,0.9999999900000015,0.0,0.4105185012955943,0.4324504354252243,ETTh2,raw,12696,12792,raw:12696:0,mid,mid
1,0.9999999991606544,0.27580277466274117,0.012906847919537879,1.0,0.8921752653133076,0.9999999900000015,0.0,0.4295698739143112,0.6307250884377692,ETTh2,raw,12696,12792,raw:12696:1,high,high
2,0.7995246182174307,0.2513089634862493,0.18034638294189953,0.375,0.917759790542738,0.9999999900000015,0.0,0.4103933215485265,0.43091993018091274,ETTh2,raw,12696,12792,raw:12696:2,mid,mid
3,0.8538859055087977,0.11352442944215957,0.017785382864192092,0.875,0.9391049688568992,0.9999999900000015,0.0,0.3283985726050498,0.604701656285633,ETTh2,raw,12696,12792,raw:12696:3,mid,high
4,0.37706752678524336,0.2994995675665041,0.4823226211678149,1.0,0.8635056997829846,0.9999999900000015,0.0,0.3862965718398541,0.6211685665943282,ETTh2,raw,12696,12792,raw:12696:4,mid,high
5,0.9999999882656798,0.13432374918025522,0.49999999958872493,1.0,0.9401304311298454,0.9999999900000015,0.0,0.5447745790115534,0.6467101437099485,ETTh2,raw,12696,12792,raw:12696:5,high,high
6,0.657055352117063,0.35864075048320787,0.42335114237350346,0.25,0.6602311038518679,0.9999999900000015,0.0,0.47968241499125813,0.30341036795062265,ETTh2,raw,12696,12792,raw:12696:6,high,low
0,0.08412339260617219,0.15746066048175547,0.2951899465055148,0.25,0.6161340814415742,1.301406284724428,0.05023438070368071,0.17892466653114747,0.3054561540484183,ETTh2,raw,12744,12840,raw:12744:0,low,low
1,0.0,0.3088162968382732,0.0,1.0,0.9306590157365975,1.301406284724428,0.05023438070368071,0.10293876561275773,0.6602977988134261,ETTh2,raw,12744,12840,raw:12744:1,low,high
2,0.10421468155908309,0.11705357462120375,0.34168091468369133,0.25,0.5661000077457448,1.301406284724428,0.05023438070368071,0.18764972362132606,0.2887781294831418,ETTh2,raw,12744,12840,raw:12744:2,low,low
3,0.2874938342832942,0.14196798208148084,0.3629361107918956,0.5,0.8427899888883894,1.301406284724428,0.05023438070368071,0.2641326423855569,0.46434145653069003,ETTh2,raw,12744,12840,raw:12744:3,low,mid
4,0.34376905616483333,0.44292819407946965,0.45872570158849135,0.875,0.8939608263114084,1.301406284724428,0.05023438070368071,0.4151409839442648,0.6063984023383631,ETTh2,raw,12744,12840,raw:12744:4,mid,high
5,0.9999999642087105,0.21604440039541456,0.0,0.5,0.8560633369838373,1.301406284724428,0.05023438070368071,0.40534812153470834,0.46876590589583933,ETTh2,raw,12744,12840,raw:12744:5,mid,mid
6,0.5775259851770704,0.19783498794950694,0.5875145886870882,0.25,0.7466069126458653,1.301406284724428,0.05023438070368071,0.45429185393788857,0.34894709778318206,ETTh2,raw,12744,12840,raw:12744:6,high,low
0,0.11312717950342244,0.1351947591348657,0.41249652756212896,0.25,0.68922651272258,0.9999999900000123,0.0,0.22027282206680568,0.31307550424086,ETTh2,raw,12768,12864,raw:12768:0,low,low
1,0.0,0.2612312482193868,0.0,1.0,0.9145247483357972,0.9999999900000123,0.0,0.0870770827397956,0.6381749161119324,ETTh2,raw,12768,12864,raw:12768:1,low,high
2,0.14760431427556575,0.12029781676993684,0.4458984630782094,0.25,0.638073190329988,0.9999999900000123,0.0,0.23793353137457066,0.29602439677666265,ETTh2,raw,12768,12864,raw:12768:2,low,low
3,0.16202934347096865,0.16066891616366405,0.512244215611405,1.0,0.8917167420145494,0.9999999900000123,0.0,0.2783141584153459,0.6305722473381832,ETTh2,raw,12768,12864,raw:12768:3,low,high
4,0.08556544639040886,0.175686728476658,0.530918607017734,1.0,0.859199521605522,0.9999999900000123,0.0,0.26405692729493363,0.6197331738685073,ETTh2,raw,12768,12864,raw:12768:4,low,high
5,0.9999999908823158,0.12941464871168695,0.9974650002250783,0.5,0.9120449395048074,0.9999999900000123,0.0,0.7089598799396937,0.47068164650160244,ETTh2,raw,12768,12864,raw:12768:5,high,mid
6,0.9089802054019841,0.6565267678198226,0.42337420184957075,0.25,0.6696141585738582,0.9999999900000123,0.0,0.6629603916904592,0.3065380528579527,ETTh2,raw,12768,12864,raw:12768:6,high,low
0,0.12790416377813074,0.17057566928815177,0.5514873546845652,0.375,0.8049617567130581,0.9999999900000619,0.0,0.28332239591694924,0.39332058557101934,ETTh2,raw,12792,12888,raw:12792:0,low,low
1,0.0,0.3869761782870864,0.0,1.0,0.8079662822323462,0.9999999900000619,0.0,0.1289920594290288,0.6026554274107822,ETTh2,raw,12792,12888,raw:12792:1,low,high
2,0.08526071165841642,0.20431790683343654,0.4847266540113743,0.375,0.78525047503555,0.9999999900000619,0.0,0.2581017575010758,0.38675015834518334,ETTh2,raw,12792,12888,raw:12792:2,low,low
3,0.18132474769185225,0.40839135896734446,0.5685770011804949,0.625,0.9682836520862724,0.9999999900000619,0.0,0.38609770261323056,0.5310945506954242,ETTh2,raw,12792,12888,raw:12792:3,mid,mid
4,0.10337540140998103,0.3671497508744424,0.5354590564185713,1.0,0.8211752846752315,0.9999999900000619,0.0,0.33532806956766487,0.6070584282250772,ETTh2,raw,12792,12888,raw:12792:4,mid,high
5,0.7478902558260658,0.16974269140761872,0.858614451474543,0.5,0.8006802541855601,0.9999999900000619,0.0,0.5920824662360759,0.43356008472852,ETTh2,raw,12792,12888,raw:12792:5,high,mid
6,0.647105717158845,0.2956288224530348,0.382266548806936,0.25,0.5951805640416755,0.9999999900000619,0.0,0.44166702947293857,0.2817268546805585,ETTh2,raw,12792,12888,raw:12792:6,high,low
0,0.30080822256734085,0.13903230799118377,0.6269737956127385,0.5,0.7727021279719255,0.9999999900000075,0.0,0.355604775390421,0.4242340426573085,ETTh2,raw,12840,12936,raw:12840:0,mid,mid
1,0.0,0.22643331519199095,0.0,0.875,0.9085302614449959,0.9999999900000075,0.0,0.07547777173066365,0.594510087148332,ETTh2,raw,12840,12936,raw:12840:1,low,mid
2,0.3461058924537229,0.13077247599351605,0.5240290582772201,0.5,0.7619892892929432,0.9999999900000075,0.0,0.33363580890815303,0.42066309643098104,ETTh2,raw,12840,12936,raw:12840:2,mid,mid
3,0.36620583457318434,0.43085102407106235,0.3827514285866321,0.5,0.9806528585451197,0.9999999900000075,0.0,0.3932694290769596,0.49355095284837325,ETTh2,raw,12840,12936,raw:12840:3,mid,mid
4,0.14284275571682792,0.23402748426846726,0.43953975646682136,0.625,0.8451262053849722,0.9999999900000075,0.0,0.27213666548403886,0.4900420684616574,ETTh2,raw,12840,12936,raw:12840:4,low,mid
5,0.9834693849120071,0.3439597536204186,0.46798901726139713,0.25,0.7526694519176234,0.9999999900000075,0.0,0.5984727185979409,0.33422315063920777,ETTh2,raw,12840,12936,raw:12840:5,high,low
6,0.2467912672533923,0.004949156677165391,0.43215304552928424,0.25,0.3129671877318685,0.9999999900000075,0.0,0.22796448981994732,0.18765572924395615,ETTh2,raw,12840,12936,raw:12840:6,low,low
0,0.21836829551818016,0.18502654503454402,0.22191253972518227,0.25,0.7109083327515957,0.9999999900000036,0.0,0.20843579342596882,0.3203027775838652,ETTh2,raw,12864,12960,raw:12864:0,low,low
1,0.0,0.18993369187931544,0.0,0.875,0.9222507677474591,0.9999999900000036,0.0,0.06331123062643848,0.599083589249153,ETTh2,raw,12864,12960,raw:12864:1,low,mid
2,0.1743878006887044,0.20997333810030105,0.3077700474762062,0.375,0.739167745998084,0.9999999900000036,0.0,0.2307103954217372,0.37138924866602796,ETTh2,raw,12864,12960,raw:12864:2,low,low
3,0.3753002426863503,0.25571455630792184,0.7217661290554506,0.875,0.9916409010302224,0.9999999900000036,0.0,0.4509269760165742,0.6222136336767408,ETTh2,raw,12864,12960,raw:12864:3,high,high
4,0.3874037196459723,0.06286884660648207,0.39069266468290065,0.5,0.7154275321122076,0.9999999900000036,0.0,0.28032174364511836,0.4051425107040692,ETTh2,raw,12864,12960,raw:12864:4,low,low
5,0.678458203994734,0.07928080069992421,0.6309001464720468,0.25,0.709581440163703,0.9999999900000036,0.0,0.4628797170555683,0.31986048005456763,ETTh2,raw,12864,12960,raw:12864:5,high,low
6,0.2434861005622312,0.00913039151489781,0.6058574105992727,0.25,0.36807588431929367,0.9999999900000036,0.0,0.2861579675588006,0.20602529477309792,ETTh2,raw,12864,12960,raw:12864:6,low,low
0,0.28561443789417085,0.20418237463845562,0.45059698647439433,0.375,0.7986848989609561,0.9999999900000048,0.0,0.3134645996690069,0.391228299653652,ETTh2,raw,12912,13008,raw:12912:0,low,low
1,0.0,0.277496081133611,0.7947825846379656,1.0,0.9601998792755667,0.9999999900000048,0.0,0.35742622192385887,0.6533999597585223,ETTh2,raw,12912,13008,raw:12912:1,mid,high
2,0.3699497653257271,0.16126089890041695,0.42777927871756366,0.5,0.8032346010519364,0.9999999900000048,0.0,0.31966331431456924,0.43441153368397883,ETTh2,raw,12912,13008,raw:12912:2,low,mid
3,0.3797943825884629,0.1612386136895539,0.5534032557293345,0.375,0.7652183280638323,0.9999999900000048,0.0,0.3648120840024504,0.3800727760212774,ETTh2,raw,12912,13008,raw:12912:3,mid,low
4,0.3815625062707252,0.17419467394923605,0.4806996935582235,0.375,0.8270293982398627,0.9999999900000048,0.0,0.34548562459272825,0.4006764660799542,ETTh2,raw,12912,13008,raw:12912:4,mid,low
5,0.974316805172868,0.08729547882387667,0.5564046271903534,0.5,0.798557707954808,0.9999999900000048,0.0,0.5393389703956993,0.43285256931826926,ETTh2,raw,12912,13008,raw:12912:5,high,mid
6,0.5861612160156805,0.29689595553367165,0.5289957379593723,0.25,0.6606721297694751,0.9999999900000048,0.0,0.4706843031695748,0.303557376589825,ETTh2,raw,12912,13008,raw:12912:6,high,low
0,0.2885742806210104,0.18765270325904163,0.49484084891705654,0.875,0.8807070062217093,0.9999999900000085,0.0,0.32368927759903615,0.5852356687405698,ETTh2,raw,12936,13032,raw:12936:0,mid,mid
1,0.0,0.18520801629968636,1.0,1.0,0.8953688676928189,0.9999999900000085,0.0,0.3950693387665621,0.631789622564273,ETTh2,raw,12936,13032,raw:12936:1,mid,high
2,0.25638208449964095,0.20602849443225843,0.4707576291643246,0.875,0.859449863437666,0.9999999900000085,0.0,0.31105606936540803,0.578149954479222,ETTh2,raw,12936,13032,raw:12936:2,low,mid
3,0.9999999998517922,0.39684789170562595,0.3612977640578955,1.0,0.9532831340150101,0.9999999900000085,0.0,0.5860485518717713,0.6510943780050034,ETTh2,raw,12936,13032,raw:12936:3,high,high
4,0.6349858292036386,0.1559808947057087,0.21328366718577454,0.875,0.8348740737541226,0.9999999900000085,0.0,0.3347501303650406,0.5699580245847075,ETTh2,raw,12936,13032,raw:12936:4,mid,mid
5,0.8805549578926513,0.1878729977282523,0.5751895004102703,0.5,0.8354511910035388,0.9999999900000085,0.0,0.5478724853437246,0.4451503970011796,ETTh2,raw,12936,13032,raw:12936:5,high,mid
6,0.1866219432151096,0.11760505085448068,0.03458179499772426,0.25,0.5809992011990617,0.9999999900000085,0.0,0.1129362630224382,0.27699973373302056,ETTh2,raw,12936,13032,raw:12936:6,low,low
0,0.31364432537282916,0.11765562776329308,0.7647391289690256,0.875,0.8594865392028941,0.9999999900000374,0.0,0.39867969403504927,0.5781621797342981,ETTh2,raw,12960,13056,raw:12960:0,mid,mid
1,0.0,0.2595279057479959,0.0,1.0,0.7963271310286542,0.9999999900000374,0.0,0.08650930191599863,0.5987757103428847,ETTh2,raw,12960,13056,raw:12960:1,low,mid
2,0.4037034186658447,0.11023635043806135,0.7563277067770188,0.75,0.8398932251228504,0.9999999900000374,0.0,0.4234224919603083,0.5299644083742835,ETTh2,raw,12960,13056,raw:12960:2,high,mid
3,0.7035806410856504,0.3112109082063618,0.4622723203541241,0.875,0.9413589184356148,0.9999999900000374,0.0,0.4923546232153788,0.6054529728118716,ETTh2,raw,12960,13056,raw:12960:3,high,high
4,0.506298368799601,0.15466057384949514,0.35377673152912564,0.75,0.8990582315686754,0.9999999900000374,0.0,0.33824522472607393,0.5496860771895585,ETTh2,raw,12960,13056,raw:12960:4,mid,mid
5,0.8772910066512238,0.1690136203678824,0.2040728688999499,0.75,0.9089421869859746,0.9999999900000374,0.0,0.4167924986396854,0.5529807289953249,ETTh2,raw,12960,13056,raw:12960:5,mid,mid
6,0.6400455971084209,0.09292710019196558,0.3149525870039839,0.25,0.5777433118729055,0.9999999900000374,0.0,0.34930842810145685,0.2759144372909685,ETTh2,raw,12960,13056,raw:12960:6,mid,low
0,0.13415782799914455,0.2174397015689476,0.47391853326633904,0.5,0.7907146596461238,0.9999999900002212,0.0,0.27517202094481036,0.4302382198820413,ETTh2,raw,13008,13104,raw:13008:0,low,mid
1,0.0,0.5029345539572732,0.0,0.625,0.733132254270693,0.9999999900002212,0.0,0.16764485131909104,0.45271075142356426,ETTh2,raw,13008,13104,raw:13008:1,low,mid
2,0.17866746746444206,0.16575023520030727,0.43007037988429975,0.375,0.7659644122966223,0.9999999900002212,0.0,0.25816269418301635,0.38032147076554074,ETTh2,raw,13008,13104,raw:13008:2,low,low
3,0.6810776684822764,0.26237506425866464,0.825791173620664,0.875,0.8212268715920361,0.9999999900002212,0.0,0.5897479687872017,0.5654089571973454,ETTh2,raw,13008,13104,raw:13008:3,high,mid
4,0.1810801050848001,0.18744198955444102,0.47372004268457485,0.25,0.9091997691963115,0.9999999900002212,0.0,0.2807473791079387,0.3863999230654372,ETTh2,raw,13008,13104,raw:13008:4,low,low
5,0.9570569198542711,0.24081221350926563,0.5416086405063445,0.625,0.8994303797506094,0.9999999900002212,0.0,0.5798259246232937,0.5081434599168698,ETTh2,raw,13008,13104,raw:13008:5,high,mid
6,0.8758138862193066,0.3366195880762507,0.8316366637746728,0.25,0.5488057102066979,0.9999999900002212,0.0,0.6813567126900768,0.2662685700688993,ETTh2,raw,13008,13104,raw:13008:6,high,low
0,0.138859877354496,0.1500169202807337,0.3221227160203823,0.25,0.8043836978192977,1.3003632705375812,0.05006054500616262,0.20366650455187066,0.3681480809418201,ETTh2,raw,13032,13128,raw:13032:0,low,low
1,0.0,0.4959568133905764,0.0,0.0,0.7214040057699864,1.3003632705375812,0.05006054500616262,0.1653189377968588,0.25715485025871637,ETTh2,raw,13032,13128,raw:13032:1,low,low
2,0.14856734254830395,0.12607523955507433,0.269693852625183,0.25,0.748738776829528,1.3003632705375812,0.05006054500616262,0.18144547824285376,0.3495997739452302,ETTh2,raw,13032,13128,raw:13032:2,low,low
3,0.9999999903229451,0.3915130543572405,0.4519131793720037,1.0,0.9096413245381643,1.3003632705375812,0.05006054500616262,0.6144754080173964,0.6532339565147757,ETTh2,raw,13032,13128,raw:13032:3,high,high
4,0.4854142128953215,0.12236432694392058,0.29356573223771126,0.25,0.914571420828943,1.3003632705375812,0.05006054500616262,0.30044809069231776,0.40487732194503523,ETTh2,raw,13032,13128,raw:13032:4,low,low
5,0.9636543776912072,0.13386795541656146,0.20074655846357306,0.5,0.85246053444011,1.3003632705375812,0.05006054500616262,0.4327562971904472,0.4675070264820909,ETTh2,raw,13032,13128,raw:13032:5,high,mid
6,0.8401227732211953,0.2935872983956721,0.06933879670512182,0.25,0.6074863213773279,1.3003632705375812,0.05006054500616262,0.40101628944066303,0.3025156221278302,ETTh2,raw,13032,13128,raw:13032:6,mid,low
0,0.9898141288832145,0.15112358209590948,0.5615895391283725,0.375,0.7649799664734163,1.5607729073230918,0.09346215106474505,0.5675090833691655,0.41114737251272043,ETTh2,raw,13080,13176,raw:13080:0,high,low
1,0.0,0.467507788201175,0.5,0.0,0.7547384855016188,1.5607729073230918,0.09346215106474505,0.32250259606705833,0.2827335455221213,ETTh2,raw,13080,13176,raw:13080:1,low,low
2,0.9640425786943885,0.15564824104682717,0.5304122139530508,0.375,0.7628602458373535,1.5607729073230918,0.09346215106474505,0.5500343445647555,0.4104407989673662,ETTh2,raw,13080,13176,raw:13080:2,high,low
3,0.0,0.15091636662351898,0.5,1.0,0.857443290713866,1.5607729073230918,0.09346215106474505,0.21697212220783965,0.6503018139262037,ETTh2,raw,13080,13176,raw:13080:3,low,high
4,0.9059416276557417,0.19864347940846078,0.44151043851032357,0.875,0.8306996765946433,1.5607729073230918,0.09346215106474505,0.5153651818581754,0.5997206092197961,ETTh2,raw,13080,13176,raw:13080:4,high,mid
5,0.9999999969831697,0.3384419629169224,0.2293319905704341,0.625,0.8349358885516347,1.5607729073230918,0.09346215106474505,0.5225913168235087,0.5177993465387932,ETTh2,raw,13080,13176,raw:13080:5,high,mid
6,0.9807591300026176,0.13762310551920032,0.06094678714255947,0.125,0.47447040341816055,1.5607729073230918,0.09346215106474505,0.3931096742214592,0.23097751816096856,ETTh2,raw,13080,13176,raw:13080:6,mid,low
0,0.9219466062564632,0.2182185748995526,0.9993561970074063,0.375,0.865400769034802,1.6404364517189725,0.10673940844192972,0.7131737927211407,0.44904672582557725,ETTh2,raw,13104,13200,raw:13104:0,high,mid
1,0.0,0.46442366868680063,0.0,0.625,0.7391576523892947,1.6404364517189725,0.10673940844192972,0.15480788956226688,0.4902990202770748,ETTh2,raw,13104,13200,raw:13104:1,low,mid
2,0.9804127267974265,0.24006402169983873,0.9768935681764765,0.25,0.8979286194756768,1.6404364517189725,0.10673940844192972,0.7324567722245806,0.41822267597253554,ETTh2,raw,13104,13200,raw:13104:2,high,mid
3,0.0,0.20359381827032647,0.0,1.0,0.725359029676784,1.6404364517189725,0.10673940844192972,0.06786460609010882,0.6106994793729046,ETTh2,raw,13104,13200,raw:13104:3,low,high
4,0.9839092087250292,0.1798268846598674,0.04055555963557116,0.75,0.8756582533422129,1.6404364517189725,0.10673940844192972,0.40143055100682257,0.5774658872613809,ETTh2,raw,13104,13200,raw:13104:4,mid,mid
5,0.30612247184421537,0.26998852336925205,0.0,0.375,0.9475354855221093,1.6404364517189725,0.10673940844192972,0.19203699840448915,0.4764249646546797,ETTh2,raw,13104,13200,raw:13104:5,low,mid
6,0.9623624664950853,0.13488999839201438,0.0015640901909758482,0.125,0.7234942784426077,1.6404364517189725,0.10673940844192972,0.36627218502602515,0.31841122896151247,ETTh2,raw,13104,13200,raw:13104:6,mid,low
0,0.9903372830055193,0.22200063863453534,0.4999999994318807,0.25,0.8400708400001059,1.639354830449763,0.10655913823069527,0.5707793070239785,0.398876659410267,ETTh2,raw,13128,13224,raw:13128:0,high,low
1,0.0,0.48460641250922587,0.0,0.0,0.7376538876164748,1.639354830449763,0.10655913823069527,0.16153547083640862,0.28140434194905667,ETTh2,raw,13128,13224,raw:13128:1,low,low
2,0.964578264723612,0.20038085581486464,0.4999999996062075,0.25,0.8160089543139345,1.639354830449763,0.10655913823069527,0.5549863733815613,0.3908560308482099,ETTh2,raw,13128,13224,raw:13128:2,high,low
3,0.0,0.2528407514068129,0.5,1.0,0.9036739516985137,1.639354830449763,0.10655913823069527,0.2509469171356043,0.6700776966430696,ETTh2,raw,13128,13224,raw:13128:3,low,high
4,0.915095715022475,0.2796016618733552,0.4999999994735551,1.0,0.8248891159835371,1.639354830449763,0.10655913823069527,0.5648991254564618,0.6438160847380775,ETTh2,raw,13128,13224,raw:13128:4,high,high
5,0.9999999999999277,0.2753849083275332,0.46023916984620145,1.0,0.9701863919752125,1.639354830449763,0.10655913823069527,0.5785413593912208,0.692248510068636,ETTh2,raw,13128,13224,raw:13128:5,high,high
6,0.964860329234897,0.38023383472515715,0.5181883859553537,0.125,0.6946177207496419,1.639354830449763,0.10655913823069527,0.6210941833051359,0.3087256196601124,ETTh2,raw,13128,13224,raw:13128:6,high,low
0,0.5327905545660755,0.11342916090214067,0.667475840116466,0.5,0.8062273761689015,1.3502938066206962,0.05838230100614553,0.43789851852822737,0.45486989239168235,ETTh2,raw,13176,13272,raw:13176:0,high,mid
1,0.0,0.13512305257375726,0.0,0.375,0.978212460298086,1.3502938066206962,0.05838230100614553,0.04504101752458575,0.47053158710141046,ETTh2,raw,13176,13272,raw:13176:1,low,mid
2,0.3193159451581101,0.08947693719686041,0.4940285785540806,0.375,0.6344087170189218,1.3502938066206962,0.05838230100614553,0.30094048696968373,0.35593033934168905,ETTh2,raw,13176,13272,raw:13176:2,low,low
3,0.9999999977703036,0.20656497305213653,0.5025546130774889,1.0,0.9675092343290485,1.3502938066206962,0.05838230100614553,0.569706527966643,0.6752971784450646,ETTh2,raw,13176,13272,raw:13176:3,high,high
4,0.9006166583478398,0.13745134757444996,0.7093728773425942,0.125,0.8880885291764302,1.3502938066206962,0.05838230100614553,0.582480294421628,0.3571569433941919,ETTh2,raw,13176,13272,raw:13176:4,high,low
5,0.9999999999999937,0.42076122559491275,0.631503710328257,0.5,0.9344801683438272,1.3502938066206962,0.05838230100614553,0.6840883119743878,0.4976208231166575,ETTh2,raw,13176,13272,raw:13176:5,high,mid
6,0.7568799284118578,0.3582841021556815,0.43964225061969064,0.125,0.6496401493863743,1.3502938066206962,0.05838230100614553,0.5182687603957433,0.2776741501308399,ETTh2,raw,13176,13272,raw:13176:6,high,low
0,0.6903188678885528,0.09411291113644607,0.45369272501489444,0.375,0.6955727838960466,1.3610397365415334,0.06017328932330009,0.4127081680132978,0.3769153577397822,ETTh2,raw,13200,13296,raw:13200:0,mid,low
1,0.9999999992745737,0.2914963935299353,0.9765508057054838,1.0,0.830758152920787,1.3610397365415334,0.06017328932330009,0.7560157328366642,0.630310480748029,ETTh2,raw,13200,13296,raw:13200:1,high,high
2,0.529984662201283,0.07631248830373434,0.32097185522258154,0.375,0.6279124879194414,1.3610397365415334,0.06017328932330009,0.30908966857586634,0.3543619257475805,ETTh2,raw,13200,13296,raw:13200:2,low,low
3,0.9999999991216484,0.28679332678857883,0.26863917076661187,1.0,0.8734583208248473,1.3610397365415334,0.06017328932330009,0.5184774988922797,0.6445438700493825,ETTh2,raw,13200,13296,raw:13200:3,high,high
4,0.8846346118012857,0.23918427621921085,0.012274662667959782,0.25,0.9137562957890645,1.3610397365415334,0.06017328932330009,0.3786978502294854,0.4079765283707882,ETTh2,raw,13200,13296,raw:13200:4,mid,low
5,0.9999999974239513,0.3982808377892508,0.0,0.75,0.9180443524569415,1.3610397365415334,0.06017328932330009,0.46609361173773406,0.5760725472600805,ETTh2,raw,13200,13296,raw:13200:5,high,mid
6,0.9524149233790419,0.1412517128872394,0.02796478482468957,0.125,0.5395690020046284,1.3610397365415334,0.06017328932330009,0.37387714036365693,0.24158076377597618,ETTh2,raw,13200,13296,raw:13200:6,mid,low
0,0.4476706288970075,0.08121394679825535,0.4630990662219759,0.125,0.6257961816540192,0.9999999900000217,0.0,0.33066121397241294,0.25026539388467306,ETTh2,raw,13248,13344,raw:13248:0,mid,low
1,0.15438254289564501,0.22650793786459172,0.4952054844641545,0.625,0.8632525786877748,0.9999999900000217,0.0,0.29203198840813044,0.4960841928959249,ETTh2,raw,13248,13344,raw:13248:1,low,mid
2,0.4818275072822128,0.07922925731997546,0.42440942418799826,0.125,0.6220633696485579,0.9999999900000217,0.0,0.32848872959672887,0.24902112321618597,ETTh2,raw,13248,13344,raw:13248:2,mid,low
3,0.5032738149394262,0.24542589116034252,0.5143028540253796,0.5,0.8716772167888707,0.9999999900000217,0.0,0.4210008533750494,0.45722573892962354,ETTh2,raw,13248,13344,raw:13248:3,mid,mid
4,0.9999999974206912,0.2928847282204305,0.4914401713546038,0.875,0.9355563451815513,0.9999999900000217,0.0,0.5947749656652418,0.6035187817271838,ETTh2,raw,13248,13344,raw:13248:4,high,high
5,0.0,0.2970626517997462,0.4041789562948046,1.0,0.7297008488411744,0.9999999900000217,0.0,0.2337472026981836,0.5765669496137248,ETTh2,raw,13248,13344,raw:13248:5,low,mid
6,0.7402963625790904,0.22250868313530675,0.5406811558322273,0.375,0.6951176677483094,0.9999999900000217,0.0,0.5011620671822081,0.3567058892494364,ETTh2,raw,13248,13344,raw:13248:6,high,low
0,0.21086043666859555,0.09443586284338037,0.5516642927024364,0.25,0.744912777889832,0.9999999900000371,0.0,0.28565353073813743,0.331637592629944,ETTh2,raw,13272,13368,raw:13272:0,low,low
1,0.05765160022676652,0.18471388147159518,0.5534357104509093,0.625,0.9215715829448334,0.9999999900000371,0.0,0.26526706404975703,0.5155238609816112,ETTh2,raw,13272,13368,raw:13272:1,low,mid
2,0.33201061085069017,0.08698172787271893,0.49397547082808385,0.25,0.7358974309284833,0.9999999900000371,0.0,0.30432260318383103,0.3286324769761611,ETTh2,raw,13272,13368,raw:13272:2,low,low
3,0.3631162295513253,0.19712589017889937,0.420053934380205,0.875,0.9211822729663754,0.9999999900000371,0.0,0.32676535137014323,0.5987274243221251,ETTh2,raw,13272,13368,raw:13272:3,mid,mid
4,0.9999999974625852,0.1767455441133862,0.3269332179888216,1.0,0.8593234678007794,0.9999999900000371,0.0,0.5012262531882643,0.6197744892669265,ETTh2,raw,13272,13368,raw:13272:4,high,high
5,0.0,0.14105154273511455,0.5,1.0,0.6539165362980451,0.9999999900000371,0.0,0.21368384757837153,0.5513055120993484,ETTh2,raw,13272,13368,raw:13272:5,low,mid
6,0.6006259961380715,0.1860132085221683,0.27206757050014907,0.25,0.6346835106986901,0.9999999900000371,0.0,0.3529022583867963,0.29489450356623004,ETTh2,raw,13272,13368,raw:13272:6,mid,low
0,0.55032569672751,0.09316830579729424,0.4475269663415288,0.25,0.8378911682290765,1.1711775798526989,0.028529596594567153,0.3636736562887776,0.3721402549412145,ETTh2,raw,13320,13416,raw:13320:0,mid,low
1,0.9999999992097318,0.2824436633363826,0.4982328603610975,1.0,0.9578696004592343,1.1711775798526989,0.028529596594567153,0.5935588409690706,0.6621330656846005,ETTh2,raw,13320,13416,raw:13320:1,high,high
2,0.5274573468526191,0.09427150181861724,0.43554062792758597,0.25,0.8264687698456864,1.1711775798526989,0.028529596594567153,0.3524231588662741,0.36833278881341786,ETTh2,raw,13320,13416,raw:13320:2,mid,low
3,0.2446928293115429,0.20697685866573134,0.49709239179440323,1.0,0.9295429939834672,1.1711775798526989,0.028529596594567153,0.3162540265905592,0.6526908635260115,ETTh2,raw,13320,13416,raw:13320:3,low,high
4,0.0,0.27318796374002075,0.7528835337868482,1.0,0.9288703257595575,1.1711775798526989,0.028529596594567153,0.34202383250895635,0.6524666407847082,ETTh2,raw,13320,13416,raw:13320:4,mid,high
5,0.0,0.44250025071390225,0.0,0.125,0.7575989272585795,1.1711775798526989,0.028529596594567153,0.14750008357130076,0.30370950795104884,ETTh2,raw,13320,13416,raw:13320:5,low,low
6,0.7337512313489822,0.32635602569685784,0.5761442868905309,0.25,0.6526613654328368,1.1711775798526989,0.028529596594567153,0.5454171813121237,0.31039698734246796,ETTh2,raw,13320,13416,raw:13320:6,high,low
0,0.42189691939728735,0.07699599088724332,0.45037346784448873,0.25,0.8397057500225262,0.9999999900000065,0.0,0.31642212604300646,0.3632352500075087,ETTh2,raw,13344,13440,raw:13344:0,low,low
1,0.08156952832482867,0.20451905733037534,0.5579275704971158,0.625,0.979515650965552,0.9999999900000065,0.0,0.28133871871743993,0.5348385503218507,ETTh2,raw,13344,13440,raw:13344:1,low,mid
2,0.6546657038036168,0.08485487491252323,0.4406610287626861,0.25,0.8481800475049491,0.9999999900000065,0.0,0.39339386915960867,0.366060015834983,ETTh2,raw,13344,13440,raw:13344:2,mid,low
3,0.49594069903912863,0.28914420081330133,0.5131746593278221,0.5,0.9697327722693605,0.9999999900000065,0.0,0.43275318639341737,0.4899109240897868,ETTh2,raw,13344,13440,raw:13344:3,high,mid
4,0.0,0.11948975323053679,0.52720495978472,1.0,0.8867055577953064,0.9999999900000065,0.0,0.21556490433841893,0.6289018525984355,ETTh2,raw,13344,13440,raw:13344:4,low,high
5,0.0,0.0,0.0,0.0,-0.0,0.9999999900000065,0.0,0.0,0.0,ETTh2,raw,13344,13440,raw:13344:5,low,low
6,0.4327787445523096,0.013635246152476445,0.24230639005492371,0.25,0.5813443556002162,0.9999999900000065,0.0,0.22957346025323658,0.2771147852000721,ETTh2,raw,13344,13440,raw:13344:6,low,low
0,0.5357233796300946,0.2971098892724513,0.37727025430505656,0.25,0.9223048490447262,1.1440205631859957,0.02400342715766023,0.4033678410692008,0.3987694254007954,ETTh2,raw,13368,13464,raw:13368:0,mid,low
1,0.9999999996936652,0.18728022453725557,0.2339598838620254,0.75,0.9294644100896017,1.1440205631859957,0.02400342715766023,0.47374670269764874,0.5678226124157539,ETTh2,raw,13368,13464,raw:13368:1,high,mid
2,0.586339975339477,0.20256273877987926,0.3923020275431928,0.625,0.9356316505119132,1.1440205631859957,0.02400342715766023,0.39373491388751636,0.5282116925565244,ETTh2,raw,13368,13464,raw:13368:2,mid,mid
3,0.6622251103422153,0.07786506612559453,0.4092720503967387,0.75,0.9565535590947168,1.1440205631859957,0.02400342715766023,0.3831207422881828,0.5768523287507923,ETTh2,raw,13368,13464,raw:13368:3,mid,mid
4,0.9999999946148442,0.1745926844760023,0.5114177959788839,0.625,0.9224050338295172,1.1440205631859957,0.02400342715766023,0.5620034916899102,0.5238028203290591,ETTh2,raw,13368,13464,raw:13368:4,high,mid
5,0.0,0.20278353330372492,0.0,0.25,0.9683874905290225,1.1440205631859957,0.02400342715766023,0.06759451110124164,0.41413030589556094,ETTh2,raw,13368,13464,raw:13368:5,low,low
6,0.4554900425606181,0.02536792817546179,0.3065338686850903,0.25,0.41592816187252535,1.1440205631859957,0.02400342715766023,0.2624639464737234,0.2299771963433952,ETTh2,raw,13368,13464,raw:13368:6,low,low
0,0.1987203708134102,0.21479131506287336,0.2312277334183112,0.375,0.8768931986707903,0.9999999900000336,0.0,0.21491313976486492,0.41729773289026345,ETTh2,raw,13416,13512,raw:13416:0,low,mid
1,0.29915744454490334,0.2175466362046159,0.5294035746175654,1.0,0.9324545576762947,0.9999999900000336,0.0,0.34870255178902826,0.6441515192254316,ETTh2,raw,13416,13512,raw:13416:1,mid,high
2,0.19052824624785458,0.18794819742874969,0.43484899524598164,0.625,0.8993408018357514,0.9999999900000336,0.0,0.271108479640862,0.5081136006119171,ETTh2,raw,13416,13512,raw:13416:2,low,mid
3,0.168066695152714,0.246021221310058,0.47633051194088943,1.0,0.9324257406839984,0.9999999900000336,0.0,0.2968061428012205,0.6441419135613328,ETTh2,raw,13416,13512,raw:13416:3,low,high
4,0.008383196955749628,0.3187570428632124,0.9769836885341758,0.75,0.9118635919769424,0.9999999900000336,0.0,0.4347079761177126,0.5539545306589808,ETTh2,raw,13416,13512,raw:13416:4,high,mid
5,0.0,0.2946229079006357,1.0,0.625,0.9473165172774757,0.9999999900000336,0.0,0.4315409693002119,0.5241055057591586,ETTh2,raw,13416,13512,raw:13416:5,high,mid
6,0.6020303527374007,0.08524118639723446,0.6329284107635668,0.25,0.5492505038951055,0.9999999900000336,0.0,0.4400666499660673,0.26641683463170185,ETTh2,raw,13416,13512,raw:13416:6,high,low
0,0.3072742672681861,0.17829798040793232,0.566607257260148,0.375,0.8352513094794649,0.999999990000031,0.0,0.35072650164542213,0.40341710315982166,ETTh2,raw,13440,13536,raw:13440:0,mid,low
1,0.2754738687911876,0.20735995303297544,0.34087156365716614,1.0,0.8986539461414538,0.999999990000031,0.0,0.27456846182710976,0.6328846487138179,ETTh2,raw,13440,13536,raw:13440:1,low,high
2,0.2777718974266554,0.23716966604935777,0.5216903732700016,0.625,0.8463888830612902,0.999999990000031,0.0,0.3455439789153383,0.4904629610204301,ETTh2,raw,13440,13536,raw:13440:2,mid,mid
3,0.21363680977431154,0.1536664802911362,0.44039652569963744,1.0,0.8642891598676777,0.999999990000031,0.0,0.26923327192169505,0.6214297199558926,ETTh2,raw,13440,13536,raw:13440:3,low,high
4,0.34598164365484874,0.22287574091405,0.999999963909709,0.75,0.8784036949404499,0.999999990000031,0.0,0.5229524494928692,0.5428012316468166,ETTh2,raw,13440,13536,raw:13440:4,high,mid
5,0.0,0.2670641949412254,0.0,0.625,0.9120491501359604,0.999999990000031,0.0,0.0890213983137418,0.5123497167119868,ETTh2,raw,13440,13536,raw:13440:5,low,mid
6,0.44554977627344217,0.03994563480290236,0.0974205472896258,0.25,0.5528371141329405,0.999999990000031,0.0,0.19430531945532345,0.2676123713776468,ETTh2,raw,13440,13536,raw:13440:6,low,low
0,0.6599171925685237,0.24818792978348236,0.18478713314593712,0.5,0.9042889233860592,0.9999999900000199,0.0,0.3642974184993144,0.46809630779535305,ETTh2,raw,13488,13584,raw:13488:0,mid,mid
1,0.9999999996995821,0.3184998889132642,0.42583327049553804,1.0,0.9244760981040594,0.9999999900000199,0.0,0.5814443863694615,0.6414920327013531,ETTh2,raw,13488,13584,raw:13488:1,high,high
2,0.42726782008587094,0.16095081178430004,0.2693684086833288,0.5,0.8218312109066972,0.9999999900000199,0.0,0.28586234685116657,0.44061040363556575,ETTh2,raw,13488,13584,raw:13488:2,low,mid
3,0.18065575975050585,0.15718207317220134,0.49628365434635746,1.0,0.8329622667677703,0.9999999900000199,0.0,0.27804049575635487,0.6109874222559234,ETTh2,raw,13488,13584,raw:13488:3,low,high
4,0.8082589154747499,0.1740121817917261,0.6236433601432286,0.0,0.7993538672966645,0.9999999900000199,0.0,0.5353048191365682,0.26645128909888816,ETTh2,raw,13488,13584,raw:13488:4,high,low
5,0.9999999973282852,0.13901065062144918,0.0,0.125,0.8571604857128436,0.9999999900000199,0.0,0.3796702159832448,0.32738682857094786,ETTh2,raw,13488,13584,raw:13488:5,mid,low
6,0.6926402066558054,0.41161038084621093,0.04478911180226305,0.25,0.71844802248017,0.9999999900000199,0.0,0.38301323310142643,0.32281600749339,ETTh2,raw,13488,13584,raw:13488:6,mid,low
0,0.6522414040856552,0.18854941526281102,0.38211712182928764,0.75,0.9687262135043077,0.9999999900000012,0.0,0.40763598039258464,0.5729087378347693,ETTh2,raw,13512,13608,raw:13512:0,mid,mid
1,0.9999999993122943,0.17661597984060565,0.1951504753547335,1.0,0.9425469958313588,0.9999999900000012,0.0,0.45725548483587786,0.6475156652771196,ETTh2,raw,13512,13608,raw:13512:1,high,high
2,0.27384939545036546,0.14839627125263963,0.506825919581642,0.75,0.8923666929697438,0.9999999900000012,0.0,0.30969052876154907,0.5474555643232479,ETTh2,raw,13512,13608,raw:13512:2,low,mid
3,0.4208561789245784,0.1512003093362555,0.4997055882731131,1.0,0.853027979417565,0.9999999900000012,0.0,0.3572540255113157,0.6176759931391883,ETTh2,raw,13512,13608,raw:13512:3,mid,high
4,0.9424878943594066,0.2547495390313663,0.015961729210840013,0.25,0.8641717438151518,0.9999999900000012,0.0,0.4043997208672043,0.3713905812717173,ETTh2,raw,13512,13608,raw:13512:4,mid,low
5,0.9999999993286146,0.25914089052389433,0.13588771962577373,0.875,0.9661471828126071,0.9999999900000012,0.0,0.4650095364927609,0.6137157276042023,ETTh2,raw,13512,13608,raw:13512:5,high,high
6,0.5223431298103363,0.13804895422571933,0.27565039242902,0.25,0.6644120434868539,0.9999999900000012,0.0,0.31201415882169187,0.30480401449561795,ETTh2,raw,13512,13608,raw:13512:6,low,low
0,0.6319113413156145,0.4542317182433617,0.3011962020867638,0.625,0.9864246964968971,0.9999999900000028,0.0,0.46244642054858004,0.5371415654989656,ETTh2,raw,13536,13632,raw:13536:0,high,mid
1,0.0,0.25476964989600187,0.0,0.375,0.8335727398614226,0.9999999900000028,0.0,0.08492321663200063,0.4028575799538075,ETTh2,raw,13536,13632,raw:13536:1,low,low
2,0.31960754342902853,0.17871105613358212,0.8154208852986798,0.875,0.8325314260324476,0.9999999900000028,0.0,0.43791316162043015,0.5691771420108158,ETTh2,raw,13536,13632,raw:13536:2,high,mid
3,0.8385163942956538,0.13457627401776465,0.1837881389515863,1.0,0.7793834003193393,0.9999999900000028,0.0,0.38562693575500157,0.5931278001064464,ETTh2,raw,13536,13632,raw:13536:3,mid,mid
4,0.7527687417456381,0.1451335707103777,0.11039308242654462,0.0,0.7666222367959227,0.9999999900000028,0.0,0.33609846496085344,0.2555407455986409,ETTh2,raw,13536,13632,raw:13536:4,mid,low
5,0.8436103545975993,0.1484180643280711,0.5698593631231791,0.75,0.9701281124071268,0.9999999900000028,0.0,0.5206292606829498,0.5733760374690423,ETTh2,raw,13536,13632,raw:13536:5,high,mid
6,0.3610013916449202,0.2243009261891628,0.3548935210962664,0.25,0.6919671319366699,0.9999999900000028,0.0,0.3133986129767831,0.31398904397889,ETTh2,raw,13536,13632,raw:13536:6,low,low
0,0.7555015688238258,0.47719897070827244,0.7312810990995283,0.125,0.7930644240344984,1.5706307924908214,0.095105131923295,0.6546605462105423,0.33772318531926443,ETTh2,raw,13584,13680,raw:13584:0,high,low
1,0.0,0.1077477828962971,0.0,0.0,0.8978018379162847,1.5706307924908214,0.095105131923295,0.03591592763209903,0.3309689899465265,ETTh2,raw,13584,13680,raw:13584:1,low,low
2,0.3755597661579221,0.5661190309835658,0.38512624151980884,0.25,0.8809038248688265,1.5706307924908214,0.095105131923295,0.4422683462204322,0.4086696522640405,ETTh2,raw,13584,13680,raw:13584:2,high,low
3,0.9999999897259593,0.48792283340887543,1.0,0.75,0.9555218885641482,1.5706307924908214,0.095105131923295,0.8293076077116116,0.6002090068291477,ETTh2,raw,13584,13680,raw:13584:3,high,mid
4,0.9667352493000402,0.08242517236863842,0.25068727525447965,0.25,0.856284285067533,1.5706307924908214,0.095105131923295,0.43328256564105266,0.40046313899694264,ETTh2,raw,13584,13680,raw:13584:4,high,low
5,0.999999999889017,0.09941528633743438,0.0995190448616239,0.375,0.8855531729578353,1.5706307924908214,0.095105131923295,0.39964477702935847,0.45188610162704346,ETTh2,raw,13584,13680,raw:13584:5,mid,mid
6,0.22030467292696387,0.11329030905761144,0.24643114852029316,0.375,0.6678090410869307,1.5706307924908214,0.095105131923295,0.19334204350162285,0.37930472433674195,ETTh2,raw,13584,13680,raw:13584:6,low,low
0,0.45727087541075384,0.216278525104196,0.4686901566158908,0.25,0.7202754559279649,1.464366485581077,0.07739441413452214,0.3807465190436135,0.349223290020829,ETTh2,raw,13608,13704,raw:13608:0,mid,low
1,0.0,0.07802567249566744,0.0,0.25,0.9357509691749415,1.464366485581077,0.07739441413452214,0.026008557498555813,0.4210484611031546,ETTh2,raw,13608,13704,raw:13608:1,low,mid
2,0.81728827461125,0.17624855458052818,0.46272852486544946,0.25,0.8322934114090256,1.464366485581077,0.07739441413452214,0.48542178468574254,0.3865626085145159,ETTh2,raw,13608,13704,raw:13608:2,high,low
3,0.9999999995931984,0.20800548691830575,0.5038575979266194,0.25,0.8801773196132514,1.464366485581077,0.07739441413452214,0.5706210281460412,0.40252391124925785,ETTh2,raw,13608,13704,raw:13608:3,high,low
4,0.8783178296080596,0.06177511917353931,0.020354719516470998,0.125,0.781939430105544,1.464366485581077,0.07739441413452214,0.32014922276602326,0.3281112814133554,ETTh2,raw,13608,13704,raw:13608:4,low,low
5,0.999999998540178,0.15038108855441346,0.0,0.0,0.8001977837992915,1.464366485581077,0.07739441413452214,0.3834603623648638,0.29253073264460455,ETTh2,raw,13608,13704,raw:13608:5,mid,low
6,0.47764076494544594,0.09407842598678881,0.21594236729000627,0.375,0.757489434465629,1.464366485581077,0.07739441413452214,0.262553852740747,0.40329461620005036,ETTh2,raw,13608,13704,raw:13608:6,low,low
0,0.7596442865258141,0.10934403356125881,0.31453214529888496,0.125,0.4584420901402552,1.0639755469340122,0.010662591137897715,0.3945068217953193,0.19803489375938432,ETTh2,raw,13656,13752,raw:13656:0,mid,low
1,0.0,0.30945483766838044,0.47586139822991114,0.5,0.940137258907544,1.0639755469340122,0.010662591137897715,0.26177207863276386,0.48359995001514716,ETTh2,raw,13656,13752,raw:13656:1,low,mid
2,0.7737653967768301,0.08953890949482976,0.26800563176010084,0.25,0.48777613169862805,1.0639755469340122,0.010662591137897715,0.37710331267725355,0.2494795742788419,ETTh2,raw,13656,13752,raw:13656:2,mid,low
3,0.805698129587382,0.18094938743174174,0.7929062194903695,0.125,0.6137216463795812,1.0639755469340122,0.010662591137897715,0.5931845788364978,0.24979474583915962,ETTh2,raw,13656,13752,raw:13656:3,high,low
4,0.6947125213578182,0.21527726350581186,0.5656196034647133,0.625,0.9389948388084202,1.0639755469340122,0.010662591137897715,0.4918697961094478,0.524885809982106,ETTh2,raw,13656,13752,raw:13656:4,high,mid
5,0.0,0.35171242775350775,0.0,0.375,0.8685002938502497,1.0639755469340122,0.010662591137897715,0.11723747591783591,0.4180542949960491,ETTh2,raw,13656,13752,raw:13656:5,low,mid
6,0.6744584662256756,0.2866873384016694,0.007910360221953386,0.25,0.8096150444147425,1.0639755469340122,0.010662591137897715,0.3230187216164328,0.35675921185088005,ETTh2,raw,13656,13752,raw:13656:6,low,low
0,0.8218315081166884,0.25943651084801167,0.4556649788930153,0.25,0.9082593567604018,1.0847801874915703,0.014130031225045006,0.5123109992859052,0.3907964626618156,ETTh2,raw,13680,13776,raw:13680:0,high,low
1,0.9999999983259623,0.29270806441681047,0.3802068626999737,1.0,0.9355499728774249,1.0847801874915703,0.014130031225045006,0.5576383084809154,0.6498933347008232,ETTh2,raw,13680,13776,raw:13680:1,high,high
2,0.7724867236032816,0.2403753496872285,0.44997967364145514,0.25,0.898688903762591,1.0847801874915703,0.014130031225045006,0.4876139156439885,0.3876063116625453,ETTh2,raw,13680,13776,raw:13680:2,high,low
3,0.9999999998779696,0.2253287556773214,0.020222200442274556,1.0,0.9663709048667714,1.0847801874915703,0.014130031225045006,0.4151836519991885,0.660166978697272,ETTh2,raw,13680,13776,raw:13680:3,mid,high
4,0.5197972466381243,0.2125746275602461,0.25550967574909694,0.75,0.8513176715238466,1.0847801874915703,0.014130031225045006,0.3292938499824891,0.5384825675829639,ETTh2,raw,13680,13776,raw:13680:4,mid,mid
5,0.0,0.4015629257289272,0.0,0.25,0.8319660026424928,1.0847801874915703,0.014130031225045006,0.13385430857630906,0.36536534462251263,ETTh2,raw,13680,13776,raw:13680:5,low,low
6,0.8534796067510174,0.0740171540892929,0.0785943441826338,0.125,0.6697824135502846,1.0847801874915703,0.014130031225045006,0.33536370167431473,0.26963748159177653,ETTh2,raw,13680,13776,raw:13680:6,mid,low
0,0.5286469733252286,0.18666948659333524,0.847633055122051,0.125,0.7616305993313074,1.0982166847450063,0.016369447430218644,0.5209831716802049,0.3010000155871753,ETTh2,raw,13704,13800,raw:13704:0,high,low
1,0.0,0.21298499853864217,0.6206618042296829,1.0,0.9459518024838972,1.0982166847450063,0.016369447430218644,0.2778822675894417,0.6541070833047052,ETTh2,raw,13704,13800,raw:13704:1,low,high
2,0.5348484569184004,0.21009504999597917,0.8839943350084692,0.125,0.7653915922945258,1.0982166847450063,0.016369447430218644,0.5429792806409496,0.30225367990824814,ETTh2,raw,13704,13800,raw:13704:2,high,low
3,0.9999999968931794,0.3426476949126834,0.7220761516951659,0.125,0.9060645290497019,1.0982166847450063,0.016369447430218644,0.6882412811670097,0.34914465882664025,ETTh2,raw,13704,13800,raw:13704:3,high,low
4,0.506817985141337,0.3033952720862624,0.5056820754146997,1.0,0.9004038095904977,1.0982166847450063,0.016369447430218644,0.43863177754743304,0.6389244190069054,ETTh2,raw,13704,13800,raw:13704:4,high,high
5,0.0,0.47172940442391725,0.0,0.0,0.7320265196252833,1.0982166847450063,0.016369447430218644,0.15724313480797242,0.24946532235183397,ETTh2,raw,13704,13800,raw:13704:5,low,low
6,0.9021478128957722,0.17201355177771488,0.13417482033651953,0.125,0.4952038589129258,1.0982166847450063,0.016369447430218644,0.4027787283366689,0.21219110211438144,ETTh2,raw,13704,13800,raw:13704:6,mid,low
0,0.27253265028115115,0.10329431689966996,0.6534686932370516,0.25,0.6157119497435853,1.9489595947276026,0.15815993219100055,0.34309855347262425,0.34129062731152865,ETTh2,raw,13752,13848,raw:13752:0,mid,low
1,0.0,0.20196088383531852,0.0,1.0,0.813560942371074,1.9489595947276026,0.15815993219100055,0.06732029461177284,0.6572402915206915,ETTh2,raw,13752,13848,raw:13752:1,low,high
2,0.3902131232915701,0.09052822155410739,0.6733151620385238,0.25,0.6107433260408297,1.9489595947276026,0.15815993219100055,0.38468550229473375,0.33963441941061007,ETTh2,raw,13752,13848,raw:13752:2,mid,low
3,0.9999999957351201,0.3026162042464929,0.49764784252856953,0.75,0.8318405236759534,1.9489595947276026,0.15815993219100055,0.6000880141700609,0.5800001519556514,ETTh2,raw,13752,13848,raw:13752:3,high,mid
4,0.4662113682952218,0.1580379322302867,0.4140694553562922,1.0,0.9024364636334783,1.9489595947276026,0.15815993219100055,0.34610625196060024,0.6868654652748263,ETTh2,raw,13752,13848,raw:13752:4,mid,high
5,0.0,0.30677506384672637,0.5258900895990506,1.0,0.9398050199695045,1.9489595947276026,0.15815993219100055,0.2775550511485923,0.6993216507201684,ETTh2,raw,13752,13848,raw:13752:5,low,high
6,0.5924875353759903,0.20788611007443153,0.23354566919558656,0.25,0.6487212224534777,1.9489595947276026,0.15815993219100055,0.3446397715486695,0.3522937182148261,ETTh2,raw,13752,13848,raw:13752:6,mid,low
0,0.39656571541210983,0.08947464170523287,0.4080508903976579,0.125,0.6731886497137513,1.4485300651223865,0.0747550107291394,0.29803041583833356,0.2909812201476302,ETTh2,raw,13776,13872,raw:13776:0,low,low
1,0.0,0.2486563891889837,0.0,1.0,0.9470283421307121,1.4485300651223865,0.0747550107291394,0.08288546306299456,0.6739277842866173,ETTh2,raw,13776,13872,raw:13776:1,low,high
2,0.3721566020911138,0.0995090762841597,0.3943169523449623,0.125,0.6516648403093976,1.4485300651223865,0.0747550107291394,0.2886608769067453,0.28380661701284565,ETTh2,raw,13776,13872,raw:13776:2,low,low
3,0.37673832515443817,0.1755896479385626,0.4764356704629056,0.75,0.904959040153842,1.4485300651223865,0.0747550107291394,0.3429212145186355,0.5765713502943272,ETTh2,raw,13776,13872,raw:13776:3,mid,mid
4,0.4901138952709879,0.2699929043076748,0.5124668672866775,1.0,0.8623975078364703,1.4485300651223865,0.0747550107291394,0.42419122228844675,0.6457175061885366,ETTh2,raw,13776,13872,raw:13776:4,high,high
5,0.9999999999749235,0.25396703536275833,0.3870700333723359,1.0,0.9212594788341429,1.4485300651223865,0.0747550107291394,0.5470123562366727,0.6653381631877608,ETTh2,raw,13776,13872,raw:13776:5,high,high
6,0.37663736780612256,0.2547993290381674,0.8557816155251756,0.25,0.7266553622137645,1.4485300651223865,0.0747550107291394,0.4957394374564885,0.3504701243143013,ETTh2,raw,13776,13872,raw:13776:6,high,low
0,0.9939049208691183,0.23840422685011903,0.49665473842792096,0.25,0.7899978970326694,0.9999999900001709,0.0,0.5763212953823861,0.34666596567755653,ETTh2,raw,13824,13920,raw:13824:0,high,low
1,0.0,0.1816711292470899,1.0,0.875,0.9486509306607521,0.9999999900001709,0.0,0.39389037641569663,0.607883643553584,ETTh2,raw,13824,13920,raw:13824:1,mid,high
2,0.9956001174946092,0.23668869359000305,0.48920068881204737,0.25,0.7709856322387656,0.9999999900001709,0.0,0.5738298332988866,0.3403285440795885,ETTh2,raw,13824,13920,raw:13824:2,high,low
3,0.9705177658713527,0.1450588820356225,0.7373190106951915,0.5,0.9571670584713138,0.9999999900001709,0.0,0.6176318862007223,0.48572235282377124,ETTh2,raw,13824,13920,raw:13824:3,high,mid
4,0.9999999937079537,0.3908029529588044,0.3184634170511819,0.25,0.8583799387754123,0.9999999900001709,0.0,0.5697554545726468,0.3694599795918041,ETTh2,raw,13824,13920,raw:13824:4,high,low
5,0.9999999405541771,0.18243661784907975,0.18095985254604843,0.375,0.8440983639278056,0.9999999900001709,0.0,0.4544654703164351,0.40636612130926847,ETTh2,raw,13824,13920,raw:13824:5,high,low
6,0.9999999960910554,0.030740951431045178,0.3508023353949267,0.25,0.574906464090111,0.9999999900001709,0.0,0.4605144276390091,0.27496882136337036,ETTh2,raw,13824,13920,raw:13824:6,high,low
0,0.9999999988809463,0.3655768451597947,0.8727118822824147,0.25,0.8215990953403788,0.9999999900001294,0.0,0.7460962421077185,0.3571996984467929,ETTh2,raw,13848,13944,raw:13848:0,high,low
1,0.0,0.3085216896979889,1.0,1.0,0.9516687020229214,0.9999999900001294,0.0,0.43617389656599626,0.6505562340076404,ETTh2,raw,13848,13944,raw:13848:1,high,high
2,0.9886224697718735,0.30730587707062795,0.9210285209840487,0.25,0.7864526215436851,0.9999999900001294,0.0,0.7389856226088499,0.34548420718122835,ETTh2,raw,13848,13944,raw:13848:2,high,low
3,0.9695011044159944,0.32913006548219165,0.008301716408207534,0.625,0.9140193230042475,0.9999999900001294,0.0,0.4356442954354645,0.5130064410014158,ETTh2,raw,13848,13944,raw:13848:3,high,mid
4,0.9656836975974494,0.21469333680638764,0.9999974370831268,0.25,0.8359168150030802,0.9999999900001294,0.0,0.7267914904956546,0.3619722716676934,ETTh2,raw,13848,13944,raw:13848:4,high,low
5,0.9999997744112405,0.15077241402411592,0.03513641571716833,0.5,0.7905795579523001,0.9999999900001294,0.0,0.39530286805084164,0.4301931859841,ETTh2,raw,13848,13944,raw:13848:5,mid,mid
6,0.964086320839349,0.1069059967632176,0.6116615297954766,0.25,0.6484659155230048,0.9999999900001294,0.0,0.5608846157993478,0.29948863850766827,ETTh2,raw,13848,13944,raw:13848:6,high,low
0,0.9911110385318959,0.3181504509296336,0.49999999970859915,0.625,0.9303648615969444,0.9999999900000727,0.0,0.6030871630567095,0.5184549538656481,ETTh2,raw,13872,13968,raw:13872:0,high,mid
1,0.0,0.4215612259961755,0.5,1.0,0.9596637312159784,0.9999999900000727,0.0,0.3071870753320585,0.6532212437386594,ETTh2,raw,13872,13968,raw:13872:1,low,high
2,0.994323481204367,0.3377147934455817,0.49999999983983473,0.25,0.8985560871973778,0.9999999900000727,0.0,0.6106794248299278,0.38285202906579263,ETTh2,raw,13872,13968,raw:13872:2,high,low
3,0.9308598834215598,0.2924830061340624,0.4999999998713,0.625,0.9591318175806463,0.9999999900000727,0.0,0.5744476298089741,0.5280439391935488,ETTh2,raw,13872,13968,raw:13872:3,high,mid
4,0.9999999969328621,0.21106867957884995,0.4999999999444065,0.25,0.7982767290734865,0.9999999900000727,0.0,0.5703562254853728,0.34942557635782884,ETTh2,raw,13872,13968,raw:13872:4,high,low
5,1.0,0.1812878181782442,0.49999999999954764,0.25,0.8942021793077151,0.9999999900000727,0.0,0.5604292727259307,0.381400726435905,ETTh2,raw,13872,13968,raw:13872:5,high,low
6,0.9999999991939845,0.33980738947106637,0.624396195060728,0.25,0.6500244922128848,0.9999999900000727,0.0,0.6547345279085929,0.3000081640709616,ETTh2,raw,13872,13968,raw:13872:6,high,low
0,0.18134265656522475,0.17357901430531403,0.7251106837742758,0.375,0.7638404666798314,1.134626705247785,0.022437784170567854,0.3600107848816048,0.3870927502834664,ETTh2,raw,13920,14016,raw:13920:0,mid,low
1,0.0,0.18070923452997792,0.7565096776742142,0.75,0.903535757272901,1.134626705247785,0.022437784170567854,0.312406304068064,0.558657847147823,ETTh2,raw,13920,14016,raw:13920:1,low,mid
2,0.2555231679831568,0.11642236218823312,0.5029505683928284,0.5,0.7032797502395528,1.134626705247785,0.022437784170567854,0.29163203285473943,0.40857251147004026,ETTh2,raw,13920,14016,raw:13920:2,low,low
3,0.34418644038052215,0.25201938912162,0.45954245720080317,0.5,0.915971847273727,1.134626705247785,0.022437784170567854,0.3519160955676484,0.4794698771480983,ETTh2,raw,13920,14016,raw:13920:3,mid,mid
4,0.2798563833268679,0.09683887611261018,0.31889478154748074,0.375,0.7776259687294939,1.134626705247785,0.022437784170567854,0.23186334699565295,0.3916879176333539,ETTh2,raw,13920,14016,raw:13920:4,low,low
5,0.0,0.31479881451205993,0.0,0.75,0.8781422331881925,1.134626705247785,0.022437784170567854,0.10493293817068665,0.5501933391195868,ETTh2,raw,13920,14016,raw:13920:5,low,mid
6,0.1624789476083378,0.0221253301884789,0.3052712742582545,0.25,0.4857624116046891,1.134626705247785,0.022437784170567854,0.16329185068502375,0.2527333985917523,ETTh2,raw,13920,14016,raw:13920:6,low,low
0,0.23552102696090882,0.11931503604526736,0.38732681965666854,0.25,0.7503437027372702,1.1076683818727633,0.01794473028221933,0.2473876275542816,0.33942947767316317,ETTh2,raw,13944,14040,raw:13944:0,low,low
1,0.9999999993446052,0.1844483869793658,0.29117866477888876,0.5,0.8323551792026863,1.1076683818727633,0.01794473028221933,0.49187568370095325,0.45009996982830186,ETTh2,raw,13944,14040,raw:13944:1,high,mid
2,0.3589824647548324,0.13123321013640743,0.19104597736447737,0.25,0.7379066117638047,1.1076683818727633,0.01794473028221933,0.2270872174185724,0.335283780682008,ETTh2,raw,13944,14040,raw:13944:2,low,low
3,0.35013686497946483,0.21933005714637802,0.2724733307314769,0.75,0.897999247169864,1.1076683818727633,0.01794473028221933,0.2806467509524399,0.5553146591506944,ETTh2,raw,13944,14040,raw:13944:3,low,mid
4,0.2076183085965636,0.1280214784365979,0.7244213711745894,0.375,0.6828254198238811,1.1076683818727633,0.01794473028221933,0.3533537194025836,0.35859005003536687,ETTh2,raw,13944,14040,raw:13944:4,mid,low
5,0.0,0.13335617704720004,0.5,1.0,0.9565878605128474,1.1076683818727633,0.01794473028221933,0.2111187256824,0.6581775302650222,ETTh2,raw,13944,14040,raw:13944:5,low,high
6,0.48431594339001116,0.04023794084286422,0.4125605148905442,0.25,0.4509560820574196,1.1076683818727633,0.01794473028221933,0.3123714663744732,0.239633604113213,ETTh2,raw,13944,14040,raw:13944:6,low,low
0,0.7176736149702557,0.3436919913304189,0.48704319499004217,0.5,0.8776194959701447,1.398618153686319,0.06643635883699256,0.5161362670969056,0.48135195160237904,ETTh2,raw,13992,14088,raw:13992:0,high,mid
1,0.0,0.14387315119149097,0.6842652175280707,0.5,0.9475127473133913,1.398618153686319,0.06643635883699256,0.27604612290652053,0.5046497020501279,ETTh2,raw,13992,14088,raw:13992:1,low,mid
2,0.6211258557628802,0.4820385447410058,0.45306567897889666,0.5,0.8915451190858424,1.398618153686319,0.06643635883699256,0.5187433598275942,0.48599382597427826,ETTh2,raw,13992,14088,raw:13992:2,high,mid
3,0.7450972544448106,0.25033296142026445,0.4544473094486665,0.375,0.8837155082539421,1.398618153686319,0.06643635883699256,0.4832925084379138,0.44171728903031154,ETTh2,raw,13992,14088,raw:13992:3,high,mid
4,0.33090605735856904,0.20638488476464795,0.42952291302114337,0.25,0.8992934690566838,1.398618153686319,0.06643635883699256,0.32227128504812014,0.4052432759645588,ETTh2,raw,13992,14088,raw:13992:4,low,low
5,0.0,0.1973811567494031,0.5,0.5,0.9676202365831423,1.398618153686319,0.06643635883699256,0.23246038558313434,0.5113521984733783,ETTh2,raw,13992,14088,raw:13992:5,low,mid
6,0.2477675753395393,0.00486769282129737,0.43035114164845656,0.25,0.3113177582963549,1.398618153686319,0.06643635883699256,0.22766213660309775,0.20925137237778246,ETTh2,raw,13992,14088,raw:13992:6,low,low
0,0.4818719941203088,0.32462110607962813,0.06583169919747973,0.625,0.8514649872402712,0.9999999900000008,0.0,0.2907749331324722,0.4921549957467571,ETTh2,raw,14016,14112,raw:14016:0,low,mid
1,0.0,0.35978439725298295,0.0,0.5,0.8833975501382233,0.9999999900000008,0.0,0.11992813241766098,0.46113251671274114,ETTh2,raw,14016,14112,raw:14016:1,low,mid
2,0.42751690530082676,0.21920415608457125,0.0637143153122867,0.375,0.7867227975283315,0.9999999900000008,0.0,0.23681179223256155,0.38724093250944386,ETTh2,raw,14016,14112,raw:14016:2,low,low
3,0.24709266567367572,0.11057987588047495,0.13823710776547,0.125,0.6959958512658355,0.9999999900000008,0.0,0.16530321643987356,0.2736652837552785,ETTh2,raw,14016,14112,raw:14016:3,low,low
4,0.9331453905528458,0.10199280177755554,0.7160487161798474,0.125,0.9046924179172611,0.9999999900000008,0.0,0.5837289695034162,0.34323080597242034,ETTh2,raw,14016,14112,raw:14016:4,high,low
5,1.0,0.18679055079393433,0.4096462934762502,0.625,0.9532955930033787,0.9999999900000008,0.0,0.5321456147567282,0.5260985310011262,ETTh2,raw,14016,14112,raw:14016:5,high,mid
6,0.3149673792562008,0.008519423079870006,0.4845092972493801,0.25,0.3116256974730662,0.9999999900000008,0.0,0.2693320331951503,0.1872085658243554,ETTh2,raw,14016,14112,raw:14016:6,low,low
0,0.5295352717485369,0.19554451550702406,0.19911240056374988,0.125,0.6671302734815979,1.158382178174818,0.026397029651807957,0.308064062606437,0.272842434377802,ETTh2,raw,14064,14160,raw:14064:0,low,low
1,0.0,0.049663366971720066,0.019745822751146194,0.0,0.5606224221273562,1.158382178174818,0.026397029651807957,0.023136396574288755,0.19567315059305476,ETTh2,raw,14064,14160,raw:14064:1,low,low
2,0.5922449870209776,0.3028604299853873,0.12354779009227214,0.125,0.6888119170831898,1.158382178174818,0.026397029651807957,0.33955106903287907,0.2800696489116659,ETTh2,raw,14064,14160,raw:14064:2,mid,low
3,0.09920634960318564,0.24176345291537438,0.00918833622445473,0.125,0.7040454235024959,1.158382178174818,0.026397029651807957,0.11671937958100492,0.28514748438476795,ETTh2,raw,14064,14160,raw:14064:3,low,low
4,0.3008662349847596,0.29156643522312375,0.3737224944656534,0.25,0.9272198916841192,1.158382178174818,0.026397029651807957,0.3220517215578456,0.40120564044530904,ETTh2,raw,14064,14160,raw:14064:4,low,low
5,0.0,0.08725990701232461,0.0,0.0,0.8430783894857262,1.158382178174818,0.026397029651807957,0.02908663567077487,0.2898251397125114,ETTh2,raw,14064,14160,raw:14064:5,low,low
6,0.5995481983299459,0.2218453896949645,0.8734079915481062,0.25,0.5153440459045746,1.158382178174818,0.026397029651807957,0.5649338598576722,0.2639136918521275,ETTh2,raw,14064,14160,raw:14064:6,high,low
0,0.8754777125364669,0.21040878968051022,0.043302885471544324,0.25,0.8042851550784075,1.0021562780064743,0.000359379667146756,0.37639646256284043,0.35154817824851814,ETTh2,raw,14088,14184,raw:14088:0,mid,low
1,0.9999999993886463,0.27989772562272974,0.0,0.25,0.7517901129582804,1.0021562780064743,0.000359379667146756,0.426632575003792,0.33404983087514234,ETTh2,raw,14088,14184,raw:14088:1,high,low
2,0.8182408762100027,0.17203967060432626,0.11585415958139772,0.125,0.770867559433178,1.0021562780064743,0.000359379667146756,0.3687115687985756,0.29874231303344156,ETTh2,raw,14088,14184,raw:14088:2,mid,low
3,0.9999999989195326,0.16180558036898834,0.00125439428489686,0.25,0.8324490203237442,1.0021562780064743,0.000359379667146756,0.3876866578578059,0.360936133330297,ETTh2,raw,14088,14184,raw:14088:3,mid,low
4,0.18779303298703576,0.18364522411725154,0.6203331090360511,0.5,0.8171567695124974,1.0021562780064743,0.000359379667146756,0.33059045538011284,0.4391720497265481,ETTh2,raw,14088,14184,raw:14088:4,mid,mid
5,1.0,0.010991362710192975,0.0,0.0,0.7366186774106356,1.0021562780064743,0.000359379667146756,0.3369971209033977,0.24565935235926076,ETTh2,raw,14088,14184,raw:14088:5,mid,low
6,0.527035630120455,0.18148643315313956,0.043552076808365314,0.25,0.5544296072976949,1.0021562780064743,0.000359379667146756,0.2506913800273199,0.2682629956549472,ETTh2,raw,14088,14184,raw:14088:6,low,low
0,0.3620019749946932,0.3776726612120573,0.4870383200120444,0.25,0.8664798587489115,1.218652106182703,0.036442017636380455,0.40890431873959826,0.3843072921284307,ETTh2,raw,14112,14208,raw:14112:0,mid,low
1,0.0,0.5227538204918514,0.5,0.375,0.915332086075101,1.218652106182703,0.036442017636380455,0.34091794016395044,0.44225803457049384,ETTh2,raw,14112,14208,raw:14112:1,mid,mid
2,0.5256892056340561,0.3225280294083829,0.4342222662614998,0.25,0.8312709913129145,1.218652106182703,0.036442017636380455,0.42747983376797954,0.37257100298309825,ETTh2,raw,14112,14208,raw:14112:2,high,low
3,0.9999999960382334,0.37799551534041054,0.6272055889401745,0.375,0.9139848874612758,1.218652106182703,0.036442017636380455,0.6684003667729396,0.4418089683658854,ETTh2,raw,14112,14208,raw:14112:3,high,mid
4,0.5604099454845508,0.18253548137247483,0.6444008445488938,0.625,0.842524234833429,1.218652106182703,0.036442017636380455,0.4624487571353065,0.5013220841566032,ETTh2,raw,14112,14208,raw:14112:4,high,mid
5,1.0,0.01190124498720485,0.0,0.125,0.7576696051313733,1.218652106182703,0.036442017636380455,0.337300414995735,0.3063705409225846,ETTh2,raw,14112,14208,raw:14112:5,mid,low
6,0.5167354874465007,0.1723273643671107,0.3006039923602122,0.25,0.490063787380343,1.218652106182703,0.036442017636380455,0.32988894805794117,0.25883526833890785,ETTh2,raw,14112,14208,raw:14112:6,mid,low
0,0.6474268735557303,0.1536026191542471,0.22280936613991892,0.5,0.8124799527576819,1.0334992216904313,0.005583203605766543,0.3412796196166321,0.4393543854544828,ETTh2,raw,14160,14256,raw:14160:0,mid,mid
1,0.999999999461389,0.3536216267890112,0.0,1.0,0.9768989905216815,1.0334992216904313,0.005583203605766543,0.45120720875013337,0.6608273980424827,ETTh2,raw,14160,14256,raw:14160:1,high,high
2,0.5790834874233468,0.16934149305527926,0.26616378633452004,0.5,0.8225119789362489,1.0334992216904313,0.005583203605766543,0.33819625560438205,0.44269839418067186,ETTh2,raw,14160,14256,raw:14160:2,mid,mid
3,0.9999999999639911,0.2717472633323411,0.5070846105860586,0.5,0.9391083526684665,1.0334992216904313,0.005583203605766543,0.5929439579607969,0.481563852091411,ETTh2,raw,14160,14256,raw:14160:3,high,mid
4,0.5301264853073864,0.18290696778154716,0.3833095450826942,0.875,0.9030738014293025,1.0334992216904313,0.005583203605766543,0.36544766605720924,0.5945523350116897,ETTh2,raw,14160,14256,raw:14160:4,mid,mid
5,0.0,0.4638967074749786,0.0,0.0,0.7873009760170137,1.0334992216904313,0.005583203605766543,0.15463223582499286,0.2642947265409267,ETTh2,raw,14160,14256,raw:14160:5,low,low
6,0.5081944857226897,0.06614678717029507,0.4341211465384602,0.25,0.3999025940162613,1.0334992216904313,0.005583203605766543,0.33615413981048164,0.21849526587400928,ETTh2,raw,14160,14256,raw:14160:6,mid,low
0,0.59289793177212,0.20697431260399649,0.3423960132936303,0.375,0.8018497063387207,1.1507871304426047,0.025131188365215475,0.38075608588991555,0.4006602982346454,ETTh2,raw,14184,14280,raw:14184:0,mid,low
1,0.9999999999633505,0.3046503454094164,0.26248163417770476,0.25,0.9449715078487396,1.1507871304426047,0.025131188365215475,0.5223773265168239,0.40670089873798504,ETTh2,raw,14184,14280,raw:14184:1,high,low
2,0.5792945483888234,0.13927089170582066,0.3707608702661845,0.25,0.7820356108487685,1.1507871304426047,0.025131188365215475,0.3631087701202762,0.35238893307132796,ETTh2,raw,14184,14280,raw:14184:2,mid,low
3,0.999999999997433,0.22447865895038976,0.01291891979774984,0.125,0.8254193242779034,1.1507871304426047,0.025131188365215475,0.4124658595818576,0.325183504214373,ETTh2,raw,14184,14280,raw:14184:3,mid,low
4,0.7721266115681186,0.2613310818825561,0.42883819210348967,0.5,0.9657527012397485,1.1507871304426047,0.025131188365215475,0.4874319618513881,0.49696129653498805,ETTh2,raw,14184,14280,raw:14184:4,high,mid
5,0.9999999810167826,0.03003154392386077,0.0,0.375,0.8553756384130545,1.1507871304426047,0.025131188365215475,0.3433438416468811,0.4185022755927566,ETTh2,raw,14184,14280,raw:14184:5,mid,mid
6,0.6091889428611357,0.4539619414517062,0.6931216705645938,0.25,0.6953419053437281,1.1507871304426047,0.025131188365215475,0.5854241849591452,0.3234910312363145,ETTh2,raw,14184,14280,raw:14184:6,high,low
0,0.3927147535476452,0.16036611454316313,0.37032210800222376,0.5,0.7847121773670849,0.9999999900000057,0.0,0.3078009920310107,0.428237392455695,ETTh2,raw,14232,14328,raw:14232:0,low,mid
1,0.9999999999633505,0.21491589421277574,0.0,1.0,0.977268106425154,0.9999999900000057,0.0,0.4049719647253754,0.6590893688083846,ETTh2,raw,14232,14328,raw:14232:1,mid,high
2,0.325948134276128,0.11637451531188506,0.43623590025085207,0.5,0.786978452501489,0.9999999900000057,0.0,0.29285284994628835,0.4289928175004964,ETTh2,raw,14232,14328,raw:14232:2,low,mid
3,0.6764584452591271,0.18821365488714725,0.08701251031608609,1.0,0.9401625452398348,0.9999999900000057,0.0,0.31722820348745345,0.6467208484132783,ETTh2,raw,14232,14328,raw:14232:3,low,high
4,0.647359568919138,0.24924924362876905,0.40955242186880525,1.0,0.9151763307539916,0.9999999900000057,0.0,0.43538707813890404,0.6383921102513305,ETTh2,raw,14232,14328,raw:14232:4,high,high
5,0.5433040903870399,0.42735805715955855,0.4996445898674364,0.375,0.8596579449570908,0.9999999900000057,0.0,0.49010224580467826,0.4115526483190302,ETTh2,raw,14232,14328,raw:14232:5,high,low
6,0.4833070555929715,0.10733066828087684,0.2369737429993878,0.25,0.7176889232523099,0.9999999900000057,0.0,0.27587048895774535,0.32256297441743664,ETTh2,raw,14232,14328,raw:14232:6,low,low
0,0.3180944271544618,0.19800355635407396,0.5687772075823752,0.25,0.8195502536563755,0.9999999900000098,0.0,0.3616250636969703,0.35651675121879184,ETTh2,raw,14256,14352,raw:14256:0,mid,low
1,0.0,0.3356390961037953,1.0,0.75,0.9718200611101445,0.9999999900000098,0.0,0.4452130320345984,0.5739400203700482,ETTh2,raw,14256,14352,raw:14256:1,high,mid
2,0.31904620404239714,0.217417547593019,0.6076212328010104,0.375,0.8108442695971825,0.9999999900000098,0.0,0.38136166147880884,0.39528142319906084,ETTh2,raw,14256,14352,raw:14256:2,mid,low
3,0.5719552921674467,0.1832736184796232,0.49746325217144266,1.0,0.8363788372010879,0.9999999900000098,0.0,0.41756405427283755,0.6121262790670293,ETTh2,raw,14256,14352,raw:14256:3,mid,high
4,0.6500487890234061,0.2710579295057698,0.4489448427948461,1.0,0.8946186304715129,0.9999999900000098,0.0,0.456683853774674,0.6315395434905043,ETTh2,raw,14256,14352,raw:14256:4,high,high
5,0.9999999662019031,0.16335061081138744,0.5139180225665595,0.25,0.8788836562592399,0.9999999900000098,0.0,0.5590895331932834,0.3762945520864133,ETTh2,raw,14256,14352,raw:14256:5,high,low
6,0.35471398326351367,0.2144440072240263,0.47814586592566743,0.25,0.8162624284998892,0.9999999900000098,0.0,0.3491012854710691,0.3554208094999631,ETTh2,raw,14256,14352,raw:14256:6,mid,low
0,0.6340444182704001,0.22699698439291324,0.6616500844499063,0.25,0.7368380987764955,1.2108885397073734,0.035148089892648754,0.5075638290377399,0.3406620628897148,ETTh2,raw,14280,14376,raw:14280:0,high,low
1,0.9999999983259623,0.23546014375718743,1.0,1.0,0.8763909064461227,1.2108885397073734,0.035148089892648754,0.7451533806943832,0.6371796654462573,ETTh2,raw,14280,14376,raw:14280:1,high,high
2,0.5457541848479112,0.21133344553608535,0.5964699209878884,0.25,0.7145968560848726,1.2108885397073734,0.035148089892648754,0.451185850457295,0.3332483153258404,ETTh2,raw,14280,14376,raw:14280:2,high,low
3,0.5005945174479256,0.18759514291579685,0.5975321547844326,1.0,0.8680833479651123,1.2108885397073734,0.035148089892648754,0.4285739383827183,0.6344104792859203,ETTh2,raw,14280,14376,raw:14280:3,high,high
4,0.7268583747630297,0.21937787589770413,0.5915086974364815,1.0,0.7779261017910103,1.2108885397073734,0.035148089892648754,0.5125816493657385,0.604358063894553,ETTh2,raw,14280,14376,raw:14280:4,high,high
5,0.9999999206481879,0.11509967608158066,0.0,0.5,0.8318809066865464,1.2108885397073734,0.035148089892648754,0.3716998655765895,0.455676332193065,ETTh2,raw,14280,14376,raw:14280:5,mid,mid
6,0.6278989596347412,0.3941270519802414,0.9088517498382398,0.125,0.6687126778287186,1.2108885397073734,0.035148089892648754,0.6436259204844075,0.2762869225737891,ETTh2,raw,14280,14376,raw:14280:6,high,low
0,0.39329739692660537,0.07150160271897976,0.5548595710053871,0.125,0.5525550415641101,3.1391397335985314,0.3565232883388831,0.33988619021699074,0.34469277663433107,ETTh2,raw,14328,14424,raw:14328:0,mid,low
1,0.679578078616385,0.1594454021164191,0.5537821298547695,0.375,0.8442277087064002,3.1391397335985314,0.3565232883388831,0.4642685368625245,0.5252503323484278,ETTh2,raw,14328,14424,raw:14328:1,high,mid
2,0.4546332854479215,0.10660728643644951,0.5970722385307212,0.125,0.562680136376975,3.1391397335985314,0.3565232883388831,0.38610427013836407,0.3480678082386193,ETTh2,raw,14328,14424,raw:14328:2,mid,low
3,0.6100796831844439,0.2521294195400494,0.3085028699036602,0.625,0.8502552544306938,3.1391397335985314,0.3565232883388831,0.39023732420938456,0.610592847589859,ETTh2,raw,14328,14424,raw:14328:3,mid,high
4,0.6489774848813727,0.3935414883829458,0.4927111641710946,1.0,0.8857510991695788,3.1391397335985314,0.3565232883388831,0.5117433791451377,0.747424795836154,ETTh2,raw,14328,14424,raw:14328:4,high,high
5,1.0,0.2150099102953658,0.2824208180887843,0.5,0.9655669020841344,3.1391397335985314,0.3565232883388831,0.49914357612805,0.6073633968076725,ETTh2,raw,14328,14424,raw:14328:5,high,high
6,0.2850960533421576,0.08015719387781273,0.1507789706724644,0.25,0.5959124530622423,3.1391397335985314,0.3565232883388831,0.17201073929747823,0.4008119138003751,ETTh2,raw,14328,14424,raw:14328:6,low,low
0,0.1481306102909572,0.14037162229110606,0.5082814957996398,0.125,0.6565495497621746,0.9999999900015997,0.0,0.2655945761272343,0.26051651658739156,ETTh2,raw,14352,14448,raw:14352:0,low,low
1,0.5700403507824368,0.35448272743677123,0.5273819943732504,0.75,0.941314080719372,0.9999999900015997,0.0,0.4839683575308194,0.5637713602397906,ETTh2,raw,14352,14448,raw:14352:1,high,mid
2,0.10798757684243931,0.13793782398919466,0.5286150464313835,0.125,0.6517385448452317,0.9999999900015997,0.0,0.25818014908767245,0.25891284828174393,ETTh2,raw,14352,14448,raw:14352:2,low,low
3,0.6942730761100684,0.24939981046388243,0.5095697873540059,0.375,0.8415243382175288,0.9999999900015997,0.0,0.4844142246426522,0.40550811273917625,ETTh2,raw,14352,14448,raw:14352:3,high,low
4,0.5356849394561509,0.15348567010675984,0.4271751032444072,1.0,0.9136718870120991,0.9999999900015997,0.0,0.3721152376024393,0.637890629004033,ETTh2,raw,14352,14448,raw:14352:4,mid,high
5,0.9999999724438337,0.061648015214141635,0.0,0.125,0.6043523912916731,0.9999999900015997,0.0,0.3538826625526584,0.243117463763891,ETTh2,raw,14352,14448,raw:14352:5,mid,low
6,0.39733199094777205,0.11955594051220907,0.06395299118406478,0.125,0.7696985405789242,0.9999999900015997,0.0,0.1936136408813486,0.2982328468596414,ETTh2,raw,14352,14448,raw:14352:6,low,low
0,0.4383682546944624,0.06331336631098086,0.2935259668810814,0.25,0.6775645176441023,3.493398654087366,0.4155664416552836,0.2650691959621749,0.447710319766462,ETTh2,raw,14400,14496,raw:14400:0,low,mid
1,0.19135394446646126,0.3710436339614986,0.4964758092786379,0.5,0.8163955173564169,3.493398654087366,0.4155664416552836,0.3529577959021992,0.5773206530039001,ETTh2,raw,14400,14496,raw:14400:1,mid,mid
2,0.3275945106429947,0.06781131695189055,0.2054533811651136,0.375,0.6784662181269587,3.493398654087366,0.4155664416552836,0.20028640291999963,0.4896775532607474,ETTh2,raw,14400,14496,raw:14400:2,low,mid
3,0.35408354456449076,0.22342874751218494,0.41540777696876796,0.5,0.7983843530842121,3.493398654087366,0.4155664416552836,0.33097335634848124,0.5713169315798319,ETTh2,raw,14400,14496,raw:14400:3,mid,mid
4,0.8510897571442033,0.2616069548107898,0.19926592804145904,1.0,0.8989332987562478,3.493398654087366,0.4155664416552836,0.43732087999881736,0.7714999134705104,ETTh2,raw,14400,14496,raw:14400:4,high,high
5,0.9999999908275257,0.14236903916565927,0.019083431615295427,0.0,0.5863415083457433,3.493398654087366,0.4155664416552836,0.3871508205361602,0.33396931666700896,ETTh2,raw,14400,14496,raw:14400:5,mid,low
6,0.8836699550564346,0.04827361027341706,0.6297198329310599,0.25,0.5189274420777376,3.493398654087366,0.4155664416552836,0.5205544660869705,0.39483129457767374,ETTh2,raw,14400,14496,raw:14400:6,high,low
0,0.5764915176870488,0.19609338935467668,0.4773698732023485,0.25,0.7276112733254669,3.488241389930473,0.4147068976305674,0.4166515934146913,0.4641060569853448,ETTh2,raw,14424,14520,raw:14424:0,mid,mid
1,0.44710563661959113,0.21142212758459045,0.5265005611850428,0.875,0.8429414558821109,3.488241389930473,0.4147068976305674,0.3950094417964081,0.7108827845042262,ETTh2,raw,14424,14520,raw:14424:1,mid,high
2,0.4920879089667004,0.22590051728587485,0.48324464216825136,0.25,0.7411573348612643,3.488241389930473,0.4147068976305674,0.4004110228069422,0.4686214108306106,ETTh2,raw,14424,14520,raw:14424:2,mid,mid
3,0.2083406313620646,0.1861569065630525,0.4463721265952309,0.625,0.8312903324487917,3.488241389930473,0.4147068976305674,0.2802898881734493,0.6236657433597864,ETTh2,raw,14424,14520,raw:14424:3,low,high
4,0.4658183384929633,0.12277118255931416,0.5115327891198095,1.0,0.9004567624764066,3.488241389930473,0.4147068976305674,0.366707436724029,0.771721220035658,ETTh2,raw,14424,14520,raw:14424:4,mid,high
5,0.9999999749694061,0.18658743687697876,0.5337520840056649,0.25,0.7744597883552349,3.488241389930473,0.4147068976305674,0.5734464986173499,0.4797222286619341,ETTh2,raw,14424,14520,raw:14424:5,high,mid
6,0.6480247799340155,0.09267598947661294,0.025128282577377807,0.25,0.5549374495852917,3.488241389930473,0.4147068976305674,0.25527635066266874,0.4065481157386197,ETTh2,raw,14424,14520,raw:14424:6,low,low
0,0.1775063826133636,0.2511321773362371,0.39821933326434306,0.25,0.8269119811374499,3.264850335278442,0.37747505525061525,0.2756192977379813,0.4847956787960217,ETTh2,raw,14448,14544,raw:14448:0,low,mid
1,0.3479935089102597,0.42405693132534417,0.45906861498422136,1.0,0.8989028902107753,3.264850335278442,0.37747505525061525,0.4103730184066084,0.7587926484871302,ETTh2,raw,14448,14544,raw:14448:1,mid,high
2,0.216043407987478,0.32984246839659104,0.5020297933864988,0.25,0.8611723933982731,3.264850335278442,0.37747505525061525,0.3493052232568559,0.4962158162162961,ETTh2,raw,14448,14544,raw:14448:2,mid,mid
3,0.13075398264273408,0.3669945804969983,0.4096450447893984,0.875,0.9022145458770328,3.264850335278442,0.37747505525061525,0.3024645359763769,0.7182298670425493,ETTh2,raw,14448,14544,raw:14448:3,low,high
4,0.8902840398823374,0.4617405838072388,0.5308969907639923,1.0,0.9169272006503001,3.264850335278442,0.37747505525061525,0.6276405381511895,0.7648007519669718,ETTh2,raw,14448,14544,raw:14448:4,high,high
5,0.48440599868781065,0.1490684668442649,0.1026075977911028,0.5,0.8207721216187477,3.264850335278442,0.37747505525061525,0.2453606877743928,0.5660823922897876,ETTh2,raw,14448,14544,raw:14448:5,low,mid
6,0.12508310157587688,0.01878714188193395,0.2878400716296056,0.25,0.48214279230317053,3.264850335278442,0.37747505525061525,0.14390343836247213,0.3698726158512619,ETTh2,raw,14448,14544,raw:14448:6,low,low
0,0.4154737595753313,0.49973613989728594,0.3187182188161026,0.375,0.9318015057750302,3.7107062557926476,0.4517843752124673,0.41130937276290663,0.5861952936624991,ETTh2,raw,14496,14592,raw:14496:0,mid,mid
1,0.42909664293472105,0.3720124858775332,0.4394527191331567,1.0,0.9576917687148787,3.7107062557926476,0.4517843752124673,0.4135206159818037,0.8031587146424487,ETTh2,raw,14496,14592,raw:14496:1,mid,high
2,0.17337450410897637,0.5242153259642368,0.2549491017294857,0.5,0.9274576200189287,3.7107062557926476,0.4517843752124673,0.3175129772675663,0.6264139984104653,ETTh2,raw,14496,14592,raw:14496:2,low,high
3,0.2570113924388251,0.38964702059605844,0.46894716633348077,0.625,0.9233611051381254,3.7107062557926476,0.4517843752124673,0.37186852645612145,0.6667151601168643,ETTh2,raw,14496,14592,raw:14496:3,mid,high
4,0.5482451807131401,0.2737022704153658,0.35158365048339646,1.0,0.8784184918206461,3.7107062557926476,0.4517843752124673,0.3911770338706341,0.7767342890110379,ETTh2,raw,14496,14592,raw:14496:4,mid,high
5,0.8611288240285606,0.0778773879413257,0.418422492735063,0.25,0.6818475703650566,3.7107062557926476,0.4517843752124673,0.4524762349016498,0.4612106485258413,ETTh2,raw,14496,14592,raw:14496:5,high,mid
6,0.5863563910958589,0.09067486433720741,0.22853788584476104,0.25,0.5634972906178722,3.7107062557926476,0.4517843752124673,0.3018563804259424,0.42176055527677986,ETTh2,raw,14496,14592,raw:14496:6,low,mid
0,0.351282613132465,0.27670925564128995,0.9196285772536746,0.375,0.8263114719757462,3.9600463278429694,0.4933410538182598,0.5158734820091432,0.5648841752646686,ETTh2,raw,14520,14616,raw:14520:0,high,mid
1,0.5356454281242475,0.28544144278687134,0.5341889249693175,0.75,0.9563151126974283,3.9600463278429694,0.4933410538182598,0.45175859862681217,0.733218722171896,ETTh2,raw,14520,14616,raw:14520:1,high,high
2,0.24654235506421762,0.21145900890525884,0.8467865701246736,0.25,0.8238404585870569,3.9600463278429694,0.4933410538182598,0.43492931136471674,0.5223938374684389,ETTh2,raw,14520,14616,raw:14520:2,high,mid
3,0.5881719611611356,0.2822998000704594,0.38545751758669056,0.5,0.899842110235189,3.9600463278429694,0.4933410538182598,0.4186430929394285,0.6310610546844829,ETTh2,raw,14520,14616,raw:14520:3,mid,high
4,0.8442616875165864,0.14862140653546568,0.37129837131389076,0.25,0.8008237141249531,3.9600463278429694,0.4933410538182598,0.454727155121981,0.5147215893144044,ETTh2,raw,14520,14616,raw:14520:4,high,mid
5,0.9999999931007363,0.0710025130918171,0.49865342246313077,0.375,0.8033727771873074,3.9600463278429694,0.4933410538182598,0.523218642885228,0.5572379436685224,ETTh2,raw,14520,14616,raw:14520:5,high,mid
6,0.8195670827997028,0.19011361677037308,0.2939709304294238,0.25,0.6346133406099149,3.9600463278429694,0.4933410538182598,0.4345505433331666,0.4593181314760582,ETTh2,raw,14520,14616,raw:14520:6,high,mid
0,0.48447874797462986,0.16593676741849367,0.7149656128205027,0.375,0.7993667140149839,3.772747229096554,0.46212453741255144,0.45512704273787535,0.5454970838091785,ETTh2,raw,14568,14664,raw:14568:0,high,mid
1,0.5132749934286567,0.3251628386522382,0.5951646518526883,0.875,0.9265040230534753,3.772747229096554,0.46212453741255144,0.47786749464452777,0.7545428534886756,ETTh2,raw,14568,14664,raw:14568:1,high,high
2,0.5168700477718224,0.15464181605429553,0.6271086728325961,0.25,0.8627197030471617,3.772747229096554,0.46212453741255144,0.4328735122195713,0.5249480801532377,ETTh2,raw,14568,14664,raw:14568:2,high,mid
3,0.17942712102912883,0.3028918883745132,0.5597872433097016,0.75,0.9357673199333241,3.772747229096554,0.46212453741255144,0.34736875090444785,0.7159639524486252,ETTh2,raw,14568,14664,raw:14568:3,mid,high
4,0.40408124597026973,0.09104209015852335,0.20720471596049986,0.25,0.7774668139861075,3.772747229096554,0.46212453741255144,0.234109350696431,0.49653045046621963,ETTh2,raw,14568,14664,raw:14568:4,low,mid
5,0.8502211253009778,0.3241692230776136,0.3618764041494808,0.5,0.9495554448986152,3.772747229096554,0.46212453741255144,0.5120889175093574,0.6372266607703888,ETTh2,raw,14568,14664,raw:14568:5,high,high
6,0.676344007132474,0.33430398949382434,0.46463534804120465,0.125,0.6819384532216649,3.772747229096554,0.46212453741255144,0.4917611148891677,0.4230209968780721,ETTh2,raw,14568,14664,raw:14568:6,high,mid
0,0.6470629487730988,0.22469864891943214,0.7167835803130501,0.5,0.7982081171358891,3.7572028380838547,0.45953380558141943,0.5295150593351937,0.5859139742391029,ETTh2,raw,14592,14688,raw:14592:0,high,mid
1,0.35220123225295996,0.34108104147879187,0.5218956916788453,1.0,0.847249982719058,3.7572028380838547,0.45953380558141943,0.4050593218035324,0.7689279294334925,ETTh2,raw,14592,14688,raw:14592:1,mid,high
2,0.7269409495758292,0.3377946329044821,0.7107868604831252,1.0,0.8554535679980855,3.7572028380838547,0.45953380558141943,0.5918408143211455,0.771662457859835,ETTh2,raw,14592,14688,raw:14592:2,high,high
3,0.49919703016339545,0.42070871051636616,0.4889857458080256,1.0,0.894164321284502,3.7572028380838547,0.45953380558141943,0.4696304954959291,0.7845660422886405,ETTh2,raw,14592,14688,raw:14592:3,high,high
4,0.2895389963732905,0.19126608018290492,0.42247345968993427,0.25,0.7405369030881063,3.7572028380838547,0.45953380558141943,0.30109284541537656,0.4833569028898419,ETTh2,raw,14592,14688,raw:14592:4,low,mid
5,0.621475856534996,0.35189930427972094,0.5243646364527523,1.0,0.848254982219964,3.7572028380838547,0.45953380558141943,0.4992465990891564,0.7692629292671277,ETTh2,raw,14592,14688,raw:14592:5,high,high
6,0.8791567954613472,0.45090044369612003,0.5291128164143011,0.25,0.7540381603097852,3.7572028380838547,0.45953380558141943,0.6197233518572561,0.48785732196373494,ETTh2,raw,14592,14688,raw:14592:6,high,mid
0,0.6467546291152457,0.24667260304852895,0.5028284288622921,0.25,0.8880773489467325,2.93806115859286,0.3230101925604597,0.4654185536753556,0.48702918050239735,ETTh2,raw,14640,14736,raw:14640:0,high,mid
1,0.5703898527955205,0.190728123938736,0.4763265025497454,0.375,0.889583736318653,2.93806115859286,0.3230101925604597,0.41248149309466725,0.5291979762930376,ETTh2,raw,14640,14736,raw:14640:1,mid,mid
2,0.7327033813052526,0.3491355779028644,0.5057093550973706,0.25,0.8722003908541336,2.93806115859286,0.3230101925604597,0.5291827714351626,0.4817368611381978,ETTh2,raw,14640,14736,raw:14640:2,high,mid
3,0.680150093603064,0.2771422330135866,0.4665407089788137,0.25,0.7497316970915121,2.93806115859286,0.3230101925604597,0.4746110118651548,0.44091396321732396,ETTh2,raw,14640,14736,raw:14640:3,high,mid
4,0.4783291637862924,0.17604587704331,0.5213465171233823,0.625,0.9482476302279165,2.93806115859286,0.3230101925604597,0.3919071859843282,0.6320859409294587,ETTh2,raw,14640,14736,raw:14640:4,mid,high
5,0.34486507332102534,0.3832919445735008,0.29667950141284105,1.0,0.9089867662372156,2.93806115859286,0.3230101925604597,0.34161217310245573,0.7439989862658917,ETTh2,raw,14640,14736,raw:14640:5,mid,high
6,0.7535906821562068,0.09622731591926231,0.16620698530555073,0.125,0.6687036149833511,2.93806115859286,0.3230101925604597,0.33867499446034,0.3722379358479369,ETTh2,raw,14640,14736,raw:14640:6,mid,low
0,0.39600363934440075,0.4715426521816878,0.7974161141849209,0.125,0.9180125150230116,3.2140984462458975,0.36901640709262223,0.5549874685703364,0.470676307371878,ETTh2,raw,14664,14760,raw:14664:0,high,mid
1,0.543938022033739,0.41127750959598264,0.6273144524688984,0.375,0.8847472358739812,3.2140984462458975,0.36901640709262223,0.52750999469954,0.5429212143222012,ETTh2,raw,14664,14760,raw:14664:1,high,mid
2,0.4689719503215576,0.4388230854999561,0.7709060993855457,0.375,0.8831931080868404,3.2140984462458975,0.36901640709262223,0.5595670450690198,0.5424031717264876,ETTh2,raw,14664,14760,raw:14664:2,high,mid
3,0.4371893915531454,0.2788306306609286,0.16501009233500513,0.625,0.7812477633230919,3.2140984462458975,0.36901640709262223,0.29367670484969305,0.5917547234719047,ETTh2,raw,14664,14760,raw:14664:3,low,mid
4,0.7937529464303057,0.3167036064046414,0.3866638034598285,1.0,0.973807634563979,3.2140984462458975,0.36901640709262223,0.49904011876492516,0.780941347218867,ETTh2,raw,14664,14760,raw:14664:4,high,high
5,0.13437675866983834,0.21010983574177639,0.38855337151160174,1.0,0.9351997504769789,3.2140984462458975,0.36901640709262223,0.24434665530773883,0.7680720525232004,ETTh2,raw,14664,14760,raw:14664:5,low,high
6,0.9149709253414127,0.20830984178137674,0.029868083884555807,0.125,0.607140301687421,3.2140984462458975,0.36901640709262223,0.3843829503357817,0.3670522362600144,ETTh2,raw,14664,14760,raw:14664:6,mid,low
0,0.452740116355134,0.12255232902256269,0.8960759858538494,0.125,0.8525249299630987,3.3610632263245432,0.3935105370649063,0.49045614374384866,0.4570118223426683,ETTh2,raw,14688,14784,raw:14688:0,high,mid
1,0.5320667785455457,0.23683934439347462,0.9302029187728564,0.875,0.9800842597571136,3.3610632263245432,0.3935105370649063,0.5663696805706256,0.7495315989406732,ETTh2,raw,14688,14784,raw:14688:1,high,high
2,0.31199784355786386,0.13469515265125248,0.7950363321329446,0.125,0.8602835891307284,3.3610632263245432,0.3935105370649063,0.4139097761140203,0.45959804206521154,ETTh2,raw,14688,14784,raw:14688:2,mid,mid
3,0.5584115989237487,0.508528419563602,0.9336809381015001,0.5,0.8945794212697634,3.3610632263245432,0.3935105370649063,0.6668736521962835,0.5960299861115566,ETTh2,raw,14688,14784,raw:14688:3,high,mid
4,0.4555372297044711,0.29027725148964034,0.4393669020620549,1.0,0.9583020669087804,3.3610632263245432,0.3935105370649063,0.3950604610853888,0.7839375346578956,ETTh2,raw,14688,14784,raw:14688:4,mid,high
5,0.36913899880307455,0.38959039173161336,0.43726981713642,1.0,0.8944849366093739,3.3610632263245432,0.3935105370649063,0.39866640255703595,0.7626651578914267,ETTh2,raw,14688,14784,raw:14688:5,mid,high
6,0.7433892738393671,0.24519800796873636,0.1535660192842115,0.25,0.6876921595482272,3.3610632263245432,0.3935105370649063,0.3807177670307717,0.4437342322043778,ETTh2,raw,14688,14784,raw:14688:6,mid,mid
0,0.3392648708900078,0.10342201472370452,0.3661484389889012,0.25,0.7445111195429495,3.620176206490455,0.4366960336872491,0.2696117748675378,0.4770690510767328,ETTh2,raw,14736,14832,raw:14736:0,low,mid
1,0.1422760258951824,0.3078478720497386,0.4287354169519954,1.0,0.8448759747794533,3.620176206490455,0.4366960336872491,0.2929531049656388,0.7605240028222341,ETTh2,raw,14736,14832,raw:14736:1,low,high
2,0.5752889068713893,0.10725337478963165,0.273826377444484,0.25,0.7155985036972724,3.620176206490455,0.4366960336872491,0.3187895530351683,0.46743151246150716,ETTh2,raw,14736,14832,raw:14736:2,low,mid
3,0.44489499679411615,0.27385419761148533,0.32748886991997345,1.0,0.7917197257152555,3.620176206490455,0.4366960336872491,0.3487460214418583,0.7428052531341681,ETTh2,raw,14736,14832,raw:14736:3,mid,high
4,0.14707232536279058,0.21107503212859385,0.48844013070629505,1.0,0.8494020631279294,3.620176206490455,0.4366960336872491,0.2821958293992265,0.7620326989383929,ETTh2,raw,14736,14832,raw:14736:4,low,high
5,0.7077248615006579,0.2913587412229038,0.6646486768198275,1.0,0.9158022466915898,3.620176206490455,0.4366960336872491,0.5545774265144631,0.784166093459613,ETTh2,raw,14736,14832,raw:14736:5,high,high
6,0.8816997548013232,0.33669931035839895,0.6986552627511962,0.25,0.579740731984526,3.620176206490455,0.4366960336872491,0.6390181093036394,0.4221455885572583,ETTh2,raw,14736,14832,raw:14736:6,high,mid
0,0.3210463883118986,0.19671573943607362,0.24693593616721893,0.25,0.7976469798891325,3.0750941220789296,0.34584901977007326,0.2548993546383971,0.46449866655306854,ETTh2,raw,14760,14856,raw:14760:0,low,mid
1,0.18756133601334246,0.18290331948704758,0.4819916198122203,0.5,0.9327156396610973,3.0750941220789296,0.34584901977007326,0.28415209177087014,0.5928548864770569,ETTh2,raw,14760,14856,raw:14760:1,low,mid
2,0.430403276580391,0.1778882820029527,0.2370465618589242,0.25,0.7928065532607624,3.0750941220789296,0.34584901977007326,0.28177937348075593,0.46288519101027853,ETTh2,raw,14760,14856,raw:14760:2,low,mid
3,0.35110642098211664,0.19553101293788486,0.36923573956156547,0.875,0.9674548399695881,3.0750941220789296,0.34584901977007326,0.305291057827189,0.7294346199132206,ETTh2,raw,14760,14856,raw:14760:3,low,high
4,0.47912086126096265,0.20378512154774897,0.4155810210404212,0.875,0.8240503695503807,3.0750941220789296,0.34584901977007326,0.3661623346163776,0.6816331297734847,ETTh2,raw,14760,14856,raw:14760:4,mid,high
5,0.2823635860552218,0.4334347715128151,0.527301649632097,1.0,0.9605569714956932,3.0750941220789296,0.34584901977007326,0.4143666690667113,0.7688019970885889,ETTh2,raw,14760,14856,raw:14760:5,mid,high
6,0.6894046389307111,0.12635467144433177,0.6748364674812828,0.25,0.4217657765660104,3.0750941220789296,0.34584901977007326,0.4968652592854419,0.33920493211202785,ETTh2,raw,14760,14856,raw:14760:6,high,low
0,0.37684708026934755,0.20332212335666644,0.4560236873216505,0.375,0.9284541701308661,3.134497180251315,0.3557495294489699,0.34539763031588816,0.5530678998599453,ETTh2,raw,14808,14904,raw:14808:0,mid,mid
1,0.5693965272028421,0.0944232858663723,0.53302262272983,0.75,0.959218794209048,3.134497180251315,0.3557495294489699,0.39894747859968144,0.6883227745526727,ETTh2,raw,14808,14904,raw:14808:1,mid,high
2,0.2900459366918361,0.1902796639127079,0.4166429893543929,0.625,0.9250394031153031,3.134497180251315,0.3557495294489699,0.2989895299863123,0.6352629775214244,ETTh2,raw,14808,14904,raw:14808:2,low,high
3,0.5222257328836613,0.06420076172535863,0.49583610047413723,0.375,0.9380539106053718,3.134497180251315,0.3557495294489699,0.3607541983610523,0.5562678133514473,ETTh2,raw,14808,14904,raw:14808:3,mid,mid
4,0.8876116450180481,0.3839427327630135,0.625976358716479,1.0,0.8136692023649763,3.134497180251315,0.3557495294489699,0.6325102454991802,0.7231395772713154,ETTh2,raw,14808,14904,raw:14808:4,high,high
5,0.4852091538865151,0.2816739467574757,0.5201606038435745,1.0,0.7601070714405801,3.134497180251315,0.3557495294489699,0.42901456816252176,0.70528553362985,ETTh2,raw,14808,14904,raw:14808:5,high,high
6,0.2840878108762299,0.01126098781863254,0.8029307046989166,0.25,0.27688252887138126,3.134497180251315,0.3557495294489699,0.3660931677979264,0.2942106861067837,ETTh2,raw,14808,14904,raw:14808:6,mid,low
0,0.609212142073944,0.23872866221963857,0.5883539261946336,0.5,0.8745409628450952,3.3495131021095923,0.3915855163656229,0.4787649101627387,0.5887088264035727,ETTh2,raw,14832,14928,raw:14832:0,high,mid
1,0.9999999999842132,0.26137820658584243,0.01926195490934311,1.0,0.8936814758051291,3.3495131021095923,0.3915855163656229,0.42688005382646627,0.7617556640569173,ETTh2,raw,14832,14928,raw:14832:1,high,high
2,0.5172842775568778,0.2024709765280247,0.6650642846494902,0.5,0.8630331733564404,3.3495131021095923,0.3915855163656229,0.4616065129114642,0.5848728965740211,ETTh2,raw,14832,14928,raw:14832:2,high,mid
3,0.7304244659955841,0.29079855062424653,0.11442356194752021,0.625,0.8889218227162059,3.3495131021095923,0.3915855163656229,0.37854885952245027,0.6351691130272763,ETTh2,raw,14832,14928,raw:14832:3,mid,high
4,0.22788204236891563,0.1563306981192531,0.5424004289818126,1.0,0.7909397005773372,3.3495131021095923,0.3915855163656229,0.30887105648999374,0.7275084056476534,ETTh2,raw,14832,14928,raw:14832:4,low,high
5,0.669432467500594,0.22301836781960224,0.3695858610252411,0.875,0.8286291867017817,3.3495131021095923,0.3915855163656229,0.42067889878181247,0.6984049010224682,ETTh2,raw,14832,14928,raw:14832:5,mid,high
6,0.6625913981939595,0.18975407070229,0.3748842087515852,0.25,0.4734813742600689,3.3495131021095923,0.3915855163656229,0.4090765592159449,0.37168896354189734,ETTh2,raw,14832,14928,raw:14832:6,mid,low
0,0.46792736718295647,0.2757323143528905,0.39569029281567675,0.875,0.9631256449683913,3.262443077546296,0.37707384562925955,0.3797833247838412,0.7383998301992171,ETTh2,raw,14856,14952,raw:14856:0,mid,high
1,0.7319170873166145,0.31717990394385936,0.24249608899215322,1.0,0.9819136290282867,3.262443077546296,0.37707384562925955,0.43053102675087573,0.7863291582191821,ETTh2,raw,14856,14952,raw:14856:1,high,high
2,0.20818109425027098,0.20581335099069167,0.40714497607668537,0.625,0.944524115704015,3.262443077546296,0.37707384562925955,0.27371314043921596,0.6488659871110914,ETTh2,raw,14856,14952,raw:14856:2,low,high
3,0.6492182974282694,0.26161122075442084,0.4073543883529883,0.875,0.9882206095149507,3.262443077546296,0.37707384562925955,0.4393946355118928,0.7467648183814034,ETTh2,raw,14856,14952,raw:14856:3,high,high
4,0.8740386419478235,0.2545046885948359,0.4939363569968024,1.0,0.8822239476382698,3.262443077546296,0.37707384562925955,0.540826562513154,0.7530992644225099,ETTh2,raw,14856,14952,raw:14856:4,high,high
5,0.5366808599085521,0.2218909434484077,0.38799384876237414,1.0,0.9411237519580782,3.262443077546296,0.37707384562925955,0.38218855070644464,0.7727325325291127,ETTh2,raw,14856,14952,raw:14856:5,mid,high
6,0.734412056296149,0.28848533495158973,0.047870224132208816,0.25,0.6138227045578747,3.262443077546296,0.37707384562925955,0.35692253845998256,0.41363218339571145,ETTh2,raw,14856,14952,raw:14856:6,mid,low
0,0.47776768569313666,0.2753742243216346,0.5022606843812744,0.75,0.874289010055263,2.9411455919276377,0.32352426478206586,0.41846753146534854,0.649271091612443,ETTh2,raw,14904,15000,raw:14904:0,mid,high
1,0.48993966010757906,0.27945606049219507,0.2840764666320034,1.0,0.9094128509398932,2.9411455919276377,0.32352426478206586,0.35115739574392585,0.7443123719073198,ETTh2,raw,14904,15000,raw:14904:1,mid,high
2,0.16995085289144984,0.19588580865005417,0.5562399998068015,0.75,0.810680599533266,2.9411455919276377,0.32352426478206586,0.3073588871161019,0.6280682881051106,ETTh2,raw,14904,15000,raw:14904:2,low,high
3,0.12119883827047107,0.29138408596488036,0.5392219227445266,1.0,0.8768266322948249,2.9411455919276377,0.32352426478206586,0.317268282326626,0.7334502990256303,ETTh2,raw,14904,15000,raw:14904:3,low,high
4,0.45683998164285444,0.1645497097917804,0.4355038370821114,1.0,0.9261856577983952,2.9411455919276377,0.32352426478206586,0.3522978428389154,0.7499033075268203,ETTh2,raw,14904,15000,raw:14904:4,mid,high
5,0.33881843625119734,0.23145591517068967,0.24919125454907912,1.0,0.9890564508528947,2.9411455919276377,0.32352426478206586,0.273155201990322,0.7708602385449869,ETTh2,raw,14904,15000,raw:14904:5,low,high
6,0.8831405528261104,0.10803526881207168,0.22940370243026037,0.125,0.7134907884605448,2.9411455919276377,0.32352426478206586,0.4068598413561475,0.38733835108087017,ETTh2,raw,14904,15000,raw:14904:6,mid,low
0,0.29571192034068416,0.2761780654307856,0.4835292105053086,0.625,0.8501720000582376,3.801574354636187,0.4669290583278161,0.35180639875892616,0.6473670194620179,ETTh2,raw,14928,15024,raw:14928:0,mid,high
1,0.3020758803293023,0.1658619912342849,0.47280363789429536,1.0,0.9186273737711763,3.801574354636187,0.4669290583278161,0.31358050315262753,0.7951854773663308,ETTh2,raw,14928,15024,raw:14928:1,low,high
2,0.34125108764712575,0.23697456223165198,0.4478680553648878,0.75,0.8123492924986914,3.801574354636187,0.4669290583278161,0.3420312350812218,0.6764261169421691,ETTh2,raw,14928,15024,raw:14928:2,mid,high
3,0.3844407819893797,0.13489049542417464,0.48046420765808584,1.0,0.8302746585598945,3.801574354636187,0.4669290583278161,0.3332651616905467,0.7657345722959036,ETTh2,raw,14928,15024,raw:14928:3,mid,high
4,0.4393062202454324,0.15732473835882604,0.5176930728396715,0.75,0.9420921010163975,3.801574354636187,0.4669290583278161,0.37144134381464333,0.7196737197814046,ETTh2,raw,14928,15024,raw:14928:4,mid,high
5,0.7690801278980929,0.19705873615450428,0.4595419314029975,1.0,0.9895935264525559,3.801574354636187,0.4669290583278161,0.47522693181853154,0.8188408615934574,ETTh2,raw,14928,15024,raw:14928:5,high,high
6,0.8073144038567279,0.2161731318804153,0.1177719477993983,0.125,0.7057000725429554,3.801574354636187,0.4669290583278161,0.3804198278455138,0.4325430436235905,ETTh2,raw,14928,15024,raw:14928:6,mid,mid
0,0.4801394811327281,0.10390856571530828,0.8134236915238628,0.375,0.7834188955274821,3.7271570626515125,0.4545261763510418,0.465823912790633,0.5376483572928413,ETTh2,raw,14976,15072,raw:14976:0,high,mid
1,0.29684240581129195,0.24834773400574017,0.5804193974158002,1.0,0.8782145871021724,3.7271570626515125,0.4545261763510418,0.37520317907761075,0.7775802544844047,ETTh2,raw,14976,15072,raw:14976:1,mid,high
2,0.48508315436874405,0.1584532578308694,0.7238729201854158,0.375,0.7946700718559963,3.7271570626515125,0.4545261763510418,0.45580311079500974,0.541398749402346,ETTh2,raw,14976,15072,raw:14976:2,high,mid
3,0.3095588319732805,0.16663431616953084,0.6448320819468959,1.0,0.876275239596646,3.7271570626515125,0.4545261763510418,0.3736750766965691,0.776933805315896,ETTh2,raw,14976,15072,raw:14976:3,mid,high
4,0.13778098538886718,0.2105751702656593,0.6580737910655632,1.0,0.9242076164369154,3.7271570626515125,0.4545261763510418,0.33547664890669654,0.7929112642626523,ETTh2,raw,14976,15072,raw:14976:4,mid,high
5,0.7645209012173507,0.22509027003110565,0.0,0.625,0.9443170172362317,3.7271570626515125,0.4545261763510418,0.3298703904161521,0.6746143978624245,ETTh2,raw,14976,15072,raw:14976:5,mid,high
6,0.7277182609134663,0.29644479402026236,0.34451623682158194,0.125,0.6963513168264249,3.7271570626515125,0.4545261763510418,0.45622643058510354,0.4252924977258223,ETTh2,raw,14976,15072,raw:14976:6,high,mid
0,0.23778502205852103,0.186614645634767,0.6574049697901349,0.5,0.8363210511485434,4.1445903066575385,0.5240983835694257,0.3606015458278076,0.6201398115726564,ETTh2,raw,15000,15096,raw:15000:0,mid,high
1,0.5305437441252069,0.24289178711597698,0.539006366486968,1.0,0.7866194673573423,4.1445903066575385,0.5240983835694257,0.4374806325760506,0.770239283642256,ETTh2,raw,15000,15096,raw:15000:1,high,high
2,0.20273015001594752,0.14118629795663712,0.6698195152255468,0.5,0.792933460029446,4.1445903066575385,0.5240983835694257,0.33791198773271053,0.6056772811996239,ETTh2,raw,15000,15096,raw:15000:2,mid,high
3,0.4152732787300468,0.22341972200884136,0.5846909419660963,1.0,0.8444597582251169,4.1445903066575385,0.5240983835694257,0.4077946475683281,0.7895193805981808,ETTh2,raw,15000,15096,raw:15000:3,mid,high
4,0.34896934910445077,0.28370144008972864,0.40755753998725947,1.0,0.9636183392950793,4.1445903066575385,0.5240983835694257,0.34674277639381296,0.8292389076215017,ETTh2,raw,15000,15096,raw:15000:4,mid,high
5,0.9999999821043624,0.20228213184210755,0.2925771961605797,1.0,0.901324773820061,4.1445903066575385,0.5240983835694257,0.49828643670234984,0.8084743857964956,ETTh2,raw,15000,15096,raw:15000:5,high,high
6,0.9377791621028314,0.38281216631060566,0.3399364910641958,0.125,0.7057284514113177,4.1445903066575385,0.5240983835694257,0.553509273159211,0.4516089449935811,ETTh2,raw,15000,15096,raw:15000:6,high,mid
0,0.4736930343066894,0.2687548908604842,0.7073783462886974,0.375,0.8897760344228668,4.190801132450199,0.5318001878553662,0.48327542381862365,0.5988587407594109,ETTh2,raw,15024,15120,raw:15024:0,high,mid
1,0.5905952745186799,0.12305896511964368,0.320085285218983,1.0,0.7571433183827714,4.190801132450199,0.5318001878553662,0.34457984161910216,0.7629811687460458,ETTh2,raw,15024,15120,raw:15024:1,mid,high
2,0.25396613948297353,0.17349123710844666,0.5366534574892942,0.375,0.8462277992731932,4.190801132450199,0.5318001878553662,0.32137027802690477,0.5843426623761865,ETTh2,raw,15024,15120,raw:15024:2,low,mid
3,0.7256275325019244,0.17735611369539095,0.5738587821351185,1.0,0.8201046495595541,4.190801132450199,0.5318001878553662,0.49228080944414465,0.7839682791383068,ETTh2,raw,15024,15120,raw:15024:3,high,high
4,0.36061467657816815,0.32155684716849964,0.3702530851132683,1.0,0.9385788313379149,4.190801132450199,0.5318001878553662,0.350808202953312,0.823459673064427,ETTh2,raw,15024,15120,raw:15024:4,mid,high
5,0.7779772520565246,0.3313156979942977,0.8692764650036507,1.0,0.9525768246867744,4.190801132450199,0.5318001878553662,0.6595231383514911,0.8281256708473803,ETTh2,raw,15024,15120,raw:15024:5,high,high
6,0.5569828817156818,0.6100911348717168,0.02937616696865455,0.25,0.6789555495690156,4.190801132450199,0.5318001878553662,0.39881672785201766,0.4869185791414606,ETTh2,raw,15024,15120,raw:15024:6,mid,mid
0,0.46628722593656424,0.30914543019614793,0.2859783214839752,1.0,0.8810553701189349,3.401655184116005,0.4002758633522077,0.35380365920556245,0.7604437444903809,ETTh2,raw,15072,15168,raw:15072:0,mid,high
1,0.39636825958932553,0.1483527206492124,0.3649582400776406,1.0,0.9135042649966865,3.401655184116005,0.4002758633522077,0.30322640677205953,0.7712600427829647,ETTh2,raw,15072,15168,raw:15072:1,low,high
2,0.5012258506086522,0.4210011871528267,0.14976584601674203,0.875,0.8833461578073096,3.401655184116005,0.4002758633522077,0.35733096125940705,0.7195406737198392,ETTh2,raw,15072,15168,raw:15072:2,mid,high
3,0.4949460977068575,0.2123532431115936,0.4123282953465782,1.0,0.9177649199745054,3.401655184116005,0.4002758633522077,0.37320921205500984,0.7726802611089044,ETTh2,raw,15072,15168,raw:15072:3,mid,high
4,0.15192350562726842,0.11690467984890421,0.5275430788030794,0.375,0.7629281677733543,3.401655184116005,0.4002758633522077,0.265457088093084,0.512734677041854,ETTh2,raw,15072,15168,raw:15072:4,low,mid
5,0.3624593611005775,0.31068405790796483,0.0,0.875,0.8981815268934519,3.401655184116005,0.4002758633522077,0.22438113966951412,0.7244857967485533,ETTh2,raw,15072,15168,raw:15072:5,low,high
6,0.5665176949328878,0.034754309911968304,0.6885354465562801,0.25,0.33054648659937635,3.401655184116005,0.4002758633522077,0.42993581713371204,0.32694078331719467,ETTh2,raw,15072,15168,raw:15072:6,high,low
0,0.46635022041758,0.44303123002439976,0.3663192341500992,1.0,0.9222869132383437,3.0722924578738877,0.34538207573667784,0.42523356153069297,0.7558896629916738,ETTh2,raw,15096,15192,raw:15096:0,high,high
1,0.2259370899818568,0.26273160816489183,0.6631374024441566,1.0,0.881170311048484,3.0722924578738877,0.34538207573667784,0.3839353668636351,0.7421841289283871,ETTh2,raw,15096,15192,raw:15096:1,mid,high
2,0.3444341948946583,0.2677909761772308,0.47155416034124226,1.0,0.9315699657611137,3.0722924578738877,0.34538207573667784,0.36125977713771046,0.7589840138325972,ETTh2,raw,15096,15192,raw:15096:2,mid,high
3,0.27100623572540405,0.25016247130774555,0.6808730687291525,1.0,0.8622058141981077,3.0722924578738877,0.34538207573667784,0.40068059192076744,0.7358626299782619,ETTh2,raw,15096,15192,raw:15096:3,mid,high
4,0.5243931944890621,0.2838739065558995,0.3311293874623373,0.375,0.8104499740564689,3.0722924578738877,0.34538207573667784,0.379798829502433,0.510277349931049,ETTh2,raw,15096,15192,raw:15096:4,mid,mid
5,1.0,0.40021873891661663,0.49999999965234315,0.75,0.8988881343460565,3.0722924578738877,0.34538207573667784,0.6334062461896532,0.6647567366942447,ETTh2,raw,15096,15192,raw:15096:5,high,high
6,0.3949141241144247,0.012629212129721006,0.8293619300664593,0.25,0.357283567686867,3.0722924578738877,0.34538207573667784,0.41230175543686837,0.3175552144745149,ETTh2,raw,15096,15192,raw:15096:6,mid,low
0,0.3295477937539969,0.27887842365750737,0.519022996978538,1.0,0.8033990071500735,3.028482287465422,0.33808038068076973,0.37581640479668077,0.7138264626102812,ETTh2,raw,15144,15240,raw:15144:0,mid,high
1,0.41615223531033774,0.24177012998606667,0.4638035405954477,1.0,0.8637818743105451,3.028482287465422,0.33808038068076973,0.373908635297284,0.733954084997105,ETTh2,raw,15144,15240,raw:15144:1,mid,high
2,0.3117021238872457,0.2427205661655423,0.3093778701872808,1.0,0.8193621825585913,3.028482287465422,0.33808038068076973,0.28793352008002293,0.719147521079787,ETTh2,raw,15144,15240,raw:15144:2,low,high
3,0.34034765888453034,0.28522407661547866,0.586229747313168,1.0,0.8474131350497967,3.028482287465422,0.33808038068076973,0.4039338276043923,0.7284978385768555,ETTh2,raw,15144,15240,raw:15144:3,mid,high
4,0.49440904733483415,0.1808133466358725,0.5029667649171694,0.5,0.8817418533133099,3.028482287465422,0.33808038068076973,0.39272971962929204,0.5732740779980265,ETTh2,raw,15144,15240,raw:15144:4,mid,mid
5,0.9999999910288168,0.41581663261408874,0.0,0.375,0.8534795606575388,3.028482287465422,0.33808038068076973,0.47193887454763517,0.5221866471127695,ETTh2,raw,15144,15240,raw:15144:5,high,mid
6,0.19052282751632454,0.007705146167660761,0.4160580237806705,0.25,0.2658975397613537,3.028482287465422,0.33808038068076973,0.20476199915488527,0.2846593068140411,ETTh2,raw,15144,15240,raw:15144:6,low,low
0,0.44205824910277525,0.3880139406482572,0.5181845609936367,0.75,0.9300007319989738,2.9464586107835777,0.32440976792324666,0.4494189169148897,0.6681368333074068,ETTh2,raw,15168,15264,raw:15168:0,high,high
1,0.4820101507887662,0.3702768310267098,0.5877798259375738,1.0,0.9097906356351244,2.9464586107835777,0.32440976792324666,0.48002226925101654,0.7447334678527904,ETTh2,raw,15168,15264,raw:15168:1,high,high
2,0.35612334973222826,0.37356352751539484,0.3844136619591796,1.0,0.9558526547780871,2.9464586107835777,0.32440976792324666,0.3713668464022675,0.7600874742337779,ETTh2,raw,15168,15264,raw:15168:2,mid,high
3,0.3429330130535859,0.29284989591573385,0.5106205517929453,1.0,0.9002700031017039,2.9464586107835777,0.32440976792324666,0.382134486920755,0.7415599236749836,ETTh2,raw,15168,15264,raw:15168:3,mid,high
4,0.5819594298907098,0.21093782873705963,0.5742855452515119,0.875,0.9027413944395224,2.9464586107835777,0.32440976792324666,0.45572760129309375,0.700717054120923,ETTh2,raw,15168,15264,raw:15168:4,high,high
5,0.9999999999985402,0.3573202564822736,0.2122858259262195,0.5,0.790226067954462,2.9464586107835777,0.32440976792324666,0.5232020274690111,0.5382119452925697,ETTh2,raw,15168,15264,raw:15168:5,high,mid
6,0.21450640283663824,0.022669218813073922,0.5056467204959176,0.25,0.30628560847138087,2.9464586107835777,0.32440976792324666,0.2476074473818766,0.29356512546487584,ETTh2,raw,15168,15264,raw:15168:6,low,low
0,0.3899384620969234,0.29386743510685165,0.4257581085968337,0.625,0.9109973195133841,1.9136950242401434,0.15228250378621971,0.3698546686002029,0.5627599410998679,ETTh2,raw,15216,15312,raw:15216:0,mid,mid
1,0.3937879923763171,0.13440900295619546,0.44106135882308223,1.0,0.9044099319017408,1.9136950242401434,0.15228250378621971,0.32308611805186493,0.6855641452293203,ETTh2,raw,15216,15312,raw:15216:1,low,high
2,0.6402605886579662,0.22163733222134624,0.4320570047218376,0.625,0.9530998625178009,1.9136950242401434,0.15228250378621971,0.4313183085337167,0.5767941221013402,ETTh2,raw,15216,15312,raw:15216:2,high,mid
3,0.5678194620188132,0.1719557969761029,0.4362016441508693,1.0,0.9020811598415541,1.9136950242401434,0.15228250378621971,0.3919923010485951,0.6847878878759247,ETTh2,raw,15216,15312,raw:15216:3,mid,high
4,0.6764041627209706,0.18803025654237282,0.4215182405205653,0.5,0.8157293057379392,1.9136950242401434,0.15228250378621971,0.4286508865946363,0.48933726984138626,ETTh2,raw,15216,15312,raw:15216:4,high,mid
5,0.8328483503226876,0.19079945264614606,0.518571133614505,0.25,0.8314576258161038,1.9136950242401434,0.15228250378621971,0.5140729788611128,0.4112467098674411,ETTh2,raw,15216,15312,raw:15216:5,high,low
6,0.4708708697884093,0.09521100418384651,0.1716338606202533,0.25,0.45713988979973114,1.9136950242401434,0.15228250378621971,0.24590524486416973,0.28647413119531695,ETTh2,raw,15216,15312,raw:15216:6,low,low
0,0.9999999978254553,0.23612264811283595,0.41996536406730095,0.75,0.9097648357672242,3.743473946127582,0.4572456569258542,0.5520293366685307,0.7056701642310261,ETTh2,raw,15240,15336,raw:15240:0,high,high
1,0.960630868476353,0.25229265713511984,0.8636545846798096,0.75,0.8600946484002265,3.743473946127582,0.4572456569258542,0.6921927034304275,0.6891134351086935,ETTh2,raw,15240,15336,raw:15240:1,high,high
2,0.9999999985734827,0.18948343632901904,0.1267371153166518,1.0,0.9370245475846618,3.743473946127582,0.4572456569258542,0.4387401834063845,0.7980900681701719,ETTh2,raw,15240,15336,raw:15240:2,high,high
3,0.9836719444713352,0.2228368523211464,0.8456984779462198,1.0,0.9015896719523969,3.743473946127582,0.4572456569258542,0.6840690915795671,0.786278442959417,ETTh2,raw,15240,15336,raw:15240:3,high,high
4,0.9999999971994712,0.15906524009290227,0.24639135561556896,0.875,0.7360400854726366,3.743473946127582,0.4572456569258542,0.46848553096931417,0.6894285807994969,ETTh2,raw,15240,15336,raw:15240:4,high,high
5,0.9999999999999989,0.17622922594484022,0.4978548947205327,0.5,0.979580271804648,3.743473946127582,0.4572456569258542,0.5580280402217905,0.6456086429101674,ETTh2,raw,15240,15336,raw:15240:5,high,high
6,0.9719823637862649,0.20036387492828237,0.012156543978579685,0.125,0.5486797638951989,3.743473946127582,0.4572456569258542,0.39483426089770907,0.37697514027368434,ETTh2,raw,15240,15336,raw:15240:6,mid,low
0,0.9709460584947159,0.3206145423932958,0.5004939758378683,1.0,0.9038683423967758,3.326341456130302,0.38772357537551105,0.5973515255752934,0.7638639725907623,ETTh2,raw,15264,15360,raw:15264:0,high,high
1,0.9108342389527231,0.39119716442223473,0.3105663510409083,1.0,0.9005991928728225,3.326341456130302,0.38772357537551105,0.5375325848052886,0.7627742560827778,ETTh2,raw,15264,15360,raw:15264:1,high,high
2,0.9493194522742922,0.27652866292647965,0.16128264300340991,0.75,0.9561917111463344,3.326341456130302,0.38772357537551105,0.46237691940139397,0.6979717621739484,ETTh2,raw,15264,15360,raw:15264:2,high,high
3,0.9888937893586374,0.30666906306295594,0.2729499502658772,1.0,0.9264755821231936,3.326341456130302,0.38772357537551105,0.5228376008958234,0.7713997191662348,ETTh2,raw,15264,15360,raw:15264:3,high,high
4,0.9957521303032437,0.17431872763948228,0.8039083624687681,0.5,0.7149736729965078,3.326341456130302,0.38772357537551105,0.657993073470498,0.5342324161240063,ETTh2,raw,15264,15360,raw:15264:4,high,mid
5,0.9955488144551286,0.20812233004158723,0.4694190764009442,0.25,0.926893761653611,3.326341456130302,0.38772357537551105,0.55769674029922,0.5215391123430407,ETTh2,raw,15264,15360,raw:15264:5,high,mid
6,0.9760171942173699,0.13256941861999996,0.03587513745930695,0.25,0.7050719639315439,3.326341456130302,0.38772357537551105,0.3814872500988922,0.44759851310235166,ETTh2,raw,15264,15360,raw:15264:6,mid,mid
0,0.9844385383251909,0.19017110239267393,0.49622096427889856,0.25,0.9240438308037112,2.928499211796199,0.3214165347636723,0.5569435349989211,0.49848678852246125,ETTh2,raw,15312,15408,raw:15312:0,high,mid
1,0.9178108192392276,0.2218560047831093,0.2575256134719226,0.5,0.9690705535501601,2.928499211796199,0.3214165347636723,0.4657308124980865,0.5968290294379442,ETTh2,raw,15312,15408,raw:15312:1,high,mid
2,0.970768219672248,0.2312311088385757,0.5447674027355129,0.25,0.9206892229497398,2.928499211796199,0.3214165347636723,0.5822555770821122,0.49736858590447075,ETTh2,raw,15312,15408,raw:15312:2,high,mid
3,0.9878104909071674,0.20241149857749946,0.4324168285766285,0.375,0.9106652710196381,2.928499211796199,0.3214165347636723,0.5408796060204318,0.5356939352611035,ETTh2,raw,15312,15408,raw:15312:3,high,mid
4,0.9968422563473466,0.3512491063661273,0.3410204449178149,0.25,0.740395446896267,2.928499211796199,0.3214165347636723,0.5630372692104296,0.43727066055331315,ETTh2,raw,15312,15408,raw:15312:4,high,mid
5,0.9421247566424333,0.3288235052352122,0.54165098506158,0.75,0.9327965286665786,2.928499211796199,0.3214165347636723,0.6041997489797418,0.668071021143417,ETTh2,raw,15312,15408,raw:15312:5,high,high
6,0.9918993284939025,0.2544576223555916,0.0032130358426911225,0.375,0.6119492737052237,2.928499211796199,0.3214165347636723,0.4165233288973951,0.4361219361562987,ETTh2,raw,15312,15408,raw:15312:6,mid,mid
0,0.713061178311601,0.03969910391418485,0.8965335690148473,0.25,0.8718174649909233,2.840473677408174,0.3067456123901196,0.5497646170802111,0.4761876924603476,ETTh2,raw,15336,15432,raw:15336:0,high,mid
1,0.8360645947536526,0.18997486721219853,0.15371845606877804,0.5,0.9506221934183915,2.840473677408174,0.3067456123901196,0.39325263934487636,0.5857892686028371,ETTh2,raw,15336,15432,raw:15336:1,mid,mid
2,0.6109341675262813,0.05056835763637526,0.859308210544701,0.375,0.8967192525931033,2.840473677408174,0.3067456123901196,0.5069369119024525,0.5261549549944077,ETTh2,raw,15336,15432,raw:15336:2,high,mid
3,0.7015627905852959,0.26218521566076175,0.44404080009802605,0.75,0.9665670969245376,2.840473677408174,0.3067456123901196,0.46926293544802794,0.6744375697715524,ETTh2,raw,15336,15432,raw:15336:3,high,high
4,0.4309583783106088,0.10013328397133772,0.5013819159402032,0.375,0.7476654275064121,2.840473677408174,0.3067456123901196,0.34415785940738325,0.4764703466321772,ETTh2,raw,15336,15432,raw:15336:4,mid,mid
5,0.7530561411457336,0.17423302367434024,0.48746097087351625,1.0,0.9304736963578129,2.840473677408174,0.3067456123901196,0.47158337856453003,0.7457397695826442,ETTh2,raw,15336,15432,raw:15336:5,high,high
6,0.6646365074912922,0.47575927794789613,0.03802187710887538,0.25,0.6823325365556184,2.840473677408174,0.3067456123901196,0.39280588751602125,0.41302604964857936,ETTh2,raw,15336,15432,raw:15336:6,mid,low
0,0.7428104863528147,0.264845063731434,0.22231777882571138,0.5,0.8867377832012894,3.0510653384426454,0.34184422250403385,0.4099911096366533,0.5761940019017744,ETTh2,raw,15384,15480,raw:15384:0,mid,mid
1,0.7509580772894997,0.26167194854915526,0.1321635762000972,1.0,0.9114556169651544,3.0510653384426454,0.34184422250403385,0.38159786734625073,0.7510999464897293,ETTh2,raw,15384,15480,raw:15384:1,mid,high
2,0.6483922648513669,0.19931043410983096,0.527614512977841,0.5,0.9068528400409397,3.0510653384426454,0.34184422250403385,0.4584390706463463,0.5828990208483246,ETTh2,raw,15384,15480,raw:15384:2,high,mid
3,0.702464584163689,0.3320122961021156,0.058308953261325604,0.625,0.9301329428440881,3.0510653384426454,0.34184422250403385,0.36426194450904337,0.6323257217827073,ETTh2,raw,15384,15480,raw:15384:3,mid,high
4,0.45044380422443553,0.19577362486057487,0.8714538856047773,0.5,0.8823552988096203,3.0510653384426454,0.34184422250403385,0.5058904382299293,0.574733173771218,ETTh2,raw,15384,15480,raw:15384:4,high,mid
5,0.6778779949175016,0.1592799409686462,0.38326816485625675,1.0,0.9009001015621968,3.0510653384426454,0.34184422250403385,0.4068087002474681,0.7475814413554103,ETTh2,raw,15384,15480,raw:15384:5,mid,high
6,0.7883027222138322,0.02595085186697357,0.021120260539974373,0.125,0.6400122136133284,3.0510653384426454,0.34184422250403385,0.2784579448735934,0.3689521453724541,ETTh2,raw,15384,15480,raw:15384:6,low,low
0,0.5184580743903289,0.19970514592230124,0.8414808958342276,0.5,0.9303436956395369,3.0363133490900363,0.3393855576160301,0.5198813720489526,0.589909751085189,ETTh2,raw,15408,15504,raw:15408:0,high,mid
1,0.5937486565267016,0.18734803708118397,0.8653129234497086,0.75,0.9343664641535621,3.0363133490900363,0.3393855576160301,0.5488032056858647,0.6745840072565308,ETTh2,raw,15408,15504,raw:15408:1,high,high
2,0.551357921379993,0.2246068428478154,0.8193445823532254,0.375,0.9347544605889234,3.0363133490900363,0.3393855576160301,0.5317697821936779,0.5497133394016511,ETTh2,raw,15408,15504,raw:15408:2,high,mid
3,0.4993672366897599,0.13275697556374605,0.7124130300240736,1.0,0.9595081223598854,3.0363133490900363,0.3393855576160301,0.4481790807591932,0.7662978933253052,ETTh2,raw,15408,15504,raw:15408:3,high,high
4,0.18947370020176624,0.18118926892358922,0.7390261562180597,0.875,0.9229465085031933,3.0363133490900363,0.3393855576160301,0.3698963751144717,0.7124440220397412,ETTh2,raw,15408,15504,raw:15408:4,mid,high
5,0.46238596774596075,0.1578555880977066,0.27952995316568446,0.375,0.8936960993579718,3.0363133490900363,0.3393855576160301,0.29992383633645064,0.536027218991334,ETTh2,raw,15408,15504,raw:15408:5,low,mid
6,0.5740514038258548,0.3396374205840883,0.003982000128295572,0.25,0.7761160959706594,3.0363133490900363,0.3393855576160301,0.30589027484607956,0.45516721786222986,ETTh2,raw,15408,15504,raw:15408:6,low,mid
0,0.34423414908381755,0.2197315155727164,0.5134238766549808,0.625,0.9105033117116293,3.0107142508180864,0.33511904124448266,0.3591298471038383,0.623540784318704,ETTh2,raw,15432,15528,raw:15432:0,mid,high
1,0.6739232862572715,0.2730560410039523,0.2294653467387418,1.0,0.954273709927403,3.0107142508180864,0.33511904124448266,0.3921482246666552,0.7631309170572953,ETTh2,raw,15432,15528,raw:15432:1,mid,high
2,0.4066262767246833,0.16150074092715674,0.4887025557590424,0.5,0.8695898584735837,3.0107142508180864,0.33511904124448266,0.3522765244702941,0.5682362999060221,ETTh2,raw,15432,15528,raw:15432:2,mid,mid
3,0.3198516716802745,0.2177218977353592,0.3506794492964639,1.0,0.9556709383523685,3.0107142508180864,0.33511904124448266,0.2960843395706992,0.763596659865617,ETTh2,raw,15432,15528,raw:15432:3,low,high
4,0.34533820707401186,0.21447630792805708,0.32892740421498173,0.875,0.8761886346324257,3.0107142508180864,0.33511904124448266,0.2962473064056836,0.6954358919589695,ETTh2,raw,15432,15528,raw:15432:4,low,high
5,0.5881137029448726,0.12905099084474725,0.49628544943346425,0.5,0.9042175979212033,3.0107142508180864,0.33511904124448266,0.4044833810743614,0.5797788797218953,ETTh2,raw,15432,15528,raw:15432:5,mid,mid
6,0.49582707562227124,0.5147869360727333,0.5222548606615455,0.375,0.5763981418814804,3.0107142508180864,0.33511904124448266,0.5109562907855166,0.4288390610419877,ETTh2,raw,15432,15528,raw:15432:6,high,mid
0,0.5737790669808053,0.17122374041923955,0.8278231021862907,0.5,0.9579884180587563,2.7882322393318466,0.2980387060585766,0.5242753031954451,0.5853423747057777,ETTh2,raw,15480,15576,raw:15480:0,high,mid
1,0.6660317371889548,0.25924935180762393,0.7018025362263502,0.625,0.9690223468968917,2.7882322393318466,0.2980387060585766,0.542361208407643,0.6306870176518228,ETTh2,raw,15480,15576,raw:15480:1,high,high
2,0.5882678217535199,0.16812807825594103,0.744929224365298,0.875,0.9431537169880262,2.7882322393318466,0.2980387060585766,0.5004417081249196,0.7053974743488677,ETTh2,raw,15480,15576,raw:15480:2,high,high
3,0.586453028257987,0.31983103878000435,0.7154236910487579,0.875,0.9769741232029701,2.7882322393318466,0.2980387060585766,0.5405692526955831,0.7166709430871823,ETTh2,raw,15480,15576,raw:15480:3,high,high
4,0.3591444366829939,0.21535553875099947,0.5435883501696182,0.375,0.8009430584901011,2.7882322393318466,0.2980387060585766,0.3726961085345371,0.49132725484955914,ETTh2,raw,15480,15576,raw:15480:4,mid,mid
5,0.3353915076066011,0.1441689900040719,0.49130647297583735,0.75,0.9035776028471688,2.7882322393318466,0.2980387060585766,0.32362232352883674,0.6505387696352485,ETTh2,raw,15480,15576,raw:15480:5,mid,high
6,0.5280108523169404,0.04467338402496696,0.7917390877695584,0.25,0.3461010114739811,2.7882322393318466,0.2980387060585766,0.45480777470382194,0.29804657251085254,ETTh2,raw,15480,15576,raw:15480:6,high,low
0,0.8409519724464176,0.28686793060759663,0.21899941004778198,0.5,0.922979830389023,3.232958504472285,0.37215975012511454,0.44893977103393207,0.5983798601713792,ETTh2,raw,15504,15600,raw:15504:0,high,mid
1,0.9999999999978191,0.3292646423908099,0.6751344101691445,0.625,0.9240683467573939,3.232958504472285,0.37215975012511454,0.6681330175192578,0.6404093656275028,ETTh2,raw,15504,15600,raw:15504:1,high,high
2,0.9243785629096019,0.18012664264224731,0.36257575337847964,0.625,0.9406248382235447,3.232958504472285,0.37215975012511454,0.4890269863101096,0.6459281961162198,ETTh2,raw,15504,15600,raw:15504:2,high,high
3,0.8149662037198295,0.25124952248493937,0.27465561828263063,0.375,0.9542331267622959,3.232958504472285,0.37215975012511454,0.44695711482913314,0.5671309589624701,ETTh2,raw,15504,15600,raw:15504:3,high,mid
4,0.09545741129613106,0.13405501604748116,0.5283828732792116,0.5,0.803836621386369,3.232958504472285,0.37215975012511454,0.25263176687427463,0.5586654571704945,ETTh2,raw,15504,15600,raw:15504:4,low,mid
5,0.6721418290462167,0.21048915025968118,0.4915217083690603,1.0,0.9340694433058949,3.232958504472285,0.37215975012511454,0.4580508958916527,0.7687430644770031,ETTh2,raw,15504,15600,raw:15504:5,high,high
6,0.5052409593241608,0.13237341213980044,0.8468695130756251,0.25,0.4738672193925984,3.232958504472285,0.37215975012511454,0.49482796151319547,0.365342323172571,ETTh2,raw,15504,15600,raw:15504:6,high,low
0,0.4068566314369394,0.09814075919682116,0.49916339232690865,0.75,0.8802651937804242,0.9999999900000014,0.0,0.3347202609868898,0.5434217312601414,ETTh2,raw,15552,15648,raw:15552:0,mid,mid
1,0.0,0.4243968328199831,0.5,0.75,0.8558269585059216,0.9999999900000014,0.0,0.308132277606661,0.5352756528353072,ETTh2,raw,15552,15648,raw:15552:1,low,mid
2,0.13049552532499853,0.0789848066077057,0.4796739384385612,0.625,0.9305329950296283,0.9999999900000014,0.0,0.22971809012375513,0.5185109983432095,ETTh2,raw,15552,15648,raw:15552:2,low,mid
3,0.47157685345773315,0.3225417142738267,0.5340055166557383,0.625,0.9130802898420921,0.9999999900000014,0.0,0.4427080281290994,0.512693429947364,ETTh2,raw,15552,15648,raw:15552:3,high,mid
4,0.3760282994238401,0.1611683508540297,0.4767328148195904,0.5,0.7530108393984195,0.9999999900000014,0.0,0.33797648836582006,0.41767027979947313,ETTh2,raw,15552,15648,raw:15552:4,mid,mid
5,0.7456583079136814,0.3045126277997203,0.41465041739984543,0.75,0.8971892713507678,0.9999999900000014,0.0,0.48827378437108243,0.5490630904502559,ETTh2,raw,15552,15648,raw:15552:5,high,mid
6,0.8308453942643151,0.22150201532901148,0.11764239849199264,0.25,0.6022123253724889,0.9999999900000014,0.0,0.38999660269510633,0.28407077512416296,ETTh2,raw,15552,15648,raw:15552:6,mid,low
0,0.23766419001175865,0.12641213313840846,0.6214819566659464,0.5,0.8909791151528252,0.9999999900000021,0.0,0.3285194266053712,0.46365970505094173,ETTh2,raw,15576,15672,raw:15576:0,mid,mid
1,0.0,0.21573117497259625,0.602354431752693,1.0,0.866406313904589,0.9999999900000021,0.0,0.2726952022417631,0.6221354379681964,ETTh2,raw,15576,15672,raw:15576:1,low,high
2,0.48211144273794027,0.18296603999848654,0.7319666190922814,0.5,0.8884397319512986,0.9999999900000021,0.0,0.4656813672762361,0.4628132439837662,ETTh2,raw,15576,15672,raw:15576:2,high,mid
3,0.41802306285463553,0.11569541852106102,0.5056391804558305,1.0,0.8927668522497564,0.9999999900000021,0.0,0.34645255394384233,0.6309222840832521,ETTh2,raw,15576,15672,raw:15576:3,mid,high
4,0.27598134079759984,0.12237815776384757,0.5343967566858173,0.625,0.8232627886665399,0.9999999900000021,0.0,0.3109187517490883,0.4827542628888466,ETTh2,raw,15576,15672,raw:15576:4,low,mid
5,0.6226960856125503,0.18728354174775774,0.49843023489223093,1.0,0.9362049153287071,0.9999999900000021,0.0,0.4361366207508463,0.6454016384429023,ETTh2,raw,15576,15672,raw:15576:5,high,high
6,0.8064953711122703,0.17446783910204813,0.10498019835341302,0.125,0.6155202014223017,0.9999999900000021,0.0,0.3619811361892438,0.24684006714076723,ETTh2,raw,15576,15672,raw:15576:6,mid,low
0,0.3384231246481171,0.24058269588779058,0.4870576733696033,0.625,0.8938707995735045,0.9999999900000027,0.0,0.35535449796850366,0.5062902665245015,ETTh2,raw,15600,15696,raw:15600:0,mid,mid
1,0.0,0.23970950162714894,0.5,1.0,0.8308056184271237,0.9999999900000027,0.0,0.2465698338757163,0.6102685394757079,ETTh2,raw,15600,15696,raw:15600:1,low,high
2,0.32007931439065007,0.2109057582273083,0.44244578351626734,0.375,0.8567298836798813,0.9999999900000027,0.0,0.3244769520447419,0.4105766278932938,ETTh2,raw,15600,15696,raw:15600:2,mid,low
3,0.23402730216126066,0.49749462307634645,0.4893469064819756,1.0,0.9860417743200509,0.9999999900000027,0.0,0.4069562772398609,0.6620139247733503,ETTh2,raw,15600,15696,raw:15600:3,mid,high
4,0.370095882802129,0.1299085115019296,0.6894939519358408,0.5,0.8191223335731872,0.9999999900000027,0.0,0.3964994487466331,0.43970744452439575,ETTh2,raw,15600,15696,raw:15600:4,mid,mid
5,0.4598913281628578,0.30877090453040845,0.7742334740146578,1.0,0.8907986479931269,0.9999999900000027,0.0,0.5142985689026414,0.6302662159977089,ETTh2,raw,15600,15696,raw:15600:5,high,high
6,0.701257177885583,0.25504663247288506,0.28925682591762725,0.25,0.7452487742796882,0.9999999900000027,0.0,0.41518687875869836,0.33174959142656274,ETTh2,raw,15600,15696,raw:15600:6,mid,low
0,0.6552366832803479,0.09522038785980605,0.4846108694825716,0.0,0.6907472053018862,0.9999999900000016,0.0,0.4116893135409085,0.23024906843396206,ETTh2,raw,15648,15744,raw:15648:0,mid,low
1,0.9999999993278065,0.1522747944107804,0.0,0.375,0.8881475955444593,0.9999999900000016,0.0,0.3840915979128623,0.42104919851481976,ETTh2,raw,15648,15744,raw:15648:1,mid,mid
2,0.6888894237906942,0.06682309025604569,0.5038120427874612,0.0,0.6733018223011861,0.9999999900000016,0.0,0.4198415189447337,0.22443394076706202,ETTh2,raw,15648,15744,raw:15648:2,mid,low
3,0.6249538696047903,0.10806327930070886,0.23619554537505974,0.0,0.6942738310493605,0.9999999900000016,0.0,0.3230708980935196,0.2314246103497868,ETTh2,raw,15648,15744,raw:15648:3,low,low
4,0.2568274935830187,0.09816333370664991,0.46129779059159365,0.5,0.788815806438205,0.9999999900000016,0.0,0.2720962059604208,0.42960526881273503,ETTh2,raw,15648,15744,raw:15648:4,low,mid
5,0.06639694418653841,0.08117760758881107,0.22622917345818974,0.625,0.8271451244447873,0.9999999900000016,0.0,0.12460124174451308,0.48404837481492907,ETTh2,raw,15648,15744,raw:15648:5,low,mid
6,0.8058209852729307,0.2731391224553599,0.05585301727921365,0.375,0.5153773409473836,0.9999999900000016,0.0,0.3782710416691681,0.2967924469824612,ETTh2,raw,15648,15744,raw:15648:6,mid,low
0,0.8649806083348051,0.17608013891393723,0.1591493096313125,0.5,0.8708933066468167,3.7075190523376285,0.45125317463751613,0.4000700189600183,0.607382160428111,ETTh2,raw,15672,15768,raw:15672:0,mid,high
1,0.999999999994805,0.18943808211322222,0.06079934632040674,0.75,0.9602817448631892,3.7075190523376285,0.45125317463751613,0.4167458094761447,0.7205116398335685,ETTh2,raw,15672,15768,raw:15672:1,mid,high
2,0.9097152580490812,0.15670991630798714,0.13753411226710907,0.375,0.8397958740438909,3.7075190523376285,0.45125317463751613,0.4013197622080591,0.5553496828938024,ETTh2,raw,15672,15768,raw:15672:2,mid,mid
3,0.8874009163525834,0.140773518767788,0.0958065752394177,0.5,0.9501644132373557,3.7075190523376285,0.45125317463751613,0.3746603367865964,0.6338058626249573,ETTh2,raw,15672,15768,raw:15672:3,mid,high
4,0.3137093388011273,0.20142810408802522,0.5099315320830744,0.375,0.8604402349123456,3.7075190523376285,0.45125317463751613,0.34168965832407566,0.5622311365166206,ETTh2,raw,15672,15768,raw:15672:4,mid,mid
5,0.483052634702686,0.40207469099661597,0.9324579002459166,0.375,0.8974907211985838,3.7075190523376285,0.45125317463751613,0.6058617419817395,0.5745812986120333,ETTh2,raw,15672,15768,raw:15672:5,high,mid
6,0.43693798218022606,0.0830155517207888,0.6938640593461874,0.25,0.3681529498553034,3.7075190523376285,0.45125317463751613,0.40460586441573404,0.3564687081642732,ETTh2,raw,15672,15768,raw:15672:6,mid,low
0,0.37303970682136456,0.22800965033335915,0.5723278186043393,1.0,0.8899574786143146,2.6807613176778036,0.2801268858127558,0.3911257252530211,0.7233614548090235,ETTh2,raw,15720,15816,raw:15720:0,mid,high
1,0.3442693498017023,0.2439095916256323,0.4096662643528201,1.0,0.8833916269485892,2.6807613176778036,0.2801268858127558,0.3326150685933849,0.7211728375871149,ETTh2,raw,15720,15816,raw:15720:1,mid,high
2,0.15814293637490517,0.20664625869876857,0.48251259598398033,1.0,0.9072818224682302,2.6807613176778036,0.2801268858127558,0.2824339303525514,0.729136236093662,ETTh2,raw,15720,15816,raw:15720:2,low,high
3,0.312884035392221,0.2069694693916879,0.37354160840453965,1.0,0.890508996508923,2.6807613176778036,0.2801268858127558,0.2977983710628162,0.7235452941072262,ETTh2,raw,15720,15816,raw:15720:3,low,high
4,0.2608576150600128,0.17939919517605823,0.5786422323137664,0.5,0.8798786583002777,2.6807613176778036,0.2801268858127558,0.3396330141832791,0.5533351813710111,ETTh2,raw,15720,15816,raw:15720:4,mid,mid
5,0.31470951808750725,0.39030432094909556,0.5595640251959325,0.75,0.937148381582939,2.6807613176778036,0.2801268858127558,0.4215259547441785,0.6557584224652316,ETTh2,raw,15720,15816,raw:15720:5,mid,high
6,0.36308549448195526,0.023176790746600638,0.7268609623184417,0.25,0.2887574363079452,2.6807613176778036,0.2801268858127558,0.3710410825156658,0.27296144070690037,ETTh2,raw,15720,15816,raw:15720:6,mid,low
0,0.3042622463855329,0.1360041688799924,0.5043338453828032,0.875,0.9043227716341746,2.931800640834407,0.32196677293578985,0.3148667535494429,0.7004298481899882,ETTh2,raw,15744,15840,raw:15744:0,low,high
1,0.5802985516747377,0.12047404539881754,0.3529892728778521,0.625,0.8818105668384753,2.931800640834407,0.32196677293578985,0.3512539566504691,0.6095924465914216,ETTh2,raw,15744,15840,raw:15744:1,mid,high
2,0.43469819330893245,0.22732794337618759,0.6030962568438607,1.0,0.9075264562058339,2.931800640834407,0.32196677293578985,0.4217074645096603,0.7431644097138745,ETTh2,raw,15744,15840,raw:15744:2,mid,high
3,0.5278702202973924,0.1419234642814834,0.7207707267682665,1.0,0.9305607258280123,2.931800640834407,0.32196677293578985,0.4635214704490474,0.750842499587934,ETTh2,raw,15744,15840,raw:15744:3,high,high
4,0.1855540096407131,0.15090040774650132,0.4970969503199205,0.5,0.7562053068240687,2.931800640834407,0.32196677293578985,0.2778504559023783,0.5260573599199528,ETTh2,raw,15744,15840,raw:15744:4,low,mid
5,0.5767199566029464,0.17208598401017816,0.527221197303307,0.375,0.7848303205663965,2.931800640834407,0.32196677293578985,0.4253423793054772,0.49393236450072875,ETTh2,raw,15744,15840,raw:15744:5,high,mid
6,0.7314138124387,0.29003028828246735,0.267698315530914,0.25,0.5674104022454729,2.931800640834407,0.32196677293578985,0.42971413875069375,0.37979239172708756,ETTh2,raw,15744,15840,raw:15744:6,high,low
0,0.27037173769360734,0.16454261161378547,0.5662969218626481,0.5,0.8380488070415344,3.3364791685398574,0.38941319410762093,0.33373709039001365,0.5758206670497185,ETTh2,raw,15792,15888,raw:15792:0,mid,mid
1,0.3341111528263223,0.22740010879238623,0.21680400504129102,1.0,0.9484063977236703,3.3364791685398574,0.38941319410762093,0.25943842221999985,0.7792731972770971,ETTh2,raw,15792,15888,raw:15792:1,low,high
2,0.17062989258628847,0.1730888716726678,0.5655871551600187,0.625,0.8335163699601159,3.3364791685398574,0.38941319410762093,0.3031019731396583,0.6159765213559122,ETTh2,raw,15792,15888,raw:15792:2,low,high
3,0.28160181547325003,0.29222161299046884,0.27966707427990223,0.5,0.9721099358363979,3.3364791685398574,0.38941319410762093,0.2844968342478737,0.6205077099813395,ETTh2,raw,15792,15888,raw:15792:3,low,high
4,0.482738549311717,0.09703411113566435,0.11765426985292413,0.5,0.7605391120739962,3.3364791685398574,0.38941319410762093,0.2324756434334352,0.549984102060539,ETTh2,raw,15792,15888,raw:15792:4,low,mid
5,0.5414988910688949,0.14301296335886815,0.385802219878174,0.375,0.7873101280689389,3.3364791685398574,0.38941319410762093,0.3567713581019791,0.5172411073921865,ETTh2,raw,15792,15888,raw:15792:5,mid,mid
6,0.7317994836230758,0.3713056979020356,0.29353498045311843,0.375,0.6728075250169866,3.3364791685398574,0.38941319410762093,0.46554672065940994,0.4790735730415358,ETTh2,raw,15792,15888,raw:15792:6,high,mid
0,0.4741135267732355,0.1401000328964428,0.4705502240014068,0.5,0.843547504308257,3.2861839213190462,0.38103065291812327,0.3615879278903617,0.5748593857421268,ETTh2,raw,15816,15912,raw:15816:0,mid,mid
1,0.6278783947440473,0.20371421112202878,0.6676032393120223,0.75,0.9463468931105351,3.2861839213190462,0.38103065291812327,0.49973194839269947,0.6924591820095527,ETTh2,raw,15816,15912,raw:15816:1,high,high
2,0.377982021803306,0.12616731700844575,0.403645549593214,0.75,0.8587639195203656,3.2861839213190462,0.38103065291812327,0.3025982961349886,0.6632648574794963,ETTh2,raw,15816,15912,raw:15816:2,low,high
3,0.5068826571647438,0.13228931391691462,0.6779896789932268,0.625,0.9844154184354734,3.2861839213190462,0.38103065291812327,0.43905388335829504,0.6634820237845322,ETTh2,raw,15816,15912,raw:15816:3,high,high
4,0.31857712833734675,0.1631816005214509,0.4377983897991551,0.5,0.8258405745279205,3.2861839213190462,0.38103065291812327,0.3065190395526509,0.5689570758153479,ETTh2,raw,15816,15912,raw:15816:4,low,mid
5,0.3200011727796427,0.18947267380421767,0.552852076128065,0.75,0.843802330179562,3.2861839213190462,0.38103065291812327,0.35410864090397515,0.6582776610325618,ETTh2,raw,15816,15912,raw:15816:5,mid,high
6,0.8645556427023315,0.44066833368557684,0.03743763702622984,0.125,0.6215002331308693,3.2861839213190462,0.38103065291812327,0.44755387113804607,0.37584362868299753,ETTh2,raw,15816,15912,raw:15816:6,high,low
0,0.3306772325862426,0.16669226551757005,0.38037676057121006,0.625,0.9026012413710065,3.4941039133112644,0.41568398485907077,0.29258208622500753,0.6477617420766925,ETTh2,raw,15840,15936,raw:15840:0,low,high
1,0.5760728635008866,0.22289316268342552,0.29818607699518834,0.625,0.9263224922173436,3.4941039133112644,0.41568398485907077,0.36571736772650015,0.6556688256921381,ETTh2,raw,15840,15936,raw:15840:1,mid,high
2,0.25136011311500084,0.12497299573673898,0.49223740432953517,0.625,0.9115566499727584,3.4941039133112644,0.41568398485907077,0.28952350439375835,0.6507468782772764,ETTh2,raw,15840,15936,raw:15840:2,low,high
3,0.6813194948024401,0.17721980723363273,0.26827640638221617,0.5,0.883817363749582,3.4941039133112644,0.41568398485907077,0.3756052361394297,0.5998337828695509,ETTh2,raw,15840,15936,raw:15840:3,mid,mid
4,0.5159992499709438,0.2403555854271709,0.580442775679066,0.5,0.7788292694602531,3.4941039133112644,0.41568398485907077,0.44559920369239353,0.5648377514397747,ETTh2,raw,15840,15936,raw:15840:4,high,mid
5,0.4466786234465513,0.22918891607701747,0.25126954802504886,0.75,0.824002243676868,3.4941039133112644,0.41568398485907077,0.30904569584953917,0.663228742845313,ETTh2,raw,15840,15936,raw:15840:5,low,high
6,0.5252211900749268,0.3590313631980501,0.09060302731973113,0.125,0.6910150462999801,3.4941039133112644,0.41568398485907077,0.3249518601975694,0.4105663437196836,ETTh2,raw,15840,15936,raw:15840:6,mid,low
0,0.2720633621627203,0.2606651979539135,0.5390864569113324,0.875,0.8434307534571401,3.402131219364572,0.40035520256017,0.3572716723426554,0.7062619853391033,ETTh2,raw,15888,15984,raw:15888:0,mid,high
1,0.6367450147091549,0.23664427451091233,0.6091991104097632,1.0,0.8302760132988577,3.402131219364572,0.40035520256017,0.49419613320994343,0.7435437386196758,ETTh2,raw,15888,15984,raw:15888:1,high,high
2,0.491860141332064,0.21174616264935764,0.5769830180364506,0.375,0.8184881669342989,3.402131219364572,0.40035520256017,0.4268631073392908,0.531281123164823,ETTh2,raw,15888,15984,raw:15888:2,high,mid
3,0.3918470152641883,0.28397081999748175,0.7909603726561555,1.0,0.8883065643999507,3.402131219364572,0.40035520256017,0.48892606930594185,0.7628872556533736,ETTh2,raw,15888,15984,raw:15888:3,high,high
4,0.5915070456029343,0.12725309442226154,0.2743285972246887,0.625,0.7872701060522909,3.402131219364572,0.40035520256017,0.33102957908329483,0.6042084362041537,ETTh2,raw,15888,15984,raw:15888:4,mid,high
5,0.17234753546293347,0.24239315918618937,0.3559045201620807,0.625,0.7585486932434101,3.402131219364572,0.40035520256017,0.25688173827040117,0.5946346319345267,ETTh2,raw,15888,15984,raw:15888:5,low,mid
6,0.5794207606371049,0.05711778675434972,0.16056081038852582,0.375,0.39763047655492845,3.402131219364572,0.40035520256017,0.26569978592666016,0.39099522637169953,ETTh2,raw,15888,15984,raw:15888:6,low,low
0,0.24109597517945447,0.08611757965384617,0.4928926241658332,0.625,0.809900489732349,3.2293654667981904,0.37156091051376355,0.2733687263330446,0.6021538000820376,ETTh2,raw,15912,16008,raw:15912:0,low,high
1,0.45706652912223866,0.2581103421879246,0.5992132306165318,1.0,0.8427843642146936,3.2293654667981904,0.37156091051376355,0.438130033975565,0.7381150915761524,ETTh2,raw,15912,16008,raw:15912:1,high,high
2,0.08085726530263426,0.06193327017621622,0.4268443325906675,0.375,0.7271965402979633,3.2293654667981904,0.37156091051376355,0.189878289356506,0.491252483603909,ETTh2,raw,15912,16008,raw:15912:2,low,mid
3,0.44488149707798064,0.17035481986031886,0.7107114607083268,0.625,0.8716650559174538,3.2293654667981904,0.37156091051376355,0.44198259254887545,0.6227419888104059,ETTh2,raw,15912,16008,raw:15912:3,high,high
4,0.27978049618030365,0.16519109902646986,0.47190197274842893,0.625,0.8082225818571951,3.2293654667981904,0.37156091051376355,0.3056245226517342,0.6015944974569862,ETTh2,raw,15912,16008,raw:15912:4,low,high
5,0.6823754731433855,0.08178607012884889,0.44819193019928916,0.625,0.661380338744381,3.2293654667981904,0.37156091051376355,0.40411782449050787,0.5526470830860482,ETTh2,raw,15912,16008,raw:15912:5,mid,mid
6,0.4220311420112177,0.01231823286659889,0.4606446709027083,0.25,0.27364936428211445,3.2293654667981904,0.37156091051376355,0.2983313485935083,0.29840342493195937,ETTh2,raw,15912,16008,raw:15912:6,low,low
0,0.3076648222572128,0.1878973766484175,0.4998301270513298,0.25,0.7648992029430552,2.931768448268487,0.3219614075081455,0.33179744198565336,0.4456202034837336,ETTh2,raw,15960,16056,raw:15960:0,mid,mid
1,0.2062590929355339,0.120328306399467,0.5614327510236858,0.5,0.8987166427467019,2.931768448268487,0.3219614075081455,0.2960067167862289,0.5735593500849491,ETTh2,raw,15960,16056,raw:15960:1,low,mid
2,0.3543468126729036,0.11352371047637097,0.5625623150364957,0.375,0.684498033471203,2.931768448268487,0.3219614075081455,0.3434776127285901,0.4604864803264495,ETTh2,raw,15960,16056,raw:15960:2,mid,mid
3,0.19713450813097821,0.15162441661840909,0.6626591493568925,0.125,0.8842812681787858,2.931768448268487,0.3219614075081455,0.33713935803542655,0.44374755856231046,ETTh2,raw,15960,16056,raw:15960:3,mid,mid
4,0.07999419838028421,0.18728049620358686,0.635331631983681,0.625,0.8162013436849844,2.931768448268487,0.3219614075081455,0.3008687755225174,0.5877209170643766,ETTh2,raw,15960,16056,raw:15960:4,low,mid
5,0.5073389675463273,0.1627002104336302,0.47915008014551774,0.375,0.7928305000824141,2.931768448268487,0.3219614075081455,0.3830630860418251,0.49659730253018647,ETTh2,raw,15960,16056,raw:15960:5,mid,mid
6,0.41058396511786444,0.00616133726336336,0.2747695103208403,0.25,0.28535459345599495,2.931768448268487,0.3219614075081455,0.23050493756735602,0.2857720003213801,ETTh2,raw,15960,16056,raw:15960:6,low,low
0,0.49770436588026024,0.09429590466332073,0.39740662388384124,0.25,0.7040218365053881,2.7381571943975405,0.28969286525010196,0.329802298142474,0.41457156725183,ETTh2,raw,15984,16080,raw:15984:0,mid,low
1,0.6275021422030241,0.18747677974218735,0.41937221735822805,0.375,0.8525931912242012,2.7381571943975405,0.28969286525010196,0.41145037976781323,0.5057620188247677,ETTh2,raw,15984,16080,raw:15984:1,mid,mid
2,0.27636838193906066,0.06240197522023307,0.4230609677979852,0.25,0.6443314257611663,2.7381571943975405,0.28969286525010196,0.25394377498575965,0.3946747636704228,ETTh2,raw,15984,16080,raw:15984:2,low,low
3,0.47583463541936255,0.15352503645261206,0.35361079585268307,0.625,0.8319673728292741,2.7381571943975405,0.28969286525010196,0.3276568225748859,0.582220079359792,ETTh2,raw,15984,16080,raw:15984:3,mid,mid
4,0.5181252428319016,0.23546423231432612,0.3133865620247525,0.75,0.894732366495957,2.7381571943975405,0.28969286525010196,0.3556586790569934,0.6448084105820197,ETTh2,raw,15984,16080,raw:15984:4,mid,high
5,0.32601029317712704,0.21699999584452273,0.4441250280920774,0.5,0.850049895651569,2.7381571943975405,0.28969286525010196,0.32904510570457574,0.546580920300557,ETTh2,raw,15984,16080,raw:15984:5,mid,mid
6,0.39166455260873845,0.0813003227845639,0.3784223190391976,0.375,0.4364035577814783,2.7381571943975405,0.28969286525010196,0.2837957314775,0.3670321410105268,ETTh2,raw,15984,16080,raw:15984:6,low,low
0,0.25123083419987846,0.1871197512595592,0.28985211305566566,0.375,0.7258105773601383,3.1612200794519647,0.36020334597498854,0.24273423283836779,0.487004641111709,ETTh2,raw,16008,16104,raw:16008:0,low,mid
1,0.21615332912721563,0.19436990720371394,0.4529177288153457,0.875,0.9262910881742384,3.1612200794519647,0.36020334597498854,0.28781365504875844,0.720498144716409,ETTh2,raw,16008,16104,raw:16008:1,low,high
2,0.14367416879613248,0.18646787517134006,0.22435183661762262,0.25,0.6665556209028461,3.1612200794519647,0.36020334597498854,0.18483129352836505,0.42558632229261156,ETTh2,raw,16008,16104,raw:16008:2,low,mid
3,0.3970346384492256,0.20507420626463257,0.35722689937512975,0.75,0.9129861091247485,3.1612200794519647,0.36020334597498854,0.319778581362996,0.6743964850332457,ETTh2,raw,16008,16104,raw:16008:3,low,high
4,0.147739894771046,0.16137421618219322,0.48974495915720323,0.75,0.9371979905422042,3.1612200794519647,0.36020334597498854,0.26628635670348083,0.6824671121723975,ETTh2,raw,16008,16104,raw:16008:4,low,high
5,0.49936757011109234,0.11917955428740735,0.4173268716077057,0.5,0.8916810341958978,3.1612200794519647,0.36020334597498854,0.34529133200206846,0.5839614600569621,ETTh2,raw,16008,16104,raw:16008:5,mid,mid
6,0.45565591058410004,0.08394641860184134,0.042020809283586855,0.25,0.5001923616357178,3.1612200794519647,0.36020334597498854,0.19387437948984276,0.3701319025369021,ETTh2,raw,16008,16104,raw:16008:6,low,low
0,0.3028292435480887,0.2708020448194567,0.5336186211255393,1.0,0.8595658339106781,2.7122536413470253,0.2853756064155449,0.3690833031643616,0.714980480108741,ETTh2,raw,16056,16152,raw:16056:0,mid,high
1,0.24794573892677252,0.1915644609284255,0.49148918354945553,1.0,0.8281232099028447,2.7122536413470253,0.2853756064155449,0.31033312780155115,0.7044996054394632,ETTh2,raw,16056,16152,raw:16056:1,low,high
2,0.440048956087566,0.28878784543025915,0.5392652575657864,0.625,0.8227939148632701,2.7122536413470253,0.2853756064155449,0.4227006863612039,0.577723173759605,ETTh2,raw,16056,16152,raw:16056:2,mid,mid
3,0.4295607871769145,0.2061272237472394,0.4999114607150367,1.0,0.7823913101785355,2.7122536413470253,0.2853756064155449,0.3785331572130635,0.6892556388646934,ETTh2,raw,16056,16152,raw:16056:3,mid,high
4,0.29177570184400525,0.16575813723560082,0.5343344251576866,1.0,0.8070214307009499,2.7122536413470253,0.2853756064155449,0.33062275474576425,0.6974656790388316,ETTh2,raw,16056,16152,raw:16056:4,mid,high
5,0.26654339981144126,0.14532956703141964,0.37869718226050053,0.375,0.7042744939759383,2.7122536413470253,0.2853756064155449,0.26352338303445383,0.454883366797161,ETTh2,raw,16056,16152,raw:16056:5,low,mid
6,0.626814968923527,0.10183095212896343,0.33694025269752975,0.25,0.4664910345345497,2.7122536413470253,0.2853756064155449,0.3551953912500067,0.3339555469833648,ETTh2,raw,16056,16152,raw:16056:6,mid,low
0,0.21945279836170806,0.13890029688996292,0.5477124247955536,0.75,0.864452373920605,3.2249523647273777,0.3708253935031873,0.3020218400157415,0.6617592558079308,ETTh2,raw,16080,16176,raw:16080:0,low,high
1,0.35468932326292724,0.198851899572811,0.5040614365351818,1.0,0.7898785547204052,3.2249523647273777,0.3708253935031873,0.3525342197903067,0.7202346494078641,ETTh2,raw,16080,16176,raw:16080:1,mid,high
2,0.23026955616213662,0.0956615738322677,0.5989223722420082,0.5,0.8134876316714107,3.2249523647273777,0.3708253935031873,0.3082845007454708,0.5614376750581993,ETTh2,raw,16080,16176,raw:16080:2,low,mid
3,0.14639049437941165,0.16961246121083295,0.45257120424772607,1.0,0.7695108455633716,3.2249523647273777,0.3708253935031873,0.2561913866126569,0.7134454130221863,ETTh2,raw,16080,16176,raw:16080:3,low,high
4,0.18154226320674538,0.1211433664886164,0.5225297914197984,0.5,0.7283641664373471,3.2249523647273777,0.3708253935031873,0.2750718070383867,0.5330631866468448,ETTh2,raw,16080,16176,raw:16080:4,low,mid
5,0.8270802907904469,0.12568260763309702,0.11910475975451058,0.125,0.6749204974897165,3.2249523647273777,0.3708253935031873,0.3572892193926848,0.39024863033096796,ETTh2,raw,16080,16176,raw:16080:5,mid,low
6,0.12024860974874241,0.09975822269581583,0.14574537292891468,0.25,0.4991181434475201,3.2249523647273777,0.3708253935031873,0.12191740179115763,0.37331451231690244,ETTh2,raw,16080,16176,raw:16080:6,low,low
0,0.13818636213337576,0.16435869012688814,0.6835766149967162,0.5,0.8855872927915494,3.8891806921587264,0.48153011455723754,0.32870722241899336,0.6223724691162623,ETTh2,raw,16128,16224,raw:16128:0,mid,high
1,0.48340662216611496,0.15326915760847154,0.5527149023738798,1.0,0.8457212139357831,3.8891806921587264,0.48153011455723754,0.39646356071615546,0.7757504428310069,ETTh2,raw,16128,16224,raw:16128:1,mid,high
2,0.32996774609044444,0.15037841332981913,0.6130624554269398,0.625,0.815288065041231,3.8891806921587264,0.48153011455723754,0.3644695382824012,0.6406060598661562,ETTh2,raw,16128,16224,raw:16128:2,mid,high
3,0.29789183606011405,0.15272245565852244,0.5094562087689849,0.875,0.7726218821187255,3.8891806921587264,0.48153011455723754,0.32002350016254044,0.7097173322253211,ETTh2,raw,16128,16224,raw:16128:3,low,high
4,0.17156179322925547,0.1690383073215681,0.4553419670909391,0.5,0.7950732848896329,3.8891806921587264,0.48153011455723754,0.2653140225472542,0.5922011331489568,ETTh2,raw,16128,16224,raw:16128:4,low,mid
5,0.8648448414930403,0.10763621492231298,0.8264314858546269,0.125,0.745756852598016,3.8891806921587264,0.48153011455723754,0.5996375140899933,0.4507623223850845,ETTh2,raw,16128,16224,raw:16128:5,high,mid
6,0.6590705047582806,0.09191613409838971,0.7867976406860213,0.25,0.5888103763831221,3.8891806921587264,0.48153011455723754,0.5125947598475639,0.44011349698011987,ETTh2,raw,16128,16224,raw:16128:6,high,mid
0,0.3460383390332823,0.1359068672055622,0.49946325739333236,0.25,0.7663446422518304,3.8221389057690174,0.47035648351090875,0.327136154544059,0.4955670419209131,ETTh2,raw,16152,16248,raw:16152:0,mid,mid
1,0.2792658000964445,0.21120203629724882,0.3998491058441588,1.0,0.8557137667306369,3.8221389057690174,0.47035648351090875,0.296772314079284,0.7753567500805153,ETTh2,raw,16152,16248,raw:16152:1,low,high
2,0.378790211674892,0.17414334442319346,0.4314930326191435,0.375,0.7321305381725823,3.8221389057690174,0.47035648351090875,0.3281421962390763,0.5258290072278303,ETTh2,raw,16152,16248,raw:16152:2,mid,mid
3,0.2740326684083997,0.22026872368621717,0.44025235409507135,1.0,0.803428949585913,3.8221389057690174,0.47035648351090875,0.31151791539656276,0.7579284776989406,ETTh2,raw,16152,16248,raw:16152:3,low,high
4,0.16542503679164655,0.11937635566252444,0.46608140935380654,0.625,0.8100700172403347,3.8221389057690174,0.47035648351090875,0.25029426726932585,0.6351421669170811,ETTh2,raw,16152,16248,raw:16152:4,low,high
5,0.7223549233242073,0.2627080355680806,0.526392772963656,0.25,0.9006704493563582,3.8221389057690174,0.47035648351090875,0.5038185772853147,0.5403423109557557,ETTh2,raw,16152,16248,raw:16152:5,high,mid
6,0.6425475165506769,0.18551555744860698,0.2969939708278167,0.25,0.8198548238352296,3.8221389057690174,0.47035648351090875,0.37501901494236684,0.5134037691153795,ETTh2,raw,16152,16248,raw:16152:6,mid,mid
0,0.2511729754192812,0.1844939327509014,0.5254755417099796,0.625,0.8752677892078926,3.84307831257483,0.4738463846393943,0.32038081662672074,0.6580380579490956,ETTh2,raw,16176,16272,raw:16176:0,low,high
1,0.3494479415586744,0.1385060104065711,0.5165266058412333,1.0,0.8652770125001024,3.84307831257483,0.4738463846393943,0.3348268526021596,0.7797077990464989,ETTh2,raw,16176,16272,raw:16176:1,mid,high
2,0.2978863903252126,0.14279179672773307,0.5149966339329024,0.5,0.8468255860069679,3.84307831257483,0.4738463846393943,0.3185582736619494,0.6068906568821207,ETTh2,raw,16176,16272,raw:16176:2,low,high
3,0.45530085087270933,0.18138733731477247,0.517680308754916,1.0,0.8587462698438415,3.84307831257483,0.4738463846393943,0.3847894989807992,0.7775308848277452,ETTh2,raw,16176,16272,raw:16176:3,mid,high
4,0.4210055269478682,0.13658384155508874,0.44964286638302353,0.625,0.9111975589453658,3.84307831257483,0.4738463846393943,0.3357440782953269,0.6700146478615867,ETTh2,raw,16176,16272,raw:16176:4,mid,high
5,0.7804836537892942,0.16042135514971007,0.3790847463449222,0.5,0.9085300136868616,3.84307831257483,0.4738463846393943,0.4399965850946422,0.6274587994420854,ETTh2,raw,16176,16272,raw:16176:5,high,high
6,0.6949866612544411,0.8253445685267821,0.36923805269265497,0.125,0.655766818522938,3.84307831257483,0.4738463846393943,0.6298564274912927,0.4182044010541108,ETTh2,raw,16176,16272,raw:16176:6,high,mid
0,0.25466356618828156,0.2154322894223383,0.6630361548864002,1.0,0.8586860718080764,3.4184678851685275,0.4030779801896246,0.37771067016567333,0.7539213506659004,ETTh2,raw,16224,16320,raw:16224:0,mid,high
1,0.27363130866639085,0.3036213754449406,0.7229995082393523,1.0,0.8597254004979368,3.4184678851685275,0.4030779801896246,0.43341739745022795,0.7542677935625205,ETTh2,raw,16224,16320,raw:16224:1,high,high
2,0.17306023171532325,0.1378600798869615,0.6323440535740924,0.875,0.8372488471176073,3.4184678851685275,0.4030779801896246,0.3144214550587924,0.7051089424357441,ETTh2,raw,16224,16320,raw:16224:2,low,high
3,0.22589302170176329,0.3362835583320627,0.5874994173406095,1.0,0.8848249864269131,3.4184678851685275,0.4030779801896246,0.38322533245814516,0.7626343222055126,ETTh2,raw,16224,16320,raw:16224:3,mid,high
4,0.23058112802165376,0.09170279262033149,0.5137193180272088,0.25,0.9042035068469892,3.4184678851685275,0.4030779801896246,0.27866774622306467,0.5190938290122046,ETTh2,raw,16224,16320,raw:16224:4,low,mid
5,0.7812495002006513,0.11397049334595147,0.9700597385904243,0.375,0.8834414644847056,3.4184678851685275,0.4030779801896246,0.6217599107123424,0.5538398148914435,ETTh2,raw,16224,16320,raw:16224:5,high,mid
6,0.19189281173355466,0.023657167853486698,0.1694832835541074,0.25,0.3551190745934959,3.4184678851685275,0.4030779801896246,0.1283444210470496,0.33606568492770683,ETTh2,raw,16224,16320,raw:16224:6,low,low
0,0.3857664824707754,0.22191602867421467,0.6216414098623195,0.75,0.8321278796372427,3.622163676138633,0.43702727862806007,0.4097746403357698,0.6730517194217676,ETTh2,raw,16248,16344,raw:16248:0,mid,high
1,0.279547097438428,0.25524290811594086,0.43453058677621054,1.0,0.8425882203951499,3.622163676138633,0.43702727862806007,0.3231068641101931,0.7598718330077366,ETTh2,raw,16248,16344,raw:16248:1,low,high
2,0.24578270805460567,0.1688620786022516,0.5816339414331209,0.375,0.7944785690001955,3.622163676138633,0.43702727862806007,0.332092909363326,0.5355019492094185,ETTh2,raw,16248,16344,raw:16248:2,mid,mid
3,0.3096865075407663,0.17342028693328562,0.5162699485668107,1.0,0.7719173949266405,3.622163676138633,0.43702727862806007,0.3331255810136209,0.7363148911849002,ETTh2,raw,16248,16344,raw:16248:3,mid,high
4,0.2909452382169818,0.25826550661891556,0.0924572238033879,0.375,0.8132882150672653,3.622163676138633,0.43702727862806007,0.21388932287976178,0.5417718312317751,ETTh2,raw,16248,16344,raw:16248:4,low,mid
5,0.2496195183886264,0.28013087871393816,0.13400529300539354,0.25,0.835199967089396,3.622163676138633,0.43702727862806007,0.2212518967026527,0.5074090819058187,ETTh2,raw,16248,16344,raw:16248:5,low,mid
6,0.4546006154618488,0.07072160932800042,0.5337219486146129,0.25,0.4744273395186619,3.622163676138633,0.43702727862806007,0.353014724468154,0.3871515393822407,ETTh2,raw,16248,16344,raw:16248:6,mid,low
0,0.45736923343036806,0.15043842960906978,0.5935972232542382,0.625,0.8701076215676044,3.127354378530138,0.3545590624974245,0.4004682954312253,0.6165555613550097,ETTh2,raw,16296,16392,raw:16296:0,mid,high
1,0.23303561673028028,0.21884923106020657,0.5218734395778668,1.0,0.9119086976140861,3.127354378530138,0.3545590624974245,0.32458609578945125,0.7554892533705035,ETTh2,raw,16296,16392,raw:16296:1,mid,high
2,0.41207567169647874,0.09694539376844043,0.4971783038913265,0.125,0.7484623261736137,3.127354378530138,0.3545590624974245,0.33539978978541524,0.4093404628903461,ETTh2,raw,16296,16392,raw:16296:2,mid,low
3,0.3572845816296166,0.351403806076544,0.5585606802479753,0.875,0.9144817526109009,3.127354378530138,0.3545590624974245,0.422416355984712,0.7146802717027753,ETTh2,raw,16296,16392,raw:16296:3,mid,high
4,0.22009815637729457,0.1886430219639304,0.3678574674273709,0.125,0.7046222502015144,3.127354378530138,0.3545590624974245,0.25886621525619863,0.39472710423297963,ETTh2,raw,16296,16392,raw:16296:4,low,low
5,0.07575293979505038,0.19261529677893907,0.326502124882957,0.375,0.8462861001636603,3.127354378530138,0.3545590624974245,0.19829012048564879,0.5252817208870283,ETTh2,raw,16296,16392,raw:16296:5,low,mid
6,0.7309738975610914,0.4219251332023728,0.4631251334461055,0.25,0.6006239519347663,3.127354378530138,0.3545590624974245,0.53867472140319,0.40172767147739696,ETTh2,raw,16296,16392,raw:16296:6,high,low
0,0.6400989711329128,0.28210312513092106,0.6715986992362399,0.5,0.7939130250145411,3.139351871958356,0.3565586447321283,0.5312669318333579,0.5501572232488897,ETTh2,raw,16320,16416,raw:16320:0,high,mid
1,0.5672232901902954,0.21537930540066824,0.467146731219489,1.0,0.8809390283579117,3.139351871958356,0.3565586447321283,0.41658310893681755,0.74583255769668,ETTh2,raw,16320,16416,raw:16320:1,mid,high
2,0.5901101102857436,0.15773249213218016,0.6132363705920365,0.375,0.691234589314408,3.139351871958356,0.3565586447321283,0.45369299100332006,0.47426441134884545,ETTh2,raw,16320,16416,raw:16320:2,high,mid
3,0.4707674547568975,0.27931226977527135,0.583374651986902,1.0,0.8488028829556816,3.139351871958356,0.3565586447321283,0.44448479217302356,0.73512050922927,ETTh2,raw,16320,16416,raw:16320:3,high,high
4,0.5271516791337671,0.11537146127351273,0.20066980545187912,0.125,0.7198604413605947,3.139351871958356,0.3565586447321283,0.2810643152863863,0.40047302869757434,ETTh2,raw,16320,16416,raw:16320:4,low,low
5,0.2784575010059066,0.16811050026989816,0.5878862185683469,0.5,0.8345825290874076,3.139351871958356,0.3565586447321283,0.34481807328138386,0.5637137246065119,ETTh2,raw,16320,16416,raw:16320:5,mid,mid
6,0.7025840938136525,0.2507991263571048,0.5177466636212312,0.25,0.5042581151865498,3.139351871958356,0.3565586447321283,0.4903766279306628,0.370272253306226,ETTh2,raw,16320,16416,raw:16320:6,high,low
0,0.6146650282512952,0.09453322498922162,0.7840181886449071,0.375,0.6656311561500956,3.0457259199498874,0.3409543194233907,0.49773881396180797,0.46052849185782874,ETTh2,raw,16344,16440,raw:16344:0,high,mid
1,0.5310285050005727,0.1699158284943995,0.6441259900775193,0.625,0.893631985200751,3.0457259199498874,0.3409543194233907,0.4483567745241639,0.6198621015413806,ETTh2,raw,16344,16440,raw:16344:1,high,high
2,0.5433572611102373,0.0640776559750176,0.7898877494935056,0.25,0.5852093338522871,3.0457259199498874,0.3409543194233907,0.4657742221929202,0.39205455109189263,ETTh2,raw,16344,16440,raw:16344:2,high,low
3,0.5554916889767314,0.20955519714479082,0.6266261036817458,0.375,0.8303605332487962,3.0457259199498874,0.3409543194233907,0.46389099660108934,0.5154382842240622,ETTh2,raw,16344,16440,raw:16344:3,high,mid
4,0.11085072898504833,0.10971424323809263,0.3744903420441965,0.25,0.6981780093850694,3.0457259199498874,0.3409543194233907,0.19835177142244584,0.42971077626948667,ETTh2,raw,16344,16440,raw:16344:4,low,mid
5,0.36611309200737097,0.12753593732015955,0.3587219117145839,0.5,0.84917560404764,3.0457259199498874,0.3409543194233907,0.28412364701403814,0.5633766411570104,ETTh2,raw,16344,16440,raw:16344:5,low,mid
6,0.555268289003437,0.054339696610036736,0.7997655054674125,0.25,0.36304253569610095,3.0457259199498874,0.3409543194233907,0.4697911636936287,0.3179989517064972,ETTh2,raw,16344,16440,raw:16344:6,high,low
0,0.5707659312584032,0.21400144747905456,0.6236334613563529,0.125,0.757523334174648,2.5669731488400953,0.2611621910380789,0.4694669466979369,0.38122850840424233,ETTh2,raw,16392,16488,raw:16392:0,high,low
1,0.48093735455679487,0.2200720584388628,0.6999377069769024,0.75,0.8532877045939044,2.5669731488400953,0.2611621910380789,0.4669823733241867,0.6214832985439944,ETTh2,raw,16392,16488,raw:16392:1,high,high
2,0.42736165796379255,0.1571410703567659,0.44646456041046906,0.125,0.6759217882953131,2.5669731488400953,0.2611621910380789,0.3436557629103425,0.3540279931111307,ETTh2,raw,16392,16488,raw:16392:2,mid,low
3,0.4957037111321436,0.11991183182151322,0.5320704395732925,0.375,0.7972150912384174,2.5669731488400953,0.2611621910380789,0.38256199417564973,0.4777924274254987,ETTh2,raw,16392,16488,raw:16392:3,mid,mid
4,0.24809349231580202,0.22662222733010312,0.2916877410771516,0.25,0.8279897908949125,2.5669731488400953,0.2611621910380789,0.25546782024101894,0.4463839939776639,ETTh2,raw,16392,16488,raw:16392:4,low,mid
5,0.46549269860226916,0.1313725609217583,0.3923866034819484,0.75,0.8957545812822242,2.5669731488400953,0.2611621910380789,0.329750621001992,0.6356389241067677,ETTh2,raw,16392,16488,raw:16392:5,mid,high
6,0.4073542620590722,0.2221400178863399,0.29133453369797546,0.375,0.6447022842272294,2.5669731488400953,0.2611621910380789,0.3069429378811292,0.4269548250884361,ETTh2,raw,16392,16488,raw:16392:6,low,mid
0,0.5064504199599513,0.13078681930218133,0.40097381418892836,0.375,0.7995416349373968,2.5812489381097783,0.26354148924572723,0.3460703511503536,0.47936104139437474,ETTh2,raw,16416,16512,raw:16416:0,mid,mid
1,0.5650140828495832,0.20535158682540985,0.39707143926010385,0.75,0.9210486371924507,2.5812489381097783,0.26354148924572723,0.38914570297836565,0.6448633754793927,ETTh2,raw,16416,16512,raw:16416:1,mid,high
2,0.45384109439741793,0.06428401276781551,0.35152045123451175,0.25,0.6917140915025529,2.5812489381097783,0.26354148924572723,0.289881852799915,0.4017518602494267,ETTh2,raw,16416,16512,raw:16416:2,low,low
3,0.6200865117051177,0.10089239325974488,0.49463913906698564,0.5,0.8366382479687642,2.5812489381097783,0.26354148924572723,0.40520601467728273,0.5333932457381638,ETTh2,raw,16416,16512,raw:16416:3,mid,mid
4,0.44173595528062737,0.17994458912970585,0.5048154474466592,0.625,0.8988033422423057,2.5812489381097783,0.26354148924572723,0.3754986639523308,0.595781610496011,ETTh2,raw,16416,16512,raw:16416:4,mid,mid
5,0.868455236308051,0.12239445647490273,0.5756386725669075,0.75,0.9832360854030875,2.5812489381097783,0.26354148924572723,0.5221627884499537,0.6655925248829383,ETTh2,raw,16416,16512,raw:16416:5,high,high
6,0.8361977186314647,0.11311540962402694,0.033524813087606124,0.375,0.5858473089046216,2.5812489381097783,0.26354148924572723,0.32761264711436594,0.40812959938344956,ETTh2,raw,16416,16512,raw:16416:6,mid,low
0,0.42307800554786534,0.23135912443931528,0.438686729247848,0.875,0.8653682094362523,3.1768892334982866,0.36281487164502296,0.36437461974500956,0.7010610270270917,ETTh2,raw,16464,16560,raw:16464:0,mid,high
1,0.47103059045485474,0.3583624557897487,0.39143474593248234,1.0,0.9674452342631926,3.1768892334982866,0.36281487164502296,0.40694259739236194,0.7767533686360718,ETTh2,raw,16464,16560,raw:16464:1,mid,high
2,0.6074967960132008,0.25642793252483337,0.3293315989864892,0.5,0.7822381202777711,3.1768892334982866,0.36281487164502296,0.3977521091748411,0.5483509973075981,ETTh2,raw,16464,16560,raw:16464:2,mid,mid
3,0.5726952698084795,0.2507589784927631,0.3826967934659063,1.0,0.922731829252309,3.1768892334982866,0.36281487164502296,0.40205034725571626,0.7618489002991106,ETTh2,raw,16464,16560,raw:16464:3,mid,high
4,0.3812983842543184,0.11653235136016786,0.4114447895255053,0.5,0.7469244524827228,3.1768892334982866,0.36281487164502296,0.30309184171333053,0.5365797747092486,ETTh2,raw,16464,16560,raw:16464:4,low,mid
5,0.8896958335126428,0.18239096597014018,0.2679781899989245,0.375,0.8663421384211542,3.1768892334982866,0.36281487164502296,0.4466883298272358,0.5347190033553924,ETTh2,raw,16464,16560,raw:16464:5,high,mid
6,0.796026491664213,0.09059315995678699,0.08197071684978191,0.25,0.7793108725190698,3.1768892334982866,0.36281487164502296,0.3228634561569273,0.4640419147213643,ETTh2,raw,16464,16560,raw:16464:6,low,mid
0,0.6772739094511746,0.08127495120788295,0.421220138141308,0.5,0.9196899912324502,3.7811821377799606,0.46353035552410954,0.39325633293345524,0.6277401155855199,ETTh2,raw,16488,16584,raw:16488:0,mid,high
1,0.24972729774708813,0.19760654918462706,0.4414742734704678,1.0,0.9331869705928382,3.7811821377799606,0.46353035552410954,0.2962693734673943,0.798905775372316,ETTh2,raw,16488,16584,raw:16488:1,low,high
2,0.6889186232044839,0.20812174226880548,0.3623831991595669,1.0,0.9248141847478666,3.7811821377799606,0.46353035552410954,0.4198078548776188,0.7961148467573254,ETTh2,raw,16488,16584,raw:16488:2,mid,high
3,0.31718814805114237,0.1995417884894759,0.3587263981324896,1.0,0.871590765440184,3.7811821377799606,0.46353035552410954,0.2918187782243693,0.7783737069880979,ETTh2,raw,16488,16584,raw:16488:3,low,high
4,0.07223408843390822,0.0825157969656026,0.42104589668838893,0.625,0.7287479325961673,3.7811821377799606,0.46353035552410954,0.19193192736263323,0.6057594293734255,ETTh2,raw,16488,16584,raw:16488:4,low,high
5,0.6740599519321662,0.17448809058908993,0.3813629545988855,0.75,0.8547183533526282,3.7811821377799606,0.46353035552410954,0.40997033237338054,0.6894162362922459,ETTh2,raw,16488,16584,raw:16488:5,mid,high
6,0.7236035695422098,0.1756927825736596,0.2781108264216662,0.375,0.7637785255833129,3.7811821377799606,0.46353035552410954,0.3924690595125118,0.5341029603691408,ETTh2,raw,16488,16584,raw:16488:6,mid,mid
0,0.33113634365873057,0.13129033085419906,0.45100237923532077,0.375,0.9057920669240602,3.054173071423852,0.34236217800003843,0.3044763512494168,0.5410514149746996,ETTh2,raw,16536,16632,raw:16536:0,low,mid
1,0.34735248412334097,0.23551833696401603,0.5211448025131609,1.0,0.9804441708932854,3.054173071423852,0.34236217800003843,0.36800520786683927,0.7742687829644413,ETTh2,raw,16536,16632,raw:16536:1,mid,high
2,0.12930520634885267,0.12482902984648525,0.48820611541630826,0.375,0.8934423217939607,3.054173071423852,0.34236217800003843,0.24744678387054875,0.5369348332646663,ETTh2,raw,16536,16632,raw:16536:2,low,mid
3,0.5655376689356422,0.2931075898270288,0.30731849508667,1.0,0.9494744564156683,3.054173071423852,0.34236217800003843,0.3886545846164469,0.7639455448052356,ETTh2,raw,16536,16632,raw:16536:3,mid,high
4,0.26712918859842616,0.15707891189820997,0.4707425475948859,0.375,0.8086583365235416,3.054173071423852,0.34236217800003843,0.298316882697174,0.5086735048411933,ETTh2,raw,16536,16632,raw:16536:4,low,mid
5,0.9668339391694766,0.2903025496183044,0.14006458637658548,0.75,0.9200711045135589,3.054173071423852,0.34236217800003843,0.46573369172145546,0.670811094171199,ETTh2,raw,16536,16632,raw:16536:5,high,high
6,0.7962128849754241,0.5421849691350973,0.5530360388675855,0.125,0.6002429883881971,3.054173071423852,0.34236217800003843,0.6304779643260356,0.3558683887960785,ETTh2,raw,16536,16632,raw:16536:6,high,low
0,0.7228480304955243,0.22765658763112795,0.41298033101260995,1.0,0.9262775422920113,3.8975450469000688,0.4829241736784712,0.4544949830464207,0.8030672386568275,ETTh2,raw,16560,16656,raw:16560:0,high,high
1,0.5376439174245199,0.15921601094945137,0.20831964766863292,1.0,0.9237687640495443,3.8975450469000688,0.4829241736784712,0.30172652534753475,0.802230979242672,ETTh2,raw,16560,16656,raw:16560:1,low,high
2,0.7184022945810901,0.23381228291152104,0.5350171315072293,1.0,0.871840313548754,3.8975450469000688,0.4829241736784712,0.4957439029999468,0.7849214957424083,ETTh2,raw,16560,16656,raw:16560:2,high,high
3,0.578362196437701,0.20648300161695166,0.15379556984771042,1.0,0.9337119898824456,3.8975450469000688,0.4829241736784712,0.3128802559674544,0.8055453878536389,ETTh2,raw,16560,16656,raw:16560:3,low,high
4,0.3256801612228728,0.09627445555484035,0.32842622279327705,0.75,0.7972855087633101,3.8975450469000688,0.4829241736784712,0.2501269465236634,0.6767365608139272,ETTh2,raw,16560,16656,raw:16560:4,low,high
5,0.9187648433979081,0.20934334778133967,0.40275276677282873,0.875,0.9473948759648508,3.8975450469000688,0.4829241736784712,0.5102869859840254,0.7684396832144408,ETTh2,raw,16560,16656,raw:16560:5,high,high
6,0.31890531109277875,0.13989061044479095,0.20906252000917472,0.25,0.6849487032436246,3.8975450469000688,0.4829241736784712,0.22261948051558147,0.4726242923073653,ETTh2,raw,16560,16656,raw:16560:6,low,mid
0,0.8221112688931914,0.18373337047206129,0.2685282156024636,1.0,0.943357521024659,2.480587130619476,0.24676452135863847,0.4247909516559054,0.7300406807944325,ETTh2,raw,16584,16680,raw:16584:0,high,high
1,0.20481595924959473,0.2422249285084691,0.6443113561118554,1.0,0.864677741124494,2.480587130619476,0.24676452135863847,0.3637840812899731,0.7038140874943775,ETTh2,raw,16584,16680,raw:16584:1,mid,high
2,0.5686028875250069,0.20349782729163285,0.6190654361096875,0.875,0.9079329367475331,2.480587130619476,0.24676452135863847,0.4637220503087757,0.6765658193687237,ETTh2,raw,16584,16680,raw:16584:2,high,high
3,0.3482851743257278,0.20794261179687537,0.4041316294361558,1.0,0.8692349440991317,2.480587130619476,0.24676452135863847,0.320119805186253,0.7053331551525902,ETTh2,raw,16584,16680,raw:16584:3,low,high
4,0.3549869039006893,0.10440721827043475,0.5434684574106688,0.5,0.7658880189704158,2.480587130619476,0.24676452135863847,0.3342875265272643,0.5042175134430181,ETTh2,raw,16584,16680,raw:16584:4,mid,mid
5,0.9394846905920103,0.22381126405451174,0.29344934806011314,0.625,0.9331388834899655,2.480587130619476,0.24676452135863847,0.48558176756887833,0.601634468282868,ETTh2,raw,16584,16680,raw:16584:5,high,high
6,0.611741281962898,0.18734955839873396,0.21803098239600596,0.125,0.4896808437171221,2.480587130619476,0.24676452135863847,0.33904060758587934,0.2871484550252535,ETTh2,raw,16584,16680,raw:16584:6,mid,low
0,0.5603859100388178,0.24380953115708875,0.5042590702872167,0.5,0.8961672981273481,3.0595785814745105,0.34326309634031327,0.43615150382770773,0.5798101314892204,ETTh2,raw,16632,16728,raw:16632:0,high,mid
1,0.5198927228194754,0.31248294862628057,0.1327551132159621,1.0,0.9597603282391229,3.0595785814745105,0.34326309634031327,0.32171026155390603,0.767674474859812,ETTh2,raw,16632,16728,raw:16632:1,low,high
2,0.31926819244661353,0.11594265498083091,0.4352420463176952,0.125,0.7399242742888428,3.0595785814745105,0.34326309634031327,0.29015096458171324,0.40272912354305196,ETTh2,raw,16632,16728,raw:16632:2,low,low
3,0.39710783756412893,0.39204781138483946,0.1430017512863373,0.875,0.9833337135330514,3.0595785814745105,0.34326309634031327,0.31071913341176854,0.7338656032911216,ETTh2,raw,16632,16728,raw:16632:3,low,high
4,0.35675055376288045,0.07095310150481057,0.32063497291148996,0.5,0.6381610404915977,3.0595785814745105,0.34326309634031327,0.24944620939306036,0.49380804561063707,ETTh2,raw,16632,16728,raw:16632:4,low,mid
5,0.40173340553539727,0.16662874811590045,0.3708818132632341,0.5,0.8406815194074753,3.0595785814745105,0.34326309634031327,0.3130813223048439,0.5613148719159295,ETTh2,raw,16632,16728,raw:16632:5,low,mid
6,0.5593593001149004,0.407972648213388,0.6876624740716647,0.25,0.6268848710310512,3.0595785814745105,0.34326309634031327,0.551664807466651,0.40671598912378815,ETTh2,raw,16632,16728,raw:16632:6,high,low
0,0.6575812406496904,0.17909205189523478,0.5391859291980227,0.875,0.8839648687718019,2.860451230955863,0.31007520464251853,0.4586197405809826,0.6896800244714401,ETTh2,raw,16656,16752,raw:16656:0,high,high
1,0.6913408026822095,0.3304927141980093,0.519790589051126,0.875,0.9510149584170116,2.860451230955863,0.31007520464251853,0.5138747019771149,0.7120300543531767,ETTh2,raw,16656,16752,raw:16656:1,high,high
2,0.4073368691074112,0.11909313145269343,0.5089804408054075,0.125,0.7542023733982527,2.860451230955863,0.31007520464251853,0.345136813788504,0.3964258593469237,ETTh2,raw,16656,16752,raw:16656:2,mid,low
3,0.5168240102946954,0.3393635309075017,0.4953216558964264,0.875,0.9738677281153698,2.860451230955863,0.31007520464251853,0.4505030656995412,0.7196476442526295,ETTh2,raw,16656,16752,raw:16656:3,high,high
4,0.289464405874749,0.07638619085739154,0.46779132052566824,0.25,0.610040525820634,2.860451230955863,0.31007520464251853,0.27788063908593624,0.3900385768210508,ETTh2,raw,16656,16752,raw:16656:4,low,low
5,0.6784617551044703,0.14633304074820885,0.4397809211085628,0.375,0.703790377992187,2.860451230955863,0.31007520464251853,0.42152523898708066,0.46295519421156855,ETTh2,raw,16656,16752,raw:16656:5,mid,mid
6,0.48988182061547025,0.06898664024616266,0.7011214968454429,0.125,0.4097283552408244,2.860451230955863,0.31007520464251853,0.4199966525690253,0.281601186627781,ETTh2,raw,16656,16752,raw:16656:6,mid,low
0,0.9685200160204008,0.22625143309025278,0.47088369791510587,0.75,0.9359676910702552,1.6076779678776827,0.10127966114414769,0.5552183823419198,0.595749117404801,ETTh2,raw,16704,16800,raw:16704:0,high,mid
1,0.9999999956915362,0.30282194255596784,0.6413944685027949,1.0,0.9268316478608345,1.6076779678776827,0.10127966114414769,0.6480721355834329,0.6760371030016606,ETTh2,raw,16704,16800,raw:16704:1,high,high
2,0.9865369545858768,0.23751144882988984,0.38074399941693704,0.5,0.8709721622824582,1.6076779678776827,0.10127966114414769,0.5349308009442345,0.49075060780886864,ETTh2,raw,16704,16800,raw:16704:2,high,mid
3,0.9659270792380577,0.38171094032832076,0.7002448413145076,1.0,0.9467046550307474,1.6076779678776827,0.10127966114414769,0.6826276202936287,0.6826614387249651,ETTh2,raw,16704,16800,raw:16704:3,high,high
4,0.9999999962078447,0.2764770907532889,0.8067688549726675,0.25,0.6960491360347041,1.6076779678776827,0.10127966114414769,0.6944153139779337,0.3491095990596173,ETTh2,raw,16704,16800,raw:16704:4,high,low
5,0.9999999984639824,0.31701660137634213,0.32564424936900316,0.625,0.8722052851454257,1.6076779678776827,0.10127966114414769,0.5475536164031092,0.5328283154298578,ETTh2,raw,16704,16800,raw:16704:5,high,mid
6,0.9999999976560536,0.19902809521736115,0.07372483210222958,0.375,0.49539443725112525,1.6076779678776827,0.10127966114414769,0.4242509749918814,0.3238913661317576,ETTh2,raw,16704,16800,raw:16704:6,high,low
0,0.9780703389827222,0.32010731071745835,0.9433710863596718,0.625,0.9351938017679197,2.754537838226108,0.2924229725503131,0.7471829120199508,0.6175389247727442,ETTh2,raw,16728,16824,raw:16728:0,high,high
1,0.9999999921725559,0.3258313548580052,0.3074864593171568,1.0,0.9330746299551136,2.754537838226108,0.2924229725503131,0.5444392687825726,0.7418325341684756,ETTh2,raw,16728,16824,raw:16728:1,high,high
2,0.9999999973849973,0.347667638456758,0.7383753869380477,0.375,0.874009631611651,2.754537838226108,0.2924229725503131,0.6953476742599344,0.513810868053988,ETTh2,raw,16728,16824,raw:16728:2,high,mid
3,0.9334845267025708,0.353712557897504,0.06291791462774374,1.0,0.879641401071256,2.754537838226108,0.2924229725503131,0.4500383330759395,0.7240214578738563,ETTh2,raw,16728,16824,raw:16728:3,high,high
4,0.9490263131935873,0.27598420524591233,0.1255282801991133,0.375,0.8214155955117801,2.754537838226108,0.2924229725503131,0.45017959954620435,0.4962795226873644,ETTh2,raw,16728,16824,raw:16728:4,high,mid
5,0.7779389217698545,0.3026363892386578,0.00013445010671560542,0.25,0.8733224465380249,2.754537838226108,0.2924229725503131,0.3602365870384093,0.4719151396961127,ETTh2,raw,16728,16824,raw:16728:5,mid,mid
6,0.9647332469634948,0.21164057406701492,0.7155567998539096,0.375,0.5467697033242841,2.754537838226108,0.2924229725503131,0.6306435402948064,0.40473089195819906,ETTh2,raw,16728,16824,raw:16728:6,high,low
0,0.9770707708834309,0.2239077813609186,0.4999999999778481,0.125,0.9273599861931253,2.0102004691009174,0.16836674456954168,0.5669928507407326,0.4069089102542223,ETTh2,raw,16752,16848,raw:16752:0,high,low
1,0.9999999968674632,0.2877206313711051,0.47630303891716297,1.0,0.9294466423152001,2.0102004691009174,0.16836674456954168,0.5880078890519104,0.6992711289615806,ETTh2,raw,16752,16848,raw:16752:1,high,high
2,0.9860573672707853,0.23580319892310636,0.49999999995502337,0.125,0.8594961916860729,2.0102004691009174,0.16836674456954168,0.5739535220496383,0.3842876454185382,ETTh2,raw,16752,16848,raw:16752:2,high,low
3,0.954052297976614,0.29555120662707624,0.49535654432297405,1.0,0.9167744427705418,2.0102004691009174,0.16836674456954168,0.5816533496422215,0.6950470624466946,ETTh2,raw,16752,16848,raw:16752:3,high,high
4,0.9999999963873492,0.08931741948717763,0.4999999998960249,0.375,0.8950015741094044,2.0102004691009174,0.16836674456954168,0.5297724719235172,0.47945610622631535,ETTh2,raw,16752,16848,raw:16752:4,high,mid
5,0.9999999949821483,0.18507138261557482,0.49842095374652945,0.375,0.8559756686491836,2.0102004691009174,0.16836674456954168,0.5611641104480841,0.46644747107290835,ETTh2,raw,16752,16848,raw:16752:5,high,mid
6,0.9999999981109678,0.1777708993816529,0.49999999995267363,0.25,0.5365140654392747,2.0102004691009174,0.16836674456954168,0.5592569658150982,0.31829360333627216,ETTh2,raw,16752,16848,raw:16752:6,high,low
0,0.23821705814544347,0.22854780620153192,0.6446678215996087,0.625,0.828120648702265,3.0352925823575037,0.33921542982755826,0.3704775619821947,0.597445359509941,ETTh2,raw,16800,16896,raw:16800:0,mid,mid
1,0.03644447622601621,0.11518299135972707,0.5542550886336094,1.0,0.9081705248375209,3.0352925823575037,0.33921542982755826,0.2352941854064509,0.7491286515550263,ETTh2,raw,16800,16896,raw:16800:1,low,high
2,0.19733874381629835,0.1566139536501063,0.5485902319028546,0.75,0.7260806302901522,3.0352925823575037,0.33921542982755826,0.30084764312308643,0.6050986867059035,ETTh2,raw,16800,16896,raw:16800:2,low,high
3,0.15976997681392846,0.1774530545281598,0.46811635333990226,1.0,0.8769358352489417,3.0352925823575037,0.33921542982755826,0.2684464615606635,0.7387170883588333,ETTh2,raw,16800,16896,raw:16800:3,low,high
4,0.5283734771866742,0.0800935977424343,0.24332229322073165,0.375,0.7900288465720678,3.0352925823575037,0.33921542982755826,0.28392978938328,0.5014147587998754,ETTh2,raw,16800,16896,raw:16800:4,low,mid
5,0.1052801777099448,0.14496688456138174,0.3209559998616787,0.125,0.7429348053110238,3.0352925823575037,0.33921542982755826,0.19040102071100176,0.4023834117128607,ETTh2,raw,16800,16896,raw:16800:5,low,low
6,0.10053405641419222,0.04361887969523885,0.297459490072031,0.25,0.3916712670231885,3.0352925823575037,0.33921542982755826,0.14720414206048735,0.3269622322835823,ETTh2,raw,16800,16896,raw:16800:6,low,low
0,0.18866463623510366,0.113777097230197,0.4123658530854669,0.5,0.8588567957820775,2.898551648752142,0.3164252742646482,0.23826919551692252,0.5584273566822419,ETTh2,raw,16824,16920,raw:16824:0,low,mid
1,0.3130263315836561,0.22440244033839596,0.43682151441248435,0.75,0.9315293201521907,2.898551648752142,0.3164252742646482,0.32475009544484545,0.665984864805613,ETTh2,raw,16824,16920,raw:16824:1,mid,high
2,0.4584438411039665,0.1863722731997892,0.4321216596624331,0.625,0.8721832354962381,2.898551648752142,0.3164252742646482,0.35897925798872965,0.6045361699202955,ETTh2,raw,16824,16920,raw:16824:2,mid,high
3,0.15878375647641008,0.290256982968233,0.45345687257506795,0.875,0.9673334635824106,2.898551648752142,0.3164252742646482,0.30083253733990367,0.7195862459490195,ETTh2,raw,16824,16920,raw:16824:3,low,high
4,0.4200267055027528,0.09926218353032547,0.5281916214421728,0.25,0.664326827977262,2.898551648752142,0.3164252742646482,0.34916017015841705,0.41025070074730335,ETTh2,raw,16824,16920,raw:16824:4,mid,low
5,0.9344274965749326,0.18534427796531583,0.42647035858915494,0.125,0.7838497704370772,2.898551648752142,0.3164252742646482,0.5154140443764678,0.4084250149005751,ETTh2,raw,16824,16920,raw:16824:5,high,low
6,0.09136845987801079,0.01595198758994426,0.34444765740785055,0.25,0.42189936730343963,2.898551648752142,0.3164252742646482,0.1505893682919352,0.32944154718936264,ETTh2,raw,16824,16920,raw:16824:6,low,low
0,0.5822062897977713,0.22187205061807871,0.8963867055499134,0.375,0.9080954294869307,2.8828479762912718,0.31380799552553196,0.5668216819885878,0.5323011416708209,ETTh2,raw,16872,16968,raw:16872:0,high,mid
1,0.09359824506360348,0.34558780388515775,0.7486846083608709,0.625,0.9582277162800139,2.8828479762912718,0.31380799552553196,0.3959568857698774,0.6323452372685153,ETTh2,raw,16872,16968,raw:16872:1,mid,high
2,0.7079596435838331,0.3808719738813696,0.8264085168859043,0.375,0.9103048270336545,2.8828479762912718,0.31380799552553196,0.6384133781170357,0.5330376075197288,ETTh2,raw,16872,16968,raw:16872:2,high,mid
3,0.38583761299906005,0.25554312820403124,0.6978201153777092,0.75,0.9523458543291902,2.8828479762912718,0.31380799552553196,0.4464002855269335,0.6720512832849074,ETTh2,raw,16872,16968,raw:16872:3,high,high
4,0.8116408516461471,0.1881966961736368,0.5608042034912036,0.375,0.8222898550249819,2.8828479762912718,0.31380799552553196,0.5202139171036625,0.503699283516838,ETTh2,raw,16872,16968,raw:16872:4,high,mid
5,0.6837225074703781,0.21358249720201522,0.3721706074333906,0.75,0.8060858189125699,2.8828479762912718,0.31380799552553196,0.42315853736859466,0.623297938146034,ETTh2,raw,16872,16968,raw:16872:5,high,high
6,0.574310794985102,0.09459298778973578,0.5282031576123315,0.25,0.4382540544103944,2.8828479762912718,0.31380799552553196,0.39903564679572306,0.33402068331197543,ETTh2,raw,16872,16968,raw:16872:6,mid,low
0,0.23714929807993035,0.14939016572836705,0.6663052457425662,0.375,0.8810912837704797,2.6700095053413704,0.27833491709300356,0.35094823651695456,0.5114754002878278,ETTh2,raw,16896,16992,raw:16896:0,mid,mid
1,0.40802582169009505,0.26875842783550563,0.6029390507558229,0.5,0.9392586058603767,2.6700095053413704,0.27833491709300356,0.42657443342714113,0.5725311743177934,ETTh2,raw,16896,16992,raw:16896:1,high,mid
2,0.3962495704926998,0.17194523342898244,0.6694436546128655,0.25,0.8700515417700341,2.6700095053413704,0.27833491709300356,0.41254615284484925,0.46612881962101255,ETTh2,raw,16896,16992,raw:16896:2,mid,mid
3,0.24219209914214124,0.2711378062857961,0.4681590705484258,0.375,0.9457721255719874,2.6700095053413704,0.27833491709300356,0.32716299199212107,0.5330356808883303,ETTh2,raw,16896,16992,raw:16896:3,mid,mid
4,0.4205541350396744,0.21943125370165784,0.42249884518132796,0.5,0.8670772228481297,2.6700095053413704,0.27833491709300356,0.35416141130755346,0.5484707133137111,ETTh2,raw,16896,16992,raw:16896:4,mid,mid
5,0.5078499607759496,0.16867561484169397,0.6196012841677035,0.875,0.8764685006399255,2.6700095053413704,0.27833491709300356,0.4320422865951157,0.6766011392443096,ETTh2,raw,16896,16992,raw:16896:5,high,high
6,0.40185656540303105,0.058415784799935075,0.5448383575774145,0.25,0.5477660830493167,2.6700095053413704,0.27833491709300356,0.33503690259346025,0.35870033338077345,ETTh2,raw,16896,16992,raw:16896:6,mid,low
0,0.6657583581625092,0.19402967376889063,0.5226017977343227,0.375,0.8710839495384655,2.620547289339842,0.27009121443982165,0.4607966098885741,0.5053917213260957,ETTh2,raw,16920,17016,raw:16920:0,high,mid
1,0.25062171250481735,0.283386505759075,0.5209351267387754,1.0,0.8652243322018816,2.620547289339842,0.27009121443982165,0.3516477816675559,0.7117718488805678,ETTh2,raw,16920,17016,raw:16920:1,mid,high
2,0.588451424899415,0.17071272832531947,0.42350409884148355,0.25,0.7647555538273272,2.620547289339842,0.27009121443982165,0.3942227506887394,0.42828225608904963,ETTh2,raw,16920,17016,raw:16920:2,mid,mid
3,0.25207123489674244,0.19325449724162896,0.5033833358723361,0.75,0.8550779720987511,2.620547289339842,0.27009121443982165,0.3162363560035692,0.6250563955128575,ETTh2,raw,16920,17016,raw:16920:3,low,high
4,0.747881169715702,0.1601610574004623,0.2673843014574471,0.25,0.8233650296768763,2.620547289339842,0.27009121443982165,0.3918088428578705,0.4478187480388994,ETTh2,raw,16920,17016,raw:16920:4,mid,mid
5,0.7285773520853176,0.21091435823232366,0.2627209747749403,0.875,0.9187877806415534,2.620547289339842,0.27009121443982165,0.4007375616975272,0.687959665027125,ETTh2,raw,16920,17016,raw:16920:5,mid,high
6,0.4539532773436975,0.6078659839491771,0.07469471352719208,0.125,0.6623840224758322,2.620547289339842,0.27009121443982165,0.3788379916066889,0.3524917456385513,ETTh2,raw,16920,17016,raw:16920:6,mid,low
0,0.49623767933546903,0.23517714046925192,0.5807379608499664,0.5,0.8641654503826327,1.5296910755896165,0.08828184578446634,0.4373842602182291,0.4841490987223664,ETTh2,raw,16968,17064,raw:16968:0,high,mid
1,0.30398439330517135,0.3000635625113832,0.46533414689050523,1.0,0.7935298504246551,1.5296910755896165,0.08828184578446634,0.35646070090235327,0.6272705654030405,ETTh2,raw,16968,17064,raw:16968:1,mid,high
2,0.40570237244677576,0.1941234632654419,0.4940556831852557,0.375,0.7747971753033249,1.5296910755896165,0.08828184578446634,0.36462717296582453,0.41269300702926376,ETTh2,raw,16968,17064,raw:16968:2,mid,low
3,0.18525222920862217,0.27324650385234134,0.6569887105549791,0.875,0.8007059827564337,1.5296910755896165,0.08828184578446634,0.37182914787198085,0.5879959428469667,ETTh2,raw,16968,17064,raw:16968:3,mid,mid
4,0.40680726053810634,0.09774325245499785,0.4181612122705619,0.125,0.699186832052819,1.5296910755896165,0.08828184578446634,0.3075705750878887,0.30415622594576175,ETTh2,raw,16968,17064,raw:16968:4,low,low
5,0.2476687361571931,0.3320198984434937,0.49999999998693584,0.5,0.9261394871976859,1.5296910755896165,0.08828184578446634,0.35989621152920753,0.5048071109940507,ETTh2,raw,16968,17064,raw:16968:5,mid,mid
6,0.3637334400006563,0.5827904204896717,0.12656578552770711,0.125,0.6737829202715414,1.5296910755896165,0.08828184578446634,0.35769654867267836,0.29568825535200255,ETTh2,raw,16968,17064,raw:16968:6,mid,low
0,0.5949827540796342,0.13261178682142322,0.6919672824866596,0.75,0.8868641027165094,1.3365580021447634,0.05609300026397223,0.4731872744625723,0.5643190343268272,ETTh2,raw,16992,17088,raw:16992:0,high,mid
1,0.5837685175510918,0.1401138697325549,0.6445413812849758,1.0,0.8170074369860088,1.3365580021447634,0.05609300026397223,0.4561412561895408,0.6243668124166603,ETTh2,raw,16992,17088,raw:16992:1,high,high
2,0.5868832335886999,0.1319761717897029,0.5346860702045403,0.25,0.7594177661589604,1.3365580021447634,0.05609300026397223,0.41784849186098105,0.3551702554743108,ETTh2,raw,16992,17088,raw:16992:2,mid,low
3,0.4635701975070474,0.1573107153734282,0.6138588506322753,1.0,0.8114499312781065,1.3365580021447634,0.05609300026397223,0.411579921170917,0.6225143105140262,ETTh2,raw,16992,17088,raw:16992:3,mid,high
4,0.1602648208830899,0.08757424782264286,0.29424379744593976,0.375,0.6843401582368621,1.3365580021447634,0.05609300026397223,0.18069428871722418,0.3718110528336114,ETTh2,raw,16992,17088,raw:16992:4,low,low
5,0.9235477529957392,0.311910416345293,0.1660665348284424,0.625,0.8131684932794866,1.3365580021447634,0.05609300026397223,0.4671749013898249,0.49808716451448626,ETTh2,raw,16992,17088,raw:16992:5,high,mid
6,0.7756195273117474,0.9165930715834084,0.5590154267125006,0.125,0.6902735250727666,1.3365580021447634,0.05609300026397223,0.7504093418692187,0.2904555084455796,ETTh2,raw,16992,17088,raw:16992:6,high,low
0,0.5112348322566604,0.15916556679007998,0.741685602954612,0.5,0.8862212778818537,2.8296882447549314,0.30494804028424183,0.47069533400045077,0.5637231060553652,ETTh2,raw,17040,17136,raw:17040:0,high,mid
1,0.2904346862599314,0.23571079735366102,0.4622177061230892,1.0,0.9631575078150523,2.8296882447549314,0.30494804028424183,0.32945439657889386,0.7560351826997648,ETTh2,raw,17040,17136,raw:17040:1,mid,high
2,0.287920800727664,0.1696307092997132,0.5764350320697323,0.25,0.8202099811074239,2.8296882447549314,0.30494804028424183,0.3446621806990365,0.4583860071305552,ETTh2,raw,17040,17136,raw:17040:2,mid,mid
3,0.23247804409082384,0.24858291944669034,0.6046097649471953,1.0,0.9523587296524976,2.8296882447549314,0.30494804028424183,0.36189024282823645,0.7524355899789131,ETTh2,raw,17040,17136,raw:17040:3,mid,high
4,0.3325051248432892,0.1359662679254424,0.5135691571887065,0.25,0.6888402347294502,2.8296882447549314,0.30494804028424183,0.3273468499858127,0.41459609167123074,ETTh2,raw,17040,17136,raw:17040:4,mid,low
5,0.6455486800277583,0.08382393834075548,0.27767496530525887,0.25,0.6417206444224802,2.8296882447549314,0.30494804028424183,0.3356825278912576,0.39888956156890737,ETTh2,raw,17040,17136,raw:17040:5,mid,low
6,0.1983503934850478,0.011730274200131511,0.2092588499755109,0.25,0.2754939431243548,2.8296882447549314,0.30494804028424183,0.13977983922023007,0.2768139944695322,ETTh2,raw,17040,17136,raw:17040:6,low,low
0,0.34450518845682554,0.1645644382182579,0.5839300836145447,0.625,0.9216803230638537,2.0112524315433458,0.1685420716429875,0.36433323676320933,0.5717407982356137,ETTh2,raw,17064,17160,raw:17064:0,mid,mid
1,0.38937781550174266,0.25316599108157023,0.5718770015292157,1.0,0.9781077429980003,2.0112524315433458,0.1685420716429875,0.4048069360375095,0.7155499382136625,ETTh2,raw,17064,17160,raw:17064:1,mid,high
2,0.20321758649384147,0.24172142031808355,0.6216638570321706,0.5,0.888101323599858,2.0112524315433458,0.1685420716429875,0.3555342879480319,0.5188811317476152,ETTh2,raw,17064,17160,raw:17064:2,mid,mid
3,0.3134431529848355,0.359071752462765,0.5846303416858045,1.0,0.9726096666865063,2.0112524315433458,0.1685420716429875,0.419048415711135,0.7137172461098312,ETTh2,raw,17064,17160,raw:17064:3,mid,high
4,0.19541651905668922,0.10091406248094441,0.5327035042179254,0.375,0.6937030701491564,2.0112524315433458,0.1685420716429875,0.27634469525185307,0.412415047264048,ETTh2,raw,17064,17160,raw:17064:4,low,low
5,0.9948448414700474,0.19407559216361842,0.394755016525739,0.375,0.7254044689205769,2.0112524315433458,0.1685420716429875,0.5278918167198016,0.4229821801878548,ETTh2,raw,17064,17160,raw:17064:5,high,mid
6,0.1685451904746229,0.009524009047131597,0.306292073799325,0.25,0.2404014030155737,2.0112524315433458,0.1685420716429875,0.16145375777369317,0.21964782488618706,ETTh2,raw,17064,17160,raw:17064:6,low,low
0,0.04849317148373222,0.11490786592582365,0.7676045304769823,0.375,0.881845326363332,1.9783512870722315,0.1630585475736077,0.3103351892955127,0.4733012913123133,ETTh2,raw,17112,17208,raw:17112:0,low,mid
1,0.1793142244842829,0.12465596715476679,0.340560840391363,0.375,0.9128548054591055,1.9783512870722315,0.1630585475736077,0.2148436773434709,0.4836377843442377,ETTh2,raw,17112,17208,raw:17112:1,low,mid
2,0.24028955225259563,0.10059628595696993,0.8390212504838853,0.375,0.8935400045314168,1.9783512870722315,0.1630585475736077,0.39330236289781695,0.4771995173683415,ETTh2,raw,17112,17208,raw:17112:2,mid,mid
3,0.19104159384471742,0.16990799775352322,0.4565657679509903,0.375,0.9001432024515065,1.9783512870722315,0.1630585475736077,0.2725051198497436,0.47940058334170477,ETTh2,raw,17112,17208,raw:17112:3,low,mid
4,0.1798359184101117,0.14808040900128366,0.48997911099817226,0.375,0.7264217729333438,1.9783512870722315,0.1630585475736077,0.2726318128031892,0.4214934401689838,ETTh2,raw,17112,17208,raw:17112:4,low,mid
5,0.9993806626234056,0.12384916902003114,0.4253885007788554,0.25,0.7943161765273686,1.9783512870722315,0.1630585475736077,0.5162061108074307,0.4024582413669921,ETTh2,raw,17112,17208,raw:17112:5,high,low
6,0.36939738092097907,0.038899473923486444,0.14596632559489522,0.25,0.33968146391656023,1.9783512870722315,0.1630585475736077,0.18475439347978692,0.2509133371633893,ETTh2,raw,17112,17208,raw:17112:6,low,low
0,0.6315685026499188,0.21241676662272915,0.34912802150773814,0.5,0.8800025268404377,1.3570895143855188,0.05951491896506161,0.3977044302601287,0.47983914860183313,ETTh2,raw,17136,17232,raw:17136:0,mid,mid
1,0.5821595395346069,0.22735234713575447,0.1936315413069028,0.875,0.9433372984233933,1.3570895143855188,0.05951491896506161,0.3343811426590881,0.625950739129485,ETTh2,raw,17136,17232,raw:17136:1,mid,high
2,0.6920045705528448,0.1272686679547532,0.2927189207471593,0.5,0.8549143807501727,1.3570895143855188,0.05951491896506161,0.37066405308491907,0.47147643323841143,ETTh2,raw,17136,17232,raw:17136:2,mid,mid
3,0.7306523414553601,0.14581864202102923,0.17749728757625594,0.875,0.9358147244908782,1.3570895143855188,0.05951491896506161,0.3513227570175484,0.6234432144853133,ETTh2,raw,17136,17232,raw:17136:3,mid,high
4,0.22433404415768154,0.15134596872445108,0.39239128124991296,0.125,0.7861197676935515,1.3570895143855188,0.05951491896506161,0.25602376471068183,0.323544895552871,ETTh2,raw,17136,17232,raw:17136:4,low,low
5,0.9636385619103427,0.16789897559349853,0.33241574738630997,0.25,0.8421017771689674,1.3570895143855188,0.05951491896506161,0.487984428296717,0.38387223204467635,ETTh2,raw,17136,17232,raw:17136:5,high,low
6,0.37262076828407387,0.04180636745462085,0.4624944568734254,0.25,0.42786838951698675,1.3570895143855188,0.05951491896506161,0.2923071975373734,0.24579443616068278,ETTh2,raw,17136,17232,raw:17136:6,low,low
0,0.5606670818591235,0.20974300205824992,0.42786588858781627,0.75,0.9634872373276169,1.5830052705725923,0.09716754493348614,0.39942532416839654,0.6035515940870343,ETTh2,raw,17160,17256,raw:17160:0,mid,high
1,0.4899196382748068,0.19649043021016638,0.5624546021920237,0.75,0.9766981665266181,1.5830052705725923,0.09716754493348614,0.4162882235589989,0.6079552371533681,ETTh2,raw,17160,17256,raw:17160:1,mid,high
2,0.44815745486020064,0.19355962707889107,0.4583397029405736,0.625,0.9625779865558534,1.5830052705725923,0.09716754493348614,0.3666855949598884,0.5615818438297798,ETTh2,raw,17160,17256,raw:17160:2,mid,mid
3,0.3916911618404879,0.19538423350979314,0.6038302325282487,0.75,0.9665231401867967,1.5830052705725923,0.09716754493348614,0.39696854262617665,0.604563561706761,ETTh2,raw,17160,17256,raw:17160:3,mid,high
4,0.45363853451013847,0.20585732300241513,0.49718007942781245,0.125,0.7938840895599293,1.5830052705725923,0.09716754493348614,0.3855586456467887,0.3386838781644718,ETTh2,raw,17160,17256,raw:17160:4,mid,low
5,0.9953041815161968,0.28196393300010797,0.6820932155211978,0.625,0.8237134706546299,1.5830052705725923,0.09716754493348614,0.6531204433458342,0.5152936718627054,ETTh2,raw,17160,17256,raw:17160:5,high,mid
6,0.2537002472459974,0.33556166568193313,0.25693651200221546,0.25,0.7407724069316075,1.5830052705725923,0.09716754493348614,0.282066141643382,0.3626466506216979,ETTh2,raw,17160,17256,raw:17160:6,low,low
0,0.4861596753825108,0.18209299779380156,0.759936128788284,0.875,0.9006192976811133,2.1531105292485826,0.19218508788778862,0.47606293398819877,0.655934795189634,ETTh2,raw,17208,17304,raw:17208:0,high,high
1,0.3175893637207634,0.35455290728454947,0.4370182570863694,0.5,0.8980008020494927,2.1531105292485826,0.19218508788778862,0.3697201760305608,0.5300619633124272,ETTh2,raw,17208,17304,raw:17208:1,mid,mid
2,0.5145745291540271,0.20833409184138504,0.8254463484619458,0.5,0.9036945184175883,2.1531105292485826,0.19218508788778862,0.5161183231524527,0.5319598687684589,ETTh2,raw,17208,17304,raw:17208:2,high,mid
3,0.46710268939792143,0.21454664109888866,0.2945027455996367,0.625,0.8921377537587736,2.1531105292485826,0.19218508788778862,0.3253840253654823,0.569774280548854,ETTh2,raw,17208,17304,raw:17208:3,mid,mid
4,0.4938474762158105,0.14529657449010258,0.29429727986423443,0.125,0.7271956783111257,2.1531105292485826,0.19218508788778862,0.31114711019004915,0.3481269220663048,ETTh2,raw,17208,17304,raw:17208:4,low,low
5,0.9792728035075278,0.29143881002640143,0.3373366923333994,0.25,0.8291133655593159,2.1531105292485826,0.19218508788778862,0.5360161019557762,0.4237661511490349,ETTh2,raw,17208,17304,raw:17208:5,high,mid
6,0.3998039506920086,0.2965063406501345,0.20057987205655886,0.25,0.6734939567008541,2.1531105292485826,0.19218508788778862,0.29896338779956727,0.3718930148628809,ETTh2,raw,17208,17304,raw:17208:6,low,low
0,0.5096510117182569,0.2264904767649597,0.5391511884165532,0.5,0.9020657026001597,2.920668856678575,0.3201114755795767,0.42509755896658996,0.5740590593932454,ETTh2,raw,17232,17328,raw:17232:0,high,mid
1,0.6015452090863767,0.39395460193247606,0.40142232832924263,0.75,0.9014903342532917,2.920668856678575,0.3201114755795767,0.4656407131160318,0.6572006032776228,ETTh2,raw,17232,17328,raw:17232:1,high,high
2,0.29725386148640043,0.2986587594582022,0.5515021814435571,0.625,0.8987501914208395,2.920668856678575,0.3201114755795767,0.3824716007960533,0.6146205556668053,ETTh2,raw,17232,17328,raw:17232:2,mid,high
3,0.5386395889309452,0.43467641202594937,0.5169053754702382,0.75,0.9203190038277562,2.920668856678575,0.3201114755795767,0.49674045880904427,0.663476826469111,ETTh2,raw,17232,17328,raw:17232:3,high,high
4,0.4373709640517611,0.12532871865681422,0.3495772488438417,0.125,0.7307949082250786,2.920668856678575,0.3201114755795767,0.3040923105174724,0.39196879460155176,ETTh2,raw,17232,17328,raw:17232:4,low,low
5,0.9478349006335759,0.1490109919069343,0.1142571018461023,0.375,0.8613894033683791,2.920668856678575,0.3201114755795767,0.40370099812887084,0.5188336263159853,ETTh2,raw,17232,17328,raw:17232:5,mid,mid
6,0.38502187873629556,0.08713072291167331,0.0947049896386146,0.25,0.6758119959586084,2.920668856678575,0.3201114755795767,0.18895253042886118,0.4153078238460617,ETTh2,raw,17232,17328,raw:17232:6,low,low
0,0.19675061178564301,0.12179804188176024,0.4733015467022531,0.75,0.9249213842731245,2.7046615190675736,0.28411025270441187,0.2639500667898855,0.6530105456591788,ETTh2,raw,17280,17376,raw:17280:0,low,high
1,0.1882500005740141,0.22410715388476252,0.48572926214015233,1.0,0.9389564244721225,2.7046615190675736,0.28411025270441187,0.29936213886630963,0.7410222257255114,ETTh2,raw,17280,17376,raw:17280:1,low,high
2,0.15245506894987337,0.10841521755912319,0.43525604348441393,0.375,0.8483357251487796,2.7046615190675736,0.28411025270441187,0.2320421099978035,0.5024819926177305,ETTh2,raw,17280,17376,raw:17280:2,low,mid
3,0.30579245445338965,0.20519196814158747,0.5081712774344012,1.0,0.9177406768502745,2.7046615190675736,0.28411025270441187,0.33971856667645944,0.7339503098515622,ETTh2,raw,17280,17376,raw:17280:3,mid,high
4,0.11853022522201317,0.19278461278839504,0.5453555482452589,0.5,0.700907681432376,2.7046615190675736,0.28411025270441187,0.28555679541855566,0.495005978045596,ETTh2,raw,17280,17376,raw:17280:4,low,mid
5,0.12411661706949895,0.15265761555856686,0.5189105773028883,0.375,0.7577060251769046,2.7046615190675736,0.28411025270441187,0.2652282699769847,0.4722720926271055,ETTh2,raw,17280,17376,raw:17280:5,low,mid
6,0.20664646315163182,0.6222456812585471,0.14239846107392942,0.125,0.7009996907739562,2.7046615190675736,0.28411025270441187,0.3237635351613694,0.3700366478261227,ETTh2,raw,17280,17376,raw:17280:6,mid,low
0,0.8034869887236566,0.3075922576041995,0.6486717739865845,0.5,0.923947674943935,3.279684910472373,0.37994748444548304,0.5865836734381468,0.6012983864631394,ETTh2,raw,17304,17400,raw:17304:0,high,high
1,0.5947509016813965,0.24021903960345364,0.5386080230717861,1.0,0.9594668120636921,3.279684910472373,0.37994748444548304,0.45785932145221214,0.7798047655030583,ETTh2,raw,17304,17400,raw:17304:1,high,high
2,0.7086974251649196,0.2188996267399973,0.541234132089983,0.5,0.8948189868802608,3.279684910472373,0.37994748444548304,0.48961039466496664,0.591588823775248,ETTh2,raw,17304,17400,raw:17304:2,high,mid
3,0.36852987870474185,0.19065740126066527,0.5124313200427546,1.0,0.9438628041146017,3.279684910472373,0.37994748444548304,0.3572062000027206,0.7746034295200283,ETTh2,raw,17304,17400,raw:17304:3,mid,high
4,0.13734915861752173,0.13115884002206102,0.4399420553109359,0.625,0.8603118646558195,3.279684910472373,0.37994748444548304,0.2361500179835062,0.621753116367101,ETTh2,raw,17304,17400,raw:17304:4,low,high
5,0.6585146501333701,0.24182527518240265,0.41200682136798616,0.5,0.7986916157413122,3.279684910472373,0.37994748444548304,0.4374489155612529,0.5595463667289318,ETTh2,raw,17304,17400,raw:17304:5,high,mid
6,0.6641572134968565,0.5069055199916841,0.7082170992406166,0.25,0.779963486840197,3.279684910472373,0.37994748444548304,0.6264266109097191,0.46997032376189335,ETTh2,raw,17304,17400,raw:17304:6,high,mid
