channel,u_change,u_spectral,u_surprise,m_peak,m_band,channel_effective_rank,m_channel,U,M,dataset,segment,window_start,window_stop,unit_id,U_bucket,M_bucket
0,0.9115947745553358,0.07164614641671585,0.6587400091968921,0.0,0.667218479804962,1.4992135013880505,0.08320225009267133,0.5473269767229813,0.2501402432992111,ILI,raw,0,48,raw:0:0,high,mid
1,0.936861773448747,0.08409818541167002,0.6141013291588817,0.0,0.6986182215353542,1.4992135013880505,0.08320225009267133,0.5450204293397662,0.26060682387600853,ILI,raw,0,48,raw:0:1,high,mid
2,0.9373484998146239,0.050117943794712516,0.5711221024225079,0.125,0.6726057490513615,1.4992135013880505,0.08320225009267133,0.5195295153439481,0.2936026663813443,ILI,raw,0,48,raw:0:2,high,mid
3,0.9629133492981933,0.06841358650641992,0.9113302075115679,0.125,0.7286548735675865,1.4992135013880505,0.08320225009267133,0.6475523811053937,0.31228570788675264,ILI,raw,0,48,raw:0:3,high,mid
4,0.9643975710409592,0.04684958263309129,0.8279188730471663,0.125,0.6825513841020424,1.4992135013880505,0.08320225009267133,0.6130553422404056,0.2969178780649046,ILI,raw,0,48,raw:0:4,high,mid
5,0.9913965024707319,0.11950163262096727,0.2850089241825763,0.0,0.53138371151327,1.4992135013880505,0.08320225009267133,0.46530235309142515,0.20486198720198046,ILI,raw,0,48,raw:0:5,high,low
6,0.9895958191324719,0.17764695980584472,0.42170409265841596,0.125,0.6900005796951096,1.4992135013880505,0.08320225009267133,0.5296489571989108,0.29940094326259364,ILI,raw,0,48,raw:0:6,high,mid
0,0.9397095679848377,0.12497225886250209,0.12955245159849857,0.25,0.8176537658661136,1.3117275003401125,0.05195458330342779,0.39807809281527945,0.37320278305651383,ILI,raw,4,52,raw:4:0,mid,high
1,0.9709395145102688,0.13922033641418943,0.15225702002127225,0.25,0.7702305928813971,1.3117275003401125,0.05195458330342779,0.4208056236485769,0.357395058728275,ILI,raw,4,52,raw:4:1,mid,high
2,0.9808614872459154,0.034052724359702455,0.158362949652736,0.125,0.7310185081175414,1.3117275003401125,0.05195458330342779,0.391092387086118,0.3026576971403231,ILI,raw,4,52,raw:4:2,mid,mid
3,0.9762514397584668,0.05023770864836623,0.2751614244997565,0.125,0.7549426244402344,1.3117275003401125,0.05195458330342779,0.4338835243021965,0.31063240258122077,ILI,raw,4,52,raw:4:3,mid,mid
4,0.9926503522098008,0.030433209652465227,0.27096496047624646,0.125,0.7292537753862427,1.3117275003401125,0.05195458330342779,0.43134950744617084,0.30206945289655684,ILI,raw,4,52,raw:4:4,mid,mid
5,0.9980536393861655,0.04934275654035486,0.26632208123273576,0.0,0.7622024387414016,1.3117275003401125,0.05195458330342779,0.43790615905308544,0.2713856740149431,ILI,raw,4,52,raw:4:5,mid,mid
6,0.9993584533218819,0.12694750001511418,0.3077714778511636,0.25,0.8260907810310035,1.3117275003401125,0.05195458330342779,0.47802581039605324,0.3760151214448105,ILI,raw,4,52,raw:4:6,high,high
0,0.9362328912770479,0.0705096042221356,0.025263652004676708,0.25,0.8621297771013582,1.5343662280645864,0.08906103786232934,0.3440020491679534,0.4003969383212292,ILI,raw,8,56,raw:8:0,low,high
1,0.9388259850665115,0.09009563013365382,0.027134341106026052,0.25,0.8174007320096961,1.5343662280645864,0.08906103786232934,0.3520186521020638,0.38548725662400846,ILI,raw,8,56,raw:8:1,mid,high
2,0.9682398201394345,0.16433917390128636,0.01845971043142662,0.125,0.7641471037409259,1.5343662280645864,0.08906103786232934,0.3836795681573825,0.3260693805344184,ILI,raw,8,56,raw:8:2,mid,high
3,0.9697984285421984,0.09206493366967976,0.15281212110394182,0.25,0.7747066570776727,1.5343662280645864,0.08906103786232934,0.40489182777194,0.37125589831333405,ILI,raw,8,56,raw:8:3,mid,high
4,0.9845501323316306,0.14098160595335357,0.06854601721754963,0.125,0.782040794327297,1.5343662280645864,0.08906103786232934,0.39802591850084457,0.3320339440632088,ILI,raw,8,56,raw:8:4,mid,high
5,0.9913238099219355,0.25370369350852184,0.19434409313867532,0.125,0.8504176536219307,1.5343662280645864,0.08906103786232934,0.47979053218971085,0.35482623049475337,ILI,raw,8,56,raw:8:5,high,high
6,0.9966991598063153,0.1483298786374525,0.2851224756712845,0.125,0.8847978763057063,1.5343662280645864,0.08906103786232934,0.47671717137168407,0.36628630472267854,ILI,raw,8,56,raw:8:6,high,high
0,0.9269332100396337,0.1500299161079472,0.04756298622489542,0.0,0.5740925158314901,1.251512410745823,0.04191873505443929,0.3748420374574921,0.20533708362864314,ILI,raw,12,60,raw:12:0,mid,low
1,0.9101437471304428,0.1545682748661807,0.01835107366385463,0.0,0.6546137969292393,1.251512410745823,0.04191873505443929,0.36102103188682605,0.2321775106612262,ILI,raw,12,60,raw:12:1,mid,mid
2,0.9625913653499225,0.14883987332245158,0.0622583195965278,0.0,0.6142485449232898,1.251512410745823,0.04191873505443929,0.3912298527563007,0.21872242665924305,ILI,raw,12,60,raw:12:2,mid,low
3,0.9597412713745329,0.16598459311684832,0.12174138487100548,0.0,0.7467119528545583,1.251512410745823,0.04191873505443929,0.4158224164541289,0.26287689596966585,ILI,raw,12,60,raw:12:3,mid,mid
4,0.98043778701369,0.17347790660153428,0.0704103839817851,0.125,0.6819839359644122,1.251512410745823,0.04191873505443929,0.4081086925323365,0.28296755700628384,ILI,raw,12,60,raw:12:4,mid,mid
5,0.9758462748502827,0.049382751169774725,0.007504199296778576,0.0,0.5636034585773246,1.251512410745823,0.04191873505443929,0.3442444084389453,0.201840731210588,ILI,raw,12,60,raw:12:5,low,low
6,0.9896287493115141,0.04186596626495234,0.09586168451061591,0.0,0.6116349596431337,1.251512410745823,0.04191873505443929,0.3757854666956941,0.2178512315658577,ILI,raw,12,60,raw:12:6,mid,low
0,0.40642273813505736,0.034378854019322204,0.12275761103765835,0.0,0.5733075955680103,1.1114606524331225,0.01857677537455913,0.1878530677306793,0.1972947903141898,ILI,raw,16,64,raw:16:0,low,low
1,0.2587215668239521,0.04230853489807887,0.16182454544519284,0.0,0.6200225181344525,1.1114606524331225,0.01857677537455913,0.1542848823890746,0.21286643116967055,ILI,raw,16,64,raw:16:1,low,low
2,0.3107358207634795,0.04134193746481696,0.2699421133540114,0.0,0.6605339042745547,1.1114606524331225,0.01857677537455913,0.20733995719410261,0.22637022654970462,ILI,raw,16,64,raw:16:2,low,mid
3,0.20803395138256175,0.0347658835617614,0.3287299199578592,0.0,0.6019557670185097,1.1114606524331225,0.01857677537455913,0.19050991830072747,0.20684418079768963,ILI,raw,16,64,raw:16:3,low,low
4,0.1392826209076392,0.03423130424484633,0.3005160488322646,0.0,0.6306218956031432,1.1114606524331225,0.01857677537455913,0.15800999132825005,0.21639955699256744,ILI,raw,16,64,raw:16:4,low,low
5,0.5639137173068065,0.10202578578187299,0.10855585971331125,0.0,0.3277736265978779,1.1114606524331225,0.01857677537455913,0.2581651209339969,0.11545013399081235,ILI,raw,16,64,raw:16:5,low,low
6,0.49858089487947865,0.10871411648276147,0.008878070145686326,0.0,0.3497716607060014,1.1114606524331225,0.01857677537455913,0.20539102716930882,0.12278281202685352,ILI,raw,16,64,raw:16:6,low,low
0,0.8253515816748316,0.07373122355940634,0.23133823463496206,0.0,0.7088066909942591,1.2282614190342946,0.03804356977564316,0.3768070132897334,0.24895008692330076,ILI,raw,20,68,raw:20:0,mid,mid
1,0.7894719105629306,0.07519196428541544,0.23214907709775304,0.0,0.7705203123968106,1.2282614190342946,0.03804356977564316,0.3656043173153664,0.2695212940574846,ILI,raw,20,68,raw:20:1,mid,mid
2,0.9061366682101022,0.0707091117295913,0.11626644650447501,0.0,0.7436197741268972,1.2282614190342946,0.03804356977564316,0.36437074214805615,0.2605544479675134,ILI,raw,20,68,raw:20:2,mid,mid
3,0.8986976580634831,0.046741565983662525,0.0032084631829420087,0.0,0.816441668003844,1.2282614190342946,0.03804356977564316,0.31621589574336256,0.2848284125931624,ILI,raw,20,68,raw:20:3,low,mid
4,0.9114632707173227,0.06193499068216985,0.026446585147288405,0.0,0.7477941933124517,1.2282614190342946,0.03804356977564316,0.33328161551559365,0.2619459210293649,ILI,raw,20,68,raw:20:4,low,mid
5,0.8005093023081797,0.04670017446644064,0.022711925554384223,0.0,0.34203672097476095,1.2282614190342946,0.03804356977564316,0.28997380077633483,0.12669343025013471,ILI,raw,20,68,raw:20:5,low,low
6,0.46147539915682434,0.038799594743907324,0.009303931448096558,0.0,0.5466282450212375,1.2282614190342946,0.03804356977564316,0.16985964178294277,0.19489060493229357,ILI,raw,20,68,raw:20:6,low,low
0,0.9220075559118651,0.07668898570851099,0.5170321434216008,0.125,0.8293057759641882,1.2403819223883321,0.04006365366461593,0.5052428950139923,0.3314564765429347,ILI,raw,24,72,raw:24:0,high,high
1,0.9440631025776094,0.0665815238192595,0.2188119186439118,0.125,0.8183715958536046,1.2403819223883321,0.04006365366461593,0.40981884834692694,0.32781174983940686,ILI,raw,24,72,raw:24:1,mid,high
2,0.9651479504794704,0.04999403800067468,0.44426110784632317,0.125,0.8227720035220285,1.2403819223883321,0.04006365366461593,0.48646769877548945,0.32927855239554815,ILI,raw,24,72,raw:24:2,high,high
3,0.9733445682241669,0.035418557661531236,0.46427952023701957,0.25,0.8454233489998888,1.2403819223883321,0.04006365366461593,0.4910142153742392,0.37849566755483494,ILI,raw,24,72,raw:24:3,high,high
4,0.9731025167816699,0.05051764297414644,0.4629880630264149,0.125,0.8179686228248011,1.2403819223883321,0.04006365366461593,0.49553607426074375,0.32767742549647233,ILI,raw,24,72,raw:24:4,high,high
5,0.9797566186540636,0.01926738066759978,0.5429459635056102,0.0,0.6485924484899741,1.2403819223883321,0.04006365366461593,0.5139899876090912,0.22955203405153002,ILI,raw,24,72,raw:24:5,high,mid
6,0.9864357991961273,0.06222101336010033,0.5134155689349108,0.0,0.773630698109815,1.2403819223883321,0.04006365366461593,0.5206907938303794,0.27123145059147696,ILI,raw,24,72,raw:24:6,high,mid
0,0.9329442059087123,0.05215001731069149,0.4553750210363954,0.125,0.762453862669289,1.2156116160541561,0.03593526928246724,0.48015641475193305,0.3077963773172521,ILI,raw,28,76,raw:28:0,high,mid
1,0.9692859812396133,0.061721906098766925,0.4604222724825208,0.125,0.7674068310078388,1.2156116160541561,0.03593526928246724,0.497143386606967,0.30944736676343537,ILI,raw,28,76,raw:28:1,high,mid
2,0.9835330208207461,0.0590118095540705,0.5143562397765565,0.25,0.8013474090076833,1.2156116160541561,0.03593526928246724,0.518967023383791,0.3624275594300502,ILI,raw,28,76,raw:28:2,high,high
3,0.9801179743161071,0.03260898349057074,0.48426546420729827,0.125,0.8325038114163368,1.2156116160541561,0.03593526928246724,0.49899747400465877,0.3311463602329347,ILI,raw,28,76,raw:28:3,high,high
4,0.9903967041675033,0.05378267855419541,0.49305909233805617,0.25,0.7886556135274864,1.2156116160541561,0.03593526928246724,0.5124128250199184,0.35819696093665127,ILI,raw,28,76,raw:28:4,high,high
5,0.9966513034443039,0.04884686948107819,0.5333544568896551,0.25,0.8029941040157453,1.2156116160541561,0.03593526928246724,0.5262842099383457,0.36297645776607085,ILI,raw,28,76,raw:28:5,high,high
6,0.9994499970256719,0.09309297887095365,0.5140094957344282,0.375,0.8400803523363503,1.2156116160541561,0.03593526928246724,0.5355174905436847,0.4170052072062725,ILI,raw,28,76,raw:28:6,high,high
0,0.9321348717322552,0.0220913613819474,0.4066381646998552,0.125,0.7412722741324804,1.2232414663160234,0.037206910990659044,0.4536214659380193,0.3011597283743798,ILI,raw,32,80,raw:32:0,high,mid
1,0.9440828845528939,0.031427495653196344,0.4503794975278702,0.125,0.7625642621252051,1.2232414663160234,0.037206910990659044,0.4752966259113201,0.30825705770528805,ILI,raw,32,80,raw:32:1,high,mid
2,0.9830746391745048,0.04590063584188493,0.4067020165241538,0.25,0.7653421244419712,1.2232414663160234,0.037206910990659044,0.47855909718018114,0.35084967847754345,ILI,raw,32,80,raw:32:2,high,high
3,0.9797117596463103,0.025474764114390296,0.4086641051946545,0.125,0.8086962613717065,1.2232414663160234,0.037206910990659044,0.4712835429851183,0.3236343907874552,ILI,raw,32,80,raw:32:3,high,high
4,0.9899203831301139,0.028222881405508903,0.40997942811035515,0.125,0.7587444982710543,1.2232414663160234,0.037206910990659044,0.47604089754865936,0.30698380308723777,ILI,raw,32,80,raw:32:4,high,mid
5,0.9964821605862823,0.01917756912623602,0.03603108431968645,0.0,0.782595412763381,1.2232414663160234,0.037206910990659044,0.3505636046774016,0.27326744125134667,ILI,raw,32,80,raw:32:5,mid,mid
6,0.9976056108641271,0.07666586607823503,0.03841990031195973,0.25,0.8400114977643927,1.2232414663160234,0.037206910990659044,0.3708971257514406,0.3757394695850172,ILI,raw,32,80,raw:32:6,mid,high
0,0.8851532950142416,0.07548347064513111,0.7852397825076554,0.0,0.6831947440153243,1.251855116806105,0.041975852731057736,0.5819588493890093,0.24172353224879403,ILI,raw,36,84,raw:36:0,high,mid
1,0.8680882991480048,0.09711325235326101,0.8464361730696455,0.0,0.7256573480570926,1.251855116806105,0.041975852731057736,0.603879241523637,0.2558777335960501,ILI,raw,36,84,raw:36:1,high,mid
2,0.9802633369314089,0.08885597515519081,0.1772300309506178,0.0,0.7150825960621148,1.251855116806105,0.041975852731057736,0.4154497810124058,0.2523528162643908,ILI,raw,36,84,raw:36:2,mid,mid
3,0.9680343357352611,0.0724479766348609,0.955384448847143,0.0,0.7739386595684005,1.251855116806105,0.041975852731057736,0.6652889204057549,0.2719715040998194,ILI,raw,36,84,raw:36:3,high,mid
4,0.985522647730917,0.0879614934257442,0.8066469418379908,0.0,0.7139366423334875,1.251855116806105,0.041975852731057736,0.6267103609982173,0.25197083168818174,ILI,raw,36,84,raw:36:4,high,mid
5,0.9811386346567983,0.049255411421740045,0.02000001563815588,0.0,0.5368828797250228,1.251855116806105,0.041975852731057736,0.35013135390556477,0.1929529108186935,ILI,raw,36,84,raw:36:5,mid,low
6,0.9979814812518006,0.12736062732409284,0.045443724313470574,0.125,0.6225541526148325,1.251855116806105,0.041975852731057736,0.3902619442964547,0.2631766684486301,ILI,raw,36,84,raw:36:6,mid,mid
0,0.17115825199259205,0.046944794101780055,0.9595929675793978,0.0,0.6618774656857362,1.262164050464474,0.04369400833792232,0.39256533789125664,0.23519049134121953,ILI,raw,40,88,raw:40:0,mid,mid
1,0.30691046617570483,0.06251906991606868,0.9555861951454419,0.0,0.7060442618882466,1.262164050464474,0.04369400833792232,0.4416719104124051,0.24991275674205635,ILI,raw,40,88,raw:40:1,high,mid
2,0.2730003176435599,0.05390649873073129,0.9176982380241787,0.0,0.6777187039223377,1.262164050464474,0.04369400833792232,0.41486835146615664,0.24047090408675334,ILI,raw,40,88,raw:40:2,mid,mid
3,0.23817129648054802,0.07578574781067046,0.9974338657727035,0.0,0.7613437948771925,1.262164050464474,0.04369400833792232,0.4371303033546407,0.2683459344050383,ILI,raw,40,88,raw:40:3,mid,mid
4,0.3421436152791072,0.04203479036745576,0.9949558751171701,0.0,0.6896951948489398,1.262164050464474,0.04369400833792232,0.45971142692124434,0.24446306772895407,ILI,raw,40,88,raw:40:4,high,mid
5,0.5736497107552747,0.1355579568097873,0.022526715284790975,0.0,0.31547452026169026,1.262164050464474,0.04369400833792232,0.243911460949951,0.11972284286653752,ILI,raw,40,88,raw:40:5,low,low
6,0.71024246174867,0.08844317782758986,0.2180393804824571,0.0,0.4817125228032407,1.262164050464474,0.04369400833792232,0.3389083400195723,0.17513551038038766,ILI,raw,40,88,raw:40:6,low,low
0,0.8710163012146341,0.21128294768959544,0.9947136436656377,0.0,0.6953878425946475,1.2653551103652985,0.04422585165383999,0.6923376308566224,0.24653789808282914,ILI,raw,44,92,raw:44:0,high,mid
1,0.8653354765944932,0.16386146387528988,0.9999690835865522,0.0,0.7304165024496829,1.2653551103652985,0.04422585165383999,0.6763886746854452,0.2582141180345076,ILI,raw,44,92,raw:44:1,high,mid
2,0.8467324303936563,0.0673214350043924,0.976932115090569,0.0,0.7142370868602642,1.2653551103652985,0.04422585165383999,0.6303286601628725,0.2528209795047014,ILI,raw,44,92,raw:44:2,high,mid
3,0.8796507922484054,0.0387811880016245,0.9332146655445416,0.0,0.7959436756102867,1.2653551103652985,0.04422585165383999,0.6172155485981904,0.2800565090880422,ILI,raw,44,92,raw:44:3,high,mid
4,0.8559815613181965,0.06997992396180894,0.8982605456644931,0.0,0.7256807582750637,1.2653551103652985,0.04422585165383999,0.6080740103148329,0.2566355366429679,ILI,raw,44,92,raw:44:4,high,mid
5,0.6807652852773465,0.04316341084023194,0.05679941952376205,0.0,0.35763980188110595,1.2653551103652985,0.04422585165383999,0.2602427052137801,0.133955217844982,ILI,raw,44,92,raw:44:5,low,low
6,0.3245368341431808,0.038598680945175046,0.5702215725443943,0.0,0.5451703787909548,1.2653551103652985,0.04422585165383999,0.3111190292109167,0.1964654101482649,ILI,raw,44,92,raw:44:6,low,low
0,0.9504580309191609,0.0811747199151312,0.07646548482783318,0.125,0.7529178164047984,1.255911528233843,0.04265192130122065,0.3693660785540418,0.30685657923533965,ILI,raw,48,96,raw:48:0,mid,mid
1,0.9525131504197994,0.057408958419396715,0.08399973661260476,0.125,0.7702392337007898,1.255911528233843,0.04265192130122065,0.3646406151506003,0.31263038500067014,ILI,raw,48,96,raw:48:1,mid,mid
2,0.8955744316771249,0.05870729589695586,0.14311908018770694,0.125,0.7892256907713384,1.255911528233843,0.04265192130122065,0.3658002692539293,0.31895920402418637,ILI,raw,48,96,raw:48:2,mid,mid
3,0.9241034025092277,0.01799991435098653,0.013713119275669051,0.125,0.8448116194517513,1.255911528233843,0.04265192130122065,0.31860547871196115,0.3374878469176574,ILI,raw,48,96,raw:48:3,low,high
4,0.919635494633128,0.01967088003049569,0.016995232054837547,0.125,0.7930737260092293,1.255911528233843,0.04265192130122065,0.31876720223948707,0.32024188243681667,ILI,raw,48,96,raw:48:4,low,high
5,0.8893206133680269,0.056789847472806215,0.040916670003513025,0.0,0.6132169230792068,1.255911528233843,0.04265192130122065,0.32900904361478206,0.21862294812680916,ILI,raw,48,96,raw:48:5,low,low
6,0.6532908114341962,0.051628036485304535,0.13715586514103856,0.0,0.7735653504821827,1.255911528233843,0.04265192130122065,0.2806915710201798,0.2720724239278011,ILI,raw,48,96,raw:48:6,low,mid
0,0.9686089596922841,0.03234857061098787,0.11218932725107468,0.125,0.7478909814425404,1.2062693267111437,0.03437822106122692,0.3710489525181156,0.30242306750125575,ILI,raw,52,100,raw:52:0,mid,mid
1,0.957537892578688,0.049095487548423786,0.13682299967073397,0.125,0.7419128500025948,1.2062693267111437,0.03437822106122692,0.38115212659928194,0.3004303570212739,ILI,raw,52,100,raw:52:1,mid,mid
2,0.9400829444286087,0.04384127878401109,0.05978697780255854,0.25,0.7588507577499013,1.2062693267111437,0.03437822106122692,0.3479037336717261,0.34774299293704275,ILI,raw,52,100,raw:52:2,low,high
3,0.9631121513359843,0.029823135939342788,0.03684986065160611,0.25,0.8041008662365942,1.2062693267111437,0.03437822106122692,0.34326171597564437,0.36282636243260696,ILI,raw,52,100,raw:52:3,low,high
4,0.9500473913346416,0.034187110332911545,0.04613057836675992,0.125,0.7542278799534291,1.2062693267111437,0.03437822106122692,0.3434550266781043,0.3045353670048853,ILI,raw,52,100,raw:52:4,low,mid
5,0.9397145838077328,0.06578620163754884,0.07881144100347989,0.0,0.7177146724926238,1.2062693267111437,0.03437822106122692,0.3614374088162538,0.2506976311846169,ILI,raw,52,100,raw:52:5,mid,mid
6,0.8863740525944838,0.33814508516326475,0.31414248050212534,0.375,0.8695163129457804,1.2062693267111437,0.03437822106122692,0.5128872060866246,0.42629817800233577,ILI,raw,52,100,raw:52:6,high,high
0,0.9727271145754001,0.04752088731408026,0.00837866944936783,0.125,0.8343565743688284,1.2361654907345705,0.039360915056826894,0.3428755571129494,0.33290582980855177,ILI,raw,56,104,raw:56:0,low,high
1,0.9453050932924605,0.04757097577958588,0.025976849471311025,0.125,0.839613982040807,1.2361654907345705,0.039360915056826894,0.3396176395144525,0.3346582990325446,ILI,raw,56,104,raw:56:1,low,high
2,0.9744480055784328,0.061677912393646755,0.03668146682736058,0.125,0.8329397264235767,1.2361654907345705,0.039360915056826894,0.3576024615998134,0.33243354716013457,ILI,raw,56,104,raw:56:2,mid,high
3,0.9701339058965817,0.045710182437157104,0.010259134271483818,0.125,0.8709515005332802,1.2361654907345705,0.039360915056826894,0.34203440753507414,0.3451041385300357,ILI,raw,56,104,raw:56:3,low,high
4,0.9735307882135059,0.056823727057764964,0.015351468485902596,0.125,0.8375094082719505,1.2361654907345705,0.039360915056826894,0.3485686612523912,0.33395677444292576,ILI,raw,56,104,raw:56:4,mid,high
5,0.9768943101152966,0.07159900991127718,0.10800605832130733,0.125,0.9088402119421949,1.2361654907345705,0.039360915056826894,0.3854997927826271,0.35773370899967394,ILI,raw,56,104,raw:56:5,mid,high
6,0.9019912916608723,0.4882229643834558,0.20275790957777082,0.5,0.8808663887443395,1.2361654907345705,0.039360915056826894,0.530990721874033,0.47340910126705543,ILI,raw,56,104,raw:56:6,high,high
0,0.9289733550873348,0.08217151186380613,0.05479556778953462,0.0,0.7071347537701455,1.23650579701148,0.03941763276955059,0.35531347824689186,0.248850795513232,ILI,raw,60,108,raw:60:0,mid,mid
1,0.9107806314167246,0.07238342866683686,0.08172052812970496,0.0,0.7240836068584902,1.23650579701148,0.03941763276955059,0.35496152940442216,0.2545004132093469,ILI,raw,60,108,raw:60:1,mid,mid
2,0.9728812612533948,0.07473180816831665,0.026857398760007218,0.0,0.7551433681042535,1.23650579701148,0.03941763276955059,0.35815682272723953,0.2648536669579347,ILI,raw,60,108,raw:60:2,mid,mid
3,0.9552645228919064,0.045104896940317586,0.05632139819267952,0.0,0.8218464886709383,1.23650579701148,0.03941763276955059,0.3522302726749678,0.28708804048016295,ILI,raw,60,108,raw:60:3,mid,mid
4,0.9638076177106664,0.06438158089322497,0.049704903511100566,0.0,0.7578538040471722,1.23650579701148,0.03941763276955059,0.35929803403833066,0.26575714560557423,ILI,raw,60,108,raw:60:4,mid,mid
5,0.9650929448893776,0.12871685893276963,0.051501759531314154,0.0,0.8736321112312613,1.23650579701148,0.03941763276955059,0.38177052111782045,0.3043499146669373,ILI,raw,60,108,raw:60:5,mid,mid
6,0.9074016210697661,0.16232971910438085,0.19109943022104992,0.0,0.9180336819883022,1.23650579701148,0.03941763276955059,0.4202769234650656,0.3191504382526176,ILI,raw,60,108,raw:60:6,mid,mid
0,0.7727827791184437,0.12608531352597138,0.21548207138805636,0.0,0.8939075970552042,1.2268167748860528,0.03780279575133747,0.37145005467749054,0.3105701309355139,ILI,raw,64,112,raw:64:0,mid,mid
1,0.5808670288075358,0.08942627657272792,0.29014376602016667,0.0,0.933771953135418,1.2268167748860528,0.03780279575133747,0.32014569046681013,0.3238582496289185,ILI,raw,64,112,raw:64:1,low,high
2,0.942761964275439,0.12945930422627244,0.1102482410607039,0.0,0.7774911600350581,1.2268167748860528,0.03780279575133747,0.3941565031874718,0.27176465192879856,ILI,raw,64,112,raw:64:2,mid,mid
3,0.8949491622887727,0.1342841289593346,0.08217760459348745,0.0,0.7022750869808151,1.2268167748860528,0.03780279575133747,0.3704702986138649,0.2466926275773842,ILI,raw,64,112,raw:64:3,mid,mid
4,0.928290295210162,0.10825030646991529,0.10523110170366977,0.0,0.7413927549651671,1.2268167748860528,0.03780279575133747,0.3805905677945824,0.2597318502388349,ILI,raw,64,112,raw:64:4,mid,mid
5,0.9428693449823842,0.023847807948295573,0.01026841475158402,0.0,0.595360266135418,1.2268167748860528,0.03780279575133747,0.3256618558940879,0.21105435396225183,ILI,raw,64,112,raw:64:5,low,low
6,0.8608132658891599,0.04994841069077023,0.027984718613066333,0.0,0.6396010696311473,1.2268167748860528,0.03780279575133747,0.31291546506433215,0.22580128846082825,ILI,raw,64,112,raw:64:6,low,mid
0,0.16778841208076312,0.055143123986264045,0.20528799168694747,0.0,0.38838954676433496,1.291431967899991,0.048571994569045186,0.14273984258465822,0.14565384711112672,ILI,raw,68,116,raw:68:0,low,low
1,0.4436198262759047,0.06152998825071819,0.6749106509031308,0.0,0.4876661936523261,1.291431967899991,0.048571994569045186,0.3933534884765846,0.1787460627404571,ILI,raw,68,116,raw:68:1,mid,low
2,0.6507950075233728,0.06333786173350472,0.19400081990149787,0.0,0.29313424658941845,1.291431967899991,0.048571994569045186,0.30271122971945846,0.11390208038615456,ILI,raw,68,116,raw:68:2,low,low
3,0.34881516995733897,0.06252342017247436,0.015215339332231728,0.0,0.2845578030280871,1.291431967899991,0.048571994569045186,0.14218464315401502,0.11104326586571077,ILI,raw,68,116,raw:68:3,low,low
4,0.5902021035676266,0.05770512525920822,0.07861064818719975,0.0,0.27672610440637824,1.291431967899991,0.048571994569045186,0.24217262567134487,0.10843269965847448,ILI,raw,68,116,raw:68:4,low,low
5,0.9113379587744487,0.060905163742654006,0.03988709579528576,0.0,0.40045674967866224,1.291431967899991,0.048571994569045186,0.33737673943746277,0.14967624808256916,ILI,raw,68,116,raw:68:5,low,low
6,0.781706839656612,0.05351482038107293,0.16631316805959118,0.0,0.4451357272362818,1.291431967899991,0.048571994569045186,0.333844942699092,0.16456924060177566,ILI,raw,68,116,raw:68:6,low,low
0,0.8952283234256397,0.0793919534116879,0.71535581460068,0.0,0.4130775027862668,1.4747439049504982,0.07912398402654307,0.5633253638126692,0.16406716227093662,ILI,raw,72,120,raw:72:0,high,low
1,0.8394517875953937,0.11266965635498383,0.42683954793149315,0.0,0.5910475958872234,1.4747439049504982,0.07912398402654307,0.4596536639606235,0.22339052663792217,ILI,raw,72,120,raw:72:1,high,mid
2,0.8705988783754326,0.0368671420288791,0.061156375825168675,0.0,0.25533136412160967,1.4747439049504982,0.07912398402654307,0.32287413207649346,0.11148511604938426,ILI,raw,72,120,raw:72:2,low,low
3,0.8983194558608848,0.03036362431588227,0.1580376196198531,0.0,0.31183656485688255,1.4747439049504982,0.07912398402654307,0.36224023326554006,0.13032018296114187,ILI,raw,72,120,raw:72:3,mid,low
4,0.8948417989845294,0.014876150765251672,0.017139102495950298,0.0,0.2627425350589324,1.4747439049504982,0.07912398402654307,0.30895235074857713,0.11395550636182517,ILI,raw,72,120,raw:72:4,low,low
5,0.8933580906026447,0.029597866534540006,0.04747621313149154,0.0,0.41189851875708955,1.4747439049504982,0.07912398402654307,0.3234773900895587,0.1636741675945442,ILI,raw,72,120,raw:72:5,low,low
6,0.6270133576482286,0.053644531135723775,0.01689905736080172,0.125,0.5659574352187706,1.4747439049504982,0.07912398402654307,0.2325189820482514,0.2566938064151046,ILI,raw,72,120,raw:72:6,low,mid
0,0.9576231065677702,0.03865456396136148,0.3642855116193322,0.0,0.5906629886308774,1.3352022690168515,0.05586704474303017,0.4535210607161546,0.21551001112463586,ILI,raw,76,124,raw:76:0,high,low
1,0.9340512766605336,0.06847874408246829,0.29656536353308327,0.0,0.7051156170803932,1.3352022690168515,0.05586704474303017,0.433031794758695,0.25366088727447444,ILI,raw,76,124,raw:76:1,mid,mid
2,0.939904652552911,0.0868412353737852,0.5329719268047627,0.0,0.3661413857463812,1.3352022690168515,0.05586704474303017,0.5199059382438196,0.1406694768298038,ILI,raw,76,124,raw:76:2,high,low
3,0.9693483822655247,0.12955999344806077,0.5236796559193381,0.125,0.7864330952326799,1.3352022690168515,0.05586704474303017,0.5408626772109745,0.32243337999190336,ILI,raw,76,124,raw:76:3,high,high
4,0.9522110536241791,0.09664895494127554,0.5550806496640879,0.0,0.6448351503370392,1.3352022690168515,0.05586704474303017,0.5346468860765142,0.23356739836002313,ILI,raw,76,124,raw:76:4,high,mid
5,0.9949015206648278,0.023503400521011415,0.5462033146497384,0.0,0.654248325126607,1.3352022690168515,0.05586704474303017,0.5215360786118591,0.23670512328987905,ILI,raw,76,124,raw:76:5,high,mid
6,0.9730169155766729,0.17184560818456002,0.6217115154452457,0.0,0.7395716193690437,1.3352022690168515,0.05586704474303017,0.5888580130688262,0.26514622137069127,ILI,raw,76,124,raw:76:6,high,mid
0,0.9775666182722959,0.057105324896527726,0.40072279544120065,0.0,0.5701358700445847,1.3076407595596349,0.051273459841150046,0.4784649128700081,0.20713644329524492,ILI,raw,80,128,raw:80:0,high,low
1,0.9577603041218435,0.07073498728796203,0.29160328243333977,0.0,0.602808008612325,1.3076407595596349,0.051273459841150046,0.4400328579477151,0.21802715615115834,ILI,raw,80,128,raw:80:1,high,low
2,0.9820069550095489,0.06827281831131798,0.462899109627992,0.0,0.49693777286547924,1.3076407595596349,0.051273459841150046,0.5043929609829529,0.18273707756887644,ILI,raw,80,128,raw:80:2,high,low
3,0.9790086944785265,0.0769321921080074,0.42447240570016204,0.0,0.7229968012052036,1.3076407595596349,0.051273459841150046,0.49347109742889866,0.2580900870154512,ILI,raw,80,128,raw:80:3,high,mid
4,0.979424153732684,0.058399603157319346,0.4438439535914631,0.0,0.6311743886862548,1.3076407595596349,0.051273459841150046,0.49388923682715546,0.2274826161758016,ILI,raw,80,128,raw:80:4,high,mid
5,0.999615742295923,0.013904610367118493,0.532521483631572,0.25,0.8037359426989298,1.3076407595596349,0.051273459841150046,0.5153472787648711,0.36833646751335986,ILI,raw,80,128,raw:80:5,high,high
6,0.9926802666183427,0.17586440074918475,0.4653874070060616,0.375,0.8755404494950648,1.3076407595596349,0.051273459841150046,0.5446440247911964,0.4339379697787382,ILI,raw,80,128,raw:80:6,high,high
0,0.9709775559934105,0.025255932429161142,0.1312821437860835,0.125,0.8582844654758451,1.8734576553418063,0.14557627564767392,0.3758385440695517,0.3762869137078397,ILI,raw,84,132,raw:84:0,mid,high
1,0.9655227205816908,0.03447083833850468,0.29350383544661995,0.25,0.8864388283311329,1.8734576553418063,0.14557627564767392,0.43116579812227185,0.4273383679929356,ILI,raw,84,132,raw:84:1,mid,high
2,0.987656179075852,0.10013524847530907,0.9736307843855153,0.25,0.8400345882584213,1.8734576553418063,0.14557627564767392,0.6871407373122255,0.4118702879686984,ILI,raw,84,132,raw:84:2,high,high
3,0.9836042266051772,0.10287024703296932,0.9505453079675105,0.125,0.7602647967564011,1.8734576553418063,0.14557627564767392,0.6790065938685523,0.34361369080135834,ILI,raw,84,132,raw:84:3,high,high
4,0.9867738145401298,0.07443219077953199,0.9709257785736424,0.125,0.8067738768853617,1.8734576553418063,0.14557627564767392,0.6773772612977681,0.3591167175110119,ILI,raw,84,132,raw:84:4,high,high
5,0.999876655238774,0.007638128008029412,0.9555462665958159,0.125,0.8454004576032973,1.8734576553418063,0.14557627564767392,0.6543536832808731,0.37199224441699036,ILI,raw,84,132,raw:84:5,high,high
6,0.9855072033809557,0.2588551825415807,0.7958543995782507,0.5,0.9232184859449296,1.8734576553418063,0.14557627564767392,0.6800722618335957,0.5229315871975345,ILI,raw,84,132,raw:84:6,high,high
0,0.9531249483984692,0.0933357755652236,0.23903301843349548,0.25,0.8047076458769674,1.8473112731078196,0.1412185452826057,0.4284979141323961,0.3986420637198577,ILI,raw,88,136,raw:88:0,mid,high
1,0.9414350870362347,0.08321691948006157,0.3206168632112113,0.25,0.7812880877204601,1.8473112731078196,0.1412185452826057,0.4484229565758359,0.39083554433435524,ILI,raw,88,136,raw:88:1,high,high
2,0.9867745917147445,0.024908371702189312,0.070399503518191,0.125,0.7960825135136651,1.8473112731078196,0.1412185452826057,0.3606941556450416,0.35410035293209025,ILI,raw,88,136,raw:88:2,mid,high
3,0.9750086203645987,0.12066848786686285,0.05930796685610696,0.125,0.7463164512096846,1.8473112731078196,0.1412185452826057,0.38499502502918953,0.3375116654974301,ILI,raw,88,136,raw:88:3,mid,high
4,0.9844231162112946,0.0738246891380748,0.09844816793727759,0.125,0.7684703804104153,1.8473112731078196,0.1412185452826057,0.3855653244288823,0.34489630856434034,ILI,raw,88,136,raw:88:4,mid,high
5,0.9978712555203351,0.02132575768179036,0.005004441454860229,0.125,0.673137096916172,1.8473112731078196,0.1412185452826057,0.34140048488566194,0.31311854739959255,ILI,raw,88,136,raw:88:5,low,mid
6,0.9597110696386235,0.08270487317409927,0.05801841051679401,0.375,0.7595282487449242,1.8473112731078196,0.1412185452826057,0.366811451109839,0.4252489313425099,ILI,raw,88,136,raw:88:6,mid,high
0,0.911599285117442,0.04362552098017596,0.3176521440851562,0.0,0.6737381814794007,1.6718077774736615,0.11196796272566364,0.4242923167275914,0.26190204806835476,ILI,raw,92,140,raw:92:0,mid,mid
1,0.9186156282003136,0.2421079064051086,0.3934393800049134,0.0,0.6810302523647178,1.6718077774736615,0.11196796272566364,0.5180543048701118,0.2643327383634605,ILI,raw,92,140,raw:92:1,high,mid
2,0.9602259720010838,0.028692588389592773,0.18891171887135724,0.0,0.6120055425262919,1.6718077774736615,0.11196796272566364,0.3926100930873446,0.24132450175065187,ILI,raw,92,140,raw:92:2,mid,mid
3,0.9279147951558359,0.043809939770675856,0.3544398989790835,0.0,0.7369973197327685,1.6718077774736615,0.11196796272566364,0.44205487796853177,0.28298842748614406,ILI,raw,92,140,raw:92:3,high,mid
4,0.9593761392962977,0.02752481435414589,0.295889925205364,0.0,0.6940306190346349,1.6718077774736615,0.11196796272566364,0.4275969596186025,0.26866619392009955,ILI,raw,92,140,raw:92:4,mid,mid
5,0.9822927706242862,0.0571072926971711,0.0034528061876506126,0.0,0.4096127301442898,1.6718077774736615,0.11196796272566364,0.3476176231697026,0.17386023095665115,ILI,raw,92,140,raw:92:5,low,low
6,0.9146689797175054,0.034939700157970106,0.06828364105631725,0.0,0.5806286732776569,1.6718077774736615,0.11196796272566364,0.33929744031059755,0.23086554533444018,ILI,raw,92,140,raw:92:6,low,mid
0,0.19882830610614055,0.06072981518936864,0.27121154990696256,0.0,0.545208371556908,1.5383789902807508,0.08972983156390874,0.17692322373415725,0.21164606770693895,ILI,raw,96,144,raw:96:0,low,low
1,0.6817638982994514,0.1103647249784252,0.23899082571901298,0.0,0.5729750742068053,1.5383789902807508,0.08972983156390874,0.34370648299896317,0.22090163525690465,ILI,raw,96,144,raw:96:1,low,mid
2,0.17862830651206252,0.04855091063514358,0.3320953653320334,0.0,0.3947068485283464,1.5383789902807508,0.08972983156390874,0.18642486082641316,0.16147889336408505,ILI,raw,96,144,raw:96:2,low,low
3,0.6029320810494888,0.1075182371917813,0.3862098558432983,0.0,0.6240308284277633,1.5383789902807508,0.08972983156390874,0.3655533913615228,0.237920219997224,ILI,raw,96,144,raw:96:3,mid,mid
4,0.27166588555813065,0.06849913518248177,0.30838084263922055,0.0,0.5453647789647503,1.5383789902807508,0.08972983156390874,0.2161819544599443,0.211698203509553,ILI,raw,96,144,raw:96:4,low,low
5,0.7643426691525925,0.03581494622200253,0.6396212377067858,0.0,0.38411721868838167,1.5383789902807508,0.08972983156390874,0.4799262843604603,0.15794901675076348,ILI,raw,96,144,raw:96:5,high,low
6,0.21554546676958786,0.053790699776136375,0.4202201383443639,0.0,0.5307344038863212,1.5383789902807508,0.08972983156390874,0.22985210163002937,0.2068214118167433,ILI,raw,96,144,raw:96:6,low,low
0,0.6261829216183359,0.01453286119382909,0.9383108956128071,0.0,0.5088592548744655,1.4699251287061303,0.0783208546538203,0.5263422261416574,0.19572670317609528,ILI,raw,100,148,raw:100:0,high,low
1,0.2814882849446625,0.021657383307155664,0.9570181196256525,0.0,0.5255131549399168,1.4699251287061303,0.0783208546538203,0.4200545959591569,0.20127800319791236,ILI,raw,100,148,raw:100:1,mid,low
2,0.4392171852079716,0.01587159186956033,0.8357415499184669,0.0,0.35973897653864423,1.4699251287061303,0.0783208546538203,0.43027677566533296,0.1460199437308215,ILI,raw,100,148,raw:100:2,mid,low
3,0.4604305081200206,0.03080457368502807,0.9734994030077858,0.0,0.5940017760785735,1.4699251287061303,0.0783208546538203,0.48824482827094484,0.22410754357746462,ILI,raw,100,148,raw:100:3,high,mid
4,0.4106596968306696,0.01770867921002544,0.9808593893616536,0.0,0.5114909302967331,1.4699251287061303,0.0783208546538203,0.46974258846744954,0.19660392831685114,ILI,raw,100,148,raw:100:4,high,low
5,0.9512095466304051,0.05278328842388357,0.16450030506939256,0.0,0.5635453242509117,1.4699251287061303,0.0783208546538203,0.38949771337456035,0.21395539296824403,ILI,raw,100,148,raw:100:5,mid,low
6,0.8963665618025732,0.192605647601405,0.5986347179403412,0.0,0.6195868553789783,1.4699251287061303,0.0783208546538203,0.5625356424481064,0.2326359033442662,ILI,raw,100,148,raw:100:6,high,mid
0,0.794517271974968,0.16752129699693785,0.9782503782470033,0.0,0.6025400754765313,1.3298870576750157,0.05498117618753399,0.6467629824063031,0.21917375055468843,ILI,raw,104,152,raw:104:0,high,low
1,0.7959606888194937,0.17307233803664565,0.9733877123423277,0.0,0.5856630778852813,1.3298870576750157,0.05498117618753399,0.6474735797328224,0.21354808469093842,ILI,raw,104,152,raw:104:1,high,low
2,0.7664843899877445,0.03047325311452037,0.9040932948069583,0.0,0.5451274232492266,1.3298870576750157,0.05498117618753399,0.5670169793030744,0.2000361998122535,ILI,raw,104,152,raw:104:2,high,low
3,0.8201621000113517,0.11100242735707508,0.9427127623491561,0.0,0.6826718660772498,1.3298870576750157,0.05498117618753399,0.6246257632391944,0.2458843474215946,ILI,raw,104,152,raw:104:3,high,mid
4,0.8186213249433766,0.07468634330796717,0.9824473104154242,0.0,0.6252847607865227,1.3298870576750157,0.05498117618753399,0.6252516595555894,0.22675531232468557,ILI,raw,104,152,raw:104:4,high,mid
5,0.9872968497617133,0.20284548023084098,0.3100709553740015,0.0,0.723224980120036,1.3298870576750157,0.05498117618753399,0.5000710951221853,0.2594020521025233,ILI,raw,104,152,raw:104:5,high,mid
6,0.9785447732009215,0.3620135607712719,0.2902992668613137,0.125,0.7804739239401727,1.3298870576750157,0.05498117618753399,0.5436192002778357,0.3201517000425689,ILI,raw,104,152,raw:104:6,high,mid
0,0.9235602132188839,0.2559977611592632,0.015409066977917942,0.125,0.73231608717147,1.1602276069023194,0.0267046011058789,0.3983223471186883,0.2946735627591163,ILI,raw,108,156,raw:108:0,mid,mid
1,0.9153258426506874,0.37901182401148337,0.012459783872094005,0.0,0.7180595358861935,1.1602276069023194,0.0267046011058789,0.43559915017808826,0.24825471233069082,ILI,raw,108,156,raw:108:1,mid,mid
2,0.9508875981592696,0.02942346180367296,0.04201397517393471,0.0,0.6823188145085733,1.1602276069023194,0.0267046011058789,0.34077501171229246,0.23634113853815075,ILI,raw,108,156,raw:108:2,low,mid
3,0.9550064200338113,0.033099383246717656,0.0990631602234424,0.125,0.7436349845937842,1.1602276069023194,0.0267046011058789,0.3623896545013238,0.29844652856655435,ILI,raw,108,156,raw:108:3,mid,mid
4,0.9699851689906036,0.01972242016080353,0.028291479905948345,0.125,0.709664772841903,1.1602276069023194,0.0267046011058789,0.3393330230191185,0.28712312464926065,ILI,raw,108,156,raw:108:4,low,mid
5,0.9945852110352975,0.03032877051098743,0.07058154424855755,0.0,0.7279100076978787,1.1602276069023194,0.0267046011058789,0.36516517526494746,0.2515382029345859,ILI,raw,108,156,raw:108:5,mid,mid
6,0.9927963017621186,0.09953616767891123,0.2602718977035354,0.0,0.8163276946970672,1.1602276069023194,0.0267046011058789,0.4508681223815218,0.28101076526764873,ILI,raw,108,156,raw:108:6,high,mid
0,0.9312529804815805,0.08391698796420233,0.014276939829074709,0.125,0.7888207126515571,1.2804594356112837,0.04674323919064189,0.34314896942495254,0.32018798394739967,ILI,raw,112,160,raw:112:0,low,mid
1,0.9292805706570016,0.1313419414096898,0.01816199924743121,0.125,0.7937707494030413,1.2804594356112837,0.04674323919064189,0.3595948371047075,0.3218379961978944,ILI,raw,112,160,raw:112:1,mid,high
2,0.9672986469377082,0.1758911103882877,0.04329052702274604,0.125,0.8628461251591083,1.2804594356112837,0.04674323919064189,0.39549342811624727,0.3448631214499167,ILI,raw,112,160,raw:112:2,mid,high
3,0.9602330883018034,0.08098769736176817,0.03587282395701233,0.125,0.760970629952006,1.2804594356112837,0.04674323919064189,0.35903120320686127,0.31090462304754934,ILI,raw,112,160,raw:112:3,mid,mid
4,0.9775210629180261,0.11481925518075532,0.014283627990702211,0.25,0.7943867524233806,1.2804594356112837,0.04674323919064189,0.3688746486964945,0.36370999720467423,ILI,raw,112,160,raw:112:4,mid,high
5,0.9781371130332859,0.31181587408277645,0.13785168161923736,0.125,0.9129532529380779,1.2804594356112837,0.04674323919064189,0.4759348895784332,0.36156549737623994,ILI,raw,112,160,raw:112:5,high,high
6,0.9812605873397391,0.12015632958244064,0.26140699055026084,0.125,0.9388162015759277,1.2804594356112837,0.04674323919064189,0.4542746358241468,0.3701864802555232,ILI,raw,112,160,raw:112:6,high,high
0,0.9288863471156391,0.03726116828676136,0.11318300740620238,0.125,0.7280108818527656,1.307424430027437,0.051237404919177144,0.359776840936201,0.3014160955906476,ILI,raw,116,164,raw:116:0,mid,mid
1,0.932364028248913,0.045976157022660974,0.20555277951575396,0.125,0.7341023071904366,1.307424430027437,0.051237404919177144,0.39463098826244264,0.3034465707032046,ILI,raw,116,164,raw:116:1,mid,mid
2,0.9651630374198146,0.06446806368764753,0.09069026924282042,0.125,0.6148725297858103,1.307424430027437,0.051237404919177144,0.3734404567834275,0.26370331156832916,ILI,raw,116,164,raw:116:2,mid,mid
3,0.9598962272541139,0.04882813596319602,0.16264221011545135,0.125,0.774146540403287,1.307424430027437,0.051237404919177144,0.3904555244442538,0.3167946484408214,ILI,raw,116,164,raw:116:3,mid,mid
4,0.9766537154544902,0.04926422917689487,0.08145637070914431,0.125,0.746079759627641,1.307424430027437,0.051237404919177144,0.36912477178017644,0.30743905484893935,ILI,raw,116,164,raw:116:4,mid,mid
5,0.9111782728191945,0.0692892702362175,0.15438653786522302,0.0,0.6283120671371846,1.307424430027437,0.051237404919177144,0.3782846936402116,0.2265164906854539,ILI,raw,116,164,raw:116:5,mid,mid
6,0.9673136871187631,0.026598854799263688,0.016602969901379636,0.125,0.6920219365908266,1.307424430027437,0.051237404919177144,0.33683850393980214,0.28941978050333456,ILI,raw,116,164,raw:116:6,low,mid
0,0.7081781434467517,0.07062727534419266,0.16339910245283062,0.0,0.541614718807539,1.2323754240271632,0.038729237273311796,0.314068173747925,0.1934479853602836,ILI,raw,120,168,raw:120:0,low,low
1,0.7656113494451903,0.06735730088213052,0.1325425973417483,0.0,0.5617908040273594,1.2323754240271632,0.038729237273311796,0.3218370825563564,0.20017334710022372,ILI,raw,120,168,raw:120:1,low,low
2,0.9335283842034461,0.07499506269789584,0.19485577461162573,0.0,0.3623933113883461,1.2323754240271632,0.038729237273311796,0.40112640717098924,0.13370751622055263,ILI,raw,120,168,raw:120:2,mid,low
3,0.9120765021169757,0.0959619824572168,0.21269128413986946,0.0,0.5672731719624825,1.2323754240271632,0.038729237273311796,0.4069099229046873,0.2020008030785981,ILI,raw,120,168,raw:120:3,mid,low
4,0.9527097943792694,0.08337655632486055,0.18730667707680815,0.0,0.5020646720015796,1.2323754240271632,0.038729237273311796,0.4077976759269794,0.1802646364249638,ILI,raw,120,168,raw:120:4,mid,low
5,0.8127791660694099,0.06338940298742388,0.0837173271954185,0.0,0.373634095829112,1.2323754240271632,0.038729237273311796,0.31996196541741745,0.1374544443674746,ILI,raw,120,168,raw:120:5,low,low
6,0.929109564913146,0.09519735828171674,0.22607065962215328,0.0,0.36214405764414365,1.2323754240271632,0.038729237273311796,0.41679252760567204,0.1336244316391518,ILI,raw,120,168,raw:120:6,mid,low
0,0.35420604520475185,0.05603796886987898,0.11304758944393345,0.0,0.5551977953149632,1.2657517085432015,0.044291951350047,0.1744305345061881,0.1998299155550034,ILI,raw,124,172,raw:124:0,low,low
1,0.2549783841914093,0.04570601758103556,0.10070542741814259,0.0,0.5255041556799029,1.2657517085432015,0.044291951350047,0.1337966097301958,0.18993203567664999,ILI,raw,124,172,raw:124:1,low,low
2,0.6052589309640348,0.034714548437594105,0.0016927212191681332,0.0,0.32578477250457233,1.2657517085432015,0.044291951350047,0.2138887335402657,0.12335890795153977,ILI,raw,124,172,raw:124:2,low,low
3,0.4697722586983286,0.057451006422604006,0.044365543211202466,0.0,0.5712362912098132,1.2657517085432015,0.044291951350047,0.19052960277737838,0.20517608085328676,ILI,raw,124,172,raw:124:3,low,low
4,0.5226138899638659,0.03805483016091627,0.018257389486366203,0.0,0.4907529204063403,1.2657517085432015,0.044291951350047,0.1929753698703828,0.17834829058546242,ILI,raw,124,172,raw:124:4,low,low
5,0.8041715426821119,0.029359945517478715,0.03423075966300725,0.0,0.321475340472363,1.2657517085432015,0.044291951350047,0.28925408262086594,0.12192243060746999,ILI,raw,124,172,raw:124:5,low,low
6,0.5665671365942683,0.0337699617717414,0.03659586761754886,0.0,0.41261097870233115,1.2657517085432015,0.044291951350047,0.21231098866118617,0.15230097668412604,ILI,raw,124,172,raw:124:6,low,low
0,0.6975791412723298,0.10198522041979985,0.8754313021849175,0.0,0.4360242070072693,1.4277597691556094,0.07129329474044609,0.5583318879590157,0.16910583391590514,ILI,raw,128,176,raw:128:0,high,low
1,0.6746408206112258,0.10439986104326618,0.7799267559052933,0.0,0.4253732513626709,1.4277597691556094,0.07129329474044609,0.5196558125199284,0.16555551536770566,ILI,raw,128,176,raw:128:1,high,low
2,0.7653174493417695,0.014840834612569763,0.6940741478599232,0.0,0.3117086863288309,1.4277597691556094,0.07129329474044609,0.4914108106047541,0.12766732702309233,ILI,raw,128,176,raw:128:2,high,low
3,0.8283013971935319,0.039330923790524636,0.7393011766432235,0.0,0.3874560444077763,1.4277597691556094,0.07129329474044609,0.5356444992090933,0.1529164463827408,ILI,raw,128,176,raw:128:3,high,low
4,0.8161552980464748,0.01611639821482041,0.7310677151821146,0.0,0.3329958251135027,1.4277597691556094,0.07129329474044609,0.5211131371478032,0.13476303995131625,ILI,raw,128,176,raw:128:4,high,low
5,0.9717975566979743,0.05908088463150333,0.7059546681114813,0.0,0.5405187263351257,1.4277597691556094,0.07129329474044609,0.5789443698136529,0.20393734035852393,ILI,raw,128,176,raw:128:5,high,low
6,0.9102927482833382,0.1737281176118911,0.44647677967062827,0.0,0.6097590324783576,1.4277597691556094,0.07129329474044609,0.5101658818552859,0.2270174424062679,ILI,raw,128,176,raw:128:6,high,mid
0,0.9137982825598217,0.12017241888219007,0.3865461624544729,0.0,0.5036926709486622,1.7550942798564355,0.12584904643299083,0.47350562129882817,0.2098472391272177,ILI,raw,132,180,raw:132:0,high,low
1,0.8978402600070072,0.0793555970763683,0.5707608243156221,0.0,0.4278329364726583,1.7550942798564355,0.12584904643299083,0.5159855604663326,0.18456066096854973,ILI,raw,132,180,raw:132:1,high,low
2,0.9630667265298624,0.12457231881204094,0.555916218750817,0.0,0.5445999486167505,1.7550942798564355,0.12584904643299083,0.5478517546975734,0.2234829983499138,ILI,raw,132,180,raw:132:2,high,mid
3,0.9579220476920147,0.03065244326881983,0.3434410957650368,0.0,0.38455113215727904,1.7550942798564355,0.12584904643299083,0.4440051955752904,0.1701333928634233,ILI,raw,132,180,raw:132:3,high,low
4,0.9709829221944003,0.06299565684001511,0.4741900814004693,0.0,0.3408143737176516,1.7550942798564355,0.12584904643299083,0.5027228868116282,0.15555447338354747,ILI,raw,132,180,raw:132:4,high,low
5,0.9929775727741555,0.05701511557545684,0.5675928245510636,0.25,0.7556535283949947,1.7550942798564355,0.12584904643299083,0.5391951709668921,0.3771675249426618,ILI,raw,132,180,raw:132:5,high,high
6,0.9946193178024653,0.24226821409646598,0.4427752879905812,0.25,0.8201814990771976,1.7550942798564355,0.12584904643299083,0.5598876066298374,0.3986768485033962,ILI,raw,132,180,raw:132:6,high,high
0,0.9270827283762605,0.1107872228237552,0.13893604798220238,0.375,0.8703416994624016,2.0818071997471748,0.18030119965736047,0.3922686663940727,0.47521429970658735,ILI,raw,136,184,raw:136:0,mid,high
1,0.9227219710812736,0.12396021595625575,0.19667797774488813,0.375,0.842346801429129,2.0818071997471748,0.18030119965736047,0.41445338826080586,0.4658826670288298,ILI,raw,136,184,raw:136:1,mid,high
2,0.9806170301137604,0.0942157351404519,0.04636550268046153,0.25,0.9176954610429,2.0818071997471748,0.18030119965736047,0.3737327559782246,0.4493322202334202,ILI,raw,136,184,raw:136:2,mid,high
3,0.97444159885014,0.07906483283588706,0.07446103833364395,0.125,0.7737979795529665,2.0818071997471748,0.18030119965736047,0.37598915667322363,0.3596997264034423,ILI,raw,136,184,raw:136:3,mid,high
4,0.9844501543300481,0.09681447456992892,0.155659993337723,0.125,0.8598889243967999,2.0818071997471748,0.18030119965736047,0.41230820741256663,0.3883967080180534,ILI,raw,136,184,raw:136:4,mid,high
5,0.9950413329171055,0.03326990760946591,0.35264295930004685,0.375,0.8520849903773857,2.0818071997471748,0.18030119965736047,0.4603180666088728,0.46912873001158206,ILI,raw,136,184,raw:136:5,high,high
6,0.9966504832929631,0.3288943980824861,0.6254875056949468,0.5,0.9486712180021121,2.0818071997471748,0.18030119965736047,0.6503441290234654,0.5429908058864908,ILI,raw,136,184,raw:136:6,high,high
0,0.9176394187636405,0.12544357727279293,0.26740801291866334,0.25,0.8712988459306361,1.8607679552940843,0.14346132564324518,0.4368303363183656,0.4215867238579604,ILI,raw,140,188,raw:140:0,mid,high
1,0.9227219710812736,0.10647418721537305,0.29282768063935866,0.25,0.8752425730589982,1.8607679552940843,0.14346132564324518,0.44067461297866845,0.4229012995674144,ILI,raw,140,188,raw:140:1,high,high
2,0.9806170301137604,0.03922979465856821,0.12397372917471534,0.0,0.757796766698518,1.8607679552940843,0.14346132564324518,0.38127351798234804,0.30041936411392106,ILI,raw,140,188,raw:140:2,mid,mid
3,0.9746898304504081,0.13728508080069718,0.11123665686533638,0.125,0.8237661078136187,1.8607679552940843,0.14346132564324518,0.40773718937214726,0.36407581115228793,ILI,raw,140,188,raw:140:3,mid,high
4,0.9844501543300481,0.10976654598350993,0.13973347926729995,0.125,0.8216838675031216,1.8607679552940843,0.14346132564324518,0.41131672652695267,0.36338173104878896,ILI,raw,140,188,raw:140:4,mid,high
5,0.9933856603023576,0.03481537657568014,0.008364446862735587,0.125,0.7490396699803149,1.8607679552940843,0.14346132564324518,0.34552182791359115,0.3391669985411867,ILI,raw,140,188,raw:140:5,low,high
6,0.9907843073057682,0.11442006088411619,0.0439702569925589,0.25,0.7732039384585427,1.8607679552940843,0.14346132564324518,0.3830582083941478,0.3888884213672626,ILI,raw,140,188,raw:140:6,mid,high
0,0.869767881921155,0.034391850785640846,0.20378369953587744,0.0,0.5898717113224684,1.618317906837996,0.10305298430124436,0.36931447741422446,0.23097489854123757,ILI,raw,144,192,raw:144:0,mid,mid
1,0.8825238479761819,0.04359334921364259,0.06763103739609168,0.0,0.628998372601236,1.618317906837996,0.10305298430124436,0.3312494115286387,0.24401711896749345,ILI,raw,144,192,raw:144:1,low,mid
2,0.9729584462147028,0.03239153597955801,0.04168930721281378,0.0,0.40846817482602754,1.618317906837996,0.10305298430124436,0.34901309646902484,0.17050705304242397,ILI,raw,144,192,raw:144:2,mid,low
3,0.9550735949223649,0.06747556208799146,0.09724608552205448,0.0,0.6592969985592225,1.618317906837996,0.10305298430124436,0.37326508084413695,0.25411666095348895,ILI,raw,144,192,raw:144:3,mid,mid
4,0.9765051410394914,0.03626006547956975,0.04004125397199856,0.0,0.5529511832348758,1.618317906837996,0.10305298430124436,0.3509354868303532,0.21866805584537338,ILI,raw,144,192,raw:144:4,mid,low
5,0.9470593008110828,0.06907979880975798,0.007319623016391349,0.0,0.45281716184884874,1.618317906837996,0.10305298430124436,0.34115290754574407,0.18529004871669771,ILI,raw,144,192,raw:144:5,low,low
6,0.9566008291855007,0.045454147589538856,0.053463197054978116,0.125,0.5668043897981447,1.618317906837996,0.10305298430124436,0.3518393912766726,0.26495245803312967,ILI,raw,144,192,raw:144:6,mid,mid
0,0.49802288967321995,0.1062830496765699,0.22067482179961181,0.0,0.35021241739100323,1.5189388131963206,0.0864898020552371,0.27499358704980054,0.1455674064820801,ILI,raw,148,196,raw:148:0,low,low
1,0.4850245844600618,0.11452573207006342,0.19360827438280337,0.0,0.39118875007573,1.5189388131963206,0.0864898020552371,0.2643861969709762,0.1592261840436557,ILI,raw,148,196,raw:148:1,low,low
2,0.21148622226339187,0.02630553323277792,0.36159496494238225,0.0,0.19072958818451227,1.5189388131963206,0.0864898020552371,0.19979557347951735,0.0924064634132498,ILI,raw,148,196,raw:148:2,low,low
3,0.4886019847315589,0.048782225625383105,0.28933212794138796,0.0,0.412748359243078,1.5189388131963206,0.0864898020552371,0.27557211276611,0.1664127204327717,ILI,raw,148,196,raw:148:3,low,low
4,0.16189145068088784,0.04712161923029658,0.3823635041775278,0.0,0.2972739872146722,1.5189388131963206,0.0864898020552371,0.19712552469623743,0.12792126308996976,ILI,raw,148,196,raw:148:4,low,low
5,0.585106249105553,0.03291381468484259,0.33609378082292557,0.0,0.37414089390339045,1.5189388131963206,0.0864898020552371,0.31803794820444037,0.15354356531954252,ILI,raw,148,196,raw:148:5,low,low
6,0.1318681110452422,0.04387391098881062,0.30230494236629374,0.0,0.47815806486994444,1.5189388131963206,0.0864898020552371,0.15934898813344886,0.1882159556417272,ILI,raw,148,196,raw:148:6,low,low
0,0.6798481160791003,0.038185580655003146,0.14189118607117546,0.0,0.3430353591054995,1.5251890163704962,0.0875315025825302,0.28664162760175965,0.14352228722934324,ILI,raw,152,200,raw:152:0,low,low
1,0.8528203900914734,0.043705581553032294,0.15358667206518412,0.0,0.4012317007984346,1.5251890163704962,0.0875315025825302,0.3500375479032299,0.16292106779365492,ILI,raw,152,200,raw:152:1,mid,low
2,0.7822758207630911,0.022329371664065678,0.21273080735199026,0.0,0.31194458515723006,1.5251890163704962,0.0875315025825302,0.33911199992638236,0.13315869591325344,ILI,raw,152,200,raw:152:2,low,low
3,0.3984988947835838,0.06743216198334678,0.4221316685221964,0.0,0.35475901779881064,1.5251890163704962,0.0875315025825302,0.296020908429709,0.14743017346044696,ILI,raw,152,200,raw:152:3,low,low
4,0.6778766906884789,0.02411211530344301,0.20773733455940255,0.0,0.2981139358986391,1.5251890163704962,0.0875315025825302,0.3032420468504415,0.12854847949372308,ILI,raw,152,200,raw:152:4,low,low
5,0.9250120233094771,0.0809020692263308,0.44182120201767267,0.0,0.5074845627684933,1.5251890163704962,0.0875315025825302,0.4825784315178268,0.19833868845034117,ILI,raw,152,200,raw:152:5,high,low
6,0.7564398572272344,0.17631874032334438,0.7833787060745631,0.0,0.5496560117171696,1.5251890163704962,0.0875315025825302,0.5720457678750472,0.21239583809989993,ILI,raw,152,200,raw:152:6,high,low
0,0.8882429981733433,0.03661776921655156,0.83100254964225,0.0,0.5676270105260555,1.5332995452159188,0.0888832573878477,0.5852877723440483,0.21883675597130106,ILI,raw,156,204,raw:156:0,high,low
1,0.9629367651449406,0.052069356391376914,0.8727555057985747,0.0,0.6078620313574423,1.5332995452159188,0.0888832573878477,0.6292538757782974,0.23224842958176337,ILI,raw,156,204,raw:156:1,high,mid
2,0.9468206723427033,0.034892805037038926,0.6364157563368557,0.0,0.6092867050671728,1.5332995452159188,0.0888832573878477,0.5393764112388659,0.23272332081834016,ILI,raw,156,204,raw:156:2,high,mid
3,0.9325513500197303,0.007576113390241311,0.9558738348918057,0.0,0.5139150057281894,1.5332995452159188,0.0888832573878477,0.6320004327672591,0.20093275437201238,ILI,raw,156,204,raw:156:3,high,low
4,0.9366723929105358,0.009294159808852273,0.8511806448696897,0.0,0.5310756973976261,1.5332995452159188,0.0888832573878477,0.599049065863026,0.20665298492849127,ILI,raw,156,204,raw:156:4,high,low
5,0.9855350963467515,0.20970526095584197,0.4103001686260778,0.0,0.6283992413423217,1.5332995452159188,0.0888832573878477,0.5351801753095571,0.23909416624338983,ILI,raw,156,204,raw:156:5,high,mid
6,0.9370108100049572,0.3399950155876583,0.4023214109645722,0.125,0.6919169336881091,1.5332995452159188,0.0888832573878477,0.5597757455190626,0.30193339702531896,ILI,raw,156,204,raw:156:6,high,mid
0,0.9474500754268347,0.05963290137376726,0.061495491356575664,0.125,0.807272897363317,1.3940545330526215,0.06567575539931066,0.3561928227190592,0.3326495509208759,ILI,raw,160,208,raw:160:0,mid,high
1,0.974122375402814,0.07526001952602024,0.10548453172085022,0.125,0.7933313486520005,1.3940545330526215,0.06567575539931066,0.3849556422165614,0.32800236801710375,ILI,raw,160,208,raw:160:1,mid,high
2,0.9879391168976804,0.06570494325610743,0.16520664438947266,0.125,0.738315534883479,1.3940545330526215,0.06567575539931066,0.40628356818108685,0.30966376342759655,ILI,raw,160,208,raw:160:2,mid,mid
3,0.9785933377082896,0.02918262907051559,0.021382145546492464,0.0,0.6405972237478827,1.3940545330526215,0.06567575539931066,0.3430527041084325,0.23542432638239782,ILI,raw,160,208,raw:160:3,low,mid
4,0.9883408537438397,0.06580119812283235,0.010308986146171704,0.125,0.6740245907646865,1.3940545330526215,0.06567575539931066,0.35481701267094784,0.2882334487213324,ILI,raw,160,208,raw:160:4,mid,mid
5,0.9959910449422347,0.049185694164325985,0.2330460084262357,0.0,0.6523116494786895,1.3940545330526215,0.06567575539931066,0.42607424917759884,0.2393291349593334,ILI,raw,160,208,raw:160:5,mid,mid
6,0.9833801493781431,0.0971829839686173,0.33621118808048056,0.0,0.7466610724940776,1.3940545330526215,0.06567575539931066,0.4722581071424137,0.27077894263112945,ILI,raw,160,208,raw:160:6,high,mid
0,0.9484726946188776,0.04162563542377089,0.021718072595618677,0.125,0.8812908238698377,1.6510001930815863,0.108500031999431,0.33727213421275576,0.37159695195642284,ILI,raw,164,212,raw:164:0,low,high
1,0.9764592221572966,0.05976322798565509,0.008529960436124702,0.25,0.8562184409861694,1.6510001930815863,0.108500031999431,0.3482508035263588,0.40490615766186683,ILI,raw,164,212,raw:164:1,mid,high
2,0.99009741667655,0.17209346721613114,0.017712131675459885,0.0,0.8790941359288882,1.6510001930815863,0.108500031999431,0.3933010051893803,0.3291980559761064,ILI,raw,164,212,raw:164:2,mid,high
3,0.9819813460903036,0.15599616984862325,0.03724618306263639,0.125,0.8552901104795156,1.6510001930815863,0.108500031999431,0.39174123300052116,0.3629300474929822,ILI,raw,164,212,raw:164:3,mid,high
4,0.9896386642796523,0.16522786967270092,0.02321939839287165,0.0,0.8901869219563449,1.6510001930815863,0.108500031999431,0.39269531078174164,0.33289565131859195,ILI,raw,164,212,raw:164:4,mid,high
5,0.994771567791354,0.30034606491046956,0.07014722241153312,0.125,0.9359523570170477,1.6510001930815863,0.108500031999431,0.4550882850377856,0.3898174630054929,ILI,raw,164,212,raw:164:5,high,high
6,0.9824012854625375,0.14486290474348826,0.23779786852994095,0.125,0.9632459866075591,1.6510001930815863,0.108500031999431,0.45502068624532216,0.3989153395356633,ILI,raw,164,212,raw:164:6,high,high
0,0.945010313913645,0.02002964223373157,0.022414700894712133,0.125,0.5047568458965619,1.4996679702007718,0.08327799489466531,0.3291515523473629,0.2376782802637424,ILI,raw,168,216,raw:168:0,low,mid
1,0.9621732069260376,0.035196728266365856,0.003232299881764521,0.125,0.5930575428214798,1.4996679702007718,0.08327799489466531,0.333534078358056,0.2671118459053817,ILI,raw,168,216,raw:168:1,low,mid
2,0.9875303013616814,0.092636136568931,0.0032351312561164592,0.125,0.4316622511668287,1.4996679702007718,0.08327799489466531,0.3611338563955763,0.21331341535383133,ILI,raw,168,216,raw:168:2,mid,low
3,0.9760260163488995,0.13716897092972624,0.00387131596106254,0.125,0.6596515991163705,1.4996679702007718,0.08327799489466531,0.37235543441322944,0.2893098646703453,ILI,raw,168,216,raw:168:3,mid,mid
4,0.9856664980008856,0.10411743557575547,0.0020216208085809067,0.125,0.5257256208478818,1.4996679702007718,0.08327799489466531,0.363935184795074,0.24466787191418238,ILI,raw,168,216,raw:168:4,mid,mid
5,0.9572109414075979,0.044159756854313184,0.6483406118095746,0.0,0.6703616954525004,1.4996679702007718,0.08327799489466531,0.5499037700238286,0.2512132301157219,ILI,raw,168,216,raw:168:5,high,mid
6,0.9621216276441147,0.07620676529490852,0.009226075547733895,0.0,0.6835639911244528,1.4996679702007718,0.08327799489466531,0.349184822828919,0.255613995339706,ILI,raw,168,216,raw:168:6,mid,mid
0,0.8579496009430133,0.09395021592998887,0.047480165793183565,0.0,0.3763140743979633,1.2531707967100771,0.04219513271468764,0.3331266608887286,0.1395030690375503,ILI,raw,172,220,raw:172:0,low,low
1,0.8512187941929531,0.16200235649308609,0.045688026740046274,0.0,0.4966478848946365,1.2531707967100771,0.04219513271468764,0.3529697258086952,0.17961433920310807,ILI,raw,172,220,raw:172:1,mid,low
2,0.8932904507713606,0.045543791316734986,0.07116825766633002,0.0,0.3126813768956124,1.2531707967100771,0.04219513271468764,0.3366674999181419,0.11829216987010001,ILI,raw,172,220,raw:172:2,low,low
3,0.9579856438330661,0.12860694497715752,0.08058737341270031,0.0,0.39192623933207843,1.2531707967100771,0.04219513271468764,0.3890599874076413,0.1447071240155887,ILI,raw,172,220,raw:172:3,mid,low
4,0.9350971297337801,0.0980605635826869,0.08329609172261414,0.0,0.3589141384413467,1.2531707967100771,0.04219513271468764,0.37215126167969376,0.13370309038534478,ILI,raw,172,220,raw:172:4,mid,low
5,0.8283973902540318,0.04902550346597595,0.023109740264188272,0.0,0.4324680408820615,1.2531707967100771,0.04219513271468764,0.3001775446613986,0.15822105786558305,ILI,raw,172,220,raw:172:5,low,low
6,0.8439219468726447,0.04307386119224543,0.013606459792935123,0.0,0.4131368014181193,1.2531707967100771,0.04219513271468764,0.3002007559526084,0.1517773113776023,ILI,raw,172,220,raw:172:6,low,low
0,0.48482764852683113,0.015639744553798893,0.3082075283600165,0.0,0.3190052301049459,1.274089342243211,0.045681556964399225,0.26955830714688217,0.12156226235644839,ILI,raw,176,224,raw:176:0,low,low
1,0.6683367410138988,0.019566353005126796,0.5938966759618608,0.0,0.44956386961726313,1.274089342243211,0.045681556964399225,0.4272665899936288,0.16508180886055412,ILI,raw,176,224,raw:176:1,mid,low
2,0.8337060606527266,0.03178234416014035,0.7091118331650261,0.0,0.2843721083281285,1.274089342243211,0.045681556964399225,0.5248667459926311,0.11001788843084258,ILI,raw,176,224,raw:176:2,high,low
3,0.5285101569401625,0.024499181267394293,0.5368089483846137,0.0,0.3448961845223677,1.274089342243211,0.045681556964399225,0.36327276219739013,0.130192580495589,ILI,raw,176,224,raw:176:3,mid,low
4,0.7090846044546003,0.016446498343110752,0.6498569504195574,0.0,0.3077133990606466,1.274089342243211,0.045681556964399225,0.45846268440575616,0.11779831867501528,ILI,raw,176,224,raw:176:4,high,low
5,0.8494175124511822,0.013509869459012787,0.17209839393806825,0.0,0.4053554719249807,1.274089342243211,0.045681556964399225,0.3450085919494211,0.15034567629645998,ILI,raw,176,224,raw:176:5,low,low
6,0.3579855818233286,0.03100809108690139,0.48184600162054936,0.0,0.5008360775419335,1.274089342243211,0.045681556964399225,0.2902798915102598,0.18217254483544423,ILI,raw,176,224,raw:176:6,low,low
0,0.8144024179030128,0.0858234596255328,0.554839871728114,0.0,0.4029519116472158,1.3825174081124167,0.06375290124581462,0.48502191641888653,0.15556827096434347,ILI,raw,180,228,raw:180:0,high,low
1,0.9395035759321905,0.14905795081393375,0.5761857296305589,0.0,0.5522110616962584,1.3825174081124167,0.06375290124581462,0.5549157521255611,0.205321320980691,ILI,raw,180,228,raw:180:1,high,low
2,0.9426506989243258,0.052199439757681126,0.576782930524845,0.0,0.3687697909610563,1.3825174081124167,0.06375290124581462,0.5238776897356173,0.14417423073562363,ILI,raw,180,228,raw:180:2,high,low
3,0.9290268745945589,0.10225513849049017,0.545575478712198,0.0,0.5411960252007133,1.3825174081124167,0.06375290124581462,0.5256191639324157,0.20164964214884265,ILI,raw,180,228,raw:180:3,high,low
4,0.9128518095300203,0.043521659006706875,0.5850005167874328,0.0,0.4234301972457319,1.3825174081124167,0.06375290124581462,0.5137913284413868,0.16239436616384884,ILI,raw,180,228,raw:180:4,high,low
5,0.9951853834791801,0.059336668834670925,0.6156299493566176,0.0,0.6162260973859436,1.3825174081124167,0.06375290124581462,0.5567173338901562,0.22665966621058606,ILI,raw,180,228,raw:180:5,high,mid
6,0.8222628756031992,0.1318585513462585,0.5620718737549432,0.0,0.6888928509069363,1.3825174081124167,0.06375290124581462,0.505397766901467,0.2508819173842503,ILI,raw,180,228,raw:180:6,high,mid
0,0.935851661645354,0.05940113923926718,0.4700160161576653,0.0,0.43400186688458475,1.667150015244593,0.11119166902211274,0.4884229390140955,0.18173117863556584,ILI,raw,184,232,raw:184:0,high,low
1,0.9671626575101006,0.08074168584335921,0.3655953573743776,0.0,0.5643952897751129,1.667150015244593,0.11119166902211274,0.4711665669092791,0.22519565293240854,ILI,raw,184,232,raw:184:1,high,mid
2,0.9856033740023011,0.07137832372252698,0.5218247243424952,0.0,0.6486894207427348,1.667150015244593,0.11119166902211274,0.5262688073557744,0.25329369658828255,ILI,raw,184,232,raw:184:2,high,mid
3,0.9748260307559742,0.12967076695567625,0.4587058969991207,0.125,0.6199955790512659,1.667150015244593,0.11119166902211274,0.5210675649035904,0.2853957493577929,ILI,raw,184,232,raw:184:3,high,mid
4,0.984832685801089,0.1188268024158742,0.4954962979798249,0.0,0.5322241764526817,1.667150015244593,0.11119166902211274,0.5330519287322627,0.21447194849159815,ILI,raw,184,232,raw:184:4,high,low
5,0.999377713004544,0.039802630270917516,0.6058768083567334,0.25,0.8009190272964877,1.667150015244593,0.11119166902211274,0.5483523838773984,0.3873702321062001,ILI,raw,184,232,raw:184:5,high,high
6,0.9916297072776812,0.11924546998797331,0.4887820459862593,0.25,0.843217572197512,1.667150015244593,0.11119166902211274,0.5332190744173045,0.40146974707320826,ILI,raw,184,232,raw:184:6,high,high
0,0.9463426009570378,0.06152579513206731,0.3135837531203377,0.375,0.9232298115283957,2.1102738200152746,0.18504563636080304,0.440484049736481,0.4944251492963996,ILI,raw,188,236,raw:188:0,high,high
1,0.9754593082486803,0.07469692936319364,0.3800774070979716,0.375,0.9214735642427482,2.1102738200152746,0.18504563636080304,0.4767445482366152,0.4938397335345171,ILI,raw,188,236,raw:188:1,high,high
2,0.9900919848421179,0.09483054657493817,0.18453614124194231,0.25,0.9284717209288406,2.1102738200152746,0.18504563636080304,0.42315289088633284,0.4545057857632146,ILI,raw,188,236,raw:188:2,mid,high
3,0.9845434068757628,0.17106191749351912,0.07678018320089615,0.375,0.8413106467317545,2.1102738200152746,0.18504563636080304,0.4107951691900593,0.4671187610308525,ILI,raw,188,236,raw:188:3,mid,high
4,0.9890180907895019,0.14254227006510928,0.12849112678510707,0.125,0.9082595645056819,2.1102738200152746,0.18504563636080304,0.42001716254657273,0.4061017336221617,ILI,raw,188,236,raw:188:4,mid,high
5,0.9994335507781489,0.018371543777569978,0.5787292054384051,0.375,0.8713941663389453,2.1102738200152746,0.18504563636080304,0.5321780999980413,0.4771466008999161,ILI,raw,188,236,raw:188:5,high,high
6,0.9937268023404624,0.21942360129579364,0.4873360757249394,0.5,0.9337929714129216,2.1102738200152746,0.18504563636080304,0.5668288264537319,0.5396128692579082,ILI,raw,188,236,raw:188:6,high,high
0,0.9452665751287532,0.07618145646875663,0.2558801073932496,0.125,0.8243697447627668,1.8711306939578218,0.14518844875098955,0.4257760463302532,0.3648527311712521,ILI,raw,192,240,raw:192:0,mid,high
1,0.963145328856275,0.09328898927350013,0.33396171851787926,0.25,0.8518872626771115,1.8711306939578218,0.14518844875098955,0.4634653455492181,0.415691903809367,ILI,raw,192,240,raw:192:1,high,high
2,0.9885641985587975,0.06308408149461649,0.040271347630297605,0.0,0.7539295336854105,1.8711306939578218,0.14518844875098955,0.3639732092279038,0.29970599414546667,ILI,raw,192,240,raw:192:2,mid,mid
3,0.978780691547806,0.12380276965883572,0.0870985406784064,0.125,0.8066583797469767,1.8711306939578218,0.14518844875098955,0.396560667295016,0.3589489428326554,ILI,raw,192,240,raw:192:3,mid,high
4,0.9880873573865878,0.09585844202446678,0.08905844580806313,0.125,0.8028880090770338,1.8711306939578218,0.14518844875098955,0.39100141507303926,0.3576921526093411,ILI,raw,192,240,raw:192:4,mid,high
5,0.9964366089621904,0.03526623218578237,0.0035757125843846973,0.125,0.7455850815102341,1.8711306939578218,0.14518844875098955,0.34509285124411915,0.33859117675374123,ILI,raw,192,240,raw:192:5,low,high
6,0.9798053747700857,0.15119208082103905,0.0766063593886755,0.25,0.8058093675974196,1.8711306939578218,0.14518844875098955,0.4025346049932667,0.40033260544946975,ILI,raw,192,240,raw:192:6,mid,high
0,0.9039700034361793,0.06760387958764857,0.05389677342535444,0.0,0.569727008546189,1.6661832672336658,0.1110305443538934,0.3418235521497274,0.22691918430002744,ILI,raw,196,244,raw:196:0,low,mid
1,0.9087061927901717,0.1309919989907056,0.18567280764768546,0.0,0.6303221856702406,1.6661832672336658,0.1110305443538934,0.40845699980952094,0.24711757667471132,ILI,raw,196,244,raw:196:1,mid,mid
2,0.9552514437239238,0.039252280490670144,0.06822277682921533,0.0,0.448464168410953,1.6661832672336658,0.1110305443538934,0.35424216701460315,0.18649823758828213,ILI,raw,196,244,raw:196:2,mid,low
3,0.9645329746993702,0.07228985873192278,0.25449818037614136,0.0,0.673900109927412,1.6661832672336658,0.1110305443538934,0.43044033793581143,0.2616435514271018,ILI,raw,196,244,raw:196:3,mid,mid
4,0.9602773515442455,0.05255949686853668,0.11685312481460472,0.0,0.5656259039051932,1.6661832672336658,0.1110305443538934,0.37656332440912904,0.2255521494196955,ILI,raw,196,244,raw:196:4,mid,mid
5,0.9125905126990828,0.04406392422360126,0.006224451982975346,0.0,0.4903868795544362,1.6661832672336658,0.1110305443538934,0.3209596296352198,0.20047247463610987,ILI,raw,196,244,raw:196:5,low,low
6,0.8788696672216594,0.04348347739698297,0.08113695098464183,0.125,0.6157767149834265,1.6661832672336658,0.1110305443538934,0.33449669853442804,0.28393575311243996,ILI,raw,196,244,raw:196:6,low,mid
0,0.22284734635363534,0.0342308536411946,0.2793058113875903,0.0,0.353145928214067,1.5743171851297801,0.09571953069543081,0.17879467046080677,0.14962181963649926,ILI,raw,200,248,raw:200:0,low,low
1,0.58598682045957,0.04550135427665003,0.311122496380567,0.0,0.4269883347621993,1.5743171851297801,0.09571953069543081,0.314203557038929,0.17423595515254334,ILI,raw,200,248,raw:200:1,low,low
2,0.25232620851195,0.011137441316487423,0.5417719614965075,0.0,0.24326034421266454,1.5743171851297801,0.09571953069543081,0.2684118704416483,0.11299329163603178,ILI,raw,200,248,raw:200:2,low,low
3,0.1803430850856017,0.04490103256087309,0.3938696388920027,0.0,0.4899860429560026,1.5743171851297801,0.09571953069543081,0.20637125217949248,0.19523519121714447,ILI,raw,200,248,raw:200:3,low,low
4,0.07646868663136397,0.016026507409951873,0.41393179069156755,0.0,0.346027941347521,1.5743171851297801,0.09571953069543081,0.16880899491096113,0.14724915734765062,ILI,raw,200,248,raw:200:4,low,low
5,0.6386209423434637,0.03451324728404841,0.4817547270614172,0.0,0.44624736826194134,1.5743171851297801,0.09571953069543081,0.3849629722296431,0.1806556329857907,ILI,raw,200,248,raw:200:5,mid,low
6,0.1961459168091677,0.05488299097471292,0.37764322570434616,0.0,0.5700447593884812,1.5743171851297801,0.09571953069543081,0.20955737782940895,0.22192143002797068,ILI,raw,200,248,raw:200:6,low,mid
0,0.6589295916816421,0.04875017231165166,0.7951519599163904,0.0,0.3705926926158696,1.582923395381135,0.097153899068266,0.5009439079698947,0.15591553056137852,ILI,raw,204,252,raw:204:0,high,low
1,0.6449831466398204,0.10176880649446393,0.6072637754905972,0.0,0.4219500068578545,1.582923395381135,0.097153899068266,0.4513385762082938,0.17303463530870686,ILI,raw,204,252,raw:204:1,high,low
2,0.725017775462063,0.0348821047113096,0.7163986748303804,0.0,0.3523341554725255,1.582923395381135,0.097153899068266,0.4920995183345844,0.14982935151359716,ILI,raw,204,252,raw:204:2,high,low
3,0.519427739786456,0.07800098766789723,0.8437861314329308,0.0,0.4873015573624586,1.582923395381135,0.097153899068266,0.48040495296242797,0.1948184854769082,ILI,raw,204,252,raw:204:3,high,low
4,0.5732188895903655,0.039755876768847676,0.7078314104391207,0.0,0.3710557684876972,1.582923395381135,0.097153899068266,0.44026872559944463,0.15606988918532108,ILI,raw,204,252,raw:204:4,high,low
5,0.960767860179101,0.08646307132242012,0.20287278954612442,0.0,0.5880987149035513,1.582923395381135,0.097153899068266,0.4167012403492152,0.22841753799060574,ILI,raw,204,252,raw:204:5,mid,mid
6,0.7265753521417978,0.15012288801838247,0.6882264437107358,0.0,0.6711890688316604,1.582923395381135,0.097153899068266,0.5216415612903054,0.2561143226333088,ILI,raw,204,252,raw:204:6,high,mid
0,0.8856356411839863,0.05472702474914683,0.8126453028671692,0.0,0.5920308678661311,1.6124803433056238,0.10208005704747054,0.5843359896001008,0.2313703083045339,ILI,raw,208,256,raw:208:0,high,mid
1,0.8960335029660904,0.06981787465787664,0.8668828319072174,0.125,0.6230541236207718,1.6124803433056238,0.10208005704747054,0.6109114031770614,0.2833780602227475,ILI,raw,208,256,raw:208:1,high,mid
2,0.9037879022241798,0.04866302121517744,0.5789723858150131,0.125,0.6505767916583314,1.6124803433056238,0.10208005704747054,0.5104744364181234,0.29255228290193397,ILI,raw,208,256,raw:208:2,high,mid
3,0.9335923339098858,0.051125717971224616,0.9179823744107222,0.125,0.678837396790023,1.6124803433056238,0.10208005704747054,0.6342334754306109,0.30197248461249787,ILI,raw,208,256,raw:208:3,high,mid
4,0.9236645677044624,0.03826540750663121,0.727290618922593,0.125,0.6210276154359132,1.6124803433056238,0.10208005704747054,0.5630735313778955,0.28270255749446127,ILI,raw,208,256,raw:208:4,high,mid
5,0.9882745089253246,0.33371572344822653,0.35171654804846725,0.125,0.7095116207152967,1.6124803433056238,0.10208005704747054,0.5579022601406728,0.3121972259209224,ILI,raw,208,256,raw:208:5,high,mid
6,0.9541395331223198,0.5438762473575685,0.2121771269899957,0.5,0.8324679713919434,1.6124803433056238,0.10208005704747054,0.5700643024899613,0.4781826761464713,ILI,raw,208,256,raw:208:6,high,high
0,0.9374015473615951,0.048957757624193576,0.03625933297884775,0.125,0.8111930153910318,1.4117684179038639,0.06862806953626387,0.3408728793215454,0.33494036164243185,ILI,raw,212,260,raw:212:0,low,high
1,0.9445575002594777,0.03955933482291907,0.13934370811285782,0.25,0.8431147365869132,1.4117684179038639,0.06862806953626387,0.37448684773175156,0.38724760204105896,ILI,raw,212,260,raw:212:1,mid,high
2,0.9739327393928798,0.021391303567904675,0.06422925980609145,0.125,0.8417297236624938,1.4117684179038639,0.06862806953626387,0.35318443425562535,0.3451192643995859,ILI,raw,212,260,raw:212:2,mid,high
3,0.9720707240918461,0.018617820648853214,0.1617774429234952,0.25,0.7907654192593623,1.4117684179038639,0.06862806953626387,0.38415532922139817,0.369797829598542,ILI,raw,212,260,raw:212:3,mid,high
4,0.9691780479162749,0.010484962166318718,0.12404336155636735,0.125,0.7804515862933256,1.4117684179038639,0.06862806953626387,0.36790212387965365,0.32469321860986317,ILI,raw,212,260,raw:212:4,mid,high
5,0.9982709993612872,0.07577122932650604,0.2474514850938621,0.0,0.6771947452616618,1.4117684179038639,0.06862806953626387,0.44049790459388505,0.2486076049326419,ILI,raw,212,260,raw:212:5,high,mid
6,0.9897088110355402,0.11722515456861936,0.229810693012631,0.25,0.8713001837516714,1.4117684179038639,0.06862806953626387,0.4455815528722635,0.3966427510959784,ILI,raw,212,260,raw:212:6,high,high
0,0.9374015473615951,0.06195069613727843,0.02975631288709393,0.125,0.8689665271387238,1.6440720214393438,0.10734533672764841,0.34303618546198916,0.36710395462212403,ILI,raw,216,264,raw:216:0,low,high
1,0.9476695547791527,0.05202702884880593,0.0409932575370694,0.0,0.8769128541499969,1.6440720214393438,0.10734533672764841,0.346896613721676,0.3280860636258818,ILI,raw,216,264,raw:216:1,low,high
2,0.9719237402869646,0.0978036941999827,0.039313535419318445,0.125,0.8342374095422043,1.6440720214393438,0.10734533672764841,0.3696803233020885,0.3555275820899509,ILI,raw,216,264,raw:216:2,mid,high
3,0.9686464869273081,0.06423540911273595,0.07919345690618641,0.0,0.8812041916346934,1.6440720214393438,0.10734533672764841,0.3706917843154102,0.329516509454114,ILI,raw,216,264,raw:216:3,mid,high
4,0.9678946571884631,0.09470958214223615,0.0611199998613231,0.125,0.8894258008089156,1.6440720214393438,0.10734533672764841,0.3745747463973408,0.3739237125121881,ILI,raw,216,264,raw:216:4,mid,high
5,0.9942717519357548,0.22948812116178352,0.17200013078022333,0.125,0.920923581744832,1.6440720214393438,0.10734533672764841,0.4652533346259205,0.38442297282416016,ILI,raw,216,264,raw:216:5,high,high
6,0.9704212065500027,0.087309100999486,0.28086590070026995,0.125,0.9450106042883484,1.6440720214393438,0.10734533672764841,0.4461987360832529,0.39245198033866563,ILI,raw,216,264,raw:216:6,high,high
0,0.9195499365431998,0.030276106546652456,0.04949792754623184,0.125,0.5219135033858242,1.434292502264517,0.07238208359011603,0.333107990212028,0.23976519565864673,ILI,raw,220,268,raw:220:0,low,mid
1,0.927656850238173,0.03839939817518394,0.08084480187813059,0.125,0.5252723057062992,1.434292502264517,0.07238208359011603,0.3489670167638292,0.24088479643213842,ILI,raw,220,268,raw:220:1,mid,mid
2,0.9651721584365408,0.10922454596190469,0.034975250112681947,0.125,0.46364466161681694,1.434292502264517,0.07238208359011603,0.3697906515037091,0.22034224840231098,ILI,raw,220,268,raw:220:2,mid,mid
3,0.9605434433904535,0.04223784091682095,0.08081897023367654,0.125,0.5909489663629399,1.434292502264517,0.07238208359011603,0.3612000848469837,0.26277701665101866,ILI,raw,220,268,raw:220:3,mid,mid
4,0.9620221728197589,0.06577356129389289,0.05850017191617423,0.125,0.4911951047228258,1.434292502264517,0.07238208359011603,0.36209863534327535,0.22952572943764726,ILI,raw,220,268,raw:220:4,mid,mid
5,0.9595138022009357,0.0424690240829622,0.34605009724333524,0.0,0.6466352712737014,1.434292502264517,0.07238208359011603,0.4493443078424111,0.23967245162127246,ILI,raw,220,268,raw:220:5,high,mid
6,0.9433866632155106,0.08544548947607952,0.011255969493850883,0.0,0.6629164132870657,1.434292502264517,0.07238208359011603,0.3466960407284803,0.24509949895906058,ILI,raw,220,268,raw:220:6,low,mid
0,0.6072415517985608,0.037890444164205436,0.1421387768783237,0.0,0.33868057129050466,1.2932610445241568,0.04887684067256473,0.26242359094703,0.12918580398768978,ILI,raw,224,272,raw:224:0,low,low
1,0.6538037653123173,0.037885080490307796,0.15489194243078003,0.0,0.3469564056696671,1.2932610445241568,0.04887684067256473,0.2821935960778017,0.13194441544741062,ILI,raw,224,272,raw:224:1,low,low
2,0.7482821653552518,0.027231212975522747,0.25595644999176537,0.0,0.2734872211697899,1.2932610445241568,0.04887684067256473,0.3438232761075133,0.10745468728078489,ILI,raw,224,272,raw:224:2,low,low
3,0.8013130696660055,0.05195194632145421,0.2599724966076003,0.0,0.37992306046288943,1.2932610445241568,0.04887684067256473,0.37107917086502,0.14293330037848473,ILI,raw,224,272,raw:224:3,mid,low
4,0.7965325708744795,0.04039105034215135,0.25506874053475576,0.0,0.29698109838622716,1.2932610445241568,0.04887684067256473,0.3639974539171289,0.11528597968626397,ILI,raw,224,272,raw:224:4,mid,low
5,0.9090835760860011,0.05876347396861714,0.1364216960614296,0.0,0.38707302569039087,1.2932610445241568,0.04887684067256473,0.36808958203868264,0.1453166221209852,ILI,raw,224,272,raw:224:5,mid,low
6,0.5110532222054402,0.06281112558178473,0.17778850322228268,0.0,0.46816083883616194,1.2932610445241568,0.04887684067256473,0.25055095033650254,0.17234589316957558,ILI,raw,224,272,raw:224:6,low,low
0,0.2916346435150736,0.025010868250626844,0.05331584106315961,0.0,0.39295583675285195,1.35476482253697,0.05912747032428254,0.12332045094295335,0.15069443569237817,ILI,raw,228,276,raw:228:0,low,low
1,0.5230275076724694,0.03156549404276734,0.265636142193851,0.0,0.3622898034660649,1.35476482253697,0.05912747032428254,0.2734097146363626,0.14047242459678247,ILI,raw,228,276,raw:228:1,low,low
2,0.7833162134422493,0.09928009927286241,0.3616438164189953,0.0,0.3019295851868866,1.35476482253697,0.05912747032428254,0.414746709711369,0.12035235183705639,ILI,raw,228,276,raw:228:2,mid,low
3,0.49866694297273917,0.06764006232010222,0.3764926958632556,0.0,0.42759744547631406,1.35476482253697,0.05912747032428254,0.3142665670520323,0.16224163860019888,ILI,raw,228,276,raw:228:3,low,low
4,0.6050193176273135,0.045707319517692906,0.41463338601070554,0.0,0.3141093311746749,1.35476482253697,0.05912747032428254,0.3551200077185707,0.12441226716631915,ILI,raw,228,276,raw:228:4,mid,low
5,0.8342871401096942,0.022662089333469235,0.09879030695650068,0.0,0.3670500409642873,1.35476482253697,0.05912747032428254,0.3185798454665547,0.1420591704295233,ILI,raw,228,276,raw:228:5,low,low
6,0.48112614832254286,0.031031523756843038,0.34387650796334235,0.0,0.6031143696212127,1.35476482253697,0.05912747032428254,0.28534472668090943,0.22074727998183175,ILI,raw,228,276,raw:228:6,low,mid
0,0.8083129202675821,0.035704355310573754,0.42219994164187835,0.0,0.66046485125596,1.494056926696531,0.08234282097885044,0.42207240574001137,0.2476025574116035,ILI,raw,232,280,raw:232:0,mid,mid
1,0.8504137239725249,0.055378773021541296,0.6048940113131985,0.0,0.6390707819518424,1.494056926696531,0.08234282097885044,0.5035621694357549,0.24047120097689764,ILI,raw,232,280,raw:232:1,high,mid
2,0.952955871151809,0.06617753227007417,0.5522364366753948,0.125,0.455553825875693,1.494056926696531,0.08234282097885044,0.5237899466990926,0.22096554895151452,ILI,raw,232,280,raw:232:2,high,mid
3,0.9330163107926039,0.1371262250576407,0.5691890304368251,0.125,0.812571962679942,1.494056926696531,0.08234282097885044,0.5464438554290232,0.33997159455293086,ILI,raw,232,280,raw:232:3,high,high
4,0.9352380830406579,0.15400660345947864,0.554218050945543,0.125,0.7033040163413601,1.494056926696531,0.08234282097885044,0.5478209124818932,0.3035489457734035,ILI,raw,232,280,raw:232:4,high,mid
5,0.9772423506354267,0.07208874299189605,0.48380537716971267,0.0,0.5750976737713981,1.494056926696531,0.08234282097885044,0.5110454902656785,0.2191468315834162,ILI,raw,232,280,raw:232:5,high,low
6,0.9422607165407756,0.1741048004460814,0.48023839752589087,0.0,0.7538313809363069,1.494056926696531,0.08234282097885044,0.5322013048375825,0.2787247339717191,ILI,raw,232,280,raw:232:6,high,mid
0,0.9040869914375651,0.08233753604694187,0.28357743703372357,0.0,0.6310660779292071,1.4792791493859687,0.07987985809786169,0.42333398817274354,0.2369819786756896,ILI,raw,236,284,raw:236:0,mid,mid
1,0.9339318818301434,0.07575197148243239,0.26549057852264946,0.0,0.6259358834870875,1.4792791493859687,0.07987985809786169,0.4250581439450751,0.23527191386164972,ILI,raw,236,284,raw:236:1,mid,mid
2,0.9892086314157602,0.35013844763898083,0.46484494851878366,0.125,0.7243200359371342,1.4792791493859687,0.07987985809786169,0.6013973425245083,0.3097332980116653,ILI,raw,236,284,raw:236:2,high,mid
3,0.9760498870280869,0.08496772906834948,0.36656188516219823,0.0,0.7548903536578669,1.4792791493859687,0.07987985809786169,0.47585983375287827,0.2782567372519095,ILI,raw,236,284,raw:236:3,high,mid
4,0.9750058660397336,0.0792265157968838,0.4271272403170325,0.0,0.6855308578138616,1.4792791493859687,0.07987985809786169,0.49378654071788336,0.25513690530390776,ILI,raw,236,284,raw:236:4,high,mid
5,0.9966567549469582,0.046870911321406916,0.5631650758706244,0.125,0.7746223331395077,1.4792791493859687,0.07987985809786169,0.5355642473796631,0.3265007304124565,ILI,raw,236,284,raw:236:5,high,high
6,0.9989320169741267,0.05407145135848236,0.5082045393226894,0.375,0.8330823953510191,1.4792791493859687,0.07987985809786169,0.5204026692184328,0.4293207511496269,ILI,raw,236,284,raw:236:6,high,high
0,0.9371905567819753,0.05443652869952639,0.012571500473054414,0.25,0.8214163648537608,1.9931569836910754,0.16552616367263562,0.334732861984852,0.41231417617546545,ILI,raw,240,288,raw:240:0,low,high
1,0.9504078194994096,0.07157838535393954,0.01772177232774459,0.25,0.8119353201479003,1.9931569836910754,0.16552616367263562,0.3465693257270312,0.4091538279401787,ILI,raw,240,288,raw:240:1,low,high
2,0.9942635994282808,0.31869039667077337,0.07947976281505972,0.25,0.8560417355952231,1.9931569836910754,0.16552616367263562,0.4641445863047046,0.42385596642261963,ILI,raw,240,288,raw:240:2,high,high
3,0.9771293534859667,0.11995450441630603,0.9318692063431282,0.125,0.738424443654277,1.9931569836910754,0.16552616367263562,0.6763176880818004,0.3429835357756375,ILI,raw,240,288,raw:240:3,high,high
4,0.9815759638960384,0.12158458502203848,0.6446593983092784,0.125,0.7547456861433866,1.9931569836910754,0.16552616367263562,0.5826066490757852,0.34842394993867404,ILI,raw,240,288,raw:240:4,high,high
5,0.9981992987831195,0.04116161939065281,0.7654110142421557,0.375,0.863718502838709,1.9931569836910754,0.16552616367263562,0.6015906441386427,0.46808155550378155,ILI,raw,240,288,raw:240:5,high,high
6,0.9983001244868197,0.30758003782222954,0.6344813466020578,0.375,0.9143582288991343,1.9931569836910754,0.16552616367263562,0.6467871696370356,0.48496146419059,ILI,raw,240,288,raw:240:6,high,high
0,0.9284307865839911,0.025841139106604814,0.09307533269241551,0.25,0.7523246563227463,1.8868075318448203,0.14780125506113462,0.34911575279433715,0.383375303794627,ILI,raw,244,292,raw:244:0,mid,high
1,0.9359896114180112,0.03795370934817127,0.049444933410105286,0.25,0.7681841003193227,1.8868075318448203,0.14780125506113462,0.34112941805876257,0.3886617851268192,ILI,raw,244,292,raw:244:1,low,high
2,0.9875294311854829,0.032903962163993966,0.00567235188761727,0.125,0.6954531088238516,1.8868075318448203,0.14780125506113462,0.3420352484123647,0.3227514546283287,ILI,raw,244,292,raw:244:2,low,high
3,0.9678757644707224,0.11941129323192863,0.053999849800133025,0.125,0.7095832191219515,1.8868075318448203,0.14780125506113462,0.38042896916759467,0.32746149139436204,ILI,raw,244,292,raw:244:3,mid,high
4,0.9756602115152674,0.09073527932158185,0.018957943419918726,0.125,0.7279853243594233,1.8868075318448203,0.14780125506113462,0.3617844780855893,0.3335955264735193,ILI,raw,244,292,raw:244:4,mid,high
5,0.9865372959685047,0.055953369297590254,0.0020041886933186417,0.125,0.7378481848170514,1.8868075318448203,0.14780125506113462,0.34816495131980457,0.336883146626062,ILI,raw,244,292,raw:244:5,low,high
6,0.9888477352827372,0.14432064432165143,0.08121154556893352,0.25,0.800612682492915,1.8868075318448203,0.14780125506113462,0.40479330839110733,0.3994713125180165,ILI,raw,244,292,raw:244:6,mid,high
0,0.8574423656776182,0.05157411429393566,0.42263305787852007,0.0,0.6894552355150287,1.6718148374673476,0.11196913939127603,0.44388317928335796,0.2671414583021016,ILI,raw,248,296,raw:248:0,high,mid
1,0.8487209707441432,0.055435117068407536,0.38088683499318676,0.0,0.7088550070148123,1.6718148374673476,0.11196913939127603,0.4283476409352458,0.27360804880202944,ILI,raw,248,296,raw:248:1,mid,mid
2,0.923138491101068,0.027477100495866193,0.18005714862198752,0.125,0.4929915967411176,1.6718148374673476,0.11196913939127603,0.37689091340630726,0.24332024537746455,ILI,raw,248,296,raw:248:2,mid,mid
3,0.8870944181684345,0.028548042190338203,0.40223591747261805,0.0,0.751470958024786,1.6718148374673476,0.11196913939127603,0.43929279261046356,0.28781336580535405,ILI,raw,248,296,raw:248:3,high,mid
4,0.9215622291155239,0.012181816706684421,0.34848345664775465,0.0,0.7206589729446456,1.6718148374673476,0.11196913939127603,0.42740916748998764,0.2775427041119739,ILI,raw,248,296,raw:248:4,mid,mid
5,0.9570378413269497,0.056068396069618685,0.011682026096899698,0.0,0.4702342369989539,1.6718148374673476,0.11196913939127603,0.3415960878311561,0.19406779213007663,ILI,raw,248,296,raw:248:5,low,low
6,0.7923365775819032,0.03354182677779688,0.08295174273070291,0.125,0.6903489172124078,1.6718148374673476,0.11196913939127603,0.3029433823634677,0.3091060188678946,ILI,raw,248,296,raw:248:6,low,mid
0,0.5827867179862274,0.13357899691505445,0.4074541116201582,0.0,0.5805017122409633,1.61044158300827,0.10174026366514455,0.37460660884048,0.2274139919687026,ILI,raw,252,300,raw:252:0,mid,mid
1,0.402575161046667,0.09911233320079055,0.4160228025721653,0.0,0.5921673715738389,1.61044158300827,0.10174026366514455,0.30590343227320765,0.23130254507966116,ILI,raw,252,300,raw:252:1,low,mid
2,0.264422908066104,0.04338691555358733,0.49183955718834643,0.125,0.3396242976726135,1.61044158300827,0.10174026366514455,0.2665497936026793,0.18878818711258602,ILI,raw,252,300,raw:252:2,low,low
3,0.5618709665555797,0.10862634309838216,0.4613772453655843,0.0,0.6746480359263782,1.61044158300827,0.10174026366514455,0.3772915183398487,0.25879609986384094,ILI,raw,252,300,raw:252:3,mid,mid
4,0.6254466953027635,0.07837195390008633,0.40782247781051917,0.0,0.60266342548914,1.61044158300827,0.10174026366514455,0.3705470423377897,0.23480122971809483,ILI,raw,252,300,raw:252:4,mid,mid
5,0.64072717986791,0.0401106556150498,0.3342224283633607,0.0,0.4142861446806884,1.61044158300827,0.10174026366514455,0.3383534212821068,0.17200880278194433,ILI,raw,252,300,raw:252:5,low,low
6,0.48065020949576365,0.02457867356704803,0.25489878044486713,0.0,0.6423233855584431,1.61044158300827,0.10174026366514455,0.25337588783589293,0.24802121640786257,ILI,raw,252,300,raw:252:6,low,mid
0,0.717412346570371,0.030220656898250865,0.9816209454275396,0.0,0.559302570643706,1.5780921706719166,0.09634869495140495,0.5764179829653872,0.218550421865037,ILI,raw,256,304,raw:256:0,high,low
1,0.7113161282004314,0.04165813827659908,0.971861400835267,0.0,0.5674882231261684,1.5780921706719166,0.09634869495140495,0.5749452224374325,0.22127897269252447,ILI,raw,256,304,raw:256:1,high,mid
2,0.7455446157341035,0.01360061342594994,0.8099171690045874,0.125,0.4031999282065672,1.5780921706719166,0.09634869495140495,0.5230207993882137,0.20818287438599073,ILI,raw,256,304,raw:256:2,high,low
3,0.5545234761174673,0.07771208693497333,0.9717162603885438,0.0,0.6530192621853458,1.5780921706719166,0.09634869495140495,0.5346506078136615,0.24978931904558357,ILI,raw,256,304,raw:256:3,high,mid
4,0.5769836081257665,0.07947463238192061,0.9928935451299754,0.0,0.5728074824763869,1.5780921706719166,0.09634869495140495,0.5497839285458875,0.2230520591425973,ILI,raw,256,304,raw:256:4,high,mid
5,0.937639797320752,0.1121569534682949,0.2595717229339217,0.0,0.5313496112814873,1.5780921706719166,0.09634869495140495,0.4364561579076562,0.20923276874429741,ILI,raw,256,304,raw:256:5,mid,low
6,0.6943977767969827,0.20270067557321542,0.7426077715731324,0.125,0.7129710336623677,1.5780921706719166,0.09634869495140495,0.5465687413144434,0.3114399095379242,ILI,raw,256,304,raw:256:6,high,mid
0,0.8828707819162617,0.09283992375930641,0.9632051346305157,0.0,0.62351950728642,1.4286467005681345,0.07144111664228722,0.6463052801020279,0.23165354130956908,ILI,raw,260,308,raw:260:0,high,mid
1,0.9105769562855831,0.0653924238162032,0.9614570857257217,0.0,0.6508337655944315,1.4286467005681345,0.07144111664228722,0.6458088219425027,0.24075829407890625,ILI,raw,260,308,raw:260:1,high,mid
2,0.8619727690674734,0.01860832723439771,0.862065436573676,0.0,0.6872578377306868,1.4286467005681345,0.07144111664228722,0.5808821776251823,0.252899651457658,ILI,raw,260,308,raw:260:2,high,mid
3,0.9033789201064765,0.10559745065667978,0.733319330657356,0.0,0.7154559592644739,1.4286467005681345,0.07144111664228722,0.5807652338068374,0.26229902530225374,ILI,raw,260,308,raw:260:3,high,mid
4,0.8715565793013792,0.05893561202266595,0.7704438227035019,0.0,0.6681315702173409,1.4286467005681345,0.07144111664228722,0.5669786713425157,0.24652422895320938,ILI,raw,260,308,raw:260:4,high,mid
5,0.9789801121040441,0.30147759068847757,0.31677890992640345,0.125,0.6120863001798353,1.4286467005681345,0.07144111664228722,0.5324122042396416,0.26950913894070755,ILI,raw,260,308,raw:260:5,high,mid
6,0.9353972775570601,0.3604770534143549,0.20583433247514926,0.25,0.8504481811612332,1.4286467005681345,0.07144111664228722,0.5005695544821881,0.3906297659345068,ILI,raw,260,308,raw:260:6,high,high
0,0.9624453970311919,0.09203900787878366,0.10991491933327194,0.125,0.7076137200779498,1.2094371176172127,0.03490618621135848,0.38813310808108253,0.28917330209643605,ILI,raw,264,312,raw:264:0,mid,mid
1,0.9526223927562208,0.10842747786331024,0.24300606985629325,0.125,0.737902549046567,1.2094371176172127,0.03490618621135848,0.43468531349194145,0.2992695784193085,ILI,raw,264,312,raw:264:1,mid,mid
2,0.9685642139323603,0.10042717125022288,0.10230096520365306,0.125,0.7787209306763173,1.2094371176172127,0.03490618621135848,0.39043078346207877,0.31287570562922523,ILI,raw,264,312,raw:264:2,mid,mid
3,0.9645612946851921,0.05047080107232152,0.21966394536212377,0.125,0.7497735342597732,1.2094371176172127,0.03490618621135848,0.4115653470398792,0.30322657349037724,ILI,raw,264,312,raw:264:3,mid,mid
4,0.9587448507759135,0.04350283084790639,0.32389800300698995,0.125,0.7248812538318133,1.2094371176172127,0.03490618621135848,0.44204856154360334,0.29492914668105724,ILI,raw,264,312,raw:264:4,high,mid
5,0.997952888181112,0.08114563604261478,0.24421279969228024,0.0,0.6532861197901975,1.2094371176172127,0.03490618621135848,0.441103774638669,0.22939743533385196,ILI,raw,264,312,raw:264:5,high,mid
6,0.9480082700177654,0.053167965592369776,0.18245761452311576,0.25,0.8101198574791308,1.2094371176172127,0.03490618621135848,0.3945446167110837,0.3650086812301631,ILI,raw,264,312,raw:264:6,mid,high
0,0.9620875338444593,0.10429257075346651,0.006685851561474889,0.125,0.7390669238261856,1.296100382051762,0.049350063593043565,0.35768865205313355,0.30447232913974304,ILI,raw,268,316,raw:268:0,mid,mid
1,0.9516106768891216,0.08221786550499738,0.02044317051671789,0.125,0.7363664707945572,1.296100382051762,0.049350063593043565,0.35142390430361226,0.3035721781292003,ILI,raw,268,316,raw:268:1,mid,mid
2,0.96845669533816,0.11834530033301888,0.03229305378727326,0.25,0.7929001613889779,1.296100382051762,0.049350063593043565,0.3730316831528174,0.3640834083273405,ILI,raw,268,316,raw:268:2,mid,high
3,0.9581403471332627,0.06946440200789203,0.08529772222204937,0.125,0.7314006267403819,1.296100382051762,0.049350063593043565,0.37096749045440136,0.3019168967778085,ILI,raw,268,316,raw:268:3,mid,mid
4,0.953350843252877,0.09958867242092016,0.061833192678495054,0.125,0.7396802426055156,1.296100382051762,0.049350063593043565,0.37159090278409734,0.30467676873285304,ILI,raw,268,316,raw:268:4,mid,mid
5,0.9919643684491571,0.20236334096694342,0.11596537254133883,0.125,0.9211288043205403,1.296100382051762,0.049350063593043565,0.43676436065247976,0.3651596226378613,ILI,raw,268,316,raw:268:5,mid,high
6,0.9184914031025806,0.10931293024631017,0.19628743495836917,0.125,0.9257856692807938,1.296100382051762,0.049350063593043565,0.4080305894357534,0.36671191095794575,ILI,raw,268,316,raw:268:6,mid,high
0,0.9642304040853096,0.04729358581971013,0.06099477564913832,0.125,0.7603153053948053,1.3396609226355731,0.05661015367824527,0.3575062551847193,0.3139751530243502,ILI,raw,272,320,raw:272:0,mid,mid
1,0.9493950936134733,0.06011052428590516,0.06999722743676856,0.125,0.7823849759830289,1.3396609226355731,0.05661015367824527,0.3598342817787157,0.3213317098870914,ILI,raw,272,320,raw:272:1,mid,high
2,0.9573403441271022,0.06369820546077584,0.08008249405889802,0.125,0.6200449314707863,1.3396609226355731,0.05661015367824527,0.36704034788225864,0.2672183617163439,ILI,raw,272,320,raw:272:2,mid,mid
3,0.9563942075732558,0.0637648022491617,0.14598384989013594,0.125,0.7693654480273933,1.3396609226355731,0.05661015367824527,0.3887142865708512,0.31699186723521283,ILI,raw,272,320,raw:272:3,mid,mid
4,0.9560981084938808,0.05773669126645804,0.10568661545089096,0.125,0.7602226769982953,1.3396609226355731,0.05661015367824527,0.37317380507040987,0.3139442768921802,ILI,raw,272,320,raw:272:4,mid,mid
5,0.980941700066548,0.02840963147835445,0.06578491121958176,0.0,0.6547078575196952,1.3396609226355731,0.05661015367824527,0.35837874758816146,0.23710600373264681,ILI,raw,272,320,raw:272:5,mid,mid
6,0.9040175744990072,0.056740301674463776,0.0506166055987638,0.0,0.7059587660815655,1.3396609226355731,0.05661015367824527,0.3371248272574116,0.2541896399199369,ILI,raw,272,320,raw:272:6,low,mid
0,0.7877454599125777,0.06572398285093849,0.09100493328275808,0.0,0.5941371402007487,1.2563860595020426,0.04273100984578876,0.31482479201542474,0.2122893833488458,ILI,raw,276,324,raw:276:0,low,low
1,0.77835797579534,0.061344508126089145,0.05835894772301199,0.0,0.6482150371814236,1.2563860595020426,0.04273100984578876,0.2993538105481471,0.2303153490090708,ILI,raw,276,324,raw:276:1,low,mid
2,0.8331184951143747,0.06539425853890884,0.13696768381584956,0.0,0.4152251696873037,1.2563860595020426,0.04273100984578876,0.3451601458230444,0.15265205984436417,ILI,raw,276,324,raw:276:2,low,low
3,0.6858728928902043,0.06427441991299057,0.24070120982839754,0.0,0.6598203199307189,1.2563860595020426,0.04273100984578876,0.33028284087719745,0.23418377659216918,ILI,raw,276,324,raw:276:3,low,mid
4,0.8221667849480376,0.06205490495892543,0.15568261537443562,0.0,0.6016309178076901,1.2563860595020426,0.04273100984578876,0.3466347684271329,0.2147873092178263,ILI,raw,276,324,raw:276:4,low,low
5,0.9271824649789472,0.07007942283196443,0.14823441080921834,0.0,0.3915500432601458,1.2563860595020426,0.04273100984578876,0.3818320995400433,0.1447603510353115,ILI,raw,276,324,raw:276:5,mid,low
6,0.7954742422146481,0.07315138478448002,0.0615252148316125,0.0,0.4199038277627859,1.2563860595020426,0.04273100984578876,0.3100502806102469,0.15421161253619156,ILI,raw,276,324,raw:276:6,low,low
0,0.21793310836555158,0.008231249388863993,0.28524241832975566,0.0,0.6130261391888464,1.27793088282062,0.04632181372623364,0.17046892536139038,0.21978265097169336,ILI,raw,280,328,raw:280:0,low,low
1,0.1339936576374352,0.014489713942545782,0.0905540967356561,0.0,0.6233454689800791,1.27793088282062,0.04632181372623364,0.07967915610521237,0.22322242756877095,ILI,raw,280,328,raw:280:1,low,mid
2,0.5767444006632563,0.03917628630661302,0.08985991252966517,0.0,0.39341028743813106,1.27793088282062,0.04632181372623364,0.23526019983317814,0.14657736705478822,ILI,raw,280,328,raw:280:2,low,low
3,0.5270705573732888,0.06912295430522031,0.12948217034427317,0.0,0.6942989749006433,1.27793088282062,0.04632181372623364,0.24189189400759412,0.246873596208959,ILI,raw,280,328,raw:280:3,low,mid
4,0.49296765399766207,0.032922206264023555,0.05978740046682514,0.0,0.5772113431793191,1.27793088282062,0.04632181372623364,0.19522575357617025,0.20784438563518426,ILI,raw,280,328,raw:280:4,low,low
5,0.8848402943778929,0.021560449674344593,0.07324835941400651,0.0,0.3798617913970963,1.27793088282062,0.04632181372623364,0.32654970115541465,0.14206120170777664,ILI,raw,280,328,raw:280:5,low,low
6,0.24708345916753205,0.061535394386027745,0.013775112731431187,0.0,0.5853233819934864,1.27793088282062,0.04632181372623364,0.10746465542833032,0.21054839857324004,ILI,raw,280,328,raw:280:6,low,low
0,0.6411924290693161,0.035427000186576935,0.8024115485304422,0.0,0.6149897283019471,1.5613282181273855,0.09355470286530641,0.4930103259287784,0.23618147705575118,ILI,raw,284,332,raw:284:0,high,mid
1,0.7210810054039107,0.09551821450458892,0.5245790007435518,0.0,0.616469686457636,1.5613282181273855,0.09355470286530641,0.4470594068840172,0.2366747964409808,ILI,raw,284,332,raw:284:1,high,mid
2,0.7380977385013843,0.03316118669370989,0.665703733797628,0.0,0.3236331788685562,1.5613282181273855,0.09355470286530641,0.47898755299757406,0.13906262724462087,ILI,raw,284,332,raw:284:2,high,low
3,0.8394200575868993,0.14168292321309917,0.6462367156456429,0.125,0.7164117632757188,1.5613282181273855,0.09355470286530641,0.5424465654818804,0.31165548871367504,ILI,raw,284,332,raw:284:3,high,mid
4,0.8076633671159024,0.053849096976908276,0.6684662322760123,0.0,0.5669862458991944,1.5613282181273855,0.09355470286530641,0.5099928987896076,0.2201803162548336,ILI,raw,284,332,raw:284:4,high,mid
5,0.9814889749693968,0.0853543005212602,0.5674589244334008,0.0,0.5790466449402721,1.5613282181273855,0.09355470286530641,0.5447673999746859,0.2242004492685262,ILI,raw,284,332,raw:284:5,high,mid
6,0.9206946959999205,0.1806179030726126,0.5311485705886388,0.0,0.7352517927957154,1.5613282181273855,0.09355470286530641,0.5441537232203907,0.2762688318870073,ILI,raw,284,332,raw:284:6,high,mid
0,0.8980893215241449,0.022394673219904085,0.1877419443052557,0.0,0.5396369439471552,1.764067914897603,0.12734465227069275,0.36940864634976817,0.22232719873928267,ILI,raw,288,336,raw:288:0,mid,mid
1,0.9057489514625131,0.054898593329603194,0.1302957819205484,0.0,0.5347428666236685,1.764067914897603,0.12734465227069275,0.36364777557088823,0.22069583963145378,ILI,raw,288,336,raw:288:1,mid,mid
2,0.9342257433700283,0.0761847848794014,0.3907694011233075,0.0,0.37615614728400243,1.764067914897603,0.12734465227069275,0.46705997645757913,0.16783359985156507,ILI,raw,288,336,raw:288:2,high,low
3,0.9542249854807602,0.059367340060662716,0.08369259033018706,0.0,0.6843743675040693,1.764067914897603,0.12734465227069275,0.36576163862387,0.2705730065915874,ILI,raw,288,336,raw:288:3,mid,mid
4,0.9415026702056141,0.06645202311199358,0.22778803392995814,0.0,0.5751875368939007,1.764067914897603,0.12734465227069275,0.4119142424158552,0.23417739638819782,ILI,raw,288,336,raw:288:4,mid,mid
5,0.9997838720608051,0.0771945827796218,0.5100859304740829,0.25,0.7674396455677862,1.764067914897603,0.12734465227069275,0.5290214617715033,0.38159476594615965,ILI,raw,288,336,raw:288:5,high,high
6,0.9774675748977623,0.1162916595586593,0.35758269967248607,0.375,0.8314331833647984,1.764067914897603,0.12734465227069275,0.48378064470963583,0.4445926118784971,ILI,raw,288,336,raw:288:6,high,high
0,0.9368168110378491,0.06892575899576361,0.17092818002037666,0.125,0.8004376816820162,2.2715101655132166,0.21191836056567218,0.39222358335132973,0.3791186807492295,ILI,raw,292,340,raw:292:0,mid,high
1,0.9245063913222769,0.06753579994450967,0.3260875382456423,0.125,0.8027602048836786,2.2715101655132166,0.21191836056567218,0.4393765765041429,0.3798928551497836,ILI,raw,292,340,raw:292:1,high,high
2,0.9580944757010135,0.14277407056318792,0.2765029108712554,0.125,0.8553397278615478,2.2715101655132166,0.21191836056567218,0.45912381904515226,0.39741936280907336,ILI,raw,292,340,raw:292:2,high,high
3,0.9570874422167186,0.10984482989729993,0.8312047921177933,0.125,0.8187983956526872,2.2715101655132166,0.21191836056567218,0.6327123547439372,0.38523891873945315,ILI,raw,292,340,raw:292:3,high,high
4,0.9480491935438635,0.12972073774286352,0.5207553656896405,0.0,0.7931323544776712,2.2715101655132166,0.21191836056567218,0.5328417656587892,0.3350169050144478,ILI,raw,292,340,raw:292:4,high,high
5,0.9999183097578328,0.055201529461983694,0.8950538489695605,0.375,0.8612496327723544,2.2715101655132166,0.21191836056567218,0.6500578960631257,0.4827226644460089,ILI,raw,292,340,raw:292:5,high,high
6,0.988563330779193,0.3172575850046142,0.9711730178009615,0.5,0.8959740022637042,2.2715101655132166,0.21191836056567218,0.7589979778615895,0.5359641209431255,ILI,raw,292,340,raw:292:6,high,high
0,0.9435338170776159,0.11071034578233223,0.18847242316073792,0.25,0.7821826853407926,2.229084327479242,0.20484738757179466,0.41423886200689536,0.4123433576375291,ILI,raw,296,344,raw:296:0,mid,high
1,0.9277170833821669,0.06202599870073057,0.19610052360361188,0.25,0.8284371059402569,2.229084327479242,0.20484738757179466,0.39528120189550314,0.4277614978373505,ILI,raw,296,344,raw:296:1,mid,high
2,0.9653031432153045,0.2159725685740274,0.03904842535391418,0.25,0.8362496271365589,2.229084327479242,0.20484738757179466,0.4067747123810821,0.4303656715694512,ILI,raw,296,344,raw:296:2,mid,high
3,0.967499809697199,0.16539669557774944,0.07914151781168703,0.125,0.6564908116461833,2.229084327479242,0.20484738757179466,0.40401267436221183,0.32877939973932596,ILI,raw,296,344,raw:296:3,mid,high
4,0.9530525947080805,0.23070015399953847,0.0047418941279727695,0.125,0.6992198916139138,2.229084327479242,0.20484738757179466,0.39616488094519725,0.34302242639523617,ILI,raw,296,344,raw:296:4,mid,high
5,0.9987398590691069,0.04911855184326132,0.003015831111607391,0.125,0.7765122111104799,2.229084327479242,0.20484738757179466,0.35029141400799185,0.3687865328940915,ILI,raw,296,344,raw:296:5,mid,high
6,0.9718211321390238,0.35229578546447626,0.1920538077505286,0.375,0.8534005470201803,2.229084327479242,0.20484738757179466,0.5053902417846762,0.47774931153065836,ILI,raw,296,344,raw:296:6,high,high
0,0.8082407854306494,0.19726005312369752,0.30617328989432685,0.25,0.8946762662032294,2.1398853335708456,0.18998088861183945,0.4372247094828912,0.4448857182716896,ILI,raw,300,348,raw:300:0,mid,high
1,0.8589861826163682,0.12442016344013442,0.26881398920357846,0.25,0.7476279200527587,2.1398853335708456,0.18998088861183945,0.417406778420027,0.3958696028881994,ILI,raw,300,348,raw:300:1,mid,high
2,0.9327483916928605,0.11055164681623175,0.031072130135567075,0.25,0.8556694999912262,2.1398853335708456,0.18998088861183945,0.3581240562148864,0.4318834628676886,ILI,raw,300,348,raw:300:2,mid,high
3,0.8960769492506373,0.1143728219275218,0.3446087922321402,0.125,0.6109063676998624,2.1398853335708456,0.18998088861183945,0.45168618780343306,0.30862908543723394,ILI,raw,300,348,raw:300:3,high,mid
4,0.8951053696786069,0.07508065559631782,0.18437371807179856,0.125,0.6939447079817189,2.1398853335708456,0.18998088861183945,0.38485324778224106,0.3363085321978528,ILI,raw,300,348,raw:300:4,mid,high
5,0.9841998442567792,0.02509138539736861,0.006324277899863187,0.125,0.5743249429257706,2.1398853335708456,0.18998088861183945,0.33853850251800366,0.29643527717920337,ILI,raw,300,348,raw:300:5,low,mid
6,0.9009550806873289,0.02304607006651186,0.15632597948480517,0.25,0.8404131858254735,2.1398853335708456,0.18998088861183945,0.36010904341288197,0.42679802481243767,ILI,raw,300,348,raw:300:6,mid,high
0,0.680769122848959,0.15202104976749628,0.4397933722694712,0.0,0.8304386250786058,2.2304738181730848,0.20507896935371583,0.42419451496197547,0.34517253147744054,ILI,raw,304,352,raw:304:0,mid,high
1,0.8373013947801051,0.24845327555675867,0.3219618458459208,0.375,0.8523809014936728,2.2304738181730848,0.20507896935371583,0.4692388387275949,0.4774866236157962,ILI,raw,304,352,raw:304:1,high,high
2,0.6760830408713634,0.16572698986894463,0.18580519917561647,0.125,0.7001087068206814,2.2304738181730848,0.20507896935371583,0.3425384099719748,0.34339589205813237,ILI,raw,304,352,raw:304:2,low,high
3,0.9107732712057579,0.17636517540261865,0.47562331265477037,0.375,0.7884345838949528,2.2304738181730848,0.20507896935371583,0.520920586421049,0.4561711844162229,ILI,raw,304,352,raw:304:3,high,high
4,0.7353113513981462,0.24839283346105762,0.3755152214864025,0.25,0.8450645407153651,2.2304738181730848,0.20507896935371583,0.4530731354485355,0.433381170023027,ILI,raw,304,352,raw:304:4,high,high
5,0.41013276686585587,0.03395318553787441,0.42217605545039955,0.0,0.572296525662273,2.2304738181730848,0.20507896935371583,0.2887540026180433,0.2591251650053296,ILI,raw,304,352,raw:304:5,low,mid
6,0.7916560944666706,0.0683543277637152,0.16669927626304226,0.0,0.8112901868236537,2.2304738181730848,0.20507896935371583,0.342236566164476,0.33878971872578983,ILI,raw,304,352,raw:304:6,low,high
0,0.6285841948174906,0.11625796186710888,0.08586108646366461,0.125,0.6840799104383443,2.339972815721494,0.2233288022480343,0.2769010810494214,0.3441362375621262,ILI,raw,308,356,raw:308:0,low,high
1,0.8110100312318118,0.5501988712213377,0.12874899110631205,0.25,0.6527589011822789,2.339972815721494,0.2233288022480343,0.49665263118648717,0.3753625678101044,ILI,raw,308,356,raw:308:1,high,high
2,0.42601986880394005,0.29286959124048373,0.07994687148819297,0.125,0.5720280998665197,2.339972815721494,0.2233288022480343,0.26627877717753895,0.30678563403818465,ILI,raw,308,356,raw:308:2,low,mid
3,0.9339927981045967,0.21354085524306474,0.9763786723994552,0.125,0.6181589063070883,2.339972815721494,0.2233288022480343,0.7079707752490388,0.3221625695183742,ILI,raw,308,356,raw:308:3,high,high
4,0.8237947994339263,0.20713171460571006,0.9953103814076637,0.125,0.5990549511962562,2.339972815721494,0.2233288022480343,0.6754122984824334,0.31579458448143016,ILI,raw,308,356,raw:308:4,high,mid
5,0.8272961569455406,0.056251354834819536,0.6141124112074035,0.0,0.741643224435739,2.339972815721494,0.2233288022480343,0.4992199743292545,0.32165734222792447,ILI,raw,308,356,raw:308:5,high,high
6,0.443678885585015,0.14355828235420592,0.47352224994354186,0.125,0.8528256166182127,2.339972815721494,0.2233288022480343,0.35358647262758763,0.40038480628874895,ILI,raw,308,356,raw:308:6,mid,high
0,0.39851974765369125,0.16336912283215368,0.7156004950837639,0.125,0.681260248376947,1.9081055135496636,0.1513509186726924,0.42582978852320297,0.3192037223498798,ILI,raw,312,360,raw:312:0,mid,mid
1,0.15885011643591218,0.029610557834599725,0.6813482566582083,0.125,0.7128408219000646,1.9081055135496636,0.1513509186726924,0.2899363103095734,0.329730580190919,ILI,raw,312,360,raw:312:1,low,high
2,0.2201323943795176,0.02905475319489855,0.5733206237360468,0.125,0.6305516756477474,1.9081055135496636,0.1513509186726924,0.27416925710348766,0.30230086477347995,ILI,raw,312,360,raw:312:2,low,mid
3,0.8483131657575818,0.03788554571590337,0.8776958545641658,0.125,0.6045293718521361,1.9081055135496636,0.1513509186726924,0.5879648553458837,0.29362676350827616,ILI,raw,312,360,raw:312:3,high,mid
4,0.4677806414626394,0.03129636161849316,0.7423700156253394,0.125,0.6089299993491085,1.9081055135496636,0.1513509186726924,0.4138156729021573,0.2950936393406003,ILI,raw,312,360,raw:312:4,mid,mid
5,0.9601761692005731,0.4327384281356823,0.3722640831781995,0.25,0.8641888241863379,1.9081055135496636,0.1513509186726924,0.5883928935048183,0.4218465809530101,ILI,raw,312,360,raw:312:5,high,high
6,0.6389590990451632,0.44136605916673083,0.5136568745028839,0.5,0.9571988915104672,1.9081055135496636,0.1513509186726924,0.5313273442382593,0.5361832700610533,ILI,raw,312,360,raw:312:6,high,high
0,0.49055751267815617,0.19274947378851115,0.6636133968957627,0.375,0.8849873459924624,1.7586460402909558,0.1264410065044243,0.44897346112081005,0.46214278416562893,ILI,raw,316,364,raw:316:0,high,high
1,0.3644059155225333,0.1004146505342577,0.5192661068516647,0.125,0.6855006555217251,1.7586460402909558,0.1264410065044243,0.32802889096948523,0.31231388734204985,ILI,raw,316,364,raw:316:1,low,mid
2,0.4816979831758047,0.12125553767311165,0.5837809911835897,0.25,0.7726046005677611,1.7586460402909558,0.1264410065044243,0.39557817067750206,0.38301520235739517,ILI,raw,316,364,raw:316:2,mid,high
3,0.6562880996517572,0.16918883221682363,0.5396655495223588,0.25,0.7276240833411276,1.7586460402909558,0.1264410065044243,0.4550474937969799,0.36802169661518397,ILI,raw,316,364,raw:316:3,high,high
4,0.5502031579502898,0.1730969956746114,0.6300232924343854,0.125,0.7419965518165982,1.7586460402909558,0.1264410065044243,0.4511078153530956,0.33114585277367414,ILI,raw,316,364,raw:316:4,high,high
5,0.9605748110869065,0.05653481520828568,0.1472924774726118,0.25,0.90955671613258,1.7586460402909558,0.1264410065044243,0.38813403458926804,0.4286659075456682,ILI,raw,316,364,raw:316:5,mid,high
6,0.731120483388656,0.08369953810786651,0.34828556973352465,0.25,0.894877166820774,1.7586460402909558,0.1264410065044243,0.387701863743349,0.4237727244417328,ILI,raw,316,364,raw:316:6,mid,high
0,0.12610739370687674,0.03330029975554216,0.9462711079714453,0.25,0.845057720083088,1.4813417900074277,0.08022363153419856,0.3685596004779548,0.39176045053909553,ILI,raw,320,368,raw:320:0,mid,high
1,0.7329997693941184,0.1934521881597256,0.4538958211423073,0.125,0.8580070949616323,1.4813417900074277,0.08022363153419856,0.4601159262320504,0.354410242165277,ILI,raw,320,368,raw:320:1,high,high
2,0.5310590619812031,0.12633628263351587,0.7406443043511101,0.25,0.9605992381996417,1.4813417900074277,0.08022363153419856,0.466013216321943,0.4302742899112801,ILI,raw,320,368,raw:320:2,high,high
3,0.7280867471880874,0.24883085674170027,0.26567246408951284,0.25,0.8902429485805275,1.4813417900074277,0.08022363153419856,0.41419668933976683,0.40682219337157544,ILI,raw,320,368,raw:320:3,mid,high
4,0.8083781963008116,0.1979627041813132,0.5220900465431305,0.125,0.9120816673093128,1.4813417900074277,0.08022363153419856,0.5094769823417518,0.37243509961450383,ILI,raw,320,368,raw:320:4,high,high
5,0.8636607041153854,0.1304375089709652,0.19954224636524076,0.125,0.9437447905217322,1.4813417900074277,0.08022363153419856,0.39788015315053044,0.38298947401864364,ILI,raw,320,368,raw:320:5,mid,high
6,0.5626662798503148,0.09911157218523114,0.443240897870259,0.125,0.9153788902150382,1.4813417900074277,0.08022363153419856,0.36833958330193495,0.37353417391641225,ILI,raw,320,368,raw:320:6,mid,high
0,0.5505436932945811,0.043964787514716254,0.4880566358651811,0.125,0.6090119148767088,1.3721256159893314,0.06202093589485367,0.3608550388914928,0.2653442835905208,ILI,raw,324,372,raw:324:0,mid,mid
1,0.6796405700121031,0.26972859924091996,0.40255105748702413,0.0,0.7595637815607122,1.3721256159893314,0.06202093589485367,0.45064007558001573,0.27386157248518866,ILI,raw,324,372,raw:324:1,high,mid
2,0.6645827709969054,0.06771944979905875,0.4679472371718098,0.0,0.6969473067187318,1.3721256159893314,0.06202093589485367,0.4000831526559247,0.25298941420452853,ILI,raw,324,372,raw:324:2,mid,mid
3,0.5858979869238112,0.07783141983714006,0.5809580532371809,0.0,0.7415055472485971,1.3721256159893314,0.06202093589485367,0.41489581999937736,0.26784216104781694,ILI,raw,324,372,raw:324:3,mid,mid
4,0.6144686857785872,0.06635630338058564,0.48945636601139914,0.0,0.7200073273980382,1.3721256159893314,0.06202093589485367,0.3900937850568573,0.2606760877642973,ILI,raw,324,372,raw:324:4,mid,mid
5,0.6262219381592238,0.0778020335232702,0.053591186388252436,0.0,0.7194540635754705,1.3721256159893314,0.06202093589485367,0.25253838602358214,0.2604916664901081,ILI,raw,324,372,raw:324:5,low,mid
6,0.48301397192422224,0.018083431320370054,0.3500043860730749,0.0,0.7651032787537602,1.3721256159893314,0.06202093589485367,0.28370059643922235,0.27570807154953797,ILI,raw,324,372,raw:324:6,low,mid
0,0.8887750837189101,0.08670735393803292,0.7207503036169329,0.125,0.7318241177424629,1.5833318695526712,0.0972219780967419,0.5654109137579587,0.31801536527973495,ILI,raw,328,376,raw:328:0,high,mid
1,0.7653492418777146,0.398012262679168,0.5803234583852761,0.25,0.7733636395436783,1.5833318695526712,0.0972219780967419,0.5812283209807195,0.37352853921347334,ILI,raw,328,376,raw:328:1,high,high
2,0.7777712481702989,0.14092437424960635,0.5252491186721154,0.0,0.7111686821052395,1.5833318695526712,0.0972219780967419,0.48131491369734025,0.26946355340066047,ILI,raw,328,376,raw:328:2,high,mid
3,0.770934524603115,0.14995311160897634,0.7124941574356615,0.125,0.7859708005136931,1.5833318695526712,0.0972219780967419,0.5444605978825843,0.3360642595368117,ILI,raw,328,376,raw:328:3,high,high
4,0.7785908614843752,0.14688597120186697,0.6518073011504111,0.125,0.7833209218666998,1.5833318695526712,0.0972219780967419,0.5257613779455511,0.33518096665448055,ILI,raw,328,376,raw:328:4,high,high
5,0.40655377413480864,0.043308375960809324,0.1589404783822199,0.0,0.5006831947817042,1.5833318695526712,0.0972219780967419,0.20293420949261262,0.19930172429281537,ILI,raw,328,376,raw:328:5,low,low
6,0.6943702206110479,0.056706381826366475,0.1865150180457125,0.0,0.6341863003540498,1.5833318695526712,0.0972219780967419,0.31253054016104226,0.24380275948359723,ILI,raw,328,376,raw:328:6,low,mid
0,0.8305024019956676,0.2626856201798277,0.43959022161782874,0.125,0.79084615518778,1.6620435487755607,0.11034059127869247,0.5109260812644413,0.34206224882215747,ILI,raw,332,380,raw:332:0,high,high
1,0.6060354039566906,0.7060851272565418,0.3555332502801298,0.25,0.7612329710189895,1.6620435487755607,0.11034059127869247,0.5558845938311208,0.3738578540992273,ILI,raw,332,380,raw:332:1,high,high
2,0.8023983727139951,0.27484380518752,0.38630203686892334,0.0,0.7916177323730464,1.6620435487755607,0.11034059127869247,0.48784807159014615,0.30065277455057965,ILI,raw,332,380,raw:332:2,high,mid
3,0.691525360525809,0.48365008291137507,0.3350618679867975,0.25,0.7561983904279904,1.6620435487755607,0.11034059127869247,0.5034124371413272,0.3721796605688943,ILI,raw,332,380,raw:332:3,high,high
4,0.6024117611723812,0.4021352027215833,0.2570528000247057,0.25,0.761001801530596,1.6620435487755607,0.11034059127869247,0.42053325463955676,0.3737807976030962,ILI,raw,332,380,raw:332:4,mid,high
5,0.8393799154044025,0.06437007486079253,0.06623707832485105,0.0,0.6067892191560367,1.6620435487755607,0.11034059127869247,0.3233290228633487,0.2390432701449097,ILI,raw,332,380,raw:332:5,low,mid
6,0.7191935656959876,0.07419939220072494,0.7141116024836895,0.0,0.8664763908952327,1.6620435487755607,0.11034059127869247,0.5025015201268007,0.3256056607246417,ILI,raw,332,380,raw:332:6,high,high
0,0.8962049103521348,0.2024511498984644,0.4938495251020729,0.25,0.6909119675307005,1.482881759026211,0.08048029303690137,0.5308351951175574,0.34046408685586727,ILI,raw,336,384,raw:336:0,high,high
1,0.7938853997340735,0.14491365899660624,0.3247470158329603,0.25,0.6831672312444177,1.482881759026211,0.08048029303690137,0.42118202485454664,0.337882508093773,ILI,raw,336,384,raw:336:1,mid,high
2,0.7794027308765671,0.06303171834154624,0.4929811192113833,0.125,0.7066451906099591,1.482881759026211,0.08048029303690137,0.4451385228098322,0.30404182788228684,ILI,raw,336,384,raw:336:2,high,mid
3,0.818705252870483,0.12043576937552208,0.4256474554526617,0.125,0.7116850425704847,1.482881759026211,0.08048029303690137,0.4549294925662222,0.30572177853579535,ILI,raw,336,384,raw:336:3,high,mid
4,0.7989020468733884,0.09057794253372499,0.40242745700303223,0.125,0.7026418173259621,1.482881759026211,0.08048029303690137,0.43063581547004853,0.3027073701209545,ILI,raw,336,384,raw:336:4,mid,mid
5,0.9561037720385838,0.02096998791003319,0.47884725166199155,0.0,0.7873597347877065,1.482881759026211,0.08048029303690137,0.4853070038702028,0.2892800092748693,ILI,raw,336,384,raw:336:5,high,mid
6,0.8748392284590142,0.10771752966722195,0.5029836499931557,0.125,0.8732732899418558,1.482881759026211,0.08048029303690137,0.4951801360397973,0.3595845276595857,ILI,raw,336,384,raw:336:6,high,high
0,0.765794830919917,0.18374131886832729,0.4875949318186569,0.125,0.6363814735084647,1.360791253216934,0.060131875435935865,0.47904369386896706,0.2738377829814669,ILI,raw,340,388,raw:340:0,high,mid
1,0.39613373554964815,0.17202460479349876,0.4554668994475922,0.125,0.6868055241049947,1.360791253216934,0.060131875435935865,0.34120841326357976,0.29064579984697686,ILI,raw,340,388,raw:340:1,low,mid
2,0.7406297879131519,0.127660509930726,0.3575726618397794,0.25,0.6681395572965044,1.360791253216934,0.060131875435935865,0.4086209865612191,0.3260904775774801,ILI,raw,340,388,raw:340:2,mid,high
3,0.3630292374476414,0.17475848874131528,0.5234839539294185,0.125,0.7036858429787403,1.360791253216934,0.060131875435935865,0.353757226706125,0.29627257280489205,ILI,raw,340,388,raw:340:3,mid,mid
4,0.5404499470858759,0.09731217396328656,0.371997638172572,0.125,0.6905237634486889,1.360791253216934,0.060131875435935865,0.3365865864072448,0.29188521296154163,ILI,raw,340,388,raw:340:4,low,mid
5,0.9747218850157131,0.01647059939235846,0.4374671428585521,0.125,0.7923042291709336,1.360791253216934,0.060131875435935865,0.4762198757555412,0.3258120348689565,ILI,raw,340,388,raw:340:5,high,high
6,0.8850235126449881,0.1296595163098427,0.3503336747185649,0.125,0.8235913737109262,1.360791253216934,0.060131875435935865,0.45500556789113195,0.336241083048954,ILI,raw,340,388,raw:340:6,high,high
0,0.45029777905271673,0.05394742170773127,0.8429261536025998,0.0,0.6227050083475157,1.246985162583257,0.04116419369526919,0.4490571181210159,0.22128973401426166,ILI,raw,344,392,raw:344:0,high,mid
1,0.7428149749683166,0.14839377712220164,0.7599250579135727,0.0,0.6952071614029598,1.246985162583257,0.04116419369526919,0.5503779366680304,0.2454571183660763,ILI,raw,344,392,raw:344:1,high,mid
2,0.6095727702605022,0.11307190653088396,0.18152172197766275,0.0,0.7228961511245584,1.246985162583257,0.04116419369526919,0.30138879958968295,0.2546867816066092,ILI,raw,344,392,raw:344:2,low,mid
3,0.6077156762213265,0.13364614550918172,0.7945477228729751,0.0,0.7152024824536132,1.246985162583257,0.04116419369526919,0.5119698482011611,0.25212222538296075,ILI,raw,344,392,raw:344:3,high,mid
4,0.8301773280698967,0.12224529833255651,0.5669030085589812,0.0,0.7109869170857367,1.246985162583257,0.04116419369526919,0.5064418783204782,0.250717036927002,ILI,raw,344,392,raw:344:4,high,mid
5,0.9804121263416606,0.04205855793467873,0.9997278193973309,0.125,0.8183781413325409,1.246985162583257,0.04116419369526919,0.6740661678912234,0.3281807783426034,ILI,raw,344,392,raw:344:5,high,high
6,0.8578449326117155,0.1953152331017221,0.40238305386499196,0.375,0.9191082704894102,1.246985162583257,0.04116419369526919,0.48518107319280984,0.44509082139489314,ILI,raw,344,392,raw:344:6,high,high
0,0.6147346115908636,0.3190378211037431,0.9639641308394201,0.0,0.5979347420298876,1.24845745206179,0.041409575274615695,0.6325788545113423,0.21311477243483443,ILI,raw,348,396,raw:348:0,high,low
1,0.8029418240587871,0.375416093863625,0.8780430724500073,0.0,0.6436907982918852,1.24845745206179,0.041409575274615695,0.6854669967908066,0.22836679118883363,ILI,raw,348,396,raw:348:1,high,mid
2,0.5652684106429489,0.12880136577502305,0.5867049272852304,0.0,0.6325846658212921,1.24845745206179,0.041409575274615695,0.4269249012344008,0.2246647470319693,ILI,raw,348,396,raw:348:2,mid,mid
3,0.8718527725761709,0.5632751793038275,0.7202254960522138,0.0,0.6929386220183616,1.24845745206179,0.041409575274615695,0.7184511493107374,0.24478273243099244,ILI,raw,348,396,raw:348:3,high,mid
4,0.8355813488060971,0.3542771034522497,0.782830425531233,0.0,0.6848468783007144,1.24845745206179,0.041409575274615695,0.6575629592631933,0.24208548452511006,ILI,raw,348,396,raw:348:4,high,mid
5,0.9852449491478772,0.054723383146699486,0.011130164712625183,0.0,0.7004029214416685,1.24845745206179,0.041409575274615695,0.3503661656690673,0.24727083223876142,ILI,raw,348,396,raw:348:5,mid,mid
6,0.89073223894908,0.45706634236562205,0.3128568385434673,0.125,0.8807646426703165,1.24845745206179,0.041409575274615695,0.5535518066193899,0.3490580726483108,ILI,raw,348,396,raw:348:6,high,high
0,0.8847171735537287,0.3351944790111837,0.22706656000229797,0.0,0.6542302948303952,1.3239891821612946,0.053998196936885436,0.48232607085573687,0.2360761639224269,ILI,raw,352,400,raw:352:0,high,mid
1,0.8877739397521953,0.3082867617499052,0.1947879456152138,0.0,0.6671538741724803,1.3239891821612946,0.053998196936885436,0.46361621570577144,0.24038402370312192,ILI,raw,352,400,raw:352:1,high,mid
2,0.5765121952179468,0.07520790274567676,0.2003414526786976,0.0,0.6102711647172565,1.3239891821612946,0.053998196936885436,0.28402051688077373,0.22142312055138066,ILI,raw,352,400,raw:352:2,low,mid
3,0.9098700290123893,0.14557034295923615,0.5320357744300279,0.125,0.7133210782539141,1.3239891821612946,0.053998196936885436,0.5291587154672178,0.2974397583969332,ILI,raw,352,400,raw:352:3,high,mid
4,0.910394043647483,0.048767943227613436,0.4073660199529604,0.0,0.7013185505461583,1.3239891821612946,0.053998196936885436,0.4555093356093523,0.2517722491610146,ILI,raw,352,400,raw:352:4,high,mid
5,0.9234411829738087,0.06350865993972674,0.009995282525405958,0.0,0.5156215313875278,1.3239891821612946,0.053998196936885436,0.3323150418129805,0.1898732427748044,ILI,raw,352,400,raw:352:5,low,low
6,0.8554499611435508,0.08119124318244614,0.40033528579149574,0.125,0.8306347076219533,1.3239891821612946,0.053998196936885436,0.4456588300391642,0.33654430151961295,ILI,raw,352,400,raw:352:6,high,high
0,0.8781163286987679,0.6251542015700773,0.4982994554413079,0.25,0.7677970021819415,1.482343759122196,0.08039062638638161,0.6671899952367176,0.36606254285610773,ILI,raw,356,404,raw:356:0,high,high
1,0.8806801425518642,0.600757414567423,0.3080133817258913,0.25,0.7862356494493722,1.482343759122196,0.08039062638638161,0.5964836462817261,0.3722087586119179,ILI,raw,356,404,raw:356:1,high,high
2,0.795546860977722,0.050677827516705534,0.7749094843938242,0.0,0.7370507815756021,1.482343759122196,0.08039062638638161,0.5403780576294173,0.2724804693206612,ILI,raw,356,404,raw:356:2,high,mid
3,0.8986602805416204,0.3488345785787669,0.004919599049845804,0.25,0.7533974200205213,1.482343759122196,0.08039062638638161,0.4174714860567444,0.36126268213563434,ILI,raw,356,404,raw:356:3,mid,high
4,0.7919905630907359,0.4213628034466009,0.026193480584791394,0.25,0.765860518646415,1.482343759122196,0.08039062638638161,0.41318228237404275,0.3654170483442656,ILI,raw,356,404,raw:356:4,mid,high
5,0.49946566406835713,0.0818605627495228,0.4902284627557458,0.0,0.5083793023141407,1.482343759122196,0.08039062638638161,0.3571848965245419,0.1962566429001741,ILI,raw,356,404,raw:356:5,mid,low
6,0.8198425444793385,0.10084415677636097,0.1646577391955486,0.125,0.8332424088235832,1.482343759122196,0.08039062638638161,0.361781480150416,0.34621101173665497,ILI,raw,356,404,raw:356:6,mid,high
0,0.9572725207107028,0.08363294053745748,0.05964502981513611,0.125,0.8048447736923527,1.762096146950096,0.1270160242799893,0.36685016368776546,0.35228693265744737,ILI,raw,360,408,raw:360:0,mid,high
1,0.9296336366023239,0.09884714334039801,0.061005151780310206,0.125,0.8167714218376427,1.762096146950096,0.1270160242799893,0.3631619772410108,0.3562624820392107,ILI,raw,360,408,raw:360:1,mid,high
2,0.803280472925302,0.06764296306909391,0.23242659529439091,0.125,0.7809005046154911,1.762096146950096,0.1270160242799893,0.367783343762929,0.3443055096318268,ILI,raw,360,408,raw:360:2,mid,high
3,0.9051681949784454,0.09393399712103467,0.02525480338918588,0.125,0.7673459572630212,1.762096146950096,0.1270160242799893,0.3414523318295553,0.3397873271810035,ILI,raw,360,408,raw:360:3,low,high
4,0.8475153782576996,0.16972833149060645,0.08207311063821839,0.125,0.7336241102910711,1.762096146950096,0.1270160242799893,0.3664389401288415,0.3285467115236868,ILI,raw,360,408,raw:360:4,mid,high
5,0.6961935493241366,0.07955008118769066,0.11052361434935426,0.0,0.6426347854012984,1.762096146950096,0.1270160242799893,0.2954224149537272,0.25655026989376256,ILI,raw,360,408,raw:360:5,low,mid
6,0.5828892788853804,0.17591678368537006,0.7137243159047525,0.125,0.8895603024865103,1.762096146950096,0.1270160242799893,0.4908434594918343,0.38052544225549995,ILI,raw,360,408,raw:360:6,high,high
0,0.9424333720347913,0.059510161717193255,0.16441280583911239,0.0,0.7798438790355778,1.5263058825234543,0.0877176469410463,0.3887854465303657,0.2891871753255414,ILI,raw,364,412,raw:364:0,mid,mid
1,0.9168842844725853,0.05763537081836176,0.11227192123827968,0.125,0.8040526111281943,1.5263058825234543,0.0877176469410463,0.3622638588430756,0.3389234193564135,ILI,raw,364,412,raw:364:1,mid,high
2,0.8464403032407428,0.10270309441011995,0.07136507509292012,0.25,0.8438686154630706,1.5263058825234543,0.0877176469410463,0.34016949091459425,0.39386208746803897,ILI,raw,364,412,raw:364:2,low,high
3,0.8825254080174935,0.046737554821218,0.07885247686208083,0.0,0.8165508634198447,1.5263058825234543,0.0877176469410463,0.3360384799002641,0.3014228367869637,ILI,raw,364,412,raw:364:3,low,mid
4,0.8559345946099219,0.04530631466366451,0.17797575416744432,0.125,0.852677002194655,1.5263058825234543,0.0877176469410463,0.3597388878136769,0.3551315497119005,ILI,raw,364,412,raw:364:4,mid,high
5,0.8990638524587798,0.3412552690018381,0.2205904469132632,0.125,0.8390057305909443,1.5263058825234543,0.0877176469410463,0.486969856124627,0.35057445917733016,ILI,raw,364,412,raw:364:5,high,high
6,0.6259216731265418,0.6335270803282682,0.06278078116973104,0.5,0.9745344631785617,1.5263058825234543,0.0877176469410463,0.4407431782081803,0.5207507033732027,ILI,raw,364,412,raw:364:6,high,high
0,0.9447127122153552,0.014573810404008188,0.09059338631722358,0.0,0.779728429008241,1.183282371239174,0.0305470618222839,0.34995996964552906,0.27009183027684164,ILI,raw,368,416,raw:368:0,mid,mid
1,0.902917434218299,0.011147531624202784,0.0692399456788404,0.0,0.8013152908739094,1.183282371239174,0.0305470618222839,0.32776830384044736,0.27728745089873114,ILI,raw,368,416,raw:368:1,low,mid
2,0.9024985877863367,0.007120356102458548,0.02777590083692325,0.0,0.7496234175906521,1.183282371239174,0.0305470618222839,0.3124649482419062,0.26005682647097866,ILI,raw,368,416,raw:368:2,low,mid
3,0.937877394455563,0.018851049934258065,0.06765412914618409,0.0,0.8466757018273608,1.183282371239174,0.0305470618222839,0.34146085784533503,0.2924075878832149,ILI,raw,368,416,raw:368:3,low,mid
4,0.9287135122282781,0.012786117027060293,0.06313166309384242,0.0,0.8224036668972667,1.183282371239174,0.0305470618222839,0.334877097449727,0.28431690957318356,ILI,raw,368,416,raw:368:4,low,mid
5,0.9362986900225582,0.12596829982838098,0.2794245879666836,0.125,0.6558659282903452,1.183282371239174,0.0305470618222839,0.4472305259392076,0.2704709967042097,ILI,raw,368,416,raw:368:5,high,mid
6,0.8276278562159558,0.143802840141541,0.20979465690641613,0.125,0.9003934630442201,1.183282371239174,0.0305470618222839,0.3937417844213043,0.3519801749555013,ILI,raw,368,416,raw:368:6,mid,high
0,0.9215445465951012,0.19346862684910032,0.016616696420874266,0.125,0.7370406266120009,2.079576307108426,0.17992938421818871,0.37720995662169193,0.34732333694339657,ILI,raw,372,420,raw:372:0,mid,high
1,0.8958153279898389,0.20540107170314872,0.029447433945852225,0.0,0.7352751666357377,2.079576307108426,0.17992938421818871,0.3768879445462799,0.30506818361797544,ILI,raw,372,420,raw:372:1,mid,mid
2,0.904336808777295,0.22070137565183662,0.05256751789076985,0.125,0.6877616377046426,2.079576307108426,0.17992938421818871,0.3925352341066339,0.33089700730761046,ILI,raw,372,420,raw:372:2,mid,high
3,0.9276018443256242,0.3405343822655953,0.07536992832135817,0.125,0.900894076966224,2.079576307108426,0.17992938421818871,0.44783538497085923,0.40194115372813766,ILI,raw,372,420,raw:372:3,high,high
4,0.9198892998075111,0.3545630984511666,0.05336593221354075,0.125,0.8056122589553777,2.079576307108426,0.17992938421818871,0.44260611015740614,0.37018054772452214,ILI,raw,372,420,raw:372:4,high,high
5,0.9725143432702561,0.14378712969024837,0.2904780817262748,0.25,0.9655510760235143,2.079576307108426,0.17992938421818871,0.46892651822892645,0.465160153413901,ILI,raw,372,420,raw:372:5,high,high
6,0.8842754832353309,0.13289878580666928,0.31442715097667784,0.25,0.9264057021276018,2.079576307108426,0.17992938421818871,0.443867140006226,0.45211169544859686,ILI,raw,372,420,raw:372:6,high,high
0,0.8967225920192179,0.06456699312900316,0.033839713718671796,0.0,0.474245124580113,1.8316994041434018,0.13861656712620601,0.33170976628896426,0.204287230568773,ILI,raw,376,424,raw:376:0,low,low
1,0.8781186298360585,0.06604349027459971,0.057737268919323716,0.0,0.502906813815294,1.8316994041434018,0.13861656712620601,0.33396646300999394,0.21384112698049998,ILI,raw,376,424,raw:376:1,low,low
2,0.8700344767859916,0.05649109954893161,0.11014377067932984,0.0,0.504080371186574,1.8316994041434018,0.13861656712620601,0.34555644900475097,0.2142323127709267,ILI,raw,376,424,raw:376:2,low,low
3,0.8524976297774256,0.03996320119125497,0.06533576534049514,0.125,0.598257302654651,1.8316994041434018,0.13861656712620601,0.3192655321030586,0.28729128992695235,ILI,raw,376,424,raw:376:3,low,mid
4,0.9094165285225193,0.03679885507434346,0.03131452939426941,0.0,0.4623025519529974,1.8316994041434018,0.13861656712620601,0.3258433043303774,0.2003063730264011,ILI,raw,376,424,raw:376:4,low,low
5,0.9398683045128884,0.0476971755365675,0.13409330989485638,0.0,0.7572616366879642,1.8316994041434018,0.13861656712620601,0.37388626331477076,0.29862606793805674,ILI,raw,376,424,raw:376:5,mid,mid
6,0.8486457104868118,0.0967302646915248,0.2851190928195046,0.125,0.839482438699066,1.8316994041434018,0.13861656712620601,0.41016502266594707,0.367699668608424,ILI,raw,376,424,raw:376:6,mid,high
0,0.6279531138547887,0.052465009985259006,0.11789864431784783,0.0,0.3306312188780094,1.436669738032006,0.07277828955070384,0.2661055893859652,0.13446983614290442,ILI,raw,380,428,raw:380:0,low,low
1,0.5315967472949796,0.03425447058308547,0.07089793502016009,0.0,0.33633734706914353,1.436669738032006,0.07277828955070384,0.21224971763274172,0.13637187887328248,ILI,raw,380,428,raw:380:1,low,low
2,0.6639455058857677,0.011624215628853119,0.22766840603491403,0.0,0.31162494922531414,1.436669738032006,0.07277828955070384,0.30107937584984495,0.12813441292533934,ILI,raw,380,428,raw:380:2,low,low
3,0.4957787983315637,0.03224811306192819,0.1818041496584073,0.0,0.28093568745552716,1.436669738032006,0.07277828955070384,0.2366103536839664,0.11790465900207699,ILI,raw,380,428,raw:380:3,low,low
4,0.6349474772049949,0.015143336141355872,0.12798979565020793,0.0,0.24491612451535155,1.436669738032006,0.07277828955070384,0.25936020299885293,0.10589813802201846,ILI,raw,380,428,raw:380:4,low,low
5,0.8082659427929891,0.04853600973622607,0.12531653647097551,0.0,0.47245174908270327,1.436669738032006,0.07277828955070384,0.32737282966673026,0.18174334621113572,ILI,raw,380,428,raw:380:5,low,low
6,0.8147352802217066,0.09056337605568283,0.24457207492263008,0.0,0.5342577577780292,1.436669738032006,0.07277828955070384,0.38329024373333986,0.2023453491095777,ILI,raw,380,428,raw:380:6,mid,low
0,0.6177710227580581,0.04413200733823819,0.18786003297116893,0.0,0.45043935327977747,1.545722139817639,0.09095368981801703,0.28325435435582175,0.1804643476992648,ILI,raw,384,432,raw:384:0,low,low
1,0.44337591647294394,0.03453111145085533,0.02157759437129933,0.0,0.45708733406525204,1.545722139817639,0.09095368981801703,0.1664948740983662,0.182680341294423,ILI,raw,384,432,raw:384:1,low,low
2,0.4695729975802194,0.028725808111327678,0.3346027118326006,0.0,0.2747118032771044,1.545722139817639,0.09095368981801703,0.2776338391747159,0.12188849769837383,ILI,raw,384,432,raw:384:2,low,low
3,0.4201384021738548,0.0212796050006478,0.1198509557592289,0.0,0.2207051881112128,1.545722139817639,0.09095368981801703,0.18708965431124383,0.10388629264307662,ILI,raw,384,432,raw:384:3,low,low
4,0.4199534510998314,0.012511318373268288,0.011248292141338823,0.0,0.21745370871815936,1.545722139817639,0.09095368981801703,0.14790435387147952,0.10280246617872546,ILI,raw,384,432,raw:384:4,low,low
5,0.7043104501925354,0.02519248854495313,0.0030585705771575523,0.0,0.3690856978907078,1.545722139817639,0.09095368981801703,0.24418716977154867,0.15334646256957493,ILI,raw,384,432,raw:384:5,low,low
6,0.6002047234281187,0.09868900019494176,0.034117868242234076,0.0,0.6545713913041533,1.545722139817639,0.09095368981801703,0.2443371972884315,0.24850836037405677,ILI,raw,384,432,raw:384:6,low,mid
0,0.8341611331459072,0.04018082047031816,0.21932937241551687,0.0,0.4900269748053897,1.6367402614272613,0.10612337672767125,0.3645571086772474,0.19871678384435365,ILI,raw,388,436,raw:388:0,mid,low
1,0.7843414276279738,0.05126112100971595,0.2537741614065869,0.0,0.4169335557535965,1.6367402614272613,0.10612337672767125,0.36312557001475887,0.17435231082708924,ILI,raw,388,436,raw:388:1,mid,low
2,0.7821499640309337,0.03104301480363242,0.45276750872922183,0.0,0.17025870864238601,1.6367402614272613,0.10612337672767125,0.42198682918792935,0.09212736179001908,ILI,raw,388,436,raw:388:2,mid,low
3,0.7872836117918997,0.07397194648222828,0.4897411944204066,0.0,0.6157852269433441,1.6367402614272613,0.10612337672767125,0.4503322508981782,0.2406362012236718,ILI,raw,388,436,raw:388:3,high,mid
4,0.7741178978800329,0.018951259501766314,0.5351294638619768,0.0,0.3727408480560606,1.6367402614272613,0.10612337672767125,0.4427328737479253,0.15962140826124396,ILI,raw,388,436,raw:388:4,high,low
5,0.9478968512862063,0.05563420609874524,0.5017786094378205,0.0,0.4848940759102283,1.6367402614272613,0.10612337672767125,0.501769888940924,0.1970058175459665,ILI,raw,388,436,raw:388:5,high,low
6,0.779256646372428,0.30211573435847344,0.6615161620940909,0.0,0.7398907661810693,1.6367402614272613,0.10612337672767125,0.5809628476083307,0.2820047143029135,ILI,raw,388,436,raw:388:6,high,mid
0,0.9468004523318194,0.028630472613111538,0.11821874477476699,0.0,0.40562151203910013,1.715539269073395,0.11925654464680494,0.364549889906566,0.174959352228635,ILI,raw,392,440,raw:392:0,mid,low
1,0.9310646184938939,0.029827948923706594,0.2692703924100936,0.0,0.38783904274814374,1.715539269073395,0.11925654464680494,0.41005431994256464,0.1690318624649829,ILI,raw,392,440,raw:392:1,mid,low
2,0.9053386604027835,0.04147500009148092,0.3231940531720611,0.0,0.30276782158620014,1.715539269073395,0.11925654464680494,0.4233359045554419,0.14067478874433503,ILI,raw,392,440,raw:392:2,mid,low
3,0.9405153227467771,0.060056655404159304,0.07898004340467413,0.0,0.6006677656112364,1.715539269073395,0.11925654464680494,0.35985067385187014,0.23997477008601376,ILI,raw,392,440,raw:392:3,mid,mid
4,0.9264911851856458,0.04044125686956317,0.06534071326643599,0.0,0.3894983506806441,1.715539269073395,0.11925654464680494,0.3440910517738816,0.16958496510914967,ILI,raw,392,440,raw:392:4,low,low
5,0.9805159809367412,0.1019839183887099,0.6214205775672185,0.0,0.7202675628453598,1.715539269073395,0.11925654464680494,0.5679734922975564,0.2798413691640549,ILI,raw,392,440,raw:392:5,high,mid
6,0.915497668396919,0.30067127037062746,0.374065768760349,0.125,0.8090963745594282,1.715539269073395,0.11925654464680494,0.5300782358426318,0.35111763973541105,ILI,raw,392,440,raw:392:6,high,high
0,0.9586495740057114,0.021107175905752805,0.22986620689115975,0.125,0.8699473092538537,1.9127793393662753,0.1521298896408294,0.40320765226754135,0.3823590662982277,ILI,raw,396,444,raw:396:0,mid,high
1,0.9448188388303589,0.01902316799915158,0.20182572155042455,0.125,0.891953217066575,1.9127793393662753,0.1521298896408294,0.38855590945997837,0.3896943689024681,ILI,raw,396,444,raw:396:1,mid,high
2,0.9279613641849727,0.013928946295211474,0.21442251255832026,0.0,0.8739653657711989,1.9127793393662753,0.1521298896408294,0.38543760767950147,0.3420317518040094,ILI,raw,396,444,raw:396:2,mid,high
3,0.9517036028700203,0.07508880717210924,0.2204657227750663,0.125,0.8105498993060154,1.9127793393662753,0.1521298896408294,0.4157527109390653,0.3625599296489483,ILI,raw,396,444,raw:396:3,mid,high
4,0.9449979337719482,0.0389302601495942,0.449856229924328,0.125,0.8335677242548605,1.9127793393662753,0.1521298896408294,0.47792814128195676,0.37023253796523,ILI,raw,396,444,raw:396:4,high,high
5,0.9891177720833557,0.07231397174539655,0.7572858614410537,0.25,0.842275246884844,1.9127793393662753,0.1521298896408294,0.606239201756602,0.4148017121752245,ILI,raw,396,444,raw:396:5,high,high
6,0.9337063796602848,0.44498704733673056,0.23654852777758495,0.625,0.944279331215614,1.9127793393662753,0.1521298896408294,0.5384139849248667,0.5738030736188144,ILI,raw,396,444,raw:396:6,high,high
0,0.950090424705397,0.05580889552992736,0.20313848619779049,0.25,0.8053883553291091,1.7204439382200423,0.12007398950321706,0.4030126021443716,0.3918207816107753,ILI,raw,400,448,raw:400:0,mid,high
1,0.9447793225194141,0.061366354102585854,0.24837774726841375,0.25,0.8180169354767849,1.7204439382200423,0.12007398950321706,0.4181744746301379,0.39603030832666736,ILI,raw,400,448,raw:400:1,mid,high
2,0.9279613641849727,0.007389101169820809,0.09778789465130486,0.0,0.8006511907347582,1.7204439382200423,0.12007398950321706,0.3443794533353661,0.3069083934126584,ILI,raw,400,448,raw:400:2,low,mid
3,0.9388396262745855,0.03231144234680906,0.031092379662965713,0.25,0.7823484889064105,1.7204439382200423,0.12007398950321706,0.3340811494281201,0.3841408261365425,ILI,raw,400,448,raw:400:3,low,high
4,0.9449979337719482,0.02054451206612002,0.09314955467540113,0.125,0.7923374251092846,1.7204439382200423,0.12007398950321706,0.3528973335044898,0.3458038048708339,ILI,raw,400,448,raw:400:4,mid,high
5,0.9593645603046096,0.04277715093389427,0.0030603384686220597,0.125,0.806453852159022,1.7204439382200423,0.12007398950321706,0.3350673499023753,0.3505092805540797,ILI,raw,400,448,raw:400:5,low,high
6,0.8048623800561043,0.28645183922027945,0.26396106517547857,0.25,0.8642553305927002,1.7204439382200423,0.12007398950321706,0.4517584281506208,0.4114431066986391,ILI,raw,400,448,raw:400:6,high,high
0,0.9181056678419147,0.10046759158889418,0.3041733566145762,0.0,0.6390725410670098,1.5945813868864103,0.09909689764924022,0.44091553868179495,0.24605647957208335,ILI,raw,404,452,raw:404:0,high,mid
1,0.9038628873348616,0.14137845352246914,0.31554515987336285,0.0,0.6093098347051962,1.5945813868864103,0.09909689764924022,0.4535955002435645,0.2361355774514788,ILI,raw,404,452,raw:404:1,high,mid
2,0.9005567226780965,0.037583527175837,0.15826659557858075,0.0,0.5053893773473369,1.5945813868864103,0.09909689764924022,0.3654689484775047,0.20149542499885906,ILI,raw,404,452,raw:404:2,mid,low
3,0.8684217051757686,0.06305118055955856,0.3484729724594402,0.0,0.7229209324032249,1.5945813868864103,0.09909689764924022,0.42664861939825577,0.2740059433508217,ILI,raw,404,452,raw:404:3,mid,mid
4,0.8998591475258715,0.03549880764364138,0.22324264285161752,0.0,0.6388458127503491,1.5945813868864103,0.09909689764924022,0.38620019934037675,0.2459809034665298,ILI,raw,404,452,raw:404:4,mid,mid
5,0.8290289853514,0.04335809881796773,0.013684967200273415,0.125,0.5062911664844286,1.5945813868864103,0.09909689764924022,0.29535735045654704,0.24346268804455629,ILI,raw,404,452,raw:404:5,low,mid
6,0.6589039989764751,0.024991707635533537,0.3462815598494617,0.125,0.8059338522339098,1.5945813868864103,0.09909689764924022,0.34339242215382343,0.34334358329438336,ILI,raw,404,452,raw:404:6,low,high
0,0.6586268695917084,0.09713177682079069,0.32766222105667886,0.0,0.47222540619197967,1.503465355964534,0.08391089252090417,0.3611402891563926,0.18537876623762795,ILI,raw,408,456,raw:408:0,mid,low
1,0.5099873803214634,0.09116573338919613,0.19397418761853658,0.0,0.44176923485688385,1.503465355964534,0.08391089252090417,0.2650424337763987,0.17522670912592933,ILI,raw,408,456,raw:408:1,low,low
2,0.31412274941667495,0.03143947651424722,0.36976290209891394,0.0,0.25518816990326787,1.503465355964534,0.08391089252090417,0.23844170934327868,0.11303302080805734,ILI,raw,408,456,raw:408:2,low,low
3,0.5180744812821773,0.05073677398995868,0.37817291766777356,0.0,0.586343334228583,1.503465355964534,0.08391089252090417,0.31566139097996987,0.22341807558316237,ILI,raw,408,456,raw:408:3,low,mid
4,0.4467331126546923,0.05841870353652395,0.3124460555764287,0.0,0.45552520985636114,1.503465355964534,0.08391089252090417,0.27253262392254834,0.1798120341257551,ILI,raw,408,456,raw:408:4,low,low
5,0.620595848259811,0.06333865798665488,0.4174395515372312,0.0,0.39532559284805063,1.503465355964534,0.08391089252090417,0.367124685927899,0.15974549512298494,ILI,raw,408,456,raw:408:5,mid,low
6,0.5599194467657631,0.10418812389996662,0.23620139542788848,0.0,0.7003157158326853,1.503465355964534,0.08391089252090417,0.3001029886978728,0.26140886945119646,ILI,raw,408,456,raw:408:6,low,mid
0,0.4802636629692011,0.02628936694149571,0.8899717964485624,0.0,0.4229405817209671,1.4787446476119355,0.07979077446900462,0.4655082754530864,0.1675771187299906,ILI,raw,412,460,raw:412:0,high,low
1,0.6350208090718279,0.03884171066877049,0.8702002572323487,0.0,0.42028908156787903,1.4787446476119355,0.07979077446900462,0.5146875923243157,0.16669328534562788,ILI,raw,412,460,raw:412:1,high,low
2,0.5804792700072019,0.028776781289969397,0.6887529401215332,0.0,0.24926535695884017,1.4787446476119355,0.07979077446900462,0.43266966380623484,0.10968537714261493,ILI,raw,412,460,raw:412:2,mid,low
3,0.5495550305479687,0.022302895658510485,0.8965712589683553,0.0,0.5525249395044658,1.4787446476119355,0.07979077446900462,0.48947639505827817,0.21077190465782347,ILI,raw,412,460,raw:412:3,high,low
4,0.5679671217456974,0.011480556410439866,0.8699512446112556,0.0,0.42293361465231644,1.4787446476119355,0.07979077446900462,0.48313297425579765,0.1675747963737737,ILI,raw,412,460,raw:412:4,high,low
5,0.9278246995896914,0.061726751996942456,0.08518392111063988,0.0,0.4858840671232631,1.4787446476119355,0.07979077446900462,0.35824512423242455,0.18855828053075588,ILI,raw,412,460,raw:412:5,mid,low
6,0.7315921655098261,0.20117082924462745,0.7130364313939958,0.0,0.7066200014763685,1.4787446476119355,0.07979077446900462,0.5485998087161498,0.2621369253151244,ILI,raw,412,460,raw:412:6,high,mid
0,0.7995417779745578,0.11569191570658523,0.6993489729879633,0.0,0.5097879208472356,1.4763467973879514,0.07939113276567335,0.5381942222230355,0.19639301787096963,ILI,raw,416,464,raw:416:0,high,low
1,0.8505427433643482,0.1206464250745746,0.779453641368644,0.0,0.5303616958131567,1.4763467973879514,0.07939113276567335,0.583547603269189,0.20325094285961,ILI,raw,416,464,raw:416:1,high,low
2,0.7976378343278949,0.05210692731117622,0.12912727244929828,0.0,0.45559891420131415,1.4763467973879514,0.07939113276567335,0.3262906780294565,0.1783300156556625,ILI,raw,416,464,raw:416:2,low,low
3,0.8413109759738266,0.06255410942679919,0.8214525665783476,0.0,0.6396235396717691,1.4763467973879514,0.07939113276567335,0.5751058839929911,0.23967155747914748,ILI,raw,416,464,raw:416:3,high,mid
4,0.8506522977208633,0.05428983703578021,0.8855699587164374,0.0,0.5451826786731351,1.4763467973879514,0.07939113276567335,0.596837364491027,0.2081912704796028,ILI,raw,416,464,raw:416:4,high,low
5,0.9756872387596324,0.278627093136685,0.2862040870641902,0.125,0.6592946137589523,1.4763467973879514,0.07939113276567335,0.5135061396535026,0.2878952488415419,ILI,raw,416,464,raw:416:5,high,mid
6,0.9032258326764344,0.4310953321414667,0.15099442738516028,0.25,0.8174876894251181,1.4763467973879514,0.07939113276567335,0.4951051974010205,0.3822929407302638,ILI,raw,416,464,raw:416:6,high,high
0,0.9076943926361893,0.2156504634946746,0.01928922113406497,0.0,0.7032795921481249,1.295796655995016,0.04929944258367027,0.38087802575497626,0.2508596782439317,ILI,raw,420,468,raw:420:0,mid,mid
1,0.9293485471075388,0.18148622906031595,0.04167748688023191,0.125,0.731609962275173,1.295796655995016,0.04929944258367027,0.3841707543493622,0.30196980161961445,ILI,raw,420,468,raw:420:1,mid,mid
2,0.929436928132206,0.06874288560414639,0.10687275346875658,0.0,0.7427045214675487,1.295796655995016,0.04929944258367027,0.36835085573503634,0.2640013213504063,ILI,raw,420,468,raw:420:2,mid,mid
3,0.9298512997360256,0.027932811158234247,0.09606615514161944,0.25,0.7509474005640573,1.295796655995016,0.04929944258367027,0.3512834220119598,0.35008228104924255,ILI,raw,420,468,raw:420:3,mid,high
4,0.9479143780547598,0.06589394709041613,0.046647761086237687,0.125,0.706387367403674,1.295796655995016,0.04929944258367027,0.3534853620771379,0.29356226999578144,ILI,raw,420,468,raw:420:4,mid,mid
5,0.9980939672009982,0.07246187797424049,0.23544379700839316,0.125,0.6767203254630372,1.295796655995016,0.04929944258367027,0.43533321406121056,0.28367325601556914,ILI,raw,420,468,raw:420:5,mid,mid
6,0.9538764090399747,0.07984992496652084,0.22043426749731745,0.375,0.8702867984122484,1.295796655995016,0.04929944258367027,0.4180535338346043,0.4315287469986396,ILI,raw,420,468,raw:420:6,mid,high
0,0.9266519979447287,0.11428541963183587,0.004487121563428929,0.25,0.8221535966311647,1.4319837097726629,0.07199728484211501,0.34847484637999787,0.3813836271577599,ILI,raw,424,472,raw:424:0,mid,high
1,0.9432406702387374,0.11155828469617987,0.004908160565433007,0.25,0.8557150958591904,1.4319837097726629,0.07199728484211501,0.35323570516678343,0.39257079356710184,ILI,raw,424,472,raw:424:1,mid,high
2,0.9306650249310636,0.13967711683577466,0.013807959578904253,0.125,0.8919046132080115,1.4319837097726629,0.07199728484211501,0.36138336711524754,0.3629672993500422,ILI,raw,424,472,raw:424:2,mid,high
3,0.9311466882310406,0.0741697761993293,0.024967421185933605,0.25,0.7902481833146802,1.4319837097726629,0.07199728484211501,0.3434279618721012,0.3707484893855984,ILI,raw,424,472,raw:424:3,low,high
4,0.9515466683998061,0.11426736496246315,0.008223331975870152,0.25,0.8195327534509428,1.4319837097726629,0.07199728484211501,0.3580124551127131,0.3805100127643526,ILI,raw,424,472,raw:424:4,mid,high
5,0.9963571460965824,0.1714394575615376,0.13931402274368165,0.125,0.9597504767545336,1.4319837097726629,0.07199728484211501,0.4357035421339339,0.38558258719888294,ILI,raw,424,472,raw:424:5,mid,high
6,0.883696860665501,0.07983012412195799,0.2749882003417172,0.25,0.9139842561215789,1.4319837097726629,0.07199728484211501,0.41283839504305875,0.4119938469878979,ILI,raw,424,472,raw:424:6,mid,high
0,0.9094185972938247,0.029969048194951112,0.021717029046096865,0.125,0.6960892736379635,1.3960108609758166,0.06600181005263309,0.3203682248449576,0.2956970278968655,ILI,raw,428,476,raw:428:0,low,mid
1,0.9276800814359111,0.02345083115453607,0.017640387784251903,0.125,0.6509642457486258,1.3960108609758166,0.06600181005263309,0.32292376679156637,0.28065535193375296,ILI,raw,428,476,raw:428:1,low,mid
2,0.9299200214162375,0.07009869988567591,0.03336371603445095,0.125,0.45682669556752115,1.3960108609758166,0.06600181005263309,0.34446081244545473,0.21594283520671806,ILI,raw,428,476,raw:428:2,low,low
3,0.9333347398840098,0.04644614264441247,0.047430310147875944,0.125,0.7250816458159387,1.3960108609758166,0.06600181005263309,0.34240373089209947,0.30536115195619057,ILI,raw,428,476,raw:428:3,low,mid
4,0.9512098054720379,0.048250085088270764,0.028362045666066413,0.125,0.6643763372098435,1.3960108609758166,0.06600181005263309,0.3426073120754584,0.2851260490874922,ILI,raw,428,476,raw:428:4,low,mid
5,0.9832040351710488,0.09574441192408029,0.19820905317360252,0.0,0.7016702096736379,1.3960108609758166,0.06600181005263309,0.4257191667562439,0.2558906732420903,ILI,raw,428,476,raw:428:5,mid,mid
6,0.8684072590813648,0.05556593640350593,0.07798225256926378,0.125,0.7533688257256417,1.3960108609758166,0.06600181005263309,0.3339851493513782,0.3147902119260916,ILI,raw,428,476,raw:428:6,low,mid
0,0.7424580627028852,0.041588369474465994,0.07797671841896006,0.0,0.43386040159500855,1.246896185315489,0.04114936415066588,0.2873410501987704,0.15833658858189148,ILI,raw,432,480,raw:432:0,low,low
1,0.7515251257239042,0.0417148594992396,0.08857725359210633,0.0,0.42966852263322425,1.246896185315489,0.04114936415066588,0.29393907960508336,0.15693929559463005,ILI,raw,432,480,raw:432:1,low,low
2,0.8222417969472215,0.02664730415128984,0.11343438576823135,0.0,0.24742913537178948,1.246896185315489,0.04114936415066588,0.3207744956222476,0.09619283317415178,ILI,raw,432,480,raw:432:2,low,low
3,0.7660432157026198,0.05155485742701577,0.11700824326959437,0.0,0.5461098407314242,1.246896185315489,0.04114936415066588,0.3115354387997433,0.19575306829403002,ILI,raw,432,480,raw:432:3,low,low
4,0.799437038250277,0.04751808396571361,0.12975264133195216,0.0,0.43055592576886864,1.246896185315489,0.04114936415066588,0.3255692545159809,0.15723509663984483,ILI,raw,432,480,raw:432:4,low,low
5,0.957917820119285,0.04872013401520606,0.055732890597664,0.0,0.4119472278188645,1.246896185315489,0.04114936415066588,0.3541236149107183,0.1510321973231768,ILI,raw,432,480,raw:432:5,mid,low
6,0.5569722957044735,0.05508123046585199,0.10589984137081436,0.0,0.47495897885157734,1.246896185315489,0.04114936415066588,0.23931778918037994,0.17203611433408106,ILI,raw,432,480,raw:432:6,low,low
0,0.25230646854654804,0.008206136923807322,0.029246295312847167,0.0,0.4724320258388217,1.2908664890061503,0.04847774808689547,0.09658630026106751,0.17363659130857237,ILI,raw,436,484,raw:436:0,low,low
1,0.13621584761863736,0.01033707198736462,0.01656824910277332,0.0,0.49997163625701024,1.2908664890061503,0.04847774808689547,0.0543737229029251,0.18281646144796856,ILI,raw,436,484,raw:436:1,low,low
2,0.18222499553325633,0.025166960697349524,0.0036390356680760802,0.0,0.28296268413540093,1.2908664890061503,0.04847774808689547,0.07034366396622731,0.1104801440740988,ILI,raw,436,484,raw:436:2,low,low
3,0.4311515843889727,0.0796381619878819,0.03939687889316452,0.0,0.6104392753810409,1.2908664890061503,0.04847774808689547,0.18339554175667305,0.21963900782264545,ILI,raw,436,484,raw:436:3,low,low
4,0.5205936957798696,0.0396721950089224,0.024523563414975007,0.0,0.4943310697982685,1.2908664890061503,0.04847774808689547,0.1949298180679223,0.180936272628388,ILI,raw,436,484,raw:436:4,low,low
5,0.8270591379240894,0.04226643767937281,0.04389478478353666,0.0,0.3604295699694435,1.2908664890061503,0.04847774808689547,0.3044067867956663,0.13630243935211298,ILI,raw,436,484,raw:436:5,low,low
6,0.22195269780858584,0.09059493922199632,0.11234217201492018,0.0,0.5948066573429207,1.2908664890061503,0.04847774808689547,0.1416299363485008,0.21442813514327205,ILI,raw,436,484,raw:436:6,low,low
0,0.520278233970838,0.07105716236468551,0.7143345731076425,0.0,0.5085210732231432,1.4368667095269665,0.07281111813314255,0.43522332314772205,0.19377739711876193,ILI,raw,440,488,raw:440:0,mid,low
1,0.5541229689173092,0.07881976802896846,0.7753333657420489,0.0,0.48870251206124515,1.4368667095269665,0.07281111813314255,0.46942536756277553,0.1871712100647959,ILI,raw,440,488,raw:440:1,high,low
2,0.6688901060453314,0.022021484821391046,0.5519301556521579,0.0,0.3422271175087603,1.4368667095269665,0.07281111813314255,0.4142805821729601,0.13834607854730094,ILI,raw,440,488,raw:440:2,mid,low
3,0.7589691425070184,0.05996270020034723,0.5526276424704244,0.125,0.6256501811630263,1.4368667095269665,0.07281111813314255,0.4571864950592633,0.2744870997653896,ILI,raw,440,488,raw:440:3,high,mid
4,0.8450425086877332,0.014993787790526882,0.6522690099411803,0.0,0.49025408354587874,1.4368667095269665,0.07281111813314255,0.5041017688064802,0.18768840055967376,ILI,raw,440,488,raw:440:4,high,low
5,0.9714230037244602,0.06595612714820002,0.4310234514979671,0.0,0.5518454168855293,1.4368667095269665,0.07281111813314255,0.48946752745687583,0.20821884500622398,ILI,raw,440,488,raw:440:5,high,low
6,0.6260617044403722,0.1868567601369826,0.49280344526606945,0.0,0.746810583220004,1.4368667095269665,0.07281111813314255,0.43524063661447476,0.2732072337843822,ILI,raw,440,488,raw:440:6,mid,mid
0,0.6621410305569743,0.22571962893121694,0.022787464969435067,0.0,0.5373024200486951,1.6792675103191061,0.11321125153116561,0.3035493748192088,0.21683789052662025,ILI,raw,444,492,raw:444:0,low,low
1,0.7481464662023026,0.19929727125952856,0.2598700607974996,0.0,0.5784047128309799,1.6792675103191061,0.11321125153116561,0.40243793275311024,0.23053865478738186,ILI,raw,444,492,raw:444:1,mid,mid
2,0.8476683144757649,0.16302913475867858,0.2582242676949787,0.0,0.5463233047513796,1.6792675103191061,0.11321125153116561,0.4229739056431407,0.21984485209418173,ILI,raw,444,492,raw:444:2,mid,low
3,0.7868553125261697,0.2154328131843371,0.2367570716463876,0.0,0.6911265748985567,1.6792675103191061,0.11321125153116561,0.41301506578563146,0.26811260880990745,ILI,raw,444,492,raw:444:3,mid,mid
4,0.8555015530264272,0.4235804251528767,0.23982635686980042,0.0,0.5662122939902436,1.6792675103191061,0.11321125153116561,0.5063027783497015,0.2264745151738031,ILI,raw,444,492,raw:444:4,high,mid
5,0.999036014945676,0.07346543101915601,0.516740984890732,0.125,0.7610422256038913,1.6792675103191061,0.11321125153116561,0.5297474769518545,0.3330844923783523,ILI,raw,444,492,raw:444:5,high,high
6,0.9715568196192095,0.16346300353397725,0.4114397944038815,0.125,0.819029695795948,1.6792675103191061,0.11321125153116561,0.5154865391856894,0.3524136491090379,ILI,raw,444,492,raw:444:6,high,high
0,0.8062225733986658,0.406707486051609,0.03707341102040143,0.125,0.825976806436114,1.8706367416969143,0.14510612337430884,0.4166678234902254,0.3653609766034743,ILI,raw,448,496,raw:448:0,mid,high
1,0.8355952242645934,0.5694284230565316,0.02033608245712434,0.375,0.8546040293878339,1.8706367416969143,0.14510612337430884,0.47511990992608316,0.45823671758738094,ILI,raw,448,496,raw:448:1,high,high
2,0.8720697035784333,0.28029731645182143,0.5828722828856168,0.375,0.8875252536008152,1.8706367416969143,0.14510612337430884,0.5784131009719572,0.46921045899170793,ILI,raw,448,496,raw:448:2,high,high
3,0.8398009034924899,0.12749512290082754,0.703751122058548,0.125,0.8095347015621358,1.8706367416969143,0.14510612337430884,0.5570157161506218,0.35988027497881486,ILI,raw,448,496,raw:448:3,high,high
4,0.8993122767628131,0.5019620813672384,0.697931093215426,0.125,0.8501925179339157,1.8706367416969143,0.14510612337430884,0.6997351504484924,0.37343288043607487,ILI,raw,448,496,raw:448:4,high,high
5,0.9998219592081288,0.026480238374559307,0.921993713825328,0.25,0.8482442740967681,1.8706367416969143,0.14510612337430884,0.6494319704693386,0.41445013249035895,ILI,raw,448,496,raw:448:5,high,high
6,0.9379733006107054,0.27161806780607406,0.4359534090541492,0.375,0.8993337796281905,1.8706367416969143,0.14510612337430884,0.5485149258236429,0.47314663433416637,ILI,raw,448,496,raw:448:6,high,high
0,0.7379098978541805,0.16841330880846955,0.0967151939386124,0.5,0.8404862424298986,1.849235120121339,0.1415391864509912,0.33434613353375414,0.49400847629362993,ILI,raw,452,500,raw:452:0,low,high
1,0.7451591306991305,0.23728852298766623,0.08987955315054814,0.375,0.8562601392425928,1.849235120121339,0.1415391864509912,0.35744240227911495,0.45759977523119466,ILI,raw,452,500,raw:452:1,mid,high
2,0.8720333323077888,0.19577120327235137,0.025733529690656506,0.125,0.8024063371369455,1.849235120121339,0.1415391864509912,0.3645126884235989,0.3563151745293123,ILI,raw,452,500,raw:452:2,mid,high
3,0.8105031236099512,0.32260204245522694,0.17263748305738094,0.25,0.7990112525848153,1.849235120121339,0.1415391864509912,0.43524754970751967,0.3968501463452689,ILI,raw,452,500,raw:452:3,mid,high
4,0.8849588558851667,0.32511972844122916,0.00956020972879335,0.125,0.7753363950951876,1.849235120121339,0.1415391864509912,0.4065462646850631,0.34729186051539296,ILI,raw,452,500,raw:452:4,mid,high
5,0.9975117614165353,0.025865877801780242,0.002628198346704569,0.125,0.7956655098460785,1.849235120121339,0.1415391864509912,0.3420019458550067,0.3540682320990232,ILI,raw,452,500,raw:452:5,low,high
6,0.9048884873996923,0.3960883478590439,0.2624362110781106,0.25,0.9073647015314735,1.849235120121339,0.1415391864509912,0.5211376821122823,0.4329679626608216,ILI,raw,452,500,raw:452:6,high,high
0,0.6051153282935874,0.11072921190800424,0.23376277155007386,0.0,0.7087196576400433,1.710283677297502,0.11838061268561599,0.3165357705838885,0.27570009010855306,ILI,raw,456,504,raw:456:0,low,mid
1,0.620587678358798,0.12212869305814035,0.1351018457716269,0.0,0.6477968535290803,1.710283677297502,0.11838061268561599,0.2926060723961884,0.2553924887382321,ILI,raw,456,504,raw:456:1,low,mid
2,0.8015995674917258,0.05115503691528172,0.11829314974524402,0.125,0.43080893429437944,1.710283677297502,0.11838061268561599,0.3236825847174172,0.22472984899333182,ILI,raw,456,504,raw:456:2,low,mid
3,0.6049880076031648,0.03286004820039592,0.13805512863462752,0.125,0.7644739516767648,1.710283677297502,0.11838061268561599,0.25863439481272943,0.33595152145412693,ILI,raw,456,504,raw:456:3,low,high
4,0.6498541189993058,0.06313007881645863,0.06396364176870034,0.125,0.599379329213942,1.710283677297502,0.11838061268561599,0.2589826131948216,0.28091998063318596,ILI,raw,456,504,raw:456:4,low,mid
5,0.987370209687634,0.04912075294349649,0.0032949720757654683,0.125,0.5135496204767561,1.710283677297502,0.11838061268561599,0.34659531156896534,0.25231007772079067,ILI,raw,456,504,raw:456:5,low,mid
6,0.7706039741628198,0.04674850074339551,0.19742750025032377,0.0,0.8054803917769899,1.710283677297502,0.11838061268561599,0.3382599917188464,0.30795366815420194,ILI,raw,456,504,raw:456:6,low,mid
0,0.41809474499177823,0.16305535365538776,0.30120195966239877,0.0,0.45655169516985766,1.5841315547964943,0.09735525897049029,0.2941173527698549,0.18463565138011598,ILI,raw,460,508,raw:460:0,low,low
1,0.34449495407862485,0.11394141139324165,0.23686550267553463,0.0,0.4236826863221771,1.5841315547964943,0.09735525897049029,0.23176728938246705,0.17367931509755577,ILI,raw,460,508,raw:460:1,low,low
2,0.13486698289974974,0.04639667689474866,0.3739938758054443,0.0,0.2255162834549306,1.5841315547964943,0.09735525897049029,0.18508584519998092,0.1076238474751403,ILI,raw,460,508,raw:460:2,low,low
3,0.4065936802006326,0.016743126103897377,0.4443144943122636,0.0,0.5775547640414845,1.5841315547964943,0.09735525897049029,0.2892171002055979,0.22497000767065825,ILI,raw,460,508,raw:460:3,low,mid
4,0.43209090400498684,0.02244918187666347,0.37671886281414674,0.0,0.386142487031928,1.5841315547964943,0.09735525897049029,0.27708631623193236,0.16116591533413943,ILI,raw,460,508,raw:460:4,low,low
5,0.6474614575537683,0.062420794546443385,0.4908425201148827,0.0,0.44915200880738826,1.5841315547964943,0.09735525897049029,0.40024159073836474,0.18216908925929284,ILI,raw,460,508,raw:460:5,mid,low
6,0.6910595889894084,0.09682812501539712,0.2366917229564965,0.0,0.7341456603955901,1.5841315547964943,0.09735525897049029,0.34152647898710065,0.2771669731220268,ILI,raw,460,508,raw:460:6,low,mid
0,0.134844217471905,0.061710110870175514,0.2984685897773825,0.0,0.37291076610868085,1.6043665468988957,0.10072775764860302,0.16500763937315435,0.15787950791909464,ILI,raw,464,512,raw:464:0,low,low
1,0.32827447860930536,0.04032190120174094,0.33641783147900595,0.0,0.3334379269608771,1.6043665468988957,0.10072775764860302,0.2350047370966841,0.1447218948698267,ILI,raw,464,512,raw:464:1,low,low
2,0.5309353905479095,0.016375147000282694,0.1426356451552415,0.125,0.25168798118443925,1.6043665468988957,0.10072775764860302,0.22998206090114456,0.1591385796110141,ILI,raw,464,512,raw:464:2,low,low
3,0.7440427944720251,0.18241706047508632,0.4203861932064263,0.0,0.5005939010548236,1.6043665468988957,0.10072775764860302,0.44894868271784594,0.20044055290114218,ILI,raw,464,512,raw:464:3,high,low
4,0.7737709761480439,0.04973264033799429,0.32538772085333456,0.0,0.318330519147652,1.6043665468988957,0.10072775764860302,0.38296377911312424,0.13968609226541834,ILI,raw,464,512,raw:464:4,mid,low
5,0.9390031505167066,0.058266325228820054,0.14614374153762652,0.0,0.5531730660626443,1.6043665468988957,0.10072775764860302,0.38113773909438436,0.2179669412370824,ILI,raw,464,512,raw:464:5,mid,low
6,0.35996747826194997,0.20292782082742783,0.5702850359262869,0.0,0.7855340875286172,1.6043665468988957,0.10072775764860302,0.37772677833855495,0.2954206150590734,ILI,raw,464,512,raw:464:6,mid,mid
0,0.542574598220315,0.028904681213964927,0.7638586180771926,0.0,0.4425402431872635,1.768652295468034,0.12810871569782448,0.44511263250382416,0.19021631962836263,ILI,raw,468,516,raw:468:0,high,low
1,0.4526335537761964,0.034175068204843506,0.6926252746411061,0.0,0.4272941646002094,1.768652295468034,0.12810871569782448,0.393144632207382,0.18513429343267795,ILI,raw,468,516,raw:468:1,mid,low
2,0.6961071153254318,0.04247670582976647,0.8249000557989923,0.0,0.5095038947339194,1.768652295468034,0.12810871569782448,0.5211612923180635,0.2125375368105813,ILI,raw,468,516,raw:468:2,high,low
3,0.6673436734561993,0.14486303055709915,0.629037240026684,0.0,0.5367160845850043,1.768652295468034,0.12810871569782448,0.4804146480133275,0.22160826676094292,ILI,raw,468,516,raw:468:3,high,mid
4,0.7424976438627384,0.0528042834767922,0.9000250312793602,0.0,0.41568463982093795,1.768652295468034,0.12810871569782448,0.5651089862062969,0.18126445183958748,ILI,raw,468,516,raw:468:4,high,low
5,0.9813107277950812,0.34111339634309223,0.26050077158339935,0.125,0.7328167765145247,1.768652295468034,0.12810871569782448,0.5276416319071909,0.32864183073744974,ILI,raw,468,516,raw:468:5,high,high
6,0.9275748527497938,0.6051494844098886,0.09420497108436067,0.5,0.9108239891758902,1.768652295468034,0.12810871569782448,0.542309769414681,0.5129775682912382,ILI,raw,468,516,raw:468:6,high,high
0,0.8283518578321358,0.045765627753070526,0.6164685277944746,0.125,0.7420397366876207,1.622557347782954,0.10375955779089308,0.49686200445989365,0.32359976482617125,ILI,raw,472,520,raw:472:0,high,high
1,0.7229729188170089,0.05836127344715339,0.5845590410518459,0.125,0.7476436650795643,1.622557347782954,0.10375955779089308,0.4552977444386694,0.32546774095681913,ILI,raw,472,520,raw:472:1,high,high
2,0.9038939663761183,0.09520695865635462,0.34720764887591643,0.125,0.7697261715309941,1.622557347782954,0.10375955779089308,0.4487695246361298,0.3328285764406291,ILI,raw,472,520,raw:472:2,high,high
3,0.7313390524545487,0.059482904906998896,0.5753927192391293,0.0,0.6538085062274948,1.622557347782954,0.10375955779089308,0.4554048922002256,0.25252268800612926,ILI,raw,472,520,raw:472:3,high,mid
4,0.8444036537817585,0.05155811894761568,0.13245251664425725,0.125,0.6498999384250714,1.622557347782954,0.10375955779089308,0.34280476312454383,0.29288649873865485,ILI,raw,472,520,raw:472:4,low,mid
5,0.9993366595821096,0.09256658630441528,0.26808614019868066,0.0,0.6779486202964032,1.622557347782954,0.10375955779089308,0.4533297953617352,0.26056939269576546,ILI,raw,472,520,raw:472:5,high,mid
6,0.9066153394846976,0.09649766433164345,0.2136370347788189,0.125,0.8652766627307531,1.622557347782954,0.10375955779089308,0.4055833461983867,0.3646787401738821,ILI,raw,472,520,raw:472:6,mid,high
0,0.8437585695844854,0.050090353919895095,0.046787979205299514,0.125,0.8751159062374432,1.8367786099050958,0.13946310141841078,0.31354563423656,0.379859669218618,ILI,raw,476,524,raw:476:0,low,high
1,0.7684921682438057,0.031001276933916907,0.05635687631040793,0.25,0.9015102767905129,1.8367786099050958,0.13946310141841078,0.28528344049604354,0.4303244594029745,ILI,raw,476,524,raw:476:1,low,high
2,0.9135864829457461,0.0736407204221037,0.017639265588502248,0.0,0.9015722576843815,1.8367786099050958,0.13946310141841078,0.33495548965211736,0.34701178636759744,ILI,raw,476,524,raw:476:2,low,high
3,0.7107873056465692,0.02677128987304985,0.23717981536461263,0.125,0.757612416777944,1.8367786099050958,0.13946310141841078,0.32491280362807723,0.34069183939878495,ILI,raw,476,524,raw:476:3,low,high
4,0.809887672731649,0.04786274007322785,0.06741411066115853,0.25,0.8147107345671704,1.8367786099050958,0.13946310141841078,0.30838817448867845,0.40139127866186036,ILI,raw,476,524,raw:476:4,low,high
5,0.9988413312809159,0.19521679714203952,0.2627736417167513,0.25,0.9689051992469313,1.8367786099050958,0.13946310141841078,0.485610590046569,0.452789433555114,ILI,raw,476,524,raw:476:5,high,high
6,0.8617945289816435,0.09814485967833486,0.33736407387302264,0.375,0.9158638094701304,1.8367786099050958,0.13946310141841078,0.4324344875110004,0.476775636962847,ILI,raw,476,524,raw:476:6,mid,high
0,0.8293818221137776,0.06392986458668863,0.06986659299796032,0.125,0.8075310317045079,1.6205390029284077,0.10342316698236267,0.32105942656614217,0.34531806622895683,ILI,raw,480,528,raw:480:0,low,high
1,0.7882118858785016,0.06084894893354197,0.12440722764522023,0.125,0.7782978792142531,1.6205390029284077,0.10342316698236267,0.32448935415242125,0.3355736820655386,ILI,raw,480,528,raw:480:1,low,high
2,0.9043920890933331,0.02002847230085752,0.0546116489408602,0.125,0.5891784461571746,1.6205390029284077,0.10342316698236267,0.3263440701116836,0.27253387104651244,ILI,raw,480,528,raw:480:2,low,mid
3,0.6965784084233604,0.046512301091816255,0.21787700325002574,0.0,0.7605759878443018,1.6205390029284077,0.10342316698236267,0.3203225709217341,0.2879997182755548,ILI,raw,480,528,raw:480:3,low,mid
4,0.8349876206709991,0.05534609385579572,0.12550619030260624,0.125,0.7126207701489933,1.6205390029284077,0.10342316698236267,0.3386133016098003,0.31368131237711866,ILI,raw,480,528,raw:480:4,low,mid
5,0.9933145947241295,0.06116660470479207,0.010147678399822549,0.0,0.7253906294579462,1.6205390029284077,0.10342316698236267,0.35487629260958137,0.27627126548010295,ILI,raw,480,528,raw:480:5,mid,mid
6,0.8028057008824128,0.07163532855898641,0.17412574045252951,0.125,0.7818584010552546,1.6205390029284077,0.10342316698236267,0.3495222566313096,0.3367605226792058,ILI,raw,480,528,raw:480:6,mid,high
0,0.6028235632489729,0.17521000772816642,0.11107281478673875,0.125,0.5955063272148798,1.4058713681492563,0.067645227912134,0.29636879525462606,0.26271718504233793,ILI,raw,484,532,raw:484:0,low,mid
1,0.5952503947865769,0.16977310117006184,0.053443561643481505,0.125,0.6154760192147561,1.4058713681492563,0.067645227912134,0.27282235253337345,0.2693737490422967,ILI,raw,484,532,raw:484:1,low,mid
2,0.7577646693366493,0.139194507884315,0.11676908465717073,0.0,0.46390310119849454,1.4058713681492563,0.067645227912134,0.33790942062604507,0.17718277637020952,ILI,raw,484,532,raw:484:2,low,low
3,0.3402421895978126,0.2000683846045671,0.14945575042659387,0.0,0.5838892451379532,1.4058713681492563,0.067645227912134,0.22992210820965786,0.21717815768336238,ILI,raw,484,532,raw:484:3,low,low
4,0.5201069717664383,0.17855094859988424,0.10579992646864944,0.0,0.5201019510354494,1.4058713681492563,0.067645227912134,0.2681526156116573,0.19591572631586116,ILI,raw,484,532,raw:484:4,low,low
5,0.9729653183861997,0.049487804815149875,0.0030103835711717763,0.0,0.4492104631856936,1.4058713681492563,0.067645227912134,0.34182116892417375,0.17228523036594254,ILI,raw,484,532,raw:484:5,low,low
6,0.6356388580168748,0.12781459357114444,0.1043304471075355,0.0,0.4973427046163527,1.4058713681492563,0.067645227912134,0.2892612995651849,0.1883293108428289,ILI,raw,484,532,raw:484:6,low,low
0,0.2684305563361663,0.0751719102009307,0.06997058607902405,0.0,0.6555574373248702,1.350909357946941,0.05848489289368199,0.1378576842053737,0.2380141100728507,ILI,raw,488,536,raw:488:0,low,mid
1,0.1574985865464006,0.05489310293156089,0.04724802758352814,0.0,0.642639410685594,1.350909357946941,0.05848489289368199,0.08654657235382986,0.23370810119309202,ILI,raw,488,536,raw:488:1,low,mid
2,0.517392139070366,0.021004709037638285,0.26314141863895246,0.0,0.4083140396392733,1.350909357946941,0.05848489289368199,0.26717942224898555,0.15559964417765176,ILI,raw,488,536,raw:488:2,low,low
3,0.10541756656709478,0.06191176209187253,0.0798852838611074,0.0,0.4341421101015383,1.350909357946941,0.05848489289368199,0.0824048708400249,0.16420900099840677,ILI,raw,488,536,raw:488:3,low,low
4,0.29368846342361155,0.03717603750241509,0.11685325525764766,0.0,0.45221476601924493,1.350909357946941,0.05848489289368199,0.14923925206122476,0.1702332196376423,ILI,raw,488,536,raw:488:4,low,low
5,0.8207564800134421,0.03462411825401532,0.007426734590858498,0.0,0.3796205623263889,1.350909357946941,0.05848489289368199,0.2876024442861053,0.14603515174002363,ILI,raw,488,536,raw:488:5,low,low
6,0.3314398384247751,0.06471009694903336,0.03687827508019143,0.0,0.5873727094382218,1.350909357946941,0.05848489289368199,0.14434273681799994,0.21528586744396794,ILI,raw,488,536,raw:488:6,low,low
0,0.7643059484632371,0.0697374287763535,0.920330850160941,0.0,0.5384406048736581,1.3411434979805834,0.056857249568668486,0.5847914091335106,0.19843261814744217,ILI,raw,492,540,raw:492:0,high,low
1,0.729522109595232,0.07399370228744943,0.6829655181728436,0.0,0.526814830572395,1.3411434979805834,0.056857249568668486,0.495493776685175,0.19455736004702115,ILI,raw,492,540,raw:492:1,high,low
2,0.7875544829963278,0.11695841646637065,0.7080317760068711,0.0,0.3912479234217884,1.3411434979805834,0.056857249568668486,0.5375148918231898,0.14936839099681895,ILI,raw,492,540,raw:492:2,high,low
3,0.7425135853717781,0.0388293581266286,0.7474460114584722,0.0,0.3796784665811723,1.3411434979805834,0.056857249568668486,0.5095963183189597,0.14551190538328027,ILI,raw,492,540,raw:492:3,high,low
4,0.7602863801090165,0.07438528997952609,0.8367563842982911,0.0,0.3732885933975339,1.3411434979805834,0.056857249568668486,0.5571426847956112,0.1433819476554008,ILI,raw,492,540,raw:492:4,high,low
5,0.9688220568886852,0.05898013665400503,0.4996607570975359,0.0,0.5545868048000454,1.3411434979805834,0.056857249568668486,0.5091543168800753,0.2038146847895713,ILI,raw,492,540,raw:492:5,high,low
6,0.6531120969334305,0.29344912597606465,0.5610525054559634,0.0,0.7442453645111533,1.3411434979805834,0.056857249568668486,0.5025379094551529,0.26703420469327394,ILI,raw,492,540,raw:492:6,high,mid
0,0.9469200187569592,0.028615201947118876,0.23117749649083066,0.125,0.7919653990021785,1.3844971053613617,0.06408285078675553,0.40223757239830293,0.32701608326297804,ILI,raw,496,544,raw:496:0,mid,high
1,0.9304520294547696,0.047942277950586476,0.2995202841270605,0.125,0.7695889730387617,1.3844971053613617,0.06408285078675553,0.42597153051080555,0.31955727460850575,ILI,raw,496,544,raw:496:1,mid,mid
2,0.9317037779404508,0.0992594588439897,0.49706420502086796,0.125,0.7597399535649181,1.3844971053613617,0.06408285078675553,0.5093424806017696,0.31627426811722453,ILI,raw,496,544,raw:496:2,high,mid
3,0.9367218151510486,0.04052735127208748,0.0147250389645649,0.25,0.7212623299009113,1.3844971053613617,0.06408285078675553,0.330658068462567,0.3451150602292223,ILI,raw,496,544,raw:496:3,low,high
4,0.9473704020073277,0.07813583302061401,0.10977397803449622,0.125,0.7142779971184305,1.3844971053613617,0.06408285078675553,0.3784267376874793,0.301120282635062,ILI,raw,496,544,raw:496:4,mid,mid
5,0.9989245705639208,0.06598500384842416,0.450525107116528,0.125,0.7809257921243236,1.3844971053613617,0.06408285078675553,0.5051448938429576,0.323336214303693,ILI,raw,496,544,raw:496:5,high,high
6,0.9068726354650662,0.41418986725459495,0.35168701965620447,0.375,0.9114128034596648,1.3844971053613617,0.06408285078675553,0.5575831741252886,0.4501652180821401,ILI,raw,496,544,raw:496:6,high,high
0,0.9509101910947363,0.04911326505560772,0.38226299486173687,0.25,0.8372005563405482,1.5868620859870375,0.09781034750148901,0.4607621503373603,0.39500363461401244,ILI,raw,500,548,raw:500:0,high,high
1,0.9381106516375735,0.048963787981828204,0.3715867573588049,0.25,0.8023709710582708,1.5868620859870375,0.09781034750148901,0.4528870656594022,0.3833937728532533,ILI,raw,500,548,raw:500:1,high,high
2,0.9343699748151693,0.02291520875896368,0.13510339368747484,0.125,0.7746793700147675,1.5868620859870375,0.09781034750148901,0.36412952575386925,0.3324965725054188,ILI,raw,500,548,raw:500:2,mid,high
3,0.936257053626068,0.08676655204171332,0.11993736676187784,0.125,0.9084442036438005,1.5868620859870375,0.09781034750148901,0.3809869908098864,0.3770848503817632,ILI,raw,500,548,raw:500:3,mid,high
4,0.945085956552608,0.06221989473441639,0.0826322524761304,0.125,0.7904133215268168,1.5868620859870375,0.09781034750148901,0.3633127012543849,0.33774122300943527,ILI,raw,500,548,raw:500:4,mid,high
5,0.9997255747365364,0.0237814563395413,0.9883096555063559,0.125,0.8594748426036738,1.5868620859870375,0.09781034750148901,0.6706055621941446,0.3607617300350543,ILI,raw,500,548,raw:500:5,high,high
6,0.8645351460980744,0.36365511517821764,0.1943140537357038,0.5,0.9886695530358834,1.5868620859870375,0.09781034750148901,0.4741681050039986,0.5288266335124575,ILI,raw,500,548,raw:500:6,high,high
0,0.9442839284501865,0.10178601556453873,0.4021286026057272,0.125,0.7608620141059665,1.5902744336717616,0.0983790721146618,0.4827328488734841,0.3280803620735428,ILI,raw,504,552,raw:504:0,high,high
1,0.9375227156973681,0.09805399830575402,0.3974521202424931,0.125,0.7460712389580368,1.5902744336717616,0.0983790721146618,0.4776762780818718,0.3231501036908995,ILI,raw,504,552,raw:504:1,high,high
2,0.9309022147199412,0.021027988466095063,0.2841202256035888,0.0,0.697114024663932,1.5902744336717616,0.0983790721146618,0.4120168095965417,0.2651643655928646,ILI,raw,504,552,raw:504:2,mid,mid
3,0.936257053626068,0.02311457005449939,0.274830470740228,0.0,0.7664859149703146,1.5902744336717616,0.0983790721146618,0.41140069814026514,0.28828832902832546,ILI,raw,504,552,raw:504:3,mid,mid
4,0.9451253251195881,0.05375125843305355,0.29502554210843734,0.0,0.7060281165707581,1.5902744336717616,0.0983790721146618,0.431300708553693,0.26813572956180665,ILI,raw,504,552,raw:504:4,mid,mid
5,0.9984456527359591,0.02139916298427243,0.004332903456779213,0.0,0.7834401572820985,1.5902744336717616,0.0983790721146618,0.34139257305900356,0.2939397431322534,ILI,raw,504,552,raw:504:5,low,mid
6,0.8457253947000909,0.15164946629704795,0.15361196561451915,0.25,0.8313449772783538,1.5902744336717616,0.0983790721146618,0.3836622755372194,0.3932413497976719,ILI,raw,504,552,raw:504:6,mid,high
0,0.9092509238539546,0.07328015208755587,0.1334719678439947,0.0,0.594726578658669,1.5272480124421133,0.08787466859389444,0.3720010145951684,0.2275337490841878,ILI,raw,508,556,raw:508:0,mid,mid
1,0.9087678573988659,0.08174518927053936,0.23935838171667145,0.125,0.5845085051056599,1.5272480124421133,0.08787466859389444,0.40995714279535883,0.26579439123318477,ILI,raw,508,556,raw:508:1,mid,mid
2,0.8705988061847217,0.045301440124393175,0.8627331892365477,0.0,0.48619961482308766,1.5272480124421133,0.08787466859389444,0.5928778118485543,0.19135809447232735,ILI,raw,508,556,raw:508:2,high,low
3,0.8526197517949035,0.11499130306085151,0.9924389053946987,0.0,0.5307568960256266,1.5272480124421133,0.08787466859389444,0.6533499867501512,0.20621052153984035,ILI,raw,508,556,raw:508:3,high,low
4,0.8718593445633929,0.10668197622956369,0.9797043096897251,0.0,0.5021322333773758,1.5272480124421133,0.08787466859389444,0.6527485434942272,0.19666896732375674,ILI,raw,508,556,raw:508:4,high,low
5,0.9925034915896175,0.04500228520810666,0.007323457720251631,0.0,0.4864986768896787,1.5272480124421133,0.08787466859389444,0.3482764115059919,0.1914577818278577,ILI,raw,508,556,raw:508:5,mid,low
6,0.6800891613238715,0.08865396230762712,0.32355555830785404,0.125,0.6653123257098824,1.5272480124421133,0.08787466859389444,0.36409956064645094,0.29272899810125896,ILI,raw,508,556,raw:508:6,mid,mid
0,0.6595867554989916,0.037825100413701906,0.9620821959455709,0.0,0.4850713400864375,1.4868560721289534,0.08114267855292111,0.5531646839527548,0.18873800621311954,ILI,raw,512,560,raw:512:0,high,low
1,0.6667710809328453,0.023777733472560958,0.5394837880285596,0.0,0.48625586861487313,1.4868560721289534,0.08114267855292111,0.4100108674779886,0.18913284905593142,ILI,raw,512,560,raw:512:1,mid,low
2,0.2620441726812316,0.00983396021050778,0.8041303819835888,0.0,0.3601899838633194,1.4868560721289534,0.08114267855292111,0.3586695049584427,0.14711088747208018,ILI,raw,512,560,raw:512:2,mid,low
3,0.413622647513214,0.0279063963237091,0.25618628076246497,0.0,0.3894185195725209,1.4868560721289534,0.08114267855292111,0.23257177486646272,0.15685373270848066,ILI,raw,512,560,raw:512:3,low,low
4,0.44505958816765145,0.014342175602869125,0.8347178216691886,0.0,0.38137664273620886,1.4868560721289534,0.08114267855292111,0.43137319514656974,0.15417310709637666,ILI,raw,512,560,raw:512:4,mid,low
5,0.6494404577843773,0.06626444037149112,0.4744744447140423,0.0,0.4327382474882026,1.4868560721289534,0.08114267855292111,0.3967264476233036,0.1712936420137079,ILI,raw,512,560,raw:512:5,mid,low
6,0.5017443593587962,0.1259397745546108,0.4064361279419465,0.0,0.6416044114894969,1.4868560721289534,0.08114267855292111,0.3447067539517845,0.240915696680806,ILI,raw,512,560,raw:512:6,low,mid
0,0.6491327214840306,0.03362287441884975,0.17671082735538884,0.0,0.5111876451895084,1.4929134665300217,0.08215224428474988,0.28648880775275637,0.1977799631580861,ILI,raw,516,564,raw:516:0,low,low
1,0.6535784812490786,0.04071790322970303,0.4717927296524482,0.0,0.5115417795925125,1.4929134665300217,0.08215224428474988,0.3886963713770766,0.19789800795908744,ILI,raw,516,564,raw:516:1,mid,low
2,0.652322253315567,0.0430942126869784,0.9206275711205254,0.0,0.4188553898135864,1.4929134665300217,0.08215224428474988,0.5386813457076903,0.16700254469944542,ILI,raw,516,564,raw:516:2,high,low
3,0.5614832228923343,0.03231087934736957,0.926786518113022,0.0,0.431012387354238,1.4929134665300217,0.08215224428474988,0.5068602067842419,0.17105487721299598,ILI,raw,516,564,raw:516:3,high,low
4,0.5927862249426394,0.030089620981799802,0.967605876208829,0.0,0.4202298874787158,1.4929134665300217,0.08215224428474988,0.5301605740444227,0.1674607105878219,ILI,raw,516,564,raw:516:4,high,low
5,0.9241904899776454,0.061257373583977405,0.14862765505522635,0.0,0.5612546990326662,1.4929134665300217,0.08215224428474988,0.37802517287228304,0.21446898110580537,ILI,raw,516,564,raw:516:5,mid,low
6,0.5093510126246042,0.15648399376087663,0.3723547449055367,0.0,0.7094362604945885,1.4929134665300217,0.08215224428474988,0.3460632504303392,0.26386283492644613,ILI,raw,516,564,raw:516:6,low,mid
0,0.8961250879335075,0.177459135467616,0.06643412298097659,0.0,0.6520871490817953,1.572177902556652,0.0953629836005037,0.3800061154607,0.249150044227433,ILI,raw,520,568,raw:520:0,mid,mid
1,0.8858872601162829,0.2075173426606232,0.045156206874206406,0.0,0.6476118976397717,1.572177902556652,0.0953629836005037,0.3795202698837042,0.24765829374675843,ILI,raw,520,568,raw:520:1,mid,mid
2,0.859343830022123,0.20567640056652955,0.10189399327795141,0.0,0.6164549607502451,1.572177902556652,0.0953629836005037,0.38897140795553464,0.23727264811691626,ILI,raw,520,568,raw:520:2,mid,mid
3,0.9171046856334153,0.09692373637701476,0.3007807834048701,0.0,0.6174129513587615,1.572177902556652,0.0953629836005037,0.4382697351384334,0.23759197831975506,ILI,raw,520,568,raw:520:3,mid,mid
4,0.8944766204406781,0.1368602572576845,0.06073478615513718,0.0,0.5934090956256346,1.572177902556652,0.0953629836005037,0.36402388795116664,0.2295906930753794,ILI,raw,520,568,raw:520:4,mid,mid
5,0.9653127444270654,0.22686561098157157,0.23341980608586693,0.125,0.7435550912997839,1.572177902556652,0.0953629836005037,0.4751993871648346,0.3213060249667625,ILI,raw,520,568,raw:520:5,high,high
6,0.9038812230967013,0.37486720016157987,0.04660121224104688,0.375,0.773187062928603,1.572177902556652,0.0953629836005037,0.4417832118331093,0.41451668217636883,ILI,raw,520,568,raw:520:6,high,high
0,0.9423799799322093,0.06909285582277225,0.045298733786057664,0.125,0.8076064805354541,1.38354613332159,0.06392435544705773,0.3522571898470131,0.33217694532750397,ILI,raw,524,572,raw:524:0,mid,high
1,0.9290470007126469,0.08180183820603884,0.010728079268124404,0.125,0.7848776096629276,1.38354613332159,0.06392435544705773,0.3405256393956034,0.3246006550366618,ILI,raw,524,572,raw:524:1,low,high
2,0.8916665119637264,0.09405468941077127,0.013067848072880335,0.125,0.7822169543253207,1.38354613332159,0.06392435544705773,0.33292968314912597,0.32371376992412615,ILI,raw,524,572,raw:524:2,low,high
3,0.9619619606201424,0.0446081868235296,0.09901434475737234,0.25,0.8461452268818109,1.38354613332159,0.06392435544705773,0.3685281640670148,0.3866898607762896,ILI,raw,524,572,raw:524:3,mid,high
4,0.9414490678482031,0.0631848826269214,0.0011250164283559435,0.125,0.7599014190749674,1.38354613332159,0.06392435544705773,0.33525298896782685,0.3162752581740084,ILI,raw,524,572,raw:524:4,low,mid
5,0.9821670874483055,0.09843740700353384,0.2436705375932464,0.0,0.6343295754472742,1.38354613332159,0.06392435544705773,0.44142501068169526,0.23275131029811066,ILI,raw,524,572,raw:524:5,high,mid
6,0.9631275122930207,0.2869753715481901,0.19126680097700674,0.375,0.9621038155782533,1.38354613332159,0.06392435544705773,0.48045656160607253,0.4670093903417703,ILI,raw,524,572,raw:524:6,high,high
0,0.9423799799322093,0.025776707873310562,0.004573544725776085,0.125,0.8892890558934298,1.6093490197382712,0.1015581697871149,0.32424341084376535,0.37194907522684817,ILI,raw,528,576,raw:528:0,low,high
1,0.9335333587611978,0.031441477509853474,0.004566885069366053,0.125,0.8684691721820007,1.6093490197382712,0.1015581697871149,0.32318057378013915,0.3650091139897052,ILI,raw,528,576,raw:528:1,low,high
2,0.9041995171854232,0.07743190999293813,0.0035903043302083796,0.125,0.847129002853698,1.6093490197382712,0.1015581697871149,0.3284072438361899,0.35789572421360427,ILI,raw,528,576,raw:528:2,low,high
3,0.9619619606201424,0.05567898183570358,0.045404752607811044,0.125,0.906447170310929,1.6093490197382712,0.1015581697871149,0.354348565021219,0.3776684466993479,ILI,raw,528,576,raw:528:3,mid,high
4,0.9414581589576956,0.06978822419693742,0.0021882179573832067,0.125,0.8697889291543212,1.6093490197382712,0.1015581697871149,0.33781153370400535,0.3654490329804787,ILI,raw,528,576,raw:528:4,low,high
5,0.9686891201070332,0.1506096579516198,0.22761703155195806,0.25,0.9535053009948184,1.6093490197382712,0.1015581697871149,0.44897193653687034,0.4350211569273111,ILI,raw,528,576,raw:528:5,high,high
6,0.9455438935380183,0.2723845293813328,0.30128709466531256,0.25,0.9460147416879379,1.6093490197382712,0.1015581697871149,0.5064051725282211,0.43252430382501755,ILI,raw,528,576,raw:528:6,high,high
0,0.9366039503258462,0.014525312361472755,0.01731575241668506,0.0,0.40399995222902935,1.5171189880797462,0.08618649786964687,0.32281500503466803,0.16339548336622542,ILI,raw,532,580,raw:532:0,low,low
1,0.9245354494852204,0.029679508334835104,0.020519662931395545,0.0,0.4277702894283813,1.5171189880797462,0.08618649786964687,0.3249115402504837,0.17131892909934274,ILI,raw,532,580,raw:532:1,low,low
2,0.8902788753751391,0.030800318031908958,0.054720387250352574,0.0,0.34668793151446564,1.5171189880797462,0.08618649786964687,0.3252665268858002,0.14429147646137083,ILI,raw,532,580,raw:532:2,low,low
3,0.9594681666384255,0.06293456731251917,0.021437320016239925,0.0,0.3710233328566794,1.5171189880797462,0.08618649786964687,0.3479466846557282,0.15240327690877542,ILI,raw,532,580,raw:532:3,low,low
4,0.9389397098440265,0.04512525082654416,0.024223342116917436,0.0,0.3226653005756554,1.5171189880797462,0.08618649786964687,0.3360961009291627,0.13628393281510076,ILI,raw,532,580,raw:532:4,low,low
5,0.9189141165440322,0.06172650110433242,0.04264221569745151,0.0,0.7168212204433082,1.5171189880797462,0.08618649786964687,0.34109427778193874,0.2676692394376517,ILI,raw,532,580,raw:532:5,low,mid
6,0.9295765432984355,0.21816099743372883,0.18907710723876592,0.125,0.7165460552036262,1.5171189880797462,0.08618649786964687,0.44560488265697673,0.3092441843577577,ILI,raw,532,580,raw:532:6,high,mid
0,0.7391813830644678,0.011226398160880977,0.08758019221683212,0.0,0.2838739503321358,1.254783723856484,0.042463953905307425,0.27932932448072695,0.10877930141248109,ILI,raw,536,584,raw:536:0,low,low
1,0.7556963806587249,0.010284049972804118,0.07548869300469466,0.0,0.34713992940718785,1.254783723856484,0.042463953905307425,0.2804897078787412,0.1298679611041651,ILI,raw,536,584,raw:536:1,low,low
2,0.6927229231439551,0.030142861652777724,0.10225702279507072,0.0,0.2720156546392199,1.254783723856484,0.042463953905307425,0.2750409358639345,0.10482653618150911,ILI,raw,536,584,raw:536:2,low,low
3,0.7040103126959214,0.03789443368055037,0.15555270808801855,0.0,0.28229942945931236,1.254783723856484,0.042463953905307425,0.29915248482149676,0.10825446112153993,ILI,raw,536,584,raw:536:3,low,low
4,0.7413000262211196,0.022920964272901037,0.10253349124790348,0.0,0.33147356342591044,1.254783723856484,0.042463953905307425,0.28891816058064135,0.12464583911040596,ILI,raw,536,584,raw:536:4,low,low
5,0.8104463566941129,0.07415814441244001,0.07167355751129133,0.0,0.45191920253255696,1.254783723856484,0.042463953905307425,0.31875935287261475,0.16479438547928812,ILI,raw,536,584,raw:536:5,low,low
6,0.5332589684051311,0.13397742826666625,0.15070855595818333,0.0,0.4731564886902691,1.254783723856484,0.042463953905307425,0.2726483175433269,0.17187348086519216,ILI,raw,536,584,raw:536:6,low,low
0,0.36980288049244936,0.04675299831323264,0.04293052661658974,0.0,0.5057509944574912,1.3812905229296355,0.06354842038235856,0.15316213514075724,0.18976647161328322,ILI,raw,540,588,raw:540:0,low,low
1,0.27893109875725197,0.04447939142321848,0.02710662922459929,0.0,0.5045735554442058,1.3812905229296355,0.06354842038235856,0.11683903980168991,0.1893739919421881,ILI,raw,540,588,raw:540:1,low,low
2,0.5796542439560838,0.007889381981288683,0.03601977701462411,0.0,0.21225076324893288,1.3812905229296355,0.06354842038235856,0.2078544676506655,0.09193306121043048,ILI,raw,540,588,raw:540:2,low,low
3,0.20391471670698647,0.028338104660157223,0.06371465933522333,0.0,0.2700448811345854,1.3812905229296355,0.06354842038235856,0.098655826900789,0.11119776717231467,ILI,raw,540,588,raw:540:3,low,low
4,0.3753401944948682,0.015863940369859948,0.013168232574526425,0.0,0.2901757205847847,1.3812905229296355,0.06354842038235856,0.1347907891464182,0.11790804698904774,ILI,raw,540,588,raw:540:4,low,low
5,0.8765730446250246,0.031498897184195254,0.05713511241693268,0.0,0.3801019601590745,1.3812905229296355,0.06354842038235856,0.3217356847420509,0.14788346018047768,ILI,raw,540,588,raw:540:5,low,low
6,0.4949658237797411,0.05641349275318332,0.15567536188996325,0.0,0.6648310834529881,1.3812905229296355,0.06354842038235856,0.2356848928076292,0.24279316794511555,ILI,raw,540,588,raw:540:6,low,mid
0,0.7090411864933814,0.05176682895434209,0.578972370526749,0.0,0.48478772562773625,1.4548663897031902,0.07581106482417992,0.44659346199149086,0.18686626348397206,ILI,raw,544,592,raw:544:0,high,low
1,0.6462628827520813,0.05916524191812982,0.5997060094871558,0.0,0.485964331531084,1.4548663897031902,0.07581106482417992,0.43504471138578893,0.18725846545175462,ILI,raw,544,592,raw:544:1,mid,low
2,0.8136033871021069,0.06630240320950258,0.5019589757181759,0.0,0.2966998208591818,1.4548663897031902,0.07581106482417992,0.46062158867659514,0.12417029522778723,ILI,raw,544,592,raw:544:2,high,low
3,0.799608194068401,0.03405649244217794,0.667304077406997,0.0,0.33834055457238754,1.4548663897031902,0.07581106482417992,0.5003229213058586,0.13805053979885581,ILI,raw,544,592,raw:544:3,high,low
4,0.8047575169264353,0.053406164861443645,0.6242824873829766,0.0,0.28976160911174464,1.4548663897031902,0.07581106482417992,0.49414872305695184,0.12185755797864152,ILI,raw,544,592,raw:544:4,high,low
5,0.9635467300764285,0.05972942350514926,0.5762868899602123,0.0,0.5402849134794304,1.4548663897031902,0.07581106482417992,0.5331876811805967,0.20536532610120342,ILI,raw,544,592,raw:544:5,high,low
6,0.7379195034827094,0.09860671833254014,0.5428041626216727,0.0,0.7716935731129112,1.4548663897031902,0.07581106482417992,0.45977679481230743,0.2825015459790304,ILI,raw,544,592,raw:544:6,high,mid
0,0.9175529026650079,0.035400951257861524,0.05128791961336403,0.125,0.7682332837869419,1.6194660208022689,0.10324433662830425,0.33474725784541115,0.33215920680508204,ILI,raw,548,596,raw:548:0,low,high
1,0.8937828101521491,0.03571221225722922,0.1586939683401773,0.125,0.7813396104759509,1.6194660208022689,0.10324433662830425,0.3627296635831852,0.33652798236808507,ILI,raw,548,596,raw:548:1,mid,high
2,0.8633383365191034,0.04345012972766256,0.2397568727105066,0.125,0.8027293959147596,1.6194660208022689,0.10324433662830425,0.3821817796524242,0.343657910847688,ILI,raw,548,596,raw:548:2,mid,high
3,0.9380222302904205,0.014224391715683609,0.012459168521588432,0.125,0.6396623985758195,1.6194660208022689,0.10324433662830425,0.32156859684256417,0.28930224506804125,ILI,raw,548,596,raw:548:3,low,mid
4,0.9195615237385222,0.08759994152312621,0.13553672725061858,0.125,0.6811812947951879,1.6194660208022689,0.10324433662830425,0.3808993975040889,0.30314187714116403,ILI,raw,548,596,raw:548:4,mid,mid
5,0.9928524704809099,0.08076644598087221,0.4186228504326666,0.125,0.7505381330286246,1.6194660208022689,0.10324433662830425,0.4974139222981495,0.32626082321897626,ILI,raw,548,596,raw:548:5,high,high
6,0.9748367638087115,0.1270952580865033,0.35195509579350104,0.125,0.8281986770520823,1.6194660208022689,0.10324433662830425,0.484629039229572,0.3521476712267955,ILI,raw,548,596,raw:548:6,high,high
0,0.9117111638544946,0.020522992039654207,0.19721328068588848,0.125,0.8292403329951749,1.9566722896541926,0.1594453813432898,0.37648247886001246,0.3712285714461549,ILI,raw,552,600,raw:552:0,mid,high
1,0.8905001963703705,0.026872222545395747,0.3721481763715567,0.125,0.8060298210156893,1.9566722896541926,0.1594453813432898,0.42984019842910764,0.36349173411965974,ILI,raw,552,600,raw:552:1,mid,high
2,0.8808775568186721,0.0202430399500432,0.291424994862591,0.125,0.7854788133439312,1.9566722896541926,0.1594453813432898,0.3975151972104354,0.3566413982290737,ILI,raw,552,600,raw:552:2,mid,high
3,0.9451641388950813,0.017442755603784676,0.13612432007076636,0.25,0.877808758747279,1.9566722896541926,0.1594453813432898,0.3662437381898775,0.429084713363523,ILI,raw,552,600,raw:552:3,mid,high
4,0.9223083230737169,0.022169943319227704,0.14588959156494563,0.0,0.7744782145183918,1.9566722896541926,0.1594453813432898,0.36345595265263003,0.3113078652872272,ILI,raw,552,600,raw:552:4,mid,mid
5,0.9972142496227997,0.028124694840663395,0.22377803984860548,0.25,0.8455528406668166,1.9566722896541926,0.1594453813432898,0.41637232810402286,0.4183327406700355,ILI,raw,552,600,raw:552:5,mid,high
6,0.9811824724850687,0.15900277604099514,0.6782766914493432,0.375,0.8735820253462655,1.9566722896541926,0.1594453813432898,0.6061539799918024,0.4693424688965184,ILI,raw,552,600,raw:552:6,high,high
0,0.899349733047626,0.0724462146068779,0.27467126293398547,0.125,0.786703435773651,1.992049416448487,0.16534156913251188,0.4154890701961631,0.35901500163538763,ILI,raw,556,604,raw:556:0,mid,high
1,0.8634689368182449,0.10072267150065506,0.3282746161739216,0.125,0.7912047241345941,1.992049416448487,0.16534156913251188,0.43082207483094054,0.36051543108903533,ILI,raw,556,604,raw:556:1,mid,high
2,0.8658797745019814,0.041070038153052206,0.043710766353863895,0.0,0.656249912643684,1.992049416448487,0.16534156913251188,0.31688685966963254,0.273863827258732,ILI,raw,556,604,raw:556:2,low,mid
3,0.9451507966216235,0.0626595675531317,0.03450392393917785,0.0,0.8172655636279108,1.992049416448487,0.16534156913251188,0.34743809603797765,0.3275357109201409,ILI,raw,556,604,raw:556:3,low,high
4,0.9181275017613554,0.01737249909161547,0.10005431981734386,0.125,0.7355912703399112,1.992049416448487,0.16534156913251188,0.3451847735567715,0.3419776131574744,ILI,raw,556,604,raw:556:4,low,high
5,0.9904778725565201,0.02818678754762534,0.005891981307953509,0.0,0.7964966233196038,1.992049416448487,0.16534156913251188,0.3415188804706996,0.3206127308173719,ILI,raw,556,604,raw:556:5,low,high
6,0.9949604500674151,0.39647025161737115,0.19424878927703182,0.125,0.8923078027846005,1.992049416448487,0.16534156913251188,0.528559830320606,0.39421645730570415,ILI,raw,556,604,raw:556:6,high,high
0,0.7520550376789839,0.033800729432335634,0.10215079617383564,0.0,0.619145094196391,1.8511412356410675,0.14185687237041647,0.2960021877617183,0.2536673221889358,ILI,raw,560,608,raw:560:0,low,mid
1,0.7268826831057198,0.035455730028158675,0.11299068083701594,0.0,0.6327678690578099,1.8511412356410675,0.14185687237041647,0.2917763646569648,0.2582082471427421,ILI,raw,560,608,raw:560:1,low,mid
2,0.6697094274053754,0.06620477529671542,0.04486674291471909,0.0,0.39321358131924067,1.8511412356410675,0.14185687237041647,0.26026031520560333,0.17835681789655236,ILI,raw,560,608,raw:560:2,low,low
3,0.659723858557449,0.1133152892628228,0.8588739921674536,0.0,0.49745452007417434,1.8511412356410675,0.14185687237041647,0.5439710466625751,0.21310379748153027,ILI,raw,560,608,raw:560:3,high,low
4,0.7613158759183439,0.08240922111669521,0.8759254875310425,0.125,0.48241300971232404,1.8511412356410675,0.14185687237041647,0.5732168615220272,0.2497566273609135,ILI,raw,560,608,raw:560:4,high,mid
5,0.8932762075847026,0.0568753312204083,0.0057395590937487145,0.125,0.5006026306790053,1.8511412356410675,0.14185687237041647,0.3186303659662865,0.25581983434980726,ILI,raw,560,608,raw:560:5,low,mid
6,0.9466024404488445,0.2308492840085686,0.14235280236840653,0.0,0.7912452104479736,1.8511412356410675,0.14185687237041647,0.43993484227527313,0.31103402760613,ILI,raw,560,608,raw:560:6,high,mid
0,0.3389224206610366,0.03960472539301056,0.9157997585355292,0.0,0.5041931604034154,1.7184658285461956,0.11974430455812542,0.4314423015298588,0.2079791549871803,ILI,raw,564,612,raw:564:0,mid,low
1,0.4884321015349512,0.021176593964633495,0.9644490448505761,0.0,0.5092186202479678,1.7184658285461956,0.11974430455812542,0.4913525801167203,0.20965430826869777,ILI,raw,564,612,raw:564:1,high,low
2,0.5248989315734195,0.014149096215048675,0.9553521167462026,0.0,0.29363989144854036,1.7184658285461956,0.11974430455812542,0.4981333815115569,0.13779473200222192,ILI,raw,564,612,raw:564:2,high,low
3,0.33759587260409163,0.02429324669596092,0.32944610323795925,0.0,0.26066691874101927,1.7184658285461956,0.11974430455812542,0.23044507417933727,0.1268037410997149,ILI,raw,564,612,raw:564:3,low,low
4,0.25104333502957155,0.0058796539836534455,0.6914364817670029,0.0,0.2959858762670171,1.7184658285461956,0.11974430455812542,0.3161198235934093,0.13857672694171416,ILI,raw,564,612,raw:564:4,low,low
5,0.758347039258724,0.06671793171219773,0.6631877022676373,0.0,0.41041183575320384,1.7184658285461956,0.11974430455812542,0.4960842244128531,0.17671871343710976,ILI,raw,564,612,raw:564:5,high,low
6,0.9019530811611358,0.13173948024879453,0.27650509743811896,0.0,0.7329998468782685,1.7184658285461956,0.11974430455812542,0.43673255294934976,0.284248050478798,ILI,raw,564,612,raw:564:6,mid,mid
0,0.47006745224069313,0.08721251780836348,0.0716534611510329,0.0,0.5357722586169816,1.71319954960811,0.11886659140324068,0.2096444770666965,0.21821295000674076,ILI,raw,568,616,raw:568:0,low,low
1,0.3817993151676832,0.09939890471189361,0.11838583694915412,0.0,0.5367032539729192,1.71319954960811,0.11886659140324068,0.19986135227624366,0.21852328179205327,ILI,raw,568,616,raw:568:1,low,low
2,0.6831712782340769,0.09107195572321988,0.42730687725816635,0.125,0.44029649002930016,1.71319954960811,0.11886659140324068,0.40051670373848774,0.2280543604775136,ILI,raw,568,616,raw:568:2,mid,mid
3,0.2575126141519485,0.05024358133790402,0.8457001918715347,0.0,0.28939635162242006,1.71319954960811,0.11886659140324068,0.3844854624537957,0.13608764767522025,ILI,raw,568,616,raw:568:3,mid,low
4,0.4708201630760621,0.06270711397733464,0.9188314307304878,0.0,0.3491581066198829,1.71319954960811,0.11886659140324068,0.4841195692612949,0.15600823267437453,ILI,raw,568,616,raw:568:4,high,low
5,0.9162507632284956,0.0557676662224206,0.20549869301764798,0.0,0.5155699864539461,1.71319954960811,0.11886659140324068,0.39250570748952135,0.21147885928572893,ILI,raw,568,616,raw:568:5,mid,low
6,0.4812240024156633,0.17143290663875238,0.6227593685997886,0.0,0.8227156234120027,1.71319954960811,0.11886659140324068,0.42513875921806815,0.31386073827174776,ILI,raw,568,616,raw:568:6,mid,mid
0,0.7769779183123067,0.15467307308425093,0.08356449874781108,0.0,0.661638265156797,1.7258452262014496,0.12097420416528461,0.3384051633814562,0.26087082310736054,ILI,raw,572,620,raw:572:0,low,mid
1,0.7564790638763648,0.11433547458352758,0.3886559871679099,0.0,0.6731381421860018,1.7258452262014496,0.12097420416528461,0.41982350854260075,0.26470411545042877,ILI,raw,572,620,raw:572:1,mid,mid
2,0.6758976838016155,0.169841016506905,0.053634763453920695,0.0,0.6898920380929732,1.7258452262014496,0.12097420416528461,0.2997911545874804,0.2702887474194193,ILI,raw,572,620,raw:572:2,low,mid
3,0.6858829929196746,0.03257088944047626,0.4192330975394693,0.0,0.5245562236900146,1.7258452262014496,0.12097420416528461,0.37922899329987336,0.21517680928509975,ILI,raw,572,620,raw:572:3,mid,low
4,0.7058231438609102,0.03873513513842374,0.29720615484939367,0.0,0.578809783755322,1.7258452262014496,0.12097420416528461,0.3472548112829092,0.23326132930686885,ILI,raw,572,620,raw:572:4,low,mid
5,0.9710305994539454,0.3245693964813876,0.3441947695709485,0.0,0.6925566547935449,1.7258452262014496,0.12097420416528461,0.5465982551687606,0.2711769529862765,ILI,raw,572,620,raw:572:5,high,mid
6,0.7742852998317429,0.8220541959968272,0.2553473416869832,0.5,0.9544865511148056,1.7258452262014496,0.12097420416528461,0.6172289458385177,0.5251535850933634,ILI,raw,572,620,raw:572:6,high,high
0,0.8437273332060118,0.21135551902347316,0.03738494205191553,0.125,0.8233066899324923,1.606902952027563,0.10115049183600969,0.36415593142713343,0.3498190605895007,ILI,raw,576,624,raw:576:0,mid,high
1,0.8455768172238352,0.1068905814535633,0.07557075261998863,0.125,0.8194968177681545,1.606902952027563,0.10115049183600969,0.3426793837657957,0.3485491032013881,ILI,raw,576,624,raw:576:1,low,high
2,0.8178623588772242,0.16537520924740384,0.07942314072167656,0.25,0.877272601310452,1.606902952027563,0.10115049183600969,0.3542202362821016,0.40947436438215395,ILI,raw,576,624,raw:576:2,mid,high
3,0.8782586834339909,0.054308453384133905,0.385360179224693,0.125,0.861074772480517,1.606902952027563,0.10115049183600969,0.4393091053476059,0.3624084214388423,ILI,raw,576,624,raw:576:3,high,high
4,0.8797087140198222,0.020560541519341738,0.29990620324773537,0.0,0.7963197541901309,1.606902952027563,0.10115049183600969,0.4000584862622998,0.29915674867538017,ILI,raw,576,624,raw:576:4,mid,mid
5,0.9979655990944596,0.0677475616325552,0.24683670859380874,0.0,0.6624337528040497,1.606902952027563,0.10115049183600969,0.43751662310694117,0.25452808154668644,ILI,raw,576,624,raw:576:5,mid,mid
6,0.8641279160983653,0.2685742133905257,0.290397576359043,0.375,0.8684377214932499,1.606902952027563,0.10115049183600969,0.4743665686159779,0.44819607110975324,ILI,raw,576,624,raw:576:6,high,high
0,0.862519752646149,0.03599937168884592,0.03891625352524225,0.125,0.8608991189620049,2.0538756290005864,0.17564593787402116,0.3124784592867457,0.38718168561200866,ILI,raw,580,628,raw:580:0,low,high
1,0.8445345067907005,0.04523704285717403,0.021473908088113995,0.125,0.8274057438376811,2.0538756290005864,0.17564593787402116,0.30374848591199616,0.37601722723723413,ILI,raw,580,628,raw:580:1,low,high
2,0.8639398204765854,0.05429630950350044,0.025980760022034033,0.125,0.7869652204769456,2.0538756290005864,0.17564593787402116,0.3147389633340399,0.3625370527836556,ILI,raw,580,628,raw:580:2,low,high
3,0.878237529310513,0.04517066265678658,0.15898404410167943,0.125,0.8671631466915422,2.0538756290005864,0.17564593787402116,0.36079741202299304,0.38926969485518775,ILI,raw,580,628,raw:580:3,mid,high
4,0.8795400037258504,0.07695610053995226,0.014203191955261095,0.125,0.7897048659457525,2.0538756290005864,0.17564593787402116,0.3235664320736879,0.3634502679399246,ILI,raw,580,628,raw:580:4,low,high
5,0.9972611729649755,0.11086746167072692,0.19492363615614006,0.125,0.955881969755056,2.0538756290005864,0.17564593787402116,0.43435075693061415,0.41884263587635906,ILI,raw,580,628,raw:580:5,mid,high
6,0.951969833859921,0.25467900584983205,0.35369802138688666,0.5,0.9342479286260297,2.0538756290005864,0.17564593787402116,0.5201156203655466,0.5366312888333503,ILI,raw,580,628,raw:580:6,high,high
0,0.8555034231588485,0.041550977456036475,0.09707702742139998,0.0,0.6303553555121117,1.816714360683998,0.13611905988713455,0.33137714267876167,0.2554914717997488,ILI,raw,584,632,raw:584:0,low,mid
1,0.8185045055177919,0.06500624757768847,0.12292029272713083,0.0,0.6157675791828545,1.816714360683998,0.13611905988713455,0.3354770152742037,0.25062887968999636,ILI,raw,584,632,raw:584:1,low,mid
2,0.737519243393262,0.06239745151219782,0.1870732167171221,0.0,0.5060675212610527,1.816714360683998,0.13611905988713455,0.3289966372075273,0.21406219371606242,ILI,raw,584,632,raw:584:2,low,low
3,0.876803197081278,0.046625041132702064,0.12534346522444,0.0,0.520959506711959,1.816714360683998,0.13611905988713455,0.3495905678128067,0.21902618886636452,ILI,raw,584,632,raw:584:3,mid,low
4,0.8746677270816601,0.07658680247514996,0.11897385258084882,0.0,0.47318196361348885,1.816714360683998,0.13611905988713455,0.35674279404588627,0.20310034116687448,ILI,raw,584,632,raw:584:4,mid,low
5,0.9828058663020603,0.06853469282568879,0.16896470283357806,0.0,0.6914544379296815,1.816714360683998,0.13611905988713455,0.4067684206537758,0.27585783260560537,ILI,raw,584,632,raw:584:5,mid,mid
6,0.929268844721454,0.23974237960391678,0.3577928500754567,0.125,0.8075787712548325,1.816714360683998,0.13611905988713455,0.5089346914669425,0.3562326103806557,ILI,raw,584,632,raw:584:6,high,high
0,0.6478143470767476,0.01617430593191015,0.16494288101618595,0.0,0.39869702476758473,1.4294842565797408,0.07158070931065562,0.27631051134161455,0.1567592446927468,ILI,raw,588,636,raw:588:0,low,low
1,0.652992305321025,0.013326022218142962,0.15758979446131804,0.0,0.41426904414064525,1.4294842565797408,0.07158070931065562,0.2746360406668287,0.1619499178171003,ILI,raw,588,636,raw:588:1,low,low
2,0.4071807469328942,0.03447056640931449,0.20468741458894688,0.0,0.3658362667964301,1.4294842565797408,0.07158070931065562,0.2154462426437185,0.14580565870236192,ILI,raw,588,636,raw:588:2,low,low
3,0.4230146030655859,0.05923252982752498,0.1325365379624969,0.0,0.30373625083100203,1.4294842565797408,0.07158070931065562,0.2049278902852026,0.12510565338055255,ILI,raw,588,636,raw:588:3,low,low
4,0.5542409872422722,0.04060318627379424,0.08953215522278284,0.0,0.33169336944556677,1.4294842565797408,0.07158070931065562,0.22812544291294976,0.1344246929187408,ILI,raw,588,636,raw:588:4,low,low
5,0.9405586874550302,0.06307530924993221,0.006668094117758297,0.0,0.39760872342284426,1.4294842565797408,0.07158070931065562,0.3367673636075736,0.1563964775778333,ILI,raw,588,636,raw:588:5,low,low
6,0.8666282899417492,0.11213840481190256,0.021595272570418142,0.0,0.5416810599118851,1.4294842565797408,0.07158070931065562,0.33345398910802326,0.2044205897408469,ILI,raw,588,636,raw:588:6,low,low
0,0.3373646296543471,0.02678615711226367,0.09070501179630548,0.0,0.6150383950350615,1.4236136686936385,0.07060227799793595,0.1516185995209721,0.22854689101099915,ILI,raw,592,640,raw:592:0,low,mid
1,0.2289614469705682,0.04275150980633818,0.028992909348988596,0.0,0.6277650005948952,1.4236136686936385,0.07060227799793595,0.10023528870863165,0.23278909286427704,ILI,raw,592,640,raw:592:1,low,mid
2,0.5621876268126229,0.02196215012327528,0.05886940798652624,0.0,0.43325911304544856,1.4236136686936385,0.07060227799793595,0.21433972830747483,0.16795379701446148,ILI,raw,592,640,raw:592:2,low,low
3,0.3288613065516851,0.07786958567383656,0.044339187423289426,0.0,0.46647197585231065,1.4236136686936385,0.07060227799793595,0.15035669321627035,0.17902475128341555,ILI,raw,592,640,raw:592:3,low,low
4,0.3187406253813527,0.043959236615793526,0.02359847193627049,0.0,0.4515568876441499,1.4236136686936385,0.07060227799793595,0.12876611131113894,0.1740530552140286,ILI,raw,592,640,raw:592:4,low,low
5,0.6992418672343949,0.051527370686469384,0.051776992238001356,0.0,0.32578757602542724,1.4236136686936385,0.07060227799793595,0.2675154100529552,0.13212995134112107,ILI,raw,592,640,raw:592:5,low,low
6,0.7232216669072574,0.0432297160793943,0.15149621539608674,0.0,0.6619509913656362,1.4236136686936385,0.07060227799793595,0.30598253279424614,0.2441844231211907,ILI,raw,592,640,raw:592:6,low,mid
0,0.6683864968299901,0.04379679159974613,0.719466837599281,0.0,0.5174769990760264,1.471198159133727,0.07853302639139947,0.4772167086763391,0.19867000848914196,ILI,raw,596,644,raw:596:0,high,low
1,0.6360044955551571,0.029446976092883517,0.15783740532756746,0.0,0.5366333406736381,1.471198159133727,0.07853302639139947,0.27442962565853607,0.20505545568834585,ILI,raw,596,644,raw:596:1,low,low
2,0.77337908637949,0.034829496661448356,0.6403552076614015,0.0,0.393609432667863,1.471198159133727,0.07853302639139947,0.48285459690078003,0.15738081968642084,ILI,raw,596,644,raw:596:2,high,low
3,0.7678835870866778,0.0882903415488743,0.5846138436908417,0.0,0.4015401539438658,1.471198159133727,0.07853302639139947,0.48026259077546457,0.16002439344508843,ILI,raw,596,644,raw:596:3,high,low
4,0.7004838043941928,0.03685809775467397,0.4425058784041959,0.0,0.35438326494224753,1.471198159133727,0.07853302639139947,0.3932825935176876,0.144305430444549,ILI,raw,596,644,raw:596:4,mid,low
5,0.900853902554424,0.03920948249650362,0.44153790373197876,0.0,0.5434712346678965,1.471198159133727,0.07853302639139947,0.4605337629276354,0.20733475368643198,ILI,raw,596,644,raw:596:5,high,low
6,0.5742528587692253,0.1524927365309583,0.6323588250300053,0.0,0.7538899353201495,1.471198159133727,0.07853302639139947,0.4530348067767296,0.2774743205705163,ILI,raw,596,644,raw:596:6,high,mid
0,0.9091569876498008,0.024352896421581373,0.6035216657821537,0.125,0.7460421198761611,1.5621492950542752,0.09369154901955996,0.5123438499511787,0.32157788963190703,ILI,raw,600,648,raw:600:0,high,high
1,0.9168478133667812,0.024209525422846115,0.1000377966138603,0.125,0.7769652261720004,1.5621492950542752,0.09369154901955996,0.34703171180116255,0.3318855917305201,ILI,raw,600,648,raw:600:1,low,high
2,0.8872970028434826,0.01724953725604218,0.15270213641123606,0.125,0.756473664456031,1.5621492950542752,0.09369154901955996,0.3524162255035869,0.32505507115853033,ILI,raw,600,648,raw:600:2,mid,high
3,0.9287615965779574,0.07742921884555704,0.03844872392829083,0.25,0.7326718144587018,1.5621492950542752,0.09369154901955996,0.3482131797839351,0.3587877878260872,ILI,raw,600,648,raw:600:3,mid,high
4,0.9255267973668184,0.041043398936946904,0.015511338922312596,0.125,0.6937847153204257,1.5621492950542752,0.09369154901955996,0.32736051174202596,0.30415875477999527,ILI,raw,600,648,raw:600:4,low,mid
5,0.9882583061301429,0.031225759311304974,0.35398480107559716,0.0,0.7439686008842976,1.5621492950542752,0.09369154901955996,0.4578229555056817,0.2792200499679525,ILI,raw,600,648,raw:600:5,high,mid
6,0.8592331021252304,0.17856592405476707,0.31897873430468343,0.125,0.8319375205933461,1.5621492950542752,0.09369154901955996,0.45225925349489365,0.35020968987096873,ILI,raw,600,648,raw:600:6,high,high
0,0.9190212777454354,0.01899645403136188,0.35363622957780483,0.375,0.8284224243277946,1.7330204182501503,0.1221700695047416,0.43055132045153405,0.4418641646108454,ILI,raw,604,652,raw:604:0,mid,high
1,0.915026145392571,0.01833243918885727,0.3386359036466534,0.375,0.8369621354506841,1.7330204182501503,0.1221700695047416,0.4239981627426939,0.44471073498514196,ILI,raw,604,652,raw:604:1,mid,high
2,0.906026192642201,0.01834266482237148,0.1307077800244877,0.25,0.8312349704017874,1.7330204182501503,0.1221700695047416,0.35169221249635335,0.4011350133021763,ILI,raw,604,652,raw:604:2,mid,high
3,0.9288094340586011,0.056357672109973875,0.09959200822852741,0.25,0.9164257023238926,1.7330204182501503,0.1221700695047416,0.3615863714657008,0.4295319239428781,ILI,raw,604,652,raw:604:3,mid,high
4,0.9226932343737748,0.027511234157689447,0.08336365883299797,0.25,0.8282452404452295,1.7330204182501503,0.1221700695047416,0.34452270912148736,0.4001384366499903,ILI,raw,604,652,raw:604:4,low,high
5,0.993440376865632,0.03132511365112262,0.967109154162369,0.25,0.8016145147332312,1.7330204182501503,0.1221700695047416,0.6639582148930412,0.3912615280793243,ILI,raw,604,652,raw:604:5,high,high
6,0.8503650286426139,0.23174534502932087,0.3387962413194544,0.625,0.8840791325120273,1.7330204182501503,0.1221700695047416,0.4736355383304631,0.5437497340055897,ILI,raw,604,652,raw:604:6,high,high
0,0.9113906970277079,0.06490949289786496,0.4116140169827465,0.125,0.7627276950659253,1.7531612712512072,0.1255268783326564,0.4626380689694398,0.33775152446619394,ILI,raw,608,656,raw:608:0,high,high
1,0.9073793620086117,0.09203753481366711,0.3931105936935052,0.125,0.7794138011424483,1.7531612712512072,0.1255268783326564,0.46417583017192793,0.3433135598250349,ILI,raw,608,656,raw:608:1,high,high
2,0.868458444675797,0.018929798665333765,0.20405390244917895,0.0,0.7457136212755875,1.7531612712512072,0.1255268783326564,0.36381404859676986,0.2904134998694146,ILI,raw,608,656,raw:608:2,mid,mid
3,0.9284634355970439,0.029559287409503213,0.2412183712144005,0.125,0.7865579542575665,1.7531612712512072,0.1255268783326564,0.3997470314069826,0.34569494419674096,ILI,raw,608,656,raw:608:3,mid,high
4,0.9217432802587252,0.02427237954047532,0.2992151552386201,0.0,0.7346997426752782,1.7531612712512072,0.1255268783326564,0.4150769383459402,0.28674220700264486,ILI,raw,608,656,raw:608:4,mid,mid
5,0.9935433203562818,0.026718005811685028,0.0040601031241240095,0.0,0.7518337520266044,1.7531612712512072,0.1255268783326564,0.3414404764306969,0.29245354345308694,ILI,raw,608,656,raw:608:5,low,mid
6,0.884791119470627,0.411742070941286,0.2210610111180162,0.125,0.9197981884466171,1.7531612712512072,0.1255268783326564,0.5058647338433098,0.39010835559309115,ILI,raw,608,656,raw:608:6,high,high
0,0.8747468733168481,0.02475217958716765,0.231268729103613,0.125,0.6180808913604053,1.684095491358839,0.11401591503644666,0.3769225940025429,0.28569893546561737,ILI,raw,612,660,raw:612:0,mid,mid
1,0.832046751668418,0.04303696764975793,0.13723794669654754,0.0,0.6337169530712197,1.684095491358839,0.11401591503644666,0.33744055533824113,0.24924428936922213,ILI,raw,612,660,raw:612:1,low,mid
2,0.7233779911974197,0.027518802699167004,0.19895269805549046,0.0,0.5307051847303984,1.684095491358839,0.11401591503644666,0.316616497317359,0.21490703325561503,ILI,raw,612,660,raw:612:2,low,low
3,0.6743276151974483,0.053790611540268624,0.10722934717767946,0.0,0.5479367222566244,1.684095491358839,0.11401591503644666,0.2784491913051321,0.22065087909769035,ILI,raw,612,660,raw:612:3,low,mid
4,0.7672538402062055,0.040046442863556866,0.5629119450869366,0.0,0.5287433668431557,1.684095491358839,0.11401591503644666,0.4567374093855663,0.21425309395986747,ILI,raw,612,660,raw:612:4,high,low
5,0.9674242122505005,0.08734333479789931,0.007757107486226178,0.0,0.49360835568783784,1.684095491358839,0.11401591503644666,0.3541748848448753,0.2025414235747615,ILI,raw,612,660,raw:612:5,mid,low
6,0.8630006220255194,0.36351996046112506,0.38595296990293204,0.0,0.8133546483503004,1.684095491358839,0.11401591503644666,0.5374911841298589,0.30912352112891567,ILI,raw,612,660,raw:612:6,high,mid
0,0.5255399426973493,0.03325529696016251,0.40347332282381826,0.0,0.49470912690714974,1.5927781371713088,0.09879635603055754,0.3207561874937767,0.19783516097923579,ILI,raw,616,664,raw:616:0,low,low
1,0.463268314545229,0.03989558219099766,0.5892191150924307,0.0,0.523957507084158,1.5927781371713088,0.09879635603055754,0.3641276706095525,0.20758462103823852,ILI,raw,616,664,raw:616:1,mid,low
2,0.3004711169594768,0.012120940370638158,0.3117766133707328,0.0,0.3679007366073531,1.5927781371713088,0.09879635603055754,0.20812289023361594,0.15556569754597022,ILI,raw,616,664,raw:616:2,low,low
3,0.19972297931927518,0.02572709223658635,0.26469352907914356,0.0,0.40282750360358266,1.5927781371713088,0.09879635603055754,0.16338120021166835,0.16720795321138007,ILI,raw,616,664,raw:616:3,low,low
4,0.2426284799528653,0.017542509375242994,0.9316859506471663,0.0,0.3797617616229377,1.5927781371713088,0.09879635603055754,0.39728564665842486,0.15951937255116508,ILI,raw,616,664,raw:616:4,mid,low
5,0.39576407393755364,0.09534083107661259,0.29554996497335695,0.0,0.43787947667563937,1.5927781371713088,0.09879635603055754,0.26221828999584107,0.17889194423539898,ILI,raw,616,664,raw:616:5,low,low
6,0.844358911585766,0.1203170751487311,0.17688499476333497,0.0,0.7514302028389895,1.5927781371713088,0.09879635603055754,0.38052032716594403,0.2834088529565157,ILI,raw,616,664,raw:616:6,mid,mid
0,0.3893886172661115,0.07030433001663697,0.14717330246737054,0.0,0.5107523054284402,1.5816796765454526,0.09694661259599775,0.2022887499167063,0.20256630600814599,ILI,raw,620,668,raw:620:0,low,low
1,0.36781350482944075,0.08376939799440297,0.3704022671207048,0.0,0.5455516121413012,1.5816796765454526,0.09694661259599775,0.27399505664818286,0.214166074912433,ILI,raw,620,668,raw:620:1,low,low
2,0.49151525668693663,0.06835152601882843,0.1712568661883901,0.0,0.4260341051901667,1.5816796765454526,0.09694661259599775,0.24370788296471838,0.1743269059287215,ILI,raw,620,668,raw:620:2,low,low
3,0.4804418353299216,0.059170354474164834,0.7538716217000078,0.0,0.4550497632465103,1.5816796765454526,0.09694661259599775,0.43116127050136477,0.18399879194750268,ILI,raw,620,668,raw:620:3,mid,low
4,0.3727146814978145,0.061091092705454916,0.11717040228676659,0.0,0.41591587110270656,1.5816796765454526,0.09694661259599775,0.1836587254966787,0.17095416123290144,ILI,raw,620,668,raw:620:4,low,low
5,0.8077481301891145,0.02689425381451132,0.07180906434998287,0.0,0.5660323015421894,1.5816796765454526,0.09694661259599775,0.3021504827845362,0.22099297137939575,ILI,raw,620,668,raw:620:5,low,mid
6,0.27051399062358916,0.14092906012242934,0.699892403071278,0.125,0.8229522974132016,1.5816796765454526,0.09694661259599775,0.3704451512724322,0.3482996366697331,ILI,raw,620,668,raw:620:6,mid,high
0,0.8379954322555393,0.15047099793522478,0.08045342241541566,0.0,0.6460573490311408,1.5669244640527962,0.09448741051798701,0.3563066175353933,0.2468482531830426,ILI,raw,624,672,raw:624:0,mid,mid
1,0.8137245174872185,0.14175546588496934,0.06466568680295001,0.0,0.6759893267853444,1.5669244640527962,0.09448741051798701,0.34004855672504597,0.2568255791011105,ILI,raw,624,672,raw:624:1,low,mid
2,0.6923924016352572,0.07583052273034238,0.05793284776425643,0.0,0.632527708569412,1.5669244640527962,0.09448741051798701,0.2753852573766187,0.242338373029133,ILI,raw,624,672,raw:624:2,low,mid
3,0.7872046546927371,0.04510684185623115,0.5453193949754883,0.0,0.6599754435167061,1.5669244640527962,0.09448741051798701,0.45921029717481887,0.2514876180115644,ILI,raw,624,672,raw:624:3,high,mid
4,0.7905024743496725,0.06890912115818171,0.154368431721666,0.0,0.6020275938999451,1.5669244640527962,0.09448741051798701,0.33792667574317337,0.2321716681393107,ILI,raw,624,672,raw:624:4,low,mid
5,0.931147202356362,0.22644082259591036,0.29342102841780504,0.0,0.7795879072771883,1.5669244640527962,0.09448741051798701,0.4836696844566924,0.29135843926505844,ILI,raw,624,672,raw:624:5,high,mid
6,0.8543770547255236,0.7303409145901969,0.23686404611034118,0.5,0.9120702856436871,1.5669244640527962,0.09448741051798701,0.6071940051420205,0.502185898720558,ILI,raw,624,672,raw:624:6,high,high
0,0.9204175960033933,0.10224297051852543,0.08090493991146716,0.125,0.7918720721994422,1.4428254457326855,0.07380424083244051,0.3678551688111287,0.33022543767729423,ILI,raw,628,676,raw:628:0,mid,high
1,0.9215711681657599,0.10908598918885694,0.08662315397532484,0.125,0.8125362407250152,1.4428254457326855,0.07380424083244051,0.3724267704433139,0.3371134938524852,ILI,raw,628,676,raw:628:1,mid,high
2,0.9261343914769246,0.08230648592875384,0.12648386693271393,0.125,0.8315069408334963,1.4428254457326855,0.07380424083244051,0.37830824811279745,0.34343706055531226,ILI,raw,628,676,raw:628:2,mid,high
3,0.9303813809927893,0.04186223921545067,0.22751017288377165,0.125,0.8859736638449328,1.4428254457326855,0.07380424083244051,0.3999179310306706,0.3615926348924577,ILI,raw,628,676,raw:628:3,mid,high
4,0.9458101443024396,0.04663402925254319,0.14928064651034467,0.0,0.7852712712728488,1.4428254457326855,0.07380424083244051,0.3805749400217759,0.28635850403509644,ILI,raw,628,676,raw:628:4,mid,mid
5,0.9515283657215879,0.21167918329209928,0.20217671319333605,0.0,0.6754359707616113,1.4428254457326855,0.07380424083244051,0.4551280874023411,0.2497467371980173,ILI,raw,628,676,raw:628:5,high,mid
6,0.8865572172554599,0.27995844033547124,0.24135689854535108,0.5,0.9019927180520488,1.4428254457326855,0.07380424083244051,0.46929085204542736,0.4919323196281631,ILI,raw,628,676,raw:628:6,high,high
0,0.9493710908461876,0.02982417699017778,0.01504767044947836,0.125,0.8904247092992827,1.7651688225763063,0.12752813688350415,0.33141431276194794,0.380984282060929,ILI,raw,632,680,raw:632:0,low,high
1,0.9331362467663841,0.024434876891350942,0.02910996036945074,0.125,0.8930988763465308,1.7651688225763063,0.12752813688350415,0.3288936946757286,0.38187567107667836,ILI,raw,632,680,raw:632:1,low,high
2,0.9347763268390865,0.06215007333817813,0.04663054105156357,0.125,0.8554842142310756,1.7651688225763063,0.12752813688350415,0.34785231374294273,0.36933745037152654,ILI,raw,632,680,raw:632:2,low,high
3,0.9377197172620322,0.0955348233303294,0.061219208209802735,0.25,0.8777407431666834,1.7651688225763063,0.12752813688350415,0.3648245829340548,0.41842296001672924,ILI,raw,632,680,raw:632:3,mid,high
4,0.9492002073499801,0.038416352499274234,0.041499165115576574,0.125,0.8694128394766352,1.7651688225763063,0.12752813688350415,0.34303857498827695,0.3739803254533798,ILI,raw,632,680,raw:632:4,low,high
5,0.9761399609940437,0.09796517704872909,0.24717486648443843,0.125,0.9150041007332048,1.7651688225763063,0.12752813688350415,0.440426668175737,0.389177412538903,ILI,raw,632,680,raw:632:5,high,high
6,0.9140320218387776,0.22520355361667316,0.32987400813628087,0.5,0.9189884816080125,1.7651688225763063,0.12752813688350415,0.48970319453057726,0.5155055394971723,ILI,raw,632,680,raw:632:6,high,high
0,0.950158780445175,0.02945175019139927,0.05618076867812387,0.0,0.44307011973815524,1.8700940729223383,0.14501567857869693,0.3452637664382327,0.1960285994389507,ILI,raw,636,684,raw:636:0,low,low
1,0.9219762835955924,0.024530707890095604,0.07321163702538641,0.0,0.5095598219571268,1.8700940729223383,0.14501567857869693,0.3399062095036915,0.21819183351194124,ILI,raw,636,684,raw:636:1,low,low
2,0.9152032741596752,0.03539326010251995,0.13992542585404336,0.0,0.43817049141712777,1.8700940729223383,0.14501567857869693,0.3635073200387462,0.19439538999860825,ILI,raw,636,684,raw:636:2,mid,low
3,0.9306541263927698,0.1368906031362744,0.08594825335518709,0.0,0.46621237545169164,1.8700940729223383,0.14501567857869693,0.3844976609614104,0.2037426846767962,ILI,raw,636,684,raw:636:3,mid,low
4,0.9439914521138589,0.03953926910920193,0.08795263149100353,0.0,0.3328002188755578,1.8700940729223383,0.14501567857869693,0.35716111757135477,0.1592719658180849,ILI,raw,636,684,raw:636:4,mid,low
5,0.9377481977790564,0.1622174774829653,0.08718959969512838,0.0,0.8046906737239425,1.8700940729223383,0.14501567857869693,0.3957184249857167,0.3165687841008798,ILI,raw,636,684,raw:636:5,mid,mid
6,0.9157929659897042,0.2128219519299189,0.29767124140589524,0.125,0.8179213051004232,1.8700940729223383,0.14501567857869693,0.47542871977517276,0.3626456612263734,ILI,raw,636,684,raw:636:6,high,high
0,0.869405366478334,0.010609303786592163,0.0718606463410672,0.0,0.2567875753638802,1.5302538640709273,0.08837564386452848,0.31729177220199783,0.11505440640946955,ILI,raw,640,688,raw:640:0,low,low
1,0.8249705805406633,0.015221157292947696,0.09113831555758937,0.0,0.2901136092996188,1.5302538640709273,0.08837564386452848,0.3104433511304001,0.1261630843880491,ILI,raw,640,688,raw:640:1,low,low
2,0.8273710947428613,0.03533720894677921,0.02301419519497278,0.0,0.2296797956846959,1.5302538640709273,0.08837564386452848,0.29524083296153775,0.10601847984974146,ILI,raw,640,688,raw:640:2,low,low
3,0.7980882190936973,0.06388427834023813,0.11329120537828696,0.0,0.3365304332084778,1.5302538640709273,0.08837564386452848,0.32508790093740747,0.14163535902433544,ILI,raw,640,688,raw:640:3,low,low
4,0.8633085839730447,0.02942172870060203,0.05985137341146426,0.0,0.22039468370828597,1.5302538640709273,0.08837564386452848,0.31752722869503697,0.10292344252427148,ILI,raw,640,688,raw:640:4,low,low
5,0.8877547857868289,0.06545550285845729,0.04247693819006342,0.0,0.5458251224420276,1.5302538640709273,0.08837564386452848,0.3318957422784498,0.21140025543551869,ILI,raw,640,688,raw:640:5,low,low
6,0.8533407903486903,0.09018515139026646,0.24302943714311792,0.0,0.6095545572735936,1.5302538640709273,0.08837564386452848,0.3955184596273582,0.23264340037937403,ILI,raw,640,688,raw:640:6,mid,mid
0,0.2614318576907032,0.010129779530497271,0.0031835515280837076,0.0,0.29493899750386476,1.490710388099914,0.08178506454701055,0.09158172958309473,0.12557468735029179,ILI,raw,644,692,raw:644:0,low,low
1,0.3308009877107633,0.012163758263221067,0.022124922193308354,0.0,0.30290730171071995,1.490710388099914,0.08178506454701055,0.12169655605576424,0.12823078875257685,ILI,raw,644,692,raw:644:1,low,low
2,0.0890139692922125,0.015359873241274772,0.016022156630064902,0.0,0.17666773230210173,1.490710388099914,0.08178506454701055,0.04013199972118406,0.08615093228303743,ILI,raw,644,692,raw:644:2,low,low
3,0.4250671171714723,0.08970671073324948,0.011778747536642828,0.0,0.3248740593248029,1.490710388099914,0.08178506454701055,0.17551752514712157,0.1355530412906045,ILI,raw,644,692,raw:644:3,low,low
4,0.18700629150823234,0.030119555009744566,0.010854010864586672,0.0,0.20158596278422133,1.490710388099914,0.08178506454701055,0.07599328579418786,0.09445700911041062,ILI,raw,644,692,raw:644:4,low,low
5,0.6614194384310532,0.07284709775768167,0.12990219533470368,0.0,0.4148850472962608,1.490710388099914,0.08178506454701055,0.2880562438411462,0.16555670394775712,ILI,raw,644,692,raw:644:5,low,low
6,0.5392559326189059,0.10897915600906635,0.150826313473494,0.0,0.6824580470947612,1.490710388099914,0.08178506454701055,0.2663538007004888,0.2547477038805906,ILI,raw,644,692,raw:644:6,low,mid
0,0.34758928386541355,0.039364508621205316,0.08275183873152032,0.0,0.23720866932463397,1.5112585815011725,0.08520976344151249,0.15656854373937973,0.10747281092204881,ILI,raw,648,696,raw:648:0,low,low
1,0.191656363652574,0.03515322103996568,0.038154532490665194,0.0,0.22744774920961972,1.5112585815011725,0.08520976344151249,0.08832137239440163,0.10421917088371073,ILI,raw,648,696,raw:648:1,low,low
2,0.3080146242491819,0.033958578590119574,0.1564850105096417,0.0,0.13977115506257762,1.5112585815011725,0.08520976344151249,0.16615273778298106,0.07499363950136337,ILI,raw,648,696,raw:648:2,low,low
3,0.5547718711842722,0.08192384042609074,0.08763629493363767,0.0,0.3791109029982274,1.5112585815011725,0.08520976344151249,0.24144400218133352,0.1547735554799133,ILI,raw,648,696,raw:648:3,low,low
4,0.3804606829299141,0.019386506337708782,0.12760396209233368,0.0,0.20444035818768716,1.5112585815011725,0.08520976344151249,0.17581705045331886,0.09655004054306655,ILI,raw,648,696,raw:648:4,low,low
5,0.9532294783326536,0.047770301336767136,0.49426480003902845,0.0,0.5066773310307283,1.5112585815011725,0.08520976344151249,0.4984215265694831,0.19729569815741357,ILI,raw,648,696,raw:648:5,high,low
6,0.6003586393366613,0.22180148024600757,0.5829404617073666,0.0,0.7582678424559454,1.5112585815011725,0.08520976344151249,0.4683668604300118,0.2811592019658193,ILI,raw,648,696,raw:648:6,high,mid
0,0.8269504178362607,0.0925748817795542,0.5853508767671791,0.0,0.38949915984196093,1.769868942281729,0.1283114901664357,0.5016253921276647,0.1726035500027989,ILI,raw,652,700,raw:652:0,high,low
1,0.8268794490770596,0.09553617892344632,0.2641229723023161,0.0,0.40637906076095065,1.769868942281729,0.1283114901664357,0.39551286676760733,0.17823018364246213,ILI,raw,652,700,raw:652:1,mid,low
2,0.8861499965797792,0.07925647594274389,0.4522584608888553,0.0,0.3720370913578924,1.769868942281729,0.1283114901664357,0.4725549778037928,0.1667828605081094,ILI,raw,652,700,raw:652:2,high,low
3,0.7719566653074914,0.24201222090792263,0.5555626232879197,0.0,0.5758800102482915,1.769868942281729,0.1283114901664357,0.5231771698344446,0.2347305001382424,ILI,raw,652,700,raw:652:3,high,mid
4,0.9003701016324483,0.1669304417389157,0.435096549575943,0.0,0.43127292857382526,1.769868942281729,0.1283114901664357,0.5007990309824356,0.186528139580087,ILI,raw,652,700,raw:652:4,high,low
5,0.9895958076628609,0.07713780063817505,0.5799496988102141,0.0,0.7251839120889912,1.769868942281729,0.1283114901664357,0.5488944357037501,0.2844984674184757,ILI,raw,652,700,raw:652:5,high,mid
6,0.9111727616694387,0.32646487223049375,0.58338349977839,0.25,0.844513396939106,1.769868942281729,0.1283114901664357,0.6070070445594408,0.40760829570184726,ILI,raw,652,700,raw:652:6,high,high
0,0.9216915338223455,0.0722507215641155,0.0220585970320078,0.0,0.5265037829855522,2.326168266548136,0.22102804405630927,0.3386669508061562,0.2491772756806205,ILI,raw,656,704,raw:656:0,low,mid
1,0.8841416413568268,0.12493009146749112,0.08412716962020604,0.0,0.5692045541310207,2.326168266548136,0.22102804405630927,0.3643996341481746,0.2634108660624433,ILI,raw,656,704,raw:656:1,mid,mid
2,0.9242595271388803,0.2449874939324771,0.03703864164027678,0.125,0.6911298022711262,2.326168266548136,0.22102804405630927,0.4020952209038781,0.3457192821091451,ILI,raw,656,704,raw:656:2,mid,high
3,0.8585306025343452,0.04652071217887936,0.03858715631106299,0.0,0.7012309318694345,2.326168266548136,0.22102804405630927,0.31454615700809585,0.3074196586419146,ILI,raw,656,704,raw:656:3,low,mid
4,0.9184984191063169,0.04900577591882821,0.06140360832972957,0.0,0.6294733921490513,2.326168266548136,0.22102804405630927,0.34296926778495823,0.2835004787351202,ILI,raw,656,704,raw:656:4,low,mid
5,0.9970137439523138,0.010891121400409473,0.9647883051246812,0.25,0.8340519926015812,2.326168266548136,0.22102804405630927,0.6575643901591347,0.4350266788859635,ILI,raw,656,704,raw:656:5,high,high
6,0.9174052982668763,0.2723440223383825,0.1638087670291604,0.5,0.9101597820936187,2.326168266548136,0.22102804405630927,0.45118602921147305,0.5437292753833093,ILI,raw,656,704,raw:656:6,high,high
0,0.9386899891841697,0.1196896411309955,0.1768025078378344,0.25,0.8147615472685881,2.4940153307184314,0.2490025547047343,0.4117273793843332,0.4379213673244408,ILI,raw,660,708,raw:660:0,mid,high
1,0.8966894418048224,0.12168000039784763,0.19132693424813912,0.25,0.8111952046947773,2.4940153307184314,0.2490025547047343,0.40323212548360304,0.43673258646650387,ILI,raw,660,708,raw:660:1,mid,high
2,0.9261804002336621,0.2132595856307162,0.1157352528807227,0.125,0.876829205728549,2.4940153307184314,0.2490025547047343,0.418391746248367,0.4169439201444278,ILI,raw,660,708,raw:660:2,mid,high
3,0.9091845969291539,0.1262656134951426,0.05576046112812,0.25,0.7864156687248552,2.4940153307184314,0.2490025547047343,0.3637368905174721,0.42847274114319656,ILI,raw,660,708,raw:660:3,mid,high
4,0.928490115286512,0.2045876933234168,0.02744940680388464,0.125,0.7727548676605591,2.4940153307184314,0.2490025547047343,0.38684240513793783,0.3822524741217645,ILI,raw,660,708,raw:660:4,mid,high
5,0.9935884411908222,0.016852725652469404,0.0010327292700257587,0.0,0.8511790508813486,2.4940153307184314,0.2490025547047343,0.3371579653711058,0.3667272018620276,ILI,raw,660,708,raw:660:5,low,high
6,0.9178202849433614,0.5267149489442703,0.33240616312448956,0.75,0.9697419745162662,2.4940153307184314,0.2490025547047343,0.5923137990040405,0.6562481764070002,ILI,raw,660,708,raw:660:6,high,high
0,0.873471362513928,0.06376848628783278,0.07073941711788145,0.125,0.8164872496327389,2.193606418013775,0.1989344026707385,0.33599308863988075,0.38014055076782577,ILI,raw,664,712,raw:664:0,low,high
1,0.8204893952695095,0.03561695525593507,0.03449829887970154,0.125,0.8158470417566428,2.193606418013775,0.1989344026707385,0.2968682164683821,0.3799271481424604,ILI,raw,664,712,raw:664:1,low,high
2,0.8489622806242005,0.12271065581939922,0.022741902778539293,0.125,0.6474929002896409,2.193606418013775,0.1989344026707385,0.3314716130740463,0.3238091009867931,ILI,raw,664,712,raw:664:2,low,high
3,0.8030064657754435,0.11502998499077927,0.12663105747379452,0.25,0.8215380415869045,2.193606418013775,0.1989344026707385,0.3482225027466725,0.42349081475254763,ILI,raw,664,712,raw:664:3,mid,high
4,0.8423452488804261,0.12676090843703153,0.045022741922825446,0.125,0.7988951984645039,2.193606418013775,0.1989344026707385,0.3380429664134277,0.37427653371174746,ILI,raw,664,712,raw:664:4,low,high
5,0.9582281784418277,0.03174318508338676,0.0036284430564294742,0.125,0.5768675761675434,2.193606418013775,0.1989344026707385,0.33119993552721466,0.30026732627942726,ILI,raw,664,712,raw:664:5,low,mid
6,0.813521320400427,0.20140479308323234,0.26115606880330466,0.5,0.9153459188646217,2.193606418013775,0.1989344026707385,0.42536072742898795,0.5380934405117866,ILI,raw,664,712,raw:664:6,mid,high
0,0.6179152715884887,0.15032671605305836,0.15538589233565045,0.0,0.5951474575113569,1.8213510516855966,0.13689184171944638,0.3078759599923992,0.24401309974360108,ILI,raw,668,716,raw:668:0,low,mid
1,0.6573401039297577,0.18458059663803494,0.1555839632188395,0.0,0.6210191344198613,1.8213510516855966,0.13689184171944638,0.33250155459554404,0.2526369920464359,ILI,raw,668,716,raw:668:1,low,mid
2,0.36713520328022053,0.0838625897878731,0.16001633414753488,0.0,0.3787331754765462,1.8213510516855966,0.13689184171944638,0.20367137573854285,0.17187500573199754,ILI,raw,668,716,raw:668:2,low,low
3,0.6687821692754823,0.024389469318313498,0.4368887854934954,0.0,0.6757187705254869,1.8213510516855966,0.13689184171944638,0.3766868080290971,0.2708702040816444,ILI,raw,668,716,raw:668:3,mid,mid
4,0.4666155363409854,0.05182040888704764,0.3101707016197349,0.0,0.6078604995241791,1.8213510516855966,0.13689184171944638,0.2762022156159227,0.24825078041454182,ILI,raw,668,716,raw:668:4,low,mid
5,0.494040910414961,0.10101880329066946,0.7420915941545366,0.0,0.4406338581707569,1.8213510516855966,0.13689184171944638,0.4457171026200557,0.19250856663006777,ILI,raw,668,716,raw:668:5,high,low
6,0.7478786389280654,0.09230522552544282,0.17314853926202567,0.0,0.8089455792188864,1.8213510516855966,0.13689184171944638,0.337777467905178,0.3152791403127776,ILI,raw,668,716,raw:668:6,low,mid
0,0.5667280364389069,0.04202932065520706,0.3231858066779261,0.0,0.37633757791532835,1.7074177184538573,0.11790295287913796,0.3106477212573467,0.16474684359815542,ILI,raw,672,720,raw:672:0,low,low
1,0.5743430461785166,0.03871351874060736,0.3340164686556684,0.0,0.4021940136757586,1.7074177184538573,0.11790295287913796,0.3156910111915974,0.17336565551829886,ILI,raw,672,720,raw:672:1,low,low
2,0.1761759553423109,0.020621941225937402,0.2572160057918806,0.0,0.2340555983809626,1.7074177184538573,0.11790295287913796,0.1513379674533763,0.11731951708670019,ILI,raw,672,720,raw:672:2,low,low
3,0.7928779310596099,0.1899482598980189,0.4104270687041683,0.0,0.4995708116739148,1.7074177184538573,0.11790295287913796,0.464417753220599,0.20582458818435093,ILI,raw,672,720,raw:672:3,high,low
4,0.6234869420285872,0.060186463163476936,0.31503521151866565,0.0,0.40884221283061345,1.7074177184538573,0.11790295287913796,0.33290287223690995,0.17558172190325047,ILI,raw,672,720,raw:672:4,low,low
5,0.9217140095332311,0.040498200418623426,0.13451496705866514,0.0,0.49756025305207585,1.7074177184538573,0.11790295287913796,0.3655757256701732,0.20515440197707127,ILI,raw,672,720,raw:672:5,mid,low
6,0.07604142518914203,0.16340845597969125,0.5006280982086191,0.0,0.790931172778533,1.7074177184538573,0.11790295287913796,0.24669265979248411,0.302944708552557,ILI,raw,672,720,raw:672:6,low,mid
0,0.42323062710873915,0.026670027435920965,0.7502170501778201,0.0,0.34168912145040164,1.704677429763798,0.11744623809822262,0.40003923490749344,0.15304511984954142,ILI,raw,676,724,raw:676:0,mid,low
1,0.41149269124147136,0.029552905552391425,0.7064700517694998,0.0,0.35004956918121266,1.704677429763798,0.11744623809822262,0.38250521618778754,0.15583193575981177,ILI,raw,676,724,raw:676:1,mid,low
2,0.5165286102201022,0.03555851187317941,0.8040136716826484,0.0,0.3415083764681527,1.704677429763798,0.11744623809822262,0.45203359792531,0.15298487152212512,ILI,raw,676,724,raw:676:2,high,low
3,0.7459068641231412,0.10954581921863271,0.8596142068204694,0.0,0.462350817917062,1.704677429763798,0.11744623809822262,0.5716889633874144,0.19326568533842822,ILI,raw,676,724,raw:676:3,high,low
4,0.6024293632322948,0.04379605069755793,0.9190327412110411,0.0,0.38554297005253513,1.704677429763798,0.11744623809822262,0.5217527183802979,0.1676630693835859,ILI,raw,676,724,raw:676:4,high,low
5,0.9716282769968341,0.25410406727182144,0.29438940763025473,0.125,0.6863014945506413,1.704677429763798,0.11744623809822262,0.5067072506329701,0.3095825775496213,ILI,raw,676,724,raw:676:5,high,mid
6,0.8639210832619045,0.6173101579409841,0.5703936187828073,0.375,0.8629872013409912,1.704677429763798,0.11744623809822262,0.6838749533285653,0.4518111464797379,ILI,raw,676,724,raw:676:6,high,high
0,0.7681657133483535,0.04987771222865199,0.7447013892802413,0.125,0.552866037030151,1.498193107611259,0.0830321844634895,0.520914938285749,0.25363274049788015,ILI,raw,680,728,raw:680:0,high,mid
1,0.7684925180142175,0.0594764132974194,0.8044907686916841,0.125,0.5511535936359698,1.498193107611259,0.0830321844634895,0.5441532333344403,0.2530619260331531,ILI,raw,680,728,raw:680:1,high,mid
2,0.8536054711819109,0.06981481473485546,0.5433755758319206,0.125,0.6208155719110724,1.498193107611259,0.0830321844634895,0.48893195391622896,0.2762825854581873,ILI,raw,680,728,raw:680:2,high,mid
3,0.7030945904676584,0.05082239870629211,0.8492453834334466,0.0,0.5767173518086449,1.498193107611259,0.0830321844634895,0.5343874575357991,0.21991651209071147,ILI,raw,680,728,raw:680:3,high,mid
4,0.8429077417661028,0.04700464824458381,0.994824897812802,0.125,0.5484639558831943,1.498193107611259,0.0830321844634895,0.6282457626078296,0.2521653801155613,ILI,raw,680,728,raw:680:4,high,mid
5,0.995954741309649,0.04661228359935318,0.2574451851529937,0.0,0.6622410539469221,1.498193107611259,0.0830321844634895,0.4333374033539987,0.24842441280347052,ILI,raw,680,728,raw:680:5,mid,mid
6,0.9215035523162234,0.1819040898083128,0.2907785536111885,0.375,0.8715257384242519,1.498193107611259,0.0830321844634895,0.4647287319119082,0.44318597429591383,ILI,raw,680,728,raw:680:6,high,high
0,0.8743839531021513,0.014168206024752474,0.1218021495013342,0.125,0.7643353613553213,1.5565160653183767,0.092752677398475,0.336784769542746,0.3273626795845988,ILI,raw,684,732,raw:684:0,low,high
1,0.807574061925267,0.02950223669967823,0.11390416701757566,0.125,0.7723260777766713,1.5565160653183767,0.092752677398475,0.316993488547507,0.3300262517250488,ILI,raw,684,732,raw:684:1,low,high
2,0.9047071102876636,0.05162457048677856,0.10504811094648489,0.125,0.8813973965722048,1.5565160653183767,0.092752677398475,0.3537932639069757,0.36638335799022664,ILI,raw,684,732,raw:684:2,mid,high
3,0.8206491063028755,0.012561126010678178,0.2882007893917614,0.125,0.6940738282868723,1.5565160653183767,0.092752677398475,0.37380367390177166,0.3039421685617824,ILI,raw,684,732,raw:684:3,mid,mid
4,0.860567748997769,0.0046775873625313075,0.21403907228137892,0.125,0.7351532672065241,1.5565160653183767,0.092752677398475,0.35976146954722643,0.317635314868333,ILI,raw,684,732,raw:684:4,mid,mid
5,0.9976862903372673,0.16961929499010373,0.1912903875404309,0.25,0.9666029445080891,1.5565160653183767,0.092752677398475,0.4528653242892673,0.4364518739688547,ILI,raw,684,732,raw:684:5,high,high
6,0.9155598530604578,0.12335392009042973,0.35831209390471325,0.25,0.9345037051810335,1.5565160653183767,0.092752677398475,0.46574195568520027,0.4257521275265028,ILI,raw,684,732,raw:684:6,high,high
0,0.8750253832679803,0.01887044854243208,0.03511013909553254,0.0,0.8137165266540097,1.6394403701826288,0.1065733948528158,0.30966865696864826,0.30676330716894185,ILI,raw,688,736,raw:688:0,low,mid
1,0.8404037236092026,0.019633068517714992,0.04661699299722635,0.125,0.81935738616937,1.6394403701826288,0.1065733948528158,0.3022179283747146,0.3503102603407286,ILI,raw,688,736,raw:688:1,low,high
2,0.9035171988138521,0.02681198545946865,0.06842799670733797,0.125,0.770005296951697,1.6394403701826288,0.1065733948528158,0.33291906032688623,0.33385956393483757,ILI,raw,688,736,raw:688:2,low,high
3,0.829690203938422,0.04035787429364108,0.0672092443659549,0.125,0.7563731716846891,1.6394403701826288,0.1065733948528158,0.31241910753267266,0.3293155221791683,ILI,raw,688,736,raw:688:3,low,high
4,0.8614608965447484,0.045155870068776034,0.07347069601745092,0.0,0.786972212987226,1.6394403701826288,0.1065733948528158,0.32669582087699184,0.2978485359466806,ILI,raw,688,736,raw:688:4,low,mid
5,0.9861937325533254,0.18891029876899593,0.01669609100779052,0.125,0.7676295030352165,1.6394403701826288,0.1065733948528158,0.3972667074433706,0.3330676326293441,ILI,raw,688,736,raw:688:5,mid,high
6,0.8865843217176861,0.11420180246496091,0.26441980591748865,0.125,0.8278861305671428,1.6394403701826288,0.1065733948528158,0.42173531003337855,0.3531531751399862,ILI,raw,688,736,raw:688:6,mid,high
0,0.7862493688702217,0.07525305817470092,0.04099970094567552,0.0,0.6657093405816673,1.4807344160069564,0.08012240253428873,0.3008340426635327,0.248610581038652,ILI,raw,692,740,raw:692:0,low,mid
1,0.8172366550933287,0.06672966722446336,0.036381161080796316,0.0,0.6880017431986505,1.4807344160069564,0.08012240253428873,0.30678249446619615,0.25604138191097975,ILI,raw,692,740,raw:692:1,low,mid
2,0.8684418471558903,0.054162210537137975,0.06551117465592243,0.125,0.4328627848929108,1.4807344160069564,0.08012240253428873,0.3293717441163169,0.2126617291423998,ILI,raw,692,740,raw:692:2,low,low
3,0.7112260214950187,0.03918148357584722,0.08541052558469832,0.0,0.7201200792801442,1.4807344160069564,0.08012240253428873,0.2786060102185214,0.2667474939381443,ILI,raw,692,740,raw:692:3,low,mid
4,0.8213757145107744,0.05385757746891863,0.09258525156591862,0.125,0.6386892340347268,1.4807344160069564,0.08012240253428873,0.32260618118187057,0.2812705455230052,ILI,raw,692,740,raw:692:4,low,mid
5,0.9529377481734846,0.05912809529588585,0.172337218842235,0.0,0.48358955027553124,1.4807344160069564,0.08012240253428873,0.3948010207705352,0.18790398426994,ILI,raw,692,740,raw:692:5,mid,low
6,0.7377595598980025,0.05486031675047123,0.16728970954466818,0.0,0.6003373150286851,1.4807344160069564,0.08012240253428873,0.3199698620643806,0.22681990585432463,ILI,raw,692,740,raw:692:6,low,mid
0,0.6348525046938207,0.13890972099744892,0.04720019455921536,0.0,0.3465721300113207,1.408593298187465,0.06809888291774602,0.273654140083495,0.13822367097635557,ILI,raw,696,744,raw:696:0,low,low
1,0.6390532721296656,0.15689298955424505,0.03186319170736262,0.0,0.3957412237283586,1.408593298187465,0.06809888291774602,0.27593648446375774,0.1546133688820349,ILI,raw,696,744,raw:696:1,low,low
2,0.1967679731923342,0.05201253770485068,0.174666471222894,0.0,0.23415787630718388,1.408593298187465,0.06809888291774602,0.1411489940400263,0.10075225307497664,ILI,raw,696,744,raw:696:2,low,low
3,0.6278169558411899,0.0789933458463279,0.07545845610305214,0.0,0.2624325967632805,1.408593298187465,0.06809888291774602,0.26075625259685664,0.1101771598936755,ILI,raw,696,744,raw:696:3,low,low
4,0.512550485620072,0.09511563396383413,0.1169137780370674,0.0,0.27239608494870843,1.408593298187465,0.06809888291774602,0.2415266325403245,0.11349832262215148,ILI,raw,696,744,raw:696:4,low,low
5,0.7418949327078567,0.07737575511548664,0.06432286629216233,0.0,0.35265065504777254,1.408593298187465,0.06809888291774602,0.29453118470516854,0.14024984598850618,ILI,raw,696,744,raw:696:5,low,low
6,0.5824844156361195,0.09504628887050498,0.1917846959814807,0.0,0.5838491770027278,1.408593298187465,0.06809888291774602,0.28977180016270176,0.21731601997349126,ILI,raw,696,744,raw:696:6,low,low
0,0.3041233675363091,0.01818621041462984,0.2502422631216906,0.0,0.31386161129338763,1.4377084466994303,0.07295140766165271,0.19085061369087652,0.12893767298501344,ILI,raw,700,748,raw:700:0,low,low
1,0.3115071120998819,0.023881536130234138,0.0974165816601283,0.0,0.31636152887237373,1.4377084466994303,0.07295140766165271,0.14426840996341478,0.12977097884467548,ILI,raw,700,748,raw:700:1,low,low
2,0.6515063118758264,0.05500397031277966,0.21399938954722827,0.0,0.24808209517154192,1.4377084466994303,0.07295140766165271,0.30683655724527814,0.10701116761106488,ILI,raw,700,748,raw:700:2,low,low
3,0.28554107108466786,0.07388214649815414,0.45993928693812125,0.0,0.43431520880344177,1.4377084466994303,0.07295140766165271,0.2731208348403144,0.16908887215503152,ILI,raw,700,748,raw:700:3,low,low
4,0.44420520528732044,0.016894357632930918,0.48016514976255,0.0,0.2873837101349417,1.4377084466994303,0.07295140766165271,0.31375490422760044,0.12011170593219812,ILI,raw,700,748,raw:700:4,low,low
5,0.9575553222245594,0.06015332416748345,0.5977957096394334,0.0,0.4715095527670667,1.4377084466994303,0.07295140766165271,0.5385014520104922,0.18148698680957312,ILI,raw,700,748,raw:700:5,high,low
6,0.5766373247781043,0.14452010373119986,0.6572272203720746,0.0,0.6988406002138834,1.4377084466994303,0.07295140766165271,0.4594615496271262,0.25726400262517873,ILI,raw,700,748,raw:700:6,high,mid
0,0.7904658915271916,0.023925053845197268,0.44873899407310996,0.0,0.3091990637009883,1.567602639355944,0.09460043973498992,0.42104331314849963,0.13459983447865942,ILI,raw,704,752,raw:704:0,mid,low
1,0.8131320122298438,0.02481386864551252,0.08962617002732566,0.0,0.3075925825638972,1.567602639355944,0.09460043973498992,0.3091906836342273,0.13406434076629573,ILI,raw,704,752,raw:704:1,low,low
2,0.8887634127381049,0.045095222356534105,0.43157588401380276,0.0,0.2870986199175479,1.567602639355944,0.09460043973498992,0.4551448397028139,0.1272330198841793,ILI,raw,704,752,raw:704:2,high,low
3,0.7825682229616281,0.04109069372267721,0.23368063254842827,0.0,0.5042344377891794,1.567602639355944,0.09460043973498992,0.3524465164109112,0.19961162584138978,ILI,raw,704,752,raw:704:3,mid,low
4,0.8860139895433145,0.020756217415889455,0.17247674122356724,0.0,0.3242858867793905,1.567602639355944,0.09460043973498992,0.35974898272759037,0.1396287755047935,ILI,raw,704,752,raw:704:4,mid,low
5,0.9960838517647203,0.08901954820556862,0.5942700836973422,0.0,0.7146329764759921,1.567602639355944,0.09460043973498992,0.5597911612225437,0.2697444720703273,ILI,raw,704,752,raw:704:5,high,mid
6,0.9441142740078212,0.29268860462401397,0.5270359970934672,0.0,0.8038404808681144,1.567602639355944,0.09460043973498992,0.5879462919084341,0.29948030686770144,ILI,raw,704,752,raw:704:6,high,mid
0,0.9418633375375114,0.03611676575801935,0.17768373241989993,0.0,0.6047615123515098,2.168754183890735,0.19479236365713523,0.38522127857181027,0.26651795866954836,ILI,raw,708,756,raw:708:0,mid,mid
1,0.92316886842846,0.035279012127516995,0.24916157078322657,0.0,0.5862907688606555,2.168754183890735,0.19479236365713523,0.40253648377973456,0.2603610441725969,ILI,raw,708,756,raw:708:1,mid,mid
2,0.9372716000010658,0.04270058444468295,0.14637933608505604,0.0,0.7898134985518602,2.168754183890735,0.19479236365713523,0.3754505068436016,0.3282019540696652,ILI,raw,708,756,raw:708:2,mid,high
3,0.8787179763711559,0.04845910440298745,0.031343531337838196,0.125,0.727606409271149,2.168754183890735,0.19479236365713523,0.3195068707039938,0.34913292430942805,ILI,raw,708,756,raw:708:3,low,high
4,0.9431105422415154,0.027602289830361296,0.01931526922999604,0.0,0.6106842073460652,2.168754183890735,0.19479236365713523,0.33000936710062423,0.26849219033440014,ILI,raw,708,756,raw:708:4,low,mid
5,0.999615365468426,0.03232806477454548,0.8509201947210967,0.25,0.8466268883474167,2.168754183890735,0.19479236365713523,0.627621208321356,0.43047308400151724,ILI,raw,708,756,raw:708:5,high,high
6,0.9806268093353365,0.18140807538462617,0.18818551575412729,0.625,0.9193845018661596,2.168754183890735,0.19479236365713523,0.4500734668246966,0.5797256218410983,ILI,raw,708,756,raw:708:6,high,high
0,0.9421824158706645,0.0977591118561095,0.203475297678732,0.125,0.8767642303310705,2.264467424835455,0.2107445704546682,0.41447227513516866,0.4041696002619129,ILI,raw,712,760,raw:712:0,mid,high
1,0.9317925575715476,0.09152163750856827,0.21588459713168884,0.125,0.9138186790700888,2.264467424835455,0.2107445704546682,0.41306626407060154,0.41652108317491904,ILI,raw,712,760,raw:712:1,mid,high
2,0.9385777445820378,0.07387078122823246,0.024086888060037857,0.125,0.8781378937078478,2.264467424835455,0.2107445704546682,0.345511804623436,0.40462748805417204,ILI,raw,712,760,raw:712:2,low,high
3,0.9042035447644414,0.021137191715103087,0.03935682351688671,0.25,0.8376769683225536,2.264467424835455,0.2107445704546682,0.32156585333214377,0.4328071795924073,ILI,raw,712,760,raw:712:3,low,high
4,0.9449489460119792,0.031313264846504235,0.05435108413779414,0.25,0.8831690466892292,2.264467424835455,0.2107445704546682,0.3435377649987592,0.4479712057146325,ILI,raw,712,760,raw:712:4,low,high
5,0.9984248305047245,0.025534362115230892,0.0014508455028870567,0.125,0.8409209967151784,2.264467424835455,0.2107445704546682,0.3418033460409475,0.39222185572328216,ILI,raw,712,760,raw:712:5,low,high
6,0.9401132865570094,0.3843317482533839,0.15963754873159847,0.5,0.9227491740513357,2.264467424835455,0.2107445704546682,0.49469419451399727,0.5444979148353346,ILI,raw,712,760,raw:712:6,high,high
0,0.9000811210987312,0.21151191381415602,0.25094120701164274,0.0,0.7322818897155045,2.0138679010462543,0.1689779832260791,0.45417808064151005,0.3004199576471945,ILI,raw,716,764,raw:716:0,high,mid
1,0.9152967357722457,0.17526043995612894,0.234711353219151,0.0,0.7398129790782693,2.0138679010462543,0.1689779832260791,0.4417561763158418,0.30293032076811616,ILI,raw,716,764,raw:716:1,high,mid
2,0.9192009107899599,0.03701891670373066,0.10389750136699447,0.0,0.5814818787676724,2.0138679010462543,0.1689779832260791,0.3533724429535617,0.2501532873312505,ILI,raw,716,764,raw:716:2,mid,mid
3,0.8399084784957727,0.1896643661332436,0.3462290851332199,0.25,0.7906484527262516,2.0138679010462543,0.1689779832260791,0.45860064325407873,0.40320881198411024,ILI,raw,716,764,raw:716:3,high,high
4,0.9156388735266021,0.030250874629762725,0.19821108278850444,0.125,0.7496849770565882,2.0138679010462543,0.1689779832260791,0.38136694364828977,0.34788765342755573,ILI,raw,716,764,raw:716:4,mid,high
5,0.9884836595367504,0.03754721285597239,0.004402969946349487,0.125,0.579646576926001,2.0138679010462543,0.1689779832260791,0.3434779474463574,0.29120818671736,ILI,raw,716,764,raw:716:5,low,mid
6,0.7916932089703483,0.1751988970956599,0.10431325257095152,0.25,0.7995881795319745,2.0138679010462543,0.1689779832260791,0.35706845287898664,0.40618872091935126,ILI,raw,716,764,raw:716:6,mid,high
0,0.8401470893582415,0.2203216247705296,0.920694776792849,0.0,0.4722456636204553,1.7571990947602831,0.12619984891638078,0.6603878303072066,0.1994818375122787,ILI,raw,720,768,raw:720:0,high,low
1,0.8404557575025996,0.22863925818681732,0.9153221620383076,0.0,0.47248922087248424,1.7571990947602831,0.12619984891638078,0.6614723925759082,0.19956302326295502,ILI,raw,720,768,raw:720:1,high,low
2,0.5186456277542899,0.04307501914573006,0.8816927925484609,0.0,0.2501120794660686,1.7571990947602831,0.12619984891638078,0.4811378131494936,0.12543730946081647,ILI,raw,720,768,raw:720:2,high,low
3,0.7872986168004252,0.12463770310725188,0.39890234517639667,0.0,0.6088071108994668,1.7571990947602831,0.12619984891638078,0.4369462216946913,0.24500231993861588,ILI,raw,720,768,raw:720:3,mid,mid
4,0.7873036062580718,0.12372353775829781,0.5527305402059727,0.0,0.4851619606989059,1.7571990947602831,0.12619984891638078,0.4879192280741141,0.2037872698717622,ILI,raw,720,768,raw:720:4,high,low
5,0.19569797117235588,0.10322950541950021,0.5894783348480326,0.0,0.4718638170535111,1.7571990947602831,0.12619984891638078,0.2961352704799629,0.1993545553232973,ILI,raw,720,768,raw:720:5,low,low
6,0.6957713324227328,0.11546068664006069,0.29161108078161685,0.0,0.7155959818066462,1.7571990947602831,0.12619984891638078,0.36761436661480346,0.280598610241009,ILI,raw,720,768,raw:720:6,mid,mid
0,0.47107023800761716,0.030683358655330267,0.24133074616893105,0.0,0.345704786006134,1.683949075903504,0.11399151246059816,0.24769478094395947,0.15323209948891073,ILI,raw,724,772,raw:724:0,low,low
1,0.2839140588387735,0.039501289700555095,0.1236916479683449,0.0,0.3513788060256741,1.683949075903504,0.11399151246059816,0.14903566550255784,0.1551234394954241,ILI,raw,724,772,raw:724:1,low,low
2,0.40785068316577533,0.03435182373417174,0.12239351658404926,0.0,0.16616790943532983,1.683949075903504,0.11399151246059816,0.18819867449466543,0.09338647396530934,ILI,raw,724,772,raw:724:2,low,low
3,0.44709510038014944,0.09674945884581261,0.7879592483539481,0.0,0.5042078384730664,1.683949075903504,0.11399151246059816,0.4439346025266368,0.2060664503112215,ILI,raw,724,772,raw:724:3,high,low
4,0.2591072630605121,0.04002074097234753,0.40518045574554407,0.0,0.35251706339013944,1.683949075903504,0.11399151246059816,0.23476948659280125,0.15550285861691251,ILI,raw,724,772,raw:724:4,low,low
5,0.872070038070403,0.020208890282220324,0.5027332199574736,0.0,0.4854230525839022,1.683949075903504,0.11399151246059816,0.46500404943669893,0.19980485501483347,ILI,raw,724,772,raw:724:5,high,low
6,0.20278541142985917,0.09674893745005396,0.49147525995354496,0.0,0.6934000888460009,1.683949075903504,0.11399151246059816,0.26366986961115274,0.26913053376886636,ILI,raw,724,772,raw:724:6,low,mid
0,0.5725891068796293,0.01234196747831355,0.9140966010904349,0.0,0.37566340583174634,1.6894398691461283,0.11490664466617698,0.49967589181612587,0.16352335016597444,ILI,raw,728,776,raw:728:0,high,low
1,0.6481978730210817,0.03415488077424135,0.948137613350648,0.0,0.39070630221922187,1.6894398691461283,0.11490664466617698,0.543496789048657,0.1685376489617996,ILI,raw,728,776,raw:728:1,high,low
2,0.7363131574904938,0.03790941968680152,0.9422246273573421,0.0,0.3779651132371774,1.6894398691461283,0.11490664466617698,0.5721490681782124,0.16429058596778479,ILI,raw,728,776,raw:728:2,high,low
3,0.4289948966533005,0.024134547986245425,0.48441341012965655,0.0,0.5205307664613452,1.6894398691461283,0.11490664466617698,0.3125142849230675,0.21181247037584072,ILI,raw,728,776,raw:728:3,low,low
4,0.6237640714900665,0.021162208691341385,0.9368076282137209,0.0,0.40459343659784774,1.6894398691461283,0.11490664466617698,0.5272446361317096,0.1731666937546749,ILI,raw,728,776,raw:728:4,high,low
5,0.9588377867622779,0.22978239212975168,0.27692458421259386,0.0,0.6445842944997491,1.6894398691461283,0.11490664466617698,0.4885149210348745,0.253163646388642,ILI,raw,728,776,raw:728:5,high,mid
6,0.8383809905668622,0.5946370305512174,0.5823978947590336,0.25,0.76929822495029,1.6894398691461283,0.11490664466617698,0.671805305292371,0.3780682898721557,ILI,raw,728,776,raw:728:6,high,high
0,0.9135597023819332,0.05920217875799485,0.395758559025875,0.0,0.5688461686636553,1.4460338596267337,0.07433897648055732,0.4561734800552677,0.21439504838140422,ILI,raw,732,780,raw:732:0,high,low
1,0.9199624304816832,0.08115518926835018,0.4850830125949557,0.0,0.5924510464613806,1.4460338596267337,0.07433897648055732,0.495400210781663,0.22226334098064596,ILI,raw,732,780,raw:732:1,high,mid
2,0.9057394310559307,0.039714945330693814,0.426910917098042,0.0,0.6841147756917301,1.4460338596267337,0.07433897648055732,0.4574550978282222,0.2528179173907625,ILI,raw,732,780,raw:732:2,high,mid
3,0.8508030959834642,0.05644054445229778,0.8785776375284596,0.0,0.645926071445277,1.4460338596267337,0.07433897648055732,0.5952737593214071,0.24008834930861145,ILI,raw,732,780,raw:732:3,high,mid
4,0.91470690280361,0.05674748118956291,0.6604455397642116,0.0,0.584835883341542,1.4460338596267337,0.07433897648055732,0.5439666412524615,0.2197249532740331,ILI,raw,732,780,raw:732:4,high,low
5,0.9917775900175642,0.08344533159916968,0.3347574534523695,0.0,0.45256823658552425,1.4460338596267337,0.07433897648055732,0.4699934583563678,0.17563573768869387,ILI,raw,732,780,raw:732:5,high,low
6,0.9625272169563458,0.13304496546110736,0.14675799772104117,0.125,0.8420120878376277,1.4460338596267337,0.07433897648055732,0.41411006004616474,0.34711702143939505,ILI,raw,732,780,raw:732:6,mid,high
0,0.9402429354790518,0.10171521146710658,0.04051085331245201,0.25,0.7831876636557579,1.6183785050055977,0.10306308399582781,0.36082300008620344,0.3787502492171952,ILI,raw,736,784,raw:736:0,mid,high
1,0.9493515381438,0.10600643183685851,0.0249304036819258,0.25,0.8014540954749945,1.6183785050055977,0.10306308399582781,0.36009612455419476,0.3848390598236074,ILI,raw,736,784,raw:736:1,mid,high
2,0.9176979722424455,0.10989816534263763,0.06757110626262214,0.125,0.9058703282185294,1.6183785050055977,0.10306308399582781,0.3650557479492351,0.3779778040714524,ILI,raw,736,784,raw:736:2,mid,high
3,0.9078238178079582,0.08641543261568363,0.13277793745254854,0.25,0.7814067508314717,1.6183785050055977,0.10306308399582781,0.3756723959587301,0.3781566116090998,ILI,raw,736,784,raw:736:3,mid,high
4,0.932223634689125,0.12581586239487047,0.07470692071280886,0.25,0.7977192678932682,1.6183785050055977,0.10306308399582781,0.3775821392656014,0.38359411729636533,ILI,raw,736,784,raw:736:4,mid,high
5,0.9865761026402605,0.11717996854712631,0.28152932964841776,0.0,0.9648376960871621,1.6183785050055977,0.10306308399582781,0.46176180027860153,0.35596692669432994,ILI,raw,736,784,raw:736:5,high,high
6,0.868688664172051,0.05211719477042191,0.2963405810563901,0.375,0.9528511198356077,1.6183785050055977,0.10306308399582781,0.405715479999621,0.4769714012771451,ILI,raw,736,784,raw:736:6,mid,high
0,0.9402429354790518,0.06294143080914633,0.03422453065150136,0.0,0.8571460706016006,1.6769675917302476,0.11282793176699471,0.3458029656465665,0.3233246674561984,ILI,raw,740,788,raw:740:0,low,high
1,0.9493515381438,0.06708235101378257,0.028701760590179946,0.125,0.8700698360887609,1.6769675917302476,0.11282793176699471,0.3483785499159209,0.36929925595191854,ILI,raw,740,788,raw:740:1,mid,high
2,0.9126641911804145,0.09396947695915478,0.07215683645925886,0.125,0.6454490826339782,1.6769675917302476,0.11282793176699471,0.3595968348662761,0.29442567146699095,ILI,raw,740,788,raw:740:2,mid,mid
3,0.9098929617785775,0.03888934176114222,0.0731181459394332,0.125,0.8299953933143465,1.6769675917302476,0.11282793176699471,0.3406334831597176,0.35594110836044707,ILI,raw,740,788,raw:740:3,low,high
4,0.932223634689125,0.07818581013224041,0.06000089570708522,0.25,0.8196339427005707,1.6769675917302476,0.11282793176699471,0.3568034468428169,0.3941539581558551,ILI,raw,740,788,raw:740:4,mid,high
5,0.9451591972823866,0.17103164941796828,0.20032236513886617,0.0,0.7981453618310222,1.6769675917302476,0.11282793176699471,0.43883773727974035,0.3036577645326723,ILI,raw,740,788,raw:740:5,mid,mid
6,0.7874399942991774,0.05074461635490213,0.31203129721799105,0.125,0.7526084694573788,1.6769675917302476,0.11282793176699471,0.38340530262402356,0.33014546707479114,ILI,raw,740,788,raw:740:6,mid,high
0,0.8893839354291346,0.07964814864122258,0.014092341044000214,0.0,0.45288534499562455,1.3776815198827554,0.06294691987554771,0.32770814170478585,0.17194408829039076,ILI,raw,744,792,raw:744:0,low,low
1,0.9066081267701674,0.09099012095931358,0.014966779193863486,0.0,0.47335053544536826,1.3776815198827554,0.06294691987554771,0.33752167564111485,0.17876581844030534,ILI,raw,744,792,raw:744:1,low,low
2,0.8491923017512547,0.05664248442462161,0.059913396229524754,0.0,0.30392972287016234,1.3776815198827554,0.06294691987554771,0.32191606080180035,0.12229221424857002,ILI,raw,744,792,raw:744:2,low,low
3,0.8411563847126007,0.038720257330780175,0.049510727197606595,0.0,0.5990647884320854,1.3776815198827554,0.06294691987554771,0.30979578974699584,0.2206705694358777,ILI,raw,744,792,raw:744:3,low,mid
4,0.888810398924252,0.06268158251660352,0.03759871263862226,0.0,0.4353658829318189,1.3776815198827554,0.06294691987554771,0.32969689802649255,0.16610426760245553,ILI,raw,744,792,raw:744:4,low,low
5,0.8254272777117769,0.0719693470070473,0.0061086325185856155,0.0,0.5304318358347224,1.3776815198827554,0.06294691987554771,0.3011684190791366,0.19779291857009004,ILI,raw,744,792,raw:744:5,low,low
6,0.6929396112428443,0.06478229659150331,0.2040428531488333,0.0,0.5206028411843462,1.3776815198827554,0.06294691987554771,0.3205882536610603,0.19451658701996463,ILI,raw,744,792,raw:744:6,low,low
0,0.4019948274052788,0.0674754603906052,0.10157203885078052,0.0,0.45486262147908313,1.2697635141891765,0.04496058562326178,0.19034744221555486,0.16660773570078163,ILI,raw,748,796,raw:748:0,low,low
1,0.3646165670826087,0.0803990658198065,0.12091584727545658,0.0,0.47243982857009337,1.2697635141891765,0.04496058562326178,0.18864382672595725,0.1724668047311184,ILI,raw,748,796,raw:748:1,low,low
2,0.4855558289529869,0.015607142316872376,0.2314618279595549,0.0,0.2536549705252937,1.2697635141891765,0.04496058562326178,0.24420826640980473,0.09953851871618515,ILI,raw,748,796,raw:748:2,low,low
3,0.2936099886998512,0.018859600062281986,0.218136673710566,0.0,0.34676969786384443,1.2697635141891765,0.04496058562326178,0.17686875415756642,0.13057676116236874,ILI,raw,748,796,raw:748:3,low,low
4,0.08735806710476324,0.04088283846299953,0.23753239980737545,0.0,0.3533269516171849,1.2697635141891765,0.04496058562326178,0.12192443512504607,0.13276251241348222,ILI,raw,748,796,raw:748:4,low,low
5,0.6202099638412258,0.07908943147916361,0.04269820604035915,0.0,0.42547295437385235,1.2697635141891765,0.04496058562326178,0.2473325337869162,0.15681117999903804,ILI,raw,748,796,raw:748:5,low,low
6,0.5959162529658439,0.09510561669585463,0.02422326099928355,0.0,0.4814725989629836,1.2697635141891765,0.04496058562326178,0.2384150435536607,0.17547772819541516,ILI,raw,748,796,raw:748:6,low,low
0,0.5262573619608004,0.005875103515231967,0.14635760969153766,0.0,0.40123963745893027,1.2934674322036308,0.0489112386190864,0.22616335838919002,0.15005029202600556,ILI,raw,752,800,raw:752:0,low,low
1,0.5363284694444637,0.0066097873280805824,0.2827531843885698,0.0,0.4258920482870692,1.2934674322036308,0.0489112386190864,0.275230480387038,0.1582677623020519,ILI,raw,752,800,raw:752:1,low,low
2,0.8253266543472344,0.02013301205645717,0.13350058500339473,0.0,0.22233142880599754,1.2934674322036308,0.0489112386190864,0.3263200838023621,0.09041422247502799,ILI,raw,752,800,raw:752:2,low,low
3,0.6111873562579415,0.08188101375904616,0.5873716467377098,0.0,0.5858299910535741,1.2934674322036308,0.0489112386190864,0.42681333891823253,0.21158040989088686,ILI,raw,752,800,raw:752:3,mid,low
4,0.7290278293400876,0.014583828286959605,0.5352906685000587,0.0,0.43617334462987045,1.2934674322036308,0.0489112386190864,0.42630077537570193,0.1616948610829856,ILI,raw,752,800,raw:752:4,mid,low
5,0.9597598673621646,0.04349180212522433,0.3345152474347555,0.0,0.5297254576031316,1.2934674322036308,0.0489112386190864,0.44592230564071483,0.19287889874073935,ILI,raw,752,800,raw:752:5,high,low
6,0.7922770759412037,0.1131945684560645,0.6755397963936551,0.0,0.6455912436174293,1.2934674322036308,0.0489112386190864,0.5270038135969745,0.2315008274121719,ILI,raw,752,800,raw:752:6,high,mid
0,0.8879196298043519,0.09095069253776271,0.15075691676033445,0.0,0.423095818999088,1.3442193683539796,0.057369894630046776,0.3765424130341497,0.16015523787637825,ILI,raw,756,804,raw:756:0,mid,low
1,0.8956392135824137,0.08608327508205119,0.34770882407781967,0.0,0.4294296358779888,1.3442193683539796,0.057369894630046776,0.44314377091409485,0.1622665101693452,ILI,raw,756,804,raw:756:1,high,low
2,0.9360070458243388,0.04612907384861287,0.435560255099818,0.0,0.33693106197021355,1.3442193683539796,0.057369894630046776,0.47256545825758983,0.13143365220008676,ILI,raw,756,804,raw:756:2,high,low
3,0.879966265117725,0.07838017301464009,0.4558855979183942,0.0,0.6459342437621278,1.3442193683539796,0.057369894630046776,0.4714106786835865,0.23443471279739156,ILI,raw,756,804,raw:756:3,high,mid
4,0.9277943838832405,0.0673119264093614,0.4455143948274453,0.0,0.4702135502661946,1.3442193683539796,0.057369894630046776,0.4802069017066824,0.17586114829874713,ILI,raw,756,804,raw:756:4,high,low
5,0.9973470198680194,0.09369868831246994,0.4910720955381292,0.0,0.713301484001075,1.3442193683539796,0.057369894630046776,0.5273726012395396,0.25689045954370726,ILI,raw,756,804,raw:756:5,high,mid
6,0.943639793238744,0.3697648840068245,0.5283628122995718,0.0,0.7692338143924642,1.3442193683539796,0.057369894630046776,0.6139224965150468,0.27553456967417034,ILI,raw,756,804,raw:756:6,high,mid
0,0.9482090519220603,0.056037430687312706,0.22308671844428749,0.125,0.8271621295407443,1.7165520559974852,0.11942534246720529,0.40911106701788685,0.3571958240026499,ILI,raw,760,808,raw:760:0,mid,high
1,0.9521629117161041,0.04358781227100815,0.30407272929546636,0.125,0.8244165288096451,1.7165520559974852,0.11942534246720529,0.4332744844275262,0.35628062375895014,ILI,raw,760,808,raw:760:1,mid,high
2,0.9416664631799214,0.038322489616513924,0.4704827407477579,0.125,0.8637066962052823,1.7165520559974852,0.11942534246720529,0.4834905645147311,0.3693773462241625,ILI,raw,760,808,raw:760:2,high,high
3,0.9402694212676255,0.06452366426508918,0.062091063339813936,0.125,0.7979574450529512,1.7165520559974852,0.11942534246720529,0.3556280496241762,0.3474609291733855,ILI,raw,760,808,raw:760:3,mid,high
4,0.9514950941539557,0.04153385190657485,0.062487214754365195,0.125,0.8160907870856805,1.7165520559974852,0.11942534246720529,0.35183872027163193,0.3535053765176286,ILI,raw,760,808,raw:760:4,mid,high
5,0.9981498506955387,0.03588318303496064,0.9564979323366496,0.375,0.8135597568431706,1.7165520559974852,0.11942534246720529,0.663510322022383,0.4359950331034586,ILI,raw,760,808,raw:760:5,high,high
6,0.9604793442042355,0.3537515447740358,0.4390155153688815,0.5,0.9352441532768709,1.7165520559974852,0.11942534246720529,0.5844154681157175,0.5182231652480255,ILI,raw,760,808,raw:760:6,high,high
0,0.946850077471991,0.12172018761520173,0.29409162224945745,0.25,0.7563690381978014,1.8095996685494924,0.13493327786669326,0.45422062911221667,0.3804341053548315,ILI,raw,764,812,raw:764:0,high,high
1,0.9506502171505576,0.10180891749842484,0.32273578210882703,0.25,0.7640334475854078,1.8095996685494924,0.13493327786669326,0.45839830558593647,0.38298890848403366,ILI,raw,764,812,raw:764:1,high,high
2,0.9415247595459366,0.031422797369647565,0.11480211381954158,0.125,0.7934571157561268,1.8095996685494924,0.13493327786669326,0.36258322357837525,0.35113013120760667,ILI,raw,764,812,raw:764:2,mid,high
3,0.9398348783501901,0.03496964323240705,0.13591492966381732,0.25,0.7680163008254953,1.8095996685494924,0.13493327786669326,0.37023981708213816,0.38431652623072954,ILI,raw,764,812,raw:764:3,mid,high
4,0.9510082608534016,0.03604641789072623,0.18474822989975936,0.25,0.7630695245056502,1.8095996685494924,0.13493327786669326,0.3906009695479624,0.38266760079078116,ILI,raw,764,812,raw:764:4,mid,high
5,0.993916293319768,0.035314595299682436,0.007017075177009144,0.0,0.8468509862033117,1.8095996685494924,0.13493327786669326,0.3454159879321532,0.3272614213566683,ILI,raw,764,812,raw:764:5,low,high
6,0.9344428376077657,0.2359304152287558,0.04809250238773309,0.25,0.8157600394748323,1.8095996685494924,0.13493327786669326,0.4061552517414182,0.4002311057805085,ILI,raw,764,812,raw:764:6,mid,high
0,0.9127712724516095,0.09645378456815257,0.3686942691640462,0.0,0.62974685594922,1.7480733349528574,0.12467888895101142,0.4593064420612694,0.2514752483000771,ILI,raw,768,816,raw:768:0,high,mid
1,0.9201860758069647,0.10960207865883526,0.39572667911519765,0.0,0.6589738721670492,1.7480733349528574,0.12467888895101142,0.47517161119366585,0.26121758703935355,ILI,raw,768,816,raw:768:1,high,mid
2,0.9119488000858863,0.05489842099022535,0.18547182537160847,0.0,0.6242352629748089,1.7480733349528574,0.12467888895101142,0.3841063488159067,0.2496380506419401,ILI,raw,768,816,raw:768:2,mid,mid
3,0.8931541768802136,0.13839940570277692,0.3874012494124825,0.125,0.7771369496765311,1.7480733349528574,0.12467888895101142,0.472984943998491,0.34227194620918083,ILI,raw,768,816,raw:768:3,high,high
4,0.9212583668671032,0.03989080492890042,0.2953972952757745,0.0,0.6996413014412624,1.7480733349528574,0.12467888895101142,0.41884882235725934,0.2747733967974246,ILI,raw,768,816,raw:768:4,mid,mid
5,0.9706108821822816,0.04819256350243624,0.005146797410097513,0.125,0.5878414501363118,1.7480733349528574,0.12467888895101142,0.34131674769827186,0.27917344636244107,ILI,raw,768,816,raw:768:5,low,mid
6,0.8638855694469578,0.12094021979005612,0.06524110631779333,0.125,0.6369447889298181,1.7480733349528574,0.12467888895101142,0.35002229851826905,0.2955412259602765,ILI,raw,768,816,raw:768:6,mid,mid
0,0.7139936993083907,0.15293262188259832,0.3857535202615292,0.0,0.48778979146423523,1.6322052151092117,0.10536753567592272,0.4175599471508394,0.19771910904671933,ILI,raw,772,820,raw:772:0,mid,low
1,0.7625345146911869,0.17232721548494873,0.73606888229214,0.0,0.5270904112691217,1.6322052151092117,0.10536753567592272,0.5569768708227586,0.21081931564834813,ILI,raw,772,820,raw:772:1,high,low
2,0.3717378476587555,0.07638771481227014,0.2178130509395165,0.0,0.4411268995460589,1.6322052151092117,0.10536753567592272,0.22197953780351407,0.18216481174066054,ILI,raw,772,820,raw:772:2,low,low
3,0.6628611210113144,0.11880231569221492,0.41968760038727754,0.0,0.6855658239500383,1.6322052151092117,0.10536753567592272,0.40045034569693566,0.26364445320865365,ILI,raw,772,820,raw:772:3,mid,mid
4,0.6103038636314762,0.12788282253565358,0.6443637858097594,0.0,0.5668417824805357,1.6322052151092117,0.10536753567592272,0.4608501573256298,0.22406977271881948,ILI,raw,772,820,raw:772:4,high,mid
5,0.17347148848046146,0.09238099568820266,0.6613990213638835,0.0,0.4776359633849945,1.6322052151092117,0.10536753567592272,0.30908383517751586,0.1943344996869724,ILI,raw,772,820,raw:772:5,low,low
6,0.7278043844085307,0.13980859577625016,0.3955464898667156,0.0,0.6152163066469506,1.6322052151092117,0.10536753567592272,0.4210531566838321,0.24019461410762444,ILI,raw,772,820,raw:772:6,mid,mid
0,0.1447060670204604,0.023872288981175806,0.4981758709055126,0.0,0.44166397930991463,1.5873915934847898,0.09789859875096729,0.2222514089690496,0.17985419268696065,ILI,raw,776,824,raw:776:0,low,low
1,0.11809386317173687,0.030959776967809806,0.6818205792637716,0.0,0.4826840527974051,1.5873915934847898,0.09789859875096729,0.27695807313443943,0.19352755051612414,ILI,raw,776,824,raw:776:1,low,low
2,0.6419124376927348,0.0567358117235468,0.7733344875303898,0.0,0.4244988803972746,1.5873915934847898,0.09789859875096729,0.49066091231555714,0.174132493049414,ILI,raw,776,824,raw:776:2,high,low
3,0.10549681301797242,0.04030679897392729,0.9842354882378372,0.0,0.6367431070017249,1.5873915934847898,0.09789859875096729,0.37667970007657897,0.2448805685842307,ILI,raw,776,824,raw:776:3,mid,mid
4,0.3427020397002891,0.023865554894418915,0.937237238068261,0.0,0.5199231019233952,1.5873915934847898,0.09789859875096729,0.4346016108876563,0.20594056689145415,ILI,raw,776,824,raw:776:4,mid,low
5,0.8520139319521307,0.023538929540240946,0.5229745219606153,0.0,0.5740703345856925,1.5873915934847898,0.09789859875096729,0.466175794484329,0.22398964444555325,ILI,raw,776,824,raw:776:5,high,mid
6,0.292699949964188,0.0825137205880552,0.430437508925379,0.125,0.7000639875579912,1.5873915934847898,0.09789859875096729,0.2685503931592074,0.3076541954363195,ILI,raw,776,824,raw:776:6,low,mid
0,0.7749149237609686,0.07645910773078342,0.9953813764267837,0.0,0.51008559824841,1.5198446744563514,0.08664077893165727,0.6155851359728453,0.19890879239335577,ILI,raw,780,828,raw:780:0,high,low
1,0.7816063713304069,0.06807029718284095,0.9942206905008976,0.0,0.5421603940766847,1.5198446744563514,0.08664077893165727,0.6146324530047151,0.20960039100278063,ILI,raw,780,828,raw:780:1,high,low
2,0.7872176696413056,0.05908441635437986,0.3283541348743143,0.0,0.575114922015423,1.5198446744563514,0.08664077893165727,0.3915520736233333,0.22058523364902674,ILI,raw,780,828,raw:780:2,mid,mid
3,0.7260760721789136,0.05713513673617052,0.9741742291873705,0.0,0.6844452458955822,1.5198446744563514,0.08664077893165727,0.5857951460341515,0.25702867494241316,ILI,raw,780,828,raw:780:3,high,mid
4,0.8171493019295288,0.05693143572909162,0.9994226850588704,0.0,0.5905415997313483,1.5198446744563514,0.08664077893165727,0.6245011409058303,0.22572745955433518,ILI,raw,780,828,raw:780:4,high,mid
5,0.9600731477946296,0.2544082414356068,0.31999205804920117,0.125,0.7652993463745573,1.5198446744563514,0.08664077893165727,0.5114911490931459,0.32564670843540483,ILI,raw,780,828,raw:780:5,high,high
6,0.6995587826966996,0.385680063782712,0.09479530010015065,0.375,0.7946898322421094,1.5198446744563514,0.08664077893165727,0.3933447155265208,0.41877687039125555,ILI,raw,780,828,raw:780:6,mid,high
0,0.9366398149008444,0.1271934947160123,0.008812304708746835,0.0,0.6752459273608286,1.2725245302864032,0.045420754972032615,0.35754853810853454,0.24022222744428703,ILI,raw,784,832,raw:784:0,mid,mid
1,0.9315202061777084,0.1192897006440601,0.007186713370885611,0.0,0.6890825110764542,1.2725245302864032,0.045420754972032615,0.352665540064218,0.24483442201616226,ILI,raw,784,832,raw:784:1,mid,mid
2,0.8821439778490918,0.20574417437612466,0.0619195978899167,0.25,0.7631065465826261,1.2725245302864032,0.045420754972032615,0.3832692500383777,0.35284243385155295,ILI,raw,784,832,raw:784:2,mid,high
3,0.9328482189443916,0.019656548139950346,0.15216621180047732,0.125,0.7629426659307165,1.2725245302864032,0.045420754972032615,0.3682236596282731,0.31112114030091637,ILI,raw,784,832,raw:784:3,mid,mid
4,0.9304904382470466,0.047785315407979825,0.15331378847838714,0.25,0.7109689553572205,1.2725245302864032,0.045420754972032615,0.37719651404447113,0.3354632367764177,ILI,raw,784,832,raw:784:4,mid,high
5,0.9871661249646382,0.06205982397066122,0.2805366952830679,0.0,0.6364127168465663,1.2725245302864032,0.045420754972032615,0.44325421473945575,0.22727782393953297,ILI,raw,784,832,raw:784:5,high,mid
6,0.7925810682976855,0.09082108977487088,0.0791378860506191,0.375,0.9599547168128721,1.2725245302864032,0.045420754972032615,0.3208466813743918,0.46012515726163494,ILI,raw,784,832,raw:784:6,low,high
0,0.9361092123267368,0.08542535877755589,0.0039247359566782596,0.125,0.7889522486339916,1.478356066799638,0.07972601100039632,0.3418197690203237,0.33122608654479596,ILI,raw,788,836,raw:788:0,low,high
1,0.9344745428984661,0.08013965071114586,0.0054677683713945545,0.25,0.7923629773755884,1.478356066799638,0.07972601100039632,0.34002732066033553,0.37402966279199484,ILI,raw,788,836,raw:788:1,low,high
2,0.9038825142974369,0.10225936298261637,0.028276371399578396,0.25,0.8662872332685392,1.478356066799638,0.07972601100039632,0.3448060828932105,0.3986710814229785,ILI,raw,788,836,raw:788:2,low,high
3,0.9319984508633498,0.06007141032568729,0.08240952762788328,0.25,0.8031086419766538,1.478356066799638,0.07972601100039632,0.3581597962723068,0.37761155099235005,ILI,raw,788,836,raw:788:3,mid,high
4,0.9353815216036613,0.09125314241189839,0.046616527493273496,0.25,0.7994378848452882,1.478356066799638,0.07972601100039632,0.35775039716961105,0.3763879652818949,ILI,raw,788,836,raw:788:4,mid,high
5,0.9854215443219567,0.24704188620569056,0.2832709384226383,0.375,0.9496903563599174,1.478356066799638,0.07972601100039632,0.5052447896500952,0.4681387891201046,ILI,raw,788,836,raw:788:5,high,high
6,0.7525101353914461,0.10605964708632912,0.2490442059579628,0.25,0.9601009381706198,1.478356066799638,0.07972601100039632,0.3692046628119126,0.4299423163903387,ILI,raw,788,836,raw:788:6,mid,high
0,0.938844228328614,0.05571737500619593,0.04124753382232044,0.125,0.7768924456140895,1.6075645213971133,0.10126075339741762,0.3452697123857101,0.33438439967050243,ILI,raw,792,840,raw:792:0,low,high
1,0.9334532356370251,0.0510808992333945,0.03694190909110664,0.125,0.7940672938408425,1.6075645213971133,0.10126075339741762,0.3404920146538421,0.34010934907942003,ILI,raw,792,840,raw:792:1,low,high
2,0.9090403890033946,0.038112953721624765,0.0643859641161014,0.125,0.6716583241887966,1.6075645213971133,0.10126075339741762,0.3371797689470402,0.2993063591954047,ILI,raw,792,840,raw:792:2,low,mid
3,0.9352989826347625,0.04732057425181052,0.06649194821765278,0.125,0.7885993882298167,1.6075645213971133,0.10126075339741762,0.3497038350347419,0.33828671387574477,ILI,raw,792,840,raw:792:3,mid,high
4,0.9387250917267526,0.048430678518080014,0.06191447671575517,0.125,0.7726716306936374,1.6075645213971133,0.10126075339741762,0.3496900823201959,0.332977461363685,ILI,raw,792,840,raw:792:4,mid,high
5,0.9582943429918136,0.2355920941850712,0.19243110541236488,0.0,0.818658469610274,1.6075645213971133,0.10126075339741762,0.4621058475297499,0.30663974100256386,ILI,raw,792,840,raw:792:5,high,mid
6,0.6912171418314601,0.05508706379351496,0.3247662765653558,0.125,0.7261765662801577,1.6075645213971133,0.10126075339741762,0.3570234940634436,0.31747910655919176,ILI,raw,792,840,raw:792:6,mid,mid
0,0.8270112648982746,0.04429538173080594,0.08559469780653814,0.0,0.40458004164164163,1.3686700287695683,0.06144500469251971,0.3189671148118729,0.15534168211138713,ILI,raw,796,844,raw:796:0,low,low
1,0.8288805221170124,0.042207947848991186,0.10010851842520938,0.0,0.4702549080630801,1.3686700287695683,0.06144500469251971,0.32373232946373764,0.1772333042518666,ILI,raw,796,844,raw:796:1,low,low
2,0.6313075348602777,0.04244844793512546,0.15792665538161146,0.0,0.4449746321102002,1.3686700287695683,0.06144500469251971,0.27722754605900485,0.16880654560090666,ILI,raw,796,844,raw:796:2,low,low
3,0.756682831377649,0.06813313234684,0.1523731943366108,0.0,0.6732072712503452,1.3686700287695683,0.06144500469251971,0.32572971935369993,0.24488409198095495,ILI,raw,796,844,raw:796:3,low,mid
4,0.8054409514996123,0.057736112785606114,0.14195782994666767,0.0,0.5305284365521079,1.3686700287695683,0.06144500469251971,0.335044964743962,0.19732448041487585,ILI,raw,796,844,raw:796:4,low,low
5,0.8460703250952866,0.05311654955243944,0.014280771460241848,0.0,0.5837851022360963,1.3686700287695683,0.06144500469251971,0.30448921536932266,0.21507670230953865,ILI,raw,796,844,raw:796:5,low,low
6,0.4457150035219273,0.10044516364932025,0.28248136473289454,0.125,0.5973446393905752,1.3686700287695683,0.06144500469251971,0.2762138439680473,0.261263214694365,ILI,raw,796,844,raw:796:6,low,mid
0,0.23383431707517777,0.014549937667422453,0.1789704655397535,0.0,0.5199511828822081,1.2780209203099453,0.04633681997442952,0.14245157342745124,0.1887626676188792,ILI,raw,800,848,raw:800:0,low,low
1,0.18271169540866017,0.022193027957646418,0.25798204552001636,0.0,0.553603077495121,1.2780209203099453,0.04633681997442952,0.15429558962877432,0.19997996582318353,ILI,raw,800,848,raw:800:1,low,low
2,0.586938408202355,0.044800566733748846,0.2254934363467724,0.0,0.4276402404690405,1.2780209203099453,0.04633681997442952,0.2857441370942921,0.15799235348115667,ILI,raw,800,848,raw:800:2,low,low
3,0.19236768044449448,0.036050936079164236,0.04657281393373905,0.0,0.6539098542055498,1.2780209203099453,0.04633681997442952,0.09166381015246593,0.23341555805999312,ILI,raw,800,848,raw:800:3,low,mid
4,0.33621151816051353,0.03328794130733476,0.039777924685133935,0.0,0.5604775908574878,1.2780209203099453,0.04633681997442952,0.13642579471766073,0.20227147027730577,ILI,raw,800,848,raw:800:4,low,low
5,0.8617825051240158,0.05548416065045196,0.2588885020968127,0.0,0.48851089058357283,1.2780209203099453,0.04633681997442952,0.39205172262376015,0.1782825701860008,ILI,raw,800,848,raw:800:5,mid,low
6,0.7636613843151785,0.14381923440227984,0.4772232118833138,0.125,0.5972021028717008,1.2780209203099453,0.04633681997442952,0.4615679435335907,0.2561796409487101,ILI,raw,800,848,raw:800:6,high,mid
0,0.5095465635847922,0.01994123566407438,0.5870395932450538,0.0,0.32003843131323556,1.5237906365818195,0.08729843928480585,0.3721757974979735,0.1357789568660138,ILI,raw,804,852,raw:804:0,mid,low
1,0.5751111099498478,0.028166365733571865,0.5178899969523899,0.0,0.32537591664467697,1.5237906365818195,0.08729843928480585,0.3737224908786032,0.13755811864316095,ILI,raw,804,852,raw:804:1,mid,low
2,0.7781878925369528,0.06145744925009382,0.6716523038578212,0.0,0.23142567435998312,1.5237906365818195,0.08729843928480585,0.5037658818816225,0.10624137121492966,ILI,raw,804,852,raw:804:2,high,low
3,0.6982992778095471,0.058723355295605226,0.7216098159732975,0.0,0.3717421687036318,1.5237906365818195,0.08729843928480585,0.49287748302615,0.1530135359961459,ILI,raw,804,852,raw:804:3,high,low
4,0.7805257585259645,0.030131177111568725,0.709266838236439,0.0,0.2517525077850506,1.5237906365818195,0.08729843928480585,0.5066412579579908,0.11301698235661882,ILI,raw,804,852,raw:804:4,high,low
5,0.9762308656717662,0.050924942512268104,0.5651753729557835,0.0,0.6034070729792832,1.5237906365818195,0.08729843928480585,0.5307770603799393,0.23023517075469635,ILI,raw,804,852,raw:804:5,high,mid
6,0.7955374836544348,0.09210115845746972,0.5431385256371805,0.0,0.7990178156716078,1.5237906365818195,0.08729843928480585,0.4769257225830283,0.2954387516521379,ILI,raw,804,852,raw:804:6,high,mid
0,0.8754102660118329,0.040129499637390764,0.04116426149296729,0.0,0.32660663459821565,1.6806499957031185,0.1134416657614503,0.3189013423807303,0.1466827667865553,ILI,raw,808,856,raw:808:0,low,low
1,0.8852028722648168,0.05099657483338598,0.08014210671501253,0.0,0.3628831241715521,1.6806499957031185,0.1134416657614503,0.3387805179377384,0.15877492997766748,ILI,raw,808,856,raw:808:1,low,low
2,0.9187356802166233,0.13270515923018253,0.13086935493681526,0.0,0.38316132094651384,1.6806499957031185,0.1134416657614503,0.39410339812787365,0.1655343289026547,ILI,raw,808,856,raw:808:2,mid,low
3,0.9031198181853616,0.10421563692120922,0.07546254972098891,0.0,0.5989032375430479,1.6806499957031185,0.1134416657614503,0.3609326682758532,0.2374483011014994,ILI,raw,808,856,raw:808:3,mid,mid
4,0.9212831654433157,0.06634523460561027,0.1648375008855893,0.0,0.37410118082828625,1.6806499957031185,0.1134416657614503,0.3841553003115051,0.16251428219657885,ILI,raw,808,856,raw:808:4,mid,low
5,0.99941008334169,0.05621137245841863,0.5439075276434556,0.0,0.7862371226037739,1.6806499957031185,0.1134416657614503,0.5331763278145214,0.29989292945507473,ILI,raw,808,856,raw:808:5,high,mid
6,0.967756183017637,0.22397250708352434,0.4270707103567514,0.25,0.8598304289008609,1.6806499957031185,0.1134416657614503,0.5395998001526376,0.4077573648874371,ILI,raw,808,856,raw:808:6,high,high
0,0.93278653251259,0.016923934712253983,0.07700820490993164,0.0,0.4840349713661904,2.0111430783245785,0.16852384610655669,0.34223955737825856,0.217519605824249,ILI,raw,812,860,raw:812:0,low,low
1,0.9395622903695401,0.027190028522081734,0.18594593153144232,0.125,0.5589858171383452,2.0111430783245785,0.16852384610655669,0.3842327501410214,0.2841698877483006,ILI,raw,812,860,raw:812:1,mid,mid
2,0.9534221211134879,0.1360010989308967,0.41556271651680704,0.125,0.7618090299846452,2.0111430783245785,0.16852384610655669,0.5016619788537305,0.3517776253637339,ILI,raw,812,860,raw:812:2,high,high
3,0.9378172623672482,0.04202759701532117,0.37490316198191653,0.125,0.7132825483985132,2.0111430783245785,0.16852384610655669,0.451582673788162,0.33560213150169,ILI,raw,812,860,raw:812:3,high,high
4,0.9576002437560834,0.026895714101170712,0.5561531295518879,0.125,0.5581300628373875,2.0111430783245785,0.16852384610655669,0.5135496958030473,0.28388463631464805,ILI,raw,812,860,raw:812:4,high,mid
5,0.9999960969027587,0.007258210733140539,0.9542946011598527,0.375,0.8323827861160726,2.0111430783245785,0.16852384610655669,0.6538496362652507,0.4586355440742098,ILI,raw,812,860,raw:812:5,high,high
6,0.9827114193277927,0.11930310022380378,0.9536105600100007,0.5,0.8936922932900324,2.0111430783245785,0.16852384610655669,0.6852083598538657,0.5207387131321964,ILI,raw,812,860,raw:812:6,high,high
0,0.9326926197543189,0.049929766613791636,0.14304222727621116,0.25,0.9038009928362218,1.5259143457064122,0.08765239080498137,0.3752215378814406,0.41381779454706774,ILI,raw,816,864,raw:816:0,mid,high
1,0.9343926830799122,0.038510298086156886,0.12686495178566332,0.25,0.8965937142353486,1.5259143457064122,0.08765239080498137,0.36658931098391084,0.41141536834677667,ILI,raw,816,864,raw:816:1,mid,high
2,0.9544013455850683,0.12192675166912842,0.06595925342343374,0.125,0.8857366892002635,1.5259143457064122,0.08765239080498137,0.3807624502258768,0.36612969333508166,ILI,raw,816,864,raw:816:2,mid,high
3,0.9434940934831307,0.0683004871607037,0.04128784715587723,0.25,0.8057125482570542,1.5259143457064122,0.08765239080498137,0.35102747593323724,0.38112164635401186,ILI,raw,816,864,raw:816:3,mid,high
4,0.9593809338653863,0.06839013114067263,0.08733976697225806,0.25,0.8745842835160842,1.5259143457064122,0.08765239080498137,0.37170361065943897,0.4040788914403552,ILI,raw,816,864,raw:816:4,mid,high
5,0.9999854597432264,0.01899338525415336,0.0012897273672769574,0.125,0.8815337738005589,1.5259143457064122,0.08765239080498137,0.34008952412155224,0.36472872153518004,ILI,raw,816,864,raw:816:5,low,high
6,0.9623452645624266,0.30642291295027946,0.07693923627783827,0.625,0.959037346755179,1.5259143457064122,0.08765239080498137,0.44856913793018144,0.5572299125200535,ILI,raw,816,864,raw:816:6,high,high
0,0.8662267596196394,0.045318658857260934,0.18565394748053557,0.0,0.7483598559259635,1.57408939369707,0.09568156545670904,0.365733121985812,0.2813471404608909,ILI,raw,820,868,raw:820:0,mid,mid
1,0.8787775320835062,0.057587946370419904,0.0974604945534393,0.0,0.7502287243626423,1.57408939369707,0.09568156545670904,0.3446086576691218,0.28197009660645045,ILI,raw,820,868,raw:820:1,low,mid
2,0.8910928699915823,0.059626530222949115,0.03920864159503596,0.0,0.6275795933101395,1.57408939369707,0.09568156545670904,0.3299760139365225,0.24108705292228283,ILI,raw,820,868,raw:820:2,low,mid
3,0.8546060899120287,0.05298076779153514,0.19441062853967891,0.125,0.7867225867261002,1.57408939369707,0.09568156545670904,0.3673324954144142,0.3358013840609364,ILI,raw,820,868,raw:820:3,mid,high
4,0.9077861496031148,0.04809013346019907,0.08157913063738373,0.125,0.7517017762656647,1.57408939369707,0.09568156545670904,0.34581847123356585,0.32412778057412456,ILI,raw,820,868,raw:820:4,low,high
5,0.9994059270843457,0.046754958146463355,0.0017801143923313364,0.125,0.6813308141099365,1.57408939369707,0.09568156545670904,0.3493136665410468,0.30067079318888185,ILI,raw,820,868,raw:820:5,mid,mid
6,0.9557693893324967,0.10472956919915935,0.056075433472617474,0.25,0.7973812033291611,1.57408939369707,0.09568156545670904,0.3721914640014245,0.38102092292862344,ILI,raw,820,868,raw:820:6,mid,high
0,0.7587845293320004,0.2203512035933786,0.9811160128843103,0.0,0.4671504513202121,1.557339409459808,0.09288990142181817,0.6534172486032297,0.18668011758067674,ILI,raw,824,872,raw:824:0,high,low
1,0.7679940589609152,0.21543752154005552,0.9823444495577847,0.0,0.4809121437849885,1.557339409459808,0.09288990142181817,0.6552586766862518,0.1912673484022689,ILI,raw,824,872,raw:824:1,high,low
2,0.4059508983533965,0.059113646815122774,0.8705066686975611,0.0,0.3094220467287701,1.557339409459808,0.09288990142181817,0.44519040462202675,0.13410398271686277,ILI,raw,824,872,raw:824:2,high,low
3,0.6680972688239306,0.15252337816865363,0.4046599463062436,0.0,0.6250874003600473,1.557339409459808,0.09288990142181817,0.4084268644329427,0.23932576726062182,ILI,raw,824,872,raw:824:3,mid,mid
4,0.6731616821521984,0.13104691041651859,0.37979785144858186,0.0,0.4926822960413035,1.557339409459808,0.09288990142181817,0.3946688146724329,0.1951907324877072,ILI,raw,824,872,raw:824:4,mid,low
5,0.563487820934861,0.07317782878031819,0.4590546434866191,0.0,0.5560173371625626,1.557339409459808,0.09288990142181817,0.3652400977339328,0.21630241286146026,ILI,raw,824,872,raw:824:5,mid,low
6,0.8609920756707924,0.032908487162241526,0.2421713697811573,0.0,0.73224935260422,1.557339409459808,0.09288990142181817,0.3786906442047304,0.2750464180086794,ILI,raw,824,872,raw:824:6,mid,mid
0,0.2801485880551432,0.03465445807461664,0.060352966734541186,0.0,0.3087905915547852,1.5333981252173805,0.08889968738806393,0.12505200428810034,0.13256342631428306,ILI,raw,828,876,raw:828:0,low,low
1,0.2237326387410884,0.036662681783372904,0.08995592804595769,0.0,0.3398012008345913,1.5333981252173805,0.08889968738806393,0.116783749523473,0.14290029607421842,ILI,raw,828,876,raw:828:1,low,low
2,0.15026952252272507,0.03958680956878663,0.22449899210218152,0.0,0.19340072965621305,1.5333981252173805,0.08889968738806393,0.13811844139789775,0.094100139014759,ILI,raw,828,876,raw:828:2,low,low
3,0.27581734171971173,0.09576194381474246,0.27326514958387116,0.0,0.5019907427327287,1.5333981252173805,0.08889968738806393,0.2149481450394418,0.1969634767069309,ILI,raw,828,876,raw:828:3,low,low
4,0.09806350159681165,0.03368056387252777,0.1098759982489436,0.0,0.34090177858147414,1.5333981252173805,0.08889968738806393,0.08054002123942768,0.14326715532317935,ILI,raw,828,876,raw:828:4,low,low
5,0.7910384902432614,0.053465662561705485,0.32455684030487325,0.0,0.5923204178013198,1.5333981252173805,0.08889968738806393,0.38968699770328,0.22707336839646128,ILI,raw,828,876,raw:828:5,mid,mid
6,0.1634385274380984,0.08887404292701395,0.45579700051252425,0.0,0.7620589935631878,1.5333981252173805,0.08889968738806393,0.23603652362587887,0.2836528936504173,ILI,raw,828,876,raw:828:6,low,mid
0,0.5007733416681088,0.025857996785671643,0.8675947786407027,0.0,0.3408048791881705,1.6683663338168082,0.11139438878381072,0.4647420390314944,0.15073308932399374,ILI,raw,832,880,raw:832:0,high,low
1,0.5680847588510418,0.027300393600551216,0.9229238787168624,0.0,0.38317530125399973,1.6683663338168082,0.11139438878381072,0.5061030103894851,0.16485656334593682,ILI,raw,832,880,raw:832:1,high,low
2,0.5673519537746993,0.039848193090241485,0.9030825247001624,0.0,0.3611040051663156,1.6683663338168082,0.11139438878381072,0.5034275571883677,0.15749946465004208,ILI,raw,832,880,raw:832:2,high,low
3,0.3733734406920498,0.024497743177068557,0.894023132429024,0.0,0.5174835052592186,1.6683663338168082,0.11139438878381072,0.4306314387660475,0.20962596468100977,ILI,raw,832,880,raw:832:3,mid,low
4,0.5498902665245637,0.020532892684408235,0.9104211647609355,0.0,0.392812345137058,1.6683663338168082,0.11139438878381072,0.4936147746566359,0.16806891130695623,ILI,raw,832,880,raw:832:4,high,low
5,0.971560868733413,0.3070612575803191,0.29063251546800545,0.0,0.7813746401855958,1.6683663338168082,0.11139438878381072,0.5230848805939124,0.2975896763231355,ILI,raw,832,880,raw:832:5,high,mid
6,0.7459112623782624,0.4663327865002517,0.7442377373381286,0.375,0.8667377165475731,1.6683663338168082,0.11139438878381072,0.6521605954055476,0.45104403511046126,ILI,raw,832,880,raw:832:6,high,high
0,0.8721226815679494,0.0339553111330652,0.45594853705753036,0.125,0.5541850995663091,1.6669179425298553,0.11115299023638756,0.45400884325284824,0.2634460299342322,ILI,raw,836,884,raw:836:0,high,mid
1,0.8880678538076113,0.02699117219201709,0.3637812805625664,0.125,0.5948264084772856,1.6669179425298553,0.11115299023638756,0.4262801021873983,0.27699313290455774,ILI,raw,836,884,raw:836:1,mid,mid
2,0.8494169823831689,0.04235161947912201,0.38881270489257636,0.125,0.6845479508396936,1.6669179425298553,0.11115299023638756,0.42686043558495573,0.306900313692027,ILI,raw,836,884,raw:836:2,mid,mid
3,0.8571374560908371,0.035379892708091984,0.06652435413726947,0.0,0.6431243609199544,1.6669179425298553,0.11115299023638756,0.3196805676453995,0.25142578371878066,ILI,raw,836,884,raw:836:3,low,mid
4,0.8973188628062816,0.02320660317220815,0.422032843049914,0.125,0.5809427052515509,1.6669179425298553,0.11115299023638756,0.4475194363428012,0.2723652318293128,ILI,raw,836,884,raw:836:4,high,mid
5,0.9983337286003973,0.0894448749568813,0.4450275386522126,0.0,0.6854633857297776,1.6669179425298553,0.11115299023638756,0.510935380736497,0.2655387919887217,ILI,raw,836,884,raw:836:5,high,mid
6,0.8244930742976376,0.1294819044402574,0.26814466125781544,0.375,0.8490486726900296,1.6669179425298553,0.11115299023638756,0.40737321333190346,0.4450672209754724,ILI,raw,836,884,raw:836:6,mid,high
0,0.9031299254911482,0.07474745552718226,0.02399809181952451,0.0,0.7905878776574459,1.8366988454733344,0.13944980734647272,0.3339584909459517,0.31001256166797286,ILI,raw,840,888,raw:840:0,low,mid
1,0.9050244849635709,0.07507706581169277,0.032347932372247035,0.25,0.8087602068736298,1.8366988454733344,0.13944980734647272,0.33748316104917025,0.3994033380733675,ILI,raw,840,888,raw:840:1,low,high
2,0.8759711579165625,0.03569480392101456,0.11942218984895457,0.125,0.9096920831144247,1.8366988454733344,0.13944980734647272,0.34369605056217717,0.3913806301536325,ILI,raw,840,888,raw:840:2,low,high
3,0.8761306081979728,0.08040790612560156,0.01293663060159003,0.25,0.7710058782156319,1.8366988454733344,0.13944980734647272,0.32315838164172145,0.3868185618540349,ILI,raw,840,888,raw:840:3,low,high
4,0.9036609463564274,0.09078326794881547,0.02908905247982514,0.25,0.7936233202132666,1.8366988454733344,0.13944980734647272,0.3411777555950226,0.3943577091865798,ILI,raw,840,888,raw:840:4,low,high
5,0.9975335825809473,0.15379157308600955,0.34845450030205016,0.375,0.9354597135659881,1.8366988454733344,0.13944980734647272,0.49992655198966895,0.4833031736374869,ILI,raw,840,888,raw:840:5,high,high
6,0.7523950584934893,0.10117154010621845,0.29562421327411137,0.5,0.956149553886851,1.8366988454733344,0.13944980734647272,0.38306360395793976,0.5318664537444412,ILI,raw,840,888,raw:840:6,mid,high
0,0.9031383106380017,0.05452337740229384,0.050195752584794716,0.125,0.8415570166576544,1.6480677562787789,0.108011292533111,0.3359524802083634,0.3581894363969218,ILI,raw,844,892,raw:844:0,low,high
1,0.8990559397827125,0.032247948800852085,0.054976485837125756,0.125,0.8407066754952222,1.6480677562787789,0.108011292533111,0.3287601248068968,0.3579059893427777,ILI,raw,844,892,raw:844:1,low,high
2,0.8607242916494051,0.038894914002073795,0.09942564990126833,0.125,0.7359739134796537,1.6480677562787789,0.108011292533111,0.33301495185091573,0.3229950686709216,ILI,raw,844,892,raw:844:2,low,high
3,0.8710040022866831,0.037569936644367884,0.0801690357430143,0.125,0.782172130818303,1.6480677562787789,0.108011292533111,0.32958099155802173,0.33839447445047127,ILI,raw,844,892,raw:844:3,low,high
4,0.9025345629921029,0.056815576092008324,0.06277837677588964,0.125,0.8064997050659882,1.6480677562787789,0.108011292533111,0.34070950528666694,0.34650366586636644,ILI,raw,844,892,raw:844:4,low,high
5,0.9936932537005374,0.09002309843748338,0.20111722581412145,0.0,0.7868309799174122,1.6480677562787789,0.108011292533111,0.42827785931738077,0.29828075748350774,ILI,raw,844,892,raw:844:5,mid,mid
6,0.7625140657275091,0.18285243039459428,0.2556578134240337,0.0,0.8000625837862169,1.6480677562787789,0.108011292533111,0.400341436515379,0.30269129210644263,ILI,raw,844,892,raw:844:6,mid,mid
0,0.8486360803560247,0.12866144914530825,0.031047566544634878,0.0,0.47808303034125027,1.4171772869237256,0.06952954770473835,0.33611503201532256,0.18253752601532955,ILI,raw,848,896,raw:848:0,low,low
1,0.8476030048406251,0.10947826243504195,0.028331978604126947,0.0,0.48757988834072974,1.4171772869237256,0.06952954770473835,0.32847108195993135,0.18570314534848933,ILI,raw,848,896,raw:848:1,low,low
2,0.7396296995285392,0.08606130592045345,0.08072525474805844,0.0,0.3959055317422486,1.4171772869237256,0.06952954770473835,0.302138753399017,0.15514502648232897,ILI,raw,848,896,raw:848:2,low,low
3,0.7371714613443204,0.0655797278963171,0.09214172844824356,0.0,0.6250147979148188,1.4171772869237256,0.06952954770473835,0.298297639229627,0.23151478187318575,ILI,raw,848,896,raw:848:3,low,mid
4,0.8316435610525237,0.08645841482729164,0.047758698753783115,0.0,0.46297694946386275,1.4171772869237256,0.06952954770473835,0.3219535582111995,0.17750216572286703,ILI,raw,848,896,raw:848:4,low,low
5,0.9416232803409188,0.03905220674383836,0.05724088718952346,0.0,0.5052940907221317,1.4171772869237256,0.06952954770473835,0.3459721247580935,0.19160787947562338,ILI,raw,848,896,raw:848:5,low,low
6,0.6534560300075407,0.03360968666654321,0.10936404431643779,0.0,0.5830796235102705,1.4171772869237256,0.06952954770473835,0.26547658699684057,0.21753639040500294,ILI,raw,848,896,raw:848:6,low,low
0,0.22635194032834427,0.09249955104877086,0.08642037810416364,0.0,0.4112436078254336,1.2678935105033537,0.04464891834281076,0.13509062316042625,0.15196417538941479,ILI,raw,852,900,raw:852:0,low,low
1,0.23043205004488576,0.09420158352815243,0.11774428289862937,0.0,0.4219861160961612,1.2678935105033537,0.04464891834281076,0.14745930549055586,0.15554501147965732,ILI,raw,852,900,raw:852:1,low,low
2,0.3083674780409138,0.04350631473902092,0.13166778159943973,0.0,0.31639143681640924,1.2678935105033537,0.04464891834281076,0.1611805247931248,0.12034678505307334,ILI,raw,852,900,raw:852:2,low,low
3,0.13482020750907542,0.06613766218449116,0.19775052103005322,0.0,0.3869114744842934,1.2678935105033537,0.04464891834281076,0.13290279690787327,0.1438534642757014,ILI,raw,852,900,raw:852:3,low,low
4,0.11987688470737357,0.07325839279644557,0.17092562062797578,0.0,0.37181508676259295,1.2678935105033537,0.04464891834281076,0.1213536327105983,0.13882133503513458,ILI,raw,852,900,raw:852:4,low,low
5,0.7536423293789338,0.06433577061998817,0.22763128531170407,0.0,0.39744912085666695,1.2678935105033537,0.04464891834281076,0.3485364617702087,0.14736601306649258,ILI,raw,852,900,raw:852:5,mid,low
6,0.5883590144784527,0.07018973826716475,0.060329254053989236,0.0,0.48608534310234414,1.2678935105033537,0.04464891834281076,0.2396260022665356,0.1769114204817183,ILI,raw,852,900,raw:852:6,low,low
0,0.5704932902131541,0.04362710016887077,0.05378746805187316,0.0,0.3588785452651791,1.295846603434036,0.049307767156826374,0.22263595281129933,0.1360621041406685,ILI,raw,856,904,raw:856:0,low,low
1,0.5846949101747196,0.040626762365267965,0.4625587465833691,0.0,0.3775447426372038,1.295846603434036,0.049307767156826374,0.3626268063744522,0.14228416993134338,ILI,raw,856,904,raw:856:1,mid,low
2,0.7398837173285272,0.04407394730737255,0.7896765770959999,0.0,0.2751632604651232,1.295846603434036,0.049307767156826374,0.5245447472439665,0.10815700920731652,ILI,raw,856,904,raw:856:2,high,low
3,0.7098314735058471,0.05431684459033616,0.6683916051322606,0.0,0.3925351978652215,1.295846603434036,0.049307767156826374,0.4775133077428146,0.14728098834068262,ILI,raw,856,904,raw:856:3,high,low
4,0.7118903248952355,0.031394024996235226,0.4973278207984023,0.0,0.32479898915354055,1.295846603434036,0.049307767156826374,0.41353739022995767,0.12470225210345565,ILI,raw,856,904,raw:856:4,mid,low
5,0.973956370639416,0.042968421383403066,0.5612570925211426,0.0,0.5325514479933802,1.295846603434036,0.049307767156826374,0.5260606281813206,0.1939530717167355,ILI,raw,856,904,raw:856:5,high,low
6,0.844968258369867,0.10411106982359386,0.6174156468293087,0.0,0.6187468431824442,1.295846603434036,0.049307767156826374,0.5221649916742566,0.2226848701130902,ILI,raw,856,904,raw:856:6,high,mid
0,0.8966516211470973,0.06337356012467396,0.07925828497246712,0.0,0.34763591437645974,1.4155549540547443,0.06925915889369212,0.3464278220814128,0.13896502442338396,ILI,raw,860,908,raw:860:0,low,low
1,0.9084651311411287,0.06606721013486225,0.12274788511714821,0.0,0.3693099709297647,1.4155549540547443,0.06925915889369212,0.3657600754643797,0.14618970994115227,ILI,raw,860,908,raw:860:1,mid,low
2,0.928055456725114,0.07978403093625994,0.08777554676442163,0.0,0.4649091330692213,1.4155549540547443,0.06925915889369212,0.3652050114752652,0.17805609732097116,ILI,raw,860,908,raw:860:2,mid,low
3,0.9265376845417606,0.043203753780466765,0.3676551065710527,0.0,0.44545952291783136,1.4155549540547443,0.06925915889369212,0.44579884829776,0.17157289393717448,ILI,raw,860,908,raw:860:3,high,low
4,0.9277632147448059,0.059015340702369065,0.29263396484723436,0.0,0.33216279437806767,1.4155549540547443,0.06925915889369212,0.42647084009813646,0.13380731775725327,ILI,raw,860,908,raw:860:4,mid,low
5,0.9997905393156725,0.06219527584629676,0.47562336064064664,0.0,0.7579425299760497,1.4155549540547443,0.06925915889369212,0.5125363919342053,0.27573389628991396,ILI,raw,860,908,raw:860:5,high,mid
6,0.9729385257023238,0.3070145873964867,0.46508494843358267,0.0,0.8144720358578195,1.4155549540547443,0.06925915889369212,0.581679353844131,0.29457706491717056,ILI,raw,860,908,raw:860:6,high,mid
0,0.9567861972752146,0.09636493788499473,0.14479023102134114,0.125,0.6247309038685402,2.1579338741642125,0.19298897870572046,0.39931378872718354,0.31423996085808686,ILI,raw,864,912,raw:864:0,mid,mid
1,0.9550238879303872,0.11098680249655196,0.2774115719860352,0.125,0.6067016502640422,2.1579338741642125,0.19298897870572046,0.4478074208043248,0.3082302096565876,ILI,raw,864,912,raw:864:1,high,mid
2,0.9423028793196309,0.05836675132030892,0.020727792199681,0.25,0.9044076771355825,2.1579338741642125,0.19298897870572046,0.34046580761320694,0.4491322186137676,ILI,raw,864,912,raw:864:2,low,high
3,0.9553804656569923,0.03194419494792623,0.04085416288745225,0.125,0.851454424263764,2.1579338741642125,0.19298897870572046,0.3427262744974569,0.3898144676564948,ILI,raw,864,912,raw:864:3,low,high
4,0.9681916360988475,0.10620553118155286,0.07056448667349888,0.125,0.672568981526447,2.1579338741642125,0.19298897870572046,0.3816538846512998,0.3301859867440558,ILI,raw,864,912,raw:864:4,mid,high
5,0.9998918353599249,0.016150111644540936,0.024518855708148005,0.25,0.8696464045168093,2.1579338741642125,0.19298897870572046,0.34685360090420453,0.43754512774084325,ILI,raw,864,912,raw:864:5,low,high
6,0.9804661418251188,0.4005142688475921,0.2789768129132941,0.625,0.9818770270777909,2.1579338741642125,0.19298897870572046,0.5533190745286684,0.5999553352611705,ILI,raw,864,912,raw:864:6,high,high
0,0.9595357226965855,0.08629887891347711,0.2471496123246545,0.25,0.9212381900452086,1.9941592970630178,0.16569321590101427,0.43099473797823906,0.4456438019820743,ILI,raw,868,916,raw:868:0,mid,high
1,0.9580552079838434,0.1069397009749942,0.26585395939004075,0.25,0.9160888392926707,1.9941592970630178,0.16569321590101427,0.44361628944962606,0.4439273517312283,ILI,raw,868,916,raw:868:1,high,high
2,0.936008928461904,0.055932122941054124,0.1823010378253278,0.125,0.830730312928856,1.9941592970630178,0.16569321590101427,0.39141402974276196,0.37380784294329006,ILI,raw,868,916,raw:868:2,mid,high
3,0.9524632486100838,0.052754604803561866,0.2357580144611887,0.125,0.875721794018804,1.9941592970630178,0.16569321590101427,0.41365862262494474,0.3888050033066061,ILI,raw,868,916,raw:868:3,mid,high
4,0.9675776321871362,0.06121255497398417,0.22648728584998892,0.125,0.9055389498385226,1.9941592970630178,0.16569321590101427,0.41842582433703646,0.39874405524651224,ILI,raw,868,916,raw:868:4,mid,high
5,0.9992507125232736,0.019976930434036106,0.0007066705103035552,0.125,0.7627409590756599,1.9941592970630178,0.16569321590101427,0.33997810448920446,0.35114472499222477,ILI,raw,868,916,raw:868:5,low,high
6,0.9515656621494231,0.05286755455020384,0.10083882813128119,0.125,0.7382418014692999,1.9941592970630178,0.16569321590101427,0.36842401494363597,0.34297833912343806,ILI,raw,868,916,raw:868:6,mid,high
0,0.9313856200227181,0.014320232427035767,0.12077718538843993,0.125,0.7466815688689806,1.7222415696369233,0.12037359473886457,0.3554943459460646,0.3306850545359484,ILI,raw,872,920,raw:872:0,mid,high
1,0.9316985877624847,0.025915746067635338,0.14901612649216814,0.125,0.8107660786798531,1.7222415696369233,0.12037359473886457,0.36887682010742945,0.3520465578062392,ILI,raw,872,920,raw:872:1,mid,high
2,0.8906412429748554,0.02266994932593063,0.10165686607971053,0.0,0.5179622025488158,1.7222415696369233,0.12037359473886457,0.3383226861268322,0.21277859909589344,ILI,raw,872,920,raw:872:2,low,low
3,0.9087592020587969,0.04995362258493119,0.31421833826913387,0.0,0.6807604437981982,1.7222415696369233,0.12037359473886457,0.42431038763762063,0.2670446795123543,ILI,raw,872,920,raw:872:3,mid,mid
4,0.9394469162275555,0.006491936568481219,0.1509408959460751,0.0,0.6853424928465596,1.7222415696369233,0.12037359473886457,0.36562658291403727,0.2685720291951414,ILI,raw,872,920,raw:872:4,mid,mid
5,0.9671599123402915,0.021849498460833398,0.006688521189556019,0.125,0.4450438374028878,1.7222415696369233,0.12037359473886457,0.3318993106635603,0.23013914404725078,ILI,raw,872,920,raw:872:5,low,mid
6,0.7198334493872471,0.015143412017887756,0.37726804162459865,0.125,0.5182668878417612,1.7222415696369233,0.12037359473886457,0.37074830100991113,0.25454682752687524,ILI,raw,872,920,raw:872:6,mid,mid
0,0.8127411777318156,0.1230572637191732,0.9971276133544806,0.0,0.44430882545833095,1.8958233766192354,0.14930389585436607,0.6443086849351565,0.19787090710423236,ILI,raw,876,924,raw:876:0,high,low
1,0.8337097962634201,0.10630610794630511,0.9982040838476981,0.0,0.5171159744944381,1.8958233766192354,0.14930389585436607,0.6460733293524744,0.22213995678293474,ILI,raw,876,924,raw:876:1,high,mid
2,0.504164452234785,0.0864955019403939,0.9815374779374223,0.0,0.30490136641532517,1.8958233766192354,0.14930389585436607,0.5240658107042004,0.1514017540898971,ILI,raw,876,924,raw:876:2,high,low
3,0.6456104122576032,0.15759949842269041,0.7829299412298444,0.0,0.48871998907480335,1.8958233766192354,0.14930389585436607,0.528713283970046,0.21267462830972314,ILI,raw,876,924,raw:876:3,high,low
4,0.7956650801277365,0.13392460075237392,0.9925002702693829,0.0,0.40926038950368676,1.8958233766192354,0.14930389585436607,0.6406966503831645,0.18618809511935094,ILI,raw,876,924,raw:876:4,high,low
5,0.23552039431032523,0.047112808265606806,0.513594637266874,0.125,0.5511508586945537,1.8958233766192354,0.14930389585436607,0.26540927994760205,0.2751515848496399,ILI,raw,876,924,raw:876:5,low,mid
6,0.6236003899074094,0.04541547575082076,0.5458416868952428,0.125,0.5909633278782134,1.8958233766192354,0.14930389585436607,0.40495251751782435,0.2884224079108598,ILI,raw,876,924,raw:876:6,mid,mid
0,0.09171347412802888,0.08161831891246414,0.15174358043572117,0.0,0.3167177481431434,2.0357047717034,0.17261746166287087,0.10835845782540472,0.16311173660200476,ILI,raw,880,928,raw:880:0,low,low
1,0.2954234973311499,0.11258163013045407,0.04997743579307475,0.0,0.3607893186208405,2.0357047717034,0.17261746166287087,0.15266085441822624,0.17780226009457045,ILI,raw,880,928,raw:880:1,low,low
2,0.9510783946556552,0.040684528939992304,0.3003891783622715,0.0,0.3838558406981387,2.0357047717034,0.17261746166287087,0.4307173673193064,0.18549110078700318,ILI,raw,880,928,raw:880:2,mid,low
3,0.8452062070870368,0.029689938043102125,0.4571358871101004,0.0,0.4897461888820429,2.0357047717034,0.17261746166287087,0.4440106774134131,0.22078788351497125,ILI,raw,880,928,raw:880:3,high,mid
4,0.5916358690780288,0.05633104883224468,0.16669779756569358,0.0,0.3601365720450377,2.0357047717034,0.17261746166287087,0.2715549051586557,0.17758467790263618,ILI,raw,880,928,raw:880:4,low,low
5,0.6736888581545923,0.05251982535403738,0.36348691252694243,0.125,0.7035621916190222,2.0357047717034,0.17261746166287087,0.36323186534519075,0.3337265510939644,ILI,raw,880,928,raw:880:5,mid,high
6,0.8852880113119643,0.16827624378359538,0.45148751864222036,0.125,0.7965090643160803,2.0357047717034,0.17261746166287087,0.50168392457926,0.36470884199298376,ILI,raw,880,928,raw:880:6,high,high
0,0.8802576744754327,0.04434567178715883,0.6936771183810797,0.0,0.4451607156787863,2.277460976680766,0.2129101624252774,0.5394268215478905,0.21935695936802124,ILI,raw,884,932,raw:884:0,high,low
1,0.8486006042025702,0.054908707090940215,0.5295631381865229,0.0,0.45169297611220177,2.277460976680766,0.2129101624252774,0.47769081649334444,0.22153437951249308,ILI,raw,884,932,raw:884:1,high,mid
2,0.976290097475815,0.0642473659436282,0.6461668791744555,0.0,0.5993611754619753,2.277460976680766,0.2129101624252774,0.5622347808646329,0.27075711262908425,ILI,raw,884,932,raw:884:2,high,mid
3,0.940765026187461,0.0302237344426472,0.91902198099335,0.0,0.5988574354832538,2.277460976680766,0.2129101624252774,0.6300035805411527,0.2705891993028437,ILI,raw,884,932,raw:884:3,high,mid
4,0.9074353391898365,0.029904045697897577,0.8335853147713953,0.0,0.4904929372712376,2.277460976680766,0.2129101624252774,0.5903082332197098,0.23446769989883834,ILI,raw,884,932,raw:884:4,high,mid
5,0.866623189896621,0.11434722352546187,0.44112011278095187,0.5,0.9261315800703072,2.277460976680766,0.2129101624252774,0.4740301754010116,0.5463472474985281,ILI,raw,884,932,raw:884:5,high,high
6,0.9294294645325893,0.353309951943279,0.4804345726658205,0.125,0.8066500042055657,2.277460976680766,0.2129101624252774,0.5877246630472296,0.3815200555436144,ILI,raw,884,932,raw:884:6,high,high
0,0.972243383018143,0.0649482417748573,0.6989174699841771,0.0,0.6450064590399269,2.3027280458859885,0.2171213406191292,0.5787030315923924,0.2873759332196854,ILI,raw,888,936,raw:888:0,high,mid
1,0.9604580989689562,0.08173155700274526,0.7788678488826529,0.0,0.654250347153833,2.3027280458859885,0.2171213406191292,0.6070191682847849,0.2904572292576541,ILI,raw,888,936,raw:888:1,high,mid
2,0.988428547847577,0.030571556504890966,0.2899927799757086,0.375,0.738851716278713,2.3027280458859885,0.2171213406191292,0.4363309614427256,0.44365768563261415,ILI,raw,888,936,raw:888:2,mid,high
3,0.980183117345448,0.058548371067512345,0.23414550351992594,0.25,0.6808080562460503,2.3027280458859885,0.2171213406191292,0.42429233064429545,0.3826431322883932,ILI,raw,888,936,raw:888:3,mid,high
4,0.977791141549698,0.0491864711920907,0.46573091641316755,0.125,0.6141699590956947,2.3027280458859885,0.2171213406191292,0.49756950971831876,0.31876376657160793,ILI,raw,888,936,raw:888:4,high,mid
5,0.8405426046566816,0.2463388102126536,0.37536267380998845,0.0,0.8216270111079983,2.3027280458859885,0.2171213406191292,0.48741469622644124,0.34624945057570916,ILI,raw,888,936,raw:888:5,high,high
6,0.9181187006940296,0.22262747431097807,0.3921811464045538,0.125,0.6683705500299458,2.3027280458859885,0.2171213406191292,0.5109757738031871,0.33683063021635834,ILI,raw,888,936,raw:888:6,high,high
0,0.988411875753178,0.011798917461348979,0.11430231445813871,0.25,0.7991983010533569,2.0394333682841745,0.1732388944252976,0.3715043692242219,0.4074790651595515,ILI,raw,892,940,raw:892:0,mid,high
1,0.9848118001264756,0.014133884564995727,0.21973035952527484,0.125,0.8151467703187709,2.0394333682841745,0.1732388944252976,0.4062253480722487,0.3711285549146895,ILI,raw,892,940,raw:892:1,mid,high
2,0.9852412571077735,0.08005927612522586,0.0003568691288470509,0.25,0.8369650576824949,2.0394333682841745,0.1732388944252976,0.3552191341206155,0.4200679840359309,ILI,raw,892,940,raw:892:2,mid,high
3,0.9817086464288577,0.10454225439994355,0.002437304213788188,0.125,0.801670538486067,2.0394333682841745,0.1732388944252976,0.3628960683475298,0.36663647763712154,ILI,raw,892,940,raw:892:3,mid,high
4,0.9844594353015576,0.07053359663818817,0.009882756187772465,0.125,0.7551122493352957,2.0394333682841745,0.1732388944252976,0.3549585960425061,0.35111704792019777,ILI,raw,892,940,raw:892:4,mid,high
5,0.47514636574957203,0.24061659582293857,0.1468251869433457,0.125,0.8672791464504925,2.0394333682841745,0.1732388944252976,0.2875293828386188,0.3885060136252634,ILI,raw,892,940,raw:892:5,low,high
6,0.6090791019503319,0.036707809945091666,0.032417166301282746,0.0,0.6861132770707333,2.0394333682841745,0.1732388944252976,0.22606802606556878,0.2864507238320103,ILI,raw,892,940,raw:892:6,low,mid
0,0.9883065773484366,0.12504918497875853,0.004615341975166662,0.125,0.8779495456100731,1.9901124969473982,0.1650187492162018,0.372657034767454,0.38932276494209167,ILI,raw,896,944,raw:896:0,mid,high
1,0.9889519089068889,0.10227516542445088,0.0086701031393857,0.25,0.8940252339110891,1.9901124969473982,0.1650187492162018,0.36663239249024177,0.4363479943757637,ILI,raw,896,944,raw:896:1,mid,high
2,0.9810740590768038,0.08713616437206032,0.000488525487394232,0.0,0.6302987134911472,1.9901124969473982,0.1650187492162018,0.35623291631208615,0.26510582090244966,ILI,raw,896,944,raw:896:2,mid,mid
3,0.9857708848919478,0.1359283849741949,0.000988126038453299,0.125,0.8240016829526984,1.9901124969473982,0.1650187492162018,0.3742291319681987,0.37134014405630006,ILI,raw,896,944,raw:896:3,mid,high
4,0.9813081958771328,0.2329928787979822,0.002678116628895906,0.125,0.8444549989610154,1.9901124969473982,0.1650187492162018,0.4056597304346703,0.3781579160590724,ILI,raw,896,944,raw:896:4,mid,high
5,0.6448196462668955,0.13096300145591303,0.9945652935418763,0.25,0.7389172106745533,1.9901124969473982,0.1650187492162018,0.5901159804215615,0.38464531996358503,ILI,raw,896,944,raw:896:5,high,high
6,0.6198526746661271,0.27486841468106643,0.3300254191780979,0.0,0.6044704662721578,1.9901124969473982,0.1650187492162018,0.4082488361750971,0.25649640516278654,ILI,raw,896,944,raw:896:6,mid,mid
0,0.9801137325170196,0.09464325570276451,0.0022328842958705196,0.0,0.537553709865662,1.6105236018309363,0.10175393346889951,0.3589966241718849,0.21310254777818716,ILI,raw,900,948,raw:900:0,mid,low
1,0.9750904928622346,0.04928505288077775,0.003934540067645826,0.25,0.6332957602036122,1.6105236018309363,0.10175393346889951,0.3427700286035527,0.32834989789083724,ILI,raw,900,948,raw:900:1,low,high
2,0.9689380602064543,0.09805582129517751,0.00016298303182485783,0.0,0.4441739443785143,1.6105236018309363,0.10175393346889951,0.3557189548444855,0.18197595928247126,ILI,raw,900,948,raw:900:2,mid,low
3,0.9686728606777286,0.06220711443220085,0.006326904332741734,0.0,0.6464490502337635,1.6105236018309363,0.10175393346889951,0.3457356264808904,0.24940099456755435,ILI,raw,900,948,raw:900:3,low,mid
4,0.9624132953065505,0.11835121309899863,0.008955214035590972,0.0,0.5333438790827076,1.6105236018309363,0.10175393346889951,0.36323990748038004,0.21169927085053572,ILI,raw,900,948,raw:900:4,mid,low
5,0.3451594260246488,0.10100098972217511,0.4448015557335081,0.0,0.680115515026196,1.6105236018309363,0.10175393346889951,0.29698732382677734,0.2606231494983652,ILI,raw,900,948,raw:900:5,low,mid
6,0.8887516441168484,0.1944415823122797,0.03920055949767241,0.0,0.6546785616227052,1.6105236018309363,0.10175393346889951,0.3741312619756001,0.2521441650305349,ILI,raw,900,948,raw:900:6,mid,mid
0,0.8679125135875833,0.060735987451544904,0.07581245486600767,0.0,0.4450576421631615,1.3585533400365524,0.05975888990649391,0.3348203186350453,0.16827217735655178,ILI,raw,904,952,raw:904:0,low,low
1,0.91609934013218,0.07947075199478698,0.0581388230858306,0.0,0.5140583070536936,1.3585533400365524,0.05975888990649391,0.35123630507093256,0.19127239898672918,ILI,raw,904,952,raw:904:1,mid,low
2,0.7471063863447556,0.017863212762685945,0.5952623036756155,0.0,0.5916280262587729,1.3585533400365524,0.05975888990649391,0.45341063426101896,0.21712897205508894,ILI,raw,904,952,raw:904:2,high,low
3,0.6803519609395632,0.015064598062027864,0.7410518550277265,0.0,0.6613490408276195,1.3585533400365524,0.05975888990649391,0.4788228046764392,0.24036931024470445,ILI,raw,904,952,raw:904:3,high,mid
4,0.6513481300289801,0.017890411869900442,0.5556321608738194,0.0,0.5317253244102509,1.3585533400365524,0.05975888990649391,0.40829023425756666,0.19716140477224828,ILI,raw,904,952,raw:904:4,mid,low
5,0.8449284861107167,0.03393576281919143,0.253240322809521,0.125,0.7861938962823611,1.3585533400365524,0.05975888990649391,0.3773681905798097,0.32365092872961837,ILI,raw,904,952,raw:904:5,mid,high
6,0.8339619119499385,0.15127061284706675,0.1598027300527339,0.0,0.7985905749629428,1.3585533400365524,0.05975888990649391,0.3816784182832464,0.28611648828981223,ILI,raw,904,952,raw:904:6,mid,mid
0,0.4319929218655,0.024404794463374353,0.3197278461700915,0.0,0.6394939574665525,1.4129608341281779,0.0688268055733183,0.2587085208329886,0.23610692101329026,ILI,raw,908,956,raw:908:0,low,mid
1,0.6332125818133537,0.025823185052978394,0.2597696656025795,0.0,0.6465453920256736,1.4129608341281779,0.0688268055733183,0.3062684774896372,0.238457399199664,ILI,raw,908,956,raw:908:1,low,mid
2,0.9051529808205933,0.042903307517554605,0.12685044331436487,0.0,0.8065641648572585,1.4129608341281779,0.0688268055733183,0.3583022438841709,0.2917969901435256,ILI,raw,908,956,raw:908:2,mid,mid
3,0.7348551855566374,0.06569056639696091,0.34110459744105887,0.0,0.8346196399681006,1.4129608341281779,0.0688268055733183,0.38055011646488573,0.301148815180473,ILI,raw,908,956,raw:908:3,mid,mid
4,0.44657907783117634,0.03377206120382259,0.6474779770771661,0.0,0.7333194153575854,1.4129608341281779,0.0688268055733183,0.375943038704055,0.2673820736436346,ILI,raw,908,956,raw:908:4,mid,mid
5,0.9757517043732697,0.2872500099209141,0.4250836603183627,0.375,0.8566103418559311,1.4129608341281779,0.0688268055733183,0.5626951248708488,0.4334790491430831,ILI,raw,908,956,raw:908:5,high,high
6,0.832819655547229,0.09738918009042435,0.10071367227177044,0.25,0.8033514372556917,1.4129608341281779,0.0688268055733183,0.343640835969808,0.3740594142763367,ILI,raw,908,956,raw:908:6,low,high
0,0.24179962465785088,0.3216362106525575,0.6124247794000276,0.125,0.8852145396815041,1.4150434949989368,0.06917391571786627,0.391953538236812,0.35979615179979013,ILI,raw,912,960,raw:912:0,mid,high
1,0.2780204872811226,0.22886282246591647,0.09663730507315542,0.125,0.9003411792950176,1.4150434949989368,0.06917391571786627,0.20117353827339815,0.3648383650042946,ILI,raw,912,960,raw:912:1,low,high
2,0.9436378799353324,0.19872673080442466,0.25616857828692524,0.375,0.9757889402188347,1.4150434949989368,0.06917391571786627,0.46617772967556076,0.47332095197890034,ILI,raw,912,960,raw:912:2,high,high
3,0.6749974259475635,0.20875334707957963,0.33076024811232435,0.375,0.9128022884288068,1.4150434949989368,0.06917391571786627,0.4048370070464891,0.4523254013822244,ILI,raw,912,960,raw:912:3,mid,high
4,0.4898425178716821,0.3223973989874659,0.3006276938859566,0.25,0.9014668663523515,1.4150434949989368,0.06917391571786627,0.3709558702483682,0.4068802606900726,ILI,raw,912,960,raw:912:4,mid,high
5,0.9874284936149562,0.29992285439083893,0.4526733098855425,0.25,0.8931317147141146,1.4150434949989368,0.06917391571786627,0.5800082192971125,0.4041018768106603,ILI,raw,912,960,raw:912:5,high,high
6,0.8246595402290138,0.06908827213831012,0.2631296633849495,0.0,0.6166508550532818,1.4150434949989368,0.06917391571786627,0.3856258252507578,0.228608256923716,ILI,raw,912,960,raw:912:6,mid,mid
0,0.6880493943545971,0.8657172128358862,0.3621757031047657,0.125,0.9188840995350013,2.370392696669446,0.22839878239757636,0.638647436765083,0.4240942939775259,ILI,raw,916,964,raw:916:0,high,high
1,0.5010829147349771,0.8079095025537286,0.3611142742334179,0.25,0.9149902908716708,2.370392696669446,0.22839878239757636,0.5567022305073746,0.46446302442308235,ILI,raw,916,964,raw:916:1,high,high
2,0.9398309049304314,0.14595470928212062,0.01999490037097467,0.125,0.7690121020228887,2.370392696669446,0.22839878239757636,0.36859350486117554,0.37413696147348835,ILI,raw,916,964,raw:916:2,mid,high
3,0.5399208056778739,0.15139648318851906,0.23385795815177055,0.125,0.6643234818402968,2.370392696669446,0.22839878239757636,0.30839174900605454,0.3392407547459577,ILI,raw,916,964,raw:916:3,low,high
4,0.6897623046895934,0.37331003375572047,0.2827895316698352,0.125,0.8222713593265021,2.370392696669446,0.22839878239757636,0.44862062337171643,0.3918900472413595,ILI,raw,916,964,raw:916:4,high,high
5,0.9927453644768852,0.3174153768501972,0.17985563542634667,0.125,0.85015018719502,2.370392696669446,0.22839878239757636,0.4966721255844764,0.40118298986419876,ILI,raw,916,964,raw:916:5,high,high
6,0.8019907140477597,0.09085950160504719,0.309811863606915,0.125,0.6832882952236263,2.370392696669446,0.22839878239757636,0.4008873597532406,0.34556235920706757,ILI,raw,916,964,raw:916:6,mid,high
