channel,u_change,u_spectral,u_surprise,m_peak,m_band,channel_effective_rank,m_channel,U,M,dataset,segment,window_start,window_stop,unit_id,U_bucket,M_bucket
0,0.9217625184806385,0.08709366491673037,0.06948619568618793,0.625,0.9239022512252282,3.351338728049304,0.3918897873550677,0.3594474596945189,0.6469306795267653,ETTh1,raw,0,96,raw:0:0,mid,high
1,0.8681046175802627,0.1577439812900302,0.09827473637483494,0.375,0.9695721359184057,3.351338728049304,0.3918897873550677,0.37470777841504255,0.5788206410911578,ETTh1,raw,0,96,raw:0:1,mid,high
2,0.9782420909921681,0.08307115624833697,0.03500802961133276,0.0,0.807741616955976,3.351338728049304,0.3918897873550677,0.36544042561727935,0.39987713477034786,ETTh1,raw,0,96,raw:0:2,mid,low
3,0.7905988993913945,0.2595245021410759,0.0790146043103834,0.375,0.9184346243112249,3.351338728049304,0.3918897873550677,0.3763793352809513,0.5617748038887642,ETTh1,raw,0,96,raw:0:3,mid,high
4,0.30062669113867346,0.37726241204981026,0.4742761954577358,0.875,0.991093519606767,3.351338728049304,0.3918897873550677,0.3840550995487398,0.7526611023206115,ETTh1,raw,0,96,raw:0:4,high,high
5,0.8837355982738857,0.07130920322073495,0.10294920565834476,1.0,0.9419202200350908,3.351338728049304,0.3918897873550677,0.3526646690509885,0.7779366691300528,ETTh1,raw,0,96,raw:0:5,mid,high
6,0.8225278146001704,0.22402670994752216,0.05444586997590644,0.625,0.9019191407661367,3.351338728049304,0.3918897873550677,0.36700013150786637,0.6396029760404015,ETTh1,raw,0,96,raw:0:6,mid,high
0,0.4897314546201228,0.18380835916071273,0.48175032197560164,0.75,0.9631163254131861,2.5853484230713675,0.2642247367381867,0.3850967119188124,0.659113687383791,ETTh1,raw,24,120,raw:24:0,high,high
1,0.4777053049611282,0.19587183651920445,0.30528667480292915,0.875,0.9753074453466839,2.5853484230713675,0.2642247367381867,0.32628793876108725,0.7048440606949568,ETTh1,raw,24,120,raw:24:1,mid,high
2,0.3197555319358293,0.14668685322419409,0.49639340127174086,0.625,0.9155128717734895,2.5853484230713675,0.2642247367381867,0.32094526214392144,0.6015792028372254,ETTh1,raw,24,120,raw:24:2,mid,high
3,0.38852422453354696,0.25625755753647783,0.31426566791879873,0.75,0.9777760087111277,2.5853484230713675,0.2642247367381867,0.31968248332960786,0.6640002484831048,ETTh1,raw,24,120,raw:24:3,mid,high
4,0.30394344192132317,0.12058367433466921,0.49801663455852346,0.875,0.8712643060481081,2.5853484230713675,0.2642247367381867,0.3075145836048386,0.6701630142620983,ETTh1,raw,24,120,raw:24:4,mid,high
5,0.708222773230138,0.3968432912362575,0.359898551707914,0.625,0.9846298644818974,2.5853484230713675,0.2642247367381867,0.4883215387247699,0.6246182004066947,ETTh1,raw,24,120,raw:24:5,high,high
6,0.6328743667962733,0.20585271298326469,0.7168929707532131,1.0,0.9063148080154009,2.5853484230713675,0.2642247367381867,0.5185400168442503,0.7235131815845293,ETTh1,raw,24,120,raw:24:6,high,high
0,0.3820140989773837,0.19916408029668728,0.5205538399627505,1.0,0.8703026342665168,3.423854223185,0.4039757031908739,0.3672440064122739,0.7580927791524635,ETTh1,raw,72,168,raw:72:0,mid,high
1,0.40502574955954695,0.14305092232245994,0.5153593050414571,0.75,0.833757368496523,3.423854223185,0.4039757031908739,0.354478658974488,0.6625776905624656,ETTh1,raw,72,168,raw:72:1,mid,high
2,0.5449596359088091,0.2111142018581193,0.5098410612782172,1.0,0.8199315914214119,3.423854223185,0.4039757031908739,0.42197163301504853,0.7413024315374286,ETTh1,raw,72,168,raw:72:2,high,high
3,0.5695275063143439,0.14270209518127366,0.5093732258766821,0.875,0.8353962323250627,3.423854223185,0.4039757031908739,0.4072009424574332,0.7047906451719789,ETTh1,raw,72,168,raw:72:3,high,high
4,0.3299388443507687,0.19487459397600548,0.49613246174414577,1.0,0.8710507992864388,3.423854223185,0.4039757031908739,0.34031530002364,0.7583421674924375,ETTh1,raw,72,168,raw:72:4,mid,high
5,0.837536428146826,0.11504436384347083,0.5682852263826035,1.0,0.9725825446218531,3.423854223185,0.4039757031908739,0.5069553394576335,0.7921860826042423,ETTh1,raw,72,168,raw:72:5,high,high
6,0.4096239618120292,0.14901951234061817,0.30322832017659224,0.625,0.9588561715062156,3.423854223185,0.4039757031908739,0.2872905981097465,0.6626106248990299,ETTh1,raw,72,168,raw:72:6,mid,high
0,0.36691352614450046,0.20519768841116076,0.4714293859398859,1.0,0.8700421468493377,3.2763996398292714,0.379399939339212,0.34784686683184907,0.7498140287295166,ETTh1,raw,96,192,raw:96:0,mid,high
1,0.5440595487964698,0.14471483838897317,0.6801269614223603,0.875,0.8629069833810773,3.2763996398292714,0.379399939339212,0.4563004495359344,0.7057689742400964,ETTh1,raw,96,192,raw:96:1,high,high
2,0.5563575248479198,0.3012527383182463,0.4813728923010717,0.625,0.8386251479867237,3.2763996398292714,0.379399939339212,0.44632771848907926,0.614341695775312,ETTh1,raw,96,192,raw:96:2,high,high
3,0.45477709042057113,0.21472371535045326,0.5233165055620529,0.75,0.7699731564435418,3.2763996398292714,0.379399939339212,0.39760577044435913,0.633124365260918,ETTh1,raw,96,192,raw:96:3,high,high
4,0.24517870162542166,0.2243168949765938,0.4442528665674578,0.875,0.8926069122973816,3.2763996398292714,0.379399939339212,0.3045828210564911,0.7156689505455311,ETTh1,raw,96,192,raw:96:4,mid,high
5,0.5839890604442853,0.24778698497988197,0.12524777990980773,0.75,0.9103402887298068,3.2763996398292714,0.379399939339212,0.3190079417779917,0.6799134093563396,ETTh1,raw,96,192,raw:96:5,mid,high
6,0.5627642402242786,0.45243671545750386,0.5172687680853618,0.5,0.8727224037617232,3.2763996398292714,0.379399939339212,0.5108232412557148,0.5840407810336451,ETTh1,raw,96,192,raw:96:6,high,high
0,0.3539690405152991,0.22311898928004498,0.2141962903351472,0.375,0.8574855093623329,3.0570390129757503,0.34283983492455866,0.26376144004349705,0.5251084480956305,ETTh1,raw,144,240,raw:144:0,low,mid
1,0.4345911449147061,0.17959566845079147,0.30042978525390307,0.375,0.879438756285339,3.0570390129757503,0.34283983492455866,0.3048721995398002,0.5324261970699659,ETTh1,raw,144,240,raw:144:1,mid,mid
2,0.28461186168391406,0.2025955653479203,0.23759200669821612,0.125,0.6925411010172595,3.0570390129757503,0.34283983492455866,0.24159981124335017,0.3867936453139394,ETTh1,raw,144,240,raw:144:2,low,low
3,0.3298407614640402,0.1660410700365341,0.3378268839699792,0.125,0.7096349925298595,3.0570390129757503,0.34283983492455866,0.2779029051568512,0.39249160915147274,ETTh1,raw,144,240,raw:144:3,low,low
4,0.33180671585682064,0.36755924334460904,0.9183436869469973,0.625,0.9054906579420909,3.0570390129757503,0.34283983492455866,0.5392365487161422,0.6244434976222165,ETTh1,raw,144,240,raw:144:4,high,high
5,0.32302067485742036,0.3391225366791569,0.7884799148946883,1.0,0.9617886910103183,3.0570390129757503,0.34283983492455866,0.4835410421437552,0.7682095086449588,ETTh1,raw,144,240,raw:144:5,high,high
6,0.6658419108452658,0.0704336668963963,0.14406642058895236,0.125,0.6052076429720284,3.0570390129757503,0.34283983492455866,0.29344733277687146,0.3576824926321957,ETTh1,raw,144,240,raw:144:6,mid,low
0,0.394713273393971,0.24436897820434483,0.3746555906810495,0.25,0.8497350626881746,2.9366152285009024,0.32276920421220173,0.33791261409312173,0.4741680889667921,ETTh1,raw,168,264,raw:168:0,mid,mid
1,0.32779111261215377,0.11460218192426384,0.3706262187343393,0.5,0.88895468773299,2.9366152285009024,0.32276920421220173,0.27100650442358565,0.5705746306483973,ETTh1,raw,168,264,raw:168:1,low,high
2,0.3097814548803304,0.07957150226426621,0.22645560371890647,0.125,0.7091065470420088,2.9366152285009024,0.32276920421220173,0.20526952028783438,0.38562525041807016,ETTh1,raw,168,264,raw:168:2,low,low
3,0.47769225625615586,0.09629547753002116,0.45832620066399515,0.25,0.7186259902980202,2.9366152285009024,0.32276920421220173,0.34410464481672404,0.4304650648367407,ETTh1,raw,168,264,raw:168:3,mid,low
4,0.5451985237961156,0.3322246067208917,0.5066727786130638,0.875,0.9803421144088353,2.9366152285009024,0.32276920421220173,0.46136530304335704,0.7260371062070123,ETTh1,raw,168,264,raw:168:4,high,high
5,0.7586515928112794,0.41903501463747483,0.5282517573685681,0.375,0.9727152886077213,2.9366152285009024,0.32276920421220173,0.5686461216057741,0.5568281642733076,ETTh1,raw,168,264,raw:168:5,high,mid
6,0.37231385833848296,0.1580351515090495,0.3216859214925918,0.125,0.6987729159177691,2.9366152285009024,0.32276920421220173,0.28401164378004146,0.38218070670999027,ETTh1,raw,168,264,raw:168:6,mid,low
0,0.43466945017850434,0.10703029028209242,0.6240144376693556,0.125,0.7430772805727188,2.810537740120179,0.3017562895171027,0.38857139270998414,0.38994452336327384,ETTh1,raw,192,288,raw:192:0,high,low
1,0.37577668252662466,0.07674657049958016,0.6704509673341416,0.25,0.7674006933982295,2.810537740120179,0.3017562895171027,0.37432474012011546,0.4397189943051107,ETTh1,raw,192,288,raw:192:1,mid,low
2,0.12484394542002897,0.10624263451244104,0.42865305100476625,0.25,0.6740897061131469,2.810537740120179,0.3017562895171027,0.2199132103124121,0.40861533187674987,ETTh1,raw,192,288,raw:192:2,low,low
3,0.11293091783177533,0.0910678321838013,0.4415899261790759,0.25,0.6914328295001562,2.810537740120179,0.3017562895171027,0.2151962253982175,0.41439637300575294,ETTh1,raw,192,288,raw:192:3,low,low
4,0.2872798488828818,0.05457305204226378,0.5941960680478883,0.625,0.9433954424227997,2.810537740120179,0.3017562895171027,0.3120163229910113,0.6233839106466341,ETTh1,raw,192,288,raw:192:4,mid,high
5,0.7050897027854374,0.14031469848029784,0.9232827920613541,0.375,0.9047281183962944,2.810537740120179,0.3017562895171027,0.5895623977756964,0.5271614693044657,ETTh1,raw,192,288,raw:192:5,high,mid
6,0.8365305860511503,0.29270889612132345,0.5856267724641558,0.25,0.6859435892318156,2.810537740120179,0.3017562895171027,0.5716220848788764,0.41256662624963947,ETTh1,raw,192,288,raw:192:6,high,low
0,0.39690619081853196,0.15569189595959473,0.28122163282869567,0.375,0.7501716716706969,3.0003089225111457,0.33338481986288293,0.27793990653560746,0.4861854971778599,ETTh1,raw,240,336,raw:240:0,low,mid
1,0.09142899280423944,0.13723034739722062,0.2792836279807876,0.25,0.7723242491424321,3.0003089225111457,0.33338481986288293,0.16931432272741587,0.45190302300177176,ETTh1,raw,240,336,raw:240:1,low,low
2,0.3945766764358357,0.11853167722909809,0.1405407769145937,0.25,0.7220807709659685,3.0003089225111457,0.33338481986288293,0.2178830435265092,0.4351551969429505,ETTh1,raw,240,336,raw:240:2,low,low
3,0.37083313866519574,0.13502863020024428,0.3181958642212963,0.375,0.7474450834442095,3.0003089225111457,0.33338481986288293,0.2746858776955788,0.4852766344356974,ETTh1,raw,240,336,raw:240:3,low,mid
4,0.1554170070255736,0.14490394670328177,0.4755099812887921,0.5,0.8305901086979605,3.0003089225111457,0.33338481986288293,0.25861031167254916,0.5546583095202812,ETTh1,raw,240,336,raw:240:4,low,mid
5,0.3422938205040257,0.1415501288076368,0.6110341253894681,0.375,0.8298670788447677,3.0003089225111457,0.33338481986288293,0.36495935823371023,0.5127506329025503,ETTh1,raw,240,336,raw:240:5,mid,mid
6,0.43906445413287676,0.2358363079866136,0.20058186064050318,0.125,0.8176237998654038,3.0003089225111457,0.33338481986288293,0.29182754091999785,0.42533620657609555,ETTh1,raw,240,336,raw:240:6,mid,low
0,0.4816359832561853,0.20241056931111273,0.12777107859844333,0.375,0.7233265579575504,2.9671283285061465,0.32785472087126655,0.27060587705524713,0.47539375960960567,ETTh1,raw,264,360,raw:264:0,low,mid
1,0.18887044632105976,0.24181639421130227,0.12411773507255904,0.25,0.7898703608550266,2.9671283285061465,0.32785472087126655,0.1849348585349737,0.45590836057543105,ETTh1,raw,264,360,raw:264:1,low,mid
2,0.2995904757138893,0.14191950750260626,0.1093822834580513,0.25,0.7210535903838451,2.9671283285061465,0.32785472087126655,0.1836307555581823,0.4329694370850372,ETTh1,raw,264,360,raw:264:2,low,low
3,0.45941735133501616,0.21086877646416988,0.16986763053596574,0.375,0.7621895525475788,2.9671283285061465,0.32785472087126655,0.28005125277838394,0.48834809113961514,ETTh1,raw,264,360,raw:264:3,mid,mid
4,0.6459421849249143,0.08752243519969946,0.5302548132476705,0.5,0.7908444862469067,2.9671283285061465,0.32785472087126655,0.42123981112409475,0.5395664023727244,ETTh1,raw,264,360,raw:264:4,high,mid
5,0.32734452417427884,0.1765594070808575,0.3845230576678912,0.75,0.8619822730650611,2.9671283285061465,0.32785472087126655,0.29614232964100917,0.6466123313121092,ETTh1,raw,264,360,raw:264:5,mid,high
6,0.48636615800246663,0.12998783446781192,0.2604409865405562,0.0,0.9428663306597601,2.9671283285061465,0.32785472087126655,0.2922649930036116,0.4235736838436755,ETTh1,raw,264,360,raw:264:6,mid,low
0,0.3793241202146087,0.27230176565737674,0.5372454322646086,0.375,0.9303376654601657,3.5548231910083987,0.42580386445839336,0.3962904393788647,0.5770471766395198,ETTh1,raw,312,408,raw:312:0,high,high
1,0.592428142068905,0.2563454693114263,0.5353184139582887,0.75,0.9230621634770689,3.5548231910083987,0.42580386445839336,0.4613640084462067,0.6996220093118208,ETTh1,raw,312,408,raw:312:1,high,high
2,0.2216417596336886,0.12168941870502423,0.4779129838687765,0.5,0.891318280021759,3.5548231910083987,0.42580386445839336,0.2737480540691631,0.6057073814933841,ETTh1,raw,312,408,raw:312:2,low,high
3,0.281442357776464,0.171007846566487,0.48997713352725714,0.625,0.9234410694762888,3.5548231910083987,0.42580386445839336,0.31414244595673607,0.658081644644894,ETTh1,raw,312,408,raw:312:3,mid,high
4,0.36256218109738125,0.3974265401706883,0.2849330513498547,0.5,0.8708707990186211,3.5548231910083987,0.42580386445839336,0.3483072575393081,0.5988915544923382,ETTh1,raw,312,408,raw:312:4,mid,high
5,0.57023554864262,0.32210243638131986,0.3264393841356782,0.75,0.9061721525390654,3.5548231910083987,0.42580386445839336,0.40625912305320605,0.6939920056658195,ETTh1,raw,312,408,raw:312:5,high,high
6,0.1030602421458724,0.07912333940996902,0.017337474717363962,0.125,0.8132540570289033,3.5548231910083987,0.42580386445839336,0.06650701875773513,0.45468597382909887,ETTh1,raw,312,408,raw:312:6,low,mid
0,0.13835839951601803,0.07509347047875595,0.5972972846729186,0.375,0.8162504043013751,3.126894530814112,0.35448242121154794,0.2702497182225642,0.5152442751709744,ETTh1,raw,336,432,raw:336:0,low,mid
1,0.252295239599861,0.13333036929972739,0.555243984108249,0.75,0.926300133983905,3.126894530814112,0.35448242121154794,0.31362319766927915,0.6769275183984843,ETTh1,raw,336,432,raw:336:1,mid,high
2,0.14562131820891056,0.08091514825026364,0.5610313941317925,0.25,0.7739348814261401,3.126894530814112,0.35448242121154794,0.26252262019698885,0.4594724342125627,ETTh1,raw,336,432,raw:336:2,low,mid
3,0.2855330447660782,0.11447403813705197,0.4216053537339597,0.75,0.8105409104010031,3.126894530814112,0.35448242121154794,0.27387081221236326,0.638341110537517,ETTh1,raw,336,432,raw:336:3,low,high
4,0.2865964567408974,0.03703706183952496,0.4579145025290792,0.75,0.9088293673541901,3.126894530814112,0.35448242121154794,0.2605160070365005,0.6711039295219127,ETTh1,raw,336,432,raw:336:4,low,high
5,0.4567166948205478,0.08170320941384421,0.30063094809846375,0.5,0.9400333790231663,3.126894530814112,0.35448242121154794,0.2796836174442852,0.5981719334115714,ETTh1,raw,336,432,raw:336:5,mid,high
6,0.7301033032299975,0.11824021588267489,0.4016947345676775,0.25,0.8088450555483923,3.126894530814112,0.35448242121154794,0.4166794178934499,0.47110915891998006,ETTh1,raw,336,432,raw:336:6,high,mid
0,0.3457902274263521,0.06861178265931887,0.23012171705806067,0.125,0.6989838894762849,3.2329615108652283,0.3721602511906043,0.21484124238124389,0.3987147135556297,ETTh1,raw,384,480,raw:384:0,low,low
1,0.13270921364638522,0.12255351425489738,0.38056846991095833,0.5,0.8571989241775597,3.2329615108652283,0.3721602511906043,0.21194373260408028,0.5764530584560547,ETTh1,raw,384,480,raw:384:1,low,high
2,0.1244629376540608,0.08841846193073728,0.2531408421548038,0.25,0.7146680877121283,3.2329615108652283,0.3721602511906043,0.15534074724653396,0.44560944630091087,ETTh1,raw,384,480,raw:384:2,low,low
3,0.19753782654030572,0.13387599935427222,0.4588922607916019,0.625,0.8073913997330616,3.2329615108652283,0.3721602511906043,0.2634353622287266,0.6015172169745554,ETTh1,raw,384,480,raw:384:3,low,high
4,0.23388197306768832,0.037153056735123494,0.5301182385438775,0.75,0.878871313015225,3.2329615108652283,0.3721602511906043,0.26705108944889644,0.6670105214019432,ETTh1,raw,384,480,raw:384:4,low,high
5,0.06050763886222077,0.1236961387457221,0.3941694796304317,0.875,0.9341629072470132,3.2329615108652283,0.3721602511906043,0.19279108574612489,0.7271077194792058,ETTh1,raw,384,480,raw:384:5,low,high
6,0.394885084213361,0.25763682193256676,0.19177130321298372,0.5,0.9088135817654036,3.2329615108652283,0.3721602511906043,0.28143106978630383,0.5936579443186694,ETTh1,raw,384,480,raw:384:6,mid,high
0,0.46944975745185935,0.058141794395950026,0.3227356409520851,0.125,0.5862624618429495,3.319666958591059,0.3866111591208246,0.28344239759996487,0.36595787365459137,ETTh1,raw,408,504,raw:408:0,mid,low
1,0.23811749121370818,0.09124281518521081,0.5428467418093267,0.375,0.7777944626308505,3.319666958591059,0.3866111591208246,0.2907356827360819,0.5131352072505584,ETTh1,raw,408,504,raw:408:1,mid,mid
2,0.22986675888137897,0.1160033034435242,0.17768001259569594,0.25,0.6602548017923049,3.319666958591059,0.3866111591208246,0.1745166916401997,0.4322886536377098,ETTh1,raw,408,504,raw:408:2,low,low
3,0.48199561055315643,0.11625645433260776,0.2822199736997023,0.375,0.7608428226281709,3.319666958591059,0.3866111591208246,0.29349067952848884,0.5074846605829985,ETTh1,raw,408,504,raw:408:3,mid,mid
4,0.20644364484587863,0.08188915633599986,0.5159731006069211,0.625,0.8887749426046889,3.319666958591059,0.3866111591208246,0.2681019672629332,0.6334620339085045,ETTh1,raw,408,504,raw:408:4,low,high
5,0.44443594865660885,0.11054193536586435,0.617292970188105,0.75,0.946164808852319,3.319666958591059,0.3866111591208246,0.39075695140352606,0.6942586559910479,ETTh1,raw,408,504,raw:408:5,high,high
6,0.42205566859520127,0.3591122695250749,0.3349201087928124,0.375,0.9100841526354576,3.319666958591059,0.3866111591208246,0.3720293489710295,0.5572317705854274,ETTh1,raw,408,504,raw:408:6,mid,mid
0,0.552434779748364,0.05047732326454148,0.1219889594624508,0.25,0.5813476623602655,3.0295074012252594,0.33825123297379117,0.2416336874917854,0.3898662984446855,ETTh1,raw,432,528,raw:432:0,low,low
1,0.6692112505768335,0.09191555923446104,0.30511577220607705,0.375,0.7434554849046106,3.0295074012252594,0.33825123297379117,0.3554141940057905,0.4855689059594673,ETTh1,raw,432,528,raw:432:1,mid,mid
2,0.5564056660701646,0.04856895859930954,0.31957821506277245,0.25,0.7048846402111443,3.0295074012252594,0.33825123297379117,0.30818427991074887,0.43104529106164513,ETTh1,raw,432,528,raw:432:2,mid,low
3,0.6924789459143396,0.15846972291806508,0.37066567656069505,0.375,0.7477531651590474,3.0295074012252594,0.33825123297379117,0.40720478179769987,0.4870014660442796,ETTh1,raw,432,528,raw:432:3,high,mid
4,0.5124009300331375,0.06476768575026329,0.7968279830352084,0.75,0.8852896241138952,3.0295074012252594,0.33825123297379117,0.45799886627286973,0.6578469523625622,ETTh1,raw,432,528,raw:432:4,high,high
5,0.21621623494483733,0.09582987832479481,0.5950233301940162,0.875,0.9181115624022886,3.0295074012252594,0.33825123297379117,0.30235648115454944,0.7104542651253599,ETTh1,raw,432,528,raw:432:5,mid,high
6,0.6848356430024207,0.1943951026874301,0.12824461879740282,1.0,0.8499063414835982,3.0295074012252594,0.33825123297379117,0.3358251214957512,0.729385858152463,ETTh1,raw,432,528,raw:432:6,mid,high
0,0.2990501843948604,0.08802449162119108,0.22782486381482364,0.25,0.6598241433260187,3.258607762723435,0.3764346264931815,0.2049665132769584,0.4287529232730667,ETTh1,raw,480,576,raw:480:0,low,low
1,0.4592649086726688,0.10857544619017306,0.47722543539164375,0.25,0.7132342223291189,3.258607762723435,0.3764346264931815,0.34835526341816186,0.4465562829407668,ETTh1,raw,480,576,raw:480:1,mid,low
2,0.48547775773917856,0.0479854612040126,0.15537145865358343,0.25,0.6791847088209366,3.258607762723435,0.3764346264931815,0.22961155919892487,0.435206445104706,ETTh1,raw,480,576,raw:480:2,low,low
3,0.48570530010742907,0.14681074287001422,0.5460810700042016,0.375,0.7558553920375758,3.258607762723435,0.3764346264931815,0.39286570432721496,0.502430006176919,ETTh1,raw,480,576,raw:480:3,high,mid
4,0.46637904324124113,0.027223446959980115,0.8359199893518353,1.0,0.8629703016217863,3.258607762723435,0.3764346264931815,0.4431741598510189,0.746468309371656,ETTh1,raw,480,576,raw:480:4,high,high
5,0.2021849179214189,0.15742204500788637,0.5186169701822392,0.75,0.9120012278411145,3.258607762723435,0.3764346264931815,0.2927413110371815,0.679478618111432,ETTh1,raw,480,576,raw:480:5,mid,high
6,0.4388669135124572,0.30491815522589755,0.5992387473689548,0.5,0.8096562597480138,3.258607762723435,0.3764346264931815,0.44767460536910314,0.5620302954137317,ETTh1,raw,480,576,raw:480:6,high,high
0,0.6843607626314063,0.06065110466374497,0.37597698759547554,0.5,0.728747117785074,3.3255564214533226,0.3875927362628992,0.37366295163020896,0.5387799513493244,ETTh1,raw,504,600,raw:504:0,mid,mid
1,0.5874458259808685,0.12697569452951527,0.4457830419266129,0.25,0.8207104753063176,3.3255564214533226,0.3875927362628992,0.3867348541456656,0.4861010705230722,ETTh1,raw,504,600,raw:504:1,high,mid
2,0.5058197143603611,0.11214743459252487,0.2377716180114395,0.25,0.7153943304192157,3.3255564214533226,0.3875927362628992,0.2852462556547752,0.4509956888940383,ETTh1,raw,504,600,raw:504:2,mid,low
3,0.5963414976465857,0.23137395008594397,0.4143186591419603,0.375,0.8713370359455337,3.3255564214533226,0.3875927362628992,0.4140113689581633,0.5446432574028109,ETTh1,raw,504,600,raw:504:3,high,mid
4,0.36628807066434643,0.054197817521726394,0.3344319003481388,0.875,0.8283371798725968,3.3255564214533226,0.3875927362628992,0.2516392628447372,0.696976638711832,ETTh1,raw,504,600,raw:504:4,low,high
5,0.46394299094587366,0.14230651591270965,0.4808634620817725,0.625,0.9171378694325253,3.3255564214533226,0.3875927362628992,0.36237098964678527,0.6432435352318082,ETTh1,raw,504,600,raw:504:5,mid,high
6,0.6011307659801796,0.1533684105412415,0.5224823168393417,0.625,0.740819356064426,3.3255564214533226,0.3875927362628992,0.4256604977869209,0.5844706974424417,ETTh1,raw,504,600,raw:504:6,high,high
0,0.2875147713732302,0.13422031059907294,0.41421140587505656,0.375,0.7683406908833457,3.3287347715307654,0.38812246127492345,0.2786488292824532,0.5104877173860897,ETTh1,raw,552,648,raw:552:0,low,mid
1,0.7849556634769875,0.11403020191925733,0.11353561226156726,0.25,0.7332301929534683,3.3287347715307654,0.38812246127492345,0.33750715921927066,0.4571175514094639,ETTh1,raw,552,648,raw:552:1,mid,mid
2,0.3035252243888745,0.19499643915389178,0.32100470884212046,0.375,0.7595563951728364,3.3287347715307654,0.38812246127492345,0.2731754574616289,0.5075596188159199,ETTh1,raw,552,648,raw:552:2,low,mid
3,0.8316142398326472,0.12036204725838717,0.12352082171052652,0.125,0.7849100729705871,3.3287347715307654,0.38812246127492345,0.35849903626718693,0.4326775114151702,ETTh1,raw,552,648,raw:552:3,mid,low
4,0.319287264035364,0.022720955288686843,0.5000325350639687,1.0,0.7882617077258108,3.3287347715307654,0.38812246127492345,0.28068025146267317,0.7254613896669113,ETTh1,raw,552,648,raw:552:4,mid,high
5,0.24590314750056919,0.08678688183009435,0.5432579692530074,0.75,0.8944733742816809,3.3287347715307654,0.38812246127492345,0.291982666194557,0.6775319451855347,ETTh1,raw,552,648,raw:552:5,mid,high
6,0.4068806114646535,0.057306255033544785,0.4621061395798239,0.375,0.7624213466580161,3.3287347715307654,0.38812246127492345,0.3087643353593407,0.5085146026443131,ETTh1,raw,552,648,raw:552:6,mid,mid
0,0.28316327389686813,0.07794993379002307,0.368049782168331,0.5,0.7208715314460946,3.7478005725955392,0.45796676133597863,0.24305432995174073,0.5596127642606911,ETTh1,raw,576,672,raw:576:0,low,high
1,0.5013579830079044,0.25536129650941314,0.13033084181607038,0.25,0.8253186558997071,3.7478005725955392,0.45796676133597863,0.2956833737777959,0.511095139078562,ETTh1,raw,576,672,raw:576:1,mid,mid
2,0.3843928683396741,0.11720961865103713,0.22220455975346126,0.375,0.6734327585402171,3.7478005725955392,0.45796676133597863,0.2412690155813908,0.5021331732920652,ETTh1,raw,576,672,raw:576:2,low,mid
3,0.5714354963064727,0.26295310951466616,0.060800089399785096,0.25,0.8798815480178045,3.7478005725955392,0.45796676133597863,0.298396231740308,0.5292827697845944,ETTh1,raw,576,672,raw:576:3,mid,mid
4,0.25955192328923393,0.020014830998335925,0.669447006278499,1.0,0.8280666759963253,3.7478005725955392,0.45796676133597863,0.3163379201886896,0.7620111457774347,ETTh1,raw,576,672,raw:576:4,mid,high
5,0.33544334883282045,0.13600453816417868,0.5941073378314365,1.0,0.8690226971620512,3.7478005725955392,0.45796676133597863,0.3551850749428119,0.7756631528326766,ETTh1,raw,576,672,raw:576:5,mid,high
6,0.1986311134402321,0.13340537969938038,0.39820393102574003,0.5,0.7786018817561434,3.7478005725955392,0.45796676133597863,0.24341347472178418,0.5788562143640407,ETTh1,raw,576,672,raw:576:6,low,high
0,0.25736193236416394,0.0629674898652841,0.51255720169006,0.625,0.7543196343672306,3.7633943186883934,0.46056571901378934,0.27762887463983604,0.6132951177936733,ETTh1,raw,600,696,raw:600:0,low,high
1,0.5307409340656437,0.12145130348658295,0.13163131454463736,0.375,0.814814368417753,3.7633943186883934,0.46056571901378934,0.26127451736562135,0.5501266958105141,ETTh1,raw,600,696,raw:600:1,low,mid
2,0.0941385090531408,0.08626653351894156,0.4160033485913799,0.375,0.7271631373937713,3.7633943186883934,0.46056571901378934,0.19880279705448742,0.5209096188025202,ETTh1,raw,600,696,raw:600:2,low,mid
3,0.6429524689307102,0.1314223908253105,0.20838423436056547,1.0,0.8938964661562245,3.7633943186883934,0.46056571901378934,0.32758636470552877,0.7848207283900046,ETTh1,raw,600,696,raw:600:3,mid,high
4,0.13260552900553502,0.032738435264506593,0.5330224031174307,1.0,0.7799112152279745,3.7633943186883934,0.46056571901378934,0.23278878912915743,0.7468256447472545,ETTh1,raw,600,696,raw:600:4,low,high
5,0.44084254135308143,0.14344179164833892,0.4600912498714738,0.75,0.8658029633065438,3.7633943186883934,0.46056571901378934,0.3481251942909647,0.6921228941067777,ETTh1,raw,600,696,raw:600:5,mid,high
6,0.3658650069602444,0.09988916309504114,0.504239957000191,0.5,0.7621460984076599,3.7633943186883934,0.46056571901378934,0.32333137568515885,0.5742372724738164,ETTh1,raw,600,696,raw:600:6,mid,high
0,0.9941755176885072,0.103414033088468,0.11482124214360812,0.375,0.9243170207335507,3.8118743878312964,0.4686457305241399,0.4041369309735278,0.5893209170858968,ETTh1,raw,648,744,raw:648:0,high,high
1,0.9999999961889762,0.14630446849606762,0.46062174403711553,1.0,0.9172016365464255,3.8118743878312964,0.4686457305241399,0.535642069574053,0.7952824556901885,ETTh1,raw,648,744,raw:648:1,high,high
2,0.9994872645342243,0.16464738719863672,0.06036392181609763,0.25,0.869929418214667,3.8118743878312964,0.4686457305241399,0.4081661911829862,0.5295250495796022,ETTh1,raw,648,744,raw:648:2,high,mid
3,0.9362381836865574,0.3061370053962539,0.40076494415508906,0.75,0.8950973664284779,3.8118743878312964,0.4686457305241399,0.5477133777459667,0.7045810323175393,ETTh1,raw,648,744,raw:648:3,high,high
4,0.9592282470759391,0.251022726269097,0.5570139044367937,0.875,0.9172252180215142,3.8118743878312964,0.4686457305241399,0.5890882925939432,0.7536236495152181,ETTh1,raw,648,744,raw:648:4,high,high
5,0.8558557749459876,0.1397132822879569,0.46321701824996947,0.375,0.8620819141263408,3.8118743878312964,0.4686457305241399,0.4862620251613046,0.5685758815501601,ETTh1,raw,648,744,raw:648:5,high,high
6,0.9899538429996244,0.25035553203080907,0.5472887196857337,0.625,0.8934821547120251,3.8118743878312964,0.4686457305241399,0.5958660315720558,0.6623759617453883,ETTh1,raw,648,744,raw:648:6,high,high
0,0.9496882580553354,0.31834484808261243,0.20431019171797082,0.375,0.8430844248000079,3.4423328075322863,0.40705546724362196,0.49078109928530617,0.5417132973478765,ETTh1,raw,672,768,raw:672:0,high,mid
1,0.9422524846661574,0.313539252979661,0.2896137417969447,1.0,0.9742976471671396,3.4423328075322863,0.40705546724362196,0.5151351598142544,0.7937843714702538,ETTh1,raw,672,768,raw:672:1,high,high
2,0.9912244690931373,0.5830537925093491,0.23470178123004193,0.375,0.7893838502247562,3.4423328075322863,0.40705546724362196,0.6029933476108428,0.5238131058227927,ETTh1,raw,672,768,raw:672:2,high,mid
3,0.9529032769392786,0.17454346596908688,0.4004979568046195,1.0,0.9622490455980126,3.4423328075322863,0.40705546724362196,0.5093148999043283,0.7897681709472115,ETTh1,raw,672,768,raw:672:3,high,high
4,0.9999999943596936,0.1630806661614068,0.27562897618048426,0.5,0.925855231062808,3.4423328075322863,0.40705546724362196,0.4795698789005282,0.6109702327688099,ETTh1,raw,672,768,raw:672:4,high,high
5,0.9999999799013142,0.2290422263237718,0.07548560363109745,0.625,0.816021725705521,3.4423328075322863,0.40705546724362196,0.4348426032853945,0.6160257309830477,ETTh1,raw,672,768,raw:672:5,high,high
6,0.9841343115668105,0.1327499432771016,0.01132070614385527,0.375,0.8236294647283657,3.4423328075322863,0.40705546724362196,0.3760683203292558,0.5352283106573292,ETTh1,raw,672,768,raw:672:6,mid,mid
0,0.982067512933132,0.1954424165809811,0.2421320574348183,0.375,0.820692622129192,2.478096264727339,0.24634937704397422,0.4732139956496438,0.4806806663910554,ETTh1,raw,720,816,raw:720:0,high,mid
1,0.9723952057024006,0.22834136748524125,0.6493056382615189,0.5,0.8658568878078066,2.478096264727339,0.24634937704397422,0.6166807371497202,0.5374020882839269,ETTh1,raw,720,816,raw:720:1,high,mid
2,0.9921667967367638,0.19677544833443386,0.18910459470480037,0.375,0.7183271433577525,2.478096264727339,0.24634937704397422,0.4593489465919994,0.4465588401339089,ETTh1,raw,720,816,raw:720:2,high,low
3,0.973802172760584,0.20163315947237515,0.5240761727944914,0.625,0.8909438141196749,2.478096264727339,0.24634937704397422,0.5665038350091501,0.5874310637212163,ETTh1,raw,720,816,raw:720:3,high,high
4,0.9999999978661019,0.27935922478980346,0.570830083208089,0.0,0.8508633932424855,2.478096264727339,0.24634937704397422,0.6167297686213314,0.3657375900954866,ETTh1,raw,720,816,raw:720:4,high,low
5,0.9999999838934129,0.1436407365082052,0.39043205777878676,0.0,0.7020162218192657,2.478096264727339,0.24634937704397422,0.5113575927268016,0.31612186628774663,ETTh1,raw,720,816,raw:720:5,high,low
6,0.993502889077556,0.24456198715321975,0.07636003382962983,0.25,0.8824993734021976,2.478096264727339,0.24634937704397422,0.43814163668680184,0.459616250148724,ETTh1,raw,720,816,raw:720:6,high,mid
0,0.9014351346904925,0.12378229610099736,0.39089152561149115,0.375,0.8736422498801099,3.296529169127167,0.3827548608832697,0.47203631880099367,0.5437990369211265,ETTh1,raw,744,840,raw:744:0,high,mid
1,0.5742101262642756,0.2705059198188452,0.6717997108021735,0.375,0.9211685770063358,3.296529169127167,0.3827548608832697,0.5055052522950981,0.5596411459632019,ETTh1,raw,744,840,raw:744:1,high,high
2,0.8220341392033751,0.1997121990467189,0.5776073965054378,0.125,0.8301026846813303,3.296529169127167,0.3827548608832697,0.5331179115851773,0.4459525151882,ETTh1,raw,744,840,raw:744:2,high,low
3,0.8563658723457037,0.29200712364827947,0.5764112413265653,0.25,0.9214897524640184,3.296529169127167,0.3827548608832697,0.5749280791068495,0.5180815377824294,ETTh1,raw,744,840,raw:744:3,high,mid
4,0.9027715639122851,0.15522096695083498,0.23887233217387016,0.5,0.8572114868701614,3.296529169127167,0.3827548608832697,0.4322882876789968,0.5799887825844771,ETTh1,raw,744,840,raw:744:4,high,high
5,0.8451010655871478,0.18473017339778036,0.1551351272360326,0.25,0.7884510993422046,3.296529169127167,0.3827548608832697,0.3949887887403203,0.4737353200751581,ETTh1,raw,744,840,raw:744:5,high,mid
6,0.7262453271394549,0.1362600786258011,0.21092995405390158,0.5,0.9354170016524062,3.296529169127167,0.3827548608832697,0.35781178660638585,0.6060572875118919,ETTh1,raw,744,840,raw:744:6,mid,high
0,0.7347194515579065,0.1555812900553606,0.08250067609531468,0.125,0.7010015334481131,2.6813864377099312,0.28023107248460344,0.32426713923619394,0.3687442019775722,ETTh1,raw,768,864,raw:768:0,mid,low
1,0.8112621989879039,0.29849696089198957,0.06404525377058538,0.375,0.8626063448045784,2.6813864377099312,0.28023107248460344,0.39126813788349296,0.5059458057630607,ETTh1,raw,768,864,raw:768:1,high,mid
2,0.6873539192648097,0.11861967077247673,0.4452530140874198,0.125,0.7201334584689034,2.6813864377099312,0.28023107248460344,0.4170755347082354,0.3751215103178356,ETTh1,raw,768,864,raw:768:2,high,low
3,0.8114389224967858,0.3091836792497023,0.058179446311311854,0.5,0.8686789012053793,2.6813864377099312,0.28023107248460344,0.3929340160192667,0.5496366578966608,ETTh1,raw,768,864,raw:768:3,high,mid
4,0.7003323231937975,0.3063067212295186,0.26820991036134334,0.125,0.7887743501710951,2.6813864377099312,0.28023107248460344,0.42494965159488646,0.39800180755189957,ETTh1,raw,768,864,raw:768:4,high,low
5,0.7231020843672178,0.15011074917992093,0.15307839590332892,0.0,0.7317290562115807,2.6813864377099312,0.28023107248460344,0.3420970764834892,0.337320042898728,ETTh1,raw,768,864,raw:768:5,mid,low
6,0.4647520414166145,0.23626440739826982,0.2238461952275217,0.25,0.8751355513052035,2.6813864377099312,0.28023107248460344,0.3082875480141353,0.46845554126326894,ETTh1,raw,768,864,raw:768:6,mid,mid
0,0.6062918192336635,0.08586812049444513,0.17379077052836672,0.625,0.8950256143254087,3.811709542333609,0.4686182562745711,0.28865023675215845,0.6628812901999933,ETTh1,raw,816,912,raw:816:0,mid,high
1,0.4785398040544041,0.06334433931847389,0.1889563362937008,0.25,0.7931857730225201,3.811709542333609,0.4686182562745711,0.24361349322219294,0.5039346764323637,ETTh1,raw,816,912,raw:816:1,low,mid
2,0.49963615972983155,0.1219980230791327,0.08064888265453847,0.5,0.8343859534243881,3.811709542333609,0.4686182562745711,0.23409435515450092,0.6010014032329863,ETTh1,raw,816,912,raw:816:2,low,high
3,0.642976107372066,0.1447895585501078,0.20628232023984647,0.25,0.8245499878583229,3.811709542333609,0.4686182562745711,0.3313493287206734,0.5143894147109647,ETTh1,raw,816,912,raw:816:3,mid,mid
4,0.7113632099191375,0.3547817830731951,0.4418597021043924,1.0,0.9103047534559254,3.811709542333609,0.4686182562745711,0.5026682316989083,0.7929743365768323,ETTh1,raw,816,912,raw:816:4,high,high
5,0.5560537708102138,0.39574905695352236,0.3458897342679746,0.625,0.9549303041763333,3.811709542333609,0.4686182562745711,0.4325641873439036,0.6828495201503015,ETTh1,raw,816,912,raw:816:5,high,high
6,0.3211842546491537,0.37790000121747613,0.7065546032940753,0.375,0.8729238544175778,3.811709542333609,0.4686182562745711,0.46854628638690166,0.5721807035640496,ETTh1,raw,816,912,raw:816:6,high,high
0,0.42933780564241064,0.2374876800065588,0.6405730947437659,0.625,0.9063006899847162,3.9170420309615275,0.4861736710166318,0.43579952679757844,0.6724914536671159,ETTh1,raw,840,936,raw:840:0,high,high
1,0.6074445762981849,0.35034572648188833,0.5907917593799988,0.25,0.7804212708080996,3.9170420309615275,0.4861736710166318,0.5161940207200241,0.5055316472749104,ETTh1,raw,840,936,raw:840:1,high,mid
2,0.34413508880359556,0.1527406194738175,0.36720086918605943,0.375,0.8214997866745234,3.9170420309615275,0.4861736710166318,0.2880255258211575,0.5608911525637185,ETTh1,raw,840,936,raw:840:2,mid,high
3,0.485206941361668,0.11503730194236036,0.2796264797995343,0.25,0.7986460330310232,3.9170420309615275,0.4861736710166318,0.2932902410345209,0.511606568015885,ETTh1,raw,840,936,raw:840:3,mid,mid
4,0.5012695381162523,0.6034481639865747,0.6714516776057574,0.875,0.9170667737537741,3.9170420309615275,0.4861736710166318,0.5920564599028615,0.7594134815901352,ETTh1,raw,840,936,raw:840:4,high,high
5,0.4753226924134435,0.4017116109085094,0.5834142071912618,1.0,0.9350985457960251,3.9170420309615275,0.4861736710166318,0.4868161701710716,0.8070907389375522,ETTh1,raw,840,936,raw:840:5,high,high
6,0.11430511911509988,0.1790605178950211,0.4202368694530536,0.25,0.7928588498896457,3.9170420309615275,0.4861736710166318,0.23786750215439154,0.5096775069687591,ETTh1,raw,840,936,raw:840:6,low,mid
0,0.7313055974387165,0.18024927669932186,0.35705746790564025,0.625,0.8712474942215198,3.4427798053828544,0.40712996688525915,0.4228707806812262,0.6344591537022596,ETTh1,raw,888,984,raw:888:0,high,high
1,0.5996324874945531,0.21994814613529312,0.4876236116268193,0.5,0.9212903220110493,3.4427798053828544,0.40712996688525915,0.4357347484188885,0.6094734296321028,ETTh1,raw,888,984,raw:888:1,high,high
2,0.6772047090965294,0.17241918437739703,0.34194028498595375,0.25,0.7129260662670587,3.4427798053828544,0.40712996688525915,0.3971880594866268,0.4566853443841059,ETTh1,raw,888,984,raw:888:2,high,mid
3,0.46365670598886144,0.12401122044522517,0.5051461824246262,0.625,0.9141745064863893,3.4427798053828544,0.40712996688525915,0.36427136961957096,0.6487681577905495,ETTh1,raw,888,984,raw:888:3,mid,high
4,0.30970738198755887,0.5570867169555391,0.43611204393817465,0.5,0.9266030773007939,3.4427798053828544,0.40712996688525915,0.4343020476270909,0.6112443480620177,ETTh1,raw,888,984,raw:888:4,high,high
5,0.5163165622441277,0.5250125405259227,0.40295990740387577,0.625,0.8894774429444845,3.4427798053828544,0.40712996688525915,0.4814296700579754,0.6405358032765812,ETTh1,raw,888,984,raw:888:5,high,high
6,0.47874307306234576,0.0832827848396486,0.3192160367988719,0.375,0.6583478741460662,3.4427798053828544,0.40712996688525915,0.29374729823362206,0.48015928034377514,ETTh1,raw,888,984,raw:888:6,mid,mid
0,0.4799214686260146,0.1786563840393118,0.24655025455870438,0.625,0.8305306025949081,3.6323636006589695,0.4387272660452828,0.30170936907467694,0.6314192895467303,ETTh1,raw,912,1008,raw:912:0,mid,high
1,0.4814816340934591,0.17812865264459957,0.44986104916101394,0.5,0.8448718448863666,3.6323636006589695,0.4387272660452828,0.36982377863302424,0.5945330369772165,ETTh1,raw,912,1008,raw:912:1,mid,high
2,0.32287486448616365,0.12151914254089086,0.4327084020591747,0.5,0.7844317811170433,3.6323636006589695,0.4387272660452828,0.2923674696954097,0.5743863490541087,ETTh1,raw,912,1008,raw:912:2,mid,high
3,0.5331000642700998,0.17051635107706095,0.4897628399288741,0.25,0.8954982073331397,3.6323636006589695,0.4387272660452828,0.39779308509201167,0.5280751577928074,ETTh1,raw,912,1008,raw:912:3,high,mid
4,0.5300016485814238,0.10019213385348878,0.6666478526233982,0.75,0.8731136708664744,3.6323636006589695,0.4387272660452828,0.43228054501943697,0.6872803123039191,ETTh1,raw,912,1008,raw:912:4,high,high
5,0.5390603094001658,0.126640977578508,0.368725168383745,0.375,0.7491295046406286,3.6323636006589695,0.4387272660452828,0.3448088184541396,0.5209522568953038,ETTh1,raw,912,1008,raw:912:5,mid,mid
6,0.6987227874340035,0.051577654502011475,0.31841362453840694,0.375,0.6268811420972654,3.6323636006589695,0.4387272660452828,0.35623802215814065,0.48020280271418275,ETTh1,raw,912,1008,raw:912:6,mid,mid
0,0.1641190146348558,0.08856824474005184,0.34866443726540297,0.5,0.7768957484625086,4.210374924368049,0.535062486502904,0.2004505655467702,0.6039860783218042,ETTh1,raw,960,1056,raw:960:0,low,high
1,0.43464733373587716,0.3718481574614183,0.45664456418577076,0.875,0.9314999321336667,4.210374924368049,0.535062486502904,0.4210466851276888,0.7805208062121903,ETTh1,raw,960,1056,raw:960:1,high,high
2,0.38438111398225305,0.258537353437531,0.30624216244613045,0.375,0.805409443663481,4.210374924368049,0.535062486502904,0.3163868766219715,0.5718239767221284,ETTh1,raw,960,1056,raw:960:2,mid,high
3,0.46114009844388515,0.37985103290066563,0.5351257954572398,1.0,0.9506247214821784,4.210374924368049,0.535062486502904,0.4587056422672635,0.8285624026616941,ETTh1,raw,960,1056,raw:960:3,high,high
4,0.25890865425484355,0.06821086536868644,0.6415746608152171,1.0,0.8988934484913429,4.210374924368049,0.535062486502904,0.322898060146249,0.8113186449980824,ETTh1,raw,960,1056,raw:960:4,mid,high
5,0.2540980502663003,0.0677914788482459,0.5045473940343297,0.5,0.8887388506151993,4.210374924368049,0.535062486502904,0.2754789743829586,0.6412671123727011,ETTh1,raw,960,1056,raw:960:5,low,high
6,0.07163792556809301,0.0753385464884401,0.4343597011347643,0.375,0.6166244777733907,4.210374924368049,0.535062486502904,0.19377872439709912,0.5088956547587649,ETTh1,raw,960,1056,raw:960:6,low,mid
0,0.39801256270302077,0.08068444614378531,0.44690883078309007,0.5,0.7607020040877699,4.214449381605782,0.5357415627080611,0.30853527987663204,0.598814522265277,ETTh1,raw,984,1080,raw:984:0,mid,high
1,0.19092168983604796,0.3443623582770713,0.46751613770513667,0.875,0.9436486845974151,4.214449381605782,0.5357415627080611,0.33426672860608536,0.7847967491018254,ETTh1,raw,984,1080,raw:984:1,mid,high
2,0.42444133935083306,0.11598841734180085,0.2673554254977934,0.375,0.7515082202726354,4.214449381605782,0.5357415627080611,0.26926172739680915,0.5540832609935655,ETTh1,raw,984,1080,raw:984:2,low,mid
3,0.3284286131588836,0.40416266287470237,0.4590777491755429,1.0,0.943345132578679,4.214449381605782,0.5357415627080611,0.397223008403043,0.8263622317622467,ETTh1,raw,984,1080,raw:984:3,high,high
4,0.27529482423531915,0.05467389722553146,0.4076016545643524,0.875,0.8364022172720258,4.214449381605782,0.5357415627080611,0.24585679200840102,0.7490479266600291,ETTh1,raw,984,1080,raw:984:4,low,high
5,0.34087082960001613,0.1649785038972839,0.5104857965518348,0.375,0.9204328263881398,4.214449381605782,0.5357415627080611,0.33877837668304495,0.6103914630320669,ETTh1,raw,984,1080,raw:984:5,mid,high
6,0.43213670530096937,0.011169903797733836,0.7054558883146292,0.375,0.42611747415652507,4.214449381605782,0.5357415627080611,0.3829208324711108,0.44561967895486204,ETTh1,raw,984,1080,raw:984:6,high,low
0,0.3180045887205396,0.0821193200335855,0.3624348305069384,0.5,0.715867171161179,4.2029572323955815,0.5338262045095532,0.25418624642035453,0.5832311252235775,ETTh1,raw,1008,1104,raw:1008:0,low,high
1,0.41053638178951135,0.3650659016324901,0.4897385943286945,0.75,0.9187775658414323,4.2029572323955815,0.5338262045095532,0.42178029258356525,0.7342012567836619,ETTh1,raw,1008,1104,raw:1008:1,high,high
2,0.18840472141818987,0.11611678425604174,0.37285277286603236,0.375,0.68320984272627,4.2029572323955815,0.5338262045095532,0.225791426180088,0.530678682411941,ETTh1,raw,1008,1104,raw:1008:2,low,mid
3,0.41669181251358356,0.2658131568961105,0.518511572221364,1.0,0.9125280523769327,4.2029572323955815,0.5338262045095532,0.4003388472103527,0.8154514189621619,ETTh1,raw,1008,1104,raw:1008:3,high,high
4,0.28974673696941655,0.01334510425786468,0.7185987663680073,0.875,0.8817191570393424,4.2029572323955815,0.5338262045095532,0.3405635358650962,0.7635151205162986,ETTh1,raw,1008,1104,raw:1008:4,mid,high
5,0.3199694473476571,0.12450900705998957,0.538626794345846,0.5,0.8899642662446837,4.2029572323955815,0.5338262045095532,0.32770174958449755,0.6412634902514123,ETTh1,raw,1008,1104,raw:1008:5,mid,high
6,0.23319830114285311,0.012474756697208187,0.5881495098908214,0.375,0.4421792924416381,4.2029572323955815,0.5338262045095532,0.2779408559102942,0.4503351656503971,ETTh1,raw,1008,1104,raw:1008:6,low,low
0,0.5180463438895229,0.05966574206780686,0.457329124699976,0.5,0.7027119479731996,4.129199871047571,0.5215333109720396,0.3450137368857686,0.5747484196484131,ETTh1,raw,1056,1152,raw:1056:0,mid,high
1,0.526678817412108,0.38209255654866225,0.4261899185166419,0.875,0.9464376251325297,4.129199871047571,0.5215333109720396,0.44498709749247073,0.7809903120348564,ETTh1,raw,1056,1152,raw:1056:1,high,high
2,0.4956645733396482,0.04590229774946161,0.433950130329532,0.375,0.7005418531953121,4.129199871047571,0.5215333109720396,0.32517233380621396,0.5323583880557838,ETTh1,raw,1056,1152,raw:1056:2,mid,mid
3,0.3550344934499907,0.3592005725478676,0.5259535585146239,0.75,0.9290677189829688,4.129199871047571,0.5215333109720396,0.41339620817082734,0.7335336766516695,ETTh1,raw,1056,1152,raw:1056:3,high,high
4,0.3083106938287329,0.2837558154363834,0.5150173642611372,0.5,0.8420265896839486,4.129199871047571,0.5215333109720396,0.3690279578420845,0.621186633551996,ETTh1,raw,1056,1152,raw:1056:4,mid,high
5,0.4945857607291043,0.5591222177568886,0.4426518126342702,0.75,0.9468770703689079,4.129199871047571,0.5215333109720396,0.4987865970400877,0.7394701271136491,ETTh1,raw,1056,1152,raw:1056:5,high,high
6,0.265242405165801,0.03367793289010183,0.4875501854422206,0.375,0.37638719887622557,4.129199871047571,0.5215333109720396,0.26215684116604115,0.4243068366160883,ETTh1,raw,1056,1152,raw:1056:6,low,low
0,0.3034075801391316,0.07299139701257515,0.40331453125313405,0.5,0.7269255315960438,4.051148925387372,0.5085248200503539,0.2599045028016136,0.5784834505487991,ETTh1,raw,1080,1176,raw:1080:0,low,high
1,0.37970163830043246,0.20309180238542973,0.5443824824651159,0.375,0.9513391653545223,4.051148925387372,0.5085248200503539,0.3757253077169927,0.6116213284682921,ETTh1,raw,1080,1176,raw:1080:1,mid,high
2,0.3832364963579469,0.05508605186685809,0.08172633364168957,0.375,0.7250859062856564,4.051148925387372,0.5085248200503539,0.17334962728883152,0.5362035754453367,ETTh1,raw,1080,1176,raw:1080:2,low,mid
3,0.5454640733063756,0.11896942615921172,0.5398031444621711,0.375,0.9410268324617692,4.051148925387372,0.5085248200503539,0.4014122146425862,0.6081838841707077,ETTh1,raw,1080,1176,raw:1080:3,high,high
4,0.05082548399426812,0.009632252723921455,0.48743683338690624,0.625,0.929926747769599,4.051148925387372,0.5085248200503539,0.18263152336836527,0.6878171892733177,ETTh1,raw,1080,1176,raw:1080:4,low,high
5,0.5166371238763072,0.07062239286966376,0.5451207806589614,0.5,0.9615585133150982,4.051148925387372,0.5085248200503539,0.37746009913497747,0.6566944444551507,ETTh1,raw,1080,1176,raw:1080:5,high,high
6,0.4893820786926948,0.06028536190608956,0.44976659372328215,0.25,0.4283996863965772,4.051148925387372,0.5085248200503539,0.3331446781073555,0.39564150214897703,ETTh1,raw,1080,1176,raw:1080:6,mid,low
0,0.23966518036864592,0.15538320196186411,0.3071157375729199,0.25,0.8823992841252871,3.6145403522342874,0.43575672464612003,0.2340547066344766,0.5227186695904691,ETTh1,raw,1128,1224,raw:1128:0,low,mid
1,0.4678074378618551,0.2390342287873407,0.4866141192276166,1.0,0.946299618515235,3.6145403522342874,0.43575672464612003,0.3978185952922708,0.794018781053785,ETTh1,raw,1128,1224,raw:1128:1,high,high
2,0.40143663251527284,0.10882228863874248,0.4721375983312187,0.25,0.8206555349981633,3.6145403522342874,0.43575672464612003,0.327465506495078,0.5021374198814278,ETTh1,raw,1128,1224,raw:1128:2,mid,mid
3,0.5356317924559446,0.18011581829982487,0.5567392065882472,1.0,0.85803837127949,3.6145403522342874,0.43575672464612003,0.4241622724480056,0.7645983653085366,ETTh1,raw,1128,1224,raw:1128:3,high,high
4,0.4670127305673346,0.11848616649497759,0.5860288529211323,0.625,0.9456958497144909,3.6145403522342874,0.43575672464612003,0.3905092499944815,0.6688175247868703,ETTh1,raw,1128,1224,raw:1128:4,high,high
5,0.5082185270439354,0.10942208963270633,0.38796842781433233,0.375,0.9073097966244423,3.6145403522342874,0.43575672464612003,0.33520301483032466,0.5726888404235208,ETTh1,raw,1128,1224,raw:1128:5,mid,high
6,0.5099200583021006,0.421283478573402,0.29637855486848447,0.375,0.7991214035753279,3.6145403522342874,0.43575672464612003,0.409194030581329,0.5366260427404826,ETTh1,raw,1128,1224,raw:1128:6,high,mid
0,0.5334274053230755,0.06155895300641133,0.6818669861438547,0.375,0.874043437159121,3.566345255161524,0.4277242084807137,0.4256177814911138,0.5589225485466116,ETTh1,raw,1152,1248,raw:1152:0,high,mid
1,0.5539189997990288,0.22434070927548647,0.59945906907043,0.75,0.8110301655724796,3.566345255161524,0.4277242084807137,0.4592395927149817,0.6629181246843978,ETTh1,raw,1152,1248,raw:1152:1,high,high
2,0.4783022000170234,0.1723415349407795,0.6105361718734033,0.375,0.8136984257267841,3.566345255161524,0.4277242084807137,0.4203933022770687,0.5388075447358326,ETTh1,raw,1152,1248,raw:1152:2,high,mid
3,0.4172249507279683,0.30669509962662367,0.6152330982117508,1.0,0.8360008308851165,3.566345255161524,0.4277242084807137,0.4463843828554476,0.7545750131219434,ETTh1,raw,1152,1248,raw:1152:3,high,high
4,0.6797769626051648,0.15834632487251465,0.31796265005922586,0.75,0.8691502143606771,3.566345255161524,0.4277242084807137,0.3853619791789685,0.6822914742804636,ETTh1,raw,1152,1248,raw:1152:4,high,high
5,0.7528833130952203,0.10334991399881088,0.4427893610582039,0.375,0.834049093678753,3.566345255161524,0.4277242084807137,0.4330075293840783,0.5455911007198222,ETTh1,raw,1152,1248,raw:1152:5,high,mid
6,0.5025185318986414,0.15968532566265933,0.689675744328897,0.125,0.6628920509776901,3.566345255161524,0.4277242084807137,0.45062653396339925,0.40520541981946795,ETTh1,raw,1152,1248,raw:1152:6,high,low
0,0.5493301769665129,0.13522510768919077,0.3972362858238259,0.25,0.7827343921604186,3.164465214513783,0.3607442018177235,0.3605971901598432,0.4644928646593807,ETTh1,raw,1176,1272,raw:1176:0,mid,mid
1,0.6262029792568418,0.1066420768725459,0.38696033060775575,0.875,0.8300655739394279,3.164465214513783,0.3607442018177235,0.37326846224571447,0.688603258585717,ETTh1,raw,1176,1272,raw:1176:1,mid,high
2,0.5213520427036744,0.06365884850752113,0.6838505786778377,0.25,0.5987799120699674,3.164465214513783,0.3607442018177235,0.4229538232963444,0.4031747046292303,ETTh1,raw,1176,1272,raw:1176:2,high,low
3,0.5840420417213104,0.14809396614998088,0.4471117539027695,1.0,0.8149489204961029,3.164465214513783,0.3607442018177235,0.3930825872580203,0.7252310407712755,ETTh1,raw,1176,1272,raw:1176:3,high,high
4,0.48518701262051633,0.16601130419479834,0.2784660967839772,0.75,0.9075233071192657,3.164465214513783,0.3607442018177235,0.30988813786643066,0.6727558363123297,ETTh1,raw,1176,1272,raw:1176:4,mid,high
5,0.6772720573965557,0.09896237460061649,0.17361519438325207,0.625,0.9413465879230354,3.164465214513783,0.3607442018177235,0.3166165421268081,0.6423635965802529,ETTh1,raw,1176,1272,raw:1176:5,mid,high
6,0.8360939489632702,0.19012431766079368,0.020160714771010186,0.375,0.8573089398773268,3.164465214513783,0.3607442018177235,0.348792993798358,0.5310177138983501,ETTh1,raw,1176,1272,raw:1176:6,mid,mid
0,0.43526436127195234,0.19210560258159134,0.26138556236410493,0.375,0.7198073747434233,3.658755198071836,0.4431258656067629,0.29625184207254956,0.5126444134500621,ETTh1,raw,1224,1320,raw:1224:0,mid,mid
1,0.4331715891368979,0.20459511140170938,0.3818218984380272,0.5,0.8807097154359391,3.658755198071836,0.4431258656067629,0.3398628663255448,0.6079451936809007,ETTh1,raw,1224,1320,raw:1224:1,mid,high
2,0.34054622357453246,0.09897272864618617,0.1558353908378537,0.25,0.5634680208108955,3.658755198071836,0.4431258656067629,0.1984514476861908,0.41886462880588615,ETTh1,raw,1224,1320,raw:1224:2,low,low
3,0.5491026702169812,0.17567929815984415,0.3577013864561984,0.25,0.8242306770301169,3.658755198071836,0.4431258656067629,0.36082778494434126,0.5057855142122932,ETTh1,raw,1224,1320,raw:1224:3,mid,mid
4,0.15678378775003488,0.420888074194592,0.4936584131448786,0.625,0.906337762970822,3.658755198071836,0.4431258656067629,0.3571100916965018,0.658154542859195,ETTh1,raw,1224,1320,raw:1224:4,mid,high
5,6.661338147750939e-16,0.41483743433022363,0.41854810544073445,1.0,0.9083527713153946,3.658755198071836,0.4431258656067629,0.27779517992365294,0.7838262123073858,ETTh1,raw,1224,1320,raw:1224:5,low,high
6,0.5393111137205855,0.4418733805752093,0.5719116102043847,0.375,0.8061854568644109,3.658755198071836,0.4431258656067629,0.5176987015000599,0.5414371074903913,ETTh1,raw,1224,1320,raw:1224:6,high,mid
0,0.20148530449365665,0.13973810124452096,0.4355289022947913,0.625,0.8036708683738922,3.745560197258105,0.4575933654470286,0.25891743601098965,0.6287547446069736,ETTh1,raw,1248,1344,raw:1248:0,low,high
1,0.3611212081810683,0.27653726824744984,0.35092378312294303,0.75,0.9140822837685064,3.745560197258105,0.4575933654470286,0.32952741985048706,0.7072252164051784,ETTh1,raw,1248,1344,raw:1248:1,mid,high
2,0.4578800733394953,0.17267162256876228,0.3676036677034611,0.375,0.6907698281452324,3.745560197258105,0.4575933654470286,0.3327184545372395,0.5077877311974203,ETTh1,raw,1248,1344,raw:1248:2,mid,mid
3,0.0012967311556404404,0.25583752483214667,0.3807768248449366,0.625,0.9298260013300772,3.745560197258105,0.4575933654470286,0.21263702694424125,0.6708064555923686,ETTh1,raw,1248,1344,raw:1248:3,low,high
4,0.3464442492325436,0.062216675395493845,0.5443686414257318,0.75,0.9624988934542853,3.745560197258105,0.4575933654470286,0.3176765220179231,0.723364086300438,ETTh1,raw,1248,1344,raw:1248:4,mid,high
5,0.17565367585837877,0.1041571577617629,0.6165548484228713,1.0,0.9858951031891177,3.745560197258105,0.4575933654470286,0.29878856068100434,0.8144961562120487,ETTh1,raw,1248,1344,raw:1248:5,mid,high
6,0.5005897033544762,0.39013044333965863,0.6043459648838032,0.25,0.6121299674081504,3.745560197258105,0.4575933654470286,0.49835537052597934,0.439907777618393,ETTh1,raw,1248,1344,raw:1248:6,high,low
0,0.6293458553120574,0.20834455933283075,0.26463099047284094,0.25,0.7886866683306986,3.788074694685894,0.46467911500651715,0.36744046837257643,0.5011219277790718,ETTh1,raw,1296,1392,raw:1296:0,mid,mid
1,0.6207182379824062,0.2360128984230963,0.5923265879184578,0.625,0.8227887553102263,3.788074694685894,0.46467911500651715,0.48301924144132014,0.6374892901055812,ETTh1,raw,1296,1392,raw:1296:1,high,high
2,0.6563251482174955,0.20391613602765524,0.5319871832038184,0.25,0.7438673115073482,3.788074694685894,0.46467911500651715,0.46407615581632305,0.4861821421712884,ETTh1,raw,1296,1392,raw:1296:2,high,mid
3,0.21671397451460694,0.20651677749549424,0.5335852786843837,0.875,0.8801367218272828,3.788074694685894,0.46467911500651715,0.31893867689816163,0.7399386122779332,ETTh1,raw,1296,1392,raw:1296:3,mid,high
4,0.7851967587322299,0.07782889728108751,0.6190417436797653,0.625,0.8477262464801885,3.788074694685894,0.46467911500651715,0.49402246656436094,0.6458017871622351,ETTh1,raw,1296,1392,raw:1296:4,high,high
5,0.42297926173824696,0.13527980465832262,0.5023220389406139,0.75,0.8254903959510397,3.788074694685894,0.46467911500651715,0.35352703511239447,0.6800565036525189,ETTh1,raw,1296,1392,raw:1296:5,mid,high
6,0.5695336040477976,0.2027971840680938,0.05232341181501491,0.125,0.661777769205444,3.788074694685894,0.46467911500651715,0.2748847333103021,0.41715229473732035,ETTh1,raw,1296,1392,raw:1296:6,low,low
0,0.7612853949932313,0.1483773533757905,0.5957345384545527,0.25,0.69641490551833,3.6944317058183582,0.4490719502212731,0.5017990956078582,0.4651622852465344,ETTh1,raw,1320,1416,raw:1320:0,high,mid
1,0.3860683783576053,0.20993254586824978,0.7243734241273407,0.875,0.8500049849017964,3.6944317058183582,0.4490719502212731,0.4401247827843986,0.7246923117076899,ETTh1,raw,1320,1416,raw:1320:1,high,high
2,0.7403687596329347,0.07176792885915845,0.17818839337761933,0.25,0.6781155512502912,3.6944317058183582,0.4490719502212731,0.3301083606232375,0.4590625004905215,ETTh1,raw,1320,1416,raw:1320:2,mid,mid
3,0.622769778675839,0.26743428250126816,0.596396518379428,1.0,0.8668717360852333,3.6944317058183582,0.4490719502212731,0.495533526518845,0.7719812287688356,ETTh1,raw,1320,1416,raw:1320:3,high,high
4,0.7826310738756608,0.10590920550191527,0.6474247187232995,0.75,0.8584764565358224,3.6944317058183582,0.4490719502212731,0.5119883327002919,0.6858494689190319,ETTh1,raw,1320,1416,raw:1320:4,high,high
5,0.03273304149851852,0.2579653018822016,0.5162201694309895,0.625,0.8196199755409642,3.6944317058183582,0.4490719502212731,0.26897283760390317,0.6312306419207458,ETTh1,raw,1320,1416,raw:1320:5,low,high
6,0.5572666230081293,0.3001868822001841,0.040168799530526864,0.125,0.6625501373025064,3.6944317058183582,0.4490719502212731,0.29920743491294677,0.4122073625079265,ETTh1,raw,1320,1416,raw:1320:6,mid,low
0,0.7663568303332206,0.4934180030356395,0.7488812152434294,0.375,0.7909786601699794,2.8961214374865683,0.3160202390543943,0.6695520162040965,0.4939996330747913,ETTh1,raw,1344,1440,raw:1344:0,high,mid
1,0.40335382078734916,0.3275240972414363,0.5307283114894782,1.0,0.9575129185048885,2.8961214374865683,0.3160202390543943,0.42053540983942117,0.7578443858530943,ETTh1,raw,1344,1440,raw:1344:1,high,high
2,0.7702417914507631,0.6640222163601965,0.9473658334043059,0.375,0.781881546039381,2.8961214374865683,0.3160202390543943,0.7938766137384219,0.4909672616979251,ETTh1,raw,1344,1440,raw:1344:2,high,mid
3,0.4307806460601318,0.4173201402360309,0.4913771905587159,1.0,0.9425921364771328,2.8961214374865683,0.3160202390543943,0.4464926589516262,0.7528707918438423,ETTh1,raw,1344,1440,raw:1344:3,high,high
4,0.036603138650039724,0.2176480809130633,0.42208010071265795,0.75,0.8555234770551601,2.8961214374865683,0.3160202390543943,0.22544377342525368,0.6405145720365181,ETTh1,raw,1344,1440,raw:1344:4,low,high
5,0.2304346655230861,0.23572864826510376,0.45686822060135224,0.5,0.8287083649940945,2.8961214374865683,0.3160202390543943,0.30767717812984735,0.548242868016163,ETTh1,raw,1344,1440,raw:1344:5,mid,mid
6,0.17281422982803873,0.3139929749514808,0.3939230100502257,0.25,0.7176632323212726,2.8961214374865683,0.3160202390543943,0.29357673827658176,0.4278944904585556,ETTh1,raw,1344,1440,raw:1344:6,mid,low
0,0.9993064045105221,0.2011933798041841,0.346857402616945,0.25,0.7604701745138513,3.226814680761594,0.3711357795083727,0.5157857289772171,0.46053531800740805,ETTh1,raw,1392,1488,raw:1392:0,high,mid
1,0.9999999942045877,0.2989886898266042,0.32431123858833133,0.875,0.9633911715275977,3.226814680761594,0.3711357795083727,0.5410999742065078,0.7365089836786568,ETTh1,raw,1392,1488,raw:1392:1,high,high
2,0.9939760141607711,0.09055641617638639,0.2730442524649658,0.25,0.846173500282303,3.226814680761594,0.3711357795083727,0.45252556093404106,0.48910309326355855,ETTh1,raw,1392,1488,raw:1392:2,high,mid
3,0.999999991731397,0.20318640395954546,0.27043186078224335,1.0,0.9668637778517758,3.226814680761594,0.3711357795083727,0.4912060854910619,0.7793331857867162,ETTh1,raw,1392,1488,raw:1392:3,high,high
4,0.944611712750172,0.371574819370586,0.5570116645952443,0.125,0.9171424959620309,3.226814680761594,0.3711357795083727,0.6243993989053341,0.47109275849013454,ETTh1,raw,1392,1488,raw:1392:4,high,mid
5,0.9518073481148888,0.35183525871485694,0.5255549503609568,0.5,0.8491923488298551,3.226814680761594,0.3711357795083727,0.6097325190635675,0.573442709446076,ETTh1,raw,1392,1488,raw:1392:5,high,high
6,0.9649384997832194,0.29045659514714395,0.23967984438841725,0.125,0.5870370416806077,3.226814680761594,0.3711357795083727,0.49835831310626016,0.36105760706299345,ETTh1,raw,1392,1488,raw:1392:6,high,low
0,0.9985753954820328,0.14530642031318186,0.1872626806545366,0.25,0.8210623161036231,3.237590608154511,0.3729317674041989,0.4437148321499171,0.48133136116927405,ETTh1,raw,1416,1512,raw:1416:0,high,mid
1,0.8999250822725531,0.23102942384606492,0.999999995925295,0.625,0.9131378931000561,3.237590608154511,0.3729317674041989,0.710318167347971,0.637023220168085,ETTh1,raw,1416,1512,raw:1416:1,high,high
2,0.9055691879915158,0.27502075723342445,0.25962887359906767,0.125,0.7415370253801845,3.237590608154511,0.3729317674041989,0.4800729396080026,0.4131562642614612,ETTh1,raw,1416,1512,raw:1416:2,high,low
3,0.7476937117583362,0.2071978880613855,0.9393255007521525,1.0,0.9665295161150348,3.237590608154511,0.3729317674041989,0.6314057001906247,0.7798204278397445,ETTh1,raw,1416,1512,raw:1416:3,high,high
4,0.5451479082842978,0.03264127229388707,0.26053122938320705,0.5,0.825725077205541,3.237590608154511,0.3729317674041989,0.2794401366537973,0.5662189482032466,ETTh1,raw,1416,1512,raw:1416:4,mid,high
5,0.8303058485471617,0.19424918290700477,0.39124233226796323,0.5,0.8610405429344417,3.237590608154511,0.3729317674041989,0.47193245457404326,0.5779907701128802,ETTh1,raw,1416,1512,raw:1416:5,high,high
6,0.9765394052503211,0.47603888141930384,0.8329613029169228,0.125,0.6796024789352717,3.237590608154511,0.3729317674041989,0.7618465298621825,0.3925114154464902,ETTh1,raw,1416,1512,raw:1416:6,high,low
0,0.9962398878715413,0.11694153311302091,0.12405778572228737,0.5,0.8998471332016635,3.067384010860777,0.3445640012358561,0.4124130689022832,0.5814703781458399,ETTh1,raw,1464,1560,raw:1464:0,high,high
1,0.9308513227145684,0.20086486361130862,0.5325126660864381,0.5,0.9143682375573454,3.067384010860777,0.3445640012358561,0.554742950804105,0.5863107462644005,ETTh1,raw,1464,1560,raw:1464:1,high,high
2,0.8509088184427094,0.2867471421580727,0.15390318008910667,0.125,0.8541564909631939,3.067384010860777,0.3445640012358561,0.43051971356329627,0.44124016406634997,ETTh1,raw,1464,1560,raw:1464:2,high,low
3,0.836314404540193,0.20331610524311716,0.5520327852473171,1.0,0.9662008665966977,3.067384010860777,0.3445640012358561,0.5305544316768757,0.7702549559441846,ETTh1,raw,1464,1560,raw:1464:3,high,high
4,0.6962247350387454,0.029956935606062107,0.6283070537695126,0.5,0.8065062536329867,3.067384010860777,0.3445640012358561,0.45149624147144,0.5503567516229476,ETTh1,raw,1464,1560,raw:1464:4,high,mid
5,0.8885494620798109,0.09337785236946985,0.3109309552228011,0.625,0.8633745855193766,3.067384010860777,0.3445640012358561,0.4309527565573606,0.6109795289184109,ETTh1,raw,1464,1560,raw:1464:5,high,high
6,0.9925142172969265,0.35076238701148965,0.7240916813590326,0.25,0.6009509389549553,3.067384010860777,0.3445640012358561,0.6891227618891497,0.3985049800636038,ETTh1,raw,1464,1560,raw:1464:6,high,low
0,0.46593048463662545,0.09318716785284653,0.48618637220765243,0.375,0.7639881920143434,2.846356754421668,0.3077261252240678,0.34843467489904145,0.48223810574613707,ETTh1,raw,1488,1584,raw:1488:0,mid,mid
1,0.27376565896539873,0.18410399510772735,0.4283776316455136,0.375,0.8922460992058416,2.846356754421668,0.3077261252240678,0.2954157619062132,0.5249907414766365,ETTh1,raw,1488,1584,raw:1488:1,mid,mid
2,0.29568087559288003,0.05327231505707903,0.4559818269053443,0.125,0.6431987833315865,2.846356754421668,0.3077261252240678,0.26831167251843446,0.3586416361852181,ETTh1,raw,1488,1584,raw:1488:2,low,low
3,0.3071658395766198,0.23141607391284974,0.38933966046281415,0.375,0.8907633203917391,2.846356754421668,0.3077261252240678,0.3093071913174279,0.5244964818719356,ETTh1,raw,1488,1584,raw:1488:3,mid,mid
4,0.2856605751295582,0.032599839211025154,0.5359382415396089,0.625,0.8612893610363475,2.846356754421668,0.3077261252240678,0.2847328852933974,0.5980051620868051,ETTh1,raw,1488,1584,raw:1488:4,mid,high
5,0.25431177589923504,0.06819228315243131,0.5684215778459298,0.75,0.891889238975018,2.846356754421668,0.3077261252240678,0.2969752122991987,0.6498717880663619,ETTh1,raw,1488,1584,raw:1488:5,mid,high
6,0.3771015334860972,0.17818091130050334,0.46587725506775585,0.25,0.5560095181616319,2.846356754421668,0.3077261252240678,0.3403865666181188,0.3712452144618999,ETTh1,raw,1488,1584,raw:1488:6,mid,low
0,0.53015160072868,0.1350679379564813,0.43640516919357686,0.5,0.7357683074049869,3.245601345337735,0.37426689026584437,0.36720823595957935,0.5366783992236105,ETTh1,raw,1512,1608,raw:1512:0,mid,mid
1,0.4617439351849535,0.11892683666873335,0.6238892572349455,0.625,0.7646990176960119,3.245601345337735,0.37426689026584437,0.40152000969621077,0.5879886359872855,ETTh1,raw,1512,1608,raw:1512:1,high,high
2,0.4556711322030019,0.087159576061512,0.4569531350289469,0.125,0.6585636920379213,3.245601345337735,0.37426689026584437,0.3332612810978203,0.3859435274345886,ETTh1,raw,1512,1608,raw:1512:2,mid,low
3,0.40221955399525067,0.1464535260217876,0.5162638557528615,0.5,0.8099112691249224,3.245601345337735,0.37426689026584437,0.3549789785899666,0.5613927197969223,ETTh1,raw,1512,1608,raw:1512:3,mid,high
4,0.5097902209947858,0.5523366561036155,0.28965621513594686,0.5,0.9078574771526071,3.245601345337735,0.37426689026584437,0.450594364078116,0.5940414558061505,ETTh1,raw,1512,1608,raw:1512:4,high,high
5,0.6694194311680579,0.2632131438320582,0.18736480917248005,0.5,0.853789614322614,3.245601345337735,0.37426689026584437,0.37333246139086534,0.5760188348628195,ETTh1,raw,1512,1608,raw:1512:5,mid,high
6,0.4085133222824757,0.05557956842710697,0.14511615412009793,0.125,0.5284846849789877,3.245601345337735,0.37426689026584437,0.20306968160989355,0.34258385841494404,ETTh1,raw,1512,1608,raw:1512:6,low,low
0,0.3278519030737457,0.030509751173408615,0.6241408054059246,0.375,0.7050369085232076,3.162034803991753,0.3603391333980603,0.32750081988435964,0.4801253473070893,ETTh1,raw,1560,1656,raw:1560:0,mid,mid
1,0.18190308791991872,0.051689286742779686,0.6026845287243388,0.375,0.7461579976474784,3.162034803991753,0.3603391333980603,0.27875896779567905,0.49383237701517957,ETTh1,raw,1560,1656,raw:1560:1,mid,mid
2,0.16809074752576447,0.03942850735136015,0.6346984875340523,0.25,0.6210603528824523,3.162034803991753,0.3603391333980603,0.2807392474703923,0.41046649542683755,ETTh1,raw,1560,1656,raw:1560:2,mid,low
3,0.41076794103250336,0.07689440176562996,0.7081248021590896,0.375,0.761677440031082,3.162034803991753,0.3603391333980603,0.3985957149857409,0.49900552447638075,ETTh1,raw,1560,1656,raw:1560:3,high,mid
4,0.5632932030288478,0.33652025433483274,0.5445168668063335,0.625,0.9462040445062173,3.162034803991753,0.3603391333980603,0.4814434413900046,0.6438477259680925,ETTh1,raw,1560,1656,raw:1560:4,high,high
5,0.5303124215706886,0.26323434319052297,0.5384612477915347,0.5,0.8865866397107937,3.162034803991753,0.3603391333980603,0.44400267085091544,0.5823085910362846,ETTh1,raw,1560,1656,raw:1560:5,high,high
6,0.7651833980048148,0.29254731957430014,0.18735863682213097,0.25,0.6499637402488101,3.162034803991753,0.3603391333980603,0.41502978480041536,0.4201009578822901,ETTh1,raw,1560,1656,raw:1560:6,high,low
0,0.37737449213934005,0.19272693658652912,0.6854703488357657,0.25,0.7588526091025606,3.145198614812962,0.3575331018729385,0.41852392585387826,0.4554619036584997,ETTh1,raw,1584,1680,raw:1584:0,high,mid
1,0.3146198005748322,0.1306551542131354,0.6405854717754034,0.25,0.7501358861331752,3.145198614812962,0.3575331018729385,0.3619534755211236,0.4525563293353712,ETTh1,raw,1584,1680,raw:1584:1,mid,low
2,0.40840267418824194,0.17057673081495067,0.5524119506833162,0.25,0.8226633596147745,3.145198614812962,0.3575331018729385,0.377130451895503,0.47673215382923767,ETTh1,raw,1584,1680,raw:1584:2,high,mid
3,0.45355002678126255,0.12761072917758423,0.49770331121096656,0.25,0.8732361316583717,3.145198614812962,0.3575331018729385,0.3596213557232711,0.49358974451043675,ETTh1,raw,1584,1680,raw:1584:3,mid,mid
4,0.11514631639620032,0.06826122193960574,0.21915572322818969,0.75,0.8452004415395877,3.145198614812962,0.3575331018729385,0.13418775385466525,0.6509111811375088,ETTh1,raw,1584,1680,raw:1584:4,low,high
5,0.36640106404225115,0.08124206372568929,0.16574810051268557,0.625,0.8282235380302027,3.145198614812962,0.3575331018729385,0.20446374276020865,0.6035855466343804,ETTh1,raw,1584,1680,raw:1584:5,low,high
6,0.4105668767276326,0.353805208196577,0.003455779099778961,0.125,0.6523593502139349,3.145198614812962,0.3575331018729385,0.25594262134132956,0.37829748402895785,ETTh1,raw,1584,1680,raw:1584:6,low,low
0,0.3836108816037671,0.1418039479092992,0.31048405211958335,0.25,0.6455398169573733,3.3446939995586478,0.39078233260847073,0.27863296054421655,0.4287740498552813,ETTh1,raw,1632,1728,raw:1632:0,low,low
1,0.34499045633228953,0.19568939828911514,0.2919365249749465,0.375,0.7258402013069407,3.3446939995586478,0.39078233260847073,0.2775387931987837,0.49720751130513713,ETTh1,raw,1632,1728,raw:1632:1,low,mid
2,0.6323605532245792,0.11293799875576517,0.296296768703845,0.25,0.6961378558169041,3.3446939995586478,0.39078233260847073,0.3471984402280632,0.4456400628084583,ETTh1,raw,1632,1728,raw:1632:2,mid,low
3,0.3414199998702746,0.2052185072510701,0.4076163608210627,0.75,0.7975099698836229,3.3446939995586478,0.39078233260847073,0.31808495598080244,0.6460974341640312,ETTh1,raw,1632,1728,raw:1632:3,mid,high
4,0.18607650654817143,0.38245421707546956,0.3333031459623487,0.625,0.8629649103140312,3.3446939995586478,0.39078233260847073,0.3006112898619966,0.6262490809741673,ETTh1,raw,1632,1728,raw:1632:4,mid,high
5,0.23331841677454135,0.2596576741942058,0.38217229131095914,0.375,0.7904272050980912,3.3446939995586478,0.39078233260847073,0.29171612742656877,0.518736512568854,ETTh1,raw,1632,1728,raw:1632:5,mid,mid
6,0.65636164661925,0.16443368100589936,0.1543212607443135,0.25,0.6217211482286186,3.3446939995586478,0.39078233260847073,0.32503886278982097,0.42083449361236314,ETTh1,raw,1632,1728,raw:1632:6,mid,low
0,0.17862145176812894,0.08594750657452971,0.2742684997636165,0.25,0.6482764507949378,3.473182417565158,0.41219706890719787,0.17961248603542504,0.43682450656737853,ETTh1,raw,1656,1752,raw:1656:0,low,low
1,0.1098923217254737,0.25641436151897157,0.30484148202206185,0.375,0.7831530877006078,3.473182417565158,0.41219706890719787,0.2237160550888357,0.5234500522026019,ETTh1,raw,1656,1752,raw:1656:1,low,mid
2,0.500136844899659,0.057987386473377575,0.027921653825138778,0.375,0.6519390344989601,3.473182417565158,0.41219706890719787,0.1953486283993918,0.47971203446871935,ETTh1,raw,1656,1752,raw:1656:2,low,mid
3,0.14751420140137406,0.21651583508084649,0.3226427740814545,0.75,0.8675907972836308,3.473182417565158,0.41219706890719787,0.22889093685455833,0.6765959553969428,ETTh1,raw,1656,1752,raw:1656:3,low,high
4,0.11513029153908949,0.026186193749274507,0.3670167001520701,0.75,0.944556910929123,3.473182417565158,0.41219706890719787,0.16944439514681134,0.702251326612107,ETTh1,raw,1656,1752,raw:1656:4,low,high
5,0.1625177295103356,0.060665139291078723,0.38850047600530246,0.375,0.8246225280808839,3.473182417565158,0.41219706890719787,0.2038944482689056,0.5372731989960272,ETTh1,raw,1656,1752,raw:1656:5,low,mid
6,0.5404407183127344,0.23469636166517538,0.34259213567576785,0.25,0.7106335245671939,3.473182417565158,0.41219706890719787,0.3725764052178926,0.4576101978247973,ETTh1,raw,1656,1752,raw:1656:6,mid,mid
0,0.37498254090138194,0.03707819360386398,0.5203672264177659,0.375,0.6089772899998533,3.37490722108011,0.3958178695203219,0.3108093203076706,0.4599317198400584,ETTh1,raw,1704,1800,raw:1704:0,mid,mid
1,0.4815446089348995,0.11778762081283498,0.6734083236185647,0.25,0.772679676065593,3.37490722108011,0.3958178695203219,0.42424685112209976,0.47283251519530495,ETTh1,raw,1704,1800,raw:1704:1,high,mid
2,0.4958760118162987,0.041121511333058164,0.5043436750620068,0.25,0.6309661374980138,3.37490722108011,0.3958178695203219,0.34711373273712126,0.42559466900611187,ETTh1,raw,1704,1800,raw:1704:2,mid,low
3,0.43961800894302905,0.24287219081829398,0.6214444400370529,0.875,0.9338236426072398,3.37490722108011,0.3958178695203219,0.434644879932792,0.7348805040425206,ETTh1,raw,1704,1800,raw:1704:3,high,high
4,0.4996776402462936,0.0491708806186304,0.3395156579078598,0.75,0.8005531747470386,3.37490722108011,0.3958178695203219,0.29612139292426126,0.6487903480891201,ETTh1,raw,1704,1800,raw:1704:4,mid,high
5,0.37740499515542014,0.12778752205797103,0.2442383262112856,0.5,0.8083553386922384,3.37490722108011,0.3958178695203219,0.24981028114155893,0.5680577360708534,ETTh1,raw,1704,1800,raw:1704:5,low,high
6,0.6420903741570889,0.19707263330872193,0.09179257163941726,0.25,0.6933925756773679,3.37490722108011,0.3958178695203219,0.31031852636840934,0.4464034817325633,ETTh1,raw,1704,1800,raw:1704:6,mid,low
0,0.2557887456471959,0.13976408027779505,0.4028515179965443,0.375,0.6824472233682731,3.28919667024505,0.3815327777382871,0.26613478130717844,0.47966000036885337,ETTh1,raw,1728,1824,raw:1728:0,low,mid
1,0.049328704535279044,0.10334485569401013,0.5064527015148543,0.25,0.814511901636274,3.28919667024505,0.3815327777382871,0.21970875391471453,0.48201489312485374,ETTh1,raw,1728,1824,raw:1728:1,low,mid
2,0.4363575114003788,0.13704158835653577,0.25058568681089866,0.25,0.6635235726000565,3.28919667024505,0.3815327777382871,0.27466159552260444,0.43168545011278114,ETTh1,raw,1728,1824,raw:1728:2,low,low
3,0.13979072101794088,0.19028565226975092,0.5153693616712931,0.75,0.8795840330643785,3.28919667024505,0.3815327777382871,0.2818152449863283,0.6703722702675551,ETTh1,raw,1728,1824,raw:1728:3,mid,high
4,0.5387296272903377,0.07426205976097726,0.5746357153387742,0.625,0.8530311434525042,3.28919667024505,0.3815327777382871,0.39587580079669643,0.6198546403969304,ETTh1,raw,1728,1824,raw:1728:4,high,high
5,0.3742007668771721,0.12009687347347855,0.748751222949247,0.375,0.8044337344480561,3.28919667024505,0.3815327777382871,0.4143496210999659,0.5203221707287811,ETTh1,raw,1728,1824,raw:1728:5,high,mid
6,0.247174090096987,0.012618816922558262,0.12235427889671383,0.25,0.699354326027948,3.28919667024505,0.3815327777382871,0.1273823953054197,0.44362903458874503,ETTh1,raw,1728,1824,raw:1728:6,low,low
0,0.5175587356737565,0.0802609153033398,0.1558503012849187,0.375,0.6607008025144305,3.1961560641894216,0.3660260100881936,0.25122331742067167,0.4672422708675414,ETTh1,raw,1752,1848,raw:1752:0,low,mid
1,0.5845120201838363,0.14747207374169738,0.44548745059986783,0.25,0.845744710464829,3.1961560641894216,0.3660260100881936,0.3924905148418005,0.48725690685100753,ETTh1,raw,1752,1848,raw:1752:1,high,mid
2,0.4844138230107812,0.12400576082256365,0.10793693090971129,0.125,0.6831083708865717,3.1961560641894216,0.3660260100881936,0.23878550491435205,0.3913781269915884,ETTh1,raw,1752,1848,raw:1752:2,low,low
3,0.719701339533946,0.20254585095450564,0.4413718424301041,0.375,0.9001602923520079,3.1961560641894216,0.3660260100881936,0.4545396776395186,0.5470621008134006,ETTh1,raw,1752,1848,raw:1752:3,high,mid
4,0.3437705292893172,0.042537625412040446,0.41753042541085833,0.625,0.7444379056172802,3.1961560641894216,0.3660260100881936,0.2679461933707386,0.5784879719018247,ETTh1,raw,1752,1848,raw:1752:4,low,high
5,0.28471214947805235,0.06394919613365893,0.41799761186929973,0.375,0.7374081975145071,3.1961560641894216,0.3660260100881936,0.25555298582700364,0.4928114025342336,ETTh1,raw,1752,1848,raw:1752:5,low,mid
6,0.5621371419398552,0.32743324297448195,0.015392343332661809,0.125,0.6399603894567669,3.1961560641894216,0.3660260100881936,0.30165424274899966,0.37699546651498683,ETTh1,raw,1752,1848,raw:1752:6,mid,low
0,0.6847425376897642,0.46722623785821205,0.26772402776982873,0.25,0.8496294583266317,2.9900390928119975,0.3316731815825443,0.4732309344392683,0.47710087996972533,ETTh1,raw,1800,1896,raw:1800:0,high,mid
1,0.55273840715391,0.3341195869180732,0.3890772072466068,0.125,0.8767603084791694,2.9900390928119975,0.3316731815825443,0.42531173377286335,0.4444778300205712,ETTh1,raw,1800,1896,raw:1800:1,high,low
2,0.5895087191007048,0.5507480802994258,0.20623899370927562,0.125,0.7964878128263159,2.9900390928119975,0.3316731815825443,0.44883193103646873,0.41772033146962007,ETTh1,raw,1800,1896,raw:1800:2,high,low
3,0.7237327957827251,0.35242009230724575,0.40217730013434944,0.125,0.8342526950893611,2.9900390928119975,0.3316731815825443,0.49277672940810674,0.4303086255573018,ETTh1,raw,1800,1896,raw:1800:3,high,low
4,0.28975880679831234,0.2932176054421618,0.36369100115014863,0.625,0.8761182420685296,2.9900390928119975,0.3316731815825443,0.3155558044635409,0.610930474550358,ETTh1,raw,1800,1896,raw:1800:4,mid,high
5,0.26539555248568025,0.15178698244944877,0.45367233220662667,0.375,0.827559074305205,2.9900390928119975,0.3316731815825443,0.2902849557139186,0.5114107519625831,ETTh1,raw,1800,1896,raw:1800:5,mid,mid
6,0.4109429904743711,0.18897426651291743,0.0011496340159568806,0.125,0.5264316576415453,2.9900390928119975,0.3316731815825443,0.20035563033441517,0.32770161307469653,ETTh1,raw,1800,1896,raw:1800:6,low,low
0,0.4462572571654211,0.1289621940266088,0.341948183874912,0.25,0.8004060267383251,1.981002204662849,0.16350036717130756,0.30572254502231394,0.4046354646365442,ETTh1,raw,1824,1920,raw:1824:0,mid,low
1,0.5956153900579031,0.08928179278316337,0.2386325580841897,0.25,0.8506324322497912,1.981002204662849,0.16350036717130756,0.3078432469750854,0.4213775998070329,ETTh1,raw,1824,1920,raw:1824:1,mid,low
2,0.6911732208748571,0.3023833112057374,0.32556383516546655,0.125,0.7639311077622186,1.981002204662849,0.16350036717130756,0.4397067890820204,0.3508104916445087,ETTh1,raw,1824,1920,raw:1824:2,high,low
3,0.5823499386264717,0.11141265358340272,0.33248017474987424,0.25,0.8530496577431552,1.981002204662849,0.16350036717130756,0.34208092231991616,0.42218334163815424,ETTh1,raw,1824,1920,raw:1824:3,mid,low
4,0.30157545906839134,0.010424204587343855,0.34682813867261386,0.5,0.9231720954788664,1.981002204662849,0.16350036717130756,0.219609267442783,0.5288908208833912,ETTh1,raw,1824,1920,raw:1824:4,low,mid
5,0.6569017492713807,0.039134869736232064,0.28756004147706465,0.375,0.834320305020536,1.981002204662849,0.16350036717130756,0.32786555349489244,0.4576068907306145,ETTh1,raw,1824,1920,raw:1824:5,mid,mid
6,0.6672381373798761,0.6839830151195683,0.29022899112426753,0.25,0.8441299649105478,1.981002204662849,0.16350036717130756,0.5471500478745707,0.4192101106939518,ETTh1,raw,1824,1920,raw:1824:6,high,low
0,0.4816167680264083,0.1751787460421717,0.3075979984204603,0.375,0.6279237683115543,2.4116059648886385,0.2352676604226603,0.3214645041630134,0.4127304762447382,ETTh1,raw,1872,1968,raw:1872:0,mid,low
1,0.34448056899065327,0.1848787004351505,0.5933707232197033,0.625,0.7845063688026583,2.4116059648886385,0.2352676604226603,0.37424333088183576,0.5482580097417729,ETTh1,raw,1872,1968,raw:1872:1,mid,mid
2,0.2746946869071655,0.107340764367482,0.28075245459703296,0.25,0.5933378642044191,2.4116059648886385,0.2352676604226603,0.2209293019572268,0.35953517487569314,ETTh1,raw,1872,1968,raw:1872:2,low,low
3,0.37609357557954226,0.32012100903602947,0.57832946002304,0.75,0.8777244480856012,2.4116059648886385,0.2352676604226603,0.4248480148795372,0.6209973695027539,ETTh1,raw,1872,1968,raw:1872:3,high,high
4,0.1057837119170788,0.008314793173668723,0.4248156038584516,0.625,0.7790523464612868,2.4116059648886385,0.2352676604226603,0.1796380363163997,0.5464400022946491,ETTh1,raw,1872,1968,raw:1872:4,low,mid
5,0.21002435090213167,0.04991651556597017,0.5131663922397904,0.5,0.7327258805814797,2.4116059648886385,0.2352676604226603,0.2577024195692974,0.4893311803347133,ETTh1,raw,1872,1968,raw:1872:5,low,mid
6,0.2521725724406715,0.0828241375208611,0.28479953544302056,0.25,0.5321580131436713,2.4116059648886385,0.2352676604226603,0.20659874846818438,0.3391418911887772,ETTh1,raw,1872,1968,raw:1872:6,low,low
0,0.18844556938475054,0.0295120189463471,0.48655389665462606,0.25,0.561187456544887,2.9307515267244253,0.3217919205844177,0.2348371616619079,0.3776597923764349,ETTh1,raw,1896,1992,raw:1896:0,low,low
1,0.23529190523649457,0.15988001486167325,0.47778515427560075,0.375,0.8072462751778299,2.9307515267244253,0.3217919205844177,0.29098569145792286,0.5013460652540825,ETTh1,raw,1896,1992,raw:1896:1,mid,mid
2,0.10887539636948462,0.08820845152820436,0.43690033054467564,0.25,0.5668407070848305,2.9307515267244253,0.3217919205844177,0.21132805948078823,0.37954420922308274,ETTh1,raw,1896,1992,raw:1896:2,low,low
3,0.23345156280884571,0.10263370544796535,0.5724069932601471,0.375,0.8337098945312015,2.9307515267244253,0.3217919205844177,0.30283075383898606,0.5101672717052064,ETTh1,raw,1896,1992,raw:1896:3,mid,mid
4,0.20459471014212482,0.01675471288319688,0.5218131300132662,0.625,0.8431304010295876,2.9307515267244253,0.3217919205844177,0.24772085101286265,0.5966407738713352,ETTh1,raw,1896,1992,raw:1896:4,low,high
5,0.31341916841354966,0.035437770170943024,0.4816645549325154,0.5,0.8013951658871301,2.9307515267244253,0.3217919205844177,0.2768404978390027,0.5410623621571826,ETTh1,raw,1896,1992,raw:1896:5,low,mid
6,0.4384665984537236,0.04670219740182574,0.1909378604300487,0.25,0.4951768676829282,2.9307515267244253,0.3217919205844177,0.2253688854285327,0.355656262755782,ETTh1,raw,1896,1992,raw:1896:6,low,low
0,0.06115295096574436,0.08058444755648425,0.3208948520712248,0.375,0.5801105196013273,3.116959587009534,0.352826597246878,0.1542107501978178,0.43597903894940176,ETTh1,raw,1920,2016,raw:1920:0,low,low
1,0.3543714100735268,0.1458440630392076,0.5067912459630605,0.375,0.8016672910456604,3.116959587009534,0.352826597246878,0.3356689063585983,0.5098312960975128,ETTh1,raw,1920,2016,raw:1920:1,mid,mid
2,0.1433350762461948,0.11123295151395751,0.33836720026819117,0.25,0.6433921927778814,3.116959587009534,0.352826597246878,0.19764507600944783,0.4154062633415865,ETTh1,raw,1920,2016,raw:1920:2,low,low
3,0.6111726341418271,0.35254775438830077,0.5684982177111125,0.875,0.863385703899713,3.116959587009534,0.352826597246878,0.5107395354137468,0.6970707670488636,ETTh1,raw,1920,2016,raw:1920:3,high,high
4,0.08651810613814936,0.011358668605590354,0.3713006020888073,0.625,0.7775655478014042,3.116959587009534,0.352826597246878,0.15639245894418233,0.5851307150160941,ETTh1,raw,1920,2016,raw:1920:4,low,high
5,0.33708988403186335,0.0456965477832687,0.509930920589136,0.625,0.7683976084543347,3.116959587009534,0.352826597246878,0.2975724508014227,0.5820747352337375,ETTh1,raw,1920,2016,raw:1920:5,mid,high
6,0.06227305625188473,0.10178971713889248,0.5044912790462845,0.25,0.5332646077152761,3.116959587009534,0.352826597246878,0.22285135081235394,0.37869706832071803,ETTh1,raw,1920,2016,raw:1920:6,low,low
0,0.15463741900326944,0.09191973538290638,0.2684408199262009,0.375,0.6323778384713825,3.1168592509011446,0.35280987456217433,0.1716659914374589,0.453395904344519,ETTh1,raw,1968,2064,raw:1968:0,low,low
1,0.3370126526839379,0.21142928865152083,0.4299889154105824,0.25,0.8519746513774284,3.1168592509011446,0.35280987456217433,0.326143618915347,0.4849281753132009,ETTh1,raw,1968,2064,raw:1968:1,mid,mid
2,0.1154476974475841,0.045739735228260914,0.15577119011145804,0.25,0.639983635617509,3.1168592509011446,0.35280987456217433,0.10565287426243435,0.4142645033932278,ETTh1,raw,1968,2064,raw:1968:2,low,low
3,0.42933771317160585,0.39699066801103317,0.4001956898071478,0.375,0.9155644074691888,3.1168592509011446,0.35280987456217433,0.40884135699659563,0.5477914273437877,ETTh1,raw,1968,2064,raw:1968:3,high,mid
4,0.058388457150650996,0.016163407261570943,0.3022973883721641,0.75,0.8165673330955637,3.1168592509011446,0.35280987456217433,0.12561641759479533,0.6397924025525793,ETTh1,raw,1968,2064,raw:1968:4,low,high
5,0.2524321662203287,0.05413388919289698,0.22106967748141884,0.75,0.8269419771124582,3.1168592509011446,0.35280987456217433,0.17587857763154816,0.6432506172248775,ETTh1,raw,1968,2064,raw:1968:5,low,high
6,0.2695024723315963,0.1305681536817409,0.3655004837005085,0.25,0.5692495405370006,3.1168592509011446,0.35280987456217433,0.25519036990461524,0.390686471699725,ETTh1,raw,1968,2064,raw:1968:6,low,low
0,0.30405517973152596,0.04600466425084597,0.38131999042535125,0.25,0.5813756384285015,3.1203385121762404,0.3533897514403905,0.2437932781359077,0.39492179662296395,ETTh1,raw,1992,2088,raw:1992:0,low,low
1,0.5103986839238036,0.1505784689713316,0.4379665182055012,0.5,0.8466124083482329,3.1203385121762404,0.3533897514403905,0.3663145570335455,0.5666673865962079,ETTh1,raw,1992,2088,raw:1992:1,mid,high
2,0.33074513075961043,0.04957270940782553,0.342227522595491,0.25,0.535431463647904,3.1203385121762404,0.3533897514403905,0.240848454254309,0.37960707169609814,ETTh1,raw,1992,2088,raw:1992:2,low,low
3,0.4234150769694456,0.20975710364624692,0.43475561344548597,1.0,0.8733855918859413,3.1203385121762404,0.3533897514403905,0.3559759313537261,0.7422584477754439,ETTh1,raw,1992,2088,raw:1992:3,mid,high
4,0.20723427029873065,0.03162622863896552,0.5215092349775744,0.75,0.8773926676204179,3.1203385121762404,0.3533897514403905,0.25345657797175686,0.6602608063536028,ETTh1,raw,1992,2088,raw:1992:4,low,high
5,0.47290569474147437,0.08840591469526995,0.45038672344539643,0.875,0.9008771588637364,3.1203385121762404,0.3533897514403905,0.33723277762738024,0.7097556367680422,ETTh1,raw,1992,2088,raw:1992:5,mid,high
6,0.3393935385613768,0.014239417177691307,0.49576407505682096,0.25,0.3279692237978528,3.1203385121762404,0.3533897514403905,0.28313234359862965,0.31045299174608115,ETTh1,raw,1992,2088,raw:1992:6,mid,low
0,0.03380393264431436,0.03069857706457184,0.3828804219019984,0.25,0.4596840355285678,3.0775442913168245,0.34625738130904177,0.14912764387029487,0.3519804722792032,ETTh1,raw,2040,2136,raw:2040:0,low,low
1,0.1661266151386499,0.20240978330218967,0.4991645395435268,0.75,0.8647138145161588,3.0775442913168245,0.34625738130904177,0.2892336459947888,0.6536570652750668,ETTh1,raw,2040,2136,raw:2040:1,mid,high
2,0.053967549664016845,0.025565496520673796,0.16623468722192006,0.25,0.4391635209181386,3.0775442913168245,0.34625738130904177,0.08192257780220356,0.34514030074239344,ETTh1,raw,2040,2136,raw:2040:2,low,low
3,0.2816902083988354,0.26864416205244657,0.517571838252998,1.0,0.861498076894256,3.0775442913168245,0.34625738130904177,0.35596873623475994,0.7359184860677659,ETTh1,raw,2040,2136,raw:2040:3,mid,high
4,0.05456893099558857,0.027116588258253457,0.5477697129449647,0.875,0.867029329993251,3.0775442913168245,0.34625738130904177,0.20981841073293558,0.6960955704340975,ETTh1,raw,2040,2136,raw:2040:4,low,high
5,0.39177247228534373,0.1572990733842281,0.7484476572315429,0.625,0.8481137534416509,3.0775442913168245,0.34625738130904177,0.4325064009670383,0.6064570449168976,ETTh1,raw,2040,2136,raw:2040:5,high,high
6,0.2645565674356395,0.013910407243571827,0.29748303808662857,0.25,0.3032999074408955,3.0775442913168245,0.34625738130904177,0.1919833375886133,0.29985242958331243,ETTh1,raw,2040,2136,raw:2040:6,low,low
0,0.13101397656789981,0.08246472565944504,0.2403663749864928,0.125,0.5742932644829863,3.3111001794761914,0.3851833626040596,0.15128169240461256,0.3614922090290153,ETTh1,raw,2064,2160,raw:2064:0,low,low
1,0.46731066571877655,0.13814856034923167,0.5208242482661648,0.375,0.8335981835761115,3.3111001794761914,0.3851833626040596,0.37542782477805775,0.5312605153933904,ETTh1,raw,2064,2160,raw:2064:1,mid,mid
2,0.3105724710487856,0.02783127524701681,0.24741788695691821,0.125,0.5383460491467938,3.3111001794761914,0.3851833626040596,0.19527387775090688,0.34950980391695113,ETTh1,raw,2064,2160,raw:2064:2,low,low
3,0.3504879813549612,0.07567005119024653,0.5035760682239004,0.75,0.8788131499506535,3.3111001794761914,0.3851833626040596,0.30991136692303606,0.671332170851571,ETTh1,raw,2064,2160,raw:2064:3,mid,high
4,0.22488838273794276,0.08341823783959973,0.3912299460948132,0.75,0.774190542701404,3.3111001794761914,0.3851833626040596,0.23317885555745188,0.6364579684351545,ETTh1,raw,2064,2160,raw:2064:4,low,high
5,0.33999875169575955,0.12055134451389773,0.380487479587801,0.5,0.7993873395255493,3.3111001794761914,0.3851833626040596,0.28034585859915273,0.5615235673765363,ETTh1,raw,2064,2160,raw:2064:5,mid,high
6,0.4477401759247176,0.5904388418246378,0.3861727041499767,0.125,0.6956386477398169,3.3111001794761914,0.3851833626040596,0.4747839072997773,0.4019406701146255,ETTh1,raw,2064,2160,raw:2064:6,high,low
0,0.5127177758295661,0.1319037554256092,0.42079731457370956,0.125,0.7356479886480642,2.76789920652875,0.29464986726370856,0.35513961527629495,0.3850992853039243,ETTh1,raw,2088,2184,raw:2088:0,mid,low
1,0.5951660766843834,0.13990222780086264,0.6049784757559824,0.5,0.9140324686338839,2.76789920652875,0.29464986726370856,0.44668226008040945,0.5695607786325309,ETTh1,raw,2088,2184,raw:2088:1,high,high
2,0.37145986081364524,0.11099361545960898,0.2789844846831184,0.25,0.6974616652873489,2.76789920652875,0.29464986726370856,0.2538126536521242,0.41403717751701913,ETTh1,raw,2088,2184,raw:2088:2,low,low
3,0.47903623967256825,0.24196216884178412,0.5866597645335809,0.75,0.9000948067696669,2.76789920652875,0.29464986726370856,0.43588605768264443,0.6482482246777918,ETTh1,raw,2088,2184,raw:2088:3,high,high
4,0.3821574013797393,0.08868114910639778,0.5402696297211103,0.75,0.8178569053495803,2.76789920652875,0.29464986726370856,0.3370360600690825,0.6208355908710963,ETTh1,raw,2088,2184,raw:2088:4,mid,high
5,0.48885338141608736,0.2242630323688153,0.5581722912559535,0.375,0.8627305407604932,2.76789920652875,0.29464986726370856,0.42376290168028535,0.5107934693414006,ETTh1,raw,2088,2184,raw:2088:5,high,mid
6,0.9049616784368156,0.34237666392191984,0.03906580670820052,0.125,0.6527192162092357,2.76789920652875,0.29464986726370856,0.428801383022312,0.35745636115764806,ETTh1,raw,2088,2184,raw:2088:6,high,low
0,0.7859120537701851,0.15160030938969238,0.35198227914403557,0.5,0.846195312238513,2.4631080716700686,0.24385134487192586,0.4298315474346377,0.5300155523701463,ETTh1,raw,2136,2232,raw:2136:0,high,mid
1,0.5274952900668259,0.10905280821219518,0.3567304848910018,0.625,0.9419779009193597,2.4631080716700686,0.24385134487192586,0.3310928610566743,0.6036097485970952,ETTh1,raw,2136,2232,raw:2136:1,mid,high
2,0.6874943410865975,0.0629990883856528,0.3749550279254307,0.5,0.8250805706165464,2.4631080716700686,0.24385134487192586,0.375149485799227,0.522977305162824,ETTh1,raw,2136,2232,raw:2136:2,mid,mid
3,0.39008382172151235,0.17103377689982302,0.45992745277865826,0.625,0.9061970938081274,2.4631080716700686,0.24385134487192586,0.3403483504666645,0.5916828128933511,ETTh1,raw,2136,2232,raw:2136:3,mid,high
4,0.44456045517845244,0.4548688736618858,0.47979862000050505,0.125,0.9060071555992536,2.4631080716700686,0.24385134487192586,0.4597426496136144,0.4249528334903932,ETTh1,raw,2136,2232,raw:2136:4,high,low
5,0.6924485649991636,0.18979096013089636,0.42896862285461007,0.125,0.8356005054224032,2.4631080716700686,0.24385134487192586,0.43706938266155665,0.4014839500981097,ETTh1,raw,2136,2232,raw:2136:5,high,low
6,0.6257240358173941,0.17515771056646182,0.08931312676227716,0.0,0.5148402002672079,2.4631080716700686,0.24385134487192586,0.29673162438204437,0.2528971817130446,ETTh1,raw,2136,2232,raw:2136:6,mid,low
0,0.23529403006198635,0.05630925043074181,0.5122698590622261,1.0,0.9752422666816213,2.796739321366336,0.2994565530619617,0.2679577131849848,0.7582329399145277,ETTh1,raw,2160,2256,raw:2160:0,low,high
1,0.3812764143028292,0.11578382465114007,0.6213096846071978,0.625,0.8964196406132666,2.796739321366336,0.2994565530619617,0.37278997452038903,0.6069587312250762,ETTh1,raw,2160,2256,raw:2160:1,mid,high
2,0.27651443767582906,0.05230261686116401,0.48157900378954155,0.75,0.8806154553016784,2.796739321366336,0.2994565530619617,0.2701320194421782,0.6433573361212134,ETTh1,raw,2160,2256,raw:2160:2,low,high
3,0.44320494548414835,0.13202444748559414,0.6458242051907737,0.375,0.9374513647488953,2.796739321366336,0.2994565530619617,0.4070178660535054,0.5373026392702857,ETTh1,raw,2160,2256,raw:2160:3,high,mid
4,0.35229249490296355,0.043961061632666186,0.4344960676510157,0.375,0.783951920095105,2.796739321366336,0.2994565530619617,0.2769165413955485,0.48613615771902224,ETTh1,raw,2160,2256,raw:2160:4,low,mid
5,0.5354748215850049,0.1856664994265263,0.09422480354397306,0.375,0.8151612807898704,2.796739321366336,0.2994565530619617,0.27178870818516804,0.49653927795061065,ETTh1,raw,2160,2256,raw:2160:5,low,mid
6,0.9585697900376579,0.19369053506255368,0.005606360129775356,0.5,0.9370370615967079,2.796739321366336,0.2994565530619617,0.38595556174332896,0.5788312048862232,ETTh1,raw,2160,2256,raw:2160:6,high,high
0,0.3242421718800017,0.25260192546696303,0.4885788771774169,0.625,0.8886529376648185,3.2570527209859885,0.3761754528707057,0.35514099150812717,0.6299427968451747,ETTh1,raw,2208,2304,raw:2208:0,mid,high
1,0.31834616601767807,0.3161266431236851,0.42360831456247416,0.375,0.924443030559875,3.2570527209859885,0.3761754528707057,0.35269370790127913,0.5585394944768602,ETTh1,raw,2208,2304,raw:2208:1,mid,mid
2,0.3633628210137657,0.11139799680717058,0.43167726766154735,0.75,0.8257241331547414,3.2570527209859885,0.3761754528707057,0.3021460284941612,0.6506331953418157,ETTh1,raw,2208,2304,raw:2208:2,mid,high
3,0.4622275787269746,0.19076376184675126,0.36070280152928585,0.375,0.8602375557876981,3.2570527209859885,0.3761754528707057,0.33789804736767054,0.5371376695528013,ETTh1,raw,2208,2304,raw:2208:3,mid,mid
4,0.2905644808721879,0.4803646345166465,0.501348561938934,0.75,0.9128947327522368,3.2570527209859885,0.3761754528707057,0.42409255910925614,0.6796900618743141,ETTh1,raw,2208,2304,raw:2208:4,high,high
5,0.42993582876486847,0.2655311510122717,0.523904160759672,0.5,0.8891463887073137,3.2570527209859885,0.3761754528707057,0.4064570468456041,0.5884406138593398,ETTh1,raw,2208,2304,raw:2208:5,high,high
6,0.7916256720523686,0.36572326550978657,0.5221113004277322,0.75,0.8073291969478037,3.2570527209859885,0.3761754528707057,0.5598200793299625,0.6445015499395031,ETTh1,raw,2208,2304,raw:2208:6,high,high
0,0.7217145224430109,0.1761316547949749,0.4287522845803698,0.75,0.7607806226143945,2.6479486392618696,0.2746581060858814,0.4421994872727852,0.595146242900092,ETTh1,raw,2232,2328,raw:2232:0,high,high
1,0.529397516945836,0.2325694312346243,0.24290272349411438,0.5,0.9360146233292576,2.6479486392618696,0.2746581060858814,0.33495655722485823,0.5702242431383797,ETTh1,raw,2232,2328,raw:2232:1,mid,high
2,0.7308690892780142,0.1632070614869212,0.438169304393035,0.625,0.7226602417198152,2.6479486392618696,0.2746581060858814,0.4440818183859901,0.5407727826018989,ETTh1,raw,2232,2328,raw:2232:2,high,mid
3,0.6187574963530837,0.17193216496946112,0.26823754690900775,0.625,0.979810904011385,2.6479486392618696,0.2746581060858814,0.3529757360771842,0.6264896700324222,ETTh1,raw,2232,2328,raw:2232:3,mid,high
4,0.34961805883708297,0.03344655776640187,0.3321509580727267,0.625,0.7803055697656225,2.6479486392618696,0.2746581060858814,0.23840519155873718,0.5599878919505014,ETTh1,raw,2232,2328,raw:2232:4,low,high
5,0.553381121883629,0.05445470511214363,0.3336430265657953,0.5,0.7902854538346804,2.6479486392618696,0.2746581060858814,0.31382628452052264,0.5216478533068539,ETTh1,raw,2232,2328,raw:2232:5,mid,mid
6,0.8421798885839789,0.13072945449726367,0.6668418827716152,0.75,0.8510650812591032,2.6479486392618696,0.2746581060858814,0.5465837419509526,0.6252410624483282,ETTh1,raw,2232,2328,raw:2232:6,high,high
0,0.1530171698868683,0.061956862768795945,0.39801770289013855,0.5,0.6183562982179138,3.0354975916255436,0.33924959803884125,0.2043305785152676,0.485868632085585,ETTh1,raw,2280,2376,raw:2280:0,low,mid
1,0.12278199888967123,0.1026880259676375,0.5250193480413895,0.375,0.772668261154066,3.0354975916255436,0.33924959803884125,0.25016312429956605,0.4956392863976357,ETTh1,raw,2280,2376,raw:2280:1,low,mid
2,0.1610094739790322,0.042398094230961386,0.3050778484886011,0.375,0.5758809413546211,3.0354975916255436,0.33924959803884125,0.16949513889953158,0.43004351313115413,ETTh1,raw,2280,2376,raw:2280:2,low,low
3,0.25100654314513804,0.23797563720115425,0.5351732357760656,0.75,0.8219259498867335,3.0354975916255436,0.33924959803884125,0.34138513870745263,0.6370585159751916,ETTh1,raw,2280,2376,raw:2280:3,mid,high
4,0.30586134419933697,0.02870861273437866,0.5368914538147811,0.75,0.9496294794332754,3.0354975916255436,0.33924959803884125,0.29048713691616557,0.6796263591573721,ETTh1,raw,2280,2376,raw:2280:4,mid,high
5,0.5034074208149399,0.047103424555268336,0.4200253636406916,0.375,0.8741901701288373,3.0354975916255436,0.33924959803884125,0.3235120696703,0.5294799227225595,ETTh1,raw,2280,2376,raw:2280:5,mid,mid
6,0.7347280191757769,0.15534477280567505,0.16628409462387417,0.25,0.8559624694158059,3.0354975916255436,0.33924959803884125,0.35211896220177535,0.4817373558182157,ETTh1,raw,2280,2376,raw:2280:6,mid,mid
0,0.20478273633331934,0.07016902629146368,0.23257690409158624,0.125,0.5098098331980183,3.1451737092879166,0.3575289509521045,0.16917622223878978,0.3307795947167076,ETTh1,raw,2304,2400,raw:2304:0,low,low
1,0.13028471712173695,0.11355371825674686,0.5856158549196749,0.375,0.6902856096966331,3.1451737092879166,0.3575289509521045,0.2764847634327196,0.4742715202162458,ETTh1,raw,2304,2400,raw:2304:1,low,mid
2,0.10443052620014048,0.0917612701602864,0.2546509578267987,0.375,0.5953529158102853,3.1451737092879166,0.3575289509521045,0.15028091806240854,0.44262728892079656,ETTh1,raw,2304,2400,raw:2304:2,low,low
3,0.19915010531280986,0.16380091419866216,0.53195110424818,0.5,0.7610647777462642,3.1451737092879166,0.3575289509521045,0.298300707919884,0.5395312428994562,ETTh1,raw,2304,2400,raw:2304:3,mid,mid
4,0.3869420633977626,0.46294701025524143,0.2852319874756086,0.625,0.8898891746521983,3.1451737092879166,0.3575289509521045,0.3783736870428709,0.6241393752014343,ETTh1,raw,2304,2400,raw:2304:4,high,high
5,0.35520705973318467,0.29006063200070503,0.24108996890109466,0.5,0.7836357450829569,3.1451737092879166,0.3575289509521045,0.29545255354499483,0.5470548986783538,ETTh1,raw,2304,2400,raw:2304:5,mid,mid
6,0.7337767500866521,0.07797974339010685,0.22843460960220274,0.125,0.7555075849545927,3.1451737092879166,0.3575289509521045,0.3467303676929872,0.41267884530223237,ETTh1,raw,2304,2400,raw:2304:6,mid,low
0,0.32707114228459344,0.03619978544608775,0.40269516070349326,0.375,0.5468620435805284,3.236469064219137,0.37274484341528147,0.25532202947805815,0.43153562899860326,ETTh1,raw,2328,2424,raw:2328:0,low,low
1,0.18619512252525217,0.14324054196524527,0.6712194585247975,0.375,0.6785638329119775,3.236469064219137,0.37274484341528147,0.33355170767176495,0.47543622544241976,ETTh1,raw,2328,2424,raw:2328:1,mid,mid
2,0.1768544927782182,0.06167630373666333,0.2139903395187533,0.375,0.6042881110520869,3.236469064219137,0.37274484341528147,0.15084037867787828,0.4506776514891228,ETTh1,raw,2328,2424,raw:2328:2,low,low
3,0.19790745181112412,0.17723950789160509,0.70621610146904,0.25,0.7204058335714119,3.236469064219137,0.37274484341528147,0.3604543537239231,0.44771689232889783,ETTh1,raw,2328,2424,raw:2328:3,mid,low
4,0.294989281798707,0.01589476089397386,0.5552536335687557,0.75,0.8747391278103677,3.236469064219137,0.37274484341528147,0.2887125587538122,0.6658279904085497,ETTh1,raw,2328,2424,raw:2328:4,mid,high
5,0.49259673205162746,0.03460363899489979,0.6131680383395998,0.625,0.7785364097416991,3.236469064219137,0.37274484341528147,0.380122803128709,0.5920937510523269,ETTh1,raw,2328,2424,raw:2328:5,high,high
6,0.2891575627120859,0.18871049443975396,0.6846912179977339,0.625,0.9417823469954454,3.236469064219137,0.37274484341528147,0.38751975838319125,0.6465090634702423,ETTh1,raw,2328,2424,raw:2328:6,high,high
0,0.2852843775977535,0.048351938946908715,0.41649642933392805,0.25,0.5375763212849854,3.0532283940314695,0.342204731768237,0.25004424862619673,0.37659368435107415,ETTh1,raw,2376,2472,raw:2376:0,low,low
1,0.412144540595794,0.19528703562237776,0.3127813987805163,0.5,0.790692778709546,3.0532283940314695,0.342204731768237,0.306737658332896,0.5442991701592611,ETTh1,raw,2376,2472,raw:2376:1,mid,mid
2,0.33887142715738405,0.06984071476756899,0.24885328080937905,0.375,0.6100531114044483,3.0532283940314695,0.342204731768237,0.21918847424477736,0.4424192810575618,ETTh1,raw,2376,2472,raw:2376:2,low,low
3,0.16973913903434057,0.12767623149274412,0.36695789781873966,0.375,0.8141843511127728,3.0532283940314695,0.342204731768237,0.22145775611527477,0.5104630276270032,ETTh1,raw,2376,2472,raw:2376:3,low,mid
4,0.18542403389339412,0.01853072563305279,0.522456660371304,0.5,0.857167039854794,3.0532283940314695,0.342204731768237,0.242137139965917,0.566457257207677,ETTh1,raw,2376,2472,raw:2376:4,low,high
5,0.43844342531361113,0.054872496521859715,0.3978045374108278,0.5,0.7546010185700522,3.0532283940314695,0.342204731768237,0.2970401530820996,0.5322685834460964,ETTh1,raw,2376,2472,raw:2376:5,mid,mid
6,0.41977137144138765,0.10867721725480076,0.1149569492521978,0.375,0.8164380238606003,3.0532283940314695,0.342204731768237,0.21446851264946207,0.5112142518762791,ETTh1,raw,2376,2472,raw:2376:6,low,mid
0,0.2854504299384307,0.037469252370728484,0.3910482343821776,0.375,0.5980685813423089,3.142947510083965,0.3571579177520643,0.23798930556377895,0.44340883303145767,ETTh1,raw,2400,2496,raw:2400:0,low,low
1,0.4765005701718773,0.2033766445452617,0.4171193852168788,0.5,0.7526193688477546,3.142947510083965,0.3571579177520643,0.3656655333113393,0.5365924288666063,ETTh1,raw,2400,2496,raw:2400:1,mid,mid
2,0.48423715737226225,0.20476794458410658,0.32952392710116457,0.375,0.6802444897773811,3.142947510083965,0.3571579177520643,0.3395096763525111,0.4708008025098151,ETTh1,raw,2400,2496,raw:2400:2,mid,mid
3,0.45585368642615753,0.3265179728399377,0.3164874943901894,0.875,0.8380619310754865,3.142947510083965,0.3571579177520643,0.3662863845520949,0.690073282942517,ETTh1,raw,2400,2496,raw:2400:3,mid,high
4,0.2388296695909382,0.01491205095587558,0.2670667570526696,0.5,0.8204296837471061,3.142947510083965,0.3571579177520643,0.17360282586649445,0.5591958671663901,ETTh1,raw,2400,2496,raw:2400:4,low,high
5,0.37092355966308677,0.045349312754071586,0.3019736562294894,0.5,0.7971866619163647,3.142947510083965,0.3571579177520643,0.23941550954888258,0.5514481932228097,ETTh1,raw,2400,2496,raw:2400:5,low,mid
6,0.435498923166295,0.05944470408612801,0.09909147414042883,0.375,0.710611416103747,3.142947510083965,0.3571579177520643,0.19801170046428396,0.4809231112852705,ETTh1,raw,2400,2496,raw:2400:6,low,mid
0,0.16891164555100668,0.03108137042213656,0.345094312931412,0.375,0.6993660383471912,2.964410487026777,0.3274017472921266,0.18169577630151842,0.46725592854643927,ETTh1,raw,2448,2544,raw:2448:0,low,mid
1,0.5126711994745425,0.20499498971009766,0.494622324923408,0.375,0.7939898638968843,2.964410487026777,0.3274017472921266,0.4040961713693494,0.49879720372967035,ETTh1,raw,2448,2544,raw:2448:1,high,mid
2,0.4252533537475477,0.11518680061360984,0.31182612262207876,0.25,0.7147604114618195,2.964410487026777,0.3274017472921266,0.2840887589944121,0.4307207195846487,ETTh1,raw,2448,2544,raw:2448:2,mid,low
3,0.605786589269796,0.25995390152976694,0.4857081401693417,0.375,0.834766535628828,2.964410487026777,0.3274017472921266,0.4504828769896349,0.5123894276403183,ETTh1,raw,2448,2544,raw:2448:3,high,mid
4,0.18284009908703946,0.039273355819703114,0.39789977973053825,0.625,0.8332201307957439,2.964410487026777,0.3274017472921266,0.20667107821242695,0.5952072926959568,ETTh1,raw,2448,2544,raw:2448:4,low,high
5,0.34087110145143207,0.06024563904409647,0.5440245221577173,0.5,0.8443324376766974,2.964410487026777,0.3274017472921266,0.31504708755108196,0.5572447283229414,ETTh1,raw,2448,2544,raw:2448:5,mid,mid
6,0.5604829272813596,0.2450616421464435,0.5151551701508521,0.5,0.8179433502544444,2.964410487026777,0.3274017472921266,0.4402332465262184,0.548448365848857,ETTh1,raw,2448,2544,raw:2448:6,high,mid
0,0.1972145464122962,0.12349182209293436,0.4030191110786305,0.375,0.7566158431946217,2.8856674141333705,0.31427790183176524,0.24124182652795367,0.4819645816754623,ETTh1,raw,2472,2568,raw:2472:0,low,mid
1,0.3749479334957402,0.09188089044785161,0.4171772636242092,0.125,0.7747167895256034,2.8856674141333705,0.31427790183176524,0.2946686958559337,0.4046648971191229,ETTh1,raw,2472,2568,raw:2472:1,mid,low
2,0.5186703597950653,0.08685036666691269,0.3472434168062912,0.25,0.7248210152589917,2.8856674141333705,0.31427790183176524,0.31758804775608973,0.4296996390302523,ETTh1,raw,2472,2568,raw:2472:2,mid,low
3,0.6089942359687313,0.20750179404612856,0.475297422144363,0.375,0.8147486045707008,2.8856674141333705,0.31427790183176524,0.43059781738640757,0.501342168800822,ETTh1,raw,2472,2568,raw:2472:3,high,mid
4,0.26949118092759183,0.019455098121576562,0.4717585620319615,0.625,0.8806853810869256,2.8856674141333705,0.31427790183176524,0.25356828036037665,0.6066544276395637,ETTh1,raw,2472,2568,raw:2472:4,low,high
5,0.33093314854876055,0.04898475550756247,0.42109545222792455,0.375,0.8259955329518097,2.8856674141333705,0.31427790183176524,0.2670044520947492,0.5050911449278582,ETTh1,raw,2472,2568,raw:2472:5,low,mid
6,0.5675181406896928,0.05160037573888142,0.08965510389323532,0.125,0.839089644859236,2.8856674141333705,0.31427790183176524,0.23625787344060314,0.42612251556366704,ETTh1,raw,2472,2568,raw:2472:6,low,low
0,0.13156892762586514,0.023726779180873556,0.4610727080795048,0.5,0.6359598529082172,2.5575706517789527,0.2595951081971669,0.2054561382954145,0.46518498703512795,ETTh1,raw,2496,2592,raw:2496:0,low,mid
1,0.5358117754642837,0.1198981270242365,0.6965101110791633,0.25,0.6829414613006136,2.5575706517789527,0.2595951081971669,0.45074000452256113,0.3975121898325935,ETTh1,raw,2496,2592,raw:2496:1,high,low
2,0.10535842206867774,0.0384925724029411,0.2260918788741146,0.25,0.5770695447638656,2.5575706517789527,0.2595951081971669,0.12331429111524449,0.36222155098701087,ETTh1,raw,2496,2592,raw:2496:2,low,low
3,0.616784825288073,0.1283753816895188,0.7576217949513724,0.25,0.6955076888223838,2.5575706517789527,0.2595951081971669,0.5009273339763214,0.4017009323398502,ETTh1,raw,2496,2592,raw:2496:3,high,low
4,0.17778591138767919,0.020327382057735724,0.2980408973710537,0.75,0.8050323317553069,2.5575706517789527,0.2595951081971669,0.1653847302721562,0.6048758133174913,ETTh1,raw,2496,2592,raw:2496:4,low,high
5,0.2279007105492542,0.09801926149273257,0.26448380950104344,0.5,0.7414628062272176,2.5575706517789527,0.2595951081971669,0.1968012605143434,0.5003526381414615,ETTh1,raw,2496,2592,raw:2496:5,low,mid
6,0.7749199335515444,0.08134559510399793,0.4600023469443296,0.125,0.6097662655557962,2.5575706517789527,0.2595951081971669,0.4387559585332907,0.3314537912509877,ETTh1,raw,2496,2592,raw:2496:6,high,low
0,0.2829320060838163,0.11913000320939726,0.5408205293207385,0.25,0.6712643015749116,3.6039032815427468,0.433983879533818,0.31429417953798405,0.45174939370290984,ETTh1,raw,2544,2640,raw:2544:0,mid,low
1,0.34304155123364877,0.08035438985692392,0.5784528148742866,0.375,0.8370928914477362,3.6039032815427468,0.433983879533818,0.3339495853216197,0.5486922569938514,ETTh1,raw,2544,2640,raw:2544:1,mid,mid
2,0.36012115482476303,0.07973989213947597,0.4641668147720966,0.25,0.6790899056541139,3.6039032815427468,0.433983879533818,0.30134262057877853,0.45435792839597733,ETTh1,raw,2544,2640,raw:2544:2,mid,mid
3,0.20510998546327885,0.08144536821662127,0.41512605138219344,0.25,0.691966918900792,3.6039032815427468,0.433983879533818,0.23389380168736454,0.45865026614487,ETTh1,raw,2544,2640,raw:2544:3,low,mid
4,0.4211352140282304,0.010267704654090357,0.21880558262410177,0.75,0.8043459479846126,3.6039032815427468,0.433983879533818,0.21673616710214083,0.6627766091728102,ETTh1,raw,2544,2640,raw:2544:4,low,high
5,0.8375938163495387,0.08283536205482867,0.09428778128593374,0.0,0.6095524183720942,3.6039032815427468,0.433983879533818,0.33823898656343365,0.34784543263530404,ETTh1,raw,2544,2640,raw:2544:5,mid,low
6,0.5541693621632733,0.09405968726972033,0.6655787371546664,0.125,0.7908957029379373,3.6039032815427468,0.433983879533818,0.43793592886255334,0.4499598608239184,ETTh1,raw,2544,2640,raw:2544:6,high,low
0,0.17441745612278003,0.06801569179234654,0.5456680457175319,0.375,0.672294598569522,2.7005146583579633,0.283419109253962,0.26270039787755284,0.44357123594116127,ETTh1,raw,2568,2664,raw:2568:0,low,low
1,0.4895181409681906,0.1338117138992002,0.25023216097596523,0.5,0.7767660807937427,2.7005146583579633,0.283419109253962,0.291187338614452,0.5200617300159015,ETTh1,raw,2568,2664,raw:2568:1,mid,mid
2,0.18601509898900426,0.19190965663563841,0.5604053722972442,0.25,0.6917745814995535,2.7005146583579633,0.283419109253962,0.3127767093072956,0.4083978969178385,ETTh1,raw,2568,2664,raw:2568:2,mid,low
3,0.14755046418330486,0.14570620670974455,0.48047259208288573,0.375,0.7400255715992364,2.7005146583579633,0.283419109253962,0.2579097543253117,0.46614822695106617,ETTh1,raw,2568,2664,raw:2568:3,low,mid
4,0.051991506597174,0.014004799412360268,0.5346269573181617,0.625,0.8567549251363439,2.7005146583579633,0.283419109253962,0.20020775444256533,0.5883913447967687,ETTh1,raw,2568,2664,raw:2568:4,low,high
5,0.9984546485188568,0.04969496296714773,0.42663284639066207,0.375,0.7120306399742229,2.7005146583579633,0.283419109253962,0.49159415262555556,0.4568165830760616,ETTh1,raw,2568,2664,raw:2568:5,high,mid
6,0.36913657151516444,0.2396529442783394,0.32263009514834307,0.375,0.8878128765870877,2.7005146583579633,0.283419109253962,0.3104732036472823,0.5154106619470166,ETTh1,raw,2568,2664,raw:2568:6,mid,mid
0,0.5055327782354238,0.16612677756156843,0.4674492582679472,0.5,0.7481775787698521,3.0299327429865692,0.33832212326722466,0.3797029380216465,0.5288332340123589,ETTh1,raw,2616,2712,raw:2616:0,high,mid
1,0.28548625593717747,0.07094762865846038,0.46312832501046963,0.5,0.7549597799997392,3.0299327429865692,0.33832212326722466,0.27318740320203583,0.5310939677556547,ETTh1,raw,2616,2712,raw:2616:1,low,mid
2,0.2626986459296884,0.060385175292855,0.39687019432941184,0.5,0.6891134719322938,3.0299327429865692,0.33832212326722466,0.23998467185065175,0.5091451983998395,ETTh1,raw,2616,2712,raw:2616:2,low,mid
3,0.2045537303218038,0.023271688753569605,0.4139534504989352,0.625,0.7511651247962624,3.0299327429865692,0.33832212326722466,0.21392628985810289,0.5714957493544958,ETTh1,raw,2616,2712,raw:2616:3,low,high
4,0.2813874969825041,0.050532446345535144,0.46099901179986574,0.75,0.969686252377955,3.0299327429865692,0.33832212326722466,0.26430631837596835,0.6860027918817266,ETTh1,raw,2616,2712,raw:2616:4,low,high
5,0.5642726470049161,0.07406733692395245,0.4146420405956268,0.375,0.9321204602152057,3.0299327429865692,0.33832212326722466,0.3509940081748318,0.5484808611608102,ETTh1,raw,2616,2712,raw:2616:5,mid,mid
6,0.7579386082234056,0.35667170704594303,0.36664030071671677,0.25,0.8949627840996195,3.0299327429865692,0.33832212326722466,0.49375020532868846,0.4944283024556147,ETTh1,raw,2616,2712,raw:2616:6,high,mid
0,0.2595660278011588,0.06983700538294135,0.4141641517697219,0.625,0.8502015706974884,2.762695413617576,0.2937825684466251,0.24785572831794067,0.5896613797147044,ETTh1,raw,2640,2736,raw:2640:0,low,high
1,0.16408076457156673,0.12481804132851208,0.4493608711867985,0.375,0.8743981827937246,2.762695413617576,0.2937825684466251,0.24608655902895912,0.5143935837467832,ETTh1,raw,2640,2736,raw:2640:1,low,mid
2,0.14806257296594283,0.1905231087683779,0.3496098686635636,0.375,0.8295667014095269,2.762695413617576,0.2937825684466251,0.22939851679929477,0.4994497566187173,ETTh1,raw,2640,2736,raw:2640:2,low,mid
3,0.13492579120731063,0.11800323831637445,0.42849646332739555,0.5,0.8756824065257564,2.762695413617576,0.2937825684466251,0.2271418309503602,0.5564883249907938,ETTh1,raw,2640,2736,raw:2640:3,low,mid
4,0.6720973688117544,0.4280748087374854,0.4293127818589611,1.0,0.9650010135982972,2.762695413617576,0.2937825684466251,0.5098283198027337,0.7529278606816407,ETTh1,raw,2640,2736,raw:2640:4,high,high
5,0.9331625807601255,0.2027166755656017,0.45880834811249116,0.5,0.8040384694388112,2.762695413617576,0.2937825684466251,0.5315625348127394,0.5326070126284788,ETTh1,raw,2640,2736,raw:2640:5,high,mid
6,0.7406088356783489,0.16818237392853952,0.22663149245133085,0.375,0.803164796510661,2.762695413617576,0.2937825684466251,0.37847423401940644,0.4906491216524287,ETTh1,raw,2640,2736,raw:2640:6,high,mid
0,0.20283419571958206,0.13828282044162202,0.6939586554238223,0.75,0.8322834307375542,2.923138012255953,0.3205230015084538,0.3450252238616754,0.6342688107486693,ETTh1,raw,2664,2760,raw:2664:0,mid,high
1,0.014565268528569542,0.05600356417140573,0.473388654478789,0.625,0.8144322655148382,2.923138012255953,0.3205230015084538,0.18131916239292142,0.5866517556744307,ETTh1,raw,2664,2760,raw:2664:1,low,high
2,0.2388149418422555,0.10177427447470425,0.3918535515940932,0.625,0.8039072797563752,2.923138012255953,0.3205230015084538,0.2441475893036843,0.5831434270882764,ETTh1,raw,2664,2760,raw:2664:2,low,high
3,0.338475800953008,0.16533887291180052,0.34676934396631137,0.75,0.8404051767248163,2.923138012255953,0.3205230015084538,0.28352800594370664,0.63697605941109,ETTh1,raw,2664,2760,raw:2664:3,mid,high
4,0.29605015468799,0.40583110624437324,0.4439074736426104,0.875,0.903809895975573,2.923138012255953,0.3205230015084538,0.3819295781916579,0.6997776324946757,ETTh1,raw,2664,2760,raw:2664:4,high,high
5,0.5183094895079876,0.22091139666279377,0.5168414412725385,0.375,0.7673066543220805,2.923138012255953,0.3205230015084538,0.4186874424811067,0.48760988527684485,ETTh1,raw,2664,2760,raw:2664:5,high,mid
6,0.6890849473332232,0.21909572803637556,0.17066738660199463,0.5,0.835446908054241,2.923138012255953,0.3205230015084538,0.35961602065719783,0.5519899698542315,ETTh1,raw,2664,2760,raw:2664:6,mid,mid
0,0.5271798605629024,0.20014980586909614,0.47805552824722686,0.625,0.9193490837546289,3.55231264467612,0.42538544007037765,0.4017950648930751,0.6565781746083356,ETTh1,raw,2712,2808,raw:2712:0,high,high
1,0.5392533258236007,0.17154027306531677,0.39988897891258374,0.625,0.8611177890485014,3.55231264467612,0.42538544007037765,0.37022752593383373,0.6371677430396263,ETTh1,raw,2712,2808,raw:2712:1,mid,high
2,0.48502648350665867,0.23221534581736392,0.4242288816155672,0.5,0.9092487028488563,3.55231264467612,0.42538544007037765,0.3804902369798633,0.6115447143064113,ETTh1,raw,2712,2808,raw:2712:2,high,high
3,0.26997944629591797,0.33817450151203465,0.3700536259512941,0.75,0.8575765358555247,3.55231264467612,0.42538544007037765,0.32606919125308226,0.6776539919753009,ETTh1,raw,2712,2808,raw:2712:3,mid,high
4,0.20823048794545862,0.46404936909171995,0.5226628207157702,0.5,0.9312042247260186,3.55231264467612,0.42538544007037765,0.3983142259176496,0.6188632215987987,ETTh1,raw,2712,2808,raw:2712:4,high,high
5,0.9120716249788483,0.11365251889367242,0.23358833848348992,0.125,0.9169791064863314,3.55231264467612,0.42538544007037765,0.41977082745200356,0.489121515518903,ETTh1,raw,2712,2808,raw:2712:5,high,mid
6,0.6297260795149765,0.12497911091491568,0.2766456285067725,0.25,0.8410722354497896,3.55231264467612,0.42538544007037765,0.34378360631222155,0.5054858918400557,ETTh1,raw,2712,2808,raw:2712:6,mid,mid
0,0.47445595180074085,0.07532353529276846,0.5321738002718784,0.625,0.8442974374120672,3.7200489245852264,0.45334148667530194,0.3606510957884626,0.6408796413624563,ETTh1,raw,2736,2832,raw:2736:0,mid,high
1,0.5248522459945306,0.11622777858593168,0.166253816847114,0.5,0.867890425868501,3.7200489245852264,0.45334148667530194,0.2691112804758588,0.6070773041812676,ETTh1,raw,2736,2832,raw:2736:1,low,high
2,0.170311774938942,0.2863132647738166,0.378422496573608,0.875,0.8855045095487197,3.7200489245852264,0.45334148667530194,0.2783491787621222,0.7379486654080072,ETTh1,raw,2736,2832,raw:2736:2,low,high
3,0.11324527579798127,0.12864175560110025,0.4867475153477031,0.75,0.8156192191486107,3.7200489245852264,0.45334148667530194,0.2428781822489282,0.6729869019413042,ETTh1,raw,2736,2832,raw:2736:3,low,high
4,0.17852076304119147,0.05003456761065395,0.40420103793737555,0.875,0.890431588845704,3.7200489245852264,0.45334148667530194,0.21091878952974033,0.7395910251736687,ETTh1,raw,2736,2832,raw:2736:4,low,high
5,0.8286838624669399,0.2532600470769412,0.0024958610499028317,0.25,0.9085734047323452,3.7200489245852264,0.45334148667530194,0.36147992353126135,0.537304963802549,ETTh1,raw,2736,2832,raw:2736:5,mid,mid
6,0.6483308566883084,0.16111430435381563,0.3480522326242979,0.25,0.8393440706014258,3.7200489245852264,0.45334148667530194,0.385832464555474,0.5142285190922425,ETTh1,raw,2736,2832,raw:2736:6,high,mid
0,0.08069838971187238,0.04827985068219916,0.413606550435097,0.625,0.8693585684799215,3.619044300057142,0.4365073826153447,0.18086159694305617,0.643621983698422,ETTh1,raw,2784,2880,raw:2784:0,low,high
1,0.573088477668427,0.10373833122512957,0.4769522947106416,0.375,0.8108403135696958,3.619044300057142,0.4365073826153447,0.38459303453473276,0.5407825653950135,ETTh1,raw,2784,2880,raw:2784:1,high,mid
2,0.16937317991938317,0.10010094005597309,0.39549011158980296,0.375,0.7305325235324385,3.619044300057142,0.4365073826153447,0.22165474385505304,0.5140133020492611,ETTh1,raw,2784,2880,raw:2784:2,low,mid
3,0.514591201558753,0.08708934835029247,0.43730713692329237,0.375,0.795191867965489,3.619044300057142,0.4365073826153447,0.3463292289441126,0.535566416860278,ETTh1,raw,2784,2880,raw:2784:3,mid,mid
4,0.11114897257451439,0.4570948541112687,0.41401028701710413,0.625,0.9306512688261162,3.619044300057142,0.4365073826153447,0.3274180379009624,0.6640528838138203,ETTh1,raw,2784,2880,raw:2784:4,mid,high
5,0.8044483934618277,0.016740341859661778,0.5406418859943994,0.125,0.5984805040486366,3.619044300057142,0.4365073826153447,0.4539435404386296,0.3866626288879938,ETTh1,raw,2784,2880,raw:2784:5,high,low
6,0.25926749203509813,0.12155624107348341,0.2209926567577028,0.625,0.8749402369070703,3.619044300057142,0.4365073826153447,0.20060546328876142,0.6454825398408051,ETTh1,raw,2784,2880,raw:2784:6,low,high
0,0.4789205273558972,0.13706556184890573,0.5776943737876423,0.75,0.7978689460416521,3.1311260191100123,0.35518766925968925,0.39789348766414845,0.6343522051004471,ETTh1,raw,2808,2904,raw:2808:0,high,high
1,0.7052730827395267,0.10438365556567569,0.10009112906100742,0.5,0.8698690965680438,3.1311260191100123,0.35518766925968925,0.30324928912206994,0.5750189219425778,ETTh1,raw,2808,2904,raw:2808:1,mid,high
2,0.3906522119201524,0.03968772430787562,0.45012695733124114,0.5,0.6710485044869391,3.1311260191100123,0.35518766925968925,0.2934889645197564,0.5087453912488762,ETTh1,raw,2808,2904,raw:2808:2,mid,mid
3,0.2608967952560126,0.2048171826533356,0.48578539540076093,0.375,0.8456204097509501,3.1311260191100123,0.35518766925968925,0.3171664577700364,0.525269359670213,ETTh1,raw,2808,2904,raw:2808:3,mid,mid
4,0.31741266264196455,0.01946993604309647,0.25336456397574386,0.875,0.9602963620968437,3.1311260191100123,0.35518766925968925,0.1967490542202683,0.730161343785511,ETTh1,raw,2808,2904,raw:2808:4,low,high
5,0.9655801814193335,0.11122591287656326,0.3820442628295459,0.375,0.769298511035477,3.1311260191100123,0.35518766925968925,0.4862834523751476,0.49982872676505546,ETTh1,raw,2808,2904,raw:2808:5,high,mid
6,0.3919824397481524,0.13810016370874434,0.27713549839880547,0.25,0.8942846159839427,3.1311260191100123,0.35518766925968925,0.2690727006185674,0.49982409508121073,ETTh1,raw,2808,2904,raw:2808:6,low,mid
0,0.9713394000795946,0.3266425687398883,0.5583525559990403,0.625,0.899379960333846,2.9995216074132323,0.33325360068011606,0.6187781749395077,0.619211187004654,ETTh1,raw,2856,2952,raw:2856:0,high,high
1,0.8356669498015508,0.5380345107478062,0.3397435215486738,0.625,0.8988340053216453,2.9995216074132323,0.33325360068011606,0.5711483273660103,0.6190292020005871,ETTh1,raw,2856,2952,raw:2856:1,high,high
2,0.9999999965833564,0.30264606026345003,0.6073479835245902,0.625,0.8629509977515963,2.9995216074132323,0.33325360068011606,0.6366646801237988,0.6070681994772374,ETTh1,raw,2856,2952,raw:2856:2,high,high
3,0.9832805374811989,0.45930054675787946,0.4195612472092323,0.5,0.9433498598507879,2.9995216074132323,0.33325360068011606,0.6207141104827703,0.5922011535103013,ETTh1,raw,2856,2952,raw:2856:3,high,high
4,0.7187893042977287,0.18635668606583045,0.4602493972297992,0.5,0.9249879580655803,2.9995216074132323,0.33325360068011606,0.45513179586445274,0.5860805195818989,ETTh1,raw,2856,2952,raw:2856:4,high,high
5,0.9137040627479888,0.15100090760382565,0.618008865194057,0.5,0.7106350078356198,2.9995216074132323,0.33325360068011606,0.5609046118486237,0.514629536171912,ETTh1,raw,2856,2952,raw:2856:5,high,mid
6,0.9932603853282758,0.22415080619269936,0.13603257038381264,0.5,0.8795241451363023,2.9995216074132323,0.33325360068011606,0.4511479206349292,0.5709259152721394,ETTh1,raw,2856,2952,raw:2856:6,high,high
0,0.9957712749997264,0.2663066925524684,0.5717574299699232,0.375,0.8883286116929894,3.130532160955681,0.355088692900799,0.611278465840706,0.5394724348645962,ETTh1,raw,2880,2976,raw:2880:0,high,mid
1,0.9384556894207969,0.42536852680785614,0.6246352580628406,0.25,0.8790137039619642,3.130532160955681,0.355088692900799,0.6628198247638313,0.49470079895425445,ETTh1,raw,2880,2976,raw:2880:1,high,mid
2,0.5228658468691454,0.17706234145915611,0.5694495534404671,0.375,0.8780218872614558,3.130532160955681,0.355088692900799,0.42312591392292287,0.5360368600540849,ETTh1,raw,2880,2976,raw:2880:2,high,mid
3,0.9851863776574372,0.4600823026468653,0.6234989582727244,0.25,0.9189541013966874,3.130532160955681,0.355088692900799,0.689589212859009,0.5080142647658288,ETTh1,raw,2880,2976,raw:2880:3,high,mid
4,0.7529475075808263,0.1192101031447723,0.5718613147242146,0.375,0.879839929127458,3.130532160955681,0.355088692900799,0.48133964181660444,0.536642874009419,ETTh1,raw,2880,2976,raw:2880:4,high,mid
5,0.96573349363236,0.12879207979146692,0.6030043633830665,0.375,0.7840085381658853,3.130532160955681,0.355088692900799,0.5658433122689646,0.504699077022228,ETTh1,raw,2880,2976,raw:2880:5,high,mid
6,0.9364009335709228,0.09449933590926665,0.20248156221907493,0.25,0.7231470807867568,3.130532160955681,0.355088692900799,0.4111272772330881,0.44274525789585195,ETTh1,raw,2880,2976,raw:2880:6,high,low
0,0.9882398630339096,0.1683519978732185,0.21807056334567942,0.25,0.8809983977321096,3.3029996221477766,0.38383326971824067,0.4582208080842692,0.5049438891501168,ETTh1,raw,2904,3000,raw:2904:0,high,mid
1,0.9331252920254097,0.21468386128207495,0.35532879664551,0.5,0.9151630354748871,3.3029996221477766,0.38383326971824067,0.5010459833176649,0.599665435064376,ETTh1,raw,2904,3000,raw:2904:1,high,high
2,0.9999999986132145,0.214171938696486,0.590426535558022,0.375,0.9050479283385496,3.3029996221477766,0.38383326971824067,0.6015328242892408,0.5546270660189302,ETTh1,raw,2904,3000,raw:2904:2,high,mid
3,0.9946228233917529,0.21296201320375574,0.5144906445773972,0.5,0.8747034021643165,3.3029996221477766,0.38383326971824067,0.5740251603909686,0.586178890627519,ETTh1,raw,2904,3000,raw:2904:3,high,high
4,0.8093539080290612,0.7081929675647293,0.5039798412459419,0.25,0.9046101494509223,3.3029996221477766,0.38383326971824067,0.6738422389465774,0.5128144730563876,ETTh1,raw,2904,3000,raw:2904:4,high,mid
5,0.9574892491852445,0.45587450710310107,0.38252462136663024,0.375,0.7878443233283635,3.3029996221477766,0.38383326971824067,0.5986294592183253,0.5155591976822014,ETTh1,raw,2904,3000,raw:2904:5,high,mid
6,0.9873278410403153,0.2594698155772819,0.4999999999400679,0.25,0.8239197326191541,3.3029996221477766,0.38383326971824067,0.5822658855192216,0.4859176674457983,ETTh1,raw,2904,3000,raw:2904:6,high,mid
0,0.6426791991164977,0.20994434925680136,0.38568339697628673,0.25,0.747693582075285,2.1987770580046795,0.19979617600111962,0.41276898178319527,0.3991632526921349,ETTh1,raw,2952,3048,raw:2952:0,high,low
1,0.5760187456413611,0.16198327592374331,0.3620639751631104,0.25,0.7968792807895105,2.1987770580046795,0.19979617600111962,0.36668866557607166,0.41555848559687664,ETTh1,raw,2952,3048,raw:2952:1,mid,low
2,0.5661076349003713,0.24965874054146078,0.3368588593799186,0.125,0.6522867184529716,2.1987770580046795,0.19979617600111962,0.3842084116072502,0.32569429815136375,ETTh1,raw,2952,3048,raw:2952:2,high,low
3,0.6570350512979795,0.17913002268033826,0.30600716313670273,0.25,0.731597968562259,2.1987770580046795,0.19979617600111962,0.38072407903834016,0.3937980481877929,ETTh1,raw,2952,3048,raw:2952:3,high,low
4,0.2784585328986918,0.3950019553437165,0.450185131507342,0.625,0.9253275199806237,2.1987770580046795,0.19979617600111962,0.3745485399165835,0.5833745653272477,ETTh1,raw,2952,3048,raw:2952:4,mid,high
5,0.5841315442684614,0.22930778721507028,0.4094384497051365,0.25,0.809640952125332,2.1987770580046795,0.19979617600111962,0.4076259270628894,0.41981237604215055,ETTh1,raw,2952,3048,raw:2952:5,high,low
6,0.7782732023876953,0.15181937620029717,0.15484140197027677,0.25,0.7704893037780997,2.1987770580046795,0.19979617600111962,0.3616446601860897,0.40676182659307303,ETTh1,raw,2952,3048,raw:2952:6,mid,low
0,0.4973663668564603,0.3278331490877076,0.23164604419374193,0.5,0.7290607175962398,2.3044717804290213,0.2174119630424836,0.3522818533793033,0.4821575602129078,ETTh1,raw,2976,3072,raw:2976:0,mid,mid
1,0.4625838153167925,0.2602027673516532,0.1415956606027065,0.375,0.7620793422515212,2.3044717804290213,0.2174119630424836,0.28812741442371737,0.4514971017646683,ETTh1,raw,2976,3072,raw:2976:1,mid,low
2,0.43489760093735785,0.2214250901209586,0.13250507460696517,0.25,0.6971045881879531,2.3044717804290213,0.2174119630424836,0.26294258855509384,0.3881721837434789,ETTh1,raw,2976,3072,raw:2976:2,low,low
3,0.42713929736765444,0.22495887500710066,0.14032955773355557,0.375,0.7403234110733532,2.3044717804290213,0.2174119630424836,0.26414257670277025,0.44424512470527894,ETTh1,raw,2976,3072,raw:2976:3,low,low
4,0.05946223115334104,0.05579892108297207,0.36795171885691946,0.625,0.8348046402537582,2.3044717804290213,0.2174119630424836,0.16107095703107752,0.5590722010987472,ETTh1,raw,2976,3072,raw:2976:4,low,mid
5,0.31872204880970656,0.14420783146724014,0.5251657547823625,0.5,0.8457306016304255,2.3044717804290213,0.2174119630424836,0.3293652116864364,0.5210475215576363,ETTh1,raw,2976,3072,raw:2976:5,mid,mid
6,0.6567096157986259,0.14272716491911996,0.7922785442017678,0.25,0.760224098296924,2.3044717804290213,0.2174119630424836,0.5305717749731712,0.40921202044646915,ETTh1,raw,2976,3072,raw:2976:6,high,low
0,0.31237688186079915,0.15852383663299063,0.4960662566554587,0.375,0.6807206937358912,3.0656486573906165,0.34427477565797815,0.3223223250497495,0.4666651564646231,ETTh1,raw,3024,3120,raw:3024:0,mid,mid
1,0.5048949449966147,0.06588999726060113,0.22995126098468746,0.375,0.6463774626575286,3.0656486573906165,0.34427477565797815,0.2669120677473011,0.4552174127718356,ETTh1,raw,3024,3120,raw:3024:1,low,mid
2,0.19803553638330273,0.07316366120362958,0.24458444579600538,0.25,0.6224405661180894,3.0656486573906165,0.34427477565797815,0.1719278811276459,0.40557178059202253,ETTh1,raw,3024,3120,raw:3024:2,low,low
3,0.16052644591383514,0.06425879656045695,0.1874868475035602,0.375,0.6341197368838776,3.0656486573906165,0.34427477565797815,0.13742402999261744,0.4511315041806186,ETTh1,raw,3024,3120,raw:3024:3,low,low
4,0.35483244319548823,0.04501096644098728,0.3652919995123978,0.5,0.8182484366431153,3.0656486573906165,0.34427477565797815,0.2550451363829578,0.5541744041003644,ETTh1,raw,3024,3120,raw:3024:4,low,mid
5,0.3526222779423732,0.1041978082828679,0.24461854244061412,0.75,0.8039146893693465,3.0656486573906165,0.34427477565797815,0.23381287622195177,0.6327298216757749,ETTh1,raw,3024,3120,raw:3024:5,low,high
6,0.5049569731840915,0.30952480522816905,0.3851533715081946,0.125,0.7574170858478121,3.0656486573906165,0.34427477565797815,0.3998783833068184,0.40889728716859675,ETTh1,raw,3024,3120,raw:3024:6,high,low
0,0.0956114423320199,0.0445819970297234,0.465985876831178,0.75,0.7820679955132109,2.5608815496852984,0.26014692451397153,0.2020597720643071,0.5974049733423942,ETTh1,raw,3048,3144,raw:3048:0,low,high
1,0.20751221630692074,0.07399497681747899,0.42999377829452967,0.375,0.7587125072739866,2.5608815496852984,0.26014692451397153,0.23716699047297649,0.46461981059598606,ETTh1,raw,3048,3144,raw:3048:1,low,mid
2,0.18190652650910621,0.04914675697703615,0.37066925978737164,0.375,0.6990810073526745,2.5608815496852984,0.26014692451397153,0.20057418109117134,0.4447426439555487,ETTh1,raw,3048,3144,raw:3048:2,low,low
3,0.2220860842904634,0.10149923806123243,0.40828953007315016,0.5,0.7559652601885151,2.5608815496852984,0.26014692451397153,0.24395828414161533,0.5053707282341622,ETTh1,raw,3048,3144,raw:3048:3,low,mid
4,0.2381014460502825,0.05072711868308032,0.5722175839522236,0.75,0.8771735305804222,2.5608815496852984,0.26014692451397153,0.28701538289519546,0.629106818364798,ETTh1,raw,3048,3144,raw:3048:4,mid,high
5,0.17050048680656849,0.08147525962905339,0.6403961733451021,0.75,0.8547344310438738,2.5608815496852984,0.26014692451397153,0.29745730659357467,0.6216271185192818,ETTh1,raw,3048,3144,raw:3048:5,mid,high
6,0.8995815076093814,0.301149260546554,0.0448077654118872,0.375,0.8546213283692721,2.5608815496852984,0.26014692451397153,0.4151795111892742,0.4965894176277479,ETTh1,raw,3048,3144,raw:3048:6,high,mid
0,0.43821633832450035,0.22056135723101422,0.3456946937100908,0.75,0.8499370016495215,2.7987376211055417,0.29978960301794094,0.33482412975520176,0.6332422015558209,ETTh1,raw,3072,3168,raw:3072:0,mid,high
1,0.2976254837916392,0.47629653050092857,0.3162576452198576,0.5,0.8256812445268356,2.7987376211055417,0.29978960301794094,0.36339321983747513,0.5418236158482589,ETTh1,raw,3072,3168,raw:3072:1,mid,mid
2,0.5774103721891851,0.26474378900734663,0.317370784599772,0.625,0.8309615789302535,2.7987376211055417,0.29978960301794094,0.38650831526543455,0.5852503939827315,ETTh1,raw,3072,3168,raw:3072:2,high,high
3,0.3769547872375806,0.4420090545925175,0.46800654633780847,0.5,0.8455237299885985,2.7987376211055417,0.29978960301794094,0.42899012938930214,0.5484377776688465,ETTh1,raw,3072,3168,raw:3072:3,high,mid
4,0.2595437817130326,0.11801868464003354,0.40156609556902556,1.0,0.8785358474061643,2.7987376211055417,0.29978960301794094,0.25970952064069724,0.7261084834747017,ETTh1,raw,3072,3168,raw:3072:4,low,high
5,0.34749171003152113,0.13326122164589718,0.12002546820468674,0.75,0.8396692157810681,2.7987376211055417,0.29978960301794094,0.20025946662736835,0.6298196062663364,ETTh1,raw,3072,3168,raw:3072:5,low,high
6,0.7642633539315163,0.2519573374216144,0.039565149256748755,0.125,0.7337610336197008,2.7987376211055417,0.29978960301794094,0.3519286135366266,0.3861835455458806,ETTh1,raw,3072,3168,raw:3072:6,mid,low
0,0.5968935733530611,0.3004141111386156,0.4530327487300847,0.625,0.8448955754643084,3.002382677366788,0.33373044567158056,0.45011347774058713,0.601208673711963,ETTh1,raw,3120,3216,raw:3120:0,high,high
1,0.5605061878297524,0.40476619980687384,0.34660302443149443,1.0,0.9274125103403658,3.002382677366788,0.33373044567158056,0.4372918040227069,0.7537143186706489,ETTh1,raw,3120,3216,raw:3120:1,high,high
2,0.6121002062172112,0.4977585574566414,0.3792601301529695,0.375,0.8180645717690656,3.002382677366788,0.33373044567158056,0.4963729646089407,0.5089316724802154,ETTh1,raw,3120,3216,raw:3120:2,high,mid
3,0.4157679362607827,0.40720096411166,0.3427676350153165,1.0,0.9702152502847731,3.002382677366788,0.33373044567158056,0.3885788451292531,0.7679818986521179,ETTh1,raw,3120,3216,raw:3120:3,high,high
4,0.31593538823601974,0.07958876435452988,0.5144472140642811,0.875,0.8730992216310648,3.002382677366788,0.33373044567158056,0.30332378888494355,0.6939432224342151,ETTh1,raw,3120,3216,raw:3120:4,mid,high
5,0.6315850698810707,0.052615296046597176,0.5460152893869555,0.5,0.892483827597554,3.002382677366788,0.33373044567158056,0.4100718851048744,0.5754047577563782,ETTh1,raw,3120,3216,raw:3120:5,high,high
6,0.7019248881726496,0.20619907052872882,0.22544189026047354,0.25,0.7901239497688272,3.002382677366788,0.33373044567158056,0.37785528298728405,0.45795146514680257,ETTh1,raw,3120,3216,raw:3120:6,high,mid
0,0.3312469499478873,0.2533385056599078,0.4503251704065383,0.5,0.8462366719148264,2.768357647511345,0.2947262740940137,0.3449702086714444,0.5469876486696134,ETTh1,raw,3144,3240,raw:3144:0,mid,mid
1,0.35412657738831,0.5851113812144988,0.46465818472368625,0.5,0.9279650338491556,2.768357647511345,0.2947262740940137,0.46796538110883174,0.5742304359810565,ETTh1,raw,3144,3240,raw:3144:1,high,high
2,0.412076122764779,0.3990890832289615,0.28423280153036606,0.5,0.8004182690891201,2.768357647511345,0.2947262740940137,0.36513266917470216,0.5317148477277113,ETTh1,raw,3144,3240,raw:3144:2,mid,mid
3,0.37568323630187883,0.5548222348970664,0.5151824422074283,0.875,0.9719506763698497,2.768357647511345,0.2947262740940137,0.48189597113545785,0.7138923168212877,ETTh1,raw,3144,3240,raw:3144:3,high,high
4,0.21417817108196313,0.16742266082216856,0.4855578045060116,1.0,0.9187437892891082,2.768357647511345,0.2947262740940137,0.2890528788033811,0.7378233544610406,ETTh1,raw,3144,3240,raw:3144:4,mid,high
5,0.6714701121081843,0.13940971860197732,0.39567247165915576,0.75,0.8512168071118714,2.768357647511345,0.2947262740940137,0.40218410078977246,0.6319810270686285,ETTh1,raw,3144,3240,raw:3144:5,high,high
6,0.8314510109181024,0.2499674368646417,0.2842908293151984,0.25,0.7357924209097851,2.768357647511345,0.2947262740940137,0.45523642569931416,0.42683956500126624,ETTh1,raw,3144,3240,raw:3144:6,high,low
0,0.3382556894985327,0.06313542799014538,0.5032585821380099,0.375,0.7190373204201036,3.0413656778224993,0.3402276124033705,0.30154989987556263,0.478088310941158,ETTh1,raw,3192,3288,raw:3192:0,mid,mid
1,0.21290330239754618,0.10214032179205926,0.4319653891908831,0.375,0.7492090403413572,3.0413656778224993,0.3402276124033705,0.24900300446016285,0.48814555091490924,ETTh1,raw,3192,3288,raw:3192:1,low,mid
2,0.05431797713942588,0.057414136417262146,0.3118551811669299,0.25,0.5944908767446718,3.0413656778224993,0.3402276124033705,0.14119576490787264,0.3949061630493474,ETTh1,raw,3192,3288,raw:3192:2,low,low
3,0.40371453500899646,0.11615955263655413,0.32621997027392485,0.25,0.7297721987372845,3.0413656778224993,0.3402276124033705,0.2820313526398251,0.439999937046885,ETTh1,raw,3192,3288,raw:3192:3,mid,low
4,0.21520242165810333,0.13930845107369738,0.551267041029311,0.75,0.9195440863940902,3.0413656778224993,0.3402276124033705,0.3019259712537039,0.6699238995991535,ETTh1,raw,3192,3288,raw:3192:4,mid,high
5,0.30256345942413876,0.07525958184592195,0.662308404144999,0.5,0.8209045330946872,3.0413656778224993,0.3402276124033705,0.3467104818050199,0.5537107151660192,ETTh1,raw,3192,3288,raw:3192:5,mid,mid
6,0.6796700129056514,0.14497049125188566,0.2750401335879911,0.75,0.8995124050827434,3.0413656778224993,0.3402276124033705,0.36656021258184274,0.6632466724953713,ETTh1,raw,3192,3288,raw:3192:6,mid,high
0,0.0803535625257088,0.11301601379302005,0.40612230204722155,0.375,0.6813314827153375,3.5196036644948574,0.4199339433825863,0.19983062612198346,0.49208847536597466,ETTh1,raw,3216,3312,raw:3216:0,low,mid
1,0.5936828279531412,0.15574621008293776,0.15227628188104725,0.375,0.8625595541377769,3.5196036644948574,0.4199339433825863,0.3005684399723754,0.5524978325067877,ETTh1,raw,3216,3312,raw:3216:1,mid,mid
2,0.17505826275541514,0.05623306120634697,0.35746828486551147,0.25,0.5571338428612703,3.5196036644948574,0.4199339433825863,0.19625320294242452,0.4090225954146189,ETTh1,raw,3216,3312,raw:3216:2,low,low
3,0.35788172943169294,0.040471862916516194,0.25864123416938045,0.375,0.6793471210520053,3.5196036644948574,0.4199339433825863,0.21899827550586318,0.4914270214781972,ETTh1,raw,3216,3312,raw:3216:3,low,mid
4,0.37235791967906395,0.1384356193883718,0.4121683475132974,0.75,0.9030249444681622,3.5196036644948574,0.4199339433825863,0.3076539621935777,0.6909862959502494,ETTh1,raw,3216,3312,raw:3216:4,mid,high
5,0.5323076369769693,0.06563076324524764,0.47639457353857556,0.125,0.7631048562474654,3.5196036644948574,0.4199339433825863,0.3581109912535975,0.4360129332100173,ETTh1,raw,3216,3312,raw:3216:5,mid,low
6,0.6678132680382591,0.1295815528084,0.05699688801790029,0.125,0.5767994740097825,3.5196036644948574,0.4199339433825863,0.2847972362881865,0.3739111391307896,ETTh1,raw,3216,3312,raw:3216:6,mid,low
0,0.48527336725229464,0.04371159733446123,0.3859282780353409,0.5,0.6775101753346375,2.8754366587270916,0.31257277593356064,0.3049710808740323,0.4966943170893994,ETTh1,raw,3240,3336,raw:3240:0,mid,mid
1,0.5544649880853304,0.06360881162677545,0.07318426424025674,0.375,0.8181221456273874,2.8754366587270916,0.31257277593356064,0.23041935465078753,0.5018983071869826,ETTh1,raw,3240,3336,raw:3240:1,low,mid
2,0.12800623163183333,0.0490031450943272,0.29079722393830215,0.5,0.5391655160239454,2.8754366587270916,0.31257277593356064,0.1559355335548209,0.450579430652502,ETTh1,raw,3240,3336,raw:3240:2,low,low
3,0.1133438203608641,0.048320590201900195,0.3500966013401504,0.375,0.7311169840935747,2.8754366587270916,0.31257277593356064,0.17058700396763823,0.47289658667571177,ETTh1,raw,3240,3336,raw:3240:3,low,mid
4,0.1755537051138144,0.0346440841745109,0.5736287823372888,0.625,0.8904087392140028,2.8754366587270916,0.31257277593356064,0.2612755238752047,0.6093271717158545,ETTh1,raw,3240,3336,raw:3240:4,low,high
5,0.8214271009283853,0.10406750850856093,0.8904549306709009,0.25,0.8460859916429662,2.8754366587270916,0.31257277593356064,0.6053165133692824,0.4695529225255089,ETTh1,raw,3240,3336,raw:3240:5,high,mid
6,0.867638841356162,0.10135430749375013,0.057748532662194416,0.125,0.8203105006708229,2.8754366587270916,0.31257277593356064,0.3422472271707022,0.4192944255347945,ETTh1,raw,3240,3336,raw:3240:6,mid,low
0,0.40364707823520285,0.19140993772781728,0.45015904642615323,0.5,0.7780823507359537,3.932059347736378,0.4886765571416021,0.34840535412972445,0.5889196359591852,ETTh1,raw,3288,3384,raw:3288:0,mid,high
1,0.24797190558469095,0.08544455478909001,0.2822882947873468,0.75,0.8516908641937583,3.932059347736378,0.4886765571416021,0.20523491838704258,0.6967891404451202,ETTh1,raw,3288,3384,raw:3288:1,low,high
2,0.15450282260004855,0.1514482437528703,0.25453393756095816,0.375,0.6910715444243974,3.932059347736378,0.4886765571416021,0.186828334637959,0.5182493671886665,ETTh1,raw,3288,3384,raw:3288:2,low,mid
3,0.23416705128840187,0.12166318093566755,0.4440363199082358,0.5,0.8467893112222531,3.932059347736378,0.4886765571416021,0.2666221840441017,0.6118219561212851,ETTh1,raw,3288,3384,raw:3288:3,low,high
4,0.1765702781801245,0.028331226702841,0.5831479438543076,0.75,0.8778225920799124,3.932059347736378,0.4886765571416021,0.26268314957909106,0.7054997164071715,ETTh1,raw,3288,3384,raw:3288:4,low,high
5,0.43009340434837073,0.10245311004300228,0.43064064234602717,0.25,0.8373115416383681,3.932059347736378,0.4886765571416021,0.3210623855791334,0.52532936625999,ETTh1,raw,3288,3384,raw:3288:5,mid,mid
6,0.43811390314464427,0.13414690985767924,0.40080485617198686,0.125,0.8444838084724521,3.932059347736378,0.4886765571416021,0.32435522305810344,0.4860534552046847,ETTh1,raw,3288,3384,raw:3288:6,mid,mid
0,0.4198252516906642,0.20099250218210038,0.4664517399980622,0.625,0.813588099687453,2.479047406138062,0.24650790061216382,0.36242316462360896,0.561698666766539,ETTh1,raw,3312,3408,raw:3312:0,mid,high
1,0.09283720204442303,0.1732656808854019,0.4795916364464534,0.5,0.8827616307087108,2.479047406138062,0.24650790061216382,0.24856483979209276,0.5430898437736249,ETTh1,raw,3312,3408,raw:3312:1,low,mid
2,0.42021058050101034,0.18844020274385134,0.24157924750810217,0.5,0.7812418526183541,2.479047406138062,0.24650790061216382,0.28341001025098794,0.509249917743506,ETTh1,raw,3312,3408,raw:3312:2,mid,mid
3,0.3708423720793147,0.05119354204354902,0.41543874039491285,0.5,0.8657901314034379,2.479047406138062,0.24650790061216382,0.2791582181725922,0.537432677338534,ETTh1,raw,3312,3408,raw:3312:3,mid,mid
4,0.11691869564742541,0.026943427388314622,0.3831074785315921,0.875,0.8627959030617235,2.479047406138062,0.24650790061216382,0.1756565338557774,0.661434601224629,ETTh1,raw,3312,3408,raw:3312:4,low,high
5,0.30145868051592417,0.05356582549632477,0.2713824759724746,0.5,0.7626558119021448,2.479047406138062,0.24650790061216382,0.2088023273282412,0.5030545708381028,ETTh1,raw,3312,3408,raw:3312:5,low,mid
6,0.7468901579529532,0.15692652320342462,0.3726130550450936,0.375,0.7618893189281405,2.479047406138062,0.24650790061216382,0.4254765787338238,0.46113240651343473,ETTh1,raw,3312,3408,raw:3312:6,high,mid
0,0.4495615214055565,0.04240037967758774,0.30638196460526973,0.375,0.7713388761168134,2.652310836495387,0.2753851389569226,0.266114621896138,0.4739080050245787,ETTh1,raw,3360,3456,raw:3360:0,low,mid
1,0.3246494423088214,0.09882406613835412,0.4970361026218611,0.625,0.8643127277777167,2.652310836495387,0.2753851389569226,0.3068365370230122,0.5882326222448798,ETTh1,raw,3360,3456,raw:3360:1,mid,high
2,0.40423194345313174,0.03211406783086492,0.44378741093795365,0.5,0.7504677453290709,2.652310836495387,0.2753851389569226,0.2933778074073168,0.5086176280953312,ETTh1,raw,3360,3456,raw:3360:2,mid,mid
3,0.5225851028226066,0.0926851125353991,0.49462145557729664,0.625,0.8739645781200742,2.652310836495387,0.2753851389569226,0.36996389031176746,0.5914499056923322,ETTh1,raw,3360,3456,raw:3360:3,mid,high
4,0.2845248189485181,0.1937365340575808,0.29334563726997415,0.75,0.9298240313189082,2.652310836495387,0.2753851389569226,0.25720233009202437,0.6517363900919436,ETTh1,raw,3360,3456,raw:3360:4,low,high
5,0.5191019120404448,0.20284813950214348,0.2189871312988849,0.75,0.9315757666224533,2.652310836495387,0.2753851389569226,0.3136457276138244,0.652320301859792,ETTh1,raw,3360,3456,raw:3360:5,mid,high
6,0.8893178362800923,0.08094231238381991,0.15719848875790352,0.125,0.7988000245221133,2.652310836495387,0.2753851389569226,0.3758195458072719,0.39972838782634534,ETTh1,raw,3360,3456,raw:3360:6,mid,low
0,0.3374350239945857,0.2795776766776908,0.5030331435337605,0.375,0.8728669650911322,2.7149870679747306,0.2858311775194031,0.3733486147353457,0.5112327142035117,ETTh1,raw,3384,3480,raw:3384:0,mid,mid
1,0.24068135348344422,0.12570183231417004,0.5489441820747843,0.375,0.8830154006264925,2.7149870679747306,0.2858311775194031,0.30510912262413287,0.5146155260486319,ETTh1,raw,3384,3480,raw:3384:1,mid,mid
2,0.1263541225234499,0.2500725582506484,0.4663190529536656,0.375,0.8414154567676565,2.7149870679747306,0.2858311775194031,0.2809152445759213,0.5007488780956866,ETTh1,raw,3384,3480,raw:3384:2,mid,mid
3,0.1788348908859254,0.12676765920280614,0.5245161789279612,0.5,0.9023978154258201,2.7149870679747306,0.2858311775194031,0.27670624300556423,0.5627429976484077,ETTh1,raw,3384,3480,raw:3384:3,low,high
4,0.10137483348374587,0.14052947518602107,0.6011009394040568,0.875,0.974912882118367,2.7149870679747306,0.2858311775194031,0.28100174935794126,0.7119146865459234,ETTh1,raw,3384,3480,raw:3384:4,mid,high
5,0.38183788628030346,0.1896198909822574,0.6417338475455877,1.0,0.9767574811327002,2.7149870679747306,0.2858311775194031,0.4043972082693828,0.7541962195507012,ETTh1,raw,3384,3480,raw:3384:5,high,high
6,0.4072725642969245,0.2460796988405583,0.048699133978639196,0.25,0.7097882831889326,2.7149870679747306,0.2858311775194031,0.2340171323720407,0.41520648690277856,ETTh1,raw,3384,3480,raw:3384:6,low,low
0,0.524145628595944,0.10555184051225613,0.4140985250006996,0.625,0.802172624573871,3.287054795099099,0.3811757985478902,0.3479319980363,0.6027828077072538,ETTh1,raw,3432,3528,raw:3432:0,mid,high
1,0.111812501184954,0.06998992656759286,0.45052352997201006,0.5,0.7568271552237021,3.287054795099099,0.3811757985478902,0.21077531924151896,0.5460009845905308,ETTh1,raw,3432,3528,raw:3432:1,low,mid
2,0.22734179923930808,0.06964639782711171,0.3828330531087539,0.5,0.7033926782796888,3.287054795099099,0.3811757985478902,0.22660708339172456,0.5281894922758598,ETTh1,raw,3432,3528,raw:3432:2,low,mid
3,0.26389824272620377,0.0742400248282983,0.4740688495522307,0.5,0.7422155582232915,3.287054795099099,0.3811757985478902,0.27073570570224426,0.5411304522570606,ETTh1,raw,3432,3528,raw:3432:3,low,mid
4,0.09144500265524713,0.258336604743053,0.3565996303101484,0.625,0.8767372039794289,3.287054795099099,0.3811757985478902,0.23546041256948283,0.6276376675091063,ETTh1,raw,3432,3528,raw:3432:4,low,high
5,0.21983506791172314,0.3236612197620298,0.3793834040813988,0.625,0.9511392393007193,3.287054795099099,0.3811757985478902,0.3076265639183839,0.6524383459495365,ETTh1,raw,3432,3528,raw:3432:5,mid,high
6,0.8562255927509479,0.126519307833879,0.02624055775316437,0.125,0.5135646239398579,3.287054795099099,0.3811757985478902,0.3363284861126638,0.33991347416258266,ETTh1,raw,3432,3528,raw:3432:6,mid,low
0,0.589375844983838,0.22974869478634602,0.5164762770100834,0.875,0.8787900084337973,3.1566593890369603,0.359443230907088,0.4452002722600891,0.704411079780295,ETTh1,raw,3456,3552,raw:3456:0,high,high
1,0.6237195258502766,0.18301318119432552,0.500599547910291,0.625,0.8397648297744456,3.1566593890369603,0.359443230907088,0.4357774183182977,0.6080693535605112,ETTh1,raw,3456,3552,raw:3456:1,high,high
2,0.5125483802588824,0.10361888804990439,0.4006617244139939,0.625,0.7697840829028749,3.1566593890369603,0.359443230907088,0.3389429975742602,0.5847424379366543,ETTh1,raw,3456,3552,raw:3456:2,mid,high
3,0.3600812553662772,0.1189422921785299,0.3669303675838388,0.75,0.8205153583648227,3.1566593890369603,0.359443230907088,0.2819846383762153,0.6433195297573036,ETTh1,raw,3456,3552,raw:3456:3,mid,high
4,0.10987522707078268,0.4622598334039172,0.3727997596148964,0.625,0.94812060147432,3.1566593890369603,0.359443230907088,0.3149782733631988,0.644187944127136,ETTh1,raw,3456,3552,raw:3456:4,mid,high
5,0.3194055560856516,0.255862253418978,0.14754819193465846,0.625,0.8997298950482527,3.1566593890369603,0.359443230907088,0.2409386671464293,0.6280577086517802,ETTh1,raw,3456,3552,raw:3456:5,low,high
6,0.6684019239819654,0.20332902326714697,0.5855635702994443,0.25,0.7911859892520414,3.1566593890369603,0.359443230907088,0.4857648391828522,0.4668764067197098,ETTh1,raw,3456,3552,raw:3456:6,high,mid
0,0.09773249625596259,0.1318506023971667,0.48152957492157017,0.625,0.9142270694065685,2.9131743354439172,0.31886238870921557,0.23703755785823313,0.6193631527052613,ETTh1,raw,3480,3576,raw:3480:0,low,high
1,0.2801021889485271,0.19055787727859,0.470447530323238,0.5,0.8781075241014251,2.9131743354439172,0.31886238870921557,0.3137025321834517,0.5656566376035469,ETTh1,raw,3480,3576,raw:3480:1,mid,high
2,0.25677445893008444,0.14161839202020787,0.5458022399018247,0.5,0.8440137034211592,2.9131743354439172,0.31886238870921557,0.3147316969507057,0.5542920307101249,ETTh1,raw,3480,3576,raw:3480:2,mid,mid
3,0.5593448024941982,0.3117013768676806,0.3925093691848332,0.875,0.8869003783599568,2.9131743354439172,0.31886238870921557,0.421185182848904,0.6935875890230575,ETTh1,raw,3480,3576,raw:3480:3,high,high
4,0.2527508267177052,0.47077192661589895,0.561637500832441,0.5,0.8287556321338276,2.9131743354439172,0.31886238870921557,0.4283867513886817,0.5492060069476811,ETTh1,raw,3480,3576,raw:3480:4,high,mid
5,0.35432930819726827,0.12949870097794558,0.7700911020883724,0.5,0.8387828712791701,2.9131743354439172,0.31886238870921557,0.41797303708786204,0.5525484199961285,ETTh1,raw,3480,3576,raw:3480:5,high,mid
6,0.5411452527330919,0.31338011417757894,0.15370069007409587,0.375,0.7935720946032534,2.9131743354439172,0.31886238870921557,0.3360753523282556,0.4958114944374897,ETTh1,raw,3480,3576,raw:3480:6,mid,mid
0,0.0855235494462463,0.08372706137743467,0.4694551066697583,0.625,0.7758897360215665,2.856203027954236,0.30936717081009407,0.21290190583114643,0.5700856356105536,ETTh1,raw,3528,3624,raw:3528:0,low,high
1,0.3723525179020376,0.09859865612427028,0.4012440396874064,0.75,0.8238440005348793,2.856203027954236,0.30936717081009407,0.29073173790457146,0.6277370571149911,ETTh1,raw,3528,3624,raw:3528:1,mid,high
2,0.33058702576543353,0.08849912797248516,0.42250600241165576,0.25,0.6850919170275003,2.856203027954236,0.30936717081009407,0.28053071871652485,0.41481969594586476,ETTh1,raw,3528,3624,raw:3528:2,mid,low
3,0.6048130822515811,0.15749485041742714,0.3681794817435908,0.625,0.8319123481826827,2.856203027954236,0.30936717081009407,0.37682913813753305,0.5887598396642589,ETTh1,raw,3528,3624,raw:3528:3,high,high
4,0.1047772049995469,0.04505723147212158,0.4369290600192696,0.625,0.8054394171400074,2.856203027954236,0.30936717081009407,0.19558783216364603,0.5799355293167004,ETTh1,raw,3528,3624,raw:3528:4,low,high
5,0.306435361551201,0.1830425319882641,0.4913240780893197,1.0,0.8841826091730068,2.856203027954236,0.30936717081009407,0.32693399054292827,0.731183259994367,ETTh1,raw,3528,3624,raw:3528:5,mid,high
6,0.7524410964004117,0.3415179343376238,0.017255676331061804,0.25,0.9503310548250125,2.856203027954236,0.30936717081009407,0.3704049023563658,0.5032327418783688,ETTh1,raw,3528,3624,raw:3528:6,mid,mid
0,0.4566531856593502,0.07176013830792687,0.4540026733483957,0.5,0.7282426440698476,3.4510545981139136,0.40850909900480376,0.32747199910522423,0.5455839143582171,ETTh1,raw,3552,3648,raw:3552:0,mid,mid
1,0.45766714812768616,0.06250857421774023,0.4044673684824984,0.5,0.8027278777446459,3.4510545981139136,0.40850909900480376,0.30821436360930826,0.5704123255831498,ETTh1,raw,3552,3648,raw:3552:1,mid,high
2,0.2771534977945749,0.10107988653138092,0.3582159618562701,0.375,0.6851741620657362,3.4510545981139136,0.40850909900480376,0.2454831153940753,0.48956108702351336,ETTh1,raw,3552,3648,raw:3552:2,low,mid
3,0.26693313058482526,0.11088750830752571,0.3604868950648605,0.375,0.8055535248629051,3.4510545981139136,0.40850909900480376,0.24610251131907046,0.5296875412892362,ETTh1,raw,3552,3648,raw:3552:3,low,mid
4,0.3051232907450777,0.06617874699367872,0.6301187782003169,0.5,0.8744281099924942,3.4510545981139136,0.40850909900480376,0.3338069386463578,0.5943124029990993,ETTh1,raw,3552,3648,raw:3552:4,mid,high
5,0.5167767494162774,0.13434824519853453,0.7749894040988785,0.25,0.902636831411884,3.4510545981139136,0.40850909900480376,0.4753714662378968,0.5203819768055625,ETTh1,raw,3552,3648,raw:3552:5,high,mid
6,0.19782901655652418,0.2151750124416899,0.11257746116505868,0.125,0.6326526358981437,3.4510545981139136,0.40850909900480376,0.17519383005442424,0.38872057830098244,ETTh1,raw,3552,3648,raw:3552:6,low,low
0,0.46874500513642003,0.0967260781567702,0.45391073630870027,0.5,0.7144080732781147,3.1945216859216266,0.3657536137106817,0.33979393986729683,0.5267205623295989,ETTh1,raw,3600,3696,raw:3600:0,mid,mid
1,0.4108778417715715,0.07875985030890484,0.54633435022552,0.375,0.7601063218613208,3.1945216859216266,0.3657536137106817,0.3453240141019988,0.5002866451906675,ETTh1,raw,3600,3696,raw:3600:1,mid,mid
2,0.2688685433585659,0.046102035132672706,0.4186621312184546,0.375,0.6537960821398511,3.1945216859216266,0.3657536137106817,0.24454423656989774,0.4648498986168443,ETTh1,raw,3600,3696,raw:3600:2,low,mid
3,0.4545035311027613,0.0597641394610582,0.5311280679529602,0.375,0.7598972205355032,3.1945216859216266,0.3657536137106817,0.34846524617225993,0.5002169447487282,ETTh1,raw,3600,3696,raw:3600:3,mid,mid
4,0.18174772642515702,0.06714932331195773,0.553713911178282,0.625,0.8799714264151742,3.1945216859216266,0.3657536137106817,0.2675369869717989,0.6235750133752852,ETTh1,raw,3600,3696,raw:3600:4,low,high
5,0.6200309507987278,0.21228957535208953,0.5962453746089393,0.125,0.8401762338273713,3.1945216859216266,0.3657536137106817,0.47618863358658553,0.4436432825126843,ETTh1,raw,3600,3696,raw:3600:5,high,low
6,0.6772857075029042,0.44769713289661733,0.26075493911513997,0.0,0.887096377508362,3.1945216859216266,0.3657536137106817,0.4619125931715538,0.4176166637396812,ETTh1,raw,3600,3696,raw:3600:6,high,low
0,0.4298418442724331,0.21466626151599325,0.43990556700534966,0.5,0.7993575361262275,3.116595372259917,0.3527658947887097,0.36147122426459194,0.5507078103049791,ETTh1,raw,3624,3720,raw:3624:0,mid,mid
1,0.476012705127162,0.14663938130145138,0.6553911426958002,0.5,0.794820237806037,3.116595372259917,0.3527658947887097,0.4260144097081378,0.5491953775315822,ETTh1,raw,3624,3720,raw:3624:1,high,mid
2,0.3099820856831026,0.18415616366403315,0.39403664825243345,0.5,0.7995315166355099,3.116595372259917,0.3527658947887097,0.2960582991998564,0.5507658038080732,ETTh1,raw,3624,3720,raw:3624:2,mid,mid
3,0.18144426005123382,0.18057876978817214,0.4984604023959712,0.625,0.8049173413518246,3.116595372259917,0.3527658947887097,0.2868278107451257,0.5942277453801781,ETTh1,raw,3624,3720,raw:3624:3,mid,high
4,0.3418135746615233,0.05648975337854371,0.5240824447956207,0.875,0.849517840484742,3.116595372259917,0.3527658947887097,0.30746192427856256,0.6924279117578171,ETTh1,raw,3624,3720,raw:3624:4,mid,high
5,0.3920326109459892,0.2016929377390314,0.4486167694790632,0.5,0.8096089532506896,3.116595372259917,0.3527658947887097,0.34744743938802797,0.5541249493464665,ETTh1,raw,3624,3720,raw:3624:5,mid,mid
6,0.3316818278669935,0.12616081960596504,0.1499170918372083,0.125,0.6235750214198215,3.116595372259917,0.3527658947887097,0.2025865797700556,0.3671136387361771,ETTh1,raw,3624,3720,raw:3624:6,low,low
0,0.1322166413114162,0.07806212840078591,0.48980422635297977,0.5,0.8275783732006224,3.0967382368613885,0.3494563722278041,0.23336099868839397,0.5590115818094755,ETTh1,raw,3648,3744,raw:3648:0,low,mid
1,0.2424215982386001,0.08433192771443819,0.5832669892088119,0.625,0.825070588603218,3.0967382368613885,0.3494563722278041,0.3033401717206167,0.5998423202770073,ETTh1,raw,3648,3744,raw:3648:1,mid,high
2,0.4539345638871818,0.18693813671310958,0.44739253919005273,0.25,0.8027536821332734,3.0967382368613885,0.3494563722278041,0.3627550799301147,0.46740335145369255,ETTh1,raw,3648,3744,raw:3648:2,mid,mid
3,0.398596961931443,0.14588915342133305,0.5823270977743986,0.625,0.878501275659764,3.0967382368613885,0.3494563722278041,0.3756044043757249,0.617652549295856,ETTh1,raw,3648,3744,raw:3648:3,mid,high
4,0.2720296290146631,0.08796372671595198,0.5598950207709965,0.75,0.8861875261444307,3.0967382368613885,0.3494563722278041,0.30662945883387055,0.6618812994574116,ETTh1,raw,3648,3744,raw:3648:4,mid,high
5,0.2677937875232207,0.19496813447948996,0.5948250277029408,0.375,0.8407911992275484,3.0967382368613885,0.3494563722278041,0.35252898323521714,0.5217491904851176,ETTh1,raw,3648,3744,raw:3648:5,mid,mid
6,0.5351200891744989,0.17077725896194934,0.4201611244657709,0.375,0.8451903379329185,3.0967382368613885,0.3494563722278041,0.37535282420073973,0.5232155700535742,ETTh1,raw,3648,3744,raw:3648:6,mid,mid
0,0.7628633829835954,0.2369259912367048,0.4686743033010395,0.375,0.8166376134649823,2.4175827967353416,0.23626379906211728,0.48948789250711316,0.47596713750903324,ETTh1,raw,3696,3792,raw:3696:0,high,mid
1,0.731723763456901,0.2325479759619301,0.466299274677165,0.375,0.8536254997880187,2.4175827967353416,0.23626379906211728,0.4768570046986654,0.48829643295004527,ETTh1,raw,3696,3792,raw:3696:1,high,mid
2,0.8413567173633958,0.17130177530417867,0.3879434196763324,0.25,0.8237668935042964,2.4175827967353416,0.23626379906211728,0.46686730411463556,0.43667689752213784,ETTh1,raw,3696,3792,raw:3696:2,high,low
3,0.6974335194321867,0.16065242735007673,0.5094408308635003,0.375,0.9115414156189346,2.4175827967353416,0.23626379906211728,0.4558422592152546,0.5076017382270173,ETTh1,raw,3696,3792,raw:3696:3,high,mid
4,0.6420513058146875,0.3162356354521454,0.5707970110624326,0.625,0.9393183436825778,2.4175827967353416,0.23626379906211728,0.5096946507764218,0.600194047581565,ETTh1,raw,3696,3792,raw:3696:4,high,high
5,0.44995115857143864,0.13178051504291888,0.5548139527023633,0.375,0.9203946509090852,2.4175827967353416,0.23626379906211728,0.3788485421055736,0.5105528166570675,ETTh1,raw,3696,3792,raw:3696:5,high,mid
6,0.696827841450024,0.07261505624200008,0.13349269200619765,0.125,0.6220186608734152,2.4175827967353416,0.23626379906211728,0.3009785298994072,0.3277608199785108,ETTh1,raw,3696,3792,raw:3696:6,mid,low
0,0.9999999999497503,0.0414340521744392,0.6477565630408515,0.375,0.8876423052329543,2.5661028491310485,0.26101714108681284,0.563063538388347,0.507886482106589,ETTh1,raw,3720,3816,raw:3720:0,high,mid
1,0.9999999991280772,0.11748294328466075,0.7460238594815538,0.5,0.8994347930155442,2.5661028491310485,0.26101714108681284,0.6211689339647639,0.553483978034119,ETTh1,raw,3720,3816,raw:3720:1,high,mid
2,0.9999999998354541,0.1213500591186808,0.5113302357399294,0.625,0.8502459833857523,2.5661028491310485,0.26101714108681284,0.5442267648980215,0.5787543748241885,ETTh1,raw,3720,3816,raw:3720:2,high,high
3,0.9999999983188002,0.22036871467551955,0.5734798162815868,0.625,0.8940834896216711,2.5661028491310485,0.26101714108681284,0.5979495097586355,0.5933668769028279,ETTh1,raw,3720,3816,raw:3720:3,high,high
4,0.9999999993239718,0.15934364267825893,0.6167077643861419,0.375,0.8876357352996715,2.5661028491310485,0.26101714108681284,0.5920171354627909,0.5078842921288281,ETTh1,raw,3720,3816,raw:3720:4,high,mid
5,0.9999999983259709,0.11343393416186201,0.6502399241460783,0.25,0.8823800824488904,2.5661028491310485,0.26101714108681284,0.5878912855446371,0.4644657411785677,ETTh1,raw,3720,3816,raw:3720:5,high,mid
6,0.9793258214294427,0.10225412013364749,0.604634256194073,0.125,0.43940176298019157,2.5661028491310485,0.26101714108681284,0.5620713992523877,0.2751396346890015,ETTh1,raw,3720,3816,raw:3720:6,high,low
0,0.999999998445266,0.15553458651176186,0.0,0.0,0.6776763977866703,1.3513608102633041,0.058560134946283794,0.3851781949856759,0.24541217757765135,ETTh1,raw,3768,3864,raw:3768:0,high,low
1,0.9999999953379073,0.20756062541547332,0.0,0.0,0.7202565642030078,1.3513608102633041,0.058560134946283794,0.40252020691779355,0.2596055663830972,ETTh1,raw,3768,3864,raw:3768:1,high,low
2,0.0,0.14507109453683015,0.0,0.0,0.7326881859569447,1.3513608102633041,0.058560134946283794,0.048357031512276716,0.26374944030107617,ETTh1,raw,3768,3864,raw:3768:2,low,low
3,0.0,0.2349418549983595,0.0,0.0,0.7796295125006211,1.3513608102633041,0.058560134946283794,0.07831395166611983,0.2793965491489683,ETTh1,raw,3768,3864,raw:3768:3,low,low
4,0.9999999979859541,0.13932056600361006,0.0,0.125,0.7655662369944936,1.3513608102633041,0.058560134946283794,0.3797735213298547,0.31637545731359246,ETTh1,raw,3768,3864,raw:3768:4,high,low
5,0.9999999946026552,0.23132410228771633,0.0,0.125,0.7432405019140068,1.3513608102633041,0.058560134946283794,0.41044136563012384,0.30893354562009684,ETTh1,raw,3768,3864,raw:3768:5,high,low
6,0.603798078761409,0.03178393121206415,0.11252439964944107,0.0,0.25843688066021053,1.3513608102633041,0.058560134946283794,0.24936880320763807,0.10566567186883145,ETTh1,raw,3768,3864,raw:3768:6,low,low
0,0.9999999997927793,0.07123784512598505,0.23967273407602294,0.125,0.8671507773559951,1.075478246748793,0.012579707770499339,0.4369701929982624,0.3349101617088315,ETTh1,raw,3792,3888,raw:3792:0,high,low
1,0.9999999996242522,0.16878939809575666,0.1407883897895175,0.375,0.9364749746135052,1.075478246748793,0.012579707770499339,0.43652592916984206,0.44135156079466814,ETTh1,raw,3792,3888,raw:3792:1,high,low
2,0.9999999993153535,0.04224688119812079,0.0,0.125,0.7887670066465341,1.075478246748793,0.012579707770499339,0.3474156268378248,0.3087822381390111,ETTh1,raw,3792,3888,raw:3792:2,mid,low
3,0.999999999040832,0.13117650465661837,0.0,0.25,0.8978381449224833,1.075478246748793,0.012579707770499339,0.3770588345658168,0.3868059508976609,ETTh1,raw,3792,3888,raw:3792:3,high,low
4,0.9999999995537496,0.15380270853449737,0.25715465543980986,0.625,0.9209539127629811,1.075478246748793,0.012579707770499339,0.47031912117601893,0.5195112068444935,ETTh1,raw,3792,3888,raw:3792:4,high,mid
5,0.9999999986863688,0.10478397275756675,0.15763662984681928,0.125,0.8365891116754098,1.075478246748793,0.012579707770499339,0.4208068670969183,0.32472293981530304,ETTh1,raw,3792,3888,raw:3792:5,high,low
6,0.8527095476742586,0.0661122005510616,0.06123086742173399,0.375,0.7535174796879747,1.075478246748793,0.012579707770499339,0.3266842052156847,0.3803657291528247,ETTh1,raw,3792,3888,raw:3792:6,mid,low
0,0.7851887364055683,0.43425586389857834,0.1150231756045449,0.125,0.7845437731327013,2.940785076148115,0.3234641788189122,0.44482259196956386,0.4110026506505378,ETTh1,raw,3816,3912,raw:3816:0,high,low
1,0.8028102959708086,0.39044955837094486,0.11735991041630392,0.25,0.8695476438357661,2.940785076148115,0.3234641788189122,0.4368732549193524,0.4810039408848928,ETTh1,raw,3816,3912,raw:3816:1,high,mid
2,0.9999999999213466,0.3714283294559795,0.05230077011721558,0.125,0.8386013618529283,2.940785076148115,0.3234641788189122,0.4745763664981806,0.4290218468906135,ETTh1,raw,3816,3912,raw:3816:2,high,low
3,0.999999999170784,0.2938392280105552,0.12028446826850965,0.375,0.9169745146377549,2.940785076148115,0.3234641788189122,0.47137456514994963,0.5384795644855557,ETTh1,raw,3816,3912,raw:3816:3,high,mid
4,0.8137060014076507,0.3461388131362918,0.4589468744332151,0.75,0.9341191145999368,2.940785076148115,0.3234641788189122,0.5395972296590525,0.6691944311396164,ETTh1,raw,3816,3912,raw:3816:4,high,high
5,0.7461809897165854,0.3706696410260354,0.47290981277277294,0.125,0.8349862686805386,2.940785076148115,0.3234641788189122,0.5299201478384645,0.4278168158331503,ETTh1,raw,3816,3912,raw:3816:5,high,low
6,0.8083225446482655,0.07878469910439434,0.19841215248984848,0.0,0.4653568559552345,2.940785076148115,0.3234641788189122,0.36183979874750277,0.2629403449247156,ETTh1,raw,3816,3912,raw:3816:6,mid,low
0,0.1427358088113334,0.03600505481918141,0.4038513086756147,0.5,0.7328495351478518,3.584774050208266,0.43079567431671817,0.19419739076870987,0.5545484031548567,ETTh1,raw,3864,3960,raw:3864:0,low,mid
1,0.8439090534726663,0.1607223818811524,0.15428740455332504,0.5,0.8435627214658978,3.584774050208266,0.43079567431671817,0.3863062799690479,0.5914527985942053,ETTh1,raw,3864,3960,raw:3864:1,high,high
2,0.2655061862492537,0.13610481000206348,0.3790566153432246,0.125,0.6810869829497201,3.584774050208266,0.43079567431671817,0.2602225371981806,0.41229421908881275,ETTh1,raw,3864,3960,raw:3864:2,low,low
3,0.8584795658556148,0.25590871763568157,0.24794852232801162,0.5,0.8991166295137636,3.584774050208266,0.43079567431671817,0.454112268606436,0.6099707679434939,ETTh1,raw,3864,3960,raw:3864:3,high,high
4,0.27387641296394205,0.22941431096590842,0.4734186575417513,1.0,0.89048824689532,3.584774050208266,0.43079567431671817,0.32556979382386725,0.7737613070706795,ETTh1,raw,3864,3960,raw:3864:4,mid,high
5,0.47327335006110527,0.21548446558325957,0.30449117802441467,0.625,0.831312551523017,3.584774050208266,0.43079567431671817,0.3310829978895931,0.6290360752799118,ETTh1,raw,3864,3960,raw:3864:5,mid,high
6,0.4952122089031815,0.14731845557214035,0.4454376356472873,0.0,0.7130594804085059,3.584774050208266,0.43079567431671817,0.36265610004086973,0.3812850515750747,ETTh1,raw,3864,3960,raw:3864:6,mid,low
0,0.3301751543998699,0.1543684076769979,0.47383160939690866,0.375,0.8606020914966456,3.826179739553502,0.4710299558072005,0.31945839049125885,0.568877349101282,ETTh1,raw,3888,3984,raw:3888:0,mid,high
1,0.7782375808745392,0.20945570371837163,0.8827098591034483,0.375,0.9566247865721721,3.826179739553502,0.4710299558072005,0.6234677145654531,0.6008849141264575,ETTh1,raw,3888,3984,raw:3888:1,high,high
2,0.05846452516694389,0.10139396560547281,0.35772489988676337,0.5,0.7979311200619401,3.826179739553502,0.4710299558072005,0.17252779688639333,0.5896536919563802,ETTh1,raw,3888,3984,raw:3888:2,low,high
3,0.7735530081202533,0.1730686025668006,0.8522593005798946,0.25,0.9400984781545785,3.826179739553502,0.4710299558072005,0.5996269704223162,0.5537094779872597,ETTh1,raw,3888,3984,raw:3888:3,high,mid
4,0.08243392910566483,0.11669149955387276,0.5299994383566785,0.625,0.8843071206534149,3.826179739553502,0.4710299558072005,0.2430416223387387,0.6601123588202051,ETTh1,raw,3888,3984,raw:3888:4,low,high
5,0.49164933026770163,0.1566456572921176,0.5432339195969542,0.5,0.9083048162027549,3.826179739553502,0.4710299558072005,0.39717630238559115,0.6264449240033184,ETTh1,raw,3888,3984,raw:3888:5,high,high
6,0.7075317810240314,0.48922634010972244,0.34413201775249797,0.25,0.7194283229534262,3.826179739553502,0.4710299558072005,0.5136300462954172,0.48015275958687553,ETTh1,raw,3888,3984,raw:3888:6,high,mid
0,0.5541703622604328,0.08102647110041733,0.4648473183821512,0.5,0.8322158344374228,2.9016178067817235,0.3169363006020601,0.36668138391433375,0.5497173783464943,ETTh1,raw,3936,4032,raw:3936:0,mid,mid
1,0.4988196390745434,0.20113959814215804,0.4669725376170855,0.375,0.8205081793125671,2.9016178067817235,0.3169363006020601,0.38897725827792895,0.5041481599715424,ETTh1,raw,3936,4032,raw:3936:1,high,mid
2,0.4664799958894408,0.07485949675680842,0.3779055949109961,0.375,0.7328747952914918,2.9016178067817235,0.3169363006020601,0.3064150291857484,0.47493703196451725,ETTh1,raw,3936,4032,raw:3936:2,mid,mid
3,0.47710643786069695,0.21451444078966866,0.40871585735261234,0.375,0.7963375171559116,2.9016178067817235,0.3169363006020601,0.3667789120009926,0.49609127258599056,ETTh1,raw,3936,4032,raw:3936:3,mid,mid
4,0.34101619240371106,0.01702723643289951,0.525476041856587,0.625,0.8695801854665431,2.9016178067817235,0.3169363006020601,0.29450649023106584,0.6038388286895343,ETTh1,raw,3936,4032,raw:3936:4,mid,high
5,0.6102241084536738,0.06754760186408934,0.5339343363665708,0.625,0.8651680847961309,2.9016178067817235,0.3169363006020601,0.4039020155614447,0.6023681284660637,ETTh1,raw,3936,4032,raw:3936:5,high,high
6,0.5781342695346425,0.1595291558208647,0.0717465033723878,0.125,0.764855207781714,2.9016178067817235,0.3169363006020601,0.26980330957596504,0.4022638361279247,ETTh1,raw,3936,4032,raw:3936:6,low,low
0,0.28071855633720044,0.2541156287056476,0.3524171872599493,0.375,0.8851840963346754,2.6255824095991565,0.27093040114830874,0.29575045743426576,0.5103714991609948,ETTh1,raw,3960,4056,raw:3960:0,mid,mid
1,0.4569167897648304,0.13648937649296633,0.4560723526348899,0.375,0.8964437184902734,2.6255824095991565,0.27093040114830874,0.3498261729642289,0.514124706546194,ETTh1,raw,3960,4056,raw:3960:1,mid,mid
2,0.18406970767123865,0.14768546942714122,0.3366933667671597,0.25,0.7752409000897041,2.6255824095991565,0.27093040114830874,0.22281618128851322,0.432057100412671,ETTh1,raw,3960,4056,raw:3960:2,low,low
3,0.5018348317676189,0.10814400986943248,0.3468479878346242,0.5,0.8250346880485481,2.6255824095991565,0.27093040114830874,0.31894227649055856,0.5319883630656189,ETTh1,raw,3960,4056,raw:3960:3,mid,mid
4,0.11657081200134234,0.524779455172436,0.31110091850267924,0.625,0.9048486379164062,2.6255824095991565,0.27093040114830874,0.3174837285588192,0.6002596796882383,ETTh1,raw,3960,4056,raw:3960:4,mid,high
5,0.3712362188519931,0.2714315882030733,0.2612663650216734,0.5,0.8685084199664672,2.6255824095991565,0.27093040114830874,0.3013113906922466,0.5464796070382586,ETTh1,raw,3960,4056,raw:3960:5,mid,mid
6,0.6596927178004188,0.17611181908920892,0.08654863918067517,0.5,0.8770877642885013,2.6255824095991565,0.27093040114830874,0.307451058690101,0.5493393884789367,ETTh1,raw,3960,4056,raw:3960:6,mid,mid
0,0.12677121161523142,0.0871309023998239,0.5731913849771176,0.375,0.8000304296947827,2.6620913500402157,0.2770152245450106,0.26236449966405767,0.4840152180799311,ETTh1,raw,3984,4080,raw:3984:0,low,mid
1,0.1591997516265088,0.19348210270452632,0.6367638531626335,0.375,0.8270704185883878,2.6620913500402157,0.2770152245450106,0.3298152358312229,0.49302854771113286,ETTh1,raw,3984,4080,raw:3984:1,mid,mid
2,0.24758430520359276,0.08200717742642513,0.4622208351583496,0.25,0.6795525447691886,2.6620913500402157,0.2770152245450106,0.2639374392627892,0.4021892564380664,ETTh1,raw,3984,4080,raw:3984:2,low,low
3,0.0849675839929831,0.13635747724132743,0.5965750610148169,0.5,0.7757241360090943,2.6620913500402157,0.2770152245450106,0.2726333740830425,0.5175797868513683,ETTh1,raw,3984,4080,raw:3984:3,low,mid
4,0.24721335136854927,0.019625654970378867,0.36294320872351576,0.875,0.966984873520106,2.6620913500402157,0.2770152245450106,0.20992740502081464,0.7063333660217056,ETTh1,raw,3984,4080,raw:3984:4,low,high
5,0.1356672231022389,0.0640457503810272,0.3657618972759391,0.5,0.86957453860367,2.6620913500402157,0.2770152245450106,0.18849162358640173,0.5488632543828935,ETTh1,raw,3984,4080,raw:3984:5,low,mid
6,0.20457738366884748,0.18009356212482724,0.5975239955137773,0.25,0.7204992064365408,2.6620913500402157,0.2770152245450106,0.3273983137691507,0.41583814366051713,ETTh1,raw,3984,4080,raw:3984:6,mid,low
0,0.2996542733549895,0.07760723736731195,0.447831076643727,0.5,0.7106782986934098,2.8265028839583985,0.30441714681903786,0.2750308624553428,0.5050318151708159,ETTh1,raw,4032,4128,raw:4032:0,low,mid
1,0.08995129170851757,0.05739831753622633,0.481313903535291,0.5,0.8059692610492167,2.8265028839583985,0.30441714681903786,0.20955450426001163,0.5367954692894181,ETTh1,raw,4032,4128,raw:4032:1,low,mid
2,0.2611335380529485,0.041171372564003716,0.30367251940753465,0.375,0.6302558933184204,2.8265028839583985,0.30441714681903786,0.20199247667482897,0.43655768004581946,ETTh1,raw,4032,4128,raw:4032:2,low,low
3,0.13623028047607533,0.08978784978657628,0.4253546618744964,0.5,0.7658799234846329,2.8265028839583985,0.30441714681903786,0.21712426404571597,0.5234323567678901,ETTh1,raw,4032,4128,raw:4032:3,low,mid
4,0.18760087321144336,0.5321537172376369,0.3323389288989007,0.625,0.8896136305666544,2.8265028839583985,0.30441714681903786,0.35069783978266034,0.6063435924618975,ETTh1,raw,4032,4128,raw:4032:4,mid,high
5,0.4739872472137321,0.24018870597764996,0.17881293582776153,0.25,0.695619711143262,2.8265028839583985,0.30441714681903786,0.2976629630063812,0.4166789526541,ETTh1,raw,4032,4128,raw:4032:5,mid,low
6,0.8601043133728966,0.3518007054897245,0.18467815403603297,0.5,0.8921932560304744,2.8265028839583985,0.30441714681903786,0.4655277242995513,0.5655368009498374,ETTh1,raw,4032,4128,raw:4032:6,high,high
0,0.29482744952186346,0.09829732812968783,0.5044049139761329,0.375,0.7867825415235482,2.9258541075438873,0.32097568405568844,0.2991765638758947,0.49425274185974555,ETTh1,raw,4056,4152,raw:4056:0,mid,mid
1,0.3429118756464782,0.077892964624628,0.528176434938358,0.375,0.8302568933695609,2.9258541075438873,0.32097568405568844,0.31632709173648804,0.5087441924750831,ETTh1,raw,4056,4152,raw:4056:1,mid,mid
2,0.5488849329695631,0.06709679146269085,0.4522023208353409,0.375,0.7020652982271562,2.9258541075438873,0.32097568405568844,0.3560613484225316,0.46601366076094825,ETTh1,raw,4056,4152,raw:4056:2,mid,mid
3,0.3585551960182226,0.059229000609466426,0.4966552535747744,0.5,0.8149756503228035,2.9258541075438873,0.32097568405568844,0.3048131500674878,0.5453171114594974,ETTh1,raw,4056,4152,raw:4056:3,mid,mid
4,0.3834274952995491,0.03901054395361529,0.2614817016312201,0.875,0.9638807711518372,2.9258541075438873,0.32097568405568844,0.22797324696146148,0.7199521517358418,ETTh1,raw,4056,4152,raw:4056:4,low,high
5,0.22387790086010761,0.11547248296877248,0.3125727629592519,0.375,0.8441528736695112,2.9258541075438873,0.32097568405568844,0.217307715596044,0.5133761859083998,ETTh1,raw,4056,4152,raw:4056:5,low,mid
6,0.6771407888582068,0.23316663262459467,0.4210409302083319,0.25,0.720143364712612,2.9258541075438873,0.32097568405568844,0.44378278389704445,0.43037301625610014,ETTh1,raw,4056,4152,raw:4056:6,high,low
0,0.3025439748117562,0.5540996759443114,0.602263470057834,0.875,0.9184260391031894,3.169904357610218,0.3616507256656185,0.48630237360463385,0.7183589215896026,ETTh1,raw,4104,4200,raw:4104:0,high,high
1,0.5245852919310283,0.43062989345682595,0.5293334350264458,0.5,0.9613249340430854,3.169904357610218,0.3616507256656185,0.49484954013810006,0.6076585532362346,ETTh1,raw,4104,4200,raw:4104:1,high,high
2,0.19421564763169652,0.3467463891862064,0.46774468668412456,0.375,0.872202421692897,3.169904357610218,0.3616507256656185,0.3362355745006758,0.5362843824528385,ETTh1,raw,4104,4200,raw:4104:2,mid,mid
3,0.3544993953186302,0.4125478187827498,0.6198169999132527,0.75,0.9763945825041632,3.169904357610218,0.3616507256656185,0.4622880713382109,0.6960151027232605,ETTh1,raw,4104,4200,raw:4104:3,high,high
4,0.2911538892121327,0.2544533737468536,0.49962957076772974,0.875,0.9564195395650751,3.169904357610218,0.3616507256656185,0.3484122779089054,0.7310234217435646,ETTh1,raw,4104,4200,raw:4104:4,mid,high
5,0.5810361098443853,0.24474139763596386,0.5390181637608304,0.375,0.8479803068767607,3.169904357610218,0.3616507256656185,0.4549318904137265,0.528210344180793,ETTh1,raw,4104,4200,raw:4104:5,high,mid
6,0.7412915321166929,0.15975365678982018,0.38190255681433133,0.125,0.8034177425997312,3.169904357610218,0.3616507256656185,0.42764924857361475,0.4300228227551166,ETTh1,raw,4104,4200,raw:4104:6,high,low
0,0.13993682393351037,0.4226305587566335,0.339481787062981,0.5,0.91048366740486,3.0448142450539284,0.34080237360765075,0.30068305658437494,0.5837620136708369,ETTh1,raw,4128,4224,raw:4128:0,mid,high
1,0.42734876037127234,0.25499138934256005,0.8088081281617437,0.5,0.9175765197154678,3.0448142450539284,0.34080237360765075,0.4970494259585254,0.5861262977743729,ETTh1,raw,4128,4224,raw:4128:1,high,high
2,0.3539949893775577,0.3581346582955518,0.4908356233337243,0.25,0.8239844849315503,3.0448142450539284,0.34080237360765075,0.40098842366894455,0.471595619513067,ETTh1,raw,4128,4224,raw:4128:2,high,mid
3,0.4660956583276755,0.259312084367201,0.48010562834163467,0.375,0.9374308876890504,3.0448142450539284,0.34080237360765075,0.4018377903455037,0.551077753765567,ETTh1,raw,4128,4224,raw:4128:3,high,mid
4,0.29115397599790604,0.1860223800677466,0.34475263947118706,0.75,0.9603736520994877,3.0448142450539284,0.34080237360765075,0.27397633184561326,0.6837253419023795,ETTh1,raw,4128,4224,raw:4128:4,low,high
5,0.4909758976567091,0.2614081329940342,0.21032298106696729,0.875,0.9674280740611549,3.0448142450539284,0.34080237360765075,0.32090233723923683,0.7277434825562685,ETTh1,raw,4128,4224,raw:4128:5,mid,high
6,0.6727032374778055,0.3565675067732189,0.5798094857456746,0.25,0.8928223786531613,3.0448142450539284,0.34080237360765075,0.5363600766655663,0.4945415840869374,ETTh1,raw,4128,4224,raw:4128:6,high,mid
0,0.18044757251146126,0.08432144545782323,0.2887903072051863,0.5,0.8838131309314378,2.80697971011564,0.30116328451733454,0.18451977505815695,0.5616588051495907,ETTh1,raw,4176,4272,raw:4176:0,low,high
1,0.06628864346345575,0.12320081256035405,0.3782520240115686,0.75,0.9723093704229999,2.80697971011564,0.30116328451733454,0.1892471600117928,0.6744908849801114,ETTh1,raw,4176,4272,raw:4176:1,low,high
2,0.20999137482501606,0.058106515913001214,0.15957296398735824,0.375,0.8902352699066758,2.80697971011564,0.30116328451733454,0.14255695157512516,0.52213285147467,ETTh1,raw,4176,4272,raw:4176:2,low,mid
3,0.38166240253929384,0.14644839499237564,0.34037952630832397,1.0,0.9838629458496387,2.80697971011564,0.30116328451733454,0.2894967746133312,0.7616754101223244,ETTh1,raw,4176,4272,raw:4176:3,mid,high
4,0.4965543956271825,0.38097477379365674,0.27429482671230565,0.375,0.9384698336620169,2.80697971011564,0.30116328451733454,0.38394133204438163,0.5382110393931171,ETTh1,raw,4176,4272,raw:4176:4,high,mid
5,0.5265683195800478,0.1229305137874397,0.267114609808097,0.375,0.9242270601503891,2.80697971011564,0.30116328451733454,0.3055378143918615,0.5334634482225745,ETTh1,raw,4176,4272,raw:4176:5,mid,mid
6,0.9234957793648629,0.3958842717500143,0.0359017072194743,0.125,0.8627506875861514,2.80697971011564,0.30116328451733454,0.4517605861114505,0.429637990701162,ETTh1,raw,4176,4272,raw:4176:6,high,low
0,0.5165576318728363,0.42344797964893677,0.2175821408880143,0.75,0.8644289196873557,3.1548395500771003,0.3591399244142835,0.38586258413659574,0.6578562813672131,ETTh1,raw,4200,4296,raw:4200:0,high,high
1,0.6048751993488939,0.2090740428334067,0.3210814278890222,0.75,0.8901031333759954,3.1548395500771003,0.3591399244142835,0.37834355669044095,0.6664143525967596,ETTh1,raw,4200,4296,raw:4200:1,high,high
2,0.6588522059735855,0.5005114304762355,0.37725666223144616,0.375,0.899539433251719,3.1548395500771003,0.3591399244142835,0.512206766227089,0.5445597858886675,ETTh1,raw,4200,4296,raw:4200:2,high,mid
3,0.328677940919911,0.4125103830531692,0.5441840354380522,1.0,0.9304634164433168,3.1548395500771003,0.3591399244142835,0.42845745313704414,0.7632011136192002,ETTh1,raw,4200,4296,raw:4200:3,high,high
4,0.27707471937801276,0.12052032876166031,0.3420962615246451,0.375,0.8511563114222659,3.1548395500771003,0.3591399244142835,0.24656376988810605,0.5284320786121831,ETTh1,raw,4200,4296,raw:4200:4,low,mid
5,0.4459923623140085,0.08393749014975252,0.27763490565699217,1.0,0.8777174248876168,3.1548395500771003,0.3591399244142835,0.26918825270691776,0.7456191164339668,ETTh1,raw,4200,4296,raw:4200:5,low,high
6,0.1665334785310666,0.6490251612215074,0.47367115913702057,0.125,0.8515234957475288,3.1548395500771003,0.3591399244142835,0.42974326629653153,0.4452211400539374,ETTh1,raw,4200,4296,raw:4200:6,high,low
0,0.49588920188803276,0.1699586081746447,0.501820583127969,0.375,0.9336354132129483,3.2027172009878795,0.36711953288611404,0.38922279773021545,0.5585849820330208,ETTh1,raw,4224,4320,raw:4224:0,high,mid
1,0.5240218197703895,0.11062643115853776,0.5215415012141688,0.75,0.9545526767999629,3.2027172009878795,0.36711953288611404,0.3853965840476987,0.6905574032286923,ETTh1,raw,4224,4320,raw:4224:1,high,high
2,0.5192213545748119,0.16620769481816522,0.43206265646451014,0.375,0.9410484996522697,3.2027172009878795,0.36711953288611404,0.3724972352858291,0.5610560108461279,ETTh1,raw,4224,4320,raw:4224:2,mid,high
3,0.5386223086682111,0.07845537068261049,0.39641943997227735,1.0,0.9404416301799436,3.2027172009878795,0.36711953288611404,0.3378323731076997,0.7691870543553526,ETTh1,raw,4224,4320,raw:4224:3,mid,high
4,0.5152633641182711,0.038652504680768494,0.6120645659154561,0.5,0.8655965008066808,3.2027172009878795,0.36711953288611404,0.3886601449048319,0.5775720112309316,ETTh1,raw,4224,4320,raw:4224:4,high,high
5,0.40592706940044654,0.10610701779068193,0.6388644001417432,1.0,0.8414755018198878,3.2027172009878795,0.36711953288611404,0.3836328291109572,0.7361983449020006,ETTh1,raw,4224,4320,raw:4224:5,high,high
6,0.6687742617918722,0.2053571386470187,0.7887089700363392,0.625,0.8903468960584966,3.2027172009878795,0.36711953288611404,0.5542801234917434,0.6274888096482035,ETTh1,raw,4224,4320,raw:4224:6,high,high
0,0.5071025487306251,0.33262727602697423,0.338485744099999,0.5,0.7654283965834958,3.834315494981595,0.47238591504295596,0.3927385229525327,0.5792714372088172,ETTh1,raw,4272,4368,raw:4272:0,high,high
1,0.4712780345652531,0.2277845747120943,0.3297742452395359,0.75,0.8838109272630297,3.834315494981595,0.47238591504295596,0.34294561817229435,0.7020656141019952,ETTh1,raw,4272,4368,raw:4272:1,mid,high
2,0.35694812328295444,0.2763129669723213,0.4065440368387528,0.25,0.6383043064658952,3.834315494981595,0.47238591504295596,0.34660170903134285,0.45356340716961707,ETTh1,raw,4272,4368,raw:4272:2,mid,low
3,0.36716062686754536,0.2608982378376005,0.4017258592706082,0.5,0.8902555596690084,3.834315494981595,0.47238591504295596,0.34326157465858476,0.6208804915706547,ETTh1,raw,4272,4368,raw:4272:3,mid,high
4,0.40702262351479646,0.5708665671654027,0.30094012436050444,0.75,0.9069340768261779,3.834315494981595,0.47238591504295596,0.42627643834690127,0.7097733306230447,ETTh1,raw,4272,4368,raw:4272:4,high,high
5,0.5263943894542374,0.1825234238635913,0.3509555725247816,0.25,0.8712099033070773,3.834315494981595,0.47238591504295596,0.3532911286142035,0.5311986061166777,ETTh1,raw,4272,4368,raw:4272:5,mid,mid
6,0.37816894056166106,0.3096999595161527,0.7196505083150592,0.875,0.9433584303917011,3.834315494981595,0.47238591504295596,0.4691731361309577,0.763581448478219,ETTh1,raw,4272,4368,raw:4272:6,high,high
0,0.48504264572391664,0.28339779317932334,0.4685653254620221,0.25,0.7656757289639692,3.4910959811436277,0.41518266283196686,0.4123352547884207,0.476952797265312,ETTh1,raw,4296,4392,raw:4296:0,high,mid
1,0.48810003254635914,0.17126234118295802,0.4583138557911554,0.75,0.8615103268704499,3.4910959811436277,0.41518266283196686,0.37255874317349086,0.6755643299008055,ETTh1,raw,4296,4392,raw:4296:1,mid,high
2,0.44709339307158036,0.1293479957636549,0.422021509834589,0.25,0.6094128031636357,3.4910959811436277,0.41518266283196686,0.3328209662232748,0.4248651553318675,ETTh1,raw,4296,4392,raw:4296:2,mid,low
3,0.5691280033401063,0.1869572839607187,0.5286709199503102,0.5,0.8615220776029545,3.4910959811436277,0.41518266283196686,0.4282520690837117,0.5922349134783071,ETTh1,raw,4296,4392,raw:4296:3,high,high
4,0.3007775723567402,0.29069508237261465,0.6522110583097052,0.625,0.8208155224736855,3.4910959811436277,0.41518266283196686,0.4145612376796867,0.6203327284352175,ETTh1,raw,4296,4392,raw:4296:4,high,high
5,0.42713497464112316,0.11055822442909016,0.7253062504108548,0.625,0.7685771854577614,3.4910959811436277,0.41518266283196686,0.4209998164936894,0.6029199494299095,ETTh1,raw,4296,4392,raw:4296:5,high,high
6,0.19801941447029836,0.1146040857976023,0.5082924674337023,0.25,0.7202526203963573,3.4910959811436277,0.41518266283196686,0.2736386559005343,0.46181176107610805,ETTh1,raw,4296,4392,raw:4296:6,low,mid
0,0.9804872516536709,0.2847627321794687,0.024095703264442513,0.25,0.8010095086121379,3.14043554873367,0.3567392575277129,0.42978189569919406,0.46924958871328354,ETTh1,raw,4344,4440,raw:4344:0,high,mid
1,0.9999999950177185,0.3464872603665359,0.25743897900422374,0.25,0.8980759458875845,3.14043554873367,0.3567392575277129,0.5346420781294927,0.5016050678050992,ETTh1,raw,4344,4440,raw:4344:1,high,mid
2,0.9769850985213306,0.5378398545491009,0.02031556264822284,0.125,0.809796249446081,3.14043554873367,0.3567392575277129,0.5117135052395514,0.43051183565793133,ETTh1,raw,4344,4440,raw:4344:2,high,low
3,0.9827169684701416,0.4241588866419773,0.2892251439916872,0.375,0.9493626242214167,3.14043554873367,0.3567392575277129,0.5653669997012686,0.5603672939163765,ETTh1,raw,4344,4440,raw:4344:3,high,high
4,0.964001805987116,0.11385220204321664,0.08834072172431454,0.5,0.8155714959212055,3.14043554873367,0.3567392575277129,0.38873157658488244,0.5574369178163061,ETTh1,raw,4344,4440,raw:4344:4,high,mid
5,0.8636091122557265,0.17233560771328565,0.2008681054796405,0.5,0.7874047226730247,3.14043554873367,0.3567392575277129,0.41227094181621754,0.5480479934002459,ETTh1,raw,4344,4440,raw:4344:5,high,mid
6,0.9524602839829854,0.09667520814393954,0.03370745064007714,0.5,0.6983612207330542,3.14043554873367,0.3567392575277129,0.3609476475890007,0.5183668260869224,ETTh1,raw,4344,4440,raw:4344:6,mid,mid
0,0.9834960607539529,0.10691356852134493,0.8056240960882185,0.375,0.8145998517386278,3.378097098740067,0.39634951579609534,0.6320112417878389,0.5286497891782411,ETTh1,raw,4368,4464,raw:4368:0,high,mid
1,0.9999999970102732,0.17528940672801627,0.756869824415823,0.5,0.8753946800954643,3.378097098740067,0.39634951579609534,0.6440530760513709,0.59058139863052,ETTh1,raw,4368,4464,raw:4368:1,high,high
2,0.9980558906948006,0.21352406993721296,0.2040496770213254,0.25,0.8067801346589317,3.378097098740067,0.39634951579609534,0.4718765458844463,0.48437655015167574,ETTh1,raw,4368,4464,raw:4368:2,high,mid
3,0.9900869018624372,0.2915076948624026,0.2267315978693761,0.375,0.8572041413448533,3.378097098740067,0.39634951579609534,0.5027753981980719,0.542851219046983,ETTh1,raw,4368,4464,raw:4368:3,high,mid
4,0.8824373689742071,0.025325857136105384,0.49112336159677844,0.5,0.8429297713727292,3.378097098740067,0.39634951579609534,0.46629552923569695,0.5797597623896081,ETTh1,raw,4368,4464,raw:4368:4,high,high
5,0.9525198209753662,0.11935455902127984,0.49438138062227,0.5,0.8356317999308895,3.378097098740067,0.39634951579609534,0.5220852535396387,0.5773271052423282,ETTh1,raw,4368,4464,raw:4368:5,high,high
6,0.9999999983433404,0.10526068543009963,0.4999999989758318,0.5,0.8201048597515667,3.378097098740067,0.39634951579609534,0.5350868942497572,0.5721514585158873,ETTh1,raw,4368,4464,raw:4368:6,high,high
0,0.9938163827213478,0.08738999484462842,0.024950510197854284,0.5,0.8804474121762245,3.337339476436643,0.38955657875684624,0.36871896258794346,0.5900013303110235,ETTh1,raw,4392,4488,raw:4392:0,mid,high
1,0.9999999970972911,0.11088943635057125,0.08536963661906236,0.375,0.9045905140618328,3.337339476436643,0.38955657875684624,0.39875302335564156,0.556382364272893,ETTh1,raw,4392,4488,raw:4392:1,high,mid
2,0.9944265591008132,0.11439363650326914,0.01629430439350549,0.375,0.8298433610595177,3.337339476436643,0.38955657875684624,0.37503816666586265,0.5314666466054546,ETTh1,raw,4392,4488,raw:4392:2,mid,mid
3,0.9916962601280637,0.08866233805303439,0.09313608872043248,0.25,0.9010096875505361,3.337339476436643,0.38955657875684624,0.39116489563384355,0.5135220887691275,ETTh1,raw,4392,4488,raw:4392:3,high,mid
4,0.8976949429595449,0.5692318517550412,0.2746581731735248,0.5,0.849637333869092,3.337339476436643,0.38955657875684624,0.5805283226293704,0.579731304208646,ETTh1,raw,4392,4488,raw:4392:4,high,high
5,0.8542535443355237,0.43860060758739106,0.3030497829278311,0.25,0.8229782824221689,3.337339476436643,0.38955657875684624,0.531967978283582,0.487511620393005,ETTh1,raw,4392,4488,raw:4392:5,high,mid
6,0.9269201025334409,0.14825051215101537,0.19160627954595738,0.375,0.9311779033685647,3.337339476436643,0.38955657875684624,0.4222589647434712,0.565244827375137,ETTh1,raw,4392,4488,raw:4392:6,high,high
0,0.292090124443396,0.06250381552068313,0.5695549791154189,0.5,0.7993900962531664,3.1497183001785,0.3582863827659393,0.308049639693166,0.5525588263397019,ETTh1,raw,4440,4536,raw:4440:0,mid,mid
1,0.0,0.11221083756787695,0.5836654676535546,0.875,0.8035732642239728,3.1497183001785,0.3582863827659393,0.23195876840714388,0.678953215663304,ETTh1,raw,4440,4536,raw:4440:1,low,high
2,0.4792393805822649,0.06507568051506546,0.3869377262436806,0.5,0.7232895242940984,3.1497183001785,0.3582863827659393,0.310417595780337,0.5271919690200125,ETTh1,raw,4440,4536,raw:4440:2,mid,mid
3,0.14193473465235773,0.20000578585151016,0.4446223186688147,1.0,0.8679661638616291,3.1497183001785,0.3582863827659393,0.2621876130575609,0.7420841822091896,ETTh1,raw,4440,4536,raw:4440:3,low,high
4,0.3412649894249069,0.3669355666667934,0.6250229424788072,0.75,0.9282401751712417,3.1497183001785,0.3582863827659393,0.44440783285683577,0.6788421859790604,ETTh1,raw,4440,4536,raw:4440:4,high,high
5,0.5940752840055388,0.2368876322087178,0.6309144832368295,0.625,0.9569021583395383,3.1497183001785,0.3582863827659393,0.48729246648369534,0.6467295137018259,ETTh1,raw,4440,4536,raw:4440:5,high,high
6,0.8706468850758697,0.3859077420324223,0.8447128385374044,0.0,0.7712051264916803,3.1497183001785,0.3582863827659393,0.7004224885485654,0.3764971697525399,ETTh1,raw,4440,4536,raw:4440:6,high,low
0,0.23769709774935244,0.11454798089963447,0.4272403656710468,1.0,0.8717328901312539,3.0262716076211973,0.3377119340406797,0.2598284814400112,0.7364816080573111,ETTh1,raw,4464,4560,raw:4464:0,low,high
1,0.1575536689882644,0.13909936195159003,0.4064550836970555,0.5,0.7917083215565913,3.0262716076211973,0.3377119340406797,0.23436937154563664,0.5431400851990903,ETTh1,raw,4464,4560,raw:4464:1,low,mid
2,0.37675618218088947,0.10892358289342854,0.34126596633496753,0.375,0.7616069579750059,3.0262716076211973,0.3377119340406797,0.2756485771364285,0.49143963067189517,ETTh1,raw,4464,4560,raw:4464:2,low,mid
3,0.21628914281129075,0.13052578786613872,0.46587923043850427,0.375,0.7911291794331557,3.0262716076211973,0.3377119340406797,0.2708980537053112,0.5012803711579451,ETTh1,raw,4464,4560,raw:4464:3,low,mid
4,0.34918284003591915,0.5326482360699053,0.4521760273399952,0.75,0.9440355449506831,3.0262716076211973,0.3377119340406797,0.4446690344819399,0.6772491596637876,ETTh1,raw,4464,4560,raw:4464:4,high,high
5,0.7289253004284001,0.349301878440056,0.439627076829399,0.375,0.9095783276944516,3.0262716076211973,0.3377119340406797,0.5059514185659517,0.5407634205783771,ETTh1,raw,4464,4560,raw:4464:5,high,mid
6,0.9255329691592807,0.25578244320486965,0.04479024319909501,0.125,0.8338800317679531,3.0262716076211973,0.3377119340406797,0.40870188518774847,0.43219732193621097,ETTh1,raw,4464,4560,raw:4464:6,high,low
0,0.48040855407047944,0.08025422385090941,0.4863845634981073,0.625,0.9461119669082061,3.359923687769452,0.3933206139727076,0.34901578047316545,0.6548108602936379,ETTh1,raw,4512,4608,raw:4512:0,mid,high
1,0.07220404346018128,0.14438823873793977,0.4901373364726456,0.375,0.8715681086830463,3.359923687769452,0.3933206139727076,0.23557653955692223,0.5466295742185847,ETTh1,raw,4512,4608,raw:4512:1,low,mid
2,0.06515363366391869,0.07831449433324826,0.6033566582085161,0.375,0.8575903183011829,3.359923687769452,0.3933206139727076,0.2489415954018944,0.5419703107579635,ETTh1,raw,4512,4608,raw:4512:2,low,mid
3,0.40454552519982123,0.12914665121300548,0.4345863201484773,0.5,0.8375200852656004,3.359923687769452,0.3933206139727076,0.32275949885376803,0.5769468997461027,ETTh1,raw,4512,4608,raw:4512:3,mid,high
4,0.38498188339479955,0.4313803487113134,0.31759896554188627,0.375,0.9205583755265455,3.359923687769452,0.3933206139727076,0.37798706588266645,0.5629596631664178,ETTh1,raw,4512,4608,raw:4512:4,high,high
5,0.40041830794206223,0.17941639024055914,0.23495788987286592,0.375,0.8167018635186409,3.359923687769452,0.3933206139727076,0.27159752935182907,0.5283408258304495,ETTh1,raw,4512,4608,raw:4512:5,low,mid
6,0.40227898854476085,0.1443022156338642,0.3590126983901102,0.75,0.8825908582704179,3.359923687769452,0.3933206139727076,0.30186463418957843,0.6753038240810417,ETTh1,raw,4512,4608,raw:4512:6,mid,high
0,0.7211199476494375,0.25689455015742646,0.2623774827916181,0.875,0.9588009049093453,3.2675306823475,0.37792177976138036,0.4134639935328274,0.7372408948902419,ETTh1,raw,4536,4632,raw:4536:0,high,high
1,0.6279929980729972,0.17160085966139793,0.3036469776101979,0.5,0.89189103935913,3.2675306823475,0.37792177976138036,0.36774694511486433,0.5899376063735035,ETTh1,raw,4536,4632,raw:4536:1,mid,high
2,0.8207072295418106,0.5742660616540627,0.4524288398395016,0.375,0.8167778178624758,3.2675306823475,0.37792177976138036,0.615800710345125,0.5232331992079521,ETTh1,raw,4536,4632,raw:4536:2,high,mid
3,0.5712072371022217,0.21265392377548067,0.3288505780925098,0.625,0.8469930758173848,3.2675306823475,0.37792177976138036,0.3709039129900707,0.6166382851929216,ETTh1,raw,4536,4632,raw:4536:3,mid,high
4,0.13286925661772364,0.15650707125866772,0.4141557176020501,0.375,0.6822227765738106,3.2675306823475,0.37792177976138036,0.23451068182614718,0.4783815187783969,ETTh1,raw,4536,4632,raw:4536:4,low,mid
5,0.5680032378723929,0.22184005569865634,0.14786753787094903,0.25,0.8224646037680773,3.2675306823475,0.37792177976138036,0.3125702771473328,0.48346212784315257,ETTh1,raw,4536,4632,raw:4536:5,mid,mid
6,0.7259864130882228,0.15010874905013522,0.38216614455709125,0.5,0.8756866366575444,3.2675306823475,0.37792177976138036,0.4194204355651497,0.5845361388063083,ETTh1,raw,4536,4632,raw:4536:6,high,high
0,0.21245625910735422,0.3205888355402117,0.47307991755693496,0.875,0.9231123608388878,3.4666742890590783,0.41111238082465906,0.33537500406816695,0.7364082472211823,ETTh1,raw,4560,4656,raw:4560:0,mid,high
1,0.48070575578229713,0.20070697989515535,0.49495694277666796,0.75,0.9263463836399779,3.4666742890590783,0.41111238082465906,0.39212322615137346,0.6958195881548791,ETTh1,raw,4560,4656,raw:4560:1,high,high
2,0.3710891316380619,0.22331721817245154,0.3057012077251741,0.375,0.7691584940955408,3.4666742890590783,0.41111238082465906,0.30003585251189585,0.5184236249734,ETTh1,raw,4560,4656,raw:4560:2,mid,mid
3,0.2891729177814151,0.11661952760488122,0.3853343464836962,0.625,0.9045047758747964,3.4666742890590783,0.41111238082465906,0.26370893062333084,0.6468723855664852,ETTh1,raw,4560,4656,raw:4560:3,low,high
4,0.32130563628892117,0.11187301872876715,0.29649209231979295,0.375,0.7240081535177362,3.4666742890590783,0.41111238082465906,0.2432235824458271,0.5033735114474651,ETTh1,raw,4560,4656,raw:4560:4,low,mid
5,0.4568770135885605,0.06840185922002781,0.3187470504623797,0.25,0.8325779378076833,3.4666742890590783,0.41111238082465906,0.281341974423656,0.49789677287744744,ETTh1,raw,4560,4656,raw:4560:5,mid,mid
6,0.6339386211287382,0.16753192693989594,0.09747702877078025,0.375,0.9097070839999805,3.4666742890590783,0.41111238082465906,0.2996491922798048,0.5652731549415465,ETTh1,raw,4560,4656,raw:4560:6,mid,high
0,0.14800000807859903,0.13739455607793832,0.3731367492361122,0.375,0.81657622181907,3.614982588734433,0.4358304307293548,0.21951043779754986,0.5424688841828083,ETTh1,raw,4608,4704,raw:4608:0,low,mid
1,0.42636553668412247,0.1450350657798383,0.5403886227986626,0.5,0.8423030249565746,3.614982588734433,0.4358304307293548,0.37059640842087443,0.5927111518953098,ETTh1,raw,4608,4704,raw:4608:1,mid,high
2,0.36989782397966964,0.12025567791586862,0.3835013545919154,0.25,0.7235436726266359,3.614982588734433,0.4358304307293548,0.2912182854958179,0.4697913677853302,ETTh1,raw,4608,4704,raw:4608:2,mid,mid
3,0.3779056149953933,0.12304143060767805,0.44243967982110094,0.625,0.8625847093344645,3.614982588734433,0.4358304307293548,0.31446224180805743,0.6411383800212731,ETTh1,raw,4608,4704,raw:4608:3,mid,high
4,0.04128001465891196,0.045838824261598174,0.4007609619242807,0.375,0.6883032345670733,3.614982588734433,0.4358304307293548,0.16262660028159695,0.499711221765476,ETTh1,raw,4608,4704,raw:4608:4,low,mid
5,0.4216845399712751,0.09789506494371455,0.5255307003463934,0.25,0.7146638047516399,3.614982588734433,0.4358304307293548,0.34837010175379435,0.4668314118269983,ETTh1,raw,4608,4704,raw:4608:5,mid,mid
6,0.22957009244492432,0.23481757591395236,0.35368576089154075,0.125,0.8195404231989654,3.614982588734433,0.4358304307293548,0.2726911430834725,0.46012361797610674,ETTh1,raw,4608,4704,raw:4608:6,low,mid
0,0.6263258928337458,0.0776277427995251,0.3143992290405764,0.375,0.7343619908106725,3.349169872684194,0.39152831146148515,0.33945095489128246,0.5002967674240525,ETTh1,raw,4632,4728,raw:4632:0,mid,mid
1,0.5245853206423656,0.1623374307473126,0.4530459591271033,0.5,0.7836960864996475,3.349169872684194,0.39152831146148515,0.3799895701722605,0.5584081326537108,ETTh1,raw,4632,4728,raw:4632:1,high,mid
2,0.5106680793677587,0.1013344658058237,0.40156128519735323,0.375,0.7153109385947632,3.349169872684194,0.39152831146148515,0.3378546101236452,0.49394641668541617,ETTh1,raw,4632,4728,raw:4632:2,mid,mid
3,0.05877481409312235,0.1508711046670109,0.46401656781996253,0.5,0.8465882492468552,3.349169872684194,0.39152831146148515,0.22455416219336524,0.5793721869027801,ETTh1,raw,4632,4728,raw:4632:3,low,high
4,0.24586902992802506,0.4899960723155817,0.5333020129984584,0.75,0.8480650670827315,3.349169872684194,0.39152831146148515,0.4230557050806884,0.6631977928480722,ETTh1,raw,4632,4728,raw:4632:4,high,high
5,0.5952599227128994,0.2931479420511815,0.6435175741885399,0.375,0.8403769519255445,3.349169872684194,0.39152831146148515,0.510641812984207,0.5356350877956766,ETTh1,raw,4632,4728,raw:4632:5,high,mid
6,0.234461612183273,0.3190957331873435,0.22451619259841352,0.375,0.8119001954873134,3.349169872684194,0.39152831146148515,0.25935784598967665,0.5261428356495995,ETTh1,raw,4632,4728,raw:4632:6,low,mid
0,0.2129094925507533,0.14760785714431252,0.7217712708883935,0.375,0.6673220688426532,3.318031106017136,0.3863385170256251,0.3607628735278198,0.4762201952894261,ETTh1,raw,4680,4776,raw:4680:0,mid,mid
1,0.37078265323011406,0.15380309563124933,0.818429466586017,0.625,0.8226898339641888,3.318031106017136,0.3863385170256251,0.44767173848246017,0.6113427836632713,ETTh1,raw,4680,4776,raw:4680:1,high,high
2,0.36077065413892906,0.11517257314058069,0.5974336224368143,0.375,0.6622310337753277,3.318031106017136,0.3863385170256251,0.3577922832387747,0.4745231836003176,ETTh1,raw,4680,4776,raw:4680:2,mid,mid
3,0.11312508344652683,0.13011216677313703,0.3691611586191829,0.5,0.8767094483125224,3.318031106017136,0.3863385170256251,0.20413280294628225,0.5876826551127158,ETTh1,raw,4680,4776,raw:4680:3,low,high
4,0.2297881435441681,0.7113916870191328,0.3649701765081513,0.625,0.8902040023208062,3.318031106017136,0.3863385170256251,0.4353833356904841,0.6338475064488104,ETTh1,raw,4680,4776,raw:4680:4,high,high
5,0.4595117952262161,0.4287490017587273,0.1765372753009839,0.5,0.8560193142591319,3.318031106017136,0.3863385170256251,0.3549326907619758,0.5807859437615857,ETTh1,raw,4680,4776,raw:4680:5,mid,high
6,0.5644019666094209,0.037685711695483896,0.05685840164764261,0.375,0.6640931102508268,3.318031106017136,0.3863385170256251,0.21964869331751577,0.47514387575881734,ETTh1,raw,4680,4776,raw:4680:6,low,mid
0,0.45011613734927824,0.03059933514304684,0.5095418509580657,0.375,0.5406854605782544,3.461879499309463,0.41031324920105505,0.3300857744834636,0.44199956992643646,ETTh1,raw,4704,4800,raw:4704:0,mid,low
1,0.2510383506146251,0.11204593250903341,0.16952006746976683,0.625,0.7898942453422355,3.461879499309463,0.41031324920105505,0.17753478353114174,0.6084024981810968,ETTh1,raw,4704,4800,raw:4704:1,low,high
2,0.20961693272212734,0.010577885938570092,0.30043881187847027,0.375,0.4473389362240964,3.461879499309463,0.41031324920105505,0.1735445435130559,0.4108840618083838,ETTh1,raw,4704,4800,raw:4704:2,low,low
3,0.514701361295109,0.13648893108470234,0.35861929254855396,0.625,0.8115673629764643,3.461879499309463,0.41031324920105505,0.33660319497612184,0.6156268707258398,ETTh1,raw,4704,4800,raw:4704:3,mid,high
4,0.1768032867879259,0.6432976246123985,0.3153246411155614,0.5,0.8884579658260431,3.461879499309463,0.41031324920105505,0.37847518417196196,0.5995904050090327,ETTh1,raw,4704,4800,raw:4704:4,high,high
5,0.6793552586871067,0.30403061858309366,0.14450685651395845,0.25,0.8677241508655053,3.461879499309463,0.41031324920105505,0.3759642445947196,0.5093458000221868,ETTh1,raw,4704,4800,raw:4704:5,mid,mid
6,0.31748470312772203,0.2612965104702871,0.3392687936228098,0.375,0.6383248192496541,3.461879499309463,0.41031324920105505,0.3060166690736063,0.4745460228169031,ETTh1,raw,4704,4800,raw:4704:6,mid,mid
0,0.3555226748332935,0.38276246235868333,0.5723017322828655,0.375,0.750657061293301,3.007932347539636,0.33465539069884703,0.4368622898249474,0.486770817330716,ETTh1,raw,4752,4848,raw:4752:0,high,mid
1,0.46265011380205445,0.17687665884493384,0.6296048186684474,0.625,0.7850354634810028,3.007932347539636,0.33465539069884703,0.4230438637718119,0.5815636180599499,ETTh1,raw,4752,4848,raw:4752:1,high,high
2,0.5811308955962022,0.21183844845566344,0.5938246257619612,0.375,0.6842560402550458,3.007932347539636,0.33465539069884703,0.46226465660460897,0.46463714365129766,ETTh1,raw,4752,4848,raw:4752:2,high,mid
3,0.47183523680928263,0.15972841371526783,0.6200463025288485,0.625,0.7486166554535187,3.007932347539636,0.33465539069884703,0.41720331768446633,0.5694240153841219,ETTh1,raw,4752,4848,raw:4752:3,high,high
4,0.30200477236046797,0.11902840604851445,0.5493214482418144,0.375,0.6269777260522509,3.007932347539636,0.33465539069884703,0.32345154221693223,0.44554437225036597,ETTh1,raw,4752,4848,raw:4752:4,mid,low
5,0.19189767660100998,0.08929087262476687,0.5198540750532901,0.5,0.7172355311056151,3.007932347539636,0.33465539069884703,0.2670142080930223,0.5172969739348207,ETTh1,raw,4752,4848,raw:4752:5,low,mid
6,0.4993990558998027,0.7287554757436943,0.6723066509381799,0.125,0.6294700065890889,3.007932347539636,0.33465539069884703,0.633487060860559,0.36304179909597867,ETTh1,raw,4752,4848,raw:4752:6,high,low
0,0.37854919081023775,0.171355776385808,0.3707625841261758,0.5,0.7864447174174608,3.3288142939420027,0.3881357150101076,0.30688918377407387,0.5581934774758562,ETTh1,raw,4776,4872,raw:4776:0,mid,mid
1,0.4295344257016869,0.168790411931744,0.570237227762789,0.625,0.8399495917039494,3.3288142939420027,0.3881357150101076,0.3895206884654066,0.6176951022380189,ETTh1,raw,4776,4872,raw:4776:1,high,high
2,0.4801041255035001,0.10579442279952472,0.4491918245720992,0.375,0.7315817004703972,3.3288142939420027,0.3881357150101076,0.345030124291708,0.4982391384935016,ETTh1,raw,4776,4872,raw:4776:2,mid,mid
3,0.5976971474588548,0.21874155063696038,0.43834304750112957,0.25,0.8101986578015219,3.3288142939420027,0.3881357150101076,0.41826058186564824,0.4827781242705432,ETTh1,raw,4776,4872,raw:4776:3,high,mid
4,0.18753048831574837,0.11910393046902878,0.4684677483316357,0.375,0.628392212362381,3.3288142939420027,0.3881357150101076,0.2583673890388043,0.4638426424574962,ETTh1,raw,4776,4872,raw:4776:4,low,mid
5,0.39448767265129026,0.11682649082455479,0.2615824722028499,0.375,0.7456327356836269,3.3288142939420027,0.3881357150101076,0.2576322118928983,0.5029228168979115,ETTh1,raw,4776,4872,raw:4776:5,low,mid
6,0.5772809372157836,0.1115851801466078,0.09987978389671541,0.125,0.7092388534242884,3.3288142939420027,0.3881357150101076,0.26291530041970224,0.40745818947813195,ETTh1,raw,4776,4872,raw:4776:6,low,low
0,0.5421540632515818,0.19643764378785555,0.6335083761375656,0.25,0.8072794166571862,3.0655427982608163,0.3442571324697075,0.4573666943923343,0.46717884970896456,ETTh1,raw,4800,4896,raw:4800:0,high,mid
1,0.16666666387027051,0.5275466626710199,0.4253363884539794,1.0,0.9308757959156774,3.0655427982608163,0.3442571324697075,0.3731832383317566,0.7583776427951282,ETTh1,raw,4800,4896,raw:4800:1,mid,high
2,0.5460591285196581,0.13541461138001748,0.5543565238732775,0.375,0.793418161869721,3.0655427982608163,0.3442571324697075,0.411943421257651,0.5042250981131429,ETTh1,raw,4800,4896,raw:4800:2,high,mid
3,0.3951675580240068,0.4307209833367581,0.5507765985477998,1.0,0.9511007438745465,3.0655427982608163,0.3442571324697075,0.4588883799695216,0.7651192921147514,ETTh1,raw,4800,4896,raw:4800:3,high,high
4,0.18511904937340773,0.044879090772879146,0.29595006493353754,0.375,0.6487082404589907,3.0655427982608163,0.3442571324697075,0.17531606835994148,0.45598845764289936,ETTh1,raw,4800,4896,raw:4800:4,low,mid
5,0.18448585916965288,0.11267118447650687,0.2775139642499568,0.375,0.8188307006253817,3.0655427982608163,0.3442571324697075,0.19155700263203887,0.5126959443650297,ETTh1,raw,4800,4896,raw:4800:5,low,mid
6,0.1456048041803636,0.18333586063250457,0.5417616274381735,0.125,0.752439585930669,3.0655427982608163,0.3442571324697075,0.2902340974170139,0.40723223946679216,ETTh1,raw,4800,4896,raw:4800:6,mid,low
0,0.4793892246467669,0.2312104821516665,0.7404296592145878,0.25,0.6459804204656628,3.4606812686579778,0.41011354409280704,0.4836764553376738,0.43536465485282333,ETTh1,raw,4848,4944,raw:4848:0,high,low
1,0.18318873925151558,0.1627091469486396,0.42874200048408123,0.625,0.8985949038926277,3.4606812686579778,0.41011354409280704,0.2582132955614121,0.6445694826618116,ETTh1,raw,4848,4944,raw:4848:1,low,high
2,0.4228580795805289,0.2204825199045465,0.6374609051848531,0.25,0.6054627288686195,3.4606812686579778,0.41011354409280704,0.4269338348899761,0.42185875765380887,ETTh1,raw,4848,4944,raw:4848:2,high,low
3,0.40311246354566777,0.2651232469869972,0.42248076644920723,0.75,0.9072679705828838,3.4606812686579778,0.41011354409280704,0.3635721589939574,0.6891271715585637,ETTh1,raw,4848,4944,raw:4848:3,mid,high
4,0.13079504711147671,0.10603079628223519,0.1994993939605599,0.25,0.6387918266792703,3.4606812686579778,0.41011354409280704,0.14544174578475727,0.43296845692402575,ETTh1,raw,4848,4944,raw:4848:4,low,low
5,0.46743077949660317,0.28960531150330904,0.48461756231521386,1.0,0.9196999404728202,3.4606812686579778,0.41011354409280704,0.413884551105042,0.7766044948552091,ETTh1,raw,4848,4944,raw:4848:5,high,high
6,0.2074868782503465,0.20496550518549217,0.26866285984884225,0.75,0.9274032919797986,3.4606812686579778,0.41011354409280704,0.227038414428227,0.6958389453575352,ETTh1,raw,4848,4944,raw:4848:6,low,high
0,0.26064489318908846,0.008860866174679826,0.7557390818695391,0.25,0.5013813436270086,4.0538471523874,0.5089745245496091,0.34174828041110245,0.4201186227255393,ETTh1,raw,4872,4968,raw:4872:0,mid,low
1,0.4245558407236315,0.09372280182098375,0.4337516581824548,0.375,0.8570212850277196,4.0538471523874,0.5089745245496091,0.31734343357569,0.5803319365257763,ETTh1,raw,4872,4968,raw:4872:1,mid,high
2,0.3127702524217022,0.006598056795455004,0.6398081329481369,0.25,0.4419914080318643,4.0538471523874,0.5089745245496091,0.3197254807217647,0.4003219775271578,ETTh1,raw,4872,4968,raw:4872:2,mid,low
3,0.2543760476791662,0.0920985231258912,0.4342907408757881,0.375,0.852387231018254,4.0538471523874,0.5089745245496091,0.26025510389361517,0.5787872518559544,ETTh1,raw,4872,4968,raw:4872:3,low,high
4,0.24145680806094516,0.021979368341876086,0.04521834688009971,0.25,0.5802888457205208,4.0538471523874,0.5089745245496091,0.102884841094307,0.44642112342337664,ETTh1,raw,4872,4968,raw:4872:4,low,low
5,0.3667591105501392,0.1654675329685639,0.46081179343137657,0.375,0.8661742373343329,4.0538471523874,0.5089745245496091,0.3310128123166932,0.5833829206279807,ETTh1,raw,4872,4968,raw:4872:5,mid,high
6,0.32354423924112463,0.17188336865521153,0.25191156677636417,0.125,0.8029090411651771,4.0538471523874,0.5089745245496091,0.24911305822423344,0.4789611885715954,ETTh1,raw,4872,4968,raw:4872:6,low,mid
0,0.19875264953563831,0.026723908170119052,0.18756956475312012,0.25,0.509914870874025,3.368999802602458,0.3948332997756875,0.13768204081962584,0.3849160568832375,ETTh1,raw,4920,5016,raw:4920:0,low,low
1,0.6119215601978101,0.283980506842858,0.27374249672707335,0.375,0.8812164181710875,3.368999802602458,0.3948332997756875,0.38988152125591385,0.5503499059822583,ETTh1,raw,4920,5016,raw:4920:1,high,mid
2,0.21873963097342253,0.030127828152750776,0.538253981694799,0.25,0.4599487311627922,3.368999802602458,0.3948332997756875,0.2623738136069908,0.3682606769794932,ETTh1,raw,4920,5016,raw:4920:2,low,low
3,0.6516664557658551,0.09672591818297893,0.18172105712419487,0.375,0.8304416609387224,3.368999802602458,0.3948332997756875,0.3100378103576763,0.5334249869048033,ETTh1,raw,4920,5016,raw:4920:3,mid,mid
4,0.3905302817514311,0.18619314249084878,0.3075315909556883,0.25,0.7323051579347645,3.368999802602458,0.3948332997756875,0.2947516717326561,0.45904615257015063,ETTh1,raw,4920,5016,raw:4920:4,mid,mid
5,0.704077720798488,0.23053986518744674,0.18340128000193148,0.125,0.7338650931318603,3.368999802602458,0.3948332997756875,0.37267295532928874,0.41789946430251595,ETTh1,raw,4920,5016,raw:4920:5,mid,low
6,0.2537116844522944,0.18990895823407258,0.22965663092615365,0.125,0.6124798758028234,3.368999802602458,0.3948332997756875,0.2244257578708402,0.3774377251928369,ETTh1,raw,4920,5016,raw:4920:6,low,low
0,0.11049278779298277,0.02473429267295469,0.601670687911115,0.25,0.5051771836639414,3.0375332120548006,0.33958886810981864,0.24563258945901748,0.36492201725792,ETTh1,raw,4944,5040,raw:4944:0,low,low
1,0.16909313281113747,0.3075432040518026,0.27108828314060657,0.375,0.8874171439062091,3.0375332120548006,0.33958886810981864,0.24924154000118218,0.5340020040053426,ETTh1,raw,4944,5040,raw:4944:1,low,mid
2,0.26595162749711077,0.02181880178538797,0.6316764804187585,0.25,0.4829683694561407,3.0375332120548006,0.33958886810981864,0.3064823032337524,0.3575190791886531,ETTh1,raw,4944,5040,raw:4944:2,mid,low
3,0.1071548435240739,0.09293818390764189,0.46847388582262994,0.375,0.7666963797804328,3.0375332120548006,0.33958886810981864,0.22285563775144857,0.49376174929675054,ETTh1,raw,4944,5040,raw:4944:3,low,mid
4,0.33431646749799016,0.20468995424864334,0.08547801038078805,0.375,0.7219717995625067,3.0375332120548006,0.33958886810981864,0.20816147737580717,0.47885355589077516,ETTh1,raw,4944,5040,raw:4944:4,low,mid
5,0.7210969238070013,0.57452906744248,0.48276533589640586,0.25,0.7253685083600075,3.0375332120548006,0.33958886810981864,0.5927971090486291,0.43831912548994206,ETTh1,raw,4944,5040,raw:4944:5,high,low
6,0.8038514254451354,0.38482386858711026,0.36957316042217964,0.375,0.8234886536618746,3.0375332120548006,0.33958886810981864,0.5194161514848085,0.5126925072572311,ETTh1,raw,4944,5040,raw:4944:6,high,mid
0,0.06978225577747277,0.053317457935393484,0.6646899985863802,0.25,0.5815999621373389,3.2970471004141237,0.3828411827642853,0.26259657076641546,0.404813714967208,ETTh1,raw,4968,5064,raw:4968:0,low,low
1,0.2540081172313844,0.11063701020363738,0.7968059608458997,0.625,0.7285409807808958,3.2970471004141237,0.3828411827642853,0.3871503627603072,0.5787940545150604,ETTh1,raw,4968,5064,raw:4968:1,high,high
2,0.09790259323833439,0.053832974492036216,0.5422229697824053,0.25,0.5725958672215291,3.2970471004141237,0.3828411827642853,0.23131951250425864,0.4018123499952715,ETTh1,raw,4968,5064,raw:4968:2,low,low
3,0.37659043645361634,0.07107391502079707,0.8547333576639904,0.5,0.7230154742091957,3.2970471004141237,0.3828411827642853,0.4341325697128013,0.5352855523244936,ETTh1,raw,4968,5064,raw:4968:3,high,mid
4,0.4052717247274453,0.050472925305637156,0.14353085317452804,0.25,0.6335993881447339,3.2970471004141237,0.3828411827642853,0.19975850106920354,0.4221468569696731,ETTh1,raw,4968,5064,raw:4968:4,low,low
5,0.5991994253674826,0.134173274921012,0.7257388501065002,0.25,0.8073179302993297,3.2970471004141237,0.3828411827642853,0.48637051679833165,0.4800530376878717,ETTh1,raw,4968,5064,raw:4968:5,high,mid
6,0.705513282453677,0.296939637118608,0.1471622088643366,0.0,0.7113884762536236,3.2970471004141237,0.3828411827642853,0.38320504281220713,0.3647432196726363,ETTh1,raw,4968,5064,raw:4968:6,high,low
0,0.2667331286080652,0.07802198443841776,0.754408725068835,0.375,0.6862704273895428,2.813817339408835,0.3023028893976344,0.3663879460384393,0.454524438929059,ETTh1,raw,5016,5112,raw:5016:0,mid,mid
1,0.5588298060466295,0.08626975777488943,0.2793724332010123,0.5,0.7480783705343288,2.813817339408835,0.3023028893976344,0.30815733234084375,0.5167937533106545,ETTh1,raw,5016,5112,raw:5016:1,mid,mid
2,0.290503756603798,0.08811474132008508,0.6747786963924267,0.375,0.6631184406572637,2.813817339408835,0.3023028893976344,0.3511323981054366,0.44680711001829937,ETTh1,raw,5016,5112,raw:5016:2,mid,low
3,0.7114626050320678,0.1084923257379546,0.18616969479982656,0.625,0.6986017532983687,2.813817339408835,0.3023028893976344,0.3353748751899497,0.5419682142320009,ETTh1,raw,5016,5112,raw:5016:3,mid,mid
4,0.31639381270941624,0.04921350804262478,0.16855488640752328,0.25,0.7245624624170349,2.813817339408835,0.3023028893976344,0.1780540690531881,0.4256217839382231,ETTh1,raw,5016,5112,raw:5016:4,low,low
5,0.29197770407452206,0.07715861924233242,0.22508903018551635,0.25,0.7725372549466252,2.813817339408835,0.3023028893976344,0.1980751178341236,0.44161338144808654,ETTh1,raw,5016,5112,raw:5016:5,low,low
6,0.43903962483780634,0.02701685959948754,0.07921252755363034,0.375,0.6770119192514669,2.813817339408835,0.3023028893976344,0.18175633733030808,0.45143826954970034,ETTh1,raw,5016,5112,raw:5016:6,low,low
0,0.11672260026476133,0.08061439031844095,0.06920856405221588,0.375,0.6726677757062037,3.071795312741501,0.34529921821475146,0.08884851821180606,0.4643223313069851,ETTh1,raw,5040,5136,raw:5040:0,low,mid
1,0.37140300831791784,0.03754149757029086,0.38482043401347604,0.5,0.8004359597745628,3.071795312741501,0.34529921821475146,0.2645883133005616,0.5485783926631047,ETTh1,raw,5040,5136,raw:5040:1,low,mid
2,0.2873758410657059,0.08212866632910529,0.06966618228711864,0.375,0.6535512946800948,3.071795312741501,0.34529921821475146,0.14639022989397663,0.4579501709649487,ETTh1,raw,5040,5136,raw:5040:2,low,mid
3,0.31112326828743453,0.08786477447121907,0.46029668125744894,0.5,0.8149531663283925,3.071795312741501,0.34529921821475146,0.2864282413387009,0.5534174615143813,ETTh1,raw,5040,5136,raw:5040:3,mid,mid
4,0.3005428368087414,0.17435096906923878,0.240570225737638,0.25,0.7282077330658506,3.071795312741501,0.34529921821475146,0.23848801053853938,0.4411689837602007,ETTh1,raw,5040,5136,raw:5040:4,low,low
5,0.5893972867583498,0.17695417870778352,0.4648632390848472,0.25,0.7732870082453055,3.071795312741501,0.34529921821475146,0.4104049015169935,0.456195408820019,ETTh1,raw,5040,5136,raw:5040:5,high,mid
6,0.5961348433707672,0.16724407679313208,0.18821743690957843,0.25,0.8355442831967185,3.071795312741501,0.34529921821475146,0.31719878569115917,0.47694783380382333,ETTh1,raw,5040,5136,raw:5040:6,mid,mid
0,0.9625626849859554,0.1741924116553332,0.12001218649743267,0.5,0.7370562414074732,3.2012284563078217,0.3668714087731846,0.4189224277129071,0.5346425500602192,ETTh1,raw,5088,5184,raw:5088:0,high,mid
1,0.9999999910171078,0.16150997697177083,0.04441052673180361,0.5,0.8772224820288511,3.2012284563078217,0.3668714087731846,0.4019734982402274,0.5813646302673453,ETTh1,raw,5088,5184,raw:5088:1,high,high
2,0.986054703334554,0.15311865726733997,0.12480325338474978,0.375,0.732784321542793,3.2012284563078217,0.3668714087731846,0.421325537995548,0.49155191010532584,ETTh1,raw,5088,5184,raw:5088:2,high,mid
3,0.9589930824460025,0.11838912373699734,0.7447241850947156,0.5,0.904908334339083,3.2012284563078217,0.3668714087731846,0.6073687970925717,0.5905932477040892,ETTh1,raw,5088,5184,raw:5088:3,high,high
4,0.9870965810786327,0.34249081878591153,0.48576164805676214,0.25,0.79674076232876,3.2012284563078217,0.3668714087731846,0.6051163493071021,0.4712040570339815,ETTh1,raw,5088,5184,raw:5088:4,high,mid
5,0.9999999206624411,0.28332904436504563,0.4922811849485133,0.375,0.8100993415335148,3.2012284563078217,0.3668714087731846,0.5918700499920001,0.5173235834355665,ETTh1,raw,5088,5184,raw:5088:5,high,mid
6,0.9999999968318862,0.11994123765131308,0.03558732499651993,0.0,0.8217103180321123,3.2012284563078217,0.3668714087731846,0.38517618649323976,0.396193908935099,ETTh1,raw,5088,5184,raw:5088:6,high,low
0,0.8193799231407828,0.1888750504819881,0.45549142336564385,0.25,0.8067813791700508,2.9741292734795453,0.32902154503155495,0.48791546566280486,0.461934308067202,ETTh1,raw,5112,5208,raw:5112:0,high,mid
1,0.8749999223770365,0.2926905164020268,0.49999999991370975,0.5,0.828164068022335,2.9741292734795453,0.32902154503155495,0.555896812897591,0.5523952043512966,ETTh1,raw,5112,5208,raw:5112:1,high,mid
2,0.9248905203507499,0.17407713056340435,0.3880218708233128,0.25,0.7928717992737807,2.9741292734795453,0.32902154503155495,0.495663173912489,0.45729778143511196,ETTh1,raw,5112,5208,raw:5112:2,high,mid
3,0.9029945671847615,0.28418143858214934,0.49999999960694474,0.5,0.8510304504734215,2.9741292734795453,0.32902154503155495,0.5623920017912852,0.5600173318349921,ETTh1,raw,5112,5208,raw:5112:3,high,high
4,0.9705762351794661,0.2584518030452695,0.4999999999296481,0.375,0.7744532674775513,2.9741292734795453,0.32902154503155495,0.5763426793847946,0.4928249375030354,ETTh1,raw,5112,5208,raw:5112:4,high,mid
5,0.999999782422301,0.25721475986531084,0.49999999989750193,0.5,0.835377637086456,2.9741292734795453,0.32902154503155495,0.5857381807283714,0.5547997273726702,ETTh1,raw,5112,5208,raw:5112:5,high,mid
6,0.9743435913311687,0.36484556534263723,0.499999999523741,0.25,0.835335431631325,2.9741292734795453,0.32902154503155495,0.613063052065849,0.47145232555429334,ETTh1,raw,5112,5208,raw:5112:6,high,mid
0,0.9272508834123832,0.1666720840402136,0.2501108337451314,0.375,0.7797386754589231,2.0018118856372507,0.16696864732792738,0.4480112670659094,0.44056910759561685,ETTh1,raw,5136,5232,raw:5136:0,high,low
1,0.9999999792122298,0.27572538515664846,0.159224231323372,0.5,0.7672469871623244,2.0018118856372507,0.16696864732792738,0.47831653189741674,0.4780718781634173,ETTh1,raw,5136,5232,raw:5136:1,high,mid
2,0.9731577594519515,0.12598363190434086,0.41726230839834383,0.25,0.7936853591542067,2.0018118856372507,0.16696864732792738,0.5054678999182121,0.40355133549404476,ETTh1,raw,5136,5232,raw:5136:2,high,low
3,0.9463920406139317,0.1964076880437114,0.5965972889858303,0.5,0.8296153078641153,2.0018118856372507,0.16696864732792738,0.5797990058811577,0.49886131839734754,ETTh1,raw,5136,5232,raw:5136:3,high,mid
4,0.9763498303283151,0.2839867353047632,0.07971255993092445,0.375,0.7014847405694676,2.0018118856372507,0.16696864732792738,0.4466830418546676,0.4144844626324651,ETTh1,raw,5136,5232,raw:5136:4,high,low
5,0.999999782422301,0.31223591631030434,0.34200140835032994,0.5,0.8532643858053661,2.0018118856372507,0.16696864732792738,0.5514123690276451,0.5067443443777645,ETTh1,raw,5136,5232,raw:5136:5,high,mid
6,0.9999999979873329,0.10643077817168131,0.6871105996666776,0.25,0.8547322981737571,2.0018118856372507,0.16696864732792738,0.5978471252752305,0.4239003151672282,ETTh1,raw,5136,5232,raw:5136:6,high,low
0,0.421846648801412,0.055293760085769084,0.036553334242138254,0.25,0.6901159457822357,2.8647690320025356,0.31079483814909786,0.17123124770977313,0.4169702613104445,ETTh1,raw,5184,5280,raw:5184:0,low,low
1,0.1923304109086431,0.06821304528775662,0.46575020708814185,0.5,0.6875753193984995,2.8647690320025356,0.31079483814909786,0.24209788776151386,0.4994567191825325,ETTh1,raw,5184,5280,raw:5184:1,low,mid
2,0.40863926853349886,0.04727094711025331,0.11522382060751794,0.25,0.7131270444084712,2.8647690320025356,0.31079483814909786,0.1903780120837567,0.4246406275191897,ETTh1,raw,5184,5280,raw:5184:2,low,low
3,0.06566575427257038,0.08702927347034964,0.5678177755037461,0.5,0.7260810868708655,2.8647690320025356,0.31079483814909786,0.24017093441555537,0.5122919750066545,ETTh1,raw,5184,5280,raw:5184:3,low,mid
4,0.32259147199349425,0.03765407716898261,0.052460307284050975,0.25,0.6162286777796916,2.8647690320025356,0.31079483814909786,0.13756861881550927,0.3923411719762631,ETTh1,raw,5184,5280,raw:5184:4,low,low
5,0.0,0.14228396492874848,0.517474350817305,0.625,0.8704055576162911,2.8647690320025356,0.31079483814909786,0.21991943858201782,0.602066798588463,ETTh1,raw,5184,5280,raw:5184:5,low,high
6,0.8723975637847303,0.13660036353812838,0.06078731082762173,0.25,0.8460712428984948,2.8647690320025356,0.31079483814909786,0.3565950793834935,0.4689553603491976,ETTh1,raw,5184,5280,raw:5184:6,mid,mid
0,0.3748406520521357,0.057870198054074645,0.12425269523186397,0.25,0.653020338518375,3.111581759795613,0.3519302927127183,0.18565451511269146,0.41831687707703114,ETTh1,raw,5208,5304,raw:5208:0,low,low
1,0.18863499223147295,0.09469331855966265,0.45341254662941627,0.5,0.8419985768799196,3.111581759795613,0.3519302927127183,0.24558028580685062,0.5646429565308794,ETTh1,raw,5208,5304,raw:5208:1,low,high
2,0.35496668920986074,0.03805524627348173,0.18453550598907842,0.25,0.6605369319102851,3.111581759795613,0.3519302927127183,0.19251914715747365,0.42082240820766775,ETTh1,raw,5208,5304,raw:5208:2,low,low
3,0.2930461033826395,0.08576577042600456,0.4284936958584676,0.5,0.7831327881912915,3.111581759795613,0.3519302927127183,0.2691018565557039,0.5450210269680033,ETTh1,raw,5208,5304,raw:5208:3,low,mid
4,0.2483501960919181,0.06313125586534371,0.1908538749762621,0.25,0.6619133057218562,3.111581759795613,0.3519302927127183,0.16744510897784134,0.42128119947819154,ETTh1,raw,5208,5304,raw:5208:4,low,low
5,0.7954238732640868,0.17735776077607623,0.4999999995019276,0.875,0.9426605888720341,3.111581759795613,0.3519302927127183,0.4909272111806969,0.7231969605282508,ETTh1,raw,5208,5304,raw:5208:5,high,high
6,0.7141968705433352,0.08604691636763803,0.48192062655266626,0.125,0.6174858041445999,3.111581759795613,0.3519302927127183,0.4273881378212132,0.3648053656191061,ETTh1,raw,5208,5304,raw:5208:6,high,low
0,0.40062977283235246,0.11444945836903822,0.4202092013464891,0.25,0.7211901135130102,3.033644130206452,0.33894068780284087,0.31176281084929325,0.43671026710528366,ETTh1,raw,5256,5352,raw:5256:0,mid,low
1,0.45412488316602384,0.1049523810597762,0.5225312340404555,0.625,0.8676952206987095,3.033644130206452,0.33894068780284087,0.36053616608875183,0.6105453028338501,ETTh1,raw,5256,5352,raw:5256:1,mid,high
2,0.39070391952405525,0.06955761449857016,0.3098474715847322,0.25,0.731204532325632,3.033644130206452,0.33894068780284087,0.2567030018691192,0.44004840670949097,ETTh1,raw,5256,5352,raw:5256:2,low,low
3,0.3661599867400339,0.10294440018610637,0.7118402494827157,0.375,0.8178081945578456,3.033644130206452,0.33894068780284087,0.39364821213628537,0.5105829607868956,ETTh1,raw,5256,5352,raw:5256:3,high,mid
4,0.5359332604263732,0.4449030178482708,0.5271520700410803,0.625,0.8230006711123206,3.033644130206452,0.33894068780284087,0.5026627827719081,0.5956471196383871,ETTh1,raw,5256,5352,raw:5256:4,high,high
5,0.4318280395237344,0.11644329654129304,0.439188127674469,0.625,0.9756615563494153,3.033644130206452,0.33894068780284087,0.32915315457983213,0.6465340813840854,ETTh1,raw,5256,5352,raw:5256:5,mid,high
6,0.6936901918496096,0.4327560033750951,0.15048803954789985,0.125,0.7995163063944006,3.033644130206452,0.33894068780284087,0.4256447449242015,0.42115233139908054,ETTh1,raw,5256,5352,raw:5256:6,high,low
0,0.2605238526540409,0.09021296085612804,0.07776282188141505,0.25,0.776152408476027,2.7530565624692205,0.29217609325790994,0.14283321179719466,0.4394428339113123,ETTh1,raw,5280,5376,raw:5280:0,low,low
1,0.5536687702267096,0.15182008498864458,0.6019217931067596,0.875,0.8557063103755371,2.7530565624692205,0.29217609325790994,0.4358035494407046,0.6742941345444824,ETTh1,raw,5280,5376,raw:5280:1,high,high
2,0.3776734333897551,0.08955832162845495,0.18427936178134532,0.25,0.7735335817919626,2.7530565624692205,0.29217609325790994,0.21717037226651847,0.4385698916832908,ETTh1,raw,5280,5376,raw:5280:2,low,low
3,0.46138733096430173,0.07255674476651089,0.6220054511853069,0.375,0.810948591032919,2.7530565624692205,0.29217609325790994,0.38531650897203984,0.49270822809694304,ETTh1,raw,5280,5376,raw:5280:3,high,mid
4,0.12488078692924642,0.31877805010437793,0.4722479621356857,0.5,0.8011516863522807,2.7530565624692205,0.29217609325790994,0.30530226638977004,0.5311092598700635,ETTh1,raw,5280,5376,raw:5280:4,mid,mid
5,0.41909506227639115,0.39235280712510845,0.40325095280999973,1.0,0.9411631060251866,2.7530565624692205,0.29217609325790994,0.40489960740383313,0.7444463997610322,ETTh1,raw,5280,5376,raw:5280:5,high,high
6,0.5079451600495672,0.08315865711393952,0.18821488623403507,0.125,0.7718680271433759,2.7530565624692205,0.29217609325790994,0.25977290113251394,0.39634804013376196,ETTh1,raw,5280,5376,raw:5280:6,low,low
0,0.4457678118054952,0.18431317693071825,0.16198188849857476,0.25,0.5947490385073101,2.1874624823453668,0.19791041339437712,0.26402095907826273,0.34755315063389575,ETTh1,raw,5328,5424,raw:5328:0,low,low
1,0.1216497442967236,0.14157119845325689,0.38828050844923023,0.375,0.7751743269594864,2.1874624823453668,0.19791041339437712,0.2171671503997369,0.4493615801179545,ETTh1,raw,5328,5424,raw:5328:1,low,low
2,0.5376016118605569,0.19092897963731448,0.17250810131745883,0.25,0.5611177572112781,2.1874624823453668,0.19791041339437712,0.3003462309384434,0.3363427235352184,ETTh1,raw,5328,5424,raw:5328:2,mid,low
3,0.5056363536343293,0.19625689770253762,0.4204495785269905,0.375,0.6588165909130176,2.1874624823453668,0.19791041339437712,0.37411427662128577,0.4105756681024649,ETTh1,raw,5328,5424,raw:5328:3,mid,low
4,0.4186488289137744,0.12749335215819674,0.05762216098014209,0.25,0.6939617092734803,2.1874624823453668,0.19791041339437712,0.2012547806840377,0.3806240408892858,ETTh1,raw,5328,5424,raw:5328:4,low,low
5,0.33695666604668584,0.2816325793068898,0.5098538589638255,0.75,0.9223783356704806,2.1874624823453668,0.19791041339437712,0.37614770143913373,0.6234295830216192,ETTh1,raw,5328,5424,raw:5328:5,mid,high
6,0.6848540795514919,0.16839246363300026,0.6369972222996517,0.375,0.9184154374869722,2.1874624823453668,0.19791041339437712,0.496747921828048,0.4971086169604498,ETTh1,raw,5328,5424,raw:5328:6,high,mid
0,0.14636999882854174,0.00874301602161414,0.7811423012328061,0.25,0.4358710388033703,2.401706462859398,0.23361774342053673,0.3120851053609874,0.3064962607413024,ETTh1,raw,5352,5448,raw:5352:0,mid,low
1,0.12956992659162103,0.056685491464631144,0.5495950808682224,0.375,0.6508364628701078,2.401706462859398,0.23361774342053673,0.24528349964149151,0.41981806876354816,ETTh1,raw,5352,5448,raw:5352:1,low,low
2,0.1797767694126512,0.00895330414817069,0.5512664763452501,0.25,0.40739202705322136,2.401706462859398,0.23361774342053673,0.2466655166353573,0.29700325682458606,ETTh1,raw,5352,5448,raw:5352:2,low,low
3,0.3017192581103366,0.046932699532759,0.8206316318536934,0.375,0.5758763881090669,2.401706462859398,0.23361774342053673,0.38976119649892965,0.39483137717653455,ETTh1,raw,5352,5448,raw:5352:3,high,low
4,0.2852313867873403,0.050218620967242625,0.11631801327432975,0.25,0.6264606772503505,2.401706462859398,0.23361774342053673,0.1505893403429709,0.37002614022362906,ETTh1,raw,5352,5448,raw:5352:4,low,low
5,0.552339417764468,0.20360787553774365,0.4930032956654345,0.625,0.8435484416096468,2.401706462859398,0.23361774342053673,0.4163168629892154,0.5673887283433945,ETTh1,raw,5352,5448,raw:5352:5,high,high
6,0.5778370958429137,0.12287455199294013,0.6902947993065158,0.375,0.8305391172461375,2.401706462859398,0.23361774342053673,0.4636688157141233,0.4797189535555581,ETTh1,raw,5352,5448,raw:5352:6,high,mid
0,0.21301821028209633,0.011998811836546504,0.6550722938841731,0.25,0.4364553561029936,2.7514639550010136,0.29191065868031785,0.29336310533427196,0.3261220049277705,ETTh1,raw,5376,5472,raw:5376:0,mid,low
1,0.5216758362377643,0.12576571817693968,0.6226811941780338,0.375,0.7946374342247348,2.7514639550010136,0.29191065868031785,0.42337424953091257,0.48718269763501754,ETTh1,raw,5376,5472,raw:5376:1,high,mid
2,0.14913126338973526,0.007379598359708474,0.7600027926211869,0.25,0.39279852579440794,2.7514639550010136,0.29191065868031785,0.3055045514568769,0.31156972815824197,ETTh1,raw,5376,5472,raw:5376:2,mid,low
3,0.45426433949405676,0.09553628428814306,0.39924908272412457,0.375,0.6964011470714874,2.7514639550010136,0.29191065868031785,0.3163499021687748,0.4544372685839351,ETTh1,raw,5376,5472,raw:5376:3,mid,mid
4,0.24828910734182164,0.24989623853055687,0.25917322803361953,0.625,0.7466031220568127,2.7514639550010136,0.29191065868031785,0.252452857968666,0.5545045935790435,ETTh1,raw,5376,5472,raw:5376:4,low,mid
5,0.717039990922884,0.11129101223859736,0.5495436081526769,1.0,0.8664320668313629,2.7514639550010136,0.29191065868031785,0.4592915371047194,0.7194475751705602,ETTh1,raw,5376,5472,raw:5376:5,high,high
6,0.6769099743318376,0.19401988834172648,0.25503340746160824,0.25,0.6780653120355368,2.7514639550010136,0.29191065868031785,0.3753210900450574,0.40665865690528485,ETTh1,raw,5376,5472,raw:5376:6,mid,low
0,0.3977458413414575,0.013570051882760573,0.5851890085263874,0.25,0.5124467239412446,2.823170871516369,0.3038618114129585,0.3321683005835352,0.355436178451401,ETTh1,raw,5424,5520,raw:5424:0,mid,low
1,0.23245513181682298,0.1179731963746751,0.48712277243421187,0.25,0.857011854620098,2.823170871516369,0.3038618114129585,0.27918370020857,0.47029122201101886,ETTh1,raw,5424,5520,raw:5424:1,mid,mid
2,0.1389353413189125,0.017221893907138526,0.5503362793853254,0.25,0.4727356474199771,2.823170871516369,0.3038618114129585,0.23549783820379214,0.34219915294431186,ETTh1,raw,5424,5520,raw:5424:2,low,low
3,0.18124651316757512,0.05477445698026055,0.287387255026857,0.25,0.79892760856381,2.823170871516369,0.3038618114129585,0.17446940839156425,0.45092980665892285,ETTh1,raw,5424,5520,raw:5424:3,low,low
4,0.07744796611926286,0.05682497587851333,0.4613474757875937,1.0,0.8378454155125843,2.823170871516369,0.3038618114129585,0.19854013926178996,0.7139024089751809,ETTh1,raw,5424,5520,raw:5424:4,low,high
5,0.5215630482173368,0.056445579944690794,0.7869367631586595,1.0,0.8677017420022591,2.823170871516369,0.3038618114129585,0.4549817971068957,0.7238545178050725,ETTh1,raw,5424,5520,raw:5424:5,high,high
6,0.12153616916860388,0.2171331129994284,0.35521218258271087,0.25,0.7162652409623362,2.823170871516369,0.3038618114129585,0.23129382158358106,0.42337568412509824,ETTh1,raw,5424,5520,raw:5424:6,low,low
0,0.5891409762498385,0.02010018556401444,0.43122889450890123,0.375,0.49185280962822786,2.7936179508085965,0.2989363246365389,0.3468233521075847,0.3885963780882556,ETTh1,raw,5448,5544,raw:5448:0,mid,low
1,0.24999999748324353,0.10068341762099339,0.5740052641513691,0.375,0.7412502009455356,2.7936179508085965,0.2989363246365389,0.30822955975186866,0.47172884186069153,ETTh1,raw,5448,5544,raw:5448:1,mid,mid
2,0.43202009311120493,0.020789763714744468,0.37738870997126167,0.25,0.4653492873006096,2.7936179508085965,0.2989363246365389,0.27673285559907035,0.33809520397904946,ETTh1,raw,5448,5544,raw:5448:2,low,low
3,0.5145231740868537,0.056181153391688735,0.4241211656934754,0.25,0.7918153589053426,2.7936179508085965,0.2989363246365389,0.3316084977240059,0.44691722784729376,ETTh1,raw,5448,5544,raw:5448:3,mid,low
4,0.18539528820781614,0.19937113398645268,0.5543959279911979,1.0,0.7785848202912,2.7936179508085965,0.2989363246365389,0.3130541167284889,0.6925070483092464,ETTh1,raw,5448,5544,raw:5448:4,mid,high
5,0.29870780724541923,0.17817796085074192,0.5380397074482757,1.0,0.8590193482619106,2.7936179508085965,0.2989363246365389,0.3383084918481456,0.7193185576328166,ETTh1,raw,5448,5544,raw:5448:5,mid,high
6,0.7098892437285675,0.34795400189360837,0.3635292540492987,0.125,0.7669116482692562,2.7936179508085965,0.2989363246365389,0.4737908332238249,0.3969493243019317,ETTh1,raw,5448,5544,raw:5448:6,high,low
0,0.4049144659015287,0.17676628360563185,0.22772620256362888,0.375,0.6380342025825793,2.6850029244962514,0.28083382028131887,0.2698023173569298,0.4312893409546327,ETTh1,raw,5496,5592,raw:5496:0,low,low
1,0.351151185165521,0.179371238987188,0.20736561549952398,0.625,0.8282426968333931,2.6850029244962514,0.28083382028131887,0.24596267988407763,0.578025505704904,ETTh1,raw,5496,5592,raw:5496:1,low,high
2,0.4685906969390824,0.20704272196927015,0.1763033578215495,0.25,0.6243735351381734,2.6850029244962514,0.28083382028131887,0.283978925576634,0.3850691184731641,ETTh1,raw,5496,5592,raw:5496:2,mid,low
3,0.6387576986867738,0.0785353896331519,0.18150683046253077,0.625,0.8390464047852979,2.6850029244962514,0.28083382028131887,0.29959997292748547,0.5816267416888722,ETTh1,raw,5496,5592,raw:5496:3,mid,high
4,0.5567636894463561,0.3247174380698201,0.39476237785146995,1.0,0.9033726971310517,2.6850029244962514,0.28083382028131887,0.4254145017892154,0.7280688391374568,ETTh1,raw,5496,5592,raw:5496:4,high,high
5,0.583051241125456,0.23186947011643505,0.40864705227396486,0.875,0.8804178576000335,2.6850029244962514,0.28083382028131887,0.40785592117195196,0.6787505592937841,ETTh1,raw,5496,5592,raw:5496:5,high,high
6,0.6893259516709411,0.34813743702298694,0.328052375796132,0.125,0.7596172220825245,2.6850029244962514,0.28083382028131887,0.45517192149668667,0.38848368078794776,ETTh1,raw,5496,5592,raw:5496:6,high,low
0,0.4547968512273023,0.2735581311083204,0.4964284842270039,0.375,0.6292529516118965,3.3995943579549297,0.3999323923259343,0.40826115552087555,0.4680617813126103,ETTh1,raw,5520,5616,raw:5520:0,high,mid
1,0.35386223034494424,0.13390247723388682,0.4160232944440184,0.625,0.8348333808532487,3.3995943579549297,0.3999323923259343,0.3012626673409498,0.619921924393061,ETTh1,raw,5520,5616,raw:5520:1,mid,high
2,0.5720546903614951,0.27251377437528984,0.44388478596686015,0.375,0.6154262471586635,3.3995943579549297,0.3999323923259343,0.4294844169012151,0.4634528798281992,ETTh1,raw,5520,5616,raw:5520:2,high,mid
3,0.4841988171501789,0.22129536944300293,0.17465252768441558,0.5,0.8829568591911748,3.3995943579549297,0.3999323923259343,0.29338223809253244,0.5942964171723697,ETTh1,raw,5520,5616,raw:5520:3,mid,high
4,0.3400089906402637,0.22587707991869616,0.5388668642627131,0.875,0.9600359700608304,3.3995943579549297,0.3999323923259343,0.36825097827389097,0.7449894541289215,ETTh1,raw,5520,5616,raw:5520:4,mid,high
5,0.03085385872380808,0.22455619800296303,0.4984835733192154,0.875,0.8951482223234137,3.3995943579549297,0.3999323923259343,0.2512978766819955,0.7233602048831159,ETTh1,raw,5520,5616,raw:5520:5,low,high
6,0.4875920732088228,0.26014842378009806,0.053818035122428845,0.0,0.6932355691039176,3.3995943579549297,0.3999323923259343,0.2671861773704499,0.3643893204766173,ETTh1,raw,5520,5616,raw:5520:6,low,low
0,0.3003334120367043,0.024757197580478563,0.7418966727808378,0.375,0.6887676377316704,3.186619797293216,0.3644366322748083,0.3556624274660069,0.4760680900021596,ETTh1,raw,5544,5640,raw:5544:0,mid,mid
1,0.2910819956502344,0.1880470067115258,0.5115569926915076,0.75,0.8508190672797393,3.186619797293216,0.3644366322748083,0.33022866501775594,0.6550852331848492,ETTh1,raw,5544,5640,raw:5544:1,mid,high
2,0.07810411570048914,0.013878750814433733,0.4120556154494138,0.375,0.683458880752129,3.186619797293216,0.3644366322748083,0.16801282732144554,0.4742985043423124,ETTh1,raw,5544,5640,raw:5544:2,low,mid
3,0.34923902293563813,0.1427809544237478,0.3853738566783875,0.875,0.9286169653900912,3.186619797293216,0.3644366322748083,0.2924646113459245,0.7226845325549666,ETTh1,raw,5544,5640,raw:5544:3,mid,high
4,0.39769751347377635,0.5964295790203267,0.30586353766277463,0.625,0.9633112693753774,3.186619797293216,0.3644366322748083,0.4333302100522925,0.6509159672167285,ETTh1,raw,5544,5640,raw:5544:4,high,high
5,0.23345977235746873,0.37014594488413144,0.2885492947544618,0.875,0.9283363629105733,3.186619797293216,0.3644366322748083,0.29738500399868734,0.7225909983951273,ETTh1,raw,5544,5640,raw:5544:5,mid,high
6,0.700828123682439,0.09738514135391818,0.1944858928624544,0.375,0.825414315955492,3.186619797293216,0.3644366322748083,0.3308997192996039,0.5216169827434334,ETTh1,raw,5544,5640,raw:5544:6,mid,mid
0,0.3113721713700811,0.06712220458895615,0.30891729629809533,0.5,0.6269923466422648,3.43409092576614,0.405681820284887,0.22913722408571088,0.5108913889757173,ETTh1,raw,5592,5688,raw:5592:0,low,mid
1,0.13516331885321742,0.26084749222005443,0.39192880264958363,0.625,0.8210703110214764,3.43409092576614,0.405681820284887,0.2626465379076185,0.6172507104354544,ETTh1,raw,5592,5688,raw:5592:1,low,high
2,0.17855862512407916,0.07113877363855897,0.27238043838922155,0.625,0.56113857839685,3.43409092576614,0.405681820284887,0.17402594571728658,0.5306067995605791,ETTh1,raw,5592,5688,raw:5592:2,low,mid
3,0.20001928351723397,0.3839363682565976,0.383740597633564,0.75,0.9193094728783756,3.43409092576614,0.405681820284887,0.32256541646913184,0.6916637643877542,ETTh1,raw,5592,5688,raw:5592:3,mid,high
4,0.3732951971498959,0.05010039648469239,0.4407566523635739,0.5,0.8518068211397419,3.43409092576614,0.405681820284887,0.28805074866605407,0.585829547141543,ETTh1,raw,5592,5688,raw:5592:4,mid,high
5,0.10477058825694952,0.15149657607456501,0.30491317981311844,0.5,0.8167766167159147,3.43409092576614,0.405681820284887,0.18706011471487768,0.5741528123336006,ETTh1,raw,5592,5688,raw:5592:5,low,high
6,0.9289771418448882,0.37669129128066925,0.02261516611284907,0.125,0.8008150860876322,3.43409092576614,0.405681820284887,0.44276119974613554,0.4438323021241731,ETTh1,raw,5592,5688,raw:5592:6,high,low
0,0.3491804174817823,0.09843948262258959,0.3859259061439265,0.5,0.8075584021752237,4.067808095682784,0.5113013484282951,0.2778486020827661,0.6062865835345063,ETTh1,raw,5616,5712,raw:5616:0,low,high
1,0.3263822470528036,0.12209165741396766,0.5453545862851339,0.375,0.7897915007474348,4.067808095682784,0.5113013484282951,0.3312761635839684,0.55869761639191,ETTh1,raw,5616,5712,raw:5616:1,mid,mid
2,0.33666182502521524,0.10263985705229527,0.2832942478517642,0.5,0.674846169634687,4.067808095682784,0.5113013484282951,0.24086530997642494,0.5620491726876607,ETTh1,raw,5616,5712,raw:5616:2,low,high
3,0.29596455911579644,0.10540432260490629,0.4408542345759993,0.625,0.8637625403556418,4.067808095682784,0.5113013484282951,0.28074103876556733,0.666687962927979,ETTh1,raw,5616,5712,raw:5616:3,mid,high
4,0.49513660197719533,0.07662399876193521,0.5022037974695006,0.75,0.8908407436431951,4.067808095682784,0.5113013484282951,0.3579881327362104,0.7173806973571635,ETTh1,raw,5616,5712,raw:5616:4,mid,high
5,0.39826727287542085,0.061777443515537316,0.7367695619261594,0.625,0.870727834486701,4.067808095682784,0.5113013484282951,0.3989380927723725,0.6690097276383321,ETTh1,raw,5616,5712,raw:5616:5,high,high
6,0.21078761728154183,0.15232047526714532,0.15724270997817738,0.125,0.6325767729159884,4.067808095682784,0.5113013484282951,0.17345026750895484,0.42295937378142784,ETTh1,raw,5616,5712,raw:5616:6,low,low
0,0.6032403339566257,0.11988613371289342,0.4495909992180103,0.25,0.561404604878745,3.0414565982017305,0.34024276579988383,0.3909058222958431,0.38388245689287626,ETTh1,raw,5664,5760,raw:5664:0,high,low
1,0.6085396061045427,0.17995903291633453,0.42446457270126664,0.375,0.8727970934781639,3.0414565982017305,0.34024276579988383,0.4043210705740479,0.5293466197593493,ETTh1,raw,5664,5760,raw:5664:1,high,mid
2,0.5880618983549555,0.11750119208249908,0.41089381655054286,0.25,0.502333614061195,3.0414565982017305,0.34024276579988383,0.3721523023293325,0.3641921266203596,ETTh1,raw,5664,5760,raw:5664:2,mid,low
3,0.595821235338303,0.21672862850380914,0.4433655468948402,0.375,0.9060777669889332,3.0414565982017305,0.34024276579988383,0.41863847024565076,0.5404401775962723,ETTh1,raw,5664,5760,raw:5664:3,high,mid
4,0.4315481879752986,0.10058137520359503,0.594539002813566,0.75,0.9001656937434839,3.0414565982017305,0.34024276579988383,0.3755561886641532,0.6634694865144559,ETTh1,raw,5664,5760,raw:5664:4,mid,high
5,0.5750544989033299,0.15935220177114182,0.4408244833893481,0.5,0.8874829252186719,3.0414565982017305,0.34024276579988383,0.3917437280212733,0.5759085636728519,ETTh1,raw,5664,5760,raw:5664:5,high,high
6,0.8290795659508077,0.19066396558209306,0.033949554772572325,0.375,0.8415900885270844,3.0414565982017305,0.34024276579988383,0.351231028768491,0.5189442847756561,ETTh1,raw,5664,5760,raw:5664:6,mid,mid
0,0.22658331391207864,0.093144662108234,0.6905882311880914,0.25,0.503464188141375,3.3479640472266827,0.3913273405522349,0.33677206906946805,0.3815971762312033,ETTh1,raw,5688,5784,raw:5688:0,mid,low
1,0.1600991408864706,0.26658094816962996,0.44737033120010067,0.625,0.8272353730986526,3.3479640472266827,0.3913273405522349,0.2913501400854004,0.6145209045502958,ETTh1,raw,5688,5784,raw:5688:1,mid,high
2,0.3519879804365267,0.05811681868251198,0.4372836202167366,0.25,0.46195340743480484,3.3479640472266827,0.3913273405522349,0.2824628064452584,0.36776024932901324,ETTh1,raw,5688,5784,raw:5688:2,mid,low
3,0.31638694489958896,0.3238306996064174,0.6560783664931168,0.625,0.8307545252189171,3.3479640472266827,0.3913273405522349,0.4320986703330411,0.6156939552570506,ETTh1,raw,5688,5784,raw:5688:3,high,high
4,0.5052430165480406,0.6351802687287145,0.3109824259296997,0.75,0.9660003004742712,3.3479640472266827,0.3913273405522349,0.483801903735485,0.7024425470088355,ETTh1,raw,5688,5784,raw:5688:4,high,high
5,0.26665801353721497,0.4641801166416066,0.5048185830752298,0.5,0.8943939595700587,3.3479640472266827,0.3913273405522349,0.4118855710846838,0.5952404333740978,ETTh1,raw,5688,5784,raw:5688:5,high,high
6,0.6371373724309076,0.14831981726502363,0.856658924526552,0.25,0.7988428632770261,3.3479640472266827,0.3913273405522349,0.547372038074161,0.4800567346097537,ETTh1,raw,5688,5784,raw:5688:6,high,mid
0,0.34251655908908374,0.017057909478082625,0.3919354361852291,0.25,0.4448079611651107,3.3708033694319557,0.3951338942467695,0.2505033015841318,0.36331395180396003,ETTh1,raw,5712,5808,raw:5712:0,low,low
1,0.2105242850135498,0.12209390132840797,0.5737944041984397,0.25,0.8804084770393131,3.3708033694319557,0.3951338942467695,0.3021375301801325,0.5085141237620275,ETTh1,raw,5712,5808,raw:5712:1,mid,mid
2,0.19853867970435057,0.009744424864978039,0.27025508901805667,0.25,0.3774307922301182,3.3708033694319557,0.3951338942467695,0.1595127311957951,0.3408548954922959,ETTh1,raw,5712,5808,raw:5712:2,low,low
3,0.3574078007258381,0.1384233986991643,0.4443051566629016,0.25,0.8931333101210664,3.3708033694319557,0.3951338942467695,0.3133787853626347,0.5127557347892786,ETTh1,raw,5712,5808,raw:5712:3,mid,mid
4,0.27483422907689337,0.4687643226928078,0.3004386625449891,0.75,0.9840122004714621,3.3708033694319557,0.3951338942467695,0.3480124047715634,0.7097153649060771,ETTh1,raw,5712,5808,raw:5712:4,mid,high
5,0.42632059731330263,0.38049934845501815,0.14792302758517484,0.5,0.9192770952645555,3.3708033694319557,0.3951338942467695,0.31824765778449854,0.6048036631704417,ETTh1,raw,5712,5808,raw:5712:5,mid,high
6,0.30315810656412145,0.10591085249708014,0.5077960008521314,0.25,0.5832740066488793,3.3708033694319557,0.3951338942467695,0.3056216533044443,0.4094693002985496,ETTh1,raw,5712,5808,raw:5712:6,mid,low
0,0.2013935114348805,0.054460610192098684,0.5636219067245439,0.25,0.47698629257097275,3.235137166186527,0.3725228604102164,0.27315867611717437,0.3665030509937297,ETTh1,raw,5760,5856,raw:5760:0,low,low
1,0.2704401874956094,0.1495521112633346,0.7048196961351549,0.25,0.7605468887370447,3.235137166186527,0.3725228604102164,0.3749373316313663,0.46102324971575365,ETTh1,raw,5760,5856,raw:5760:1,mid,mid
2,0.295210925143929,0.04331839398681604,0.38200439592455304,0.25,0.439669574281709,3.235137166186527,0.3725228604102164,0.2401779050184327,0.3540641448973085,ETTh1,raw,5760,5856,raw:5760:2,low,low
3,0.2544706407358448,0.06624503704235124,0.45685791726038716,0.375,0.7637692571309147,3.235137166186527,0.3725228604102164,0.25919119834619436,0.503764039180377,ETTh1,raw,5760,5856,raw:5760:3,low,mid
4,0.2264128639815245,0.40005129308695087,0.5068306315069518,0.625,0.8928544787835893,3.235137166186527,0.3725228604102164,0.3777649295251424,0.6301257797312686,ETTh1,raw,5760,5856,raw:5760:4,high,high
5,0.23530611512219313,0.3164252014126261,0.568590559148974,0.125,0.8410309380183679,3.235137166186527,0.3725228604102164,0.37344062522793103,0.44618459947619477,ETTh1,raw,5760,5856,raw:5760:5,mid,low
6,0.5260739259547034,0.479095412797882,0.30139290455555773,0.25,0.777400210509394,3.235137166186527,0.3725228604102164,0.435520747769381,0.46664102363987014,ETTh1,raw,5760,5856,raw:5760:6,high,mid
0,0.3525525329412158,0.03895009271719458,0.452330507203934,0.25,0.4603399680289986,3.4835044296134874,0.4139174042457189,0.28127771095411475,0.37475245742490576,ETTh1,raw,5784,5880,raw:5784:0,mid,low
1,0.38030827522570876,0.17107246225953848,0.5705888899586247,0.25,0.7893935677664664,3.4835044296134874,0.4139174042457189,0.373989875814624,0.4844369906707284,ETTh1,raw,5784,5880,raw:5784:1,mid,mid
2,0.09978662308697117,0.03279578615340055,0.24732089590198286,0.25,0.4237679239995408,3.4835044296134874,0.4139174042457189,0.12663443504745153,0.3625617760817532,ETTh1,raw,5784,5880,raw:5784:2,low,low
3,0.339319046586955,0.16003965603486292,0.5645706802350462,0.25,0.7993334906707273,3.4835044296134874,0.4139174042457189,0.3546431276189547,0.48775029830548206,ETTh1,raw,5784,5880,raw:5784:3,mid,mid
4,0.2401992966227161,0.39113099743307267,0.31851909944566614,0.5,0.9162082947729905,3.4835044296134874,0.4139174042457189,0.316616464500485,0.6100418996729031,ETTh1,raw,5784,5880,raw:5784:4,mid,high
5,0.6710673461909009,0.15256678956612554,0.11545250160822548,0.5,0.9025614243337468,3.4835044296134874,0.4139174042457189,0.31302887912175065,0.6054929428598218,ETTh1,raw,5784,5880,raw:5784:5,mid,high
6,0.532743092402695,0.5115328015644589,0.32402245830062326,0.375,0.7726490580514441,3.4835044296134874,0.4139174042457189,0.45609945075592573,0.5205221540990542,ETTh1,raw,5784,5880,raw:5784:6,high,mid
0,0.19559502005924945,0.041452902286004435,0.2896544374151547,0.25,0.5417994942345086,3.7203288305897586,0.4533881376759795,0.17556745325346954,0.4150625439701627,ETTh1,raw,5832,5928,raw:5832:0,low,low
1,0.06123754569502671,0.15431125189001638,0.3746799533964418,0.375,0.8324511306959858,3.7203288305897586,0.4533881376759795,0.1967429169938283,0.5536130894573218,ETTh1,raw,5832,5928,raw:5832:1,low,mid
2,0.1913026598276797,0.03130815496629858,0.2556522717481224,0.25,0.4949758225907806,3.7203288305897586,0.4533881376759795,0.1594210288473669,0.39945465342225334,ETTh1,raw,5832,5928,raw:5832:2,low,low
3,0.317985159929536,0.09431042498198208,0.2710451359085454,0.375,0.8061502932188483,3.7203288305897586,0.4533881376759795,0.2277802402733545,0.5448461436316093,ETTh1,raw,5832,5928,raw:5832:3,low,mid
4,0.14916188477489278,0.3303644442443038,0.5157965295285203,0.75,0.9434149150906209,3.7203288305897586,0.4533881376759795,0.33177428618257226,0.7156010175888667,ETTh1,raw,5832,5928,raw:5832:4,mid,high
5,0.2768835665700995,0.21115247155143085,0.4519564558747382,0.625,0.9169954458877757,3.7203288305897586,0.4533881376759795,0.3133308313320895,0.6651278611879183,ETTh1,raw,5832,5928,raw:5832:5,mid,high
6,0.5456845360210844,0.18889711080215135,0.5495389857449218,0.375,0.9316042626947948,3.7203288305897586,0.4533881376759795,0.42804021085605254,0.5866641334569248,ETTh1,raw,5832,5928,raw:5832:6,high,high
0,0.4138090340782613,0.047036835733773735,0.3136821825457343,0.25,0.5240693131643258,3.552348330419821,0.4253913876943179,0.2581760174525898,0.39982023361954794,ETTh1,raw,5856,5952,raw:5856:0,low,low
1,0.23485586654900992,0.07184428957697905,0.6732589251527363,0.375,0.6733198459822599,3.552348330419821,0.4253913876943179,0.32665302709290844,0.4912370778921926,ETTh1,raw,5856,5952,raw:5856:1,mid,mid
2,0.19073558587638162,0.04977849504610187,0.272225729589228,0.25,0.48638567940106653,3.552348330419821,0.4253913876943179,0.17091327017057054,0.38725902236512816,ETTh1,raw,5856,5952,raw:5856:2,low,low
3,0.5446396808361618,0.0925387847363082,0.9171875173318552,0.375,0.6906823055376169,3.552348330419821,0.4253913876943179,0.5181219943014418,0.49702456441064485,ETTh1,raw,5856,5952,raw:5856:3,high,mid
4,0.13843360581112496,0.03820848477823115,0.3393844120556924,0.75,0.8281118391465403,3.552348330419821,0.4253913876943179,0.1720088342150162,0.6678344089469528,ETTh1,raw,5856,5952,raw:5856:4,low,high
5,0.21437664616206253,0.11603962618752064,0.3619735730098208,0.375,0.7987504341460174,3.552348330419821,0.4253913876943179,0.23079661511980132,0.5330472739467784,ETTh1,raw,5856,5952,raw:5856:5,low,mid
6,0.6492564277929282,0.22902043050674176,0.029197195671697897,0.125,0.7771781438035257,3.552348330419821,0.4253913876943179,0.3024913513237893,0.44252317716594786,ETTh1,raw,5856,5952,raw:5856:6,mid,low
0,0.040397485500317964,0.06190482761931085,0.4461081343155113,0.375,0.5550786293475859,3.7526386747322955,0.45877311169076074,0.18280348247838005,0.4629505803461155,ETTh1,raw,5904,6000,raw:5904:0,low,mid
1,0.25536412358161653,0.16519933562980382,0.2673619280738824,0.25,0.7479446003518188,3.7526386747322955,0.45877311169076074,0.22930846242843428,0.4855725706808598,ETTh1,raw,5904,6000,raw:5904:1,low,mid
2,0.1480333236726532,0.03928094387491307,0.40096601762923434,0.25,0.5318986302199223,3.7526386747322955,0.45877311169076074,0.19609342839226687,0.41355724730356097,ETTh1,raw,5904,6000,raw:5904:2,low,low
3,0.34940224639121775,0.19039368598364864,0.39256714631449124,0.375,0.7895950963944315,3.7526386747322955,0.45877311169076074,0.3107876928964526,0.5411227360283973,ETTh1,raw,5904,6000,raw:5904:3,mid,mid
4,0.21758004284277588,0.020093054986252003,0.5297310010524732,0.75,0.9655366089825227,3.7526386747322955,0.45877311169076074,0.2558013662938337,0.7247699068910946,ETTh1,raw,5904,6000,raw:5904:4,low,high
5,0.34427971495621923,0.14043401658291416,0.5787859964165168,0.25,0.8904856192019558,3.7526386747322955,0.45877311169076074,0.3544999093185501,0.5330862436309055,ETTh1,raw,5904,6000,raw:5904:5,mid,mid
6,0.5031703594264464,0.07051321047763703,0.48979112982427825,0.25,0.8468956092931045,3.7526386747322955,0.45877311169076074,0.3544915665761206,0.518556240327955,ETTh1,raw,5904,6000,raw:5904:6,mid,mid
0,0.36777819761890773,0.020657147533247582,0.41682391765393295,0.25,0.47590409253092447,3.7612695358859796,0.4602115885473106,0.2684197542686961,0.39537189369274506,ETTh1,raw,5928,6024,raw:5928:0,low,low
1,0.3950203335584155,0.10214824896497535,0.6336137648451299,0.25,0.7642892420544958,3.7612695358859796,0.4602115885473106,0.3769274491228402,0.49150027686726877,ETTh1,raw,5928,6024,raw:5928:1,high,mid
2,0.05003355836731127,0.02509438551475564,0.39223816637091147,0.25,0.4586553527215768,3.7612695358859796,0.4602115885473106,0.15578870341765946,0.3896223137562958,ETTh1,raw,5928,6024,raw:5928:2,low,low
3,0.2585484720136316,0.10353973248497692,0.4250613191839583,0.25,0.7832552988922331,3.7612695358859796,0.4602115885473106,0.26238317456085564,0.49782229581318127,ETTh1,raw,5928,6024,raw:5928:3,low,mid
4,0.7498119472333344,0.16210366233040946,0.22216935820157635,0.75,0.9518582970739554,3.7612695358859796,0.4602115885473106,0.37802832258844016,0.7206899618737553,ETTh1,raw,5928,6024,raw:5928:4,high,high
5,0.44730586223544466,0.1066636330008938,0.1970716979857156,0.5,0.8379039412168772,3.7612695358859796,0.4602115885473106,0.2503470644073513,0.5993718432547293,ETTh1,raw,5928,6024,raw:5928:5,low,high
6,0.3011319646893673,0.27203270537027385,0.43004242821415156,0.375,0.8143548845506345,3.7612695358859796,0.4602115885473106,0.3344023660912642,0.5498554910326484,ETTh1,raw,5928,6024,raw:5928:6,mid,mid
0,0.17516782908502615,0.02813494296922784,0.43859371580609574,0.25,0.4526924603144661,3.6131314290561334,0.43552190411681907,0.2139654959534499,0.3794047881437617,ETTh1,raw,5952,6048,raw:5952:0,low,low
1,0.3413079944153039,0.09968771351777327,0.9198222579044141,0.375,0.7336530814562705,3.6131314290561334,0.43552190411681907,0.45360598861249707,0.5147249951910299,ETTh1,raw,5952,6048,raw:5952:1,high,mid
2,0.13993753082556482,0.02288406306072053,0.349107764505555,0.25,0.41175055532588056,3.6131314290561334,0.43552190411681907,0.17064311946394675,0.3657574864808999,ETTh1,raw,5952,6048,raw:5952:2,low,low
3,0.24525479119631943,0.1188185050609146,0.7922135397853147,0.375,0.7673823086270157,3.6131314290561334,0.43552190411681907,0.3854289453475162,0.5259680709146116,ETTh1,raw,5952,6048,raw:5952:3,high,mid
4,0.45908695297592683,0.35516274690949745,0.3616608808050116,0.5,0.9553065793439294,3.6131314290561334,0.43552190411681907,0.39197019356347856,0.6302761611535829,ETTh1,raw,5952,6048,raw:5952:4,high,high
5,0.5252189205808981,0.18613537853509904,0.3329625336428526,0.625,0.8954794429386008,3.6131314290561334,0.43552190411681907,0.34810561091961656,0.6520004490184733,ETTh1,raw,5952,6048,raw:5952:5,mid,high
6,0.4195906065289624,0.10100559546542195,0.7221031116947154,0.25,0.741999169496712,3.6131314290561334,0.43552190411681907,0.41423310456303325,0.475840357871177,ETTh1,raw,5952,6048,raw:5952:6,high,mid
0,0.18005132912367905,0.13777338045208598,0.22852219706730417,0.25,0.5779111113215155,3.917031260904281,0.4861718760070937,0.18211563554768972,0.4380276624428698,ETTh1,raw,6000,6096,raw:6000:0,low,low
1,0.2956728597461895,0.14047316869050427,0.37414066428235343,0.375,0.6538670824165672,3.917031260904281,0.4861718760070937,0.27009556423968245,0.5050129861412204,ETTh1,raw,6000,6096,raw:6000:1,low,mid
2,0.125334898225818,0.12592947045222885,0.14007807342980275,0.25,0.5140462128812681,3.917031260904281,0.4861718760070937,0.13044748070261655,0.4167393629627873,ETTh1,raw,6000,6096,raw:6000:2,low,low
3,0.3168165430045492,0.10818807186210046,0.2752896922068685,0.375,0.6770909022422472,3.917031260904281,0.4861718760070937,0.23343143569117272,0.512754259416447,ETTh1,raw,6000,6096,raw:6000:3,low,mid
4,0.35474574270307124,0.15159025970235995,0.48037929376424726,0.625,0.8790161761935126,3.917031260904281,0.4861718760070937,0.32890509872322615,0.6633960174002022,ETTh1,raw,6000,6096,raw:6000:4,mid,high
5,0.360027703746132,0.12558744712797587,0.5144107700782705,0.5,0.9158100942063749,3.917031260904281,0.4861718760070937,0.33334197365079277,0.6339939900711562,ETTh1,raw,6000,6096,raw:6000:5,mid,high
6,0.13626957867770206,0.08192534836634742,0.6422939344387134,0.125,0.6918040837050505,3.917031260904281,0.4861718760070937,0.28682962049425426,0.43432531990404805,ETTh1,raw,6000,6096,raw:6000:6,mid,low
0,0.10348381626477365,0.038822576628204396,0.2331230859031996,0.375,0.5913793834842899,3.911403879343061,0.4852339790817869,0.12514315959872588,0.48387112085535894,ETTh1,raw,6024,6120,raw:6024:0,low,mid
1,0.18518522978203777,0.1820188395027742,0.3183842214770101,0.375,0.6926654297877922,3.911403879343061,0.4852339790817869,0.22852943025394068,0.5176331362898597,ETTh1,raw,6024,6120,raw:6024:1,low,mid
2,0.09100109378720045,0.03757115216842112,0.19531271978835774,0.375,0.5308088661304059,3.911403879343061,0.4852339790817869,0.1079616552479931,0.46368094840406426,ETTh1,raw,6024,6120,raw:6024:2,low,mid
3,0.07151071730438185,0.1494752441420494,0.28208036474403614,0.5,0.7320760595220165,3.911403879343061,0.4852339790817869,0.16768877539682248,0.5724366795346011,ETTh1,raw,6024,6120,raw:6024:3,low,high
4,0.1656244049689629,0.15728323048670723,0.43334246706648727,0.875,0.8701138655899453,3.911403879343061,0.4852339790817869,0.2520833675073858,0.7434492815572441,ETTh1,raw,6024,6120,raw:6024:4,low,high
5,0.49559662543493577,0.18379870717589675,0.0750794574813171,0.625,0.8673169562753961,3.911403879343061,0.4852339790817869,0.2514915966973832,0.6591836451190609,ETTh1,raw,6024,6120,raw:6024:5,low,high
6,0.6068301684526638,0.2339045005294109,0.037754853794755246,0.25,0.766741066780467,3.911403879343061,0.4852339790817869,0.29282984092561,0.5006583486207513,ETTh1,raw,6024,6120,raw:6024:6,mid,mid
0,0.14490884454967023,0.015213958019499263,0.18745461683682146,0.25,0.697252230489844,3.6577399544414755,0.44295665833531817,0.11585913980199698,0.46340296294172073,ETTh1,raw,6072,6168,raw:6072:0,low,mid
1,0.20731130060290237,0.174162476493897,0.28962245972379647,0.375,0.7436856299190637,3.6577399544414755,0.44295665833531817,0.22369874560686528,0.5205474294181273,ETTh1,raw,6072,6168,raw:6072:1,low,mid
2,0.09979802498184165,0.01164108106896814,0.1473914386988001,0.25,0.6582473537770355,3.6577399544414755,0.44295665833531817,0.08627684824986996,0.4504013373707845,ETTh1,raw,6072,6168,raw:6072:2,low,low
3,0.14181369065788874,0.2018982416268167,0.3020420945513779,0.625,0.8475034321551652,3.6577399544414755,0.44295665833531817,0.21525134227869444,0.6384866968301611,ETTh1,raw,6072,6168,raw:6072:3,low,high
4,0.4034196031970886,0.4665207547359521,0.43889204851911434,0.875,0.9119016662143367,3.6577399544414755,0.44295665833531817,0.436277468817385,0.7432861081832183,ETTh1,raw,6072,6168,raw:6072:4,high,high
5,0.26264071451122595,0.29630447116961645,0.5024858741119738,0.375,0.8851173532008331,3.6577399544414755,0.44295665833531817,0.35381035326427207,0.5676913371787171,ETTh1,raw,6072,6168,raw:6072:5,mid,high
6,0.7684327900177368,0.24148949132793793,0.28271764583646725,0.125,0.7423666200750921,3.6577399544414755,0.44295665833531817,0.4308799757273807,0.4367744261368034,ETTh1,raw,6072,6168,raw:6072:6,high,low
0,0.5263352679339428,0.09572794086928532,0.26300036464679094,0.375,0.6146129534107834,3.630344221003345,0.4383907027699063,0.2950211911500063,0.47600121872689655,ETTh1,raw,6096,6192,raw:6096:0,mid,mid
1,0.3452253382545679,0.11683618133183762,0.31526253129528964,0.375,0.7433023958789998,3.630344221003345,0.4383907027699063,0.25910801696056507,0.5188976995496354,ETTh1,raw,6096,6192,raw:6096:1,low,mid
2,0.6498312678135418,0.08833673226092184,0.239691621615694,0.25,0.5818118332364369,3.630344221003345,0.4383907027699063,0.32595320723005256,0.4234008453354477,ETTh1,raw,6096,6192,raw:6096:2,mid,low
3,0.4391428719642385,0.17942307890909304,0.21530171659854308,0.5,0.805448780495329,3.630344221003345,0.4383907027699063,0.2779558891572915,0.5812798277550785,ETTh1,raw,6096,6192,raw:6096:3,low,high
4,0.2512237062088025,0.230075203225218,0.4592614836647546,1.0,0.9183550536227498,3.630344221003345,0.4383907027699063,0.31352013103292503,0.785581918797552,ETTh1,raw,6096,6192,raw:6096:4,mid,high
5,0.08820593602522475,0.14766476096402364,0.4204902181197013,0.625,0.8614803030495994,3.630344221003345,0.4383907027699063,0.21878697170298322,0.6416236686065019,ETTh1,raw,6096,6192,raw:6096:5,low,high
6,0.7906743082666368,0.3852890114599289,0.5441076034209089,0.125,0.6663969332581001,3.630344221003345,0.4383907027699063,0.5733569743824914,0.40992921200933546,ETTh1,raw,6096,6192,raw:6096:6,high,low
0,0.330081118367775,0.19229014846713222,0.36975220741719,0.25,0.6252082681449264,3.841924071553259,0.4736540111361198,0.2973744914173657,0.44962075976034876,ETTh1,raw,6120,6216,raw:6120:0,mid,low
1,0.10941256326771731,0.059680198055749395,0.3785079285047525,0.5,0.8086415046999663,3.841924071553259,0.4736540111361198,0.18253356327607306,0.5940985052786955,ETTh1,raw,6120,6216,raw:6120:1,low,high
2,0.14589897568016608,0.20096237490430385,0.3348491409040987,0.25,0.5845411376868626,3.841924071553259,0.4736540111361198,0.2272368304961895,0.4360650496076608,ETTh1,raw,6120,6216,raw:6120:2,low,low
3,0.1944345530683793,0.07748520728569991,0.2880635371319738,0.5,0.8360569707856703,3.841924071553259,0.4736540111361198,0.18666109916201767,0.60323699397393,ETTh1,raw,6120,6216,raw:6120:3,low,high
4,0.22469038892783977,0.185439895919175,0.5784053745210203,0.875,0.9424999674099704,3.841924071553259,0.4736540111361198,0.32951188645601165,0.7637179928486968,ETTh1,raw,6120,6216,raw:6120:4,mid,high
5,0.18762957720880713,0.13935368791066433,0.5048729517827533,1.0,0.9542704110969846,3.841924071553259,0.4736540111361198,0.27728540563407494,0.8093081407443682,ETTh1,raw,6120,6216,raw:6120:5,low,high
6,0.7805272852537475,0.5326818241611964,0.7696288189180972,0.125,0.8419300834236445,3.841924071553259,0.4736540111361198,0.694279309444347,0.4801946981865881,ETTh1,raw,6120,6216,raw:6120:6,high,mid
0,0.14438629083555843,0.05492301666412033,0.3723530901351333,0.375,0.5852425354615111,4.0387765838676435,0.506462763133836,0.19055413254493736,0.488901766198449,ETTh1,raw,6168,6264,raw:6168:0,low,mid
1,0.14242028195919476,0.11574831369471783,0.62931094462096,0.5,0.7615756382863391,4.0387765838676435,0.506462763133836,0.2958265134249575,0.5893461338067251,ETTh1,raw,6168,6264,raw:6168:1,mid,high
2,0.24225696996319324,0.056126874692205814,0.2831365950852236,0.25,0.5577596895459561,4.0387765838676435,0.506462763133836,0.19384014658020754,0.438074150893264,ETTh1,raw,6168,6264,raw:6168:2,low,low
3,0.15639803765473093,0.11233790669689225,0.6165630403776577,0.5,0.8210127772181346,4.0387765838676435,0.506462763133836,0.295099661576427,0.6091585134506569,ETTh1,raw,6168,6264,raw:6168:3,mid,high
4,0.1652688410087747,0.07925836750869086,0.5099859731328065,1.0,0.8648912166309408,4.0387765838676435,0.506462763133836,0.251504393883424,0.790451326588259,ETTh1,raw,6168,6264,raw:6168:4,low,high
5,0.3203249296882609,0.09024078483624767,0.5164664804750301,0.875,0.8266066771217442,4.0387765838676435,0.506462763133836,0.3090107316665129,0.73602314675186,ETTh1,raw,6168,6264,raw:6168:5,mid,high
6,0.5645740209703545,0.15904376501715634,0.6816974558425076,0.25,0.8332861910858418,4.0387765838676435,0.506462763133836,0.4684384139433395,0.5299163180732259,ETTh1,raw,6168,6264,raw:6168:6,high,mid
0,0.408143277926832,0.05815472612810531,0.3583132643108803,0.375,0.5872619904565258,4.123726344792469,0.5206210565977097,0.27487042278860585,0.4942943490180785,ETTh1,raw,6192,6288,raw:6192:0,low,mid
1,0.5341340017542001,0.056858209437738456,0.49685037599208964,0.625,0.7271718256589883,4.123726344792469,0.5206210565977097,0.3626141957280094,0.6242642940855659,ETTh1,raw,6192,6288,raw:6192:1,mid,high
2,0.3524042145084665,0.07373527351619799,0.28419791275679346,0.25,0.5580896462876523,4.123726344792469,0.5206210565977097,0.23677913359381933,0.442903567628454,ETTh1,raw,6192,6288,raw:6192:2,low,low
3,0.339241684554081,0.07365908373378754,0.5146104870208345,0.625,0.770137343679052,4.123726344792469,0.5206210565977097,0.30917041843623433,0.6385861334255872,ETTh1,raw,6192,6288,raw:6192:3,mid,high
4,0.2939489700578436,0.050652851384629896,0.6153099092492533,1.0,0.856655424119423,4.123726344792469,0.5206210565977097,0.3199705768972423,0.7924254935723777,ETTh1,raw,6192,6288,raw:6192:4,mid,high
5,0.08196744503084696,0.10319824564336921,0.4957914636783988,0.875,0.8577961856034408,4.123726344792469,0.5206210565977097,0.22698571811753832,0.7511390807337168,ETTh1,raw,6192,6288,raw:6192:5,low,high
6,0.6207888527368639,0.6039181784176594,0.597897693680557,0.125,0.8063728234468422,4.123726344792469,0.5206210565977097,0.6075349082783602,0.4839979600148507,ETTh1,raw,6192,6288,raw:6192:6,high,mid
0,0.26862013111911864,0.08256639346067052,0.4261289420236021,0.375,0.6942504102583853,3.816576083461184,0.4694293464611485,0.2591051555344637,0.5128932522398446,ETTh1,raw,6240,6336,raw:6240:0,low,mid
1,0.3533106761529038,0.1701361210388786,0.5015241697546314,0.625,0.8158024243861249,3.816576083461184,0.4694293464611485,0.3416569889821379,0.6367439236157578,ETTh1,raw,6240,6336,raw:6240:1,mid,high
2,0.21449748971849647,0.060458580182295496,0.44235490269555733,0.25,0.6480697705756227,3.816576083461184,0.4694293464611485,0.23910365753211646,0.4558330390122571,ETTh1,raw,6240,6336,raw:6240:2,low,mid
3,0.3582591852267649,0.17316852038977174,0.5253085774170677,0.625,0.853398716124247,3.816576083461184,0.4694293464611485,0.35224542767786815,0.6492760208617985,ETTh1,raw,6240,6336,raw:6240:3,mid,high
4,0.2406717564561397,0.15733546235374107,0.4832723509065907,0.75,0.876107540996601,3.816576083461184,0.4694293464611485,0.29375985657215714,0.6985122958192499,ETTh1,raw,6240,6336,raw:6240:4,mid,high
5,0.4548569037459169,0.23078092136745668,0.4239818162276904,1.0,0.86771230446228,3.816576083461184,0.4694293464611485,0.36987321378035465,0.7790472169744761,ETTh1,raw,6240,6336,raw:6240:5,mid,high
6,0.5710327524272507,0.26069201028533495,0.20964840650657646,0.125,0.6311351089939019,3.816576083461184,0.4694293464611485,0.3471243897397207,0.40852148515168346,ETTh1,raw,6240,6336,raw:6240:6,mid,low
0,0.13736989646389175,0.18983550617264355,0.5134589912373243,0.375,0.7976730345362634,3.420818816288092,0.4034698020422323,0.2802214646246199,0.5253809455261652,ETTh1,raw,6264,6360,raw:6264:0,mid,mid
1,0.05185638372221768,0.14918156547265723,0.5822085331650415,0.5,0.8333847056303157,3.420818816288092,0.4034698020422323,0.2610821607866388,0.5789515025575159,ETTh1,raw,6264,6360,raw:6264:1,low,high
2,0.29160968342941795,0.1642230168041346,0.4537492192557861,0.375,0.759861531779895,3.420818816288092,0.4034698020422323,0.30319397316311286,0.5127771112740425,ETTh1,raw,6264,6360,raw:6264:2,mid,mid
3,0.044623697642805826,0.20507576811262473,0.538399104397214,0.875,0.8518599515762236,3.420818816288092,0.4034698020422323,0.2626995233842148,0.7101099178728187,ETTh1,raw,6264,6360,raw:6264:3,low,high
4,0.022231559231962406,0.16143843160761287,0.5427504711527299,0.875,0.8806440166909544,3.420818816288092,0.4034698020422323,0.24214015399743505,0.7197046062443956,ETTh1,raw,6264,6360,raw:6264:4,low,high
5,0.40000009956347127,0.1893454041339174,0.5449051140663935,1.0,0.9247819408847201,3.420818816288092,0.4034698020422323,0.37808353925459404,0.7760839143089843,ETTh1,raw,6264,6360,raw:6264:5,high,high
6,0.5315641190478412,0.1146574626008228,0.24297726077864,0.25,0.7780185330265469,3.420818816288092,0.4034698020422323,0.29639961414243465,0.4771627783562597,ETTh1,raw,6264,6360,raw:6264:6,mid,mid
0,0.14712175997563015,0.03358699766024256,0.36678427031221156,0.375,0.7022497765245209,3.530925680076822,0.4218209459764354,0.18249767598269476,0.49969024083365204,ETTh1,raw,6288,6384,raw:6288:0,low,mid
1,0.3025185981890639,0.15784662586066933,0.31510928514763226,0.5,0.818227129142111,3.530925680076822,0.4218209459764354,0.2584915030657885,0.5800160250395154,ETTh1,raw,6288,6384,raw:6288:1,low,high
2,0.28880712541869824,0.029321333052166693,0.3077104975631711,0.375,0.6664383573685411,3.530925680076822,0.4218209459764354,0.20861298534467868,0.4877531011149922,ETTh1,raw,6288,6384,raw:6288:2,low,mid
3,0.4595408480038342,0.08824249212252938,0.3222292373193624,1.0,0.8859039991200476,3.530925680076822,0.4218209459764354,0.29000419248190873,0.7692416483654942,ETTh1,raw,6288,6384,raw:6288:3,mid,high
4,0.2687405224914582,0.2078651207911715,0.6552048153288201,1.0,0.8977087645400734,3.530925680076822,0.4218209459764354,0.3772701528704833,0.7731765701721697,ETTh1,raw,6288,6384,raw:6288:4,high,high
5,0.28626657326768745,0.33141115534248344,0.6457113977457835,1.0,0.8766823940172891,3.530925680076822,0.4218209459764354,0.4211297087853181,0.7661677799979082,ETTh1,raw,6288,6384,raw:6288:5,high,high
6,0.6717410775847834,0.2274016910869005,0.57701127062219,0.25,0.539774701632855,3.530925680076822,0.4218209459764354,0.4920513464312914,0.4038652158697635,ETTh1,raw,6288,6384,raw:6288:6,high,low
0,0.18499034136812875,0.06952991571541438,0.4803788210941669,0.375,0.6595275359310767,3.570850947962892,0.42847515727969004,0.24496635939257003,0.4876675644035889,ETTh1,raw,6336,6432,raw:6336:0,low,mid
1,0.5201172131659711,0.12771705568177477,0.3804986801332142,0.25,0.741470242627575,3.570850947962892,0.42847515727969004,0.34277764966032004,0.4733151333024217,ETTh1,raw,6336,6432,raw:6336:1,mid,mid
2,0.07022542779279128,0.07707849003246703,0.3448456156165389,0.5,0.5806955675258513,3.570850947962892,0.42847515727969004,0.1640498444805991,0.5030569082685138,ETTh1,raw,6336,6432,raw:6336:2,low,mid
3,0.5419345172398151,0.13351463275048708,0.24616203172100307,0.5,0.8096438229427695,3.570850947962892,0.42847515727969004,0.3072037272371017,0.5793729934074865,ETTh1,raw,6336,6432,raw:6336:3,mid,high
4,0.1036732783286981,0.14164150091492278,0.5370385762628889,0.75,0.9715731289905278,3.570850947962892,0.42847515727969004,0.26078445183550325,0.7166827620900725,ETTh1,raw,6336,6432,raw:6336:4,low,high
5,0.10948894566999345,0.283139413151122,0.5108905384273699,0.875,0.9679224005884343,3.570850947962892,0.42847515727969004,0.3011729657494951,0.7571325192893746,ETTh1,raw,6336,6432,raw:6336:5,mid,high
6,0.5011958112388222,0.1702309360850618,0.27429895074320787,0.375,0.7426614825321886,3.570850947962892,0.42847515727969004,0.3152418993556973,0.5153788799372928,ETTh1,raw,6336,6432,raw:6336:6,mid,mid
0,0.3915709220877843,0.14451802972280675,0.45913634020238486,0.25,0.5641819242182822,3.2858473043316025,0.38097455008697617,0.33174176400432537,0.3983854914350861,ETTh1,raw,6360,6456,raw:6360:0,mid,low
1,0.46582480789492875,0.12189405447342344,0.27134308029379073,0.25,0.7701562188617634,3.2858473043316025,0.38097455008697617,0.286353980887381,0.46704358964957987,ETTh1,raw,6360,6456,raw:6360:1,mid,mid
2,0.2846933518434819,0.16461381270499004,0.3031776085345672,0.25,0.5556312366483791,3.2858473043316025,0.38097455008697617,0.25082825769434636,0.3955352622451184,ETTh1,raw,6360,6456,raw:6360:2,low,low
3,0.4301686439110437,0.18722372400085985,0.31144378590734123,0.375,0.8042664251722926,3.2858473043316025,0.38097455008697617,0.3096120512730816,0.5200803250864229,ETTh1,raw,6360,6456,raw:6360:3,mid,mid
4,0.2855015375868022,0.24677459261863607,0.35116953339064827,1.0,0.9482368295254957,3.2858473043316025,0.38097455008697617,0.29448188786536217,0.7764037932041573,ETTh1,raw,6360,6456,raw:6360:4,mid,high
5,0.48177327520709257,0.2696784092917569,0.4943379560580631,0.875,0.9419621538447694,3.2858473043316025,0.38097455008697617,0.4152632135189709,0.7326455679772486,ETTh1,raw,6360,6456,raw:6360:5,high,high
6,0.8763901825189541,0.5238434029507516,0.06349877897148595,0.5,0.8425579577705955,3.2858473043316025,0.38097455008697617,0.4879107881470639,0.5745108359525238,ETTh1,raw,6360,6456,raw:6360:6,high,high
0,0.04766250525430071,0.03327362508965515,0.36628246204813175,0.25,0.5555309456731199,3.1242493027851292,0.35404154987411895,0.14907286413069587,0.38652416518241295,ETTh1,raw,6408,6504,raw:6408:0,low,low
1,0.45819582076121756,0.08590279744466033,0.7280648120978018,0.25,0.7809868574674161,3.1242493027851292,0.35404154987411895,0.42405447676789326,0.4616761357805117,ETTh1,raw,6408,6504,raw:6408:1,high,mid
2,0.269431619866319,0.03721813475370043,0.28751439318169647,0.25,0.534238911719938,3.1242493027851292,0.35404154987411895,0.1980547159339053,0.3794268205313523,ETTh1,raw,6408,6504,raw:6408:2,low,low
3,0.2881596318431866,0.09510343360660103,0.7495526436820436,0.25,0.7736536810867068,3.1242493027851292,0.35404154987411895,0.37760523637727705,0.45923174365360864,ETTh1,raw,6408,6504,raw:6408:3,high,mid
4,0.3021401267596049,0.04307637980325535,0.3460515967840114,0.75,0.8709133586560273,3.1242493027851292,0.35404154987411895,0.23042270111562388,0.6583183028433821,ETTh1,raw,6408,6504,raw:6408:4,low,high
5,0.36980206530244475,0.06521589480280401,0.556586919169807,1.0,0.8461358742683028,3.1242493027851292,0.35404154987411895,0.3305349597583519,0.7333924747141406,ETTh1,raw,6408,6504,raw:6408:5,mid,high
6,0.9200523887649903,0.13968348540330097,0.16679534726663597,0.5,0.9323980740460368,3.1242493027851292,0.35404154987411895,0.408843740478309,0.5954798746400519,ETTh1,raw,6408,6504,raw:6408:6,high,high
0,0.4854813842038992,0.16390504016846433,0.16215594425635796,0.25,0.5394935700533289,3.1569363756796296,0.35948939534745594,0.2705141228762405,0.3829943218002616,ETTh1,raw,6432,6528,raw:6432:0,low,low
1,0.24647061087315858,0.2472325269959186,0.6208426362304074,0.375,0.7219983317325191,3.1569363756796296,0.35948939534745594,0.37151525803316154,0.48549590902665835,ETTh1,raw,6432,6528,raw:6432:1,mid,mid
2,0.43427172931214986,0.17670393191273873,0.2077925084668722,0.25,0.500712138026613,3.1569363756796296,0.35948939534745594,0.2729227232305869,0.3700671777913563,ETTh1,raw,6432,6528,raw:6432:2,low,low
3,0.2650137508403406,0.22999883131004195,0.8511529282517154,0.375,0.7389917887460028,3.1569363756796296,0.35948939534745594,0.4487218368006993,0.4911603946978196,ETTh1,raw,6432,6528,raw:6432:3,high,mid
4,0.4051383091986711,0.055998532047994154,0.6035981021009347,0.75,0.8962824888721078,3.1569363756796296,0.35948939534745594,0.3549116477825333,0.668590628073188,ETTh1,raw,6432,6528,raw:6432:4,mid,high
5,0.2751933971762133,0.15947388184306005,0.6209836512581616,0.75,0.8401182188283962,3.1569363756796296,0.35948939534745594,0.35188364342581163,0.6498692047252841,ETTh1,raw,6432,6528,raw:6432:5,mid,high
6,0.47499256020605995,0.0574483203572636,0.06438385724627818,0.125,0.8035746047025035,3.1569363756796296,0.35948939534745594,0.19894157926986722,0.42935466668331984,ETTh1,raw,6432,6528,raw:6432:6,low,low
0,0.45776125532477174,0.03911989750801817,0.4023868310164161,0.375,0.6061913767029175,3.437737512110372,0.4062895846745794,0.29975599461640196,0.4624936537924989,ETTh1,raw,6456,6552,raw:6456:0,mid,mid
1,0.44042158535551834,0.06455702847402706,0.3865591652360235,0.625,0.7797885935608971,3.437737512110372,0.4062895846745794,0.29717925968852293,0.6036927260784922,ETTh1,raw,6456,6552,raw:6456:1,mid,high
2,0.3628849379788416,0.03031954867709795,0.30525955790677256,0.375,0.5617801908101308,3.437737512110372,0.4062895846745794,0.23282134818757072,0.44768992516157,ETTh1,raw,6456,6552,raw:6456:2,low,low
3,0.24084043358824403,0.06585564431356451,0.4740834424293456,0.5,0.8043637150242993,3.437737512110372,0.4062895846745794,0.26025984011038467,0.5702177665662929,ETTh1,raw,6456,6552,raw:6456:3,low,high
4,0.5119172553595485,0.3223156183932574,0.19281720183687076,0.625,0.9203324002265583,3.437737512110372,0.4062895846745794,0.3423500251965588,0.6505406616337125,ETTh1,raw,6456,6552,raw:6456:4,mid,high
5,0.21132675431937709,0.2518702593336364,0.21260440114252835,0.625,0.8219569544635287,3.437737512110372,0.4062895846745794,0.2252671382651806,0.6177488463793693,ETTh1,raw,6456,6552,raw:6456:5,low,high
6,0.8162694899992535,0.30769937473792663,0.06282231248151815,0.25,0.7757520562538255,3.437737512110372,0.4062895846745794,0.39559705907289944,0.4773472136428016,ETTh1,raw,6456,6552,raw:6456:6,high,mid
0,0.8480387603638677,0.08024037634314038,0.032440371025424124,0.25,0.8094811666705386,2.209371688287116,0.20156194771191613,0.32023983591081073,0.42034770479415157,ETTh1,raw,6504,6600,raw:6504:0,mid,low
1,0.999999994997603,0.15789376750317952,0.6189600494704733,0.375,0.8792120511999334,2.209371688287116,0.20156194771191613,0.5922846039904187,0.4852579996372832,ETTh1,raw,6504,6600,raw:6504:1,high,mid
2,0.9740679449826585,0.07193698638870419,0.3048393558807972,0.25,0.7752681035454088,2.209371688287116,0.20156194771191613,0.4502814290840533,0.4089433504191083,ETTh1,raw,6504,6600,raw:6504:2,high,low
3,0.9609342933063371,0.229762559184289,0.5598180710977985,0.375,0.8876852006647253,2.209371688287116,0.20156194771191613,0.5835049745294748,0.48808238279221383,ETTh1,raw,6504,6600,raw:6504:3,high,mid
4,0.7404956750446896,0.6165713522299449,0.4653637377968307,0.375,0.8750734396497929,2.209371688287116,0.20156194771191613,0.6074769216904884,0.48387846245390304,ETTh1,raw,6504,6600,raw:6504:4,high,mid
5,0.9999999923444063,0.3145300959162316,0.3780446383321669,0.75,0.8402075355124268,2.209371688287116,0.20156194771191613,0.5641915755309349,0.5972564944081143,ETTh1,raw,6504,6600,raw:6504:5,high,high
6,0.6516777023427931,0.05297564146534391,0.3924989403525201,0.25,0.5229822564359456,2.209371688287116,0.20156194771191613,0.3657174280535524,0.3248480680492873,ETTh1,raw,6504,6600,raw:6504:6,mid,low
0,0.9789954391845153,0.6932542184458437,0.6456168468209164,0.25,0.6628992067029559,2.0306943424744426,0.1717823901261031,0.7726221681504252,0.36156053227635304,ETTh1,raw,6528,6624,raw:6528:0,high,low
1,0.9999999975793579,0.18132576086073895,0.490774055719958,0.375,0.8197851475748547,2.0306943424744426,0.1717823901261031,0.5573666047200183,0.4555225125669859,ETTh1,raw,6528,6624,raw:6528:1,high,mid
2,0.9555326811057117,0.5758485632577093,0.4999999999042435,0.25,0.5984913287679413,2.0306943424744426,0.1717823901261031,0.6771270814225548,0.3400912396313482,ETTh1,raw,6528,6624,raw:6528:2,high,low
3,0.9999999978894605,0.21673786708229217,0.45340140998524747,0.25,0.8563161904218008,2.0306943424744426,0.1717823901261031,0.5567130916523334,0.42603286018263464,ETTh1,raw,6528,6624,raw:6528:3,high,low
4,0.6570911967076614,0.6216223791298767,0.5698831310312896,0.125,0.8824064339146946,2.0306943424744426,0.1717823901261031,0.6161989022896092,0.3930629413469326,ETTh1,raw,6528,6624,raw:6528:4,high,low
5,0.5929915377939673,0.4559803794921696,0.5082831749610623,0.375,0.8966529947689708,2.0306943424744426,0.1717823901261031,0.5190850307490664,0.4811451282983579,ETTh1,raw,6528,6624,raw:6528:5,high,mid
6,0.9940156189228532,0.234903524998168,0.48467881516175293,0.375,0.8761107743088401,2.0306943424744426,0.1717823901261031,0.5711993196942581,0.4742977214783144,ETTh1,raw,6528,6624,raw:6528:6,high,mid
0,0.4495810680202562,0.0716895440515066,0.3188701972761001,0.25,0.5085765640341355,2.83695684196588,0.3061594731507142,0.28004693644928763,0.3549120123949499,ETTh1,raw,6576,6672,raw:6576:0,mid,low
1,0.5658357617124609,0.12559683757762224,0.6676475976320321,0.25,0.830516650590385,2.83695684196588,0.3061594731507142,0.4530267323073717,0.4622253745803664,ETTh1,raw,6576,6672,raw:6576:1,high,mid
2,0.43672631257240735,0.07258743767586971,0.13854819803788895,0.25,0.4839342264544407,2.83695684196588,0.3061594731507142,0.21595398276205535,0.34669789986838495,ETTh1,raw,6576,6672,raw:6576:2,low,low
3,0.5592576932179012,0.10014098744649497,0.6079407508388883,0.25,0.8346118964467787,2.83695684196588,0.3061594731507142,0.42244647716776146,0.4635904565324977,ETTh1,raw,6576,6672,raw:6576:3,high,mid
4,0.4062840085219903,0.08880535661756814,0.2858823614468824,0.375,0.7574637278918095,2.83695684196588,0.3061594731507142,0.26032390886214696,0.4795410670141746,ETTh1,raw,6576,6672,raw:6576:4,low,mid
5,0.07958420291944768,0.2293916972571886,0.47124251796244165,0.75,0.8311126615546147,2.83695684196588,0.3061594731507142,0.2600728060463593,0.629090711568443,ETTh1,raw,6576,6672,raw:6576:5,low,high
6,0.4802133346227244,0.05978013989989834,0.3976938126156764,0.25,0.7479644118151326,2.83695684196588,0.3061594731507142,0.3125624290460997,0.43470796165528225,ETTh1,raw,6576,6672,raw:6576:6,mid,low
0,0.6235956747976474,0.19689736124976187,0.434304558123859,0.25,0.5631920405939004,2.37728215794975,0.22954702594237994,0.4182658647237561,0.3475796888454268,ETTh1,raw,6600,6696,raw:6600:0,high,low
1,0.6949989835723571,0.1680538523229577,0.298864164379888,0.5,0.8089517834819687,2.37728215794975,0.22954702594237994,0.38730566675840095,0.5128329364747829,ETTh1,raw,6600,6696,raw:6600:1,high,mid
2,0.6198946439601992,0.17566967684936202,0.34036252611268264,0.25,0.5391981014043079,2.37728215794975,0.22954702594237994,0.37864228230741465,0.3395817091155626,ETTh1,raw,6600,6696,raw:6600:2,high,low
3,0.7441192190768324,0.163452065057517,0.3235506569606721,0.5,0.8050018535293044,2.37728215794975,0.22954702594237994,0.4103739803650071,0.5115162931572281,ETTh1,raw,6600,6696,raw:6600:3,high,mid
4,0.33447108035232764,0.09904580135726643,0.4806858614875083,0.75,0.7200136249172592,2.37728215794975,0.22954702594237994,0.30473424773236746,0.566520216953213,ETTh1,raw,6600,6696,raw:6600:4,mid,high
5,0.5979999292549045,0.19286269426241442,0.6119813203767211,0.875,0.8942914579034948,2.37728215794975,0.22954702594237994,0.46761464796468005,0.6662794946152916,ETTh1,raw,6600,6696,raw:6600:5,high,high
6,0.1489093023296576,0.2307807165756259,0.42374842793784495,0.25,0.7083743547877914,2.37728215794975,0.22954702594237994,0.26781281561437614,0.3959737935767238,ETTh1,raw,6600,6696,raw:6600:6,low,low
0,0.4454490616944371,0.11046165633803637,0.4126677559023107,0.375,0.695781151309196,4.15009615908248,0.52501602563872,0.32285949131159475,0.531932392315972,ETTh1,raw,6648,6744,raw:6648:0,mid,mid
1,0.18318873980614003,0.14621674698572404,0.41113075115916786,0.375,0.7682761080437561,4.15009615908248,0.52501602563872,0.246845412650344,0.5560973778941587,ETTh1,raw,6648,6744,raw:6648:1,low,mid
2,0.2595926372974603,0.11309622500161096,0.41458517965578073,0.25,0.7097927126316359,4.15009615908248,0.52501602563872,0.26242468065161734,0.4949362460901186,ETTh1,raw,6648,6744,raw:6648:2,low,mid
3,0.3477550706404292,0.1424210579242484,0.4559922881533506,0.5,0.7806255926989171,4.15009615908248,0.52501602563872,0.3153894722393427,0.601880539445879,ETTh1,raw,6648,6744,raw:6648:3,mid,high
4,0.47545779493090623,0.2815031830179522,0.5605840676711981,0.5,0.9025381366442775,4.15009615908248,0.52501602563872,0.4391816818733522,0.6425180540943325,ETTh1,raw,6648,6744,raw:6648:4,high,high
5,0.7716210581876243,0.3256625505393101,0.5744322980520492,0.625,0.8600401802557971,4.15009615908248,0.52501602563872,0.5572386355929946,0.6700187352981724,ETTh1,raw,6648,6744,raw:6648:5,high,high
6,0.5250490081395831,0.03336803790614892,0.45754960348304163,0.375,0.7803846860213988,4.15009615908248,0.52501602563872,0.3386555498429245,0.5601335705533729,ETTh1,raw,6648,6744,raw:6648:6,mid,high
0,0.6846495898262066,0.1355050293046281,0.4450221177101163,0.25,0.6864445502646583,3.774980551793754,0.46249675786146444,0.42172557894698365,0.4663137693753743,ETTh1,raw,6672,6768,raw:6672:0,high,mid
1,0.41052568450305604,0.08117168063832281,0.3559958496331632,0.25,0.782097389978263,3.774980551793754,0.46249675786146444,0.28256440492484736,0.4981980492799091,ETTh1,raw,6672,6768,raw:6672:1,mid,mid
2,0.6752001217193611,0.10939264260516912,0.3569535595695298,0.125,0.6672660038455912,3.774980551793754,0.46249675786146444,0.38051544129802,0.4182542539023519,ETTh1,raw,6672,6768,raw:6672:2,high,low
3,0.49010791211706106,0.13627353067392578,0.272947480364374,0.5,0.7822248752732511,3.774980551793754,0.46249675786146444,0.2997763077184536,0.5815738777115719,ETTh1,raw,6672,6768,raw:6672:3,mid,high
4,0.5289108004249403,0.29461699227179816,0.4748911807935501,0.75,0.9336026824565126,3.774980551793754,0.46249675786146444,0.4328063244967629,0.7153664801059924,ETTh1,raw,6672,6768,raw:6672:4,high,high
5,0.5893729904060911,0.08555809455714916,0.4541594539051208,0.5,0.8728761365927468,3.774980551793754,0.46249675786146444,0.3763635129561204,0.6117909648180704,ETTh1,raw,6672,6768,raw:6672:5,mid,high
6,0.4677780465186113,0.12991788412647493,0.26346288890731423,0.25,0.8292390844184805,3.774980551793754,0.46249675786146444,0.28705293985080016,0.5139119474266484,ETTh1,raw,6672,6768,raw:6672:6,mid,mid
0,0.38335709108531035,0.10029909346201252,0.40771532746402683,0.25,0.6832704622034774,3.7532220881530645,0.45887034726072684,0.29712383733711656,0.4640469364880681,ETTh1,raw,6696,6792,raw:6696:0,mid,mid
1,0.4341589062688799,0.10227154785615167,0.377803645980389,0.375,0.8338270971429828,3.7532220881530645,0.45887034726072684,0.3047447000351402,0.55589914813457,ETTh1,raw,6696,6792,raw:6696:1,mid,mid
2,0.4965094877732068,0.12397365617971554,0.37337379794348696,0.25,0.6403009426336105,3.7532220881530645,0.45887034726072684,0.3312856472988031,0.4497237632981124,ETTh1,raw,6696,6792,raw:6696:2,mid,low
3,0.3095779918554009,0.1237906631107159,0.34280184431772037,0.5,0.8295116843659892,3.7532220881530645,0.45887034726072684,0.25872349976127906,0.5961273438755721,ETTh1,raw,6696,6792,raw:6696:3,low,high
4,0.2568704260526292,0.41478096844461165,0.4080843327399593,0.375,0.8941488419968125,3.7532220881530645,0.45887034726072684,0.3599119090790667,0.5760063964191798,ETTh1,raw,6696,6792,raw:6696:4,mid,high
5,0.030853387063004,0.2871426179416987,0.3828280243672988,0.375,0.7978813639896734,3.7532220881530645,0.45887034726072684,0.23360800979066718,0.5439172370834667,ETTh1,raw,6696,6792,raw:6696:5,low,mid
6,0.7064091000134964,0.08750547709874773,0.31959854938153653,0.25,0.7088234246419595,3.7532220881530645,0.45887034726072684,0.37117104216459357,0.4725645906342288,ETTh1,raw,6696,6792,raw:6696:6,mid,mid
0,0.14818910618991143,0.054829038224789475,0.34946366679953467,0.375,0.6844161076725654,3.7728278883581354,0.4621379806227926,0.18416060373807852,0.5071846960984526,ETTh1,raw,6744,6840,raw:6744:0,low,mid
1,0.3796077709876682,0.12710343509764588,0.534540352899243,0.5,0.7965671543659169,3.7728278883581354,0.4621379806227926,0.34708385299485234,0.5862350449962365,ETTh1,raw,6744,6840,raw:6744:1,mid,high
2,0.07865719619839584,0.04141758239970626,0.29836187186053076,0.25,0.6391260593360557,3.7728278883581354,0.4621379806227926,0.13947888348621096,0.4504213466529494,ETTh1,raw,6744,6840,raw:6744:2,low,low
3,0.15272415112647486,0.13194580787983334,0.5745495138354935,0.5,0.8276368258008688,3.7728278883581354,0.4621379806227926,0.2864064909472672,0.5965916021412204,ETTh1,raw,6744,6840,raw:6744:3,mid,high
4,0.23161852419238238,0.5081533388624178,0.4930078268627955,0.75,0.9391892113147312,3.7728278883581354,0.4621379806227926,0.4109265633058652,0.7171090639791746,ETTh1,raw,6744,6840,raw:6744:4,high,high
5,0.05909830132299809,0.3855848014951035,0.464573209951794,0.25,0.8292694451837581,3.7728278883581354,0.4621379806227926,0.3030854375899652,0.5138024752688503,ETTh1,raw,6744,6840,raw:6744:5,mid,mid
6,0.0515066194010686,0.022583181289449788,0.10722823212311568,0.125,0.5996263268011116,3.7728278883581354,0.4621379806227926,0.06043934427121136,0.3955881024746348,ETTh1,raw,6744,6840,raw:6744:6,low,low
0,0.32232947329871287,0.06006798526130659,0.42830232109990485,0.375,0.6120948964632991,3.5761954500945863,0.42936590763348786,0.27023325988664143,0.47215360136559564,ETTh1,raw,6768,6864,raw:6768:0,low,mid
1,0.2754929242961258,0.1415230570572211,0.5638296367088933,0.375,0.8558997137401351,3.5761954500945863,0.42936590763348786,0.3269485393540801,0.5534218737912077,ETTh1,raw,6768,6864,raw:6768:1,mid,mid
2,0.30579468648919084,0.061197659101089236,0.38629274002687175,0.375,0.6005502723732054,3.5761954500945863,0.42936590763348786,0.2510950285390506,0.46830539333556437,ETTh1,raw,6768,6864,raw:6768:2,low,mid
3,0.25796729276246577,0.162155972639057,0.5130105145425146,0.375,0.855229819540567,3.5761954500945863,0.42936590763348786,0.3110445933146791,0.553198575724685,ETTh1,raw,6768,6864,raw:6768:3,mid,mid
4,0.38579768759646904,0.36145844035281977,0.20496616023363692,0.875,0.9178152620648469,3.5761954500945863,0.42936590763348786,0.3174074293943086,0.7407270565661115,ETTh1,raw,6768,6864,raw:6768:4,mid,high
5,0.6521899091863029,0.12560957007642945,0.09041720916788368,0.375,0.7928181688622316,3.5761954500945863,0.42936590763348786,0.28940556281020535,0.5323946921652398,ETTh1,raw,6768,6864,raw:6768:5,mid,mid
6,0.8778974015473189,0.17828536184642724,0.25428416827782807,0.25,0.8523329733063394,3.5761954500945863,0.42936590763348786,0.4368223105571914,0.5105662936466091,ETTh1,raw,6768,6864,raw:6768:6,high,mid
0,0.2542356803978011,0.05512614910864559,0.48980534999995257,0.25,0.4412882533639835,2.914736156006376,0.31912269213585814,0.2663890598354664,0.3368036484999472,ETTh1,raw,6816,6912,raw:6816:0,low,low
1,0.4693800003375116,0.1304627689769991,0.46376844966418845,0.25,0.7292057939266275,2.914736156006376,0.31912269213585814,0.35453707299289977,0.4327761620208286,ETTh1,raw,6816,6912,raw:6816:1,mid,low
2,0.2806765514842927,0.04954800333274394,0.496526434253272,0.25,0.41916892811467815,2.914736156006376,0.31912269213585814,0.27558366302343623,0.3294305400835121,ETTh1,raw,6816,6912,raw:6816:2,low,low
3,0.3478457182674318,0.13679965208744674,0.5222778394920612,0.25,0.7489593102449884,2.914736156006376,0.31912269213585814,0.33564106994897996,0.4393606674602822,ETTh1,raw,6816,6912,raw:6816:3,mid,low
4,0.3090363153107921,0.0497212815812743,0.4597959565895694,0.375,0.7995778356521849,2.914736156006376,0.31912269213585814,0.27285118449387863,0.4979001759293477,ETTh1,raw,6816,6912,raw:6816:4,low,mid
5,0.052237413311578496,0.06456747644966537,0.48751764928873564,0.625,0.8756821304520428,2.914736156006376,0.31912269213585814,0.20144084634999318,0.6066016075293003,ETTh1,raw,6816,6912,raw:6816:5,low,high
6,0.7981653654313356,0.08179114993225878,0.874063409176787,0.125,0.7123600449540439,2.914736156006376,0.31912269213585814,0.5846733081801272,0.385494245696634,ETTh1,raw,6816,6912,raw:6816:6,high,low
0,0.21887343751038857,0.015005065652884566,0.28916160863892076,0.25,0.3646111446935872,2.7594732479840927,0.29324554084193954,0.17434670393406462,0.3026188951785089,ETTh1,raw,6840,6936,raw:6840:0,low,low
1,0.2783224614609101,0.032916518263957764,0.7223704045747925,0.25,0.5957224784977307,2.7594732479840927,0.29324554084193954,0.3445364614332201,0.3796560064465568,ETTh1,raw,6840,6936,raw:6840:1,mid,low
2,0.043976053644355195,0.010853917521045146,0.18771157330179628,0.25,0.3457240833155772,2.7594732479840927,0.29324554084193954,0.08084718148906554,0.2963232080525056,ETTh1,raw,6840,6936,raw:6840:2,low,low
3,0.09237856687298096,0.05742363583363784,0.7887018710145787,0.25,0.6074333480575475,2.7594732479840927,0.29324554084193954,0.31283469124039914,0.3835596296331623,ETTh1,raw,6840,6936,raw:6840:3,mid,low
4,0.3763571320924102,0.5023883479516655,0.5860106121072072,1.0,0.857274690324212,2.7594732479840927,0.29324554084193954,0.48825203071709433,0.7168400770553838,ETTh1,raw,6840,6936,raw:6840:4,high,high
5,0.32623512714452896,0.3058103853392763,0.42974930788443944,0.625,0.8810077506886883,2.7594732479840927,0.29324554084193954,0.35393160678941493,0.5997510971768759,ETTh1,raw,6840,6936,raw:6840:5,mid,high
6,0.5925608974607297,0.048288829552046275,0.6179995819888018,0.375,0.6989941328024304,2.7594732479840927,0.29324554084193954,0.41961643633385926,0.45574655788145657,ETTh1,raw,6840,6936,raw:6840:6,high,mid
0,0.07218068090772867,0.011321050543612893,0.4044527762421626,0.25,0.3739071516358942,2.986555305243473,0.33109255032209123,0.16265150256450137,0.31833323398599517,ETTh1,raw,6864,6960,raw:6864:0,low,low
1,0.3550150632784578,0.04102726806921689,0.5987823025747887,0.25,0.6312346378409863,2.986555305243473,0.33109255032209123,0.3316082113074878,0.4041090627210258,ETTh1,raw,6864,6960,raw:6864:1,mid,low
2,0.12595389278317304,0.012622942240372036,0.4009037228213184,0.25,0.3549886459483974,2.986555305243473,0.33109255032209123,0.17982685261495449,0.31202706542349623,ETTh1,raw,6864,6960,raw:6864:2,low,low
3,0.0935685302584901,0.05109352300595536,0.5875331540484938,0.25,0.6447656951548351,2.986555305243473,0.33109255032209123,0.2440650691043131,0.40861941515897543,ETTh1,raw,6864,6960,raw:6864:3,low,low
4,0.22758701554797067,0.5347285642088326,0.5198416484233696,1.0,0.9353602494323411,2.986555305243473,0.33109255032209123,0.42738574272672425,0.7554842665848108,ETTh1,raw,6864,6960,raw:6864:4,high,high
5,0.577554530139458,0.20641770197129022,0.37935378408490883,0.625,0.834797217863396,2.986555305243473,0.33109255032209123,0.3877753387318857,0.5969632560618291,ETTh1,raw,6864,6960,raw:6864:5,high,high
6,0.5997069837527718,0.11666548528657363,0.13251784717833434,0.25,0.7630697070155846,2.986555305243473,0.33109255032209123,0.2829634387392266,0.44805408577922523,ETTh1,raw,6864,6960,raw:6864:6,mid,low
0,0.14478660927058729,0.013651512571913748,0.4588983436140935,0.25,0.3723544459289992,3.6192687692587717,0.4365447941488873,0.20577882181886484,0.3529664133592955,ETTh1,raw,6912,7008,raw:6912:0,low,low
1,0.5038986093281642,0.370831030650159,0.4701317563744845,0.75,0.7579812286322192,3.6192687692587717,0.4365447941488873,0.44828713211760257,0.6481753409270355,ETTh1,raw,6912,7008,raw:6912:1,high,high
2,0.018568191008067725,0.013612530928072502,0.45998452394498274,0.25,0.35417932364309523,3.6192687692587717,0.4365447941488873,0.16405508196037433,0.3469080392639942,ETTh1,raw,6912,7008,raw:6912:2,low,low
3,0.4440079526010845,0.4201198338401071,0.5492605342801645,0.625,0.7982307493542524,3.6192687692587717,0.4365447941488873,0.471129440240452,0.6199251811677132,ETTh1,raw,6912,7008,raw:6912:3,high,high
4,0.30743613930548375,0.44105061509264,0.4319066814352262,1.0,0.9703250643773709,3.6192687692587717,0.4365447941488873,0.3934644786111166,0.802289952842086,ETTh1,raw,6912,7008,raw:6912:4,high,high
5,0.4395557318905029,0.07358303587322335,0.31929171064344425,0.375,0.7794580257642766,3.6192687692587717,0.4365447941488873,0.2774768261357235,0.530334273304388,ETTh1,raw,6912,7008,raw:6912:5,low,mid
6,0.5505372229387935,0.08631706850794958,0.22969952432618385,0.125,0.7287198945438426,3.6192687692587717,0.4365447941488873,0.288851271924309,0.43008822956424325,ETTh1,raw,6912,7008,raw:6912:6,mid,low
0,0.11682377155496115,0.037584312158562005,0.06353352672393342,0.25,0.4296009155970337,3.7904565385733724,0.4650760889871019,0.0726472034791522,0.3815590015280452,ETTh1,raw,6936,7032,raw:6936:0,low,low
1,0.5905388976917803,0.26636851140496476,0.5559285934576365,0.75,0.7975773963286857,3.7904565385733724,0.4650760889871019,0.47094533418479384,0.6708844951052626,ETTh1,raw,6936,7032,raw:6936:1,high,high
2,0.023521715930479137,0.03343916193618463,0.037988464847829174,0.25,0.39917062289742783,3.7904565385733724,0.4650760889871019,0.03164978090483098,0.3714155706281766,ETTh1,raw,6936,7032,raw:6936:2,low,low
3,0.5236139139394945,0.3551650222516003,0.5372619291096162,1.0,0.7985222611996655,3.7904565385733724,0.4650760889871019,0.4720136217669037,0.7545327833955892,ETTh1,raw,6936,7032,raw:6936:3,high,high
4,0.22742058791757302,0.06991512209459053,0.4540056356591013,0.5,0.7835966563561771,3.7904565385733724,0.4650760889871019,0.2504471152237549,0.5828909151144264,ETTh1,raw,6936,7032,raw:6936:4,low,high
5,0.26132398062510354,0.12871402531712928,0.5853696856342212,0.375,0.7637746386020595,3.7904565385733724,0.4650760889871019,0.32513589719215136,0.5346169091963872,ETTh1,raw,6936,7032,raw:6936:5,mid,mid
6,0.52176922170169,0.3223829766701683,0.3301075082771704,0.25,0.7354536258196612,3.7904565385733724,0.4650760889871019,0.39141990221634293,0.4835099049355877,ETTh1,raw,6936,7032,raw:6936:6,high,mid
0,0.16656414181814871,0.03588793398188514,0.2345991825536953,0.25,0.46287039752178427,3.645515158819679,0.4409191924017478,0.14568375278457638,0.38459652997451066,ETTh1,raw,6984,7080,raw:6984:0,low,low
1,0.5161290219629449,0.14771168448320787,0.43071078141232017,0.25,0.733060126324565,3.645515158819679,0.4409191924017478,0.36485049595282426,0.4746597729087709,ETTh1,raw,6984,7080,raw:6984:1,mid,mid
2,0.07249714838699406,0.0318486920107698,0.13210716124393215,0.25,0.43260638735171925,3.645515158819679,0.4409191924017478,0.07881766721389867,0.37450852658448897,ETTh1,raw,6984,7080,raw:6984:2,low,low
3,0.3297310691516112,0.0742675897923844,0.4011486198001411,0.25,0.7189734680970272,3.645515158819679,0.4409191924017478,0.2683824262480456,0.46996422016625833,ETTh1,raw,6984,7080,raw:6984:3,low,mid
4,0.12848206193850753,0.06842023786186753,0.4728942270061523,0.875,0.7766113199818784,3.645515158819679,0.4409191924017478,0.22326550893550912,0.697510170794542,ETTh1,raw,6984,7080,raw:6984:4,low,high
5,0.3003985312886034,0.2297808639376206,0.4734282603974851,0.5,0.7673394828095902,3.645515158819679,0.4409191924017478,0.334535885207903,0.5694195584037794,ETTh1,raw,6984,7080,raw:6984:5,mid,high
6,0.6255882363774807,0.32687255184050135,0.30323168645051485,0.125,0.6545598572669481,3.645515158819679,0.4409191924017478,0.4185641582228323,0.4068263498895653,ETTh1,raw,6984,7080,raw:6984:6,high,low
0,0.050676516373612035,0.06371074686472698,0.4355661750665773,0.25,0.5130052114905814,4.032499964218519,0.5054166598607254,0.18331781276830542,0.4228072904504356,ETTh1,raw,7008,7104,raw:7008:0,low,low
1,0.196149469815596,0.10440212687156072,0.283274532436837,0.25,0.7684126641567534,4.032499964218519,0.5054166598607254,0.1946087097079979,0.5079431080058262,ETTh1,raw,7008,7104,raw:7008:1,low,mid
2,0.06768449323404147,0.05854670218390185,0.3775750794886125,0.25,0.5046689883248656,4.032499964218519,0.5054166598607254,0.16793542496885194,0.420028549395197,ETTh1,raw,7008,7104,raw:7008:2,low,low
3,0.2445639509089952,0.1379972702853349,0.21076112485833912,0.375,0.8354431753987557,4.032499964218519,0.5054166598607254,0.19777411535088973,0.571953278419827,ETTh1,raw,7008,7104,raw:7008:3,low,high
4,0.27832933396170767,0.4981919828852379,0.5047048613473888,1.0,0.9093687516409152,4.032499964218519,0.5054166598607254,0.4270753927314448,0.8049284705005468,ETTh1,raw,7008,7104,raw:7008:4,high,high
5,0.37612715317217127,0.1967242217061487,0.5211639601105669,0.75,0.8731371872130393,4.032499964218519,0.5054166598607254,0.36467177832962894,0.7095179490245882,ETTh1,raw,7008,7104,raw:7008:5,mid,high
6,0.6212206593627199,0.09747494253359303,0.684270303399023,0.25,0.737319138081057,4.032499964218519,0.5054166598607254,0.46765530176511194,0.49757859931392745,ETTh1,raw,7008,7104,raw:7008:6,high,mid
0,0.13315786713074673,0.05489301389129432,0.3295982836703446,0.25,0.4605330330892513,4.0572429424460505,0.509540489558441,0.17254972156412854,0.40669117421589746,ETTh1,raw,7032,7128,raw:7032:0,low,low
1,0.2894938321803665,0.27807469303956234,0.5577979732218488,0.375,0.8198117859961269,4.0572429424460505,0.509540489558441,0.37512216614725924,0.568117425184856,ETTh1,raw,7032,7128,raw:7032:1,mid,high
2,0.0714375049266458,0.048214279493785046,0.28934895783923803,0.25,0.44911949513660615,4.0572429424460505,0.509540489558441,0.13633358075322297,0.40288666156501574,ETTh1,raw,7032,7128,raw:7032:2,low,low
3,0.25163046130039557,0.344201375753732,0.616426709323138,0.25,0.8549834770185708,4.0572429424460505,0.509540489558441,0.40408618212575514,0.5381746555256706,ETTh1,raw,7032,7128,raw:7032:3,high,mid
4,0.23475545620669713,0.5273240297287336,0.5409241971387825,1.0,0.961180193018767,4.0572429424460505,0.509540489558441,0.4343345610247377,0.8235735608590694,ETTh1,raw,7032,7128,raw:7032:4,high,high
5,0.12202828209215544,0.254239317683182,0.5466374020453745,0.75,0.9246166283628755,4.0572429424460505,0.509540489558441,0.30763500060690396,0.7280523726404388,ETTh1,raw,7032,7128,raw:7032:5,mid,high
6,0.6101113548083683,0.39643756549154097,0.39706978568099105,0.25,0.8393340423645362,4.0572429424460505,0.509540489558441,0.4678729019936334,0.5329581773076592,ETTh1,raw,7032,7128,raw:7032:6,high,mid
0,0.23173415309721568,0.10844403742637096,0.20212879142978912,0.25,0.46553761360699425,3.865022075693798,0.4775036784864602,0.1807689939844586,0.3976804306978181,ETTh1,raw,7080,7176,raw:7080:0,low,low
1,0.47351733638593374,0.10697187324857552,0.5172205514304733,0.75,0.8698352562756643,3.865022075693798,0.4775036784864602,0.36590325368832755,0.6991129782540416,ETTh1,raw,7080,7176,raw:7080:1,mid,high
2,0.37811590315179633,0.09728125789199427,0.17489371857558492,0.25,0.461331198251785,3.865022075693798,0.4775036784864602,0.21676362653979184,0.3962782922460817,ETTh1,raw,7080,7176,raw:7080:2,low,low
3,0.2415942493598473,0.2192818268218314,0.2797340440531919,0.875,0.9222486690960924,3.865022075693798,0.4775036784864602,0.2468700400782902,0.7582507825275177,ETTh1,raw,7080,7176,raw:7080:3,low,high
4,0.13307161316394323,0.13586724716443238,0.5021953108337724,1.0,0.933126463088616,3.865022075693798,0.4775036784864602,0.257044723720716,0.8035433805250255,ETTh1,raw,7080,7176,raw:7080:4,low,high
5,0.3160967783770926,0.3142874942238006,0.4725947273284247,0.75,0.91637550979028,3.865022075693798,0.4775036784864602,0.367659666643106,0.7146263960922469,ETTh1,raw,7080,7176,raw:7080:5,mid,high
6,0.2599663509853706,0.3637600091792574,0.5199389480326949,0.375,0.826798938211937,3.865022075693798,0.4775036784864602,0.38122176939910757,0.5597675388994657,ETTh1,raw,7080,7176,raw:7080:6,high,high
0,0.5322144144134853,0.10418205325211032,0.1183508392098272,0.25,0.496472282004944,3.683958983692596,0.44732649653655515,0.2515824356251409,0.39793292618049975,ETTh1,raw,7104,7200,raw:7104:0,low,low
1,0.48204735838329005,0.402877471546635,0.5214459949508021,0.5,0.9184596145857732,3.683958983692596,0.44732649653655515,0.4687902749602424,0.6219287037074428,ETTh1,raw,7104,7200,raw:7104:1,high,high
2,0.34075906543265133,0.07456941997261003,0.0922195074439483,0.25,0.48651286864560045,3.683958983692596,0.44732649653655515,0.1691826642830699,0.39461312172738516,ETTh1,raw,7104,7200,raw:7104:2,low,low
3,0.1806865890965038,0.20564484293268348,0.7238520537330202,0.75,0.9087694534625949,3.683958983692596,0.44732649653655515,0.37006116192073585,0.7020319833330501,ETTh1,raw,7104,7200,raw:7104:3,mid,high
4,0.1349937661714472,0.26310875324803096,0.42700864520714754,1.0,0.9137656993882759,3.683958983692596,0.44732649653655515,0.2750370548755419,0.7870307319749438,ETTh1,raw,7104,7200,raw:7104:4,low,high
5,0.27089428911867997,0.3755437993715566,0.4452723866229732,0.875,0.9208937934162083,3.683958983692596,0.44732649653655515,0.3639034917044032,0.7477400966509212,ETTh1,raw,7104,7200,raw:7104:5,mid,high
6,0.5840490812750612,0.3521919326219972,0.7900673489218215,0.25,0.7785270926883529,3.683958983692596,0.44732649653655515,0.5754361209396266,0.4919511964083027,ETTh1,raw,7104,7200,raw:7104:6,high,mid
0,0.3787456424087404,0.10487509818006771,0.4865648725118187,0.25,0.5166300117449605,3.8395124197065362,0.4732520691623359,0.3233952043668756,0.4132940269690988,ETTh1,raw,7152,7248,raw:7152:0,mid,low
1,0.3650623737894523,0.17042344207684404,0.5477676620537077,0.25,0.8844191804044372,3.8395124197065362,0.4732520691623359,0.36108449264000136,0.5358904165222577,ETTh1,raw,7152,7248,raw:7152:1,mid,mid
2,0.22405430026670947,0.08292221134190236,0.25781361856283685,0.25,0.4950172432949941,3.8395124197065362,0.4732520691623359,0.1882633767238162,0.40608977081911,ETTh1,raw,7152,7248,raw:7152:2,low,low
3,0.34655397128054,0.19562830676209092,0.6241655710750809,0.75,0.8588956302862337,3.8395124197065362,0.4732520691623359,0.38878261637257056,0.6940492331495233,ETTh1,raw,7152,7248,raw:7152:3,high,high
4,0.4918407645465823,0.2442219289594233,0.5813381833246064,0.875,0.8655651980047468,3.8395124197065362,0.4732520691623359,0.439133625610204,0.7379390890556943,ETTh1,raw,7152,7248,raw:7152:4,high,high
5,0.0860468747557781,0.25232991833857843,0.5568394820610892,1.0,0.9048236797095852,3.8395124197065362,0.4732520691623359,0.2984054250518153,0.7926919162906404,ETTh1,raw,7152,7248,raw:7152:5,mid,high
6,0.4965982650581192,0.44208142872309875,0.15700191924972512,0.125,0.7979807909525735,3.8395124197065362,0.4732520691623359,0.3652272043436477,0.46541095337163646,ETTh1,raw,7152,7248,raw:7152:6,mid,mid
0,0.27358169101936336,0.09197086408286681,0.3283592401212991,0.25,0.4799322287797423,3.2156443659808067,0.36927406038134436,0.2313039317411764,0.3664020963870289,ETTh1,raw,7176,7272,raw:7176:0,low,low
1,0.6822140786449111,0.0834593534923625,0.663608482373513,0.125,0.8694393918862725,3.2156443659808067,0.36927406038134436,0.4764273048369289,0.4545711507558723,ETTh1,raw,7176,7272,raw:7176:1,high,mid
2,0.31584877970378034,0.07628736505525296,0.31342801097565265,0.25,0.472903939284934,3.2156443659808067,0.36927406038134436,0.23518805191156197,0.3640593332220928,ETTh1,raw,7176,7272,raw:7176:2,low,low
3,0.5914611603471512,0.14056678907575415,0.16838324613279737,0.125,0.8664523987874369,3.2156443659808067,0.36927406038134436,0.30013706518523425,0.4535754863895938,ETTh1,raw,7176,7272,raw:7176:3,mid,low
4,0.2510564505494799,0.12081542784422014,0.5176272798791757,0.875,0.9392192983027926,3.2156443659808067,0.36927406038134436,0.29649971942429193,0.727831119561379,ETTh1,raw,7176,7272,raw:7176:4,mid,high
5,0.23310512461400135,0.28818087779899976,0.525182955553144,1.0,0.9415986825789525,3.2156443659808067,0.36927406038134436,0.34882298598871503,0.7702909143200989,ETTh1,raw,7176,7272,raw:7176:5,mid,high
6,0.6944273304940362,0.09286840690862923,0.40831631469219076,0.25,0.8185932452506482,3.2156443659808067,0.36927406038134436,0.3985373506982854,0.4792891018773308,ETTh1,raw,7176,7272,raw:7176:6,high,mid
0,0.18901869247002812,0.11079326270825234,0.5625195789740048,0.25,0.4540626764790104,3.476694909418774,0.4127824842151582,0.2874438447174284,0.3722817202313895,ETTh1,raw,7224,7320,raw:7224:0,mid,low
1,0.5056306698153221,0.27412009144358074,0.68392436531737,0.125,0.7810752429229239,3.476694909418774,0.4127824842151582,0.4878917088587576,0.43961924237936073,ETTh1,raw,7224,7320,raw:7224:1,high,low
2,0.17027631323457637,0.11397417922110598,0.46111861928355286,0.25,0.43624825123767436,3.476694909418774,0.4127824842151582,0.24845637057974504,0.3663435784842775,ETTh1,raw,7224,7320,raw:7224:2,low,low
3,0.475659636837825,0.20733594081838097,0.5981427483573413,0.25,0.7496856554588913,3.476694909418774,0.4127824842151582,0.42704610867118237,0.47082271322468316,ETTh1,raw,7224,7320,raw:7224:3,high,mid
4,0.443526162680388,0.1275886133838096,0.34227331756900725,0.625,0.8874411652097246,3.476694909418774,0.4127824842151582,0.304462697877735,0.6417412164749609,ETTh1,raw,7224,7320,raw:7224:4,mid,high
5,0.4349232173508617,0.26629740550180303,0.351258130083918,0.375,0.7727614064687423,3.476694909418774,0.4127824842151582,0.3508262509788609,0.5201812968946334,ETTh1,raw,7224,7320,raw:7224:5,mid,mid
6,0.44340224319664734,0.1816143089613915,0.5638061853101943,0.25,0.80720078215352,3.476694909418774,0.4127824842151582,0.3962742458227444,0.48999442212289274,ETTh1,raw,7224,7320,raw:7224:6,high,mid
0,0.7975543916449462,0.22874669727786748,0.16212903313160323,0.25,0.5487333875465715,2.9716401715699217,0.3286066947139758,0.396143374018139,0.3757800274201824,ETTh1,raw,7248,7344,raw:7248:0,high,low
1,0.8567712588903554,0.19946689176235832,0.5869522624315087,0.375,0.7465853980862434,2.9716401715699217,0.3286066947139758,0.5477301376947409,0.48339736426673974,ETTh1,raw,7248,7344,raw:7248:1,high,mid
2,0.804574405785331,0.22154492953684268,0.3718834772937422,0.25,0.5299259663694503,2.9716401715699217,0.3286066947139758,0.46600093753863864,0.3695108870278087,ETTh1,raw,7248,7344,raw:7248:2,high,low
3,0.9131821662545948,0.2864547120316552,0.25533251972855087,0.75,0.869058771210165,2.9716401715699217,0.3286066947139758,0.48498979933826697,0.6492218219747136,ETTh1,raw,7248,7344,raw:7248:3,high,high
4,0.1964687392133203,0.2034215881875438,0.5030248822226493,0.625,0.8555410185319559,2.9716401715699217,0.3286066947139758,0.3009717365411711,0.6030492377486439,ETTh1,raw,7248,7344,raw:7248:4,mid,high
5,0.15517232119103008,0.2530960535953938,0.5673697569175831,0.5,0.7651600988200322,2.9716401715699217,0.3286066947139758,0.32521271056800233,0.5312555978446694,ETTh1,raw,7248,7344,raw:7248:5,mid,mid
6,0.6890829129247724,0.28586388429291854,0.22941299897019116,0.125,0.6286664860393647,2.9716401715699217,0.3286066947139758,0.40145326539596066,0.3607577269177802,ETTh1,raw,7248,7344,raw:7248:6,high,low
0,0.8505346839418096,0.10026700169583906,0.46599454478795205,0.25,0.6548317502792055,2.792705597694077,0.2987842657843724,0.4722654101418669,0.4012053386878593,ETTh1,raw,7272,7368,raw:7272:0,high,low
1,0.8474434673478175,0.38579744442045755,0.37688554967021,0.125,0.7160169290610054,2.792705597694077,0.2987842657843724,0.536708820479495,0.37993373161512595,ETTh1,raw,7272,7368,raw:7272:1,high,low
2,0.8103288892082693,0.08389754128027202,0.4584053519219957,0.25,0.6261475673663233,2.792705597694077,0.2987842657843724,0.4508772608035123,0.39164394438356526,ETTh1,raw,7272,7368,raw:7272:2,high,low
3,0.8560314680229342,0.36917727213939644,0.20607910264477466,0.125,0.7932402312706393,2.792705597694077,0.2987842657843724,0.4770959476023684,0.40567483235167057,ETTh1,raw,7272,7368,raw:7272:3,high,low
4,0.2424513365490183,0.4272362138391738,0.492929479217991,0.5,0.8698959627217782,2.792705597694077,0.2987842657843724,0.3875390098687277,0.5562267428353835,ETTh1,raw,7272,7368,raw:7272:4,high,mid
5,0.6363576132627415,0.23547060231429828,0.5104751007936178,0.5,0.7561449797726276,2.792705597694077,0.2987842657843724,0.4607677721235525,0.518309748519,ETTh1,raw,7272,7368,raw:7272:5,high,mid
6,0.9072141794459879,0.22466361602119517,0.17160436228302536,0.125,0.8190628542397369,2.792705597694077,0.2987842657843724,0.43449405258340285,0.4142823733413698,ETTh1,raw,7272,7368,raw:7272:6,high,low
0,0.6917545607460374,0.03635432125938114,0.5194479221723293,0.375,0.6577322785822147,2.2949844703541773,0.21583074469931166,0.4158522680592493,0.4161876744271755,ETTh1,raw,7320,7416,raw:7320:0,high,low
1,0.7745204533911795,0.12766992188702492,0.5362343742009175,0.25,0.9139799201550689,2.2949844703541773,0.21583074469931166,0.4794749164930406,0.45993688828479357,ETTh1,raw,7320,7416,raw:7320:1,high,mid
2,0.7117882793480774,0.026939164641859043,0.3777932545100049,0.375,0.6241400112814514,2.2949844703541773,0.21583074469931166,0.37217356616664715,0.4049902519935877,ETTh1,raw,7320,7416,raw:7320:2,mid,low
3,0.8061798242443861,0.11201852202294432,0.48320034787821015,0.375,0.903252372806452,2.2949844703541773,0.21583074469931166,0.4671328980485135,0.49802770583525463,ETTh1,raw,7320,7416,raw:7320:3,high,mid
4,0.12993207725116307,0.14227952128379145,0.506963979573488,0.5,0.7454713506044417,2.2949844703541773,0.21583074469931166,0.2597251927028142,0.4871006984345845,ETTh1,raw,7320,7416,raw:7320:4,low,mid
5,0.4158197244477746,0.22662830253596117,0.4466303229398572,0.875,0.8301702718097183,2.2949844703541773,0.21583074469931166,0.36302611664119766,0.6403336721696766,ETTh1,raw,7320,7416,raw:7320:5,mid,high
6,0.8242434048361492,0.17964293331160186,0.6746533292345129,0.625,0.9677975209169364,2.2949844703541773,0.21583074469931166,0.5595132224607547,0.6028760885387493,ETTh1,raw,7320,7416,raw:7320:6,high,high
0,0.49081302412190786,0.05690749473366221,0.28484956692391067,0.25,0.5857850123977747,2.533003922637042,0.25550065334700595,0.2775233619264936,0.3637618885815936,ETTh1,raw,7344,7440,raw:7344:0,low,low
1,0.8821437709610237,0.07220380868927957,0.21056286393718524,0.25,0.8707619580013469,2.533003922637042,0.25550065334700595,0.38830348119582947,0.4587542037827843,ETTh1,raw,7344,7440,raw:7344:1,high,mid
2,0.4959798928452003,0.05663459206582547,0.2506699096418137,0.25,0.5549571692252834,2.533003922637042,0.25550065334700595,0.2677614648509465,0.3534859408574298,ETTh1,raw,7344,7440,raw:7344:2,low,low
3,0.8790266500652812,0.06462835209839052,0.20507630011281366,0.25,0.855079798021497,2.533003922637042,0.25550065334700595,0.38291043409216186,0.4535268171228343,ETTh1,raw,7344,7440,raw:7344:3,high,low
4,0.23121171809892438,0.10279728334551647,0.5272579566053829,0.625,0.7354334118973272,2.533003922637042,0.25550065334700595,0.2870889860166079,0.5386446884147778,ETTh1,raw,7344,7440,raw:7344:4,mid,mid
5,0.19736859444462562,0.2589280041496384,0.4705807638508396,0.75,0.7729127402008246,2.533003922637042,0.25550065334700595,0.30895912081503457,0.5928044645159435,ETTh1,raw,7344,7440,raw:7344:5,mid,high
6,0.7201188005302482,0.13886097104804584,0.14985620065981045,0.25,0.8926214125182049,2.533003922637042,0.25550065334700595,0.3362786574127015,0.466040688621737,ETTh1,raw,7344,7440,raw:7344:6,mid,mid
0,0.3163862818199925,0.10391974500258089,0.4280580089972421,0.25,0.5468561507649624,2.9262393883764033,0.3210398975276674,0.28278801193993847,0.3726320160975433,ETTh1,raw,7392,7488,raw:7392:0,mid,low
1,0.1863770810016454,0.1532282965563822,0.5336674755559939,0.375,0.78669189739062,2.9262393883764033,0.3210398975276674,0.29109095103800714,0.4942439316394291,ETTh1,raw,7392,7488,raw:7392:1,mid,mid
2,0.48448965811568867,0.11364375332401049,0.290095220784518,0.25,0.5360284641598737,2.9262393883764033,0.3210398975276674,0.2960762107414057,0.3690227872291804,ETTh1,raw,7392,7488,raw:7392:2,mid,low
3,0.3787589194396114,0.1530574172645058,0.45729330020423004,0.375,0.7885640603306002,2.9262393883764033,0.3210398975276674,0.3297032123027824,0.49486798595275583,ETTh1,raw,7392,7488,raw:7392:3,mid,mid
4,0.09053250750893016,0.42573325634301973,0.47776782279656826,0.875,0.8937911813422463,2.9262393883764033,0.3210398975276674,0.3313445288828394,0.6966103596233045,ETTh1,raw,7392,7488,raw:7392:4,mid,high
5,0.37704901131161506,0.25580708602702223,0.48747207535274945,0.625,0.8653819369408476,2.9262393883764033,0.3210398975276674,0.37344272423046226,0.6038072781561717,ETTh1,raw,7392,7488,raw:7392:5,mid,high
6,0.4062033937799744,0.24930570239350347,0.5545213744241458,0.5,0.8301412231294096,2.9262393883764033,0.3210398975276674,0.4033434901992079,0.5503937068856923,ETTh1,raw,7392,7488,raw:7392:6,high,mid
0,0.02338850300646711,0.10060638013389302,0.382363678588748,0.25,0.6582694144768823,2.8512876168490626,0.3085479356272639,0.16878618724303604,0.4056057833680487,ETTh1,raw,7416,7512,raw:7416:0,low,low
1,0.29847920035928444,0.20114679357706425,0.31859613852482843,0.25,0.8039331159975688,2.8512876168490626,0.3085479356272639,0.27274071082039236,0.4541603505416109,ETTh1,raw,7416,7512,raw:7416:1,low,mid
2,0.09196755572426685,0.10409216978595143,0.20314516730577756,0.25,0.6357750708064311,2.8512876168490626,0.3085479356272639,0.13306829760533193,0.3981076688112317,ETTh1,raw,7416,7512,raw:7416:2,low,low
3,0.1487097926389661,0.3124550499064351,0.25009602444415113,0.375,0.8256353866958657,2.8512876168490626,0.3085479356272639,0.23708695566318413,0.5030611074410433,ETTh1,raw,7416,7512,raw:7416:3,low,mid
4,0.27800091734859433,0.5686511979320199,0.5068587227208992,0.875,0.9413890382648032,2.8512876168490626,0.3085479356272639,0.45117027933383785,0.7083123246306892,ETTh1,raw,7416,7512,raw:7416:4,high,high
5,0.39869273177193454,0.35982378299448137,0.5030548351779032,0.75,0.8774914941734728,2.8512876168490626,0.3085479356272639,0.420523783314773,0.6453464766002456,ETTh1,raw,7416,7512,raw:7416:5,high,high
6,0.5418023689063672,0.11066650680545874,0.2681996560270371,0.375,0.7600457336833724,2.8512876168490626,0.3085479356272639,0.30688951057962105,0.48119788977021205,ETTh1,raw,7416,7512,raw:7416:6,mid,mid
0,0.4576875468699978,0.29082518635909016,0.38297698858985335,0.25,0.5893554679590234,2.6722144109632233,0.2787024013626999,0.37716324060631373,0.37268595644057445,ETTh1,raw,7440,7536,raw:7440:0,high,low
1,0.4796450272308328,0.16814489161169832,0.1688688539353249,0.375,0.778788892652484,2.6722144109632233,0.2787024013626999,0.272219590925952,0.4774970980050613,ETTh1,raw,7440,7536,raw:7440:1,low,mid
2,0.5349021909532875,0.2883591909694458,0.3430294624259894,0.25,0.5684470015004489,2.6722144109632233,0.2787024013626999,0.3887636147829075,0.3657164676210496,ETTh1,raw,7440,7536,raw:7440:2,high,low
3,0.2503612696907429,0.20719736803149857,0.1829857351760885,0.25,0.786523624450124,2.6722144109632233,0.2787024013626999,0.21351479096611,0.4384086752709413,ETTh1,raw,7440,7536,raw:7440:3,low,low
4,4.3507031344258706e-07,0.44509549122078895,0.4036500110814096,0.875,0.9045192215384982,2.6722144109632233,0.2787024013626999,0.28291531245750395,0.6860738743003995,ETTh1,raw,7440,7536,raw:7440:4,mid,high
5,0.29870780724542034,0.1933288382843339,0.5039752257474066,0.625,0.8757661852417388,2.6722144109632233,0.2787024013626999,0.33200395709238695,0.5931561955348129,ETTh1,raw,7440,7536,raw:7440:5,mid,high
6,0.5403410314063799,0.2179086192792119,0.5093744769269545,0.125,0.6694880245153895,2.6722144109632233,0.2787024013626999,0.4225413758708488,0.3577301419593631,ETTh1,raw,7440,7536,raw:7440:6,high,low
0,0.20003181854295027,0.0723382798438944,0.32695075824397474,0.25,0.4535930081986214,2.6665746442551974,0.2777624402462622,0.1997736188769398,0.3271184828149612,ETTh1,raw,7488,7584,raw:7488:0,low,low
1,0.5032898683734635,0.22169624740437704,0.6455555019002241,0.75,0.8410607248871163,2.6665746442551974,0.2777624402462622,0.45684720589268824,0.6229410550444595,ETTh1,raw,7488,7584,raw:7488:1,high,high
2,0.5088619965774193,0.07858647511586783,0.33440921058735346,0.25,0.4456912313942419,2.6665746442551974,0.2777624402462622,0.30728589409354684,0.32448455721350133,ETTh1,raw,7488,7584,raw:7488:2,mid,low
3,0.5786600904630886,0.35606449946172924,0.8261230911074562,0.75,0.939097675253724,2.6665746442551974,0.2777624402462622,0.586949227010758,0.6556200384999954,ETTh1,raw,7488,7584,raw:7488:3,high,high
4,0.4506410859469827,0.3290750553683841,0.4502695771261266,0.625,0.8500385669022517,2.6665746442551974,0.2777624402462622,0.4099952394804978,0.5842670023828379,ETTh1,raw,7488,7584,raw:7488:4,high,high
5,0.08196713267115863,0.2815564605312132,0.5002452032062386,0.25,0.8336041138316436,2.6665746442551974,0.2777624402462622,0.28792293213620346,0.45378885135930186,ETTh1,raw,7488,7584,raw:7488:5,mid,low
6,0.28139464747999166,0.10816033407375841,0.1464359823230552,0.125,0.7895131170237081,2.6665746442551974,0.2777624402462622,0.17866365462560174,0.3974251857566567,ETTh1,raw,7488,7584,raw:7488:6,low,low
0,0.21568992256210562,0.013086493999621992,0.5655008956984944,0.25,0.4976301731885157,3.086130787142577,0.3476884639442821,0.2647591040867407,0.36510621237759927,ETTh1,raw,7512,7608,raw:7512:0,low,low
1,0.3883743649274578,0.18418673318119758,0.7224109633129409,0.625,0.9361559497851679,3.086130787142577,0.3476884639442821,0.4316573538071988,0.63628147124315,ETTh1,raw,7512,7608,raw:7512:1,high,high
2,0.3906970338351802,0.013215868090770744,0.5960538672894956,0.25,0.4939596342122095,3.086130787142577,0.3476884639442821,0.33332225640514884,0.36388269938549717,ETTh1,raw,7512,7608,raw:7512:2,mid,low
3,0.613564896060218,0.16779317730446736,0.7602680818670748,0.625,0.9425502884573468,3.086130787142577,0.3476884639442821,0.5138753850772534,0.6384129174672096,ETTh1,raw,7512,7608,raw:7512:3,high,high
4,0.562895540485606,0.3622289936392248,0.4986324468070918,0.625,0.8491601142449279,3.086130787142577,0.3476884639442821,0.47458566031064087,0.6072828593964034,ETTh1,raw,7512,7608,raw:7512:4,high,high
5,0.37586997674357603,0.3102094501629803,0.479595342914839,0.5,0.8490345073253222,3.086130787142577,0.3476884639442821,0.3885582566071318,0.5655743237565348,ETTh1,raw,7512,7608,raw:7512:5,high,high
6,0.3878766897800471,0.16500098817819192,0.3516098744765223,0.125,0.8202262284630129,3.086130787142577,0.3476884639442821,0.3014958508115871,0.430971564135765,ETTh1,raw,7512,7608,raw:7512:6,mid,low
0,0.3509558398574719,0.059101042266995495,0.4505150839369249,0.25,0.5605630860751772,2.846229909615818,0.307704984423128,0.2868573220204641,0.3727560234994351,ETTh1,raw,7560,7656,raw:7560:0,mid,low
1,0.3958474594394552,0.1327749463291436,0.4682599954954939,0.5,0.8812522387039148,2.846229909615818,0.307704984423128,0.3322941337546976,0.5629857410423477,ETTh1,raw,7560,7656,raw:7560:1,mid,high
2,0.24100666449784658,0.049544763405267436,0.4302850084928266,0.25,0.5571881692950886,2.846229909615818,0.307704984423128,0.24027881213198019,0.3716310512394056,ETTh1,raw,7560,7656,raw:7560:2,low,low
3,0.6303591304026547,0.1836636418417789,0.3646621924121089,0.625,0.9022395227978635,2.846229909615818,0.307704984423128,0.3928949882188475,0.6116481690736638,ETTh1,raw,7560,7656,raw:7560:3,high,high
4,0.45292948096241403,0.050670288559748256,0.45311792771039117,0.625,0.8612238588502533,2.846229909615818,0.307704984423128,0.3189058990775178,0.5979762810911272,ETTh1,raw,7560,7656,raw:7560:4,mid,high
5,0.3744858838434072,0.07467173145834807,0.5783174228381087,0.375,0.8044381536810244,2.846229909615818,0.307704984423128,0.34249167937995467,0.4957143793680509,ETTh1,raw,7560,7656,raw:7560:5,mid,mid
6,0.5306243765885192,0.3529146798859052,0.5162900342523087,0.25,0.761722176425275,2.846229909615818,0.307704984423128,0.4666096969089111,0.43980905361613437,ETTh1,raw,7560,7656,raw:7560:6,high,low
0,0.22687610141790038,0.15880702048926357,0.48235983417853556,0.25,0.6277029041542226,2.7357949242839443,0.2892991535651588,0.2893476520285665,0.3890006859064605,ETTh1,raw,7584,7680,raw:7584:0,mid,low
1,0.36795975844149087,0.10790232914907677,0.5119094195908334,0.5,0.8240854624557787,2.7357949242839443,0.2892991535651588,0.32925716906046704,0.5377948720069792,ETTh1,raw,7584,7680,raw:7584:1,mid,mid
2,0.11608656929634542,0.15567329670803634,0.502838517507459,0.25,0.5870159233749227,2.7357949242839443,0.2892991535651588,0.2581994611706136,0.37543835898002714,ETTh1,raw,7584,7680,raw:7584:2,low,low
3,0.3523729236809239,0.1133207575958928,0.5060355548544309,0.75,0.8685256849826343,2.7357949242839443,0.2892991535651588,0.3239097453770825,0.6359416128492643,ETTh1,raw,7584,7680,raw:7584:3,mid,high
4,0.40385681067782986,0.3719538852121149,0.4959689315281489,0.625,0.8981584124888516,2.7357949242839443,0.2892991535651588,0.4239265424726979,0.6041525220180034,ETTh1,raw,7584,7680,raw:7584:4,high,high
5,0.5167076259789231,0.3221607834473246,0.47255397769024426,0.375,0.8215105590321313,2.7357949242839443,0.2892991535651588,0.4371407957054973,0.49526990419909667,ETTh1,raw,7584,7680,raw:7584:5,high,mid
6,0.5074730370148035,0.04238037552287283,0.27900473469064563,0.125,0.7741604575188169,2.7357949242839443,0.2892991535651588,0.2762860490761074,0.3961532036946586,ETTh1,raw,7584,7680,raw:7584:6,low,low
0,0.19228586244184043,0.1693768732351249,0.4936853999816132,0.375,0.6185099271040477,2.8486096077768757,0.30810160078264326,0.2851160452195262,0.4338705092955637,ETTh1,raw,7608,7704,raw:7608:0,mid,low
1,0.42643214307743127,0.20833784969755537,0.39406596102992447,0.625,0.8957880454566174,2.8486096077768757,0.30810160078264326,0.34294531793497035,0.6096298820797535,ETTh1,raw,7608,7704,raw:7608:1,mid,high
2,0.28246964900037164,0.1642235342681126,0.45312440896063994,0.25,0.5706725380548751,2.8486096077768757,0.30810160078264326,0.29993919740970804,0.37625804627917275,ETTh1,raw,7608,7704,raw:7608:2,mid,low
3,0.6372194263548682,0.20710609403778985,0.34124996549940695,0.75,0.9324777021790006,2.8486096077768757,0.30810160078264326,0.39519182863068836,0.663526434320548,ETTh1,raw,7608,7704,raw:7608:3,high,high
4,0.18562794357323265,0.36564859797768773,0.3751401932639758,0.375,0.8568967211125292,2.8486096077768757,0.30810160078264326,0.3088055782716321,0.5133327739650575,ETTh1,raw,7608,7704,raw:7608:4,mid,mid
5,0.24169059818108107,0.21849313212230068,0.2681437551385633,0.375,0.7879975795388654,2.8486096077768757,0.30810160078264326,0.24277582848064835,0.49036639344050287,ETTh1,raw,7608,7704,raw:7608:5,low,mid
6,0.5681687642650695,0.44173026120510583,0.04310487678752795,0.25,0.7673060285951827,2.8486096077768757,0.30810160078264326,0.3510013007525677,0.441802543125942,ETTh1,raw,7608,7704,raw:7608:6,mid,low
0,0.1696535661078763,0.10147936192317725,0.6150164263647337,0.25,0.4655864660172235,2.605749186128876,0.26762486390877127,0.2953831181319291,0.3277371099753316,ETTh1,raw,7656,7752,raw:7656:0,mid,low
1,0.345613644235626,0.10303964490063905,0.4038276843645448,0.625,0.8560927403305166,2.605749186128876,0.26762486390877127,0.28416032450026996,0.5829058680797626,ETTh1,raw,7656,7752,raw:7656:1,mid,high
2,0.4564543091477343,0.11217908395153858,0.5100165597387498,0.25,0.450229322990996,2.605749186128876,0.26762486390877127,0.3595499842793409,0.3226180622999224,ETTh1,raw,7656,7752,raw:7656:2,mid,low
3,0.40279719104879474,0.09243526265096158,0.4185758563242972,0.5,0.8911250303809913,2.605749186128876,0.26762486390877127,0.30460277000801783,0.5529166314299209,ETTh1,raw,7656,7752,raw:7656:3,mid,mid
4,0.2910609878176502,0.46372348395106705,0.49608297114459493,0.875,0.8940737526042364,2.605749186128876,0.26762486390877127,0.4169558143044374,0.6788995388376692,ETTh1,raw,7656,7752,raw:7656:4,high,high
5,0.5125666704055429,0.1693886471218072,0.4295083943195694,0.875,0.8841238735546935,2.605749186128876,0.26762486390877127,0.3704879039489732,0.6755829124878217,ETTh1,raw,7656,7752,raw:7656:5,mid,high
6,0.3631382723669392,0.09803739696101248,0.4334838507878856,0.125,0.6418726836994607,2.605749186128876,0.26762486390877127,0.2982198400386124,0.3448325158694107,ETTh1,raw,7656,7752,raw:7656:6,mid,low
0,0.1171565855237302,0.16421567420301905,0.544464026525714,0.25,0.5750210857140425,2.560948365284048,0.2601580604470779,0.2752787620841544,0.36172638205370683,ETTh1,raw,7680,7776,raw:7680:0,low,low
1,0.5236251374314869,0.15896803918362612,0.46133313280432786,0.875,0.8542331034852484,2.560948365284048,0.2601580604470779,0.38130876980648026,0.6631303879774421,ETTh1,raw,7680,7776,raw:7680:1,high,high
2,0.32576470124966794,0.16404563027105304,0.43866512379310146,0.25,0.5647887240091207,2.560948365284048,0.2601580604470779,0.30949181843794077,0.3583155948187329,ETTh1,raw,7680,7776,raw:7680:2,mid,low
3,0.6573817712050809,0.18110064788216915,0.5303887208567559,0.5,0.8559442894888976,2.560948365284048,0.2601580604470779,0.45629037998133537,0.5387007833119918,ETTh1,raw,7680,7776,raw:7680:3,high,mid
4,0.319706165245061,0.2497251643368945,0.48461265396447106,1.0,0.9578928628834956,2.560948365284048,0.2601580604470779,0.35134799451547555,0.7393503077768578,ETTh1,raw,7680,7776,raw:7680:4,mid,high
5,0.7268216808528751,0.09890679754699414,0.4012016333740412,0.75,0.9444817789367641,2.560948365284048,0.2601580604470779,0.4089767039246368,0.6515466131279474,ETTh1,raw,7680,7776,raw:7680:5,high,high
6,0.22643814816274854,0.1480060263442808,0.39088506440117965,0.125,0.5726706168722775,2.560948365284048,0.2601580604470779,0.25510974630273636,0.3192762257731185,ETTh1,raw,7680,7776,raw:7680:6,low,low
0,0.2798026464147608,0.13666616104664903,0.6226491730741001,0.25,0.52799742323043,3.008322169822741,0.33472036107925623,0.3463726601785033,0.37090592810322875,ETTh1,raw,7728,7824,raw:7728:0,mid,low
1,0.3488672967363373,0.17759190508897615,0.550632533119672,0.5,0.8211609245846246,3.008322169822741,0.33472036107925623,0.3590305783149952,0.551960428554627,ETTh1,raw,7728,7824,raw:7728:1,mid,mid
2,0.2908617922255111,0.1362081655067199,0.4871235535418543,0.25,0.5519404424257287,3.008322169822741,0.33472036107925623,0.3047311704246951,0.37888693450166167,ETTh1,raw,7728,7824,raw:7728:2,mid,low
3,0.11743197600248145,0.1639874701958567,0.4656967151406343,0.375,0.8133801409477788,3.008322169822741,0.33472036107925623,0.24903872044632416,0.507700167342345,ETTh1,raw,7728,7824,raw:7728:3,low,mid
4,0.3297373455411179,0.3471192167022312,0.5506265842658921,1.0,0.9151152482102798,3.008322169822741,0.33472036107925623,0.4091610488364137,0.749945203096512,ETTh1,raw,7728,7824,raw:7728:4,high,high
5,0.16005089007557916,0.17626909773277422,0.6539411388623027,0.5,0.8384209820611908,3.008322169822741,0.33472036107925623,0.330087042223552,0.5577137810468157,ETTh1,raw,7728,7824,raw:7728:5,mid,mid
6,0.23251079100000382,0.16875168853783895,0.5477926752730313,0.25,0.6677613093656184,3.008322169822741,0.33472036107925623,0.31635171827029135,0.4174938901482916,ETTh1,raw,7728,7824,raw:7728:6,mid,low
0,0.6295870546977269,0.14672768477922504,0.5537279697284053,0.25,0.695006834906725,2.287188188354865,0.21453136436825856,0.4433475697351191,0.3865127330916612,ETTh1,raw,7752,7848,raw:7752:0,high,low
1,0.45720775250046675,0.1668814667179942,0.45507032386822976,0.375,0.8975632282737945,2.287188188354865,0.21453136436825856,0.3597198476955636,0.49569819754735095,ETTh1,raw,7752,7848,raw:7752:1,mid,mid
2,0.6956803048825406,0.17737940784100564,0.4219877910965848,0.25,0.691518555369475,2.287188188354865,0.21453136436825856,0.431682501273377,0.3853499732459112,ETTh1,raw,7752,7848,raw:7752:2,high,low
3,0.25270749401777537,0.13700388281549306,0.5535377117260823,0.5,0.9241466727256554,2.287188188354865,0.21453136436825856,0.3144163628531169,0.546226012364638,ETTh1,raw,7752,7848,raw:7752:3,mid,mid
4,0.42488647052797823,0.20682040803368332,0.4024350358381114,1.0,0.8124936350973487,2.287188188354865,0.21453136436825856,0.344713971466591,0.6756749998218692,ETTh1,raw,7752,7848,raw:7752:4,mid,high
5,0.5769823505532106,0.1459021392961491,0.42304639100733493,0.875,0.728772134652863,2.287188188354865,0.21453136436825856,0.3819769602855649,0.6061011663403738,ETTh1,raw,7752,7848,raw:7752:5,high,high
6,0.464207606890191,0.56784170491033,0.0751994498084604,0.25,0.8757722295100142,2.287188188354865,0.21453136436825856,0.36908292053632724,0.44676786462609086,ETTh1,raw,7752,7848,raw:7752:6,mid,low
0,0.7334283382084191,0.22010311829339452,0.44346889426701336,0.5,0.6992288027135041,2.2608153985056525,0.2101358994007156,0.46566678358960895,0.46978823403807324,ETTh1,raw,7800,7896,raw:7800:0,high,mid
1,0.5146353986126653,0.1735365495339159,0.41330277821291705,0.5,0.8333850677570755,2.2608153985056525,0.2101358994007156,0.3671582421198327,0.5145069890525971,ETTh1,raw,7800,7896,raw:7800:1,mid,mid
2,0.7135154140719919,0.27222789912267803,0.4926015553701966,0.375,0.6925314411816457,2.2608153985056525,0.2101358994007156,0.4927816228549555,0.4258891135274538,ETTh1,raw,7800,7896,raw:7800:2,high,low
3,0.61328779829972,0.288451799390835,0.4600221401141282,0.375,0.8169612712092204,2.2608153985056525,0.2101358994007156,0.4539205792682277,0.46736572353664535,ETTh1,raw,7800,7896,raw:7800:3,high,mid
4,0.20720788513773647,0.14573343778077263,0.3321496582450351,0.875,0.8385969269960871,2.2608153985056525,0.2101358994007156,0.22836366038784806,0.6412442754656009,ETTh1,raw,7800,7896,raw:7800:4,low,high
5,0.5087963862295217,0.14836414337150255,0.3498940123308138,0.875,0.8532303690249298,2.2608153985056525,0.2101358994007156,0.3356848473106127,0.6461220894752151,ETTh1,raw,7800,7896,raw:7800:5,mid,high
6,0.24222549565661766,0.526914900047208,0.1619472266463313,0.25,0.8648310845210122,2.2608153985056525,0.2101358994007156,0.31036254078338565,0.4416556613072426,ETTh1,raw,7800,7896,raw:7800:6,mid,low
0,0.5416835145056903,0.2492721496519657,0.5262506693817081,0.25,0.636127924164617,2.2613600941043788,0.210226682000352,0.43906877784645476,0.36545153538832303,ETTh1,raw,7824,7920,raw:7824:0,high,low
1,0.524462738172455,0.3100144786510047,0.2791623143667738,0.5,0.7567734212330502,2.2613600941043788,0.210226682000352,0.3712131770634112,0.48900003441113404,ETTh1,raw,7824,7920,raw:7824:1,mid,mid
2,0.6640219302368104,0.25988405554181315,0.5301591369482421,0.25,0.6228264409710018,2.2613600941043788,0.210226682000352,0.48468837424228856,0.36101770765711794,ETTh1,raw,7824,7920,raw:7824:2,high,low
3,0.5732171477163683,0.24282861506754583,0.45231007491799496,0.25,0.6992581302807439,2.2613600941043788,0.210226682000352,0.4227852792339697,0.38649493742703195,ETTh1,raw,7824,7920,raw:7824:3,high,low
4,0.19019399235228018,0.05767113696901125,0.4906626888645584,0.5,0.8977618510904639,2.2613600941043788,0.210226682000352,0.24617593939528326,0.5359961776969386,ETTh1,raw,7824,7920,raw:7824:4,low,mid
5,0.16267898218983023,0.21271379865738838,0.4773398686693837,0.75,0.8991273996774242,2.2613600941043788,0.210226682000352,0.2842442165055341,0.619784693892592,ETTh1,raw,7824,7920,raw:7824:5,mid,high
6,0.6635123067599349,0.6394232806449929,0.5099298495808335,0.25,0.83789657756133,2.2613600941043788,0.210226682000352,0.6042884789952537,0.4327077531872274,ETTh1,raw,7824,7920,raw:7824:6,high,low
0,0.3701273154411501,0.07188534748175882,0.4367280104622885,0.25,0.4610992100326285,2.685785582109196,0.28096426321659224,0.2929135577950658,0.33068782441640693,ETTh1,raw,7848,7944,raw:7848:0,mid,low
1,0.3755620696319989,0.0954116940023371,0.6391695381415199,0.25,0.6764608347548287,2.685785582109196,0.28096426321659224,0.3700477672586186,0.4024750326571403,ETTh1,raw,7848,7944,raw:7848:1,mid,low
2,0.21198117695449892,0.0745209275639408,0.37221072469869226,0.25,0.4441475793295077,2.685785582109196,0.28096426321659224,0.21957094307237734,0.32503728084870004,ETTh1,raw,7848,7944,raw:7848:2,low,low
3,0.5517280475996744,0.13888659479676135,0.5117079105858441,0.25,0.6533055781948818,2.685785582109196,0.28096426321659224,0.4007741843274266,0.3947566138038247,ETTh1,raw,7848,7944,raw:7848:3,high,low
4,0.27561500728934696,0.40406452857288594,0.47944594051633005,0.625,0.9167465279087185,2.685785582109196,0.28096426321659224,0.38637515879285433,0.6075702637084369,ETTh1,raw,7848,7944,raw:7848:4,high,high
5,0.5430956357745982,0.1949163005168643,0.6221668710296318,0.875,0.9079180881491371,2.685785582109196,0.28096426321659224,0.4533929357736981,0.6879607837885765,ETTh1,raw,7848,7944,raw:7848:5,high,high
6,0.4767588848371299,0.0693919128159842,0.38465198089946384,0.375,0.4830044069342118,2.685785582109196,0.28096426321659224,0.3102675928508593,0.3796562233836014,ETTh1,raw,7848,7944,raw:7848:6,mid,low
0,0.36560574501398324,0.006873747665242219,0.35931983090637676,0.25,0.3280442414136094,2.7342553984881706,0.28904256593295746,0.2439331078618674,0.2890289357821889,ETTh1,raw,7896,7992,raw:7896:0,low,low
1,0.5671273123195044,0.10433451785002645,0.35524824465110744,0.375,0.8124202014880187,2.7342553984881706,0.28904256593295746,0.3422366916068795,0.492154255806992,ETTh1,raw,7896,7992,raw:7896:1,mid,mid
2,0.39642355694023634,0.006291326803320652,0.5758199239966676,0.25,0.31760044760968653,2.7342553984881706,0.28904256593295746,0.32617826924674154,0.2855476711808813,ETTh1,raw,7896,7992,raw:7896:2,mid,low
3,0.7206602129558567,0.20063343304932663,0.417860309066295,0.5,0.8604307790684524,2.7342553984881706,0.28904256593295746,0.4463846516904928,0.5498244483338033,ETTh1,raw,7896,7992,raw:7896:3,high,mid
4,0.5832268403143606,0.6957313808015617,0.4867346715558847,0.875,0.9531426663488696,2.7342553984881706,0.28904256593295746,0.588564297557269,0.7057284107606091,ETTh1,raw,7896,7992,raw:7896:4,high,high
5,0.6037732768885231,0.4071301215083841,0.48251637821576865,0.875,0.929615337307068,2.7342553984881706,0.28904256593295746,0.49780659220422535,0.6978859677466752,ETTh1,raw,7896,7992,raw:7896:5,high,high
6,0.07222116132878786,0.04258170760754666,0.562678868815661,0.375,0.5306204516622085,2.7342553984881706,0.28904256593295746,0.22582724591733183,0.3982210058650553,ETTh1,raw,7896,7992,raw:7896:6,low,low
0,0.18064977986908315,0.08579487643328895,0.45725629647556726,0.25,0.4025575775219278,3.1984936509125723,0.36641560787473604,0.24123365092597981,0.3396577284655546,ETTh1,raw,7920,8016,raw:7920:0,low,low
1,0.10539173596220941,0.10134195293559328,0.35808274387576805,0.375,0.8383844460721567,3.1984936509125723,0.36641560787473604,0.1882721442578569,0.5266000179822975,ETTh1,raw,7920,8016,raw:7920:1,low,mid
2,0.06041076380787458,0.09060961247466995,0.4726728676590346,0.25,0.4187572227533592,3.1984936509125723,0.36641560787473604,0.20789774798052638,0.34505761020936504,ETTh1,raw,7920,8016,raw:7920:2,low,low
3,0.4547334908032694,0.20476088723449776,0.28623279732028956,0.375,0.8878444432205284,3.1984936509125723,0.36641560787473604,0.3152423917860189,0.5430866836984215,ETTh1,raw,7920,8016,raw:7920:3,mid,mid
4,0.33121450341167313,0.034175449269357214,0.4209318080637163,1.0,0.897771564929823,3.1984936509125723,0.36641560787473604,0.2621072535815822,0.7547290576015196,ETTh1,raw,7920,8016,raw:7920:4,low,high
5,0.4902873665375067,0.18502334087317351,0.5358201362749366,0.5,0.9096286333062648,3.1984936509125723,0.36641560787473604,0.4037102812285389,0.5920147470603336,ETTh1,raw,7920,8016,raw:7920:5,high,high
6,0.08039298890353908,0.10035714790103305,0.3889707672817916,0.25,0.48503710934905936,3.1984936509125723,0.36641560787473604,0.18990696802878793,0.36715090574126513,ETTh1,raw,7920,8016,raw:7920:6,low,low
0,0.9878765864836787,0.12902506014871995,0.2824146936370803,0.25,0.6609989766651779,3.037773068929781,0.3396288442555821,0.46643878008982637,0.41687594030692,ETTh1,raw,7968,8064,raw:7968:0,high,low
1,0.9999999953379075,0.36714407951926437,0.022251883734391666,0.25,0.9108280212709987,3.037773068929781,0.3396288442555821,0.4631319861971879,0.5001522885088603,ETTh1,raw,7968,8064,raw:7968:1,high,mid
2,0.9534190295979155,0.14134597510740282,0.3522309003719912,0.25,0.6802981696211403,3.037773068929781,0.3396288442555821,0.4823319683591032,0.42330900462557414,ETTh1,raw,7968,8064,raw:7968:2,high,low
3,0.9852255394604954,0.35396242056162996,0.0885401920617747,0.375,0.8863550366301686,3.037773068929781,0.3396288442555821,0.4759093840279667,0.5336612936285836,ETTh1,raw,7968,8064,raw:7968:3,high,mid
4,0.9878497541855948,0.16917165910608273,0.2975990086605156,0.75,0.9718232723814655,3.037773068929781,0.3396288442555821,0.4848734739840644,0.6871507055456826,ETTh1,raw,7968,8064,raw:7968:4,high,high
5,0.9999999696757088,0.2536923284271362,0.11433076320277095,1.0,0.8820460350053745,3.037773068929781,0.3396288442555821,0.45600768710187206,0.7405582930869855,ETTh1,raw,7968,8064,raw:7968:5,high,high
6,0.9134689704152443,0.36456909957635175,0.058690525464317515,0.25,0.7524585677907248,3.037773068929781,0.3396288442555821,0.44557619848530455,0.4473624706821024,ETTh1,raw,7968,8064,raw:7968:6,high,low
0,0.9659248168331921,0.32747790838105467,0.4999999996498531,0.25,0.5677931378152151,3.5206477171788593,0.4201079521629633,0.5978009082880332,0.4126336966593928,ETTh1,raw,7992,8088,raw:7992:0,high,low
1,0.9999999928879562,0.3781888318504003,0.47282021660115703,0.875,0.9659835691662503,3.5206477171788593,0.4201079521629633,0.6170030137798378,0.7536971737764045,ETTh1,raw,7992,8088,raw:7992:1,high,high
2,0.976979919389373,0.38552303232268437,0.49999999974122716,0.25,0.6221929670478391,3.5206477171788593,0.4201079521629633,0.6208343171510948,0.43076697307026746,ETTh1,raw,7992,8088,raw:7992:2,high,low
3,0.9670019386769346,0.3087555939428486,0.43738034023735356,0.75,0.9465256370991658,3.5206477171788593,0.4201079521629633,0.5710459576190455,0.705544529754043,ETTh1,raw,7992,8088,raw:7992:3,high,high
4,0.8529379507876151,0.4203651023424514,0.46268582576619094,0.5,0.9391537155572149,3.5206477171788593,0.4201079521629633,0.5786629596320858,0.6197538892400595,ETTh1,raw,7992,8088,raw:7992:4,high,high
5,0.9999999442569889,0.23386644238044962,0.4999999998086697,1.0,0.9532841975169941,3.5206477171788593,0.4201079521629633,0.5779554621487027,0.7911307165599858,ETTh1,raw,7992,8088,raw:7992:5,high,high
6,0.9826696240281901,0.08743371899173003,0.49999999929917666,0.125,0.7785918349397132,3.5206477171788593,0.4201079521629633,0.5233677807730323,0.44123326236755883,ETTh1,raw,7992,8088,raw:7992:6,high,low
0,0.9885543466721732,0.2857634815242509,0.7264297071040005,0.25,0.5059095618271882,2.875944187918549,0.3126573641319959,0.6669158451001417,0.35618897531972804,ETTh1,raw,8016,8112,raw:8016:0,high,low
1,0.9999999941310682,0.19628700612854738,0.6122677790303533,0.375,0.9576351388174815,2.875944187918549,0.3126573641319959,0.6028515930966564,0.5484308343164924,ETTh1,raw,8016,8112,raw:8016:1,high,mid
2,0.9601469244409016,0.3112852827739885,0.5817343616200984,0.25,0.5213846434055714,2.875944187918549,0.3126573641319959,0.6177221896116628,0.3613473358458558,ETTh1,raw,8016,8112,raw:8016:2,high,low
3,0.984532535053253,0.25894300680598636,0.5540956420151391,0.5,0.972176048935284,2.875944187918549,0.3126573641319959,0.5991903946247928,0.5949444710224266,ETTh1,raw,8016,8112,raw:8016:3,high,high
4,0.9798288010027029,0.2967723622756796,0.7852438212258815,0.75,0.9090904546418449,2.875944187918549,0.3126573641319959,0.6872816615014213,0.6572492729246137,ETTh1,raw,8016,8112,raw:8016:4,high,high
5,0.9999999424071074,0.40948784136774796,0.5824598968497668,1.0,0.9106768021909818,2.875944187918549,0.3126573641319959,0.6639825602082073,0.7411113887743258,ETTh1,raw,8016,8112,raw:8016:5,high,high
6,0.9684620017924214,0.5037238204584029,0.7651251951999453,0.125,0.6979700767242084,2.875944187918549,0.3126573641319959,0.7457703391502566,0.37854248028540144,ETTh1,raw,8016,8112,raw:8016:6,high,low
0,0.49999999880111856,0.26533959596648793,0.5222771021136006,0.25,0.622969187601593,2.4611775588039118,0.24352959272810265,0.429205565627069,0.37216626010989856,ETTh1,raw,8064,8160,raw:8064:0,high,low
1,0.14080594211587139,0.20348570980380495,0.554488441870875,0.625,0.8753928644695628,2.4611775588039118,0.24352959272810265,0.29959336459685043,0.5813074857325552,ETTh1,raw,8064,8160,raw:8064:1,mid,high
2,0.6930470261093887,0.2730896907092155,0.20652952734679175,0.25,0.6274955125971121,2.4611775588039118,0.24352959272810265,0.39088874805513196,0.3736750351084049,ETTh1,raw,8064,8160,raw:8064:2,high,low
3,0.25764245750679204,0.17101996124047855,0.6668954197199222,0.625,0.8971247782585997,2.4611775588039118,0.24352959272810265,0.36518594615573097,0.5885514569955674,ETTh1,raw,8064,8160,raw:8064:3,mid,high
4,0.5216233892072493,0.49914731602336243,0.48448899711989324,0.75,0.960187433380386,2.4611775588039118,0.24352959272810265,0.501753234116835,0.6512390087028296,ETTh1,raw,8064,8160,raw:8064:4,high,high
5,0.44346663565473665,0.24508012513816776,0.531931635063569,0.75,0.9832408539064563,2.4611775588039118,0.24352959272810265,0.4068261319521578,0.6589234822115196,ETTh1,raw,8064,8160,raw:8064:5,high,high
6,0.8092837104779091,0.3862333413999163,0.2640696480211001,0.25,0.7524969027903841,2.4611775588039118,0.24352959272810265,0.48652889996630844,0.4153421651728289,ETTh1,raw,8064,8160,raw:8064:6,high,low
0,0.4176211583148043,0.250570669468211,0.39269520148587445,0.25,0.6784941133221635,3.141579821873273,0.35692996971732893,0.3536290097562966,0.4284746943464975,ETTh1,raw,8088,8184,raw:8088:0,mid,low
1,0.48322633440978646,0.09053284177607476,0.5974875393250794,0.625,0.8591887187601995,3.141579821873273,0.35692996971732893,0.3904155718369802,0.6137062294925094,ETTh1,raw,8088,8184,raw:8088:1,high,high
2,0.2692164235506247,0.28249319638677284,0.4054949725176249,0.25,0.6679723833086667,3.141579821873273,0.35692996971732893,0.3190681974850075,0.4249674510086652,ETTh1,raw,8088,8184,raw:8088:2,mid,low
3,0.31823649799110987,0.09494734229854619,0.4754413358665753,0.75,0.8988815046387552,3.141579821873273,0.35692996971732893,0.2962083920520771,0.6686038247853613,ETTh1,raw,8088,8184,raw:8088:3,mid,high
4,0.42731689007464835,0.40594656603126855,0.46333341575599635,0.75,0.9816965078443346,3.141579821873273,0.35692996971732893,0.4321989572873044,0.6962088258538879,ETTh1,raw,8088,8184,raw:8088:4,high,high
5,0.537468417198733,0.352751484865183,0.250620054507315,0.75,0.9697741638924856,3.141579821873273,0.35692996971732893,0.3802799855237436,0.6922347112032714,ETTh1,raw,8088,8184,raw:8088:5,high,high
6,0.6785368751079713,0.6539562173354989,0.06351658325687844,0.125,0.7469925613505062,3.141579821873273,0.35692996971732893,0.46533655856678285,0.4096408436892784,ETTh1,raw,8088,8184,raw:8088:6,high,low
0,0.49158023014460606,0.1823372478429663,0.4734019183856699,0.25,0.5640090319685562,3.2263700191678732,0.3710616692428761,0.38243979879108075,0.3950235670704774,ETTh1,raw,8136,8232,raw:8136:0,high,low
1,0.4174634287951886,0.1292999002045025,0.4819326046605883,0.5,0.8330179882633835,3.2263700191678732,0.3710616692428761,0.3428986445534265,0.5680265525020866,ETTh1,raw,8136,8232,raw:8136:1,mid,high
2,0.5923538179404578,0.18028103884349084,0.4864588259406932,0.25,0.5226028791155944,3.2263700191678732,0.3710616692428761,0.4196978942415473,0.3812215161194901,ETTh1,raw,8136,8232,raw:8136:2,high,low
3,0.6168293224587671,0.13597033120590846,0.43559919302610434,0.5,0.8463875912449342,3.2263700191678732,0.3710616692428761,0.3961329488969266,0.5724830868292702,ETTh1,raw,8136,8232,raw:8136:3,high,high
4,0.561566166142061,0.14787610656571354,0.46065424892793305,0.625,0.7836292888236807,3.2263700191678732,0.3710616692428761,0.3900321738785692,0.593230319355519,ETTh1,raw,8136,8232,raw:8136:4,high,high
5,0.9910539289089644,0.09372776874210959,0.4796197864445959,0.125,0.7895574659342233,3.2263700191678732,0.3710616692428761,0.5214671613652233,0.42853971172569977,ETTh1,raw,8136,8232,raw:8136:5,high,low
6,0.799978112301967,0.0601009890245954,0.07655239023411474,0.5,0.8875297900884197,3.2263700191678732,0.3710616692428761,0.31221049718689237,0.586197153110432,ETTh1,raw,8136,8232,raw:8136:6,mid,high
0,0.150947998034751,0.044971493807076074,0.2617356310094767,0.25,0.6201912975165963,3.6377382040529413,0.4396230332761185,0.15255170761710127,0.43660477693090494,ETTh1,raw,8160,8256,raw:8160:0,low,low
1,0.44208651605937055,0.16864822055134804,0.7483451843748475,0.375,0.7926090372197391,3.6377382040529413,0.4396230332761185,0.45302664032852197,0.5357440234986192,ETTh1,raw,8160,8256,raw:8160:1,high,mid
2,0.06593157777404324,0.04219948611848223,0.21280536357165683,0.25,0.5959506980124029,3.6377382040529413,0.4396230332761185,0.10697880915472742,0.4285245770961738,ETTh1,raw,8160,8256,raw:8160:2,low,low
3,0.16420548293524595,0.2104333059724231,0.46793979193237306,0.5,0.9000279368652219,3.6377382040529413,0.4396230332761185,0.2808595269466807,0.6132169900471135,ETTh1,raw,8160,8256,raw:8160:3,mid,high
4,0.4724867311172618,0.06309216554363478,0.4861848771247849,0.625,0.7931140704246733,3.6377382040529413,0.4396230332761185,0.3405879245952272,0.6192457012335972,ETTh1,raw,8160,8256,raw:8160:4,mid,high
5,0.9929863098722965,0.06882271653869439,0.007252448723791165,0.0,0.7315039075002495,3.6377382040529413,0.4396230332761185,0.3563538250449274,0.390375646925456,ETTh1,raw,8160,8256,raw:8160:5,mid,low
6,0.8116371628240617,0.0936710692225857,0.04699485294489136,0.25,0.8435837172669741,3.6377382040529413,0.4396230332761185,0.31743436166384625,0.5110689168476975,ETTh1,raw,8160,8256,raw:8160:6,mid,mid
0,0.5733338196020696,0.20301498710466007,0.40687624810490824,0.25,0.6065371175572796,3.3109122331399514,0.38515203821473853,0.39440835160387927,0.41389638525733935,ETTh1,raw,8184,8280,raw:8184:0,high,low
1,0.4557729915673632,0.0832908778312785,0.7770464695232665,0.375,0.8150658413154033,3.3109122331399514,0.38515203821473853,0.43870344630730274,0.5250726265100473,ETTh1,raw,8184,8280,raw:8184:1,high,mid
2,0.5971142707707057,0.1566974063957586,0.3822185972877285,0.25,0.5827362839142688,3.3109122331399514,0.38515203821473853,0.3786767581513976,0.40596277404300246,ETTh1,raw,8184,8280,raw:8184:2,high,low
3,0.46602413141529453,0.09716588069203885,0.7267494422600416,0.375,0.7358777126675884,3.3109122331399514,0.38515203821473853,0.42997981812245833,0.4986765836274423,ETTh1,raw,8184,8280,raw:8184:3,high,mid
4,0.2024958159688205,0.12043489684212226,0.3608235519812347,0.625,0.7578929588459039,3.3109122331399514,0.38515203821473853,0.22791808826405915,0.5893483323535476,ETTh1,raw,8184,8280,raw:8184:4,low,high
5,0.13418281065094306,0.11793737074569205,0.4509502331394457,0.125,0.9099886441287253,3.3109122331399514,0.38515203821473853,0.23435680484536028,0.4733802274478213,ETTh1,raw,8184,8280,raw:8184:5,low,mid
6,0.16119734959229282,0.3695365347907409,0.7998918461140899,0.125,0.8131973516913177,3.3109122331399514,0.38515203821473853,0.4435419101657079,0.44111646330201876,ETTh1,raw,8184,8280,raw:8184:6,high,low
0,0.321988863139995,0.19416435608424315,0.5196599921724325,0.375,0.734901521048627,3.3155972946127825,0.3859328817922423,0.3452710704655569,0.4986114676136231,ETTh1,raw,8232,8328,raw:8232:0,mid,mid
1,0.15696010332923394,0.14829177807657967,0.5476435184936158,0.375,0.8053141832414021,3.3155972946127825,0.3859328817922423,0.2842984666331431,0.5220823550112148,ETTh1,raw,8232,8328,raw:8232:1,mid,mid
2,0.20404771796281584,0.1640991213389848,0.47056151189957396,0.25,0.6921295519481745,3.3155972946127825,0.3859328817922423,0.2795694504004582,0.44268747791347224,ETTh1,raw,8232,8328,raw:8232:2,mid,low
3,0.24236269102541375,0.27176514082424724,0.6732524751215455,0.375,0.8627677448684539,3.3155972946127825,0.3859328817922423,0.39579343565706876,0.541233542220232,ETTh1,raw,8232,8328,raw:8232:3,high,mid
4,0.06521132752853465,0.09429567611804354,0.3562499372453698,0.5,0.7116272460934209,3.3155972946127825,0.3859328817922423,0.171918980297316,0.5325200426285543,ETTh1,raw,8232,8328,raw:8232:4,low,mid
5,0.3271138034420402,0.07933155926193605,0.4621969046463594,0.375,0.6473429345295965,3.3155972946127825,0.3859328817922423,0.28954742245011184,0.4694252721072796,ETTh1,raw,8232,8328,raw:8232:5,mid,mid
6,0.7770643384127376,0.5047081098070008,0.19918280102594133,0.625,0.9788190137985838,3.3155972946127825,0.3859328817922423,0.4936517497485599,0.6632506318636087,ETTh1,raw,8232,8328,raw:8232:6,high,high
0,0.3122220647606534,0.08517052319184812,0.3996727158758948,0.375,0.8766886622280007,3.422511617475205,0.4037519355729476,0.26568843460946545,0.5518135326003161,ETTh1,raw,8256,8352,raw:8256:0,low,mid
1,0.16976714530152204,0.09565630058912486,0.6261985845574853,0.375,0.7538583372748635,3.422511617475205,0.4037519355729476,0.2972073434827108,0.5108700909492704,ETTh1,raw,8256,8352,raw:8256:1,mid,mid
2,0.0976572762941067,0.07729943976421312,0.31952144505657903,0.375,0.829871365241904,3.422511617475205,0.4037519355729476,0.16482605370496628,0.5362077669382839,ETTh1,raw,8256,8352,raw:8256:2,low,mid
3,0.3675203583706901,0.11589749862241007,0.4229038288241235,0.375,0.810464468136659,3.422511617475205,0.4037519355729476,0.3021072286057412,0.5297388012365355,ETTh1,raw,8256,8352,raw:8256:3,mid,mid
4,0.08955217326882337,0.07077965557144686,0.36345709016477556,0.625,0.7415772844657367,3.422511617475205,0.4037519355729476,0.17459630633501524,0.5901097400128947,ETTh1,raw,8256,8352,raw:8256:4,low,high
5,0.19043496638540336,0.08829556633768934,0.3226418149494082,0.375,0.6554631251305603,3.422511617475205,0.4037519355729476,0.20045744922416694,0.47807168690116925,ETTh1,raw,8256,8352,raw:8256:5,low,mid
6,0.802548936682818,0.3173214425522668,0.1495252085557003,0.5,0.9306493707675657,3.422511617475205,0.4037519355729476,0.4231318625969284,0.6114671021135044,ETTh1,raw,8256,8352,raw:8256:6,high,high
0,0.28318573044146333,0.1853355777712592,0.6369502080696409,0.25,0.7635286554127458,2.8792867154785067,0.313214452057727,0.3684905054274545,0.44224770249015766,ETTh1,raw,8304,8400,raw:8304:0,mid,low
1,0.31593104457691834,0.07117179777161839,0.7002324851060152,0.375,0.7497994960433575,2.8792867154785067,0.313214452057727,0.3624451091515173,0.4793379827003615,ETTh1,raw,8304,8400,raw:8304:1,mid,mid
2,0.3796525820106784,0.1889507285012272,0.49158799017417254,0.25,0.7231611626271178,2.8792867154785067,0.313214452057727,0.3533971002286927,0.42879187156161497,ETTh1,raw,8304,8400,raw:8304:2,mid,low
3,0.5173403811274234,0.07268848939882736,0.6359169325563558,0.25,0.7618868883486419,2.8792867154785067,0.313214452057727,0.4086486010275355,0.441700446802123,ETTh1,raw,8304,8400,raw:8304:3,high,low
4,0.15963160450287806,0.02974194037508924,0.3645200703214868,0.75,0.8310965432700029,2.8792867154785067,0.313214452057727,0.1846312050664847,0.6314369984425766,ETTh1,raw,8304,8400,raw:8304:4,low,high
5,0.4886569287938557,0.10812386122581022,0.21886415253209168,0.5,0.7622559040442508,2.8792867154785067,0.313214452057727,0.2718816475172525,0.5251567853673259,ETTh1,raw,8304,8400,raw:8304:5,low,mid
6,0.8535124045974243,0.5130595483268643,0.7793052762963266,0.125,0.6593799432622218,2.8792867154785067,0.313214452057727,0.7152924097402051,0.36586479843998293,ETTh1,raw,8304,8400,raw:8304:6,high,low
0,0.11017328502387902,0.14635566390154559,0.5674744725718692,0.25,0.6345850315267335,2.3924460758908683,0.23207434559502083,0.2746678071657646,0.3722197923739181,ETTh1,raw,8328,8424,raw:8328:0,low,low
1,0.30655554417395725,0.10731251057869867,0.4965111203740112,0.375,0.7551572749038103,2.3924460758908683,0.23207434559502083,0.30345972504222235,0.4540772068329438,ETTh1,raw,8328,8424,raw:8328:1,mid,mid
2,0.16663988232888383,0.1395408796652869,0.5550895422054043,0.25,0.5751941077613436,2.3924460758908683,0.23207434559502083,0.28709010139985836,0.35242281778545487,ETTh1,raw,8328,8424,raw:8328:2,mid,low
3,0.47952721419618116,0.05137351736011865,0.4715833769255793,0.25,0.7418381167093397,2.3924460758908683,0.23207434559502083,0.33416136949395964,0.40797082076812013,ETTh1,raw,8328,8424,raw:8328:3,mid,low
4,0.22398874796286272,0.13387487060315634,0.38994306503063025,0.5,0.8600373503437907,2.3924460758908683,0.23207434559502083,0.24926889453221643,0.5307038986462705,ETTh1,raw,8328,8424,raw:8328:4,low,mid
5,0.3238409677423315,0.11422278957334119,0.31726068062049895,0.375,0.8781153284435066,2.3924460758908683,0.23207434559502083,0.25177481264539053,0.4950632246795091,ETTh1,raw,8328,8424,raw:8328:5,low,mid
6,0.860929364471382,0.11284778720510125,0.0692606546306067,0.25,0.8711828312889087,2.3924460758908683,0.23207434559502083,0.34767926876903,0.4510857256279765,ETTh1,raw,8328,8424,raw:8328:6,mid,low
0,0.3558793322212739,0.016151450097160423,0.35498566502592793,0.25,0.4867609203653919,2.653937970436252,0.27565632794661477,0.24233881578145408,0.3374724161040022,ETTh1,raw,8376,8472,raw:8376:0,low,low
1,0.1469230573014031,0.08764151815873691,0.5773640958326891,0.25,0.6665907392160382,2.653937970436252,0.27565632794661477,0.27064289043094303,0.3974156890542176,ETTh1,raw,8376,8472,raw:8376:1,low,low
2,0.3478384176250213,0.01629011099155547,0.33862111815443824,0.25,0.439845802039147,2.653937970436252,0.27565632794661477,0.23424988225700502,0.3218340433285873,ETTh1,raw,8376,8472,raw:8376:2,low,low
3,0.20257804312671157,0.06581992004470719,0.71802920893432,0.25,0.6669934822783208,2.653937970436252,0.27565632794661477,0.32880905736857957,0.3975499367416451,ETTh1,raw,8376,8472,raw:8376:3,mid,low
4,0.3048245489017538,0.0588013366096341,0.4956397747870509,0.5,0.7237483377752764,2.653937970436252,0.27565632794661477,0.28642188676614627,0.49980155524063036,ETTh1,raw,8376,8472,raw:8376:4,mid,mid
5,0.15360549556075453,0.13543894945571458,0.4829232280954637,0.25,0.7065638666519396,2.653937970436252,0.27565632794661477,0.25732255770397755,0.4107400648661848,ETTh1,raw,8376,8472,raw:8376:5,low,low
6,0.4620012554964785,0.06763895055809388,0.3273754271444762,0.125,0.4310222202221654,2.653937970436252,0.27565632794661477,0.2856718777330162,0.2772261827229267,ETTh1,raw,8376,8472,raw:8376:6,mid,low
0,0.07160659843285211,0.07320181644065116,0.38641471777332076,0.25,0.5002135907086014,2.7591200596865186,0.2931866761257753,0.17707437754894131,0.34780008894479225,ETTh1,raw,8400,8496,raw:8400:0,low,low
1,0.21227097949940754,0.14666074387044484,0.46828861108105063,0.25,0.6648628906940361,2.7591200596865186,0.2931866761257753,0.27574011148363436,0.40268318893993715,ETTh1,raw,8400,8496,raw:8400:1,low,low
2,0.06073730695149915,0.06683865745334873,0.32492596861810574,0.25,0.4620668905763344,2.7591200596865186,0.2931866761257753,0.15083397767431786,0.33508452223403656,ETTh1,raw,8400,8496,raw:8400:2,low,low
3,0.4099023199987806,0.10445199031791907,0.6625461376113727,0.25,0.6831588010994544,2.7591200596865186,0.2931866761257753,0.3923001493093574,0.40878182574174327,ETTh1,raw,8400,8496,raw:8400:3,high,low
4,0.12395459662976172,0.17571417891841232,0.5195189827893644,0.5,0.8427241679553088,2.7591200596865186,0.2931866761257753,0.27306258611251283,0.5453036146936947,ETTh1,raw,8400,8496,raw:8400:4,low,mid
5,0.2540984767574983,0.23980132968940937,0.5067975444661208,0.25,0.8083868603283417,2.7591200596865186,0.2931866761257753,0.3335657836376762,0.45052451215137235,ETTh1,raw,8400,8496,raw:8400:5,mid,low
6,0.19863217528401855,0.042317781008476135,0.39692768836710224,0.25,0.5184745978974853,2.7591200596865186,0.2931866761257753,0.21262588155319898,0.3538870913410868,ETTh1,raw,8400,8496,raw:8400:6,low,low
0,0.20312482216572747,0.06317688410563958,0.5241548916379295,0.25,0.5916890484854214,2.704786083826618,0.2841310134975513,0.2634855326364322,0.3752733539943242,ETTh1,raw,8424,8520,raw:8424:0,low,low
1,0.4453001779783441,0.07633978301283081,0.44071537006856215,0.25,0.5784071384656512,2.704786083826618,0.2841310134975513,0.3207851103532457,0.37084605065440085,ETTh1,raw,8424,8520,raw:8424:1,mid,low
2,0.27002298460828245,0.06710582658092995,0.4648979222057341,0.25,0.5507557420762511,2.704786083826618,0.2841310134975513,0.26734224446498217,0.36162891852460083,ETTh1,raw,8424,8520,raw:8424:2,low,low
3,0.3604604363235251,0.0644247683840982,0.6096844952684115,0.25,0.6369411905073182,2.704786083826618,0.2841310134975513,0.34485656665867825,0.3903574013349565,ETTh1,raw,8424,8520,raw:8424:3,mid,low
4,0.2245971695961143,0.08110600753334939,0.4245321148582915,0.5,0.8341877727879594,2.704786083826618,0.2841310134975513,0.24341176399591843,0.5394395954285036,ETTh1,raw,8424,8520,raw:8424:4,low,mid
5,0.46500976194740173,0.14318365638205288,0.45971843796342066,0.375,0.7406260178292294,2.704786083826618,0.2841310134975513,0.35597061876429176,0.46658567710892696,ETTh1,raw,8424,8520,raw:8424:5,mid,mid
6,0.5124205500341046,0.04368931603536419,0.40301120777014704,0.125,0.5032115293979971,2.704786083826618,0.2841310134975513,0.31970702461320527,0.3041141809651828,ETTh1,raw,8424,8520,raw:8424:6,mid,low
0,0.07640534720531988,0.06622196641049029,0.49769285044972444,0.25,0.5627461093893623,2.828819188017034,0.3048031974948337,0.21344005468851154,0.3725164356280653,ETTh1,raw,8472,8568,raw:8472:0,low,low
1,0.1811635972156106,0.11993862687050258,0.5700886178627432,0.25,0.7388844199611819,2.828819188017034,0.3048031974948337,0.29039694731628546,0.4312292058186719,ETTh1,raw,8472,8568,raw:8472:1,mid,low
2,0.1117649664870245,0.061238849286172,0.5112758997992414,0.25,0.5209974266482363,2.828819188017034,0.3048031974948337,0.22809323852414595,0.35860020804769,ETTh1,raw,8472,8568,raw:8472:2,low,low
3,0.043441601189425416,0.13537283866581035,0.6097854920063445,0.375,0.7594990339963656,2.828819188017034,0.3048031974948337,0.26286664395386006,0.47976741049706645,ETTh1,raw,8472,8568,raw:8472:3,low,mid
4,0.27322023687027797,0.05395274136087464,0.48936834370440035,0.375,0.7536555120267953,2.828819188017034,0.3048031974948337,0.2721804406451843,0.477819569840543,ETTh1,raw,8472,8568,raw:8472:4,low,mid
5,0.2298195929013097,0.10401708850030994,0.34299319639446874,0.25,0.6702510400174757,2.828819188017034,0.3048031974948337,0.22560995926536279,0.4083514125041032,ETTh1,raw,8472,8568,raw:8472:5,low,low
6,0.010428241497479007,0.31507766587207275,0.41238487701194215,0.125,0.6758368494255923,2.828819188017034,0.3048031974948337,0.2459635947938313,0.36854668230680865,ETTh1,raw,8472,8568,raw:8472:6,low,low
0,0.1705700777957273,0.09488215968150229,0.32908112481987256,0.25,0.5191293045643481,2.7121577484511517,0.2853596242662592,0.19817778743236736,0.35149630961020245,ETTh1,raw,8496,8592,raw:8496:0,low,low
1,0.39127286138018313,0.20730299715150013,0.3907006246780221,0.375,0.8833444143519029,2.7121577484511517,0.2853596242662592,0.32975882773656845,0.5145680128727207,ETTh1,raw,8496,8592,raw:8496:1,mid,mid
2,0.2146714051227926,0.10154507700717075,0.25693595425058907,0.25,0.4841288011351945,2.7121577484511517,0.2853596242662592,0.19105081212685082,0.33982947513381795,ETTh1,raw,8496,8592,raw:8496:2,low,low
3,0.25477543967333083,0.1456451494639028,0.31296588268144143,0.5,0.9054705021631401,2.7121577484511517,0.2853596242662592,0.23779549060622504,0.5636100421431331,ETTh1,raw,8496,8592,raw:8496:3,low,high
4,0.3014398209207013,0.10189933230362808,0.3828750478710977,0.375,0.841458903039041,2.7121577484511517,0.2853596242662592,0.26207140036514237,0.5006061757684335,ETTh1,raw,8496,8592,raw:8496:4,low,mid
5,0.3433543202307332,0.23778765974777005,0.4802761293596604,0.375,0.7914468329063354,2.7121577484511517,0.2853596242662592,0.3538060364460545,0.48393548572419826,ETTh1,raw,8496,8592,raw:8496:5,mid,mid
6,0.3195502206515315,0.104179625870592,0.0938214547515128,0.25,0.6032177537241488,2.7121577484511517,0.2853596242662592,0.1725171004245454,0.37952579266346936,ETTh1,raw,8496,8592,raw:8496:6,low,low
0,0.5114564973638682,0.0817834431627116,0.3762703670215879,0.25,0.5489451798269546,3.2359880681741884,0.3726646774079236,0.3231701025160559,0.3905366190782927,ETTh1,raw,8544,8640,raw:8544:0,mid,low
1,0.3799892313378611,0.13986325386013326,0.4730613515114538,0.375,0.9074993598051216,3.2359880681741884,0.3726646774079236,0.3309712789031494,0.5517213457376818,ETTh1,raw,8544,8640,raw:8544:1,mid,mid
2,0.41155520364461284,0.0767278527392916,0.3072553673253279,0.125,0.5266855009292345,3.2359880681741884,0.3726646774079236,0.2651794745697441,0.3414500594457193,ETTh1,raw,8544,8640,raw:8544:2,low,low
3,0.2599016594986311,0.15925410387557914,0.6209975316182794,0.5,0.9210335096338921,3.2359880681741884,0.3726646774079236,0.34671776499749657,0.5978993956806052,ETTh1,raw,8544,8640,raw:8544:3,mid,high
4,0.4743572507085535,0.1845939671368944,0.3480165001617923,0.625,0.9121322344775592,3.2359880681741884,0.3726646774079236,0.3356559060024134,0.6365989706284944,ETTh1,raw,8544,8640,raw:8544:4,mid,high
5,0.6034807643619438,0.3192275884690231,0.43802181255737055,0.375,0.8836623253009818,3.2359880681741884,0.3726646774079236,0.45357672179611247,0.5437756675696351,ETTh1,raw,8544,8640,raw:8544:5,high,mid
6,0.8440216393801567,0.09749049993650048,0.9157334861306784,0.25,0.7847988672419552,3.2359880681741884,0.3726646774079236,0.6190818751491118,0.46915451488329296,ETTh1,raw,8544,8640,raw:8544:6,high,mid
0,0.3569314743240466,0.08584756224374657,0.31619153664004185,0.25,0.5741501285238144,3.5425618960232055,0.4237603152976004,0.25299019106927834,0.4159701479404716,ETTh1,raw,8568,8664,raw:8568:0,low,low
1,0.5216674376601484,0.17997941710256174,0.4652215207614823,0.625,0.8867657750384518,3.5425618960232055,0.4237603152976004,0.3889561251747308,0.6451753634453506,ETTh1,raw,8568,8664,raw:8568:1,high,high
2,0.2986948427647005,0.08761599869361299,0.32886012220863087,0.25,0.5608900728930603,3.5425618960232055,0.4237603152976004,0.23839032122231477,0.4115501293968869,ETTh1,raw,8568,8664,raw:8568:2,low,low
3,0.46572379645424367,0.17517568858352317,0.47910649046530135,0.75,0.8869078717381216,3.5425618960232055,0.4237603152976004,0.3733353251676894,0.6868893956785739,ETTh1,raw,8568,8664,raw:8568:3,mid,high
4,0.5984762980131209,0.17788608832637143,0.706599873843216,0.875,0.8616261917148046,3.5425618960232055,0.4237603152976004,0.49432075339423615,0.7201288356708018,ETTh1,raw,8568,8664,raw:8568:4,high,high
5,0.3518765598932645,0.2438654091065814,0.6059896688823986,0.375,0.8317532199050917,3.5425618960232055,0.4237603152976004,0.4005772126274148,0.5435045117342306,ETTh1,raw,8568,8664,raw:8568:5,high,mid
6,0.7714563482205374,0.5161651302994155,0.0568953396674731,0.125,0.7613235222357414,3.5425618960232055,0.4237603152976004,0.448172272729142,0.43669461251111397,ETTh1,raw,8568,8664,raw:8568:6,high,low
0,0.28987616959359774,0.030975306466002387,0.22178670843579068,0.25,0.5254828536440175,3.7055077391725937,0.4509179557772357,0.18087939483179694,0.40880026980708434,ETTh1,raw,8592,8688,raw:8592:0,low,low
1,0.6545618199954915,0.13896467355861636,0.43007707598453426,0.5,0.8489906779586722,3.7055077391725937,0.4509179557772357,0.40786785651288066,0.599969544578636,ETTh1,raw,8592,8688,raw:8592:1,high,high
2,0.13936533872078838,0.034802615949807714,0.2734217067693012,0.25,0.5167455341223289,3.7055077391725937,0.4509179557772357,0.1491965538132991,0.40588782996652156,ETTh1,raw,8592,8688,raw:8592:2,low,low
3,0.2729158395202783,0.12839675054316418,0.5642099569741782,0.625,0.8361481449195796,3.7055077391725937,0.4509179557772357,0.32184084901254023,0.6373553668989383,ETTh1,raw,8592,8688,raw:8592:3,mid,high
4,0.4322906145026334,0.11947420326751171,0.4482406659836166,0.625,0.7957752936345363,3.7055077391725937,0.4509179557772357,0.3333351612512539,0.6238977498039239,ETTh1,raw,8592,8688,raw:8592:4,mid,high
5,0.630007302275718,0.11224130317401063,0.48578530263333736,0.25,0.6836782720985137,3.7055077391725937,0.4509179557772357,0.40934463602768867,0.4615320759585832,ETTh1,raw,8592,8688,raw:8592:5,high,mid
6,0.596435163988922,0.17116122699140768,0.396358396388807,0.125,0.7773919843064498,3.7055077391725937,0.4509179557772357,0.38798492912304555,0.4511033133612285,ETTh1,raw,8592,8688,raw:8592:6,high,low
0,0.35810972243384254,0.05506157832021643,0.3545394487497485,0.25,0.3953550823753204,3.5541974304109183,0.42569957102565376,0.2559035831679358,0.3570182178003247,ETTh1,raw,8640,8736,raw:8640:0,low,low
1,0.7625155997581319,0.3177901803329577,0.8477641466624762,0.25,0.8598578865385894,3.5541974304109183,0.42569957102565376,0.6426899755845219,0.5118524858547477,ETTh1,raw,8640,8736,raw:8640:1,high,mid
2,0.19274565266042065,0.05418047500168216,0.23482819649217113,0.25,0.3988040252669393,3.5541974304109183,0.42569957102565376,0.16058477471809132,0.3581678654308644,ETTh1,raw,8640,8736,raw:8640:2,low,low
3,0.699276966033642,0.183832086608251,0.33970078461003145,0.5,0.8455898890404275,3.5541974304109183,0.42569957102565376,0.4076032790839748,0.590429820022027,ETTh1,raw,8640,8736,raw:8640:3,high,high
4,0.38105601473570283,0.594084643868952,0.5264383593199227,0.625,0.9751962978224983,3.5541974304109183,0.42569957102565376,0.5005263393081925,0.6752986229493839,ETTh1,raw,8640,8736,raw:8640:4,high,high
5,0.14464367985450188,0.287706288429632,0.6142635758182264,0.25,0.880535931647603,3.5541974304109183,0.42569957102565376,0.34887118136745343,0.5187451675577522,ETTh1,raw,8640,8736,raw:8640:5,mid,mid
6,0.252894344347129,0.05834665958413362,0.45201969255568075,0.375,0.6818019533666709,3.5541974304109183,0.42569957102565376,0.2544202321623144,0.4941671747974416,ETTh1,raw,8640,8736,raw:8640:6,low,mid
0,0.4461758225481146,0.16941629655903612,0.4575906563602055,0.375,0.4136217822762007,3.8450497705734534,0.47417496097195067,0.35772759182245206,0.42093224774938376,ETTh1,raw,8664,8760,raw:8664:0,mid,low
1,0.6534178508321326,0.1372744493454492,0.1542916791227665,0.25,0.8471281592447589,3.8450497705734534,0.47417496097195067,0.31499465976678276,0.5237677067389032,ETTh1,raw,8664,8760,raw:8664:1,mid,mid
2,0.49390578005742836,0.14545471494731257,0.36779728402332895,0.375,0.42029466439263263,3.8450497705734534,0.47417496097195067,0.3357192596760233,0.4231565417881944,ETTh1,raw,8664,8760,raw:8664:2,mid,low
3,0.50366984489596,0.24452449102123025,0.5059745389391028,0.5,0.8877386054538182,3.8450497705734534,0.47417496097195067,0.4180562916187644,0.6206378554752563,ETTh1,raw,8664,8760,raw:8664:3,high,high
4,0.49992993523312146,0.2617433045353359,0.37743423627003336,0.625,0.9184739098751042,3.8450497705734534,0.47417496097195067,0.37970249201283024,0.6725496236156849,ETTh1,raw,8664,8760,raw:8664:4,high,high
5,0.73421245850103,0.15806505628762801,0.14606325130532327,0.75,0.9255974443527575,3.8450497705734534,0.47417496097195067,0.3461135886979938,0.7165908017749026,ETTh1,raw,8664,8760,raw:8664:5,mid,high
6,0.44449373640031786,0.5232589543438089,0.19428982401243,0.5,0.917283660600299,3.8450497705734534,0.47417496097195067,0.3873475049188522,0.6304862071907499,ETTh1,raw,8664,8760,raw:8664:6,high,high
0,0.4367067564949705,0.14712331909779383,0.28039492945886785,0.375,0.6865720658264236,3.1433789865925976,0.35722983050338325,0.2880750016838774,0.47293396544326893,ETTh1,raw,8712,8808,raw:8712:0,mid,mid
1,0.4495009051587012,0.23356366154680036,0.47736416951494665,0.5,0.8305774809860594,3.1433789865925976,0.35722983050338325,0.3868095787401494,0.5626024371631475,ETTh1,raw,8712,8808,raw:8712:1,high,high
2,0.42378705604382216,0.13435979290744376,0.2204389352888271,0.25,0.6730404283777286,3.1433789865925976,0.35722983050338325,0.2595285947466977,0.42675675296037063,ETTh1,raw,8712,8808,raw:8712:2,low,low
3,0.22390442209198635,0.2425946542173194,0.5715506217659191,0.5,0.8296837932556199,3.1433789865925976,0.35722983050338325,0.3460165660250749,0.5623045412530011,ETTh1,raw,8712,8808,raw:8712:3,mid,high
4,0.4081680640542482,0.19875639580262988,0.33428406505228414,0.625,0.9105921550088869,3.1433789865925976,0.35722983050338325,0.3137361749697208,0.6309406618374234,ETTh1,raw,8712,8808,raw:8712:4,mid,high
5,0.4032786873472023,0.29248480838263274,0.5066187890783773,0.5,0.921649109418297,3.1433789865925976,0.35722983050338325,0.4007940949360708,0.5929596466405601,ETTh1,raw,8712,8808,raw:8712:5,high,high
6,0.6033726288942078,0.2874659663047931,0.08235433887007357,0.625,0.8735146342242516,3.1433789865925976,0.35722983050338325,0.3243976446896915,0.6185814882425449,ETTh1,raw,8712,8808,raw:8712:6,mid,high
0,0.13323260641583778,0.2062142884215103,0.6660365662174239,0.375,0.6705563760690082,4.212580202900975,0.5354300329244458,0.335161153684924,0.5269954696644846,ETTh1,raw,8736,8832,raw:8736:0,mid,mid
1,0.26736922385269,0.3154770666198739,0.46750954495452757,0.375,0.9163842311773202,4.212580202900975,0.5354300329244458,0.35011861180903053,0.608938088033922,ETTh1,raw,8736,8832,raw:8736:1,mid,high
2,0.1593688534804445,0.19798756641026416,0.7113840024688742,0.25,0.6484081747470218,4.212580202900975,0.5354300329244458,0.3562468074531943,0.4779460692238226,ETTh1,raw,8736,8832,raw:8736:2,mid,mid
3,0.28903064013021895,0.31453298974269783,0.4831471913671693,0.375,0.947206116707383,4.212580202900975,0.5354300329244458,0.3622369404133621,0.6192120498772762,ETTh1,raw,8736,8832,raw:8736:3,mid,high
4,0.4466528040565847,0.09583311615369258,0.3821403455513399,1.0,0.8602689865049284,4.212580202900975,0.5354300329244458,0.3082087552538724,0.7985663398097914,ETTh1,raw,8736,8832,raw:8736:4,mid,high
5,0.3876970102582119,0.10163380002525514,0.40350203633632087,0.25,0.8249065392736086,4.212580202900975,0.5354300329244458,0.2976109488732626,0.5367788573993515,ETTh1,raw,8736,8832,raw:8736:5,mid,mid
6,0.5512775312280491,0.3052426629722562,0.486523522274062,0.5,0.9339717164234451,4.212580202900975,0.5354300329244458,0.4476812388247891,0.6564672497826303,ETTh1,raw,8736,8832,raw:8736:6,high,high
0,0.4563795288667606,0.1379278186964789,0.4954790161741605,0.25,0.6575818727952469,3.272455537925841,0.37874258902306923,0.3632621212458,0.42877482060610533,ETTh1,raw,8760,8856,raw:8760:0,mid,low
1,0.5375654273501045,0.24074944142465388,0.4323493802816518,0.5,0.8574801452415786,3.272455537925841,0.37874258902306923,0.40355474968547006,0.5787409114215493,ETTh1,raw,8760,8856,raw:8760:1,high,high
2,0.5721690697936597,0.1338870832555601,0.5060894470861046,0.125,0.6254129823105312,3.272455537925841,0.37874258902306923,0.40404853337844143,0.37638519044453345,ETTh1,raw,8760,8856,raw:8760:2,high,low
3,0.6089013054862731,0.17043266765240528,0.5327834996661371,0.5,0.881882965290628,3.272455537925841,0.37874258902306923,0.4373724909349385,0.5868751847712325,ETTh1,raw,8760,8856,raw:8760:3,high,high
4,0.42852393836531066,0.1516702964434134,0.41983071602449806,0.625,0.7989891392328914,3.272455537925841,0.37874258902306923,0.3333416502777407,0.6009105760853202,ETTh1,raw,8760,8856,raw:8760:4,mid,high
5,0.0336966054769966,0.1253263384738912,0.45766084042152005,0.125,0.8178879974890301,3.272455537925841,0.37874258902306923,0.2055612614574693,0.4405435288373664,ETTh1,raw,8760,8856,raw:8760:5,low,low
6,0.7655524124757386,0.311453121980808,0.23430392119179794,0.375,0.9446275997679198,3.272455537925841,0.37874258902306923,0.4371031518827815,0.566123396263663,ETTh1,raw,8760,8856,raw:8760:6,high,high
0,0.4101128951148181,0.06554263594441527,0.3226189758864252,0.25,0.5022249975910879,3.1019685878167773,0.35032809738558274,0.2660915023152195,0.36751769832555686,ETTh1,raw,8808,8904,raw:8808:0,low,low
1,0.7345682363672306,0.06575650190565857,0.5690803760012999,0.375,0.8514452003727615,3.1019685878167773,0.35032809738558274,0.4564683714247297,0.5255910992527814,ETTh1,raw,8808,8904,raw:8808:1,high,mid
2,0.2515570597514736,0.053640734486461505,0.28129464546897226,0.25,0.47786457671994026,3.1019685878167773,0.35032809738558274,0.19549747990230246,0.3593975580351743,ETTh1,raw,8808,8904,raw:8808:2,low,low
3,0.7282147084428281,0.05899722854828393,0.7442465821256515,0.25,0.8900176505980617,3.1019685878167773,0.35032809738558274,0.5104861730389212,0.49678191599454813,ETTh1,raw,8808,8904,raw:8808:3,high,mid
4,0.4129872957741718,0.20311096904378678,0.4356854344044335,0.75,0.8738128751115404,3.1019685878167773,0.35032809738558274,0.35059456640746406,0.6580469908323744,ETTh1,raw,8808,8904,raw:8808:4,mid,high
5,0.38419899205670505,0.19801037139702576,0.1865951304838357,0.25,0.8757517390341973,3.1019685878167773,0.35032809738558274,0.2562681646458555,0.49202661213992666,ETTh1,raw,8808,8904,raw:8808:5,low,mid
6,0.7669029178109104,0.34119528051615355,0.06902252152416168,1.0,0.9455136030398864,3.1019685878167773,0.35032809738558274,0.3923735732837419,0.7652805668084898,ETTh1,raw,8808,8904,raw:8808:6,high,high
0,0.23747994288478602,0.05878817849631411,0.24585090832406334,0.25,0.42741308528268696,3.48238285405579,0.4137304749864142,0.1807063432350545,0.36371452008970034,ETTh1,raw,8832,8928,raw:8832:0,low,low
1,0.8520639293990002,0.3033665217040895,0.09567721872112615,0.25,0.8180413951937026,3.48238285405579,0.4137304749864142,0.4170358899414053,0.4939239567267056,ETTh1,raw,8832,8928,raw:8832:1,high,mid
2,0.10031579313555228,0.06493751005275347,0.24686669186553653,0.25,0.42393909494047133,3.48238285405579,0.4137304749864142,0.1373733316846141,0.3625565233089618,ETTh1,raw,8832,8928,raw:8832:2,low,low
3,0.8315412509737535,0.2461583850595278,0.11621934914002784,0.25,0.846169460331467,3.48238285405579,0.4137304749864142,0.39797299505776973,0.5032999784392936,ETTh1,raw,8832,8928,raw:8832:3,high,mid
4,0.37784352550114486,0.051874263795447184,0.6509550257597354,0.625,0.7849478852988789,3.48238285405579,0.4137304749864142,0.36022427168544247,0.6078927867617644,ETTh1,raw,8832,8928,raw:8832:4,mid,high
5,0.43890267120316884,0.24040885529186434,0.38480282100835983,0.5,0.9269981324284805,3.48238285405579,0.4137304749864142,0.35470478250113097,0.6135762024716315,ETTh1,raw,8832,8928,raw:8832:5,mid,high
6,0.7598949026676477,0.23751257246763613,0.2459534225437856,0.375,0.8810839223580387,3.48238285405579,0.4137304749864142,0.41445363255968976,0.5566047991148176,ETTh1,raw,8832,8928,raw:8832:6,high,mid
0,0.20939077434558384,0.05036577031777267,0.47419817040026496,0.25,0.41174792235831636,4.500091525961754,0.5833485866880448,0.2446515716878738,0.4150321696821204,ETTh1,raw,8880,8976,raw:8880:0,low,low
1,0.5120921255765474,0.22670401818042085,0.46056381252929135,0.375,0.8976318600111922,4.500091525961754,0.5833485866880448,0.39978665209541986,0.6186601488997456,ETTh1,raw,8880,8976,raw:8880:1,high,high
2,0.048323446131351755,0.044874999706863386,0.2602867087663911,0.25,0.39608436073109216,4.500091525961754,0.5833485866880448,0.11782838486820207,0.40981098247304565,ETTh1,raw,8880,8976,raw:8880:2,low,low
3,0.20221738204229955,0.1260067363415768,0.4382175107254409,0.5,0.882254654776417,4.500091525961754,0.5833485866880448,0.2554805430364391,0.655201080488154,ETTh1,raw,8880,8976,raw:8880:3,low,high
4,0.3778435255011451,0.3028630597668397,0.4347029769988114,0.625,0.9196412105326466,4.500091525961754,0.5833485866880448,0.37180318742226537,0.7093299324068972,ETTh1,raw,8880,8976,raw:8880:4,mid,high
5,0.010868782742942673,0.19105874410937207,0.45994170750161106,0.375,0.9146540266820485,4.500091525961754,0.5833485866880448,0.2206230781179753,0.6243342044566978,ETTh1,raw,8880,8976,raw:8880:5,low,high
6,0.7919934211274392,0.2873324860821078,0.6492650182920858,0.625,0.9892255540116364,4.500091525961754,0.5833485866880448,0.5761969751672109,0.7325247135665603,ETTh1,raw,8880,8976,raw:8880:6,high,high
0,0.26844000661053025,0.0367799727408539,0.5286205643045161,0.25,0.4672050728665056,4.3526671019255305,0.5587778493896254,0.27794684788530005,0.42532764075204366,ETTh1,raw,8904,9000,raw:8904:0,low,low
1,0.4791968062756494,0.10150619788641534,0.5348116877373766,0.75,0.8293295715959631,4.3526671019255305,0.5587778493896254,0.37183823063314714,0.7127024736618628,ETTh1,raw,8904,9000,raw:8904:1,mid,high
2,0.18615968263655203,0.03288327736020795,0.4061713208625408,0.125,0.44354341146217635,4.3526671019255305,0.5587778493896254,0.20840476028643362,0.3757737536172672,ETTh1,raw,8904,9000,raw:8904:2,low,low
3,0.43916814638104085,0.1415746537570639,0.3695599046767859,0.75,0.8481864800519413,4.3526671019255305,0.5587778493896254,0.3167675682716302,0.7189881098138556,ETTh1,raw,8904,9000,raw:8904:3,mid,high
4,0.6391050811922545,0.15626518333725115,0.47145377850373427,0.75,0.9316571007646173,4.3526671019255305,0.5587778493896254,0.42227468101107996,0.7468116500514143,ETTh1,raw,8904,9000,raw:8904:4,high,high
5,0.6036016667324604,0.23327295812164467,0.33600686251558404,0.5,0.8493606138549247,4.3526671019255305,0.5587778493896254,0.3909604957898964,0.63604615441485,ETTh1,raw,8904,9000,raw:8904:5,high,high
6,0.7979780879306635,0.2284564445930949,0.3594727538564707,0.5,0.8615978720156331,4.3526671019255305,0.5587778493896254,0.4619690954600764,0.6401252404684196,ETTh1,raw,8904,9000,raw:8904:6,high,high
0,0.12979597896839357,0.05191063544363565,0.3160656051444134,0.25,0.46495789261849807,4.006358916537798,0.5010598185878666,0.16592407318548089,0.40533923706878827,ETTh1,raw,8928,9024,raw:8928:0,low,low
1,0.13006997725977765,0.14648994195069764,0.5051658416031374,0.375,0.8802548294809952,4.006358916537798,0.5010598185878666,0.26057525360453754,0.585438216022954,ETTh1,raw,8928,9024,raw:8928:1,low,high
2,0.22698529701210635,0.0539291840534101,0.30485772765050656,0.25,0.45526762244740443,4.006358916537798,0.5010598185878666,0.195257402905341,0.402109147011757,ETTh1,raw,8928,9024,raw:8928:2,low,low
3,0.1483783949524876,0.10682911944954143,0.5016478967342939,0.625,0.9157713091378905,4.006358916537798,0.5010598185878666,0.252285137045441,0.6806103759085858,ETTh1,raw,8928,9024,raw:8928:3,low,high
4,0.39084430873939136,0.32851003202677254,0.3541384325542831,0.625,0.943258300079819,4.006358916537798,0.5010598185878666,0.357830924440149,0.6897727062225618,ETTh1,raw,8928,9024,raw:8928:4,mid,high
5,0.5368653968762356,0.1067443264024918,0.3806353776965583,0.5,0.8995493735015213,4.006358916537798,0.5010598185878666,0.3414150336584285,0.6335363973631293,ETTh1,raw,8928,9024,raw:8928:5,mid,high
6,0.5527382061970725,0.25747388482863437,0.22245953892693615,0.25,0.8206707261472662,4.006358916537798,0.5010598185878666,0.344223876650881,0.5239101815783775,ETTh1,raw,8928,9024,raw:8928:6,mid,mid
0,0.5038161036953019,0.039438709671470576,0.34741713932977525,0.25,0.4963908347443561,3.6170601481360523,0.43617669062904757,0.29689065089884925,0.3941891751244679,ETTh1,raw,8976,9072,raw:8976:0,mid,low
1,0.4347910555761684,0.19277625629925738,0.5967756333392221,0.25,0.8746915912795877,3.6170601481360523,0.43617669062904757,0.4081143150715493,0.5202894273028785,ETTh1,raw,8976,9072,raw:8976:1,high,mid
2,0.3807211260854446,0.030105182284796125,0.30838540182966867,0.25,0.4712766700642574,3.6170601481360523,0.43617669062904757,0.23973723673330313,0.38581778689776836,ETTh1,raw,8976,9072,raw:8976:2,low,low
3,0.37209066217862685,0.1309412140011863,0.6787338549343205,0.5,0.8952677154640465,3.6170601481360523,0.43617669062904757,0.39392191037137786,0.610481468697698,ETTh1,raw,8976,9072,raw:8976:3,high,high
4,0.7120662558495859,0.12184031903297957,0.42542048268578914,0.625,0.8016991448008398,3.6170601481360523,0.43617669062904757,0.4197756858561182,0.6209586118099625,ETTh1,raw,8976,9072,raw:8976:4,high,high
5,0.6531454788859092,0.27599006171953017,0.41717605207954817,1.0,0.9128801584677771,3.6170601481360523,0.43617669062904757,0.44877053089499586,0.7830189496989415,ETTh1,raw,8976,9072,raw:8976:5,high,high
6,0.8709271411851504,0.23701229462113563,0.11384301336421672,0.5,0.9227127409088458,3.6170601481360523,0.43617669062904757,0.4072608163901676,0.6196298105126311,ETTh1,raw,8976,9072,raw:8976:6,high,high
0,0.34497136582783483,0.04081953878447748,0.0864760671213388,0.25,0.3785388325992057,3.3043909143388897,0.38406515174970635,0.15742232391121705,0.33753466144963734,ETTh1,raw,9000,9096,raw:9000:0,low,low
1,0.4734697180387284,0.40214665997191756,0.1538628031452325,0.25,0.8430150529601601,3.3043909143388897,0.38406515174970635,0.3431597270519595,0.4923600682366221,ETTh1,raw,9000,9096,raw:9000:1,mid,mid
2,0.25848326222280515,0.04300658274392763,0.02430170821201782,0.25,0.3709429272261509,3.3043909143388897,0.38406515174970635,0.10859718439291688,0.33500269299195234,ETTh1,raw,9000,9096,raw:9000:2,low,low
3,0.4508082017041495,0.24893450777836756,0.13907629333447843,0.375,0.8392932519186158,3.3043909143388897,0.38406515174970635,0.27960633427233184,0.5327861345561073,ETTh1,raw,9000,9096,raw:9000:3,mid,mid
4,0.3986401821343042,0.07791136420048445,0.336860032380036,0.625,0.7458275358090493,3.3043909143388897,0.38406515174970635,0.27113719290494154,0.5849642291862519,ETTh1,raw,9000,9096,raw:9000:4,low,high
5,0.7007716556223663,0.19693323152408698,0.31534465368394726,0.0,0.8419677865706012,3.3043909143388897,0.38406515174970635,0.4043498469434668,0.4086776461067692,ETTh1,raw,9000,9096,raw:9000:5,high,low
6,0.797448202851283,0.20511336341533623,0.20266059679769086,0.5,0.9217322163200822,3.3043909143388897,0.38406515174970635,0.4017407210214367,0.6019324560232628,ETTh1,raw,9000,9096,raw:9000:6,high,high
0,0.4091766385561666,0.02445466990264628,0.3917160723474206,0.25,0.3415720955835874,4.613575935150817,0.6022626548546984,0.27511579360207783,0.397944916812762,ETTh1,raw,9048,9144,raw:9048:0,low,low
1,0.6104709624930751,0.16782504877523585,0.31051723587305907,0.875,0.8861203684065881,4.613575935150817,0.6022626548546984,0.36293774904712334,0.7877943410870955,ETTh1,raw,9048,9144,raw:9048:1,mid,high
2,0.327963151856033,0.020153781687909735,0.432069038439369,0.25,0.34043485330336004,4.613575935150817,0.6022626548546984,0.2600619906611039,0.3975658360526862,ETTh1,raw,9048,9144,raw:9048:2,low,low
3,0.3486759024611422,0.1649036897681262,0.5332630903901534,0.5,0.8606112088287821,4.613575935150817,0.6022626548546984,0.34894756087314055,0.6542912878944934,ETTh1,raw,9048,9144,raw:9048:3,mid,high
4,0.3066968394786359,0.05471581299174071,0.4905044474423128,0.625,0.7406088950745024,4.613575935150817,0.6022626548546984,0.28397236663756315,0.6559571833097336,ETTh1,raw,9048,9144,raw:9048:4,mid,high
5,0.984532174429903,0.09789334184498527,0.015995619674550925,0.125,0.787793812499369,4.613575935150817,0.6022626548546984,0.36614037864981314,0.5050188224513558,ETTh1,raw,9048,9144,raw:9048:5,mid,mid
6,0.7008831435109102,0.32412016461671767,0.6449058825489696,0.75,0.9433974113328742,4.613575935150817,0.6022626548546984,0.5566363968921991,0.7652200220625242,ETTh1,raw,9048,9144,raw:9048:6,high,high
0,0.3079821060179858,0.030892457487874565,0.25285131415739903,0.25,0.3365888880552863,3.719196606999159,0.4531994337445275,0.19724195922108648,0.3465961072666046,ETTh1,raw,9072,9168,raw:9072:0,low,low
1,0.3529824847092715,0.21256359134386807,0.27746378585866577,0.25,0.8295151908197891,3.719196606999159,0.4531994337445275,0.28100328730393515,0.5109048748547722,ETTh1,raw,9072,9168,raw:9072:1,mid,mid
2,0.3703889731572684,0.02887826177430821,0.1799387756793751,0.25,0.3354795172049555,3.719196606999159,0.4531994337445275,0.19306867020365057,0.346226316983161,ETTh1,raw,9072,9168,raw:9072:2,low,low
3,0.41174567672387496,0.22406599570313862,0.2641609757543818,0.25,0.8570610186945269,3.719196606999159,0.4531994337445275,0.29999088272713176,0.5200868174796848,ETTh1,raw,9072,9168,raw:9072:3,mid,mid
4,0.6242460738712168,0.04036242458725802,0.4068001895345138,0.625,0.7627175462456367,3.719196606999159,0.4531994337445275,0.35713622933099626,0.6136389933300547,ETTh1,raw,9072,9168,raw:9072:4,mid,high
5,0.4468695339036145,0.2679178234603592,0.4776579323929479,0.125,0.9000503274015405,3.719196606999159,0.4531994337445275,0.39748176325230716,0.49274992038202264,ETTh1,raw,9072,9168,raw:9072:5,high,mid
6,0.7783986460262448,0.2671273152110745,0.3280902457043767,0.5,0.8993198365129296,3.719196606999159,0.4531994337445275,0.4578720689805653,0.6175064234191524,ETTh1,raw,9072,9168,raw:9072:6,high,high
0,0.21875106394722854,0.009683913116841528,0.3467961332587181,0.125,0.2046563687955884,4.1357449887895,0.5226241639272097,0.1917437034409294,0.2840935109075993,ETTh1,raw,9120,9216,raw:9120:0,low,low
1,0.28941392150403455,0.17783505165564356,0.5184511100513963,0.375,0.7912636984787861,4.1357449887895,0.5226241639272097,0.3285666944036915,0.5629626208019985,ETTh1,raw,9120,9216,raw:9120:1,mid,high
2,0.11246258137950493,0.0069758893648153445,0.1156500127846728,0.25,0.21167388461585412,4.1357449887895,0.5226241639272097,0.0783628278429977,0.3280993495143546,ETTh1,raw,9120,9216,raw:9120:2,low,low
3,0.1687019141615268,0.11688807488660527,0.5052676449933472,0.5,0.7904761083222424,4.1357449887895,0.5226241639272097,0.26361921134715977,0.6043667574164839,ETTh1,raw,9120,9216,raw:9120:3,low,high
4,0.16841426460920905,0.061885933115159115,0.4362991690092383,0.5,0.7746203704593609,4.1357449887895,0.5226241639272097,0.22219978891120218,0.5990815114621902,ETTh1,raw,9120,9216,raw:9120:4,low,high
5,0.35784771066865884,0.19235323661604847,0.829317303322189,1.0,0.9373442180039381,4.1357449887895,0.5226241639272097,0.45983941686896546,0.8199894606437158,ETTh1,raw,9120,9216,raw:9120:5,high,high
6,0.5228350352366709,0.1482432693314957,0.5067564650208229,0.375,0.866778819586261,4.1357449887895,0.5226241639272097,0.3926115898629965,0.5881343278378236,ETTh1,raw,9120,9216,raw:9120:6,high,high
0,0.13777528844679388,0.004917166846513991,0.3132402629304708,0.125,0.18737345233292096,3.7199366692111084,0.45332277744631344,0.15197757274125956,0.25523207659307817,ETTh1,raw,9144,9240,raw:9144:0,low,low
1,0.3353578450775695,0.08275020560656943,0.45943726368548016,0.25,0.6702772495441611,3.7199366692111084,0.45332277744631344,0.292515104789873,0.4578666756634915,ETTh1,raw,9144,9240,raw:9144:1,mid,mid
2,0.07303857029316663,0.004796540345110742,0.22657615594584649,0.25,0.19239138373989803,3.7199366692111084,0.45332277744631344,0.10147042219470796,0.2985713870620705,ETTh1,raw,9144,9240,raw:9144:2,low,low
3,0.370751773903956,0.044632093711688844,0.4675624808398537,0.25,0.6859722360736604,3.7199366692111084,0.45332277744631344,0.29431544948516614,0.46309833783999127,ETTh1,raw,9144,9240,raw:9144:3,mid,mid
4,0.14392157053950416,0.0688558280164877,0.4181515514588492,0.5,0.7351266325715012,3.7199366692111084,0.45332277744631344,0.21030965000494703,0.5628164700059383,ETTh1,raw,9144,9240,raw:9144:4,low,high
5,0.20627966241139306,0.1674536118931234,0.520465287947039,0.75,0.9520263760537128,3.7199366692111084,0.45332277744631344,0.2980661874171851,0.7184497178333421,ETTh1,raw,9144,9240,raw:9144:5,mid,high
6,0.7744256055439064,0.07594078381495062,0.11912291103712187,0.5,0.9166114223904904,3.7199366692111084,0.45332277744631344,0.32316310013199295,0.6233113999456013,ETTh1,raw,9144,9240,raw:9144:6,mid,high
0,0.09522686428487992,0.008413012616524369,0.33818817064494394,0.125,0.16692099713681383,3.942028531567357,0.49033808777732935,0.14727601584878275,0.2607530283047144,ETTh1,raw,9168,9264,raw:9168:0,low,low
1,0.4448737517693586,0.07356831092379798,0.4258725090867203,0.25,0.6154631031784512,3.942028531567357,0.49033808777732935,0.3147715239266256,0.4519337303185935,ETTh1,raw,9168,9264,raw:9168:1,mid,low
2,0.08412432222575061,0.005195303674109582,0.26113697869045416,0.25,0.17604925368806157,3.942028531567357,0.49033808777732935,0.11681886819677145,0.3054624471551303,ETTh1,raw,9168,9264,raw:9168:2,low,low
3,0.35557190943939065,0.04754770320502727,0.38239134603165154,0.25,0.6673635685249679,3.942028531567357,0.49033808777732935,0.2618369862253565,0.4692338854340991,ETTh1,raw,9168,9264,raw:9168:3,low,mid
4,0.061751350245753955,0.0746977205671957,0.5217648918359151,0.375,0.7260833740305687,3.942028531567357,0.49033808777732935,0.21940465421628827,0.5304738206026327,ETTh1,raw,9168,9264,raw:9168:4,low,mid
5,0.41012216652401834,0.41079752009314474,0.5517264753562234,1.0,0.974201438605714,3.942028531567357,0.49033808777732935,0.4575487206577955,0.8215131754610144,ETTh1,raw,9168,9264,raw:9168:5,high,high
6,0.5798021271062496,0.28964360039129533,0.21954954345452538,0.625,0.9241707652691572,3.942028531567357,0.49033808777732935,0.36299842365069007,0.6798362843488288,ETTh1,raw,9168,9264,raw:9168:6,mid,high
0,0.25376138849249463,0.008255239139596674,0.25212664522987754,0.125,0.1962825712998838,3.823029167475327,0.4705048604617131,0.1713810909539896,0.2639291439205323,ETTh1,raw,9216,9312,raw:9216:0,low,low
1,0.3727009497012884,0.12170769744767933,0.4657114372373074,0.375,0.7619660498412083,3.823029167475327,0.4705048604617131,0.32004002812875837,0.5358236367676404,ETTh1,raw,9216,9312,raw:9216:1,mid,mid
2,0.13174740227132709,0.0019001686537001249,0.2142686864558648,0.25,0.16572887359439525,3.823029167475327,0.4705048604617131,0.11597208579363068,0.29541124468536945,ETTh1,raw,9216,9312,raw:9216:2,low,low
3,0.25761501680486276,0.042843514621465975,0.645751441078725,0.25,0.6130931705863489,3.823029167475327,0.4705048604617131,0.3154033241683512,0.44453267701602067,ETTh1,raw,9216,9312,raw:9216:3,mid,low
4,0.5740574474847708,0.02029999098410027,0.6043817388906885,0.375,0.6584445438095846,3.823029167475327,0.4705048604617131,0.3995797257865199,0.5013164680904326,ETTh1,raw,9216,9312,raw:9216:4,high,mid
5,0.43317048441460426,0.19777602656086962,0.5739214400570286,0.375,0.8916503558398263,3.823029167475327,0.4705048604617131,0.40162265034416755,0.5790517387671797,ETTh1,raw,9216,9312,raw:9216:5,high,high
6,0.6284435489345921,0.16116701688541002,0.6154089583939594,0.375,0.6054549497996907,3.823029167475327,0.4705048604617131,0.4683398414046538,0.4836532700871346,ETTh1,raw,9216,9312,raw:9216:6,high,mid
0,0.16335042066766603,0.014062380285139193,0.5591171218046916,0.25,0.27532209795693985,3.4146766797428842,0.4024461126197372,0.24550997425249896,0.3092560701922257,ETTh1,raw,9240,9336,raw:9240:0,low,low
1,0.4779963100589989,0.11177587092237065,0.5163819190206895,0.5,0.870339838053902,3.4146766797428842,0.4024461126197372,0.3687180333340197,0.5909286502245464,ETTh1,raw,9240,9336,raw:9240:1,mid,high
2,0.1135825940472357,0.0030167414028582605,0.15438495644332137,0.25,0.1712576280915755,3.4146766797428842,0.4024461126197372,0.09032809729780511,0.2745679135704376,ETTh1,raw,9240,9336,raw:9240:2,low,low
3,0.12130823946960712,0.05321507576858086,0.8851086438281133,0.25,0.6359979940724255,3.4146766797428842,0.4024461126197372,0.3532106530221004,0.4294813688973876,ETTh1,raw,9240,9336,raw:9240:3,mid,low
4,0.999999999393282,0.4373466155292751,0.8480096044824577,0.5,0.8871280503252814,3.4146766797428842,0.4024461126197372,0.7617854064683383,0.5965247209816729,ETTh1,raw,9240,9336,raw:9240:4,high,high
5,0.9999999999861032,0.12955440591631884,0.44225967198188315,0.125,0.7074904728688641,3.4146766797428842,0.4024461126197372,0.5239380259614351,0.41164552849620045,ETTh1,raw,9240,9336,raw:9240:5,high,low
6,0.41753384954033257,0.03960748010000914,0.36181732371942754,0.375,0.679804564195399,3.4146766797428842,0.4024461126197372,0.27298621778658977,0.48575022560504544,ETTh1,raw,9240,9336,raw:9240:6,low,mid
0,0.14681675047632237,0.010637648818633424,0.5635340631452,0.25,0.2810905671146598,1.3885960875385697,0.06476601448181825,0.24032948748005198,0.19861886053215935,ETTh1,raw,9288,9384,raw:9288:0,low,low
1,0.5818503409823502,0.10767079228141588,0.15210443609941288,0.5,0.8367064613819444,1.3885960875385697,0.06476601448181825,0.28054185645439295,0.46715749195458756,ETTh1,raw,9288,9384,raw:9288:1,mid,mid
2,0.1469067574175147,0.004744397232834384,0.714858974876939,0.25,0.17255348910412902,1.3885960875385697,0.06476601448181825,0.2888367098424293,0.1624398345286491,ETTh1,raw,9288,9384,raw:9288:2,mid,low
3,0.2241424483900204,0.03894786414451619,0.4094025864867295,0.25,0.6569755629246936,1.3885960875385697,0.06476601448181825,0.22416429967375537,0.32391385913550397,ETTh1,raw,9288,9384,raw:9288:3,low,low
4,0.0,0.025803147575330275,0.0,0.0,0.6468560140564631,1.3885960875385697,0.06476601448181825,0.008601049191776759,0.2372073428460938,ETTh1,raw,9288,9384,raw:9288:4,low,low
5,0.0,0.02636392606681595,0.0,0.0,0.7148266683919862,1.3885960875385697,0.06476601448181825,0.008787975355605318,0.2598642276246015,ETTh1,raw,9288,9384,raw:9288:5,low,low
6,0.49726877031501227,0.05099205543610154,0.39628530172701115,0.375,0.5016408577362803,1.3885960875385697,0.06476601448181825,0.31484870915937496,0.3138022907393662,ETTh1,raw,9288,9384,raw:9288:6,mid,low
0,0.0945958294470377,0.006113747834119753,0.25477315042486604,0.25,0.18054203737085575,2.529678535899788,0.254946422225054,0.11849424256867451,0.22849615319863656,ETTh1,raw,9312,9408,raw:9312:0,low,low
1,0.3225446974129561,0.05956827108247878,0.3982488438508373,0.25,0.7497023924668607,2.529678535899788,0.254946422225054,0.26012060411542404,0.4182162715639715,ETTh1,raw,9312,9408,raw:9312:1,low,low
2,0.08521307981611281,0.0065360793687221815,0.3080101042680186,0.25,0.1761765954123054,2.529678535899788,0.254946422225054,0.13325308781761788,0.2270410058791198,ETTh1,raw,9312,9408,raw:9312:2,low,low
3,0.2877719644754557,0.07054352871383092,0.5100678029553775,0.25,0.7226804405390973,2.529678535899788,0.254946422225054,0.289461098714888,0.4092089542547171,ETTh1,raw,9312,9408,raw:9312:3,mid,low
4,0.0,0.0,0.0,0.0,-0.0,2.529678535899788,0.254946422225054,0.0,0.08498214074168466,ETTh1,raw,9312,9408,raw:9312:4,low,low
5,0.0,0.0,0.0,0.0,-0.0,2.529678535899788,0.254946422225054,0.0,0.08498214074168466,ETTh1,raw,9312,9408,raw:9312:5,low,low
6,0.29369934737201353,0.04383502557247454,0.45942818917153283,0.375,0.4809570763699549,2.529678535899788,0.254946422225054,0.26565418737200697,0.37030116619833625,ETTh1,raw,9312,9408,raw:9312:6,low,low
0,0.20882682376595674,0.0030961635774552606,0.40291120737966185,0.25,0.1798546044063165,2.4920314894451945,0.24867191449307924,0.20494473157435797,0.22617550629979857,ETTh1,raw,9336,9432,raw:9336:0,low,low
1,0.2550057065273963,0.08588393038660605,0.3840056798930281,0.25,0.731575738730398,2.4920314894451945,0.24867191449307924,0.24163177226901014,0.4100825510744925,ETTh1,raw,9336,9432,raw:9336:1,low,low
2,0.18389810231097925,0.00269963900379183,0.3197853456532264,0.25,0.1745988031749043,2.4920314894451945,0.24867191449307924,0.16879436232266584,0.22442357255599452,ETTh1,raw,9336,9432,raw:9336:2,low,low
3,0.2807503352404799,0.06519814596114508,0.3795441294685964,0.25,0.7013372894733557,2.4920314894451945,0.24867191449307924,0.2418308702234071,0.40000306798881163,ETTh1,raw,9336,9432,raw:9336:3,low,low
4,0.0,0.0,0.0,0.0,-0.0,2.4920314894451945,0.24867191449307924,0.0,0.08289063816435975,ETTh1,raw,9336,9432,raw:9336:4,low,low
5,0.0,0.0,0.0,0.0,-0.0,2.4920314894451945,0.24867191449307924,0.0,0.08289063816435975,ETTh1,raw,9336,9432,raw:9336:5,low,low
6,0.20348967303521115,0.03718779552074992,0.6231894865079903,0.5,0.45340222180832584,2.4920314894451945,0.24867191449307924,0.2879556516879838,0.40069137876713495,ETTh1,raw,9336,9432,raw:9336:6,mid,low
0,0.3952950302935312,0.020711206267294717,0.41400210264295345,0.125,0.2980423535865791,1.3494387270472306,0.05823978774413878,0.2766694464012598,0.16042738044357263,ETTh1,raw,9384,9480,raw:9384:0,low,low
1,0.3495547412705756,0.16927099552098535,0.6415951606766573,0.375,0.8755943476865149,1.3494387270472306,0.05823978774413878,0.3868069658227394,0.43627804514355123,ETTh1,raw,9384,9480,raw:9384:1,high,low
2,0.24227016711015825,0.010764460094377246,0.6167916479520811,0.25,0.20831888991321268,1.3494387270472306,0.05823978774413878,0.2899420917188722,0.1721862258857838,ETTh1,raw,9384,9480,raw:9384:2,mid,low
3,0.36964440958545575,0.022790298403633627,0.3380507276703758,0.375,0.6998110012697293,1.3494387270472306,0.05823978774413878,0.24349514521982174,0.37768359633795595,ETTh1,raw,9384,9480,raw:9384:3,low,low
4,0.9999999981434713,0.13253538943509485,0.0,0.0,0.7545737016255678,1.3494387270472306,0.05823978774413878,0.37751179585952205,0.27093782978990216,ETTh1,raw,9384,9480,raw:9384:4,high,low
5,0.9999999978465393,0.050904175012727454,0.0,0.0,0.7417332458659094,1.3494387270472306,0.05823978774413878,0.35030139095308893,0.26665767787001604,ETTh1,raw,9384,9480,raw:9384:5,mid,low
6,0.6893684974478878,0.41829487091097384,0.2693933307101383,0.375,0.7934320982399974,1.3494387270472306,0.05823978774413878,0.4590188996896667,0.4088906286613787,ETTh1,raw,9384,9480,raw:9384:6,high,low
0,0.9918855642570592,0.23747870866570256,0.13498366736180614,0.125,0.525061166556191,2.573447101025993,0.2622411830672636,0.45478264676152264,0.3041007832078182,ETTh1,raw,9408,9504,raw:9408:0,high,low
1,0.99999999820179,0.15887528602033033,0.24942599258979478,0.25,0.7958289377430916,2.573447101025993,0.2622411830672636,0.46943375893730505,0.4360233736034517,ETTh1,raw,9408,9504,raw:9408:1,high,low
2,0.998629885520988,0.33162042016672083,0.19688213561262666,0.125,0.5577704160148246,2.573447101025993,0.2622411830672636,0.5090441471001118,0.31500386636069605,ETTh1,raw,9408,9504,raw:9408:2,high,low
3,0.9589279163536377,0.34657184149394604,0.5838243103934789,0.25,0.6548758399988325,2.573447101025993,0.2622411830672636,0.6297746894136876,0.3890390076886987,ETTh1,raw,9408,9504,raw:9408:3,high,low
4,1.0,0.1708409032411611,0.3137091046154924,0.375,0.8831532330872895,2.573447101025993,0.2622411830672636,0.4948500026188845,0.5067981387181844,ETTh1,raw,9408,9504,raw:9408:4,high,mid
5,1.0,0.06543545808285568,0.0261392516022634,0.25,0.7768482656346118,2.573447101025993,0.2622411830672636,0.3638582365617064,0.4296964829006251,ETTh1,raw,9408,9504,raw:9408:5,mid,low
6,0.9943010131454638,0.5034187120509361,0.18329006272539808,0.5,0.7689074915413344,2.573447101025993,0.2622411830672636,0.5603365959739327,0.5103828915361993,ETTh1,raw,9408,9504,raw:9408:6,high,mid
0,0.9921257547414578,0.39594185134295556,0.2026167031128556,0.25,0.7295011823763929,4.159590461850873,0.5265984094308148,0.5302281030657563,0.5020331972690693,ETTh1,raw,9456,9552,raw:9456:0,high,mid
1,0.9999999992771138,0.42431720512512133,0.28225772711837244,0.75,0.9327661293680993,4.159590461850873,0.5265984094308148,0.5688583105068692,0.7364548462663048,ETTh1,raw,9456,9552,raw:9456:1,high,high
2,0.9990650905841736,0.3832501590388897,0.19873818076070449,0.25,0.7322957957151734,4.159590461850873,0.5265984094308148,0.5270178101279226,0.5029647350486628,ETTh1,raw,9456,9552,raw:9456:2,high,mid
3,0.9849084295143745,0.21114124475378726,0.23874485931922293,0.75,0.9096259665431705,4.159590461850873,0.5265984094308148,0.4782648445291282,0.7287414586579951,ETTh1,raw,9456,9552,raw:9456:3,high,high
4,0.9962315379583461,0.4257602407815936,0.28151210486126554,1.0,0.9869309533666064,4.159590461850873,0.5265984094308148,0.5678346278670684,0.8378431209324737,ETTh1,raw,9456,9552,raw:9456:4,high,high
5,0.9696988704719229,0.34468993331967607,0.3710047203819671,0.25,0.7854438696026097,4.159590461850873,0.5265984094308148,0.5617978413911887,0.5206807596778082,ETTh1,raw,9456,9552,raw:9456:5,high,mid
6,0.948454474368364,0.11091512057647994,0.4999999987892047,1.0,0.937940961736704,4.159590461850873,0.5265984094308148,0.5197898645780162,0.8215131237225063,ETTh1,raw,9456,9552,raw:9456:6,high,high
0,0.9670383581023315,0.3306566591395662,0.06612682159058224,0.375,0.7908354145784713,2.830063891002826,0.30501064799211997,0.45460727961082664,0.49028202085686373,ETTh1,raw,9480,9576,raw:9480:0,high,mid
1,0.9696411310539558,0.191952411491579,0.05065461515733666,0.5,0.9520966979283328,2.830063891002826,0.30501064799211997,0.40408271923429046,0.585702448640151,ETTh1,raw,9480,9576,raw:9480:1,high,high
2,0.9295561814183722,0.334166052197015,0.06995737813484369,0.375,0.7736897049696698,2.830063891002826,0.30501064799211997,0.44455987058341023,0.4845667843205966,ETTh1,raw,9480,9576,raw:9480:2,high,mid
3,0.9999999972274076,0.21422605279293355,0.12030814999331209,0.625,0.9645064115213516,2.830063891002826,0.30501064799211997,0.44484473333788443,0.6315056865044906,ETTh1,raw,9480,9576,raw:9480:3,high,high
4,0.9916207915858473,0.21372281354841713,0.20613618178887394,0.5,0.9277619350485838,2.830063891002826,0.30501064799211997,0.4704932623077127,0.5775908610135679,ETTh1,raw,9480,9576,raw:9480:4,high,high
5,0.9999999944566373,0.22032848542326217,0.19786307719344742,0.25,0.7288898396020298,2.830063891002826,0.30501064799211997,0.4727305190244489,0.4279668291980499,ETTh1,raw,9480,9576,raw:9480:5,high,low
6,0.9825341615170837,0.15042129931908588,0.45862821740636744,0.5,0.971186811069934,2.830063891002826,0.30501064799211997,0.5305278927475123,0.5920658196873513,ETTh1,raw,9480,9576,raw:9480:6,high,high
0,0.21575504309716453,0.08852061925906884,0.14955963653078203,0.25,0.5025449225269067,3.7820863302481693,0.4636810542685598,0.15127843296233848,0.4054086589318222,ETTh1,raw,9504,9600,raw:9504:0,low,low
1,0.3862883339463905,0.1587523188648653,0.20658167127178684,0.75,0.935256624056206,3.7820863302481693,0.4636810542685598,0.25054077469434755,0.7163125594415886,ETTh1,raw,9504,9600,raw:9504:1,low,high
2,0.2008463726872054,0.05801793663516236,0.1936855119563895,0.25,0.47680386027597343,3.7820863302481693,0.4636810542685598,0.1508499404262524,0.39682830484817777,ETTh1,raw,9504,9600,raw:9504:2,low,low
3,0.43789145707322263,0.17458015738234273,0.2996516472702975,0.375,0.9148673372272538,3.7820863302481693,0.4636810542685598,0.3040410872419543,0.5845161304986045,ETTh1,raw,9504,9600,raw:9504:3,mid,high
4,0.4429497960417892,0.29615474801915576,0.30647756060849307,0.625,0.934790572018026,3.7820863302481693,0.4636810542685598,0.348527368223146,0.6744905420955285,ETTh1,raw,9504,9600,raw:9504:4,mid,high
5,0.5088580461827428,0.2718024385292036,0.21406980805816014,0.375,0.8440890537372371,3.7820863302481693,0.4636810542685598,0.3315767642567022,0.5609233693352657,ETTh1,raw,9504,9600,raw:9504:5,mid,high
6,0.43581952916610256,0.1862630187089867,0.30611895109859366,0.25,0.8208956968865573,3.7820863302481693,0.4636810542685598,0.30940049965789435,0.5115255837183724,ETTh1,raw,9504,9600,raw:9504:6,mid,mid
0,0.47989533660235817,0.05992749440750948,0.39445598238233004,0.25,0.4496706818109381,2.851935422217581,0.30865590318850367,0.31142627113073257,0.33610886166648063,ETTh1,raw,9552,9648,raw:9552:0,mid,low
1,0.511011154937355,0.12168875042185129,0.4163148377082568,0.75,0.8233430610944983,2.851935422217581,0.30865590318850367,0.34967158102248774,0.627332988094334,ETTh1,raw,9552,9648,raw:9552:1,mid,high
2,0.20910164074121507,0.05769072625720226,0.3133774610022797,0.25,0.4164658702664571,2.851935422217581,0.30865590318850367,0.19338994266689902,0.32504059115165357,ETTh1,raw,9552,9648,raw:9552:2,low,low
3,0.3789425994507719,0.10946924098908829,0.44036495515629226,0.625,0.763877988582836,2.851935422217581,0.30865590318850367,0.30959226519871746,0.5658446305904465,ETTh1,raw,9552,9648,raw:9552:3,mid,high
4,0.755094540260921,0.2015649461674227,0.3558653683897388,0.625,0.8075843876741059,2.851935422217581,0.30865590318850367,0.43750828493936084,0.5804134302875366,ETTh1,raw,9552,9648,raw:9552:4,high,high
5,0.7659320991788536,0.3723954229820998,0.383043924769124,0.875,0.9235316795959869,2.851935422217581,0.30865590318850367,0.5071238156433592,0.7023958609281635,ETTh1,raw,9552,9648,raw:9552:5,high,high
6,0.8576459320257419,0.3337873534029627,0.05229902280091894,0.375,0.9102912710231916,2.851935422217581,0.30865590318850367,0.41457743607654124,0.5313157247372318,ETTh1,raw,9552,9648,raw:9552:6,high,mid
0,0.15698230579399552,0.0358549272747839,0.6656296782562813,0.25,0.3285026978104482,3.319212857189727,0.38653547555406204,0.28615563710835357,0.3216793911215034,ETTh1,raw,9576,9672,raw:9576:0,mid,low
1,0.34024431575877534,0.1434408623845611,0.6420856314213219,0.75,0.807992914250212,3.319212857189727,0.38653547555406204,0.3752569365215528,0.648176129934758,ETTh1,raw,9576,9672,raw:9576:1,mid,high
2,0.16359418763724298,0.03636087920589775,0.5878703198886329,0.25,0.3215316680006227,3.319212857189727,0.38653547555406204,0.2626084622439246,0.31935571451822825,ETTh1,raw,9576,9672,raw:9576:2,low,low
3,0.05423657801201354,0.07547048471131745,0.6521838553461896,0.375,0.7345388137890048,3.319212857189727,0.38653547555406204,0.26063030602317355,0.49869142978102227,ETTh1,raw,9576,9672,raw:9576:3,low,mid
4,0.47849424335058044,0.05021033154179553,0.6964110217224417,0.625,0.7802686813284462,3.319212857189727,0.38653547555406204,0.4083718655382726,0.5972680522941693,ETTh1,raw,9576,9672,raw:9576:4,high,high
5,0.6931880996078446,0.23054855938982202,0.6700631824290102,1.0,0.9480261329277322,3.319212857189727,0.38653547555406204,0.5312666138088923,0.7781872028272647,ETTh1,raw,9576,9672,raw:9576:5,high,high
6,0.5765412695582237,0.09559656055253701,0.7890309797740066,0.375,0.9132349212566576,3.319212857189727,0.38653547555406204,0.4870562699615892,0.5582567989369066,ETTh1,raw,9576,9672,raw:9576:6,high,mid
0,0.8059001398864505,0.09829583665090953,0.8481294019004134,0.25,0.5433095358385122,3.610154136005263,0.43502568860916774,0.5841084594792578,0.4094450748158933,ETTh1,raw,9624,9720,raw:9624:0,high,low
1,0.6178200049831281,0.17933905217121857,0.8113201967252284,0.625,0.9222377851248289,3.610154136005263,0.43502568860916774,0.5361597512931917,0.6607544912446656,ETTh1,raw,9624,9720,raw:9624:1,high,high
2,0.575089407250086,0.10926882697820556,0.7359615833313577,0.25,0.5082721833554373,3.610154136005263,0.43502568860916774,0.47343993918654975,0.397765957321535,ETTh1,raw,9624,9720,raw:9624:2,high,low
3,0.5417084814896376,0.15118575937062212,0.8147056110854455,0.5,0.8949465345687649,3.610154136005263,0.43502568860916774,0.5025332839819017,0.6099907410593108,ETTh1,raw,9624,9720,raw:9624:3,high,high
4,0.8454948827294642,0.14369214084801746,0.5103416610253209,0.5,0.8977756448501826,3.610154136005263,0.43502568860916774,0.4998428948676008,0.6109337778197834,ETTh1,raw,9624,9720,raw:9624:4,high,high
5,0.6820737829335666,0.400193764488787,0.563627355547786,0.375,0.8730110857367724,3.610154136005263,0.43502568860916774,0.5486316343233798,0.5610122581153133,ETTh1,raw,9624,9720,raw:9624:5,high,high
6,0.9127569924940955,0.22243193400501454,0.18344951269900178,0.25,0.8704273599931379,3.610154136005263,0.43502568860916774,0.43954614639937056,0.5184843495341018,ETTh1,raw,9624,9720,raw:9624:6,high,mid
0,0.6408410952698862,0.04979236589309302,0.7916523664980294,0.25,0.5035561238501549,3.38647868582636,0.3977464469748159,0.4940952758870029,0.3837675236083236,ETTh1,raw,9648,9744,raw:9648:0,high,low
1,0.692585284670749,0.11217048023580037,0.3318879672059443,0.25,0.8980928663504382,3.38647868582636,0.3977464469748159,0.37888124403749784,0.515279771108418,ETTh1,raw,9648,9744,raw:9648:1,high,mid
2,0.45177076676091743,0.04649434762832558,0.48470654225184595,0.25,0.5232070886192203,3.38647868582636,0.3977464469748159,0.327657218880363,0.39031784519801205,ETTh1,raw,9648,9744,raw:9648:2,mid,low
3,0.6317645672698056,0.09667844826171376,0.6275809112230639,0.25,0.9221373875432612,3.38647868582636,0.3977464469748159,0.4520079755848611,0.5232946115060257,ETTh1,raw,9648,9744,raw:9648:3,high,mid
4,0.7155796213080552,0.2441102445869469,0.15897487432387306,0.5,0.9054077988172786,3.38647868582636,0.3977464469748159,0.37288824673962506,0.6010514152640315,ETTh1,raw,9648,9744,raw:9648:4,mid,high
5,0.27384397667171745,0.42073016722687506,0.264504957979794,0.375,0.8349280301258895,3.38647868582636,0.3977464469748159,0.3196930339594622,0.5358914923669018,ETTh1,raw,9648,9744,raw:9648:5,mid,mid
6,0.8170966569555131,0.2362546732042536,0.18062425540194332,0.0,0.6168068761148835,3.38647868582636,0.3977464469748159,0.4113251951872367,0.3381844410298998,ETTh1,raw,9648,9744,raw:9648:6,high,low
0,0.34085507324774844,0.10495808027268057,0.3743944569418879,0.25,0.5695816748154103,3.2843016892078114,0.38071694756677366,0.27340253682077226,0.40009954079406135,ETTh1,raw,9696,9792,raw:9696:0,low,low
1,0.254136530570939,0.09291157610535782,0.24896033981247262,0.25,0.8713011701313056,3.2843016892078114,0.38071694756677366,0.19866948216292313,0.5006727058993597,ETTh1,raw,9696,9792,raw:9696:1,low,mid
2,0.006524932120238969,0.06759146869787348,0.261333794704425,0.25,0.5386246171110594,3.2843016892078114,0.38071694756677366,0.11181673184084583,0.3897805215592777,ETTh1,raw,9696,9792,raw:9696:2,low,low
3,0.21277558879761072,0.11857717845612545,0.3349379062166989,0.375,0.8855823067266165,3.2843016892078114,0.38071694756677366,0.22209689115681167,0.54709975143113,ETTh1,raw,9696,9792,raw:9696:3,low,mid
4,0.3636086818514098,0.2946445930872993,0.5491855561618862,0.625,0.9503606011081372,3.2843016892078114,0.38071694756677366,0.4024796103668651,0.6520258495583037,ETTh1,raw,9696,9792,raw:9696:4,high,high
5,0.07575719460441288,0.04406235659782062,0.4208176454604706,0.25,0.5880874342219976,3.2843016892078114,0.38071694756677366,0.18021239888756804,0.4062681272629238,ETTh1,raw,9696,9792,raw:9696:5,low,low
6,0.6712880006053829,0.25042477721954953,0.04046803572653634,0.0,0.7231324967485295,3.2843016892078114,0.38071694756677366,0.32072693785048956,0.3679498147717677,ETTh1,raw,9696,9792,raw:9696:6,mid,low
0,0.5034467800404245,0.06714487931759588,0.7680062716801175,0.25,0.5241287268581053,3.522530979980246,0.42042182929600463,0.446199310346046,0.39818351871803664,ETTh1,raw,9720,9816,raw:9720:0,high,low
1,0.25553522436435594,0.22564985955828581,0.7257715838109796,0.625,0.8614532115807584,3.522530979980246,0.42042182929600463,0.40231888924454046,0.6356250136255877,ETTh1,raw,9720,9816,raw:9720:1,high,high
2,0.4747708023039735,0.06970915073883525,0.661773322882438,0.25,0.46801061395682775,3.522530979980246,0.42042182929600463,0.40208442530841554,0.3794774810842774,ETTh1,raw,9720,9816,raw:9720:2,high,low
3,0.291844678575082,0.2010856577107464,0.722996324912485,1.0,0.847292440259831,3.522530979980246,0.42042182929600463,0.4053088870661045,0.7559047565186119,ETTh1,raw,9720,9816,raw:9720:3,high,high
4,0.5111476812356659,0.0791691130109646,0.5186117519726332,0.5,0.9190644197044229,3.522530979980246,0.42042182929600463,0.36964284873975456,0.6131620830001425,ETTh1,raw,9720,9816,raw:9720:4,mid,high
5,0.4022600567142549,0.06991584272104284,0.28949709004307056,0.25,0.6408323990743219,3.522530979980246,0.42042182929600463,0.2538909964927894,0.43708474279010884,ETTh1,raw,9720,9816,raw:9720:5,low,low
6,0.7644857994925418,0.1764348357537749,0.30338933606479407,0.375,0.8345918403388202,3.522530979980246,0.42042182929600463,0.41476999043703694,0.5433378898782749,ETTh1,raw,9720,9816,raw:9720:6,high,mid
0,0.12354444783465213,0.10605398235914032,0.38333015777268115,0.25,0.5378743500105503,4.011787548698735,0.5019645906131815,0.20430952932215787,0.42994631354124396,ETTh1,raw,9744,9840,raw:9744:0,low,low
1,0.2666395813694342,0.13583963005642097,0.7695194643348886,0.25,0.8439624714504333,4.011787548698735,0.5019645906131815,0.39066622525358125,0.5319756873545383,ETTh1,raw,9744,9840,raw:9744:1,high,mid
2,0.23926112027505708,0.09264146501991541,0.34423062552355366,0.125,0.49905360659213666,4.011787548698735,0.5019645906131815,0.22537773693950872,0.37533939906843944,ETTh1,raw,9744,9840,raw:9744:2,low,low
3,0.26583984244351955,0.20997613884943822,0.47282698956762653,0.25,0.8721930942267402,4.011787548698735,0.5019645906131815,0.3162143236201948,0.5413858949466406,ETTh1,raw,9744,9840,raw:9744:3,mid,mid
4,0.5164622890963664,0.14946052640197788,0.16480423699211194,0.625,0.8816321179126533,4.011787548698735,0.5019645906131815,0.27690901749681873,0.6695322361752782,ETTh1,raw,9744,9840,raw:9744:4,low,high
5,0.38874560293210136,0.06507044723082928,0.12497372076090851,0.25,0.5324887630068232,4.011787548698735,0.5019645906131815,0.19292992364127973,0.428151117873335,ETTh1,raw,9744,9840,raw:9744:5,low,low
6,0.8721389766072057,0.2774870789506255,0.019677450677573007,0.125,0.8564039927265991,4.011787548698735,0.5019645906131815,0.38976783541180143,0.4944561944465935,ETTh1,raw,9744,9840,raw:9744:6,high,mid
0,0.1751395648411661,0.027399348563624856,0.300602353857493,0.25,0.5924258315097308,4.030004132312455,0.5050006878770747,0.16771375575409464,0.4491421731289352,ETTh1,raw,9792,9888,raw:9792:0,low,low
1,0.4357161274319816,0.488122486320568,0.6495108610791832,0.875,0.914090384688542,4.030004132312455,0.5050006878770747,0.524449824943911,0.7646970241885388,ETTh1,raw,9792,9888,raw:9792:1,high,high
2,0.056349391284941874,0.02261904653963358,0.3450489694641469,0.375,0.5536612253219425,4.030004132312455,0.5050006878770747,0.14133913576290746,0.47788730439967236,ETTh1,raw,9792,9888,raw:9792:2,low,mid
3,0.16495152589406414,0.5242144660823238,0.6095806600651491,0.75,0.9163028859046717,4.030004132312455,0.5050006878770747,0.4329155506805124,0.7237678579272488,ETTh1,raw,9792,9888,raw:9792:3,high,high
4,0.3634903084361357,0.24268901220232802,0.4962699844118428,0.75,0.9047091604942602,4.030004132312455,0.5050006878770747,0.3674831016834355,0.7199032827904449,ETTh1,raw,9792,9888,raw:9792:4,mid,high
5,0.3416132327844784,0.17204673517356314,0.6000354146893153,0.25,0.8205058962700286,4.030004132312455,0.5050006878770747,0.3712317942157856,0.5251688613823678,ETTh1,raw,9792,9888,raw:9792:5,mid,mid
6,0.6414409382779169,0.2553735395496297,0.6691274617425352,0.5,0.819327831559089,4.030004132312455,0.5050006878770747,0.5219806465233606,0.6081095064787213,ETTh1,raw,9792,9888,raw:9792:6,high,high
0,0.1122378150101847,0.048905739791458736,0.11212702614749767,0.25,0.4889169594868263,3.50889702606514,0.41814950364727416,0.09109019364971371,0.3856888210447002,ETTh1,raw,9816,9912,raw:9816:0,low,low
1,0.6078398227881727,0.12050993500060582,0.229062022353321,0.5,0.8325758786616512,3.50889702606514,0.41814950364727416,0.3191372600473665,0.5835751274363085,ETTh1,raw,9816,9912,raw:9816:1,mid,high
2,0.11907676747148566,0.032698545590307854,0.06846369634120034,0.25,0.46410030101940114,3.50889702606514,0.41814950364727416,0.07341300313433129,0.37741660155555845,ETTh1,raw,9816,9912,raw:9816:2,low,low
3,0.46194571745546065,0.08574899271366834,0.12240787033546287,0.5,0.8571910479757919,3.50889702606514,0.41814950364727416,0.22336752683486394,0.5917801838743554,ETTh1,raw,9816,9912,raw:9816:3,low,high
4,0.6196263803618817,0.30107493727259294,0.6833731964790364,0.75,0.9228709581663675,3.50889702606514,0.41814950364727416,0.5346915047045037,0.6970068206045473,ETTh1,raw,9816,9912,raw:9816:4,high,high
5,0.7656901660033874,0.16316759235805167,0.47639231532215137,0.5,0.8684510911140174,3.50889702606514,0.41814950364727416,0.4684166912278635,0.5955335315870972,ETTh1,raw,9816,9912,raw:9816:5,high,high
6,0.5585130270459945,0.11450517810884595,0.5031640507207886,0.625,0.8364361520047521,3.50889702606514,0.41814950364727416,0.392060751958543,0.6265285518840088,ETTh1,raw,9816,9912,raw:9816:6,high,high
0,0.45414109738200803,0.026956037157516332,0.3487039455555624,0.25,0.43422493082012287,3.507441376660565,0.41790689541358267,0.2766003600316956,0.3673772754112352,ETTh1,raw,9864,9960,raw:9864:0,low,low
1,0.1908533294041489,0.21862202182088064,0.4685735026810447,0.375,0.8250560676867454,3.507441376660565,0.41790689541358267,0.29268295130202476,0.5393209877001094,ETTh1,raw,9864,9960,raw:9864:1,mid,mid
2,0.34295148194508396,0.04593598895335825,0.23152132311821386,0.25,0.42636934071918203,3.507441376660565,0.41790689541358267,0.20680293133888536,0.36475874537758823,ETTh1,raw,9864,9960,raw:9864:2,low,low
3,0.07748368792962246,0.10965722591152266,0.4725181553141464,0.5,0.833648257069304,3.507441376660565,0.41790689541358267,0.21988635638509715,0.5838517174942955,ETTh1,raw,9864,9960,raw:9864:3,low,high
4,0.15540631929487225,0.17614347484994364,0.5057606195126665,0.625,0.9646060381230066,3.507441376660565,0.41790689541358267,0.2791034712191608,0.6691709778455297,ETTh1,raw,9864,9960,raw:9864:4,mid,high
5,0.6660141532046913,0.17786890567078373,0.4479908207414619,0.125,0.9013407327178379,3.507441376660565,0.41790689541358267,0.430624626538979,0.4814158760438068,ETTh1,raw,9864,9960,raw:9864:5,high,mid
6,0.38263949245193274,0.047732160279712846,0.648792337152056,0.25,0.7965089844376845,3.507441376660565,0.41790689541358267,0.35972132996123385,0.48813862661708907,ETTh1,raw,9864,9960,raw:9864:6,mid,mid
0,0.41409309045758147,0.2852926915418717,0.6826195473816218,0.25,0.5570155270816635,3.505888972013797,0.41764816130621923,0.46066844312702493,0.40822122946262757,ETTh1,raw,9888,9984,raw:9888:0,high,low
1,0.21135120931260998,0.43004960986001595,0.6560594699528801,0.25,0.937128185185406,3.505888972013797,0.41764816130621923,0.43248676304183536,0.5349254488305418,ETTh1,raw,9888,9984,raw:9888:1,high,mid
2,0.5510237104511833,0.22354392534509368,0.4316674775734401,0.25,0.4998207062138985,3.505888972013797,0.41764816130621923,0.402078371123239,0.3891562891733726,ETTh1,raw,9888,9984,raw:9888:2,high,low
3,0.26981454505568114,0.4334425887272296,0.8037294849268233,0.375,0.9258259197176901,3.505888972013797,0.41764816130621923,0.5023288729032447,0.5728246936746365,ETTh1,raw,9888,9984,raw:9888:3,high,high
4,0.7313004308866047,0.4409283109451796,0.4873201705788386,0.5,0.8328747772236368,3.505888972013797,0.41764816130621923,0.553182970803541,0.5835076461766188,ETTh1,raw,9888,9984,raw:9888:4,high,high
5,0.37366657857417285,0.21214835805840576,0.44373857109326326,0.5,0.8286044540641363,3.505888972013797,0.41764816130621923,0.34318450257528066,0.5820842051234519,ETTh1,raw,9888,9984,raw:9888:5,mid,high
6,0.4085217409855796,0.10663131358050634,0.6988058523952854,0.125,0.778194513955031,3.505888972013797,0.41764816130621923,0.4046529689871237,0.4402808917537501,ETTh1,raw,9888,9984,raw:9888:6,high,low
0,0.19139188225625625,0.13327308648047795,0.6566033472360937,0.25,0.5988353636892102,3.2006829981492806,0.36678049908024596,0.3270894386576093,0.4052052875898187,ETTh1,raw,9912,10008,raw:9912:0,mid,low
1,0.7831868602883607,0.2567395493825209,0.8308651273692246,0.375,0.9006764320022278,3.2006829981492806,0.36678049908024596,0.6235971790133688,0.5474856436941579,ETTh1,raw,9912,10008,raw:9912:1,high,mid
2,0.341466427067194,0.1483267824841976,0.730783944708782,0.25,0.549729181357998,3.2006829981492806,0.36678049908024596,0.40685905142005785,0.3888365601460813,ETTh1,raw,9912,10008,raw:9912:2,high,low
3,0.7780497138653951,0.15437801075798646,0.9298918285194828,0.5,0.9178655724284818,3.2006829981492806,0.36678049908024596,0.6207731843809549,0.5948820238362426,ETTh1,raw,9912,10008,raw:9912:3,high,high
4,0.5530556114339463,0.2792026557659361,0.5859445451277288,0.125,0.8346396559414916,3.2006829981492806,0.36678049908024596,0.4727342707758704,0.4421400516739125,ETTh1,raw,9912,10008,raw:9912:4,high,low
5,0.8081684835691554,0.28304011843749677,0.15866789982227672,0.0,0.7320967526314783,3.2006829981492806,0.36678049908024596,0.41662550060964293,0.36629241723724143,ETTh1,raw,9912,10008,raw:9912:5,high,low
6,0.5173876315824726,0.07633381185832389,0.552250786221365,0.25,0.7913257839015965,3.2006829981492806,0.36678049908024596,0.3819907432207205,0.4693687609939475,ETTh1,raw,9912,10008,raw:9912:6,high,mid
0,0.3306595093707487,0.21020769147958737,0.3433932582302954,0.25,0.462506673189334,3.3603090938232425,0.393384848314899,0.29475348636021054,0.3686305071680777,ETTh1,raw,9960,10056,raw:9960:0,mid,low
1,0.6259217640716916,0.5289869457742039,0.44647282561175333,0.25,0.8842114586349031,3.3603090938232425,0.393384848314899,0.5337938451525497,0.5091987689832673,ETTh1,raw,9960,10056,raw:9960:1,high,mid
2,0.39788993452643695,0.18495837588251235,0.3064265145823911,0.25,0.4442593578111235,3.3603090938232425,0.393384848314899,0.29642494166378014,0.3625480687086742,ETTh1,raw,9960,10056,raw:9960:2,mid,low
3,0.5488659540444474,0.44271754831494303,0.4344496072895039,0.25,0.9082055881312855,3.3603090938232425,0.393384848314899,0.47534436988296475,0.5171968121487281,ETTh1,raw,9960,10056,raw:9960:3,high,mid
4,0.18796168760613297,0.14132877405857266,0.5048113602576414,0.5,0.8720372645783424,3.3603090938232425,0.393384848314899,0.27803394064078235,0.5884740376310805,ETTh1,raw,9960,10056,raw:9960:4,low,high
5,0.797470108192949,0.15431752352447337,0.377581882504953,0.25,0.737635293659472,3.3603090938232425,0.393384848314899,0.44312317140745844,0.46034004732479034,ETTh1,raw,9960,10056,raw:9960:5,high,mid
6,0.25513268575032855,0.05696647327791388,0.6288154728648736,0.125,0.6026271535878376,3.3603090938232425,0.393384848314899,0.3136382106310387,0.3736706673009122,ETTh1,raw,9960,10056,raw:9960:6,mid,low
0,0.4199444348874678,0.023460925596231814,0.27043950944258793,0.25,0.28579683653775456,3.751049877310821,0.45850831212095633,0.2379482899754292,0.33143504955290365,ETTh1,raw,9984,10080,raw:9984:0,low,low
1,0.47939513634324005,0.17206534204272722,0.39642417870832813,0.375,0.7935333576624045,3.751049877310821,0.45850831212095633,0.3492948856980984,0.5423472232611203,ETTh1,raw,9984,10080,raw:9984:1,mid,mid
2,0.41255404495935555,0.013931350257383453,0.12346442981830139,0.25,0.2860645216085152,3.751049877310821,0.45850831212095633,0.18331660834501348,0.3315242779098238,ETTh1,raw,9984,10080,raw:9984:2,low,low
3,0.26909251996788186,0.08985191723849839,0.29839766841150794,0.25,0.736695923249554,3.751049877310821,0.45850831212095633,0.21911403520596273,0.48173474512350345,ETTh1,raw,9984,10080,raw:9984:3,low,mid
4,0.4788967107392359,0.24104368122102338,0.4193577083759545,0.5,0.7889140350015797,3.751049877310821,0.45850831212095633,0.37976603344540455,0.5824741157075121,ETTh1,raw,9984,10080,raw:9984:4,high,high
5,0.9011688120036239,0.23765398875754135,0.06141501125738208,0.5,0.924241594906873,3.751049877310821,0.45850831212095633,0.4000792706728491,0.6275833023426097,ETTh1,raw,9984,10080,raw:9984:5,high,high
6,0.6945159911933341,0.054647776725007834,0.7937491157523657,0.5,0.6474863918320959,3.751049877310821,0.45850831212095633,0.5143042945569025,0.5353315679843508,ETTh1,raw,9984,10080,raw:9984:6,high,mid
0,0.46246477538964625,0.11995357713713448,0.48909118664290363,0.25,0.37568191928208683,3.826860091844581,0.47114334785552464,0.35716984638989474,0.3656084223792038,ETTh1,raw,10032,10128,raw:10032:0,mid,low
1,0.7447280492174047,0.2661133184586515,0.5920277830245313,0.5,0.8880394708672776,3.826860091844581,0.47114334785552464,0.5342897169001958,0.6197276062409341,ETTh1,raw,10032,10128,raw:10032:1,high,high
2,0.3093119900112171,0.11924757262672245,0.2836662214154186,0.25,0.3761755207385343,3.826860091844581,0.47114334785552464,0.23740859468445272,0.36577295619801964,ETTh1,raw,10032,10128,raw:10032:2,low,low
3,0.578406934104717,0.23211925962733634,0.7111098815759141,0.375,0.8827356541569565,3.826860091844581,0.47114334785552464,0.5072120251026558,0.576293000670827,ETTh1,raw,10032,10128,raw:10032:3,high,high
4,0.5525591287552452,0.4313957673680262,0.32106002565320807,0.5,0.8578559924712003,3.826860091844581,0.47114334785552464,0.43500497392549314,0.6096664467755749,ETTh1,raw,10032,10128,raw:10032:4,high,high
5,0.8740652161244665,0.31733962461042886,0.3143101395586681,1.0,0.9046531325685667,3.826860091844581,0.47114334785552464,0.5019049934311878,0.7919321601413638,ETTh1,raw,10032,10128,raw:10032:5,high,high
6,0.8494136294045378,0.2362524210772821,0.6260061574126734,0.125,0.7178539200109035,3.826860091844581,0.47114334785552464,0.5705574026314978,0.43799908928880943,ETTh1,raw,10032,10128,raw:10032:6,high,low
0,0.4631403216044142,0.05488181227774174,0.23803867718408708,0.25,0.39036963452811885,3.3442810617733345,0.3907135096443666,0.25202027035541436,0.3436943813908285,ETTh1,raw,10056,10152,raw:10056:0,low,low
1,0.5353598824341204,0.19411232857426083,0.20377294423075384,0.5,0.9320235898949467,3.3442810617733345,0.3907135096443666,0.31108171841304505,0.6075790331797711,ETTh1,raw,10056,10152,raw:10056:1,mid,high
2,0.3269689394522479,0.0755874829899737,0.13868397732452473,0.25,0.40749031962032295,3.3442810617733345,0.3907135096443666,0.18041346658891544,0.3494012764215632,ETTh1,raw,10056,10152,raw:10056:2,low,low
3,0.48022084829524914,0.20743609284089112,0.3232531150351435,0.375,0.9184699241883708,3.3442810617733345,0.3907135096443666,0.33697001872376126,0.5613944779442458,ETTh1,raw,10056,10152,raw:10056:3,mid,high
4,0.5767761381442397,0.11990753201994522,0.17887736647422237,0.375,0.8830631329767028,3.3442810617733345,0.3907135096443666,0.29185367887946906,0.5495922142070232,ETTh1,raw,10056,10152,raw:10056:4,mid,mid
5,0.7252386410272613,0.31073769561561004,0.0562151151396209,1.0,0.9057333232824386,3.3442810617733345,0.3907135096443666,0.36406381726083076,0.7654822776422684,ETTh1,raw,10056,10152,raw:10056:5,mid,high
6,0.9001136537960491,0.16774831077130492,0.10575847860684587,0.125,0.7696339675683936,3.3442810617733345,0.3907135096443666,0.39120681439140004,0.42844915907092007,ETTh1,raw,10056,10152,raw:10056:6,high,low
0,0.34303370628803653,0.10787218463011244,0.19154343185650208,0.25,0.4107272524757926,3.508531840482077,0.41808863938353175,0.21414977425821702,0.3596052972864414,ETTh1,raw,10080,10176,raw:10080:0,low,low
1,0.4555134449951723,0.23204224302720405,0.47698999797817354,0.5,0.875979100376496,3.508531840482077,0.41808863938353175,0.3881818953335166,0.5980225799200093,ETTh1,raw,10080,10176,raw:10080:1,high,high
2,0.20104095735447536,0.1157831967157707,0.21326871647605217,0.25,0.38692129451555657,3.508531840482077,0.41808863938353175,0.17669762351543272,0.3516699779663628,ETTh1,raw,10080,10176,raw:10080:2,low,low
3,0.4605905489923533,0.29946976387284524,0.6012361768602438,0.5,0.8657213080190808,3.508531840482077,0.41808863938353175,0.4537654965751474,0.5946033158008708,ETTh1,raw,10080,10176,raw:10080:3,high,high
4,0.2998621725551406,0.4228309450080673,0.5074865119213807,0.25,0.8211313282597236,3.508531840482077,0.41808863938353175,0.41005987649486286,0.4964066558810851,ETTh1,raw,10080,10176,raw:10080:4,high,mid
5,0.40394644014810077,0.2255710738389351,0.476130924463002,0.375,0.915849121970037,3.508531840482077,0.41808863938353175,0.368549479483346,0.5696459204511896,ETTh1,raw,10080,10176,raw:10080:5,mid,high
6,0.6694294899688487,0.2606816599931313,0.1521164377960879,0.125,0.6365114500380309,3.508531840482077,0.41808863938353175,0.3607425292526893,0.39320002980718755,ETTh1,raw,10080,10176,raw:10080:6,mid,low
0,0.5425152785783047,0.08840228926290492,0.5671751168245172,0.25,0.4397689663831054,3.0133269048664375,0.3355544835851488,0.3993642282219089,0.3417744833227514,ETTh1,raw,10128,10224,raw:10128:0,high,low
1,0.9223937439413411,0.3911493149993949,0.5834110895992892,0.25,0.8555183091208822,3.0133269048664375,0.3355544835851488,0.6323180495133417,0.48035759756867696,ETTh1,raw,10128,10224,raw:10128:1,high,mid
2,0.5146946265593106,0.07806968844624837,0.24456972944117322,0.25,0.41310021162468896,3.0133269048664375,0.3355544835851488,0.27911134814891075,0.33288489840327923,ETTh1,raw,10128,10224,raw:10128:2,mid,low
3,0.92574197369703,0.43697065687083225,0.4665621441567456,0.25,0.8672960833068376,3.0133269048664375,0.3355544835851488,0.609758258241536,0.48428352229732874,ETTh1,raw,10128,10224,raw:10128:3,high,mid
4,0.6359028463045708,0.22555035936502807,0.7730885219829421,0.375,0.8584484472850126,3.0133269048664375,0.3355544835851488,0.5448472425508469,0.5230009769567204,ETTh1,raw,10128,10224,raw:10128:4,high,mid
5,0.5272776896943915,0.17104260017497686,0.4267028930488161,0.625,0.88138602331847,3.0133269048664375,0.3355544835851488,0.37500772763939483,0.6139801689678729,ETTh1,raw,10128,10224,raw:10128:5,mid,high
6,0.89495760538777,0.2743629423362126,0.3473449279851332,0.125,0.6678688473404477,3.0133269048664375,0.3355544835851488,0.5055551585697052,0.37614111030853215,ETTh1,raw,10128,10224,raw:10128:6,high,low
0,0.9567381010915167,0.11597744697760522,0.12806131133988763,0.25,0.5107824900004296,2.9935843225889287,0.332264053211048,0.4002589531363365,0.36434884773715925,ETTh1,raw,10152,10248,raw:10152:0,high,low
1,0.9936865843975126,0.11784742302495713,0.012174437873966108,0.125,0.5816874767374933,2.9935843225889287,0.332264053211048,0.3745694817654786,0.34631717664951384,ETTh1,raw,10152,10248,raw:10152:1,mid,low
2,0.969671646757564,0.07850500173336256,0.11675460533663086,0.25,0.4940428745520861,2.9935843225889287,0.332264053211048,0.38831041794251914,0.3587689759210447,ETTh1,raw,10152,10248,raw:10152:2,high,low
3,0.9999999994421966,0.08705225527030724,0.008467183608031451,0.125,0.6354895919556304,2.9935843225889287,0.332264053211048,0.3651731461068451,0.36425121505555946,ETTh1,raw,10152,10248,raw:10152:3,mid,low
4,0.9999999975425575,0.27711615240514975,0.16298795392810253,0.5,0.9253453463356321,2.9935843225889287,0.332264053211048,0.4800347012919366,0.5858697998488934,ETTh1,raw,10152,10248,raw:10152:4,high,high
5,0.9999999926509,0.29194880474824303,0.07779048074683884,1.0,0.8319313827760466,2.9935843225889287,0.332264053211048,0.45657975938199397,0.721398478662365,ETTh1,raw,10152,10248,raw:10152:5,high,high
6,0.9972650609128391,0.09366560277674316,0.006237759959102297,0.125,0.8248004191354716,2.9935843225889287,0.332264053211048,0.36572280788289485,0.42735482411550657,ETTh1,raw,10152,10248,raw:10152:6,mid,low
0,0.9556888546646771,0.2901409576692907,0.6124511816509741,0.375,0.7618517359160004,3.7183432485176526,0.4530572073311801,0.6194269979949806,0.5299696477490602,ETTh1,raw,10200,10296,raw:10200:0,high,mid
1,0.9818639210845108,0.11564245618656575,0.4844608820522515,0.5,0.8787013234764982,3.7183432485176526,0.4530572073311801,0.5273224197744427,0.6105861769358928,ETTh1,raw,10200,10296,raw:10200:1,high,high
2,0.9684976116539735,0.3052140745469105,0.556478325244574,0.375,0.7252702961277646,3.7183432485176526,0.4530572073311801,0.610063337148486,0.5177758344863149,ETTh1,raw,10200,10296,raw:10200:2,high,mid
3,0.999999999120152,0.08606417257285821,0.48267854407142674,0.5,0.9154235694792482,3.7183432485176526,0.4530572073311801,0.5229142385881457,0.6228269256034761,ETTh1,raw,10200,10296,raw:10200:3,high,high
4,0.9999999852941854,0.24433069192057044,0.4999999997383125,0.875,0.8753443718030139,3.7183432485176526,0.4530572073311801,0.5814435589843562,0.7344671930447313,ETTh1,raw,10200,10296,raw:10200:4,high,high
5,0.9999999425891771,0.17737415446410104,0.4999999998677421,1.0,0.9416965278665772,3.7183432485176526,0.4530572073311801,0.5591246989736735,0.7982512450659192,ETTh1,raw,10200,10296,raw:10200:5,high,high
6,0.9650785079879095,0.32414791503508533,0.504384122490503,0.125,0.8119981876074476,3.7183432485176526,0.4530572073311801,0.5978701818378326,0.4633517983128759,ETTh1,raw,10200,10296,raw:10200:6,high,mid
0,0.8794618960196485,0.2640003229850397,0.6562600138684122,0.375,0.7731023219029588,3.1568866113991603,0.35948110130072486,0.5999074109577002,0.5025278077345612,ETTh1,raw,10224,10320,raw:10224:0,high,mid
1,0.9717823790592423,0.38762252558487525,0.16817960129074702,0.5,0.9250670414887261,3.1568866113991603,0.35948110130072486,0.5091948353116215,0.594849380929817,ETTh1,raw,10224,10320,raw:10224:1,high,high
2,0.9749668001641854,0.27827082445333007,0.5933544936295135,0.25,0.71895507106397,3.1568866113991603,0.35948110130072486,0.615530706082343,0.4428120574548983,ETTh1,raw,10224,10320,raw:10224:2,high,low
3,0.7346488827527737,0.3534223421688888,0.13157907004569164,0.375,0.9102558707501978,3.1568866113991603,0.35948110130072486,0.4065500983224513,0.5482456573503075,ETTh1,raw,10224,10320,raw:10224:3,high,mid
4,0.9999999867080753,0.3791057118064768,0.4325784299789747,0.75,0.7717955060948911,3.1568866113991603,0.35948110130072486,0.6038947094978423,0.6270922024652054,ETTh1,raw,10224,10320,raw:10224:4,high,high
5,0.9999999369634629,0.2477001987558632,0.6488101890031415,0.375,0.8794148967803914,3.1568866113991603,0.35948110130072486,0.6321701082408225,0.5379653326937054,ETTh1,raw,10224,10320,raw:10224:5,high,mid
6,0.7401496767692615,0.3071559345321169,0.5095078307169868,0.25,0.9350193689750438,3.1568866113991603,0.35948110130072486,0.5189378140061217,0.5148334900919229,ETTh1,raw,10224,10320,raw:10224:6,high,mid
0,0.2533005403630907,0.08531921349792673,0.27669247297682936,0.25,0.5362123934714952,3.8663882200920074,0.47773136921911563,0.2051040756126156,0.42131458756353696,ETTh1,raw,10272,10368,raw:10272:0,low,low
1,0.36107858932766246,0.06325015204126386,0.216701134046148,0.375,0.7510401162286111,3.8663882200920074,0.47773136921911563,0.21367662513835808,0.5345904951492423,ETTh1,raw,10272,10368,raw:10272:1,low,mid
2,0.22129238329774947,0.06504173701222388,0.2448963085490567,0.25,0.4958468463888142,3.8663882200920074,0.47773136921911563,0.17707680961967667,0.40785940520264324,ETTh1,raw,10272,10368,raw:10272:2,low,low
3,0.3548581418238337,0.10764258793365833,0.18290267615547368,0.375,0.8193450886513495,3.8663882200920074,0.47773136921911563,0.2151344686376552,0.5573588192901551,ETTh1,raw,10272,10368,raw:10272:3,low,mid
4,0.07491170840900574,0.08879917721156724,0.4427122526929419,0.625,0.8030202379157378,3.8663882200920074,0.47773136921911563,0.20214104610450498,0.6352505357116178,ETTh1,raw,10272,10368,raw:10272:4,low,high
5,0.30910491912596816,0.10828963194232569,0.4168931092391661,0.75,0.7848578463566231,3.8663882200920074,0.47773136921911563,0.2780958867691533,0.6708630718585796,ETTh1,raw,10272,10368,raw:10272:5,low,high
6,0.9560865107011567,0.22887079172095037,0.9690445741463736,0.375,0.8831829622605373,3.8663882200920074,0.47773136921911563,0.718000625522827,0.5786381104932176,ETTh1,raw,10272,10368,raw:10272:6,high,high
0,0.09651463390140624,0.051412648831785104,0.22329425139877654,0.25,0.607399994932917,3.811364328189456,0.4685607205839748,0.12374051137732263,0.4419869051722973,ETTh1,raw,10296,10392,raw:10296:0,low,low
1,0.24286327316963718,0.15946141507776235,0.39518105133116904,0.375,0.7008565438599145,3.811364328189456,0.4685607205839748,0.2658352465261895,0.5148057548146298,ETTh1,raw,10296,10392,raw:10296:1,low,mid
2,0.04864248056337328,0.0371825555754664,0.2572278777005045,0.25,0.5603993678315605,3.811364328189456,0.4685607205839748,0.11435097127978139,0.42632002947184516,ETTh1,raw,10296,10392,raw:10296:2,low,low
3,0.27952725583317994,0.1623558531236942,0.40236725971134957,0.375,0.8023265543826609,3.811364328189456,0.4685607205839748,0.2814167895560746,0.5486290916555453,ETTh1,raw,10296,10392,raw:10296:3,mid,mid
4,0.23937827728181615,0.059501829341613,0.48314018147027415,0.625,0.8132467528679839,3.811364328189456,0.4685607205839748,0.2606734293645678,0.6356024911506529,ETTh1,raw,10296,10392,raw:10296:4,low,high
5,0.48865701304553666,0.1356047170759493,0.38976467753757055,0.125,0.6878729968255413,3.811364328189456,0.4685607205839748,0.3380088025530188,0.42714457246983867,ETTh1,raw,10296,10392,raw:10296:5,mid,low
6,0.9095277529101031,0.18770162315664668,0.052163967384211966,0.0,0.8948860937512267,3.811364328189456,0.4685607205839748,0.38313111448365395,0.4544822714450672,ETTh1,raw,10296,10392,raw:10296:6,high,mid
0,0.14331456467396875,0.07925036445874192,0.37580844727126783,0.25,0.6100285253707913,3.9488725541757366,0.4914787582101582,0.1994577921346595,0.4505024278603165,ETTh1,raw,10320,10416,raw:10320:0,low,low
1,0.45708203870498154,0.13355723504554382,0.4635286033678584,0.375,0.7293571822580693,3.9488725541757366,0.4914787582101582,0.3513892923727946,0.5319453134894091,ETTh1,raw,10320,10416,raw:10320:1,mid,mid
2,0.0511718691962908,0.0699294475831015,0.2933580684732016,0.25,0.5664630205009022,3.9488725541757366,0.4914787582101582,0.1381531284175313,0.43598059290368685,ETTh1,raw,10320,10416,raw:10320:2,low,low
3,0.2939703263203409,0.10143704215009772,0.4377753398053181,0.875,0.8623855358351816,3.9488725541757366,0.4914787582101582,0.2777275694252523,0.7429547646817799,ETTh1,raw,10320,10416,raw:10320:3,low,high
4,0.10705975351896868,0.06259275982452196,0.5036654134045818,0.625,0.8686080188825499,3.9488725541757366,0.4914787582101582,0.22443930891602415,0.6616955923642359,ETTh1,raw,10320,10416,raw:10320:4,low,high
5,0.10853269663604292,0.0958039623006236,0.4916305162886019,0.5,0.8622598014559593,3.9488725541757366,0.4914787582101582,0.2319890584084228,0.6179128532220391,ETTh1,raw,10320,10416,raw:10320:5,low,high
6,0.5632242536752173,0.5287673625525733,0.578997578478846,0.375,0.8491011484169354,3.9488725541757366,0.4914787582101582,0.5569963982355456,0.5718599688756978,ETTh1,raw,10320,10416,raw:10320:6,high,high
0,0.10993868553315989,0.0756797711484032,0.33376175373792144,0.25,0.4817347383151475,3.60929502400369,0.43488250327581085,0.17312673680649482,0.3888724138636528,ETTh1,raw,10368,10464,raw:10368:0,low,low
1,0.05312399541389079,0.22358719165007013,0.5779003662577834,0.75,0.8245049514688925,3.60929502400369,0.43488250327581085,0.28487051777391476,0.6697958182482345,ETTh1,raw,10368,10464,raw:10368:1,mid,high
2,0.22515343061413795,0.06947430604890922,0.30353747069038467,0.25,0.4444463121015137,3.60929502400369,0.43488250327581085,0.19938840245114395,0.37644293845910815,ETTh1,raw,10368,10464,raw:10368:2,low,low
3,0.18779428334693204,0.10305417364876132,0.6476134714178917,0.5,0.8312644606803792,3.60929502400369,0.43488250327581085,0.31282064280452837,0.5887156546520633,ETTh1,raw,10368,10464,raw:10368:3,mid,high
4,0.43561979344683777,0.12807197105644386,0.5066355235919,0.375,0.8162597228432102,3.60929502400369,0.43488250327581085,0.3567757626983939,0.5420474087063404,ETTh1,raw,10368,10464,raw:10368:4,mid,mid
5,0.39397149185441716,0.16019685400127864,0.5331214154634849,0.375,0.9048412211817258,3.60929502400369,0.43488250327581085,0.36242992043972694,0.5715745748191788,ETTh1,raw,10368,10464,raw:10368:5,mid,high
6,0.53833335187384,0.43070965875221756,0.43796247483149736,0.25,0.6218121790964045,3.60929502400369,0.43488250327581085,0.46900182848585165,0.4355648941240718,ETTh1,raw,10368,10464,raw:10368:6,high,low
0,0.10348626198151445,0.02536257067915449,0.37797402045305734,0.25,0.5097848453743924,3.2932344762137533,0.38220574539861596,0.16894095103790874,0.38066353025766947,ETTh1,raw,10392,10488,raw:10392:0,low,low
1,0.2002559118378966,0.17256006510690972,0.38310158250294957,0.25,0.8664886179316874,3.2932344762137533,0.38220574539861596,0.2519725198159186,0.4995647877767679,ETTh1,raw,10392,10488,raw:10392:1,low,mid
2,0.10733565262952371,0.016575273298169255,0.2803340126911198,0.25,0.4902207981743607,3.2932344762137533,0.38220574539861596,0.1347483128729376,0.37414218119099224,ETTh1,raw,10392,10488,raw:10392:2,low,low
3,0.344383256962014,0.13951455828862666,0.26557485569871897,0.25,0.8491264285606517,3.2932344762137533,0.38220574539861596,0.24982422364978654,0.49377739131975584,ETTh1,raw,10392,10488,raw:10392:3,low,mid
4,0.42083209635706675,0.1352901692926612,0.4606920543503848,0.375,0.6986636430289844,3.2932344762137533,0.38220574539861596,0.33893810666670426,0.48528979614253354,ETTh1,raw,10392,10488,raw:10392:4,mid,mid
5,0.319969216559413,0.16162690780047195,0.6325035441571815,1.0,0.8431541165737542,3.2932344762137533,0.38220574539861596,0.37136655617235553,0.7417866206574567,ETTh1,raw,10392,10488,raw:10392:5,mid,high
6,0.6281251637188778,0.14587538021557395,0.14690254185761678,0.25,0.7423853614992147,3.2932344762137533,0.38220574539861596,0.30696769526402284,0.4581970356326102,ETTh1,raw,10392,10488,raw:10392:6,mid,mid
0,0.06340161355718033,0.14329306165489708,0.35403219762480875,0.25,0.6734764818185741,3.1145698130412507,0.3524283015861613,0.1869089576122954,0.42530159446824517,ETTh1,raw,10440,10536,raw:10440:0,low,low
1,0.39199422941029805,0.2555960014444848,0.4202182933575445,0.375,0.8251757335888551,3.1145698130412507,0.3524283015861613,0.3559361747374425,0.5175346783916722,ETTh1,raw,10440,10536,raw:10440:1,mid,mid
2,0.1489399809711508,0.1446626952366461,0.2773142203888438,0.25,0.6472329227871075,3.1145698130412507,0.3524283015861613,0.19030563219888022,0.41655374145775625,ETTh1,raw,10440,10536,raw:10440:2,low,low
3,0.5024475543719321,0.2836299113309042,0.4962288616442882,0.5,0.8494234562572178,3.1145698130412507,0.3524283015861613,0.42743544244904147,0.5672839192811264,ETTh1,raw,10440,10536,raw:10440:3,high,high
4,0.37941661780960756,0.14488629909393042,0.3098665670302902,0.375,0.7865509722407523,3.1145698130412507,0.3524283015861613,0.2780564946446094,0.5046597579423046,ETTh1,raw,10440,10536,raw:10440:4,low,mid
5,0.30350187155573416,0.3009983725044433,0.3345520207944689,0.5,0.9477248358906899,3.1145698130412507,0.3524283015861613,0.31301742161821544,0.6000510458256171,ETTh1,raw,10440,10536,raw:10440:5,mid,high
6,0.48781389650554374,0.07609728700343765,0.17305107947840484,0.125,0.7856600658063695,3.1145698130412507,0.3524283015861613,0.24565408766246208,0.4210294557975103,ETTh1,raw,10440,10536,raw:10440:6,low,low
0,0.3227266034663072,0.15660840932594833,0.3764957305378328,0.25,0.6020632240248693,3.3237828888385574,0.3872971474942643,0.2852769144433628,0.41312012383971125,ETTh1,raw,10464,10560,raw:10464:0,mid,low
1,0.285626393147164,0.12552339579897673,0.5326222014254804,0.5,0.7907777114837456,3.3237828888385574,0.3872971474942643,0.31459066345720704,0.5593582863260033,ETTh1,raw,10464,10560,raw:10464:1,mid,high
2,0.2874585580352682,0.1563249572814026,0.33314783579570123,0.25,0.5822648544136176,3.3237828888385574,0.3872971474942643,0.25897711703745735,0.4065206673026273,ETTh1,raw,10464,10560,raw:10464:2,low,low
3,0.40251504000074,0.15061779342712012,0.5172446591702106,0.5,0.8185335868311224,3.3237828888385574,0.3872971474942643,0.3567924975326902,0.5686102447751289,ETTh1,raw,10464,10560,raw:10464:3,mid,high
4,0.15716690711983883,0.10053714202238485,0.4542689436878372,0.625,0.7411219728530747,3.3237828888385574,0.3872971474942643,0.23732433094335362,0.5844730401157797,ETTh1,raw,10464,10560,raw:10464:4,low,high
5,0.313938324239068,0.22464637790892084,0.509865897523082,1.0,0.9459302809458743,3.3237828888385574,0.3872971474942643,0.3494835332236903,0.7777424761467128,ETTh1,raw,10464,10560,raw:10464:5,mid,high
6,0.2343842626986984,0.1260649556173485,0.39921124309856665,0.25,0.8372598181897312,3.3237828888385574,0.3872971474942643,0.25322015380487123,0.4915189885613318,ETTh1,raw,10464,10560,raw:10464:6,low,mid
0,0.35763233499062475,0.1994907928405617,0.16617518422698419,0.25,0.5044836941695715,2.799537917649709,0.29992298577507986,0.24109943735272354,0.3514688933148838,ETTh1,raw,10488,10584,raw:10488:0,low,low
1,0.3403104204462791,0.19760716073862455,0.6372737733326888,0.375,0.6936251210785903,2.799537917649709,0.29992298577507986,0.39173045150586416,0.45618270228455665,ETTh1,raw,10488,10584,raw:10488:1,high,mid
2,0.3984845863511606,0.19652674690840463,0.05431014588015429,0.25,0.48623413437925833,2.799537917649709,0.29992298577507986,0.21644049304657317,0.34538570671811275,ETTh1,raw,10488,10584,raw:10488:2,low,low
3,0.35080846097972274,0.22743732444881928,0.4249881876108843,0.5,0.7261734555640764,2.799537917649709,0.29992298577507986,0.3344113243464754,0.5086988137797187,ETTh1,raw,10488,10584,raw:10488:3,mid,mid
4,0.38398562703207284,0.07150271538031966,0.4052518565768817,0.375,0.6787253191082551,2.799537917649709,0.29992298577507986,0.28691339966309143,0.45121610162777825,ETTh1,raw,10488,10584,raw:10488:4,mid,low
5,0.13793771428150992,0.26939791098910415,0.46982049986406726,0.75,0.846887695939766,2.799537917649709,0.29992298577507986,0.29238537504489376,0.632270227238282,ETTh1,raw,10488,10584,raw:10488:5,mid,high
6,0.5323044423041423,0.10674608430007017,0.5095723890018369,0.25,0.6174894522641463,2.799537917649709,0.29992298577507986,0.38287430520201643,0.3891374793464087,ETTh1,raw,10488,10584,raw:10488:6,high,low
0,0.1173587087552932,0.010409494414155493,0.20915238983082507,0.25,0.34654640558387456,3.24868204541366,0.3747803402776428,0.11230686433342459,0.3237755819538391,ETTh1,raw,10536,10632,raw:10536:0,low,low
1,0.22731601298680293,0.10292494287291083,0.6428941140369119,0.5,0.7920610378216489,3.24868204541366,0.3747803402776428,0.32437835663220854,0.5556137926997639,ETTh1,raw,10536,10632,raw:10536:1,mid,mid
2,0.05810273234608687,0.01074111711125156,0.12208364108306746,0.25,0.33732456409028905,3.24868204541366,0.3747803402776428,0.06364249684680197,0.32070163478931063,ETTh1,raw,10536,10632,raw:10536:2,low,low
3,0.11065188149999261,0.05090153347427889,0.6085320563672306,0.5,0.7663885237235737,3.24868204541366,0.3747803402776428,0.25669515711383406,0.5470562880004055,ETTh1,raw,10536,10632,raw:10536:3,low,mid
4,0.3721428359920598,0.08762151654991734,0.5591570837456731,0.25,0.8216100307184361,3.24868204541366,0.3747803402776428,0.33964047876255005,0.4821301236653596,ETTh1,raw,10536,10632,raw:10536:4,mid,mid
5,0.5268143615848518,0.3492315612730915,0.45626719401304594,0.75,0.9604324635198385,3.24868204541366,0.3747803402776428,0.4441043722903298,0.6950709345991605,ETTh1,raw,10536,10632,raw:10536:5,high,high
6,0.2814718880643986,0.08672255856495228,0.4890962453172973,0.25,0.5057145807741401,3.24868204541366,0.3747803402776428,0.28576356398221603,0.3768316403505943,ETTh1,raw,10536,10632,raw:10536:6,mid,low
0,0.08867841507640384,0.032305704625584665,0.10574539649818337,0.25,0.350880754730856,3.075716667868066,0.34595277740142305,0.0755765054000573,0.31561117737742633,ETTh1,raw,10560,10656,raw:10560:0,low,low
1,0.2227036692005261,0.14827274742593194,0.38933257010630007,0.25,0.798315413220189,3.075716667868066,0.34595277740142305,0.2534363289109194,0.4647560635405373,ETTh1,raw,10560,10656,raw:10560:1,low,mid
2,0.05505535530269956,0.033438612818516615,0.08832254052023356,0.25,0.34144649538994104,3.075716667868066,0.34595277740142305,0.05893883621381658,0.312466424263788,ETTh1,raw,10560,10656,raw:10560:2,low,low
3,0.29715212616573716,0.09402247451533624,0.5376204851519976,0.25,0.749999640444643,3.075716667868066,0.34595277740142305,0.30959836194435697,0.44865080594868867,ETTh1,raw,10560,10656,raw:10560:3,mid,low
4,0.5749901722189681,0.15531730470652827,0.4113021198380285,0.625,0.794952808841249,3.075716667868066,0.34595277740142305,0.3805365322545083,0.588635195414224,ETTh1,raw,10560,10656,raw:10560:4,high,high
5,0.525986185498057,0.22320362091762624,0.673501215002918,1.0,0.949948967423892,3.075716667868066,0.34595277740142305,0.4742303404728671,0.7653005816084383,ETTh1,raw,10560,10656,raw:10560:5,high,high
6,0.5338851647025475,0.04645842002592861,0.48710543279094404,0.25,0.4543218545287583,3.075716667868066,0.34595277740142305,0.3558163391731401,0.35009154397672715,ETTh1,raw,10560,10656,raw:10560:6,mid,low
0,0.43427401412315825,0.17569464723987183,0.31743016400004215,0.25,0.4665825358771265,3.15483403830942,0.35913900578633834,0.30913294178769074,0.358573847221155,ETTh1,raw,10608,10704,raw:10608:0,mid,low
1,0.6176040940931102,0.27702694570810826,0.499735666260262,0.375,0.7828409471671461,3.15483403830942,0.35913900578633834,0.46478890202049356,0.5056599843178282,ETTh1,raw,10608,10704,raw:10608:1,high,mid
2,0.4061650413626303,0.1723667202201723,0.22671775146447035,0.25,0.455988065101876,3.15483403830942,0.35913900578633834,0.268416504349091,0.3550423569627381,ETTh1,raw,10608,10704,raw:10608:2,low,low
3,0.6245848257830332,0.3218625603875872,0.17620745173708174,0.375,0.803051669584587,3.15483403830942,0.35913900578633834,0.3742182793025674,0.5123968917903085,ETTh1,raw,10608,10704,raw:10608:3,mid,mid
4,0.08748630304002536,0.14875158017735773,0.46514526512401805,0.625,0.8461904082865206,3.15483403830942,0.35913900578633834,0.23379438278046705,0.610109804690953,ETTh1,raw,10608,10704,raw:10608:4,low,high
5,0.1283361344324515,0.21877732901676783,0.525302963967181,1.0,0.8908371473126557,3.15483403830942,0.35913900578633834,0.2908054758054668,0.749992051032998,ETTh1,raw,10608,10704,raw:10608:5,mid,high
6,0.23387417863348692,0.22623428367623588,0.8220492465680959,0.25,0.7404450718656896,3.15483403830942,0.35913900578633834,0.42738590295927287,0.44986135921734266,ETTh1,raw,10608,10704,raw:10608:6,high,low
0,0.4357301778997503,0.10554568416338758,0.22962488481152143,0.25,0.5499027421039581,3.574548827883893,0.42909147059882974,0.25696691562488644,0.4096647375675959,ETTh1,raw,10632,10728,raw:10632:0,low,low
1,0.5758663383502146,0.19479031214975606,0.560421553713594,0.25,0.81091998683187,3.574548827883893,0.42909147059882974,0.4436927347378549,0.4966704858102333,ETTh1,raw,10632,10728,raw:10632:1,high,mid
2,0.35878148926816666,0.08009957686533248,0.259987908783755,0.25,0.5282151021677728,3.574548827883893,0.42909147059882974,0.23295632497241803,0.4024355242555342,ETTh1,raw,10632,10728,raw:10632:2,low,low
3,0.4842094181382077,0.13547629399838962,0.4056058175898361,0.875,0.8381841271137965,3.574548827883893,0.42909147059882974,0.3417638432421444,0.7140918659042087,ETTh1,raw,10632,10728,raw:10632:3,mid,high
4,0.10165610171951045,0.27168400563366374,0.5097291101069482,0.75,0.9095361940431118,3.574548827883893,0.42909147059882974,0.2943564058200408,0.6962092215473139,ETTh1,raw,10632,10728,raw:10632:4,mid,high
5,0.49456595630245126,0.2845344544845437,0.5711946696005548,1.0,0.9750991949541034,3.574548827883893,0.42909147059882974,0.45009836012918325,0.8013968885176443,ETTh1,raw,10632,10728,raw:10632:5,high,high
6,0.6882602822167465,0.4802973335028097,0.4228714303814823,0.25,0.791189165544229,3.574548827883893,0.42909147059882974,0.5304763487003461,0.4900935453810196,ETTh1,raw,10632,10728,raw:10632:6,high,mid
0,0.4255216528496423,0.10436905174425046,0.1474228945245152,0.25,0.6795037066029261,3.3215545539735065,0.38692575835070814,0.225771199706136,0.43880982165121146,ETTh1,raw,10656,10752,raw:10656:0,low,low
1,0.29108197753537735,0.1712162304731586,0.4106706373486999,0.375,0.8649091278511727,3.3215545539735065,0.38692575835070814,0.2909896151190786,0.542278295400627,ETTh1,raw,10656,10752,raw:10656:1,mid,mid
2,0.3273164799463647,0.0908206822272438,0.07464625916564105,0.125,0.6535144116457475,3.3215545539735065,0.38692575835070814,0.16426114044641651,0.3884800566654852,ETTh1,raw,10656,10752,raw:10656:2,low,low
3,0.31293264027833045,0.09877928334990668,0.29830780636052956,0.875,0.8611943085347926,3.3215545539735065,0.38692575835070814,0.23667324332958892,0.7077066889618336,ETTh1,raw,10656,10752,raw:10656:3,low,high
4,0.6958253195769498,0.3543093540489651,0.3624528267104619,0.625,0.7740534326603127,3.3215545539735065,0.38692575835070814,0.4708625001121256,0.5953263970036736,ETTh1,raw,10656,10752,raw:10656:4,high,high
5,0.6196022284670004,0.48883916177199954,0.34771426972913794,0.625,0.8562129156657511,3.3215545539735065,0.38692575835070814,0.48538521998937934,0.6227128913388197,ETTh1,raw,10656,10752,raw:10656:5,high,high
6,0.9317948840729285,0.12062367403707028,0.3374051083445223,0.25,0.8820597807988333,3.3215545539735065,0.38692575835070814,0.46327455548484037,0.5063285130498472,ETTh1,raw,10656,10752,raw:10656:6,high,mid
0,0.41506230674571953,0.06965570881666228,0.31850066297868984,0.25,0.6950823255717925,3.8142451846151135,0.46904086332078415,0.26773955951369055,0.4713743962975256,ETTh1,raw,10704,10800,raw:10704:0,low,mid
1,0.4036474755082733,0.07582281895780968,0.35108246805851995,0.375,0.7401098355013425,3.8142451846151135,0.46904086332078415,0.27685092084153434,0.5280502329407089,ETTh1,raw,10704,10800,raw:10704:1,low,mid
2,0.3813697050245779,0.0724137135489771,0.2433533533329783,0.25,0.6474181270774285,3.8142451846151135,0.46904086332078415,0.23237892396884444,0.4554863301327376,ETTh1,raw,10704,10800,raw:10704:2,low,mid
3,0.4557099556956996,0.1130615138259236,0.35978379248126136,0.5,0.8380859897128058,3.8142451846151135,0.46904086332078415,0.3095184206676282,0.6023756176778633,ETTh1,raw,10704,10800,raw:10704:3,mid,high
4,0.09586449957013754,0.061436529617707236,0.45313434948931935,0.625,0.6813405505394711,3.8142451846151135,0.46904086332078415,0.20347845955905472,0.591793804620085,ETTh1,raw,10704,10800,raw:10704:4,low,high
5,0.3084537965927745,0.2458550156828342,0.40679236724199985,0.25,0.6329747334894469,3.8142451846151135,0.46904086332078415,0.32036705983920283,0.4506718656034103,ETTh1,raw,10704,10800,raw:10704:5,mid,low
6,0.7699874935555904,0.36548262729662323,0.44747162397090223,0.375,0.9091971750924146,3.8142451846151135,0.46904086332078415,0.5276472482743719,0.5844126794710662,ETTh1,raw,10704,10800,raw:10704:6,high,high
0,0.13937983982572,0.07135267347877336,0.37421442899848456,0.25,0.6542307715677373,3.8611905941528355,0.47686509823069745,0.19498231410099265,0.4603652899328116,ETTh1,raw,10728,10824,raw:10728:0,low,mid
1,0.4444161606940501,0.18202401340849184,0.4330786143189879,0.5,0.7537089634475457,3.8611905941528355,0.47686509823069745,0.35317292947384327,0.5768580205594144,ETTh1,raw,10728,10824,raw:10728:1,mid,high
2,0.2264823322470424,0.05136159454506754,0.32056417744462046,0.25,0.6083991433745385,3.8611905941528355,0.47686509823069745,0.19946936807891014,0.4450880805350786,ETTh1,raw,10728,10824,raw:10728:2,low,low
3,0.20373515580291912,0.21947721448982216,0.39219170619802546,0.5,0.8419439012210962,3.8611905941528355,0.47686509823069745,0.2718013588302556,0.6062696664839312,ETTh1,raw,10728,10824,raw:10728:3,low,high
4,0.26103247837148624,0.09771919031667163,0.38349490603129,0.625,0.6883165584039006,3.8611905941528355,0.47686509823069745,0.24741552490648264,0.5967272188781994,ETTh1,raw,10728,10824,raw:10728:4,low,high
5,0.43091023371663373,0.21302180736483672,0.43456502042495954,0.375,0.6465836861119773,3.8611905941528355,0.47686509823069745,0.35949902050214333,0.49948292811422484,ETTh1,raw,10728,10824,raw:10728:5,mid,mid
6,0.39805133358679046,0.21307168464696602,0.6752884542240052,0.25,0.8726146961894748,3.8611905941528355,0.47686509823069745,0.42880382415258717,0.5331599314733908,ETTh1,raw,10728,10824,raw:10728:6,high,mid
0,0.23449928632522932,0.06616492435963833,0.36424111494485695,0.375,0.654603558170035,3.36533139614376,0.3942218987002568,0.22163510854324153,0.47460848562343055,ETTh1,raw,10776,10872,raw:10776:0,low,mid
1,0.15156453473868492,0.14581810356698785,0.32311322448806656,0.5,0.7351597927220828,3.36533139614376,0.3942218987002568,0.2068319542645798,0.5431272304741132,ETTh1,raw,10776,10872,raw:10776:1,low,mid
2,0.25859882132892853,0.061425826122176,0.30542522330385147,0.25,0.6103444561224742,3.36533139614376,0.3942218987002568,0.20848329025165202,0.41818878494091033,ETTh1,raw,10776,10872,raw:10776:2,low,low
3,0.16483586476734013,0.2083041750721576,0.518659346094682,0.625,0.7956874300848649,3.36533139614376,0.3942218987002568,0.2972664619780599,0.6049697762617072,ETTh1,raw,10776,10872,raw:10776:3,mid,high
4,0.11329173716200902,0.08883327169272404,0.5078279334800773,0.5,0.6369885385561933,3.36533139614376,0.3942218987002568,0.2366509807782701,0.5104034790854833,ETTh1,raw,10776,10872,raw:10776:4,low,mid
5,0.36928599646775917,0.1874593958627368,0.32276199713898696,0.125,0.8398152091584258,3.36533139614376,0.3942218987002568,0.29316912982316096,0.45301236928622757,ETTh1,raw,10776,10872,raw:10776:5,mid,low
6,0.7631259974856897,0.16176715634737926,0.018590580966803518,0.375,0.9265762483537704,3.36533139614376,0.3942218987002568,0.31449457826662414,0.565266049018009,ETTh1,raw,10776,10872,raw:10776:6,mid,high
0,0.04748434625954845,0.12115710960213688,0.2692722492489322,0.25,0.6845104333677154,3.7693229452813632,0.4615538234443042,0.1459712350368725,0.4653547522706732,ETTh1,raw,10800,10896,raw:10800:0,low,mid
1,0.3493027390238934,0.09511560777967959,0.4066702689974157,0.375,0.8435517174846872,3.7693229452813632,0.4615538234443042,0.28369620526699624,0.5600351803096638,ETTh1,raw,10800,10896,raw:10800:1,mid,high
2,0.06359914283462131,0.10855053562877132,0.17282192312805136,0.25,0.6343154554312085,3.7693229452813632,0.4615538234443042,0.11499053386381468,0.4486230929585042,ETTh1,raw,10800,10896,raw:10800:2,low,low
3,0.23550280669816814,0.11478609821869246,0.30091747912939726,0.75,0.7967934419255841,3.7693229452813632,0.4615538234443042,0.21706879468208595,0.6694490884566294,ETTh1,raw,10800,10896,raw:10800:3,low,high
4,0.37014574764138974,0.03295087042927938,0.47511599340876687,0.25,0.61002744800692,3.7693229452813632,0.4615538234443042,0.292737537159812,0.44052709048374145,ETTh1,raw,10800,10896,raw:10800:4,mid,low
5,0.9440562633305863,0.03947105740739967,0.4692813177358078,0.125,0.7829938761427023,3.7693229452813632,0.4615538234443042,0.4842695461579312,0.4565158998623355,ETTh1,raw,10800,10896,raw:10800:5,high,mid
6,0.18717946921399997,0.07374256667529018,0.07799143104858412,0.125,0.41524928090515767,3.7693229452813632,0.4615538234443042,0.1129711556459581,0.33393436811648725,ETTh1,raw,10800,10896,raw:10800:6,low,low
0,0.5662750157158564,0.10883245130851063,0.44202350020635345,0.375,0.7656673598775969,3.3254207604928077,0.3875701261028511,0.3723769890769068,0.509412495326816,ETTh1,raw,10848,10944,raw:10848:0,mid,mid
1,0.6389773289598675,0.15010667572092035,0.7043247947492299,0.5,0.9190546248229302,3.3254207604928077,0.3875701261028511,0.4978029331433393,0.6022082503085938,ETTh1,raw,10848,10944,raw:10848:1,high,high
2,0.5416066808113118,0.09559999497309346,0.41672650787414517,0.375,0.735227003518866,3.3254207604928077,0.3875701261028511,0.3513110612195168,0.4992657098739057,ETTh1,raw,10848,10944,raw:10848:2,mid,mid
3,0.929346074901433,0.16084534164276404,0.06427952719721136,0.5,0.9134203879937758,3.3254207604928077,0.3875701261028511,0.3848236479138028,0.6003301713655422,ETTh1,raw,10848,10944,raw:10848:3,high,high
4,0.2640230009040335,0.1682342958466022,0.44248622574349356,0.75,0.7350706055274907,3.3254207604928077,0.3875701261028511,0.2915811741647098,0.624213577210114,ETTh1,raw,10848,10944,raw:10848:4,mid,high
5,0.7867996346175186,0.186974083218807,0.21953332214664834,0.125,0.8053156911098431,3.3254207604928077,0.3875701261028511,0.39776901332765796,0.4392952724042314,ETTh1,raw,10848,10944,raw:10848:5,high,low
6,0.6868705597744473,0.12341963703944059,0.1969156381001155,0.0,0.803769501595571,3.3254207604928077,0.3875701261028511,0.3357352783046678,0.39711320923280735,ETTh1,raw,10848,10944,raw:10848:6,mid,low
0,0.27660660168586937,0.07654536884110963,0.2609569042916943,0.25,0.754513441638303,3.5109660909450535,0.41849434779335165,0.20470295827289112,0.47433592981055156,ETTh1,raw,10872,10968,raw:10872:0,low,mid
1,0.631225149728079,0.0839428433838744,0.5415726477544788,0.375,0.7828511119481327,3.5109660909450535,0.41849434779335165,0.4189135469554774,0.5254484865804948,ETTh1,raw,10872,10968,raw:10872:1,high,mid
2,0.28040617076223373,0.06988570925413191,0.2616481051297589,0.125,0.7275966002864539,3.5109660909450535,0.41849434779335165,0.20397999504870815,0.42369698269326855,ETTh1,raw,10872,10968,raw:10872:2,low,low
3,0.6294605335924076,0.06915351761674407,0.9813203536363689,0.25,0.8513120034061478,3.5109660909450535,0.41849434779335165,0.5599781349485068,0.5066021170664998,ETTh1,raw,10872,10968,raw:10872:3,high,mid
4,0.15659941796833043,0.05187717092870086,0.4862671507444025,0.625,0.7137536455157967,3.5109660909450535,0.41849434779335165,0.2315812465471446,0.5857493311030494,ETTh1,raw,10872,10968,raw:10872:4,low,high
5,0.3513811247975598,0.06914304668118915,0.3419559440207484,0.625,0.8500690570324279,3.5109660909450535,0.41849434779335165,0.25416003849983243,0.6311878016085931,ETTh1,raw,10872,10968,raw:10872:5,low,high
6,0.6602620426897716,0.2261806553711624,0.4947301321804436,0.25,0.6717765673941395,3.5109660909450535,0.41849434779335165,0.46039094341379255,0.44675697172916373,ETTh1,raw,10872,10968,raw:10872:6,high,low
0,0.5768691492944834,0.056289786077509854,0.3035898499944582,0.25,0.7323031885046997,3.7998914726763715,0.4666485780016476,0.3122495951221505,0.48298392216878244,ETTh1,raw,10896,10992,raw:10896:0,mid,mid
1,0.805772726732191,0.35501396224046405,0.2720160145903774,0.5,0.8626806586901554,3.7998914726763715,0.4666485780016476,0.47760090118767745,0.609776412230601,ETTh1,raw,10896,10992,raw:10896:1,high,high
2,0.5481147845083583,0.04919580792979266,0.26846785310367177,0.125,0.7121918821406552,3.7998914726763715,0.4666485780016476,0.2885928151806076,0.43461348671410094,ETTh1,raw,10896,10992,raw:10896:2,mid,low
3,0.9523944084464833,0.25274588096957984,0.2766451333867111,0.5,0.8745348860383706,3.7998914726763715,0.4666485780016476,0.4939284742675914,0.6137278213466727,ETTh1,raw,10896,10992,raw:10896:3,high,high
4,0.32989309625158125,0.1376082998684516,0.5322533575738707,0.625,0.7608039015285528,3.7998914726763715,0.4666485780016476,0.3332515845646345,0.6174841598434001,ETTh1,raw,10896,10992,raw:10896:4,mid,high
5,0.2796227234518268,0.25742113737531125,0.4664665139867658,0.375,0.8439947406994135,3.7998914726763715,0.4666485780016476,0.3345034582713013,0.561881106233687,ETTh1,raw,10896,10992,raw:10896:5,mid,high
6,0.6266704867633157,0.13595230715427153,0.5344660060462356,0.25,0.838038063915937,3.7998914726763715,0.4666485780016476,0.43236293332127423,0.5182288806391949,ETTh1,raw,10896,10992,raw:10896:6,high,mid
0,0.5857785301054335,0.1394472540271191,0.4744914814387865,0.375,0.7716817413334698,3.510880532573129,0.41848008806472137,0.39990575519044635,0.521720609799397,ETTh1,raw,10944,11040,raw:10944:0,high,mid
1,0.5855005891205409,0.15720852966039586,0.5803590838781435,0.375,0.7931578126969682,3.510880532573129,0.41848008806472137,0.44102273421969346,0.5288793002538966,ETTh1,raw,10944,11040,raw:10944:1,high,mid
2,0.5649054606951716,0.12693497356558306,0.5134521901008444,0.375,0.7327770604739582,3.510880532573129,0.41848008806472137,0.401764208120533,0.5087523828462266,ETTh1,raw,10944,11040,raw:10944:2,high,mid
3,0.5965347233362195,0.1927632725419417,0.5846038821467562,0.375,0.8650188713606484,3.510880532573129,0.41848008806472137,0.45796729267497244,0.5528329864751232,ETTh1,raw,10944,11040,raw:10944:3,high,mid
4,0.09637394982427594,0.09635644375871914,0.4721851219834658,0.375,0.6186410482939431,3.510880532573129,0.41848008806472137,0.2216385051888203,0.4707070454528881,ETTh1,raw,10944,11040,raw:10944:4,low,mid
5,0.3188943741625829,0.10313495933890085,0.41623271324360583,0.25,0.5696342591369862,3.510880532573129,0.41848008806472137,0.2794206822483632,0.4127047824005692,ETTh1,raw,10944,11040,raw:10944:5,mid,low
6,0.696895090435707,0.46843377103715966,0.3714208704821789,0.0,0.63140171230841,3.510880532573129,0.41848008806472137,0.5122499106516818,0.34996060012437713,ETTh1,raw,10944,11040,raw:10944:6,high,low
0,0.35607086942083555,0.0351653133325227,0.5292783049586994,0.25,0.8057522692786394,3.4208097651827485,0.4034682935246776,0.3068381625706859,0.48640685426777236,ETTh1,raw,10968,11064,raw:10968:0,mid,mid
1,0.4999524159234666,0.08661129598635169,0.6174847558208517,0.625,0.8341147621994003,3.4208097651827485,0.4034682935246776,0.4013494892435567,0.6208610185746927,ETTh1,raw,10968,11064,raw:10968:1,high,high
2,0.21966645183575417,0.037083366023675735,0.4814566686741114,0.25,0.7488408120449608,3.4208097651827485,0.4034682935246776,0.24606882884451378,0.4674363685232128,ETTh1,raw,10968,11064,raw:10968:2,low,mid
3,0.3084818687604475,0.08364680217401718,0.5625399654451724,0.625,0.8514401824742515,3.4208097651827485,0.4034682935246776,0.31822287879321237,0.6266361586663097,ETTh1,raw,10968,11064,raw:10968:3,mid,high
4,0.4836803412803806,0.021585025508963615,0.3452799606346165,0.25,0.6539075552568951,3.4208097651827485,0.4034682935246776,0.2835151091413202,0.4357919495938576,ETTh1,raw,10968,11064,raw:10968:4,mid,low
5,0.29676932695293723,0.40717663275292815,0.5781387507533969,0.125,0.9035074156032474,3.4208097651827485,0.4034682935246776,0.42736157015308746,0.477325236375975,ETTh1,raw,10968,11064,raw:10968:5,high,mid
6,0.8094977078901061,0.18325961929021756,0.01065022795272506,0.375,0.9257587841592354,3.4208097651827485,0.4034682935246776,0.3344691850443495,0.5680756925613043,ETTh1,raw,10968,11064,raw:10968:6,mid,high
0,0.19978785127512044,0.0932880144807284,0.3635330197847349,0.5,0.7909387598878725,3.407728232949285,0.4012880381560674,0.21886962851352795,0.56407559934798,ETTh1,raw,11016,11112,raw:11016:0,low,high
1,0.52606690260978,0.12490795231952713,0.4769661531724463,0.5,0.8524355615946458,3.407728232949285,0.4012880381560674,0.3759803360339178,0.5845745332502377,ETTh1,raw,11016,11112,raw:11016:1,mid,high
2,0.475866288151639,0.08680917235182777,0.3189933381209902,0.625,0.6983513795202118,3.407728232949285,0.4012880381560674,0.29388959954148564,0.5748798058920931,ETTh1,raw,11016,11112,raw:11016:2,mid,high
3,0.2108116986033568,0.26774678199924745,0.3075720753717264,0.5,0.9708376986509449,3.407728232949285,0.4012880381560674,0.2620435186581102,0.6240419122690041,ETTh1,raw,11016,11112,raw:11016:3,low,high
4,0.058567264503533556,0.04003518333390091,0.3589855330198424,0.25,0.7134704692618967,3.407728232949285,0.4012880381560674,0.1525293269524256,0.4549195024726547,ETTh1,raw,11016,11112,raw:11016:4,low,mid
5,0.9759367927589702,0.13189494375582705,0.0036514486903751584,0.375,0.7799842154044546,3.407728232949285,0.4012880381560674,0.37049439506839077,0.5187574178535073,ETTh1,raw,11016,11112,raw:11016:5,mid,mid
6,0.5304333000647401,0.16746349012074652,0.42763528373789184,0.125,0.6422924440923318,3.407728232949285,0.4012880381560674,0.3751773579744595,0.38952682741613304,ETTh1,raw,11016,11112,raw:11016:6,mid,low
0,0.29317748116021203,0.15006161391235065,0.40262770540565507,0.25,0.7217627629245096,2.736705551799665,0.28945092481752593,0.2819556001594059,0.4204045625806785,ETTh1,raw,11040,11136,raw:11040:0,mid,low
1,0.6642323780262163,0.1154923472018682,0.11035069804388332,0.5,0.7848846058686976,2.736705551799665,0.28945092481752593,0.29669180775732257,0.5247785102287411,ETTh1,raw,11040,11136,raw:11040:1,mid,mid
2,0.5239259755902446,0.13061918015929683,0.3168091703840953,0.25,0.6715894367511244,2.736705551799665,0.28945092481752593,0.3237847753778789,0.40368012052288343,ETTh1,raw,11040,11136,raw:11040:2,mid,low
3,0.4673274041041492,0.09944885780054137,0.12260688272872632,0.25,0.8738095476556386,2.736705551799665,0.28945092481752593,0.2297943815444723,0.4710868241577215,ETTh1,raw,11040,11136,raw:11040:3,low,mid
4,0.31980221969458744,0.026664017167386006,0.395622783118361,0.375,0.6925531316454333,2.736705551799665,0.28945092481752593,0.2473630066601115,0.4523346854876531,ETTh1,raw,11040,11136,raw:11040:4,low,low
5,0.7104846720009308,0.14388234476930895,0.41732116958523946,0.0,0.7396218135258339,2.736705551799665,0.28945092481752593,0.42389606211849307,0.34302424611445326,ETTh1,raw,11040,11136,raw:11040:5,high,low
6,0.8436421246620307,0.3876569698177175,0.009556820860120364,0.375,0.7633036735903717,2.736705551799665,0.28945092481752593,0.4136186384466229,0.47591819946929914,ETTh1,raw,11040,11136,raw:11040:6,high,mid
0,0.6800814834834736,0.29920163156496654,0.419962134194593,0.25,0.6186536756220253,2.105552555198595,0.1842587588926679,0.46641508308101104,0.35097081150489773,ETTh1,raw,11064,11160,raw:11064:0,high,low
1,0.7855258772276996,0.11912816474701032,0.2667269808791314,0.25,0.7194770031640916,2.105552555198595,0.1842587588926679,0.3904603409512804,0.38457858735225314,ETTh1,raw,11064,11160,raw:11064:1,high,low
2,0.7411379261321738,0.2714455768195072,0.3007794683950985,0.25,0.5812998124896658,2.105552555198595,0.1842587588926679,0.4377876571155932,0.3385195237941112,ETTh1,raw,11064,11160,raw:11064:2,high,low
3,0.7835137723643064,0.19925326750044553,0.2842017072399079,0.25,0.7376615949768327,2.105552555198595,0.1842587588926679,0.4223229157015533,0.3906401179565002,ETTh1,raw,11064,11160,raw:11064:3,high,low
4,0.23513371369796232,0.14051468000007888,0.43160543583205774,0.375,0.735168707603388,2.105552555198595,0.1842587588926679,0.2690846098433663,0.431475822165352,ETTh1,raw,11064,11160,raw:11064:4,low,low
5,0.6146376226351002,0.21010711910880872,0.6565360243690463,0.625,0.8044934687281294,2.105552555198595,0.1842587588926679,0.49376025537098506,0.5379174092069324,ETTh1,raw,11064,11160,raw:11064:5,high,mid
6,0.5566866486427126,0.43515999381468995,0.7314178071102165,0.125,0.8594678545806079,2.105552555198595,0.1842587588926679,0.5744214831892064,0.3895755378244253,ETTh1,raw,11064,11160,raw:11064:6,high,low
0,0.20802387074638928,0.04364516046332188,0.33252814871538583,0.25,0.4392386620303005,3.0670367746790936,0.3445061285390054,0.19473239330836567,0.34458159685643536,ETTh1,raw,11112,11208,raw:11112:0,low,low
1,0.36059153490369866,0.050724226077226924,0.6605807321782935,0.375,0.768660978510758,3.0670367746790936,0.3445061285390054,0.357298831053073,0.4960557023499211,ETTh1,raw,11112,11208,raw:11112:1,mid,mid
2,0.07699495276533896,0.0482733648697566,0.2192885287448092,0.25,0.4228410408445577,3.0670367746790936,0.3445061285390054,0.11485228212663491,0.3391157231278544,ETTh1,raw,11112,11208,raw:11112:2,low,low
3,0.38614052012932587,0.04501180811624038,0.5053857274765097,0.25,0.7714933488685309,3.0670367746790936,0.3445061285390054,0.3121793519073586,0.45533315913584543,ETTh1,raw,11112,11208,raw:11112:3,mid,mid
4,0.14624104829778017,0.0839086067076755,0.47854055529080136,0.625,0.6921670066653944,3.0670367746790936,0.3445061285390054,0.23623007009875233,0.5538910450681332,ETTh1,raw,11112,11208,raw:11112:4,low,mid
5,0.49612171426646035,0.2537612944021659,0.28772136883938404,1.0,0.8519720630626152,3.0670367746790936,0.3445061285390054,0.3458681258360034,0.7321593972005402,ETTh1,raw,11112,11208,raw:11112:5,mid,high
6,0.6195752718014625,0.4530284877260134,0.6248599117211675,0.25,0.7515535022582507,3.0670367746790936,0.3445061285390054,0.5658212237495478,0.4486865435990854,ETTh1,raw,11112,11208,raw:11112:6,high,low
0,0.27480020161457674,0.1452442489359749,0.29842114257469543,0.25,0.5180481699006463,3.0925989551378397,0.3487664919416958,0.23948853104174903,0.3722715539474473,ETTh1,raw,11136,11232,raw:11136:0,low,low
1,0.5544817364247204,0.08745505018953369,0.37004921818079106,0.375,0.7881908259622088,3.0925989551378397,0.3487664919416958,0.337328668265015,0.5039857726346348,ETTh1,raw,11136,11232,raw:11136:1,mid,mid
2,0.392107825581718,0.13131954508817467,0.1809197880010563,0.25,0.5051647498541634,3.0925989551378397,0.3487664919416958,0.23478238622364964,0.3679770805986197,ETTh1,raw,11136,11232,raw:11136:2,low,low
3,0.6029131140340407,0.14710571669946165,0.6331840547971257,0.375,0.7692422434401783,3.0925989551378397,0.3487664919416958,0.4610676285102093,0.4976695784606247,ETTh1,raw,11136,11232,raw:11136:3,high,mid
4,0.15587413552151752,0.2258331222532286,0.4899474582439624,0.625,0.8205971593400792,3.0925989551378397,0.3487664919416958,0.29055157200623616,0.598121217093925,ETTh1,raw,11136,11232,raw:11136:4,mid,high
5,0.28626630854719304,0.17315325949968013,0.3949322765194275,0.75,0.933013843801387,3.0925989551378397,0.3487664919416958,0.2847839481887669,0.6772601119143609,ETTh1,raw,11136,11232,raw:11136:5,mid,high
6,0.6747995719404403,0.26118019931499326,0.6977696496406868,0.125,0.6499503771267494,3.0925989551378397,0.3487664919416958,0.5445831402987068,0.3745722896894817,ETTh1,raw,11136,11232,raw:11136:6,high,low
0,0.29043115084431026,0.032446752693780126,0.773655937558723,0.375,0.6574598580932798,3.7590404692220134,0.4598400774372688,0.36551128036560443,0.4974333118435162,ETTh1,raw,11184,11280,raw:11184:0,mid,mid
1,0.23664732826071633,0.21427483247567675,0.13342354482590296,0.5,0.8928307928284072,3.7590404692220134,0.4598400774372688,0.1947819018540987,0.6175569567552254,ETTh1,raw,11184,11280,raw:11184:1,low,high
2,0.40689401486880417,0.03637428286550081,0.7539188931051068,0.375,0.629210749249603,3.7590404692220134,0.4598400774372688,0.3990623969464706,0.48801694222895725,ETTh1,raw,11184,11280,raw:11184:2,high,mid
3,0.1740145878881013,0.19317896193661582,0.35337869264477856,0.5,0.9096110302484289,3.7590404692220134,0.4598400774372688,0.2401907474898319,0.6231503692285659,ETTh1,raw,11184,11280,raw:11184:3,low,high
4,0.29185580860864735,0.1562703594903245,0.4275335295490963,0.375,0.8136568767795364,3.7590404692220134,0.4598400774372688,0.2918865658826894,0.5494989847389351,ETTh1,raw,11184,11280,raw:11184:4,mid,mid
5,0.6139002119114001,0.1781491336262206,0.08187881999461351,0.375,0.9120321345507126,3.7590404692220134,0.4598400774372688,0.2913093885107448,0.5822907373293272,ETTh1,raw,11184,11280,raw:11184:5,mid,high
6,0.13927612172008952,0.024690318094053886,0.3480251180552167,0.125,0.4438142906068561,3.7590404692220134,0.4598400774372688,0.17066385262312003,0.3428847893480416,ETTh1,raw,11184,11280,raw:11184:6,low,low
0,0.5798381106414029,0.11419328546847873,0.42715278099512444,0.375,0.6659264704399693,4.0855784803850606,0.5142630792070716,0.37372805903500206,0.5183965165490138,ETTh1,raw,11208,11304,raw:11208:0,mid,mid
1,0.5614156906932442,0.15608767551019598,0.4073405544888951,0.5,0.8136931981327518,4.0855784803850606,0.5142630792070716,0.37494797356411175,0.6093187591132745,ETTh1,raw,11208,11304,raw:11208:1,mid,high
2,0.6800288246467421,0.09879240220921708,0.4076188510623376,0.375,0.6101522905745598,4.0855784803850606,0.5142630792070716,0.39548002597276555,0.4998051232605438,ETTh1,raw,11208,11304,raw:11208:2,high,mid
3,0.6253951741014505,0.14829023644135247,0.35387503972995876,0.5,0.855282005701263,4.0855784803850606,0.5142630792070716,0.37585348342425395,0.6231816949694449,ETTh1,raw,11208,11304,raw:11208:3,mid,high
4,0.23211311280835267,0.1005193888485379,0.41091075357098156,0.625,0.7978870994455085,4.0855784803850606,0.5142630792070716,0.24784775174262405,0.6457167262175267,ETTh1,raw,11208,11304,raw:11208:4,low,high
5,0.14360470971864225,0.24798517258443215,0.33969857722867225,0.125,0.8648849431552954,4.0855784803850606,0.5142630792070716,0.24376281984391554,0.501382674120789,ETTh1,raw,11208,11304,raw:11208:5,low,mid
6,0.7029446747190209,0.1609051397044936,0.05068482754418971,0.375,0.8298518384508478,4.0855784803850606,0.5142630792070716,0.3048448806559014,0.573038305885973,ETTh1,raw,11208,11304,raw:11208:6,mid,high
0,0.3463833245890815,0.08900778217092356,0.41771509118601285,0.375,0.6326572569525167,4.062191852471693,0.5103653078946733,0.28436873264867263,0.5060075216157299,ETTh1,raw,11232,11328,raw:11232:0,mid,mid
1,0.5049794114433945,0.16594174421074515,0.29720288281414997,0.375,0.7805389254512469,4.062191852471693,0.5103653078946733,0.32270801282276323,0.5553014111153067,ETTh1,raw,11232,11328,raw:11232:1,mid,mid
2,0.5225563020551088,0.07785535560852835,0.36549231865254167,0.375,0.5764056952373224,4.062191852471693,0.5103653078946733,0.3219679921053929,0.48725700104399855,ETTh1,raw,11232,11328,raw:11232:2,mid,mid
3,0.3408485120476422,0.21504557533832946,0.2746870750816239,0.5,0.8199437490230981,4.062191852471693,0.5103653078946733,0.27686038748919856,0.6101030189725904,ETTh1,raw,11232,11328,raw:11232:3,low,high
4,0.14080943674320678,0.05547823119142248,0.4920722529752953,0.625,0.6732037681873162,4.062191852471693,0.5103653078946733,0.22945330696997482,0.6028563586939965,ETTh1,raw,11232,11328,raw:11232:4,low,high
5,0.714048441710881,0.2198052374325456,0.30055551452344303,0.625,0.7898629722724454,4.062191852471693,0.5103653078946733,0.4114697312222899,0.6417427600557063,ETTh1,raw,11232,11328,raw:11232:5,high,high
6,0.6206795896809467,0.343938928734017,0.4843246674233779,0.25,0.7604136946671516,4.062191852471693,0.5103653078946733,0.48298106194611384,0.506926334187275,ETTh1,raw,11232,11328,raw:11232:6,high,mid
0,0.15467916389672753,0.03670449278694356,0.4363592587985026,0.5,0.6228937220565509,3.836256994990027,0.4727094983771553,0.2092476384940579,0.5318677401445687,ETTh1,raw,11280,11376,raw:11280:0,low,mid
1,0.14137492980717492,0.06544113473312874,0.4714766600251257,0.375,0.6405947829990719,3.836256994990027,0.4727094983771553,0.22609757485514312,0.4961014271254091,ETTh1,raw,11280,11376,raw:11280:1,low,mid
2,0.04144374223290359,0.04292762231472026,0.4149764991043678,0.375,0.5564433498657365,3.836256994990027,0.4727094983771553,0.1664492878839972,0.46805094941429726,ETTh1,raw,11280,11376,raw:11280:2,low,mid
3,0.08595241954316657,0.08304807151633402,0.44427398200065665,0.375,0.629718428994839,3.836256994990027,0.4727094983771553,0.20442482435338574,0.49247597579066477,ETTh1,raw,11280,11376,raw:11280:3,low,mid
4,0.24397229714037905,0.11832204988507011,0.5362448717279867,0.625,0.7679983268187967,3.836256994990027,0.4727094983771553,0.299513072917812,0.6219026083986506,ETTh1,raw,11280,11376,raw:11280:4,mid,high
5,0.6535558092699041,0.24103142519105025,0.4656754065832935,0.625,0.8459525508532667,3.836256994990027,0.4727094983771553,0.4534208803480826,0.647887349743474,ETTh1,raw,11280,11376,raw:11280:5,high,high
6,0.5974160547675137,0.45985717957085737,0.46391731438259587,0.125,0.8606744357812613,3.836256994990027,0.4727094983771553,0.5070635162403223,0.48612797805280555,ETTh1,raw,11280,11376,raw:11280:6,high,mid
0,0.16686824682018064,0.05974223252680681,0.43592487192735335,0.375,0.6320836729834913,3.7274903403915873,0.4545817226409617,0.22084511709144694,0.48722179854148434,ETTh1,raw,11304,11400,raw:11304:0,low,mid
1,0.42985394354010875,0.14446089426063863,0.41625399580631095,0.375,0.7525488789904057,3.7274903403915873,0.4545817226409617,0.3301896112023528,0.5273768672104558,ETTh1,raw,11304,11400,raw:11304:1,mid,mid
2,0.17707813788203663,0.06431371073273623,0.3485657612180712,0.375,0.5464894483811872,3.7274903403915873,0.4545817226409617,0.19665253661094803,0.4586903903407163,ETTh1,raw,11304,11400,raw:11304:2,low,mid
3,0.524760300839531,0.20374324320395126,0.4052017196259096,0.375,0.7189460853355903,3.7274903403915873,0.4545817226409617,0.37790175455646396,0.516175935992184,ETTh1,raw,11304,11400,raw:11304:3,high,mid
4,0.3201240281950555,0.07864176860844146,0.35838855152975785,0.625,0.7762319873641135,3.7274903403915873,0.4545817226409617,0.2523847827777516,0.6186045700016917,ETTh1,raw,11304,11400,raw:11304:4,low,high
5,0.13793737458512634,0.10761097963217933,0.3463953159213516,0.5,0.8795110210766256,3.7274903403915873,0.4545817226409617,0.19731455671288575,0.6113642479058624,ETTh1,raw,11304,11400,raw:11304:5,low,high
6,0.7158438480519005,0.4618595405890248,0.3165137422492234,0.125,0.8770389081548394,3.7274903403915873,0.4545817226409617,0.49807237696338297,0.48554021026526706,ETTh1,raw,11304,11400,raw:11304:6,high,mid
0,0.2882554660337504,0.048838540738104584,0.36269814605967465,0.25,0.6152615045860669,3.911786796711014,0.485297798643006,0.2332640509438432,0.4501864344096909,ETTh1,raw,11352,11448,raw:11352:0,low,low
1,0.14400922628981438,0.1531664239807844,0.3060055368413277,0.375,0.7982712580746466,3.911786796711014,0.485297798643006,0.2010603957039755,0.5528563522392176,ETTh1,raw,11352,11448,raw:11352:1,low,mid
2,0.2834778663357016,0.03930497661607052,0.3736833111758389,0.25,0.5717734652767312,3.911786796711014,0.485297798643006,0.2321553847092037,0.4356904213065791,ETTh1,raw,11352,11448,raw:11352:2,low,low
3,0.28788220807631004,0.22041163285064883,0.3484627446586813,0.375,0.8319223010746971,3.911786796711014,0.485297798643006,0.28558552852854674,0.5640733665725678,ETTh1,raw,11352,11448,raw:11352:3,mid,high
4,0.3388715759866805,0.14210587760906718,0.4628019690384302,0.5,0.6600613980053427,3.911786796711014,0.485297798643006,0.3145931408780593,0.5484530655494496,ETTh1,raw,11352,11448,raw:11352:4,mid,mid
5,0.4618866824858008,0.18845706779999252,0.4627593842907971,1.0,0.8532108079483816,3.911786796711014,0.485297798643006,0.3710343781921968,0.7795028688637958,ETTh1,raw,11352,11448,raw:11352:5,mid,high
6,0.45724790110723645,0.08201270787025756,0.6808980618554522,0.125,0.5598921290102766,3.911786796711014,0.485297798643006,0.4067195569443154,0.39006330921776083,ETTh1,raw,11352,11448,raw:11352:6,high,low
0,0.22275554892764737,0.034441915296853184,0.4349288207524715,0.25,0.5501170855685951,3.2055087077394813,0.36758478401060557,0.23070876165899068,0.38923395652640025,ETTh1,raw,11376,11472,raw:11376:0,low,low
1,0.433420461010134,0.19766863524770795,0.26797762834950833,0.375,0.7828957550555461,3.2055087077394813,0.36758478401060557,0.2996889082024501,0.5084935130220506,ETTh1,raw,11376,11472,raw:11376:1,mid,mid
2,0.083990283358366,0.03088569897171782,0.3312205354301106,0.25,0.5359464618757251,3.2055087077394813,0.36758478401060557,0.14869883925339814,0.38451041529544355,ETTh1,raw,11376,11472,raw:11376:2,low,low
3,0.25726057345517717,0.20594595748944006,0.3502533504484976,0.375,0.7933985580591264,3.2055087077394813,0.36758478401060557,0.271153293797705,0.5119944473565773,ETTh1,raw,11376,11472,raw:11376:3,low,mid
4,0.3945296942958224,0.030499933247653016,0.5096385875559173,0.375,0.6407153741046762,3.2055087077394813,0.36758478401060557,0.31155607169979754,0.46110005270509397,ETTh1,raw,11376,11472,raw:11376:4,mid,mid
5,0.8274050103950774,0.11236611348367845,0.6073043963516082,0.875,0.9414792458315403,3.2055087077394813,0.36758478401060557,0.515691840076788,0.7280213432807153,ETTh1,raw,11376,11472,raw:11376:5,high,high
6,0.3809984668752795,0.11393407111560999,0.6340590357645272,0.25,0.6177654477227812,3.2055087077394813,0.36758478401060557,0.3763305245851389,0.41178341057779555,ETTh1,raw,11376,11472,raw:11376:6,mid,low
0,0.2707221603103831,0.043533740776977435,0.521753035434726,0.25,0.5047416014213185,3.302231414306827,0.3837052350782958,0.2786696455073621,0.3794822788332048,ETTh1,raw,11400,11496,raw:11400:0,low,low
1,0.4767572763267406,0.21645171721515166,0.5916627094766674,0.375,0.7418930303890782,3.302231414306827,0.3837052350782958,0.42829056767285323,0.500199421822458,ETTh1,raw,11400,11496,raw:11400:1,high,mid
2,0.12238041480096706,0.048744918758885744,0.4070174398763036,0.25,0.5020972335268719,3.302231414306827,0.3837052350782958,0.19271425781205212,0.3786008228683892,ETTh1,raw,11400,11496,raw:11400:2,low,low
3,0.48196576560072624,0.21220940656044412,0.6645990576535677,0.375,0.7477703271056206,3.302231414306827,0.3837052350782958,0.45292474327157944,0.5021585207279721,ETTh1,raw,11400,11496,raw:11400:3,high,mid
4,0.45624085550827986,0.1405275588489573,0.38645621865184465,0.25,0.6033912085852217,3.302231414306827,0.3837052350782958,0.3277415443363606,0.4123654812211725,ETTh1,raw,11400,11496,raw:11400:4,mid,low
5,0.6202332466737944,0.2419910903011821,0.3007555015556449,1.0,0.9355120785292279,3.302231414306827,0.3837052350782958,0.38765994617687377,0.7730724378691746,ETTh1,raw,11400,11496,raw:11400:5,high,high
6,0.40558611241362263,0.09903648734445991,0.4520988961325146,0.25,0.6072140607269252,3.302231414306827,0.3837052350782958,0.31890716529686575,0.413639765268407,ETTh1,raw,11400,11496,raw:11400:6,mid,low
0,0.1690001376868755,0.047234024572158084,0.25027408118357647,0.25,0.47612101441379223,3.214616648291023,0.3691027740999992,0.15550274781420334,0.3650745961712638,ETTh1,raw,11448,11544,raw:11448:0,low,low
1,0.34544329470087676,0.11268423550125337,0.23612206062749802,0.375,0.7781908041466133,3.214616648291023,0.3691027740999992,0.23141653027654274,0.5074311927488708,ETTh1,raw,11448,11544,raw:11448:1,low,mid
2,0.18598676664426894,0.050981354128029885,0.23993213959826193,0.25,0.46473580967636635,3.214616648291023,0.3691027740999992,0.1589667534568536,0.3612795279254552,ETTh1,raw,11448,11544,raw:11448:2,low,low
3,0.4045042838634807,0.10189180659103712,0.1936998076753475,0.375,0.7629485547684829,3.214616648291023,0.3691027740999992,0.23336529937662176,0.5023504429561607,ETTh1,raw,11448,11544,raw:11448:3,low,mid
4,0.34318067095755356,0.1065709595887088,0.4720312008153191,0.625,0.8144367134013346,3.214616648291023,0.3691027740999992,0.3072609437871938,0.6028464958337779,ETTh1,raw,11448,11544,raw:11448:4,mid,high
5,0.2863853893063152,0.2982589124340217,0.4533534494079698,1.0,0.937604977008232,3.214616648291023,0.3691027740999992,0.3459992503827689,0.7689025837027437,ETTh1,raw,11448,11544,raw:11448:5,mid,high
6,0.17816870187822376,0.25500478047987607,0.5582918117591047,0.375,0.7840259142179179,3.214616648291023,0.3691027740999992,0.3304884313724015,0.5093762294393057,ETTh1,raw,11448,11544,raw:11448:6,mid,mid
0,0.14857743964279269,0.03312417083149194,0.5166371463636817,0.25,0.47741790414350965,3.414997030598578,0.4024995044289305,0.23277958561265547,0.3766391361908134,ETTh1,raw,11472,11568,raw:11472:0,low,low
1,0.09570268159234219,0.06475695343997082,0.7219813001096569,0.25,0.8181749966540942,3.414997030598578,0.4024995044289305,0.2941469783806566,0.4902248336943416,ETTh1,raw,11472,11568,raw:11472:1,mid,mid
2,0.04376118831914988,0.03475785755247646,0.4197371628485463,0.25,0.4618192329406811,3.414997030598578,0.4024995044289305,0.16608540290672422,0.3714395791232039,ETTh1,raw,11472,11568,raw:11472:2,low,low
3,0.12864607763262048,0.06613137962767701,0.8533862259035601,0.25,0.8096285585714721,3.414997030598578,0.4024995044289305,0.34938789438795254,0.4873760210001343,ETTh1,raw,11472,11568,raw:11472:3,mid,mid
4,0.14059019540140827,0.12201524656892099,0.39361725767340994,0.625,0.7772553645414289,3.414997030598578,0.4024995044289305,0.21874089988124643,0.6015849563234531,ETTh1,raw,11472,11568,raw:11472:4,low,high
5,0.40808010876334977,0.2126149998863735,0.5191985222517276,1.0,0.9145954219555655,3.414997030598578,0.4024995044289305,0.379964543633817,0.7723649754614986,ETTh1,raw,11472,11568,raw:11472:5,high,high
6,0.3984042192831365,0.24732253303585655,0.18610688775198178,0.25,0.6796166432110581,3.414997030598578,0.4024995044289305,0.27727788002365833,0.44403871587999616,ETTh1,raw,11472,11568,raw:11472:6,low,low
0,0.34940617446103506,0.017766064264073032,0.3394495837669804,0.25,0.46391124592096394,2.6524563406075155,0.27540938964223693,0.23554060749736283,0.32977354518773366,ETTh1,raw,11520,11616,raw:11520:0,low,low
1,0.3147312893572025,0.07424182981709071,0.6586936299823601,0.375,0.7625609858173329,2.6524563406075155,0.27540938964223693,0.34922224971888444,0.4709901251531899,ETTh1,raw,11520,11616,raw:11520:1,mid,mid
2,0.20233117387073796,0.018757130530082194,0.05765289819323117,0.25,0.43242851394145154,2.6524563406075155,0.27540938964223693,0.09291373419801711,0.3192793011945628,ETTh1,raw,11520,11616,raw:11520:2,low,low
3,0.23309518362855242,0.07528618469172405,0.6248652569670002,0.375,0.760137518032823,2.6524563406075155,0.27540938964223693,0.31108220842909223,0.47018230255835336,ETTh1,raw,11520,11616,raw:11520:3,mid,mid
4,0.30873616908270396,0.06821949113325404,0.43591268885524553,0.5,0.7481608381407381,2.6524563406075155,0.27540938964223693,0.27095611635706784,0.507856742594325,ETTh1,raw,11520,11616,raw:11520:4,low,mid
5,0.4999993896091397,0.2030998320603712,0.4539785654316404,0.625,0.8705037867306316,2.6524563406075155,0.27540938964223693,0.3856925957003838,0.5903043921242895,ETTh1,raw,11520,11616,raw:11520:5,high,high
6,0.4904417788234582,0.20757726077576172,0.44312719816016893,0.375,0.6321119953820786,2.6524563406075155,0.27540938964223693,0.3803820792531296,0.4275071283414385,ETTh1,raw,11520,11616,raw:11520:6,high,low
0,0.07124706464141817,0.0196900038918165,0.18675793523597992,0.25,0.46814800632993264,2.8217359556965063,0.3036226587767133,0.09256500125640486,0.34059022170221526,ETTh1,raw,11544,11640,raw:11544:0,low,low
1,0.1500589791396666,0.03827268224349796,0.47533696133722686,0.25,0.793748889620206,2.8217359556965063,0.3036226587767133,0.22122287424013046,0.4491238494656397,ETTh1,raw,11544,11640,raw:11544:1,low,low
2,0.15084361085695097,0.021180947217522204,0.0972215117526525,0.25,0.44035135880741744,2.8217359556965063,0.3036226587767133,0.08974868994237523,0.3313246725280436,ETTh1,raw,11544,11640,raw:11544:2,low,low
3,0.3012283854262331,0.046463762119747065,0.4342347881155097,0.5,0.794023045919677,2.8217359556965063,0.3036226587767133,0.2606423118871633,0.5325485682321301,ETTh1,raw,11544,11640,raw:11544:3,low,mid
4,0.22719351868879134,0.10111063206132206,0.5004350921355843,0.625,0.7496868868984564,2.8217359556965063,0.3036226587767133,0.2762464142952326,0.5594365152250566,ETTh1,raw,11544,11640,raw:11544:4,low,high
5,0.3106005283325579,0.2251795766962842,0.4594638372494045,1.0,0.8749218547761928,2.8217359556965063,0.3036226587767133,0.33174798075941553,0.7261815045176353,ETTh1,raw,11544,11640,raw:11544:5,mid,high
6,0.36424109214447065,0.032088381088635494,0.3743135146097801,0.25,0.6980560993174606,2.8217359556965063,0.3036226587767133,0.25688099594762875,0.41722625269805796,ETTh1,raw,11544,11640,raw:11544:6,low,low
0,0.09755273022889721,0.04414894945874624,0.2766666644541098,0.25,0.5229724027421009,3.089461273766948,0.3482435450474187,0.13945611471391775,0.3737386492631732,ETTh1,raw,11592,11688,raw:11592:0,low,low
1,0.05947537350276222,0.048624691092360395,0.2643355652460419,0.375,0.7550755365352984,3.089461273766948,0.3482435450474187,0.12414520994705484,0.492773027194239,ETTh1,raw,11592,11688,raw:11592:1,low,mid
2,0.10821674970058182,0.04327704178343247,0.2351913560083497,0.25,0.4801982801529115,3.089461273766948,0.3482435450474187,0.12889504916412134,0.35948060840011004,ETTh1,raw,11592,11688,raw:11592:2,low,low
3,0.28494556088430645,0.06189104722429437,0.2913277284666049,0.5,0.768229876021437,3.089461273766948,0.3482435450474187,0.21272144552506855,0.5388244736896186,ETTh1,raw,11592,11688,raw:11592:3,low,mid
4,0.4229185449237757,0.17193180481589176,0.4483390543345988,0.75,0.7672614046554975,3.089461273766948,0.3482435450474187,0.34772980135808873,0.6218349832343054,ETTh1,raw,11592,11688,raw:11592:4,mid,high
5,0.20394676084774577,0.1599785509126017,0.5263843284739381,1.0,0.8747109178042932,3.089461273766948,0.3482435450474187,0.2967698800780952,0.7409848209505707,ETTh1,raw,11592,11688,raw:11592:5,mid,high
6,0.5789601899023463,0.1839695866493409,0.22048509299556399,0.25,0.6646153323163425,3.089461273766948,0.3482435450474187,0.3278049565157504,0.42095295912125374,ETTh1,raw,11592,11688,raw:11592:6,mid,low
0,0.9999999990985085,0.2336299261824747,0.30462583987669095,0.375,0.6835791272885464,2.6646303106706037,0.27743838464937,0.5127519217192247,0.4453391706459721,ETTh1,raw,11616,11712,raw:11616:0,high,low
1,0.9543862275615408,0.17298075316243805,0.6991682568423738,0.5,0.8077943102682843,2.6646303106706037,0.27743838464937,0.6088450791887842,0.5284108983058847,ETTh1,raw,11616,11712,raw:11616:1,high,mid
2,0.9958537868486803,0.25419699191060796,0.24953363986514468,0.375,0.664486399338032,2.6646303106706037,0.27743838464937,0.499861472874811,0.4389749279958007,ETTh1,raw,11616,11712,raw:11616:2,high,low
3,0.8892919942233616,0.13956505550032716,0.7896639504710156,0.5,0.8043903696494918,2.6646303106706037,0.27743838464937,0.6061736667315681,0.527276251432954,ETTh1,raw,11616,11712,raw:11616:3,high,mid
4,0.9438279205947271,0.29786531651599196,0.5331023060182932,0.5,0.9005835389829903,2.6646303106706037,0.27743838464937,0.5915985143763374,0.5593406412107867,ETTh1,raw,11616,11712,raw:11616:4,high,high
5,0.9999999410958159,0.13439972865245703,0.6073073582126083,0.75,0.9169509303566689,2.6646303106706037,0.27743838464937,0.5805690093202938,0.6481297716686797,ETTh1,raw,11616,11712,raw:11616:5,high,high
6,0.9714050137518068,0.16480584999083067,0.054857641770333206,0.25,0.7640603026084796,2.6646303106706037,0.27743838464937,0.3970228351709902,0.43049956241928317,ETTh1,raw,11616,11712,raw:11616:6,high,low
0,0.9675737761156439,0.2336157795948816,0.059937958514560845,0.375,0.7540323748799794,2.8128475112097227,0.30214125136471837,0.4203758380750287,0.4770578754148993,ETTh1,raw,11640,11736,raw:11640:0,high,mid
1,0.9999999964138713,0.09394902460480072,0.026035859668261437,0.25,0.797102777701054,2.8128475112097227,0.30214125136471837,0.3733282935623112,0.4497480096885908,ETTh1,raw,11640,11736,raw:11640:1,mid,low
2,0.9936646504799412,0.24191488083311136,0.03636698385073261,0.375,0.7321667502623844,2.8128475112097227,0.30214125136471837,0.42398217172126174,0.46976933387570097,ETTh1,raw,11640,11736,raw:11640:2,high,mid
3,0.9794338717716013,0.10550737236231403,0.013851778144801583,0.375,0.7850415530447844,2.8128475112097227,0.30214125136471837,0.3662643407595723,0.4873942681365009,ETTh1,raw,11640,11736,raw:11640:3,mid,mid
4,0.952422609149157,0.5655665705647256,0.3556063510527352,0.5,0.932320014266393,2.8128475112097227,0.30214125136471837,0.6245318435888726,0.5781537552103705,ETTh1,raw,11640,11736,raw:11640:4,high,high
5,0.8760331800036883,0.2036230911081533,0.999999999073465,0.75,0.8916667540115032,2.8128475112097227,0.30214125136471837,0.6932187567284355,0.6479360017920739,ETTh1,raw,11640,11736,raw:11640:5,high,high
6,0.6097103186279136,0.12169670909530357,0.36799074016868344,0.25,0.8476079771969502,2.8128475112097227,0.30214125136471837,0.36646592263063354,0.4665830761872229,ETTh1,raw,11640,11736,raw:11640:6,mid,mid
0,0.9625330143094694,0.21431357144092328,0.2490639720346799,0.25,0.6947395245633842,2.5297011718057543,0.25495019487604204,0.47530351926169084,0.3998965731464754,ETTh1,raw,11688,11784,raw:11688:0,high,low
1,0.9999999963419981,0.051662567052544794,0.5716754727239266,0.5,0.7338854838550556,2.5297011718057543,0.25495019487604204,0.5411126787061565,0.4962785595770325,ETTh1,raw,11688,11784,raw:11688:1,high,mid
2,0.9929485091180785,0.22064982574060588,0.2430775876915423,0.25,0.6873832205298424,2.5297011718057543,0.25495019487604204,0.4855586408500756,0.39744447180196146,ETTh1,raw,11688,11784,raw:11688:2,high,low
3,0.979896030605499,0.037948995536821184,0.6179089750689801,0.5,0.7467755837796829,2.5297011718057543,0.25495019487604204,0.5452513337371001,0.5005752595519083,ETTh1,raw,11688,11784,raw:11688:3,high,mid
4,0.9596123590582242,0.3347130860590906,0.3210552853649496,0.625,0.856022405989548,2.5297011718057543,0.25495019487604204,0.538460243494088,0.5786575336218633,ETTh1,raw,11688,11784,raw:11688:4,high,high
5,0.9019608362155545,0.169166798258774,0.46968714886826113,0.625,0.9326504329125973,2.5297011718057543,0.25495019487604204,0.5136049277808632,0.6042002092628798,ETTh1,raw,11688,11784,raw:11688:5,high,high
6,0.771092685473374,0.06435894745861545,0.1390178054617557,0.25,0.7998333296951731,2.5297011718057543,0.25495019487604204,0.32482314613124835,0.4349278415237383,ETTh1,raw,11688,11784,raw:11688:6,mid,low
0,0.27955435217604274,0.027576687850074943,0.3141167296459215,0.25,0.46348010703421144,2.5938249563227926,0.2656374922777363,0.20708258989067974,0.32637253310398257,ETTh1,raw,11712,11808,raw:11712:0,low,low
1,0.4876809346811696,0.1866910511154425,0.5334861014252623,0.5,0.7226003170247665,2.5938249563227926,0.2656374922777363,0.4026193624072915,0.4960792697675009,ETTh1,raw,11712,11808,raw:11712:1,high,mid
2,0.1897145340012968,0.025283259396682918,0.20807156148246725,0.25,0.4409376728541524,2.5938249563227926,0.2656374922777363,0.14102311829348232,0.31885838837729624,ETTh1,raw,11712,11808,raw:11712:2,low,low
3,0.46625861540355207,0.2299134598664812,0.40438266430808045,0.5,0.7549463131105133,2.5938249563227926,0.2656374922777363,0.3668515798593712,0.5068612684627499,ETTh1,raw,11712,11808,raw:11712:3,mid,mid
4,0.22755722961351466,0.13996456057228873,0.5181676574458532,0.75,0.7770366458749061,2.5938249563227926,0.2656374922777363,0.29522981587721886,0.5975580460508808,ETTh1,raw,11712,11808,raw:11712:4,mid,high
5,0.4055866695869318,0.17650045725468727,0.5379465506471212,0.375,0.859366456945822,2.5938249563227926,0.2656374922777363,0.37334455916291337,0.5000013164078528,ETTh1,raw,11712,11808,raw:11712:5,mid,mid
6,0.6042525677498889,0.47675191178175114,0.5324850266939759,0.25,0.7663427650101745,2.5938249563227926,0.2656374922777363,0.5378298354085387,0.4273267524293036,ETTh1,raw,11712,11808,raw:11712:6,high,low
0,0.34760126824451654,0.016710728912853086,0.3557589582016695,0.25,0.4753008661585983,2.6906160377254675,0.2817693391512957,0.24002365178634635,0.3356900684366313,ETTh1,raw,11760,11856,raw:11760:0,low,low
1,0.5727565125253523,0.11020408759462363,0.2851458456153324,0.25,0.7789977592329493,2.6906160377254675,0.2817693391512957,0.3227021485784361,0.43692236612808166,ETTh1,raw,11760,11856,raw:11760:1,mid,low
2,0.3411948026941204,0.016024969652925995,0.37369988662580506,0.25,0.45714551878817455,2.6906160377254675,0.2817693391512957,0.24363988632428382,0.3296382859798234,ETTh1,raw,11760,11856,raw:11760:2,low,low
3,0.5587315192739224,0.14927223783752364,0.284976901054069,0.5,0.7924411776917232,2.6906160377254675,0.2817693391512957,0.33099355272183834,0.524736838947673,ETTh1,raw,11760,11856,raw:11760:3,mid,mid
4,0.08749980185043693,0.09325387464036299,0.4948430452309804,0.5,0.7452322124821014,2.6906160377254675,0.2817693391512957,0.22519890724059344,0.5090005172111324,ETTh1,raw,11760,11856,raw:11760:4,low,mid
5,0.2545068106071017,0.1387835667239541,0.39291593611143255,0.5,0.8136591995214201,2.6906160377254675,0.2817693391512957,0.2620687711474961,0.5318095128909053,ETTh1,raw,11760,11856,raw:11760:5,low,mid
6,0.16629323815091568,0.23254430250747188,0.293511643222562,0.25,0.6453484651689684,2.6906160377254675,0.2817693391512957,0.23078306129364987,0.39237260144008806,ETTh1,raw,11760,11856,raw:11760:6,low,low
0,0.34085572985293233,0.12908902673046593,0.2689949069479214,0.25,0.5113131156342842,2.385246098897278,0.2308743494314224,0.24631322117710655,0.3307291550219022,ETTh1,raw,11784,11880,raw:11784:0,low,low
1,0.21276857302641905,0.12895112315892876,0.4765385929498115,0.25,0.8017808170488283,2.385246098897278,0.2308743494314224,0.2727527630450531,0.4275517221600836,ETTh1,raw,11784,11880,raw:11784:1,low,low
2,0.3296656332683865,0.1269075810428607,0.43231871889152373,0.25,0.4953788637574114,2.385246098897278,0.2308743494314224,0.29629731106759033,0.3254177377296113,ETTh1,raw,11784,11880,raw:11784:2,mid,low
3,0.2772835238548117,0.15490790670698917,0.19296288952414983,0.375,0.8234102730916699,2.385246098897278,0.2308743494314224,0.20838477336198358,0.4764282075076975,ETTh1,raw,11784,11880,raw:11784:3,low,mid
4,0.1759474583302545,0.06668893886119434,0.420507131119025,0.5,0.6942487421720422,2.385246098897278,0.2308743494314224,0.22104784277015796,0.47504103053448826,ETTh1,raw,11784,11880,raw:11784:4,low,mid
5,0.2834837390728203,0.18724856091020237,0.4708615784867875,0.375,0.7899714259862356,2.385246098897278,0.2308743494314224,0.3138646261566034,0.46528192513921934,ETTh1,raw,11784,11880,raw:11784:5,mid,mid
6,0.7940595617293388,0.0702315730122998,0.18558545685683878,0.375,0.7505076386644226,2.385246098897278,0.2308743494314224,0.3499588638661591,0.45212732936528166,ETTh1,raw,11784,11880,raw:11784:6,mid,low
0,0.29986925085146143,0.12910782577380228,0.3120042502422504,0.25,0.5795638277569015,2.627970858517194,0.27132847596731824,0.2469937756225047,0.3669641012414066,ETTh1,raw,11808,11904,raw:11808:0,low,low
1,0.4079784125014956,0.223345930024907,0.8645556102003178,0.625,0.664394386378114,2.627970858517194,0.27132847596731824,0.4986266509089068,0.5202409541151441,ETTh1,raw,11808,11904,raw:11808:1,high,mid
2,0.32980091981129744,0.11992400170764021,0.25463680607295414,0.25,0.5541693168143315,2.627970858517194,0.27132847596731824,0.23478724253063063,0.35849926426054984,ETTh1,raw,11808,11904,raw:11808:2,low,low
3,0.29005056499347215,0.17647529235482698,0.8144324621306298,0.625,0.6647968331041831,2.627970858517194,0.27132847596731824,0.4269861064929763,0.5203751030238338,ETTh1,raw,11808,11904,raw:11808:3,high,mid
4,0.25988825544414895,0.11174691388126877,0.18218498331523186,0.625,0.7536446313654471,2.627970858517194,0.27132847596731824,0.1846067175468832,0.5499910357775885,ETTh1,raw,11808,11904,raw:11808:4,low,mid
5,0.46754775814921834,0.18899307334001453,0.2524694210201842,0.375,0.7436162720403547,2.627970858517194,0.27132847596731824,0.303003417503139,0.46331491600255764,ETTh1,raw,11808,11904,raw:11808:5,mid,mid
6,0.7617621316089661,0.3988665901833877,0.03767992776545464,0.25,0.780491216265314,2.627970858517194,0.27132847596731824,0.3994362165192695,0.43393989741087746,ETTh1,raw,11808,11904,raw:11808:6,high,low
0,0.1766066147018155,0.0498940417021089,0.25180613529278384,0.25,0.661291309421433,2.8107719282939527,0.30179532087933325,0.15943559723223608,0.40436221010025547,ETTh1,raw,11856,11952,raw:11856:0,low,low
1,0.08929173354885123,0.1018679440907311,0.3038699257880389,0.625,0.8184653720086963,2.8107719282939527,0.30179532087933325,0.1650098678092071,0.5817535642960099,ETTh1,raw,11856,11952,raw:11856:1,low,high
2,0.03430781325113397,0.05249078559910156,0.24545767990353778,0.25,0.6305979558121432,2.8107719282939527,0.30179532087933325,0.11075209291792443,0.39413109223049214,ETTh1,raw,11856,11952,raw:11856:2,low,low
3,0.34534423318023333,0.07801124822116624,0.30591297953750163,0.625,0.7078532480741135,2.8107719282939527,0.30179532087933325,0.24308948697963373,0.5448828563178156,ETTh1,raw,11856,11952,raw:11856:3,low,mid
4,0.05868849576285573,0.08073249491120743,0.49055066496717237,0.75,0.8878930835595573,2.8107719282939527,0.30179532087933325,0.20999055188041185,0.6465628014796302,ETTh1,raw,11856,11952,raw:11856:4,low,high
5,0.36346778486052733,0.30702585804254107,0.5712299176143248,0.5,0.8392459279006308,2.8107719282939527,0.30179532087933325,0.4139078535057978,0.5470137495933214,ETTh1,raw,11856,11952,raw:11856:5,high,mid
6,0.6362028621459397,0.05782485320815532,0.22680278021200648,0.375,0.8105993313937303,2.8107719282939527,0.30179532087933325,0.30694349852203384,0.49579821742435454,ETTh1,raw,11856,11952,raw:11856:6,mid,mid
0,0.13454852606568746,0.053016939510897754,0.24476277906337499,0.375,0.52921592728429,2.6114612342136985,0.2685768719213216,0.14410941487998674,0.39093093306853727,ETTh1,raw,11880,11976,raw:11880:0,low,low
1,0.0808549018353345,0.1251078218945611,0.2551829044862927,0.5,0.7433328232909614,2.6114612342136985,0.2685768719213216,0.1537152094053961,0.5039698984040943,ETTh1,raw,11880,11976,raw:11880:1,low,mid
2,0.17289354550620106,0.044820261429813005,0.19933600609315846,0.375,0.5097490718894829,2.6114612342136985,0.2685768719213216,0.13901660434305751,0.3844419812702682,ETTh1,raw,11880,11976,raw:11880:2,low,low
3,0.1608614540952905,0.06672037973108941,0.4255563024463382,0.375,0.6555930766965151,2.6114612342136985,0.2685768719213216,0.21771271209090604,0.4330566495392789,ETTh1,raw,11880,11976,raw:11880:3,low,low
4,0.4468360107801791,0.14837531091720213,0.5873361735271506,0.75,0.8316619528433138,2.6114612342136985,0.2685768719213216,0.39418249840817726,0.6167462749215451,ETTh1,raw,11880,11976,raw:11880:4,high,high
5,0.530143528687529,0.18155194852851786,0.5523249080485629,0.875,0.8525574997190634,2.6114612342136985,0.2685768719213216,0.4213401284215366,0.6653781238801284,ETTh1,raw,11880,11976,raw:11880:5,high,high
6,0.557509309127948,0.10448436034795221,0.8095830749345244,0.375,0.7096785585549361,2.6114612342136985,0.2685768719213216,0.4905255814701415,0.4510851434920859,ETTh1,raw,11880,11976,raw:11880:6,high,low
0,0.479065182663988,0.08127375488834329,0.28933854748695254,0.375,0.6361844865810776,2.9296867346590716,0.3216144552404878,0.28322582834642795,0.44426631394052185,ETTh1,raw,11928,12024,raw:11928:0,mid,low
1,0.251457249555908,0.1281814921346952,0.3588272975522635,0.25,0.6462753993307956,2.9296867346590716,0.3216144552404878,0.2461553464142889,0.4059632848570945,ETTh1,raw,11928,12024,raw:11928:1,low,low
2,0.30979975855221276,0.06384535203737111,0.3503626393110256,0.375,0.6095707213309474,2.9296867346590716,0.3216144552404878,0.24133591663353648,0.4353950588571451,ETTh1,raw,11928,12024,raw:11928:2,low,low
3,0.2495509782894637,0.052238454796762854,0.30072268546856296,0.375,0.6207238496803594,2.9296867346590716,0.3216144552404878,0.2008373728515965,0.43911276830694906,ETTh1,raw,11928,12024,raw:11928:3,low,low
4,0.35207784060269054,0.04095338372175383,0.5339720171141701,0.625,0.7740538789400413,2.9296867346590716,0.3216144552404878,0.30900108047953817,0.5735561113935097,ETTh1,raw,11928,12024,raw:11928:4,mid,high
5,0.08996945298159176,0.14977001759762143,0.503904958126336,1.0,0.9021876835284005,2.9296867346590716,0.3216144552404878,0.24788147623518306,0.7412673795896295,ETTh1,raw,11928,12024,raw:11928:5,low,high
6,0.7046275108378128,0.22220922956014388,0.5543904889868931,0.375,0.8972481630432216,2.9296867346590716,0.3216144552404878,0.49374240979494993,0.5312875394279032,ETTh1,raw,11928,12024,raw:11928:6,high,mid
0,0.18815386760568797,0.09607663415004038,0.25171774279137454,0.375,0.5806096994460618,2.8530674857095275,0.3088445804368469,0.1786494148490343,0.4214847599609695,ETTh1,raw,11952,12048,raw:11952:0,low,low
1,0.21938063936153895,0.09217821944277979,0.3981227599279577,0.375,0.6607068660602798,2.8530674857095275,0.3088445804368469,0.2365605395774255,0.44818381549904224,ETTh1,raw,11952,12048,raw:11952:1,low,low
2,0.10898631191276209,0.0889610209700022,0.2655608368416916,0.375,0.5469600553507259,2.8530674857095275,0.3088445804368469,0.1545027232414853,0.41026821192919094,ETTh1,raw,11952,12048,raw:11952:2,low,low
3,0.04327334545740935,0.05872268006971161,0.3355824719638433,0.375,0.6516662403197568,2.8530674857095275,0.3088445804368469,0.14585949916365473,0.44517027358553457,ETTh1,raw,11952,12048,raw:11952:3,low,low
4,0.26310795696435363,0.1258053578484947,0.488243552654674,0.625,0.7645204855433444,2.8530674857095275,0.3088445804368469,0.2923856224891741,0.5661216886600637,ETTh1,raw,11952,12048,raw:11952:4,mid,high
5,0.2410979512600393,0.10885051634115332,0.5782058357277304,0.75,0.9128123829784901,2.8530674857095275,0.3088445804368469,0.3093847677763077,0.6572189878051123,ETTh1,raw,11952,12048,raw:11952:5,mid,high
6,0.8060976666577409,0.29086073483957464,0.322709576334496,0.375,0.8676272518026571,2.8530674857095275,0.3088445804368469,0.47322265927727053,0.517157277413168,ETTh1,raw,11952,12048,raw:11952:6,high,mid
0,0.515719835987466,0.07922415864952104,0.37807632246170486,0.375,0.6177808472582474,3.2730926298203658,0.378848771005313,0.32434010569956395,0.45720987275452013,ETTh1,raw,11976,12072,raw:11976:0,mid,mid
1,0.2329847516832222,0.10864924566365805,0.4257155450514815,0.375,0.7268227853878372,3.2730926298203658,0.378848771005313,0.25578318079945395,0.49355718546438343,ETTh1,raw,11976,12072,raw:11976:1,low,mid
2,0.3724506165995769,0.062178605631449606,0.38277632988414273,0.375,0.5664872474445962,3.2730926298203658,0.378848771005313,0.2724685173717231,0.44011200614996976,ETTh1,raw,11976,12072,raw:11976:2,low,low
3,0.3462831961646694,0.08089091313445387,0.41824018203302066,0.375,0.7433890137097922,3.2730926298203658,0.378848771005313,0.2818047637773813,0.4990792615717017,ETTh1,raw,11976,12072,raw:11976:3,mid,mid
4,0.15894628970848912,0.060859551390104745,0.3096676459473846,0.625,0.714099645976611,3.2730926298203658,0.378848771005313,0.1764911623486595,0.572649472327308,ETTh1,raw,11976,12072,raw:11976:4,low,high
5,0.3092792571033697,0.2669112695240995,0.5785670736634885,1.0,0.8809642985153489,3.2730926298203658,0.378848771005313,0.3849192000969859,0.753271023173554,ETTh1,raw,11976,12072,raw:11976:5,high,high
6,0.41098905961397014,0.14910036166595475,0.34214471768377497,0.625,0.9158838674667453,3.2730926298203658,0.378848771005313,0.30074471298789995,0.6399108794906861,ETTh1,raw,11976,12072,raw:11976:6,mid,high
0,0.4080466040830306,0.10024379778389174,0.39331068950621406,0.375,0.7138732070662982,2.970803811229132,0.3284673013240765,0.3005336971243788,0.4724468361301249,ETTh1,raw,12024,12120,raw:12024:0,mid,mid
1,0.08149122482389959,0.05840392820014734,0.5067896007657079,0.375,0.6815306989890598,2.970803811229132,0.3284673013240765,0.21556158459658495,0.4616660001043788,ETTh1,raw,12024,12120,raw:12024:1,low,mid
2,0.4344083479624318,0.0826945702241512,0.32094264091160263,0.375,0.6696257193278112,2.970803811229132,0.3284673013240765,0.27934851969939517,0.45769767355062924,ETTh1,raw,12024,12120,raw:12024:2,mid,mid
3,0.21199422445849647,0.10518392693184758,0.559557163748522,0.25,0.6904009096273115,2.970803811229132,0.3284673013240765,0.2922451050462887,0.42295607031712934,ETTh1,raw,12024,12120,raw:12024:3,mid,low
4,0.18562823896705116,0.09561785932420383,0.18862258382754366,0.75,0.7459784194194634,2.970803811229132,0.3284673013240765,0.15662289403959956,0.6081485735811799,ETTh1,raw,12024,12120,raw:12024:4,low,high
5,0.507286961106056,0.09026865128876341,0.12549668246567355,0.75,0.8659229670893914,2.970803811229132,0.3284673013240765,0.2410174316201643,0.648130089471156,ETTh1,raw,12024,12120,raw:12024:5,low,high
6,0.9683081662722447,0.26593134711232325,0.13017759345702912,0.375,0.8787978765514728,2.970803811229132,0.3284673013240765,0.4548057022805323,0.5274217259585164,ETTh1,raw,12024,12120,raw:12024:6,high,mid
0,0.24411372787454488,0.029675982364329168,0.34839820326611015,0.375,0.7184603987464604,2.653114640070402,0.27551910621920184,0.20739597116832806,0.4563265016552207,ETTh1,raw,12048,12144,raw:12048:0,low,mid
1,0.14812612939684922,0.10055558912579265,0.3169518908400286,0.375,0.6776757244225543,2.653114640070402,0.27551910621920184,0.1885445364542235,0.4427316102139187,ETTh1,raw,12048,12144,raw:12048:1,low,low
2,0.3075477278050539,0.029855983551432843,0.24308556183909563,0.375,0.6739721553935815,2.653114640070402,0.27551910621920184,0.19349642439852746,0.4414970872042612,ETTh1,raw,12048,12144,raw:12048:2,low,low
3,0.04938851512756337,0.1540187556774324,0.39884114283662814,0.375,0.6676153755807763,2.653114640070402,0.27551910621920184,0.20074947121387465,0.43937816059999274,ETTh1,raw,12048,12144,raw:12048:3,low,low
4,0.16382486827542508,0.16036986734746678,0.47297129476282607,0.5,0.8052475505083634,2.653114640070402,0.27551910621920184,0.26572201012857266,0.5269222189091884,ETTh1,raw,12048,12144,raw:12048:4,low,mid
5,1.887379141862766e-15,0.2694013547516051,0.5389711455203301,1.0,0.8839153900773976,2.653114640070402,0.27551910621920184,0.2694575000906457,0.7198114987655332,ETTh1,raw,12048,12144,raw:12048:5,low,high
6,0.6895544515495877,0.08633302241274922,0.04034959455742107,0.375,0.7591826256367123,2.653114640070402,0.27551910621920184,0.2720790228399193,0.4699005772853047,ETTh1,raw,12048,12144,raw:12048:6,low,mid
0,0.2993266026086202,0.1239960667960387,0.5077870750510285,0.375,0.6955657477802468,3.3841738248509827,0.39736230347956,0.31036991481856246,0.48930935041993556,ETTh1,raw,12096,12192,raw:12096:0,mid,mid
1,0.38573508682935775,0.12309786153011783,0.24964496104457742,0.375,0.7339897919453239,3.3841738248509827,0.39736230347956,0.252825969801351,0.5021173651416279,ETTh1,raw,12096,12192,raw:12096:1,low,mid
2,0.26114789815140405,0.12445699152994678,0.45204733364036104,0.375,0.672253032061007,3.3841738248509827,0.39736230347956,0.27921740777390397,0.48153844518018896,ETTh1,raw,12096,12192,raw:12096:2,mid,mid
3,0.4901944519735161,0.11262547001930241,0.2456885675375941,0.375,0.782594479032112,3.3841738248509827,0.39736230347956,0.2828361631768042,0.5183189275038906,ETTh1,raw,12096,12192,raw:12096:3,mid,mid
4,0.3035328970937341,0.0827576054458673,0.4088320205129036,0.625,0.6482276884304732,3.3841738248509827,0.39736230347956,0.26504084101750164,0.5568633306366777,ETTh1,raw,12096,12192,raw:12096:4,low,mid
5,0.3876968355706104,0.22145411759292233,0.4639815746640444,1.0,0.9291102526148218,3.3841738248509827,0.39736230347956,0.3577108426091924,0.7754908520314606,ETTh1,raw,12096,12192,raw:12096:5,mid,high
6,0.6926736689756731,0.0611170965819714,0.09487833697474157,0.125,0.8161599601613131,3.3841738248509827,0.39736230347956,0.2828897008441287,0.44617408788029106,ETTh1,raw,12096,12192,raw:12096:6,mid,low
0,0.32026115538048106,0.036358230487129675,0.34423326265712223,0.375,0.62507720839334,3.421106154406857,0.40351769172861335,0.23361754950824432,0.4678649667073178,ETTh1,raw,12120,12216,raw:12120:0,low,mid
1,0.25361040861122686,0.09933994675942345,0.20377752746680108,0.25,0.715319557002323,3.421106154406857,0.40351769172861335,0.18557596094581716,0.4562790829103121,ETTh1,raw,12120,12216,raw:12120:1,low,mid
2,0.41373308393055197,0.04153489386342339,0.3310997931208396,0.375,0.6066558762428262,3.421106154406857,0.40351769172861335,0.2621225903049383,0.46172452265714653,ETTh1,raw,12120,12216,raw:12120:2,low,mid
3,0.21543579749229935,0.12094918051182121,0.20404883341918642,0.375,0.7529861986243421,3.421106154406857,0.40351769172861335,0.180144603807769,0.5105012967843185,ETTh1,raw,12120,12216,raw:12120:3,low,mid
4,0.12687240267582844,0.08202452454900641,0.41921929999560137,0.375,0.5684239489772964,3.421106154406857,0.40351769172861335,0.2093720757401454,0.4489805469019699,ETTh1,raw,12120,12216,raw:12120:4,low,low
5,0.4357179328293812,0.2370401758867769,0.681742713128212,1.0,0.86744766669641,3.421106154406857,0.40351769172861335,0.45150027394812337,0.7569884528083412,ETTh1,raw,12120,12216,raw:12120:5,high,high
6,0.73304353199656,0.10659674842021793,0.7195390874164996,0.625,0.8214212558016339,3.421106154406857,0.40351769172861335,0.5197264559444258,0.6166463158434158,ETTh1,raw,12120,12216,raw:12120:6,high,high
0,0.2429561064599437,0.07791761659567034,0.6005721149234283,0.375,0.5740084427067128,3.241300165475989,0.37355002695674816,0.3071486126596808,0.44085282322115366,ETTh1,raw,12168,12264,raw:12168:0,mid,low
1,0.34886729916004633,0.18731466090338345,0.42764346823642285,0.625,0.8104086631587095,3.241300165475989,0.37355002695674816,0.32127514276661756,0.602986230038486,ETTh1,raw,12168,12264,raw:12168:1,mid,high
2,0.36191448839836216,0.08496454787457125,0.4407620463429014,0.375,0.5614522069842866,3.241300165475989,0.37355002695674816,0.2958803608719449,0.4366674113136782,ETTh1,raw,12168,12264,raw:12168:2,mid,low
3,0.11715645383548268,0.14819896726516033,0.40038853990729556,0.375,0.7751952971192958,3.241300165475989,0.37355002695674816,0.22191465366931284,0.507915108025348,ETTh1,raw,12168,12264,raw:12168:3,low,mid
4,0.0,0.11687392550827923,0.3320714322444492,0.375,0.7105176776845266,3.241300165475989,0.37355002695674816,0.1496484525842428,0.4863559015470916,ETTh1,raw,12168,12264,raw:12168:4,low,mid
5,0.4878649143353755,0.30252712248531904,0.47277782144767366,0.625,0.9301299904480124,3.241300165475989,0.37355002695674816,0.4210566194227894,0.6428933391349202,ETTh1,raw,12168,12264,raw:12168:5,high,high
6,0.5849667594190597,0.06915656727548398,0.10681810754099644,0.375,0.7569322324271457,3.241300165475989,0.37355002695674816,0.2536471447451801,0.5018274197946313,ETTh1,raw,12168,12264,raw:12168:6,low,mid
0,0.34144720717816623,0.03665132200743601,0.40047622621461537,0.375,0.5739507085427781,2.939880351582173,0.32331339139150655,0.2595249184667392,0.42408803331142825,ETTh1,raw,12192,12288,raw:12192:0,low,low
1,0.30337737631479555,0.1372325071778227,0.31081248213122753,0.25,0.7746213462895882,2.939880351582173,0.32331339139150655,0.25047412187461526,0.44931157922703163,ETTh1,raw,12192,12288,raw:12192:1,low,low
2,0.12936185602296868,0.03474438774483575,0.15239782692999085,0.375,0.5609679446773634,2.939880351582173,0.32331339139150655,0.1055013568992651,0.41976044535629,ETTh1,raw,12192,12288,raw:12192:2,low,low
3,0.25318814418543534,0.13015032918482577,0.24118099124962908,0.25,0.7688635846514942,2.939880351582173,0.32331339139150655,0.2081731548732967,0.4473923253476669,ETTh1,raw,12192,12288,raw:12192:3,low,low
4,0.18904630554787227,0.14334746115254693,0.35542536011333176,0.5,0.7032702329449511,2.939880351582173,0.32331339139150655,0.22927304227125034,0.5088612081121525,ETTh1,raw,12192,12288,raw:12192:4,low,mid
5,0.541829954424957,0.42646559588887556,0.6649873842403236,0.5,0.9355074118629362,2.939880351582173,0.32331339139150655,0.5444276448513854,0.5862736010848142,ETTh1,raw,12192,12288,raw:12192:5,high,high
6,0.4744696762011238,0.2667867825963098,0.8278412268145424,0.375,0.7406396338451059,2.939880351582173,0.32331339139150655,0.5230325618706586,0.47965100841220415,ETTh1,raw,12192,12288,raw:12192:6,high,mid
0,0.5258601855516145,0.010632778925351853,0.32823251042671736,0.375,0.463409687233554,2.9168433545324053,0.31947389188961106,0.2882418249678946,0.385961193041055,ETTh1,raw,12216,12312,raw:12216:0,mid,low
1,0.24733809906841253,0.13725993001713271,0.3356038741315965,0.25,0.705425482899426,2.9168433545324053,0.31947389188961106,0.24006730107238058,0.4249664582630124,ETTh1,raw,12216,12312,raw:12216:1,low,low
2,0.5406810250682299,0.01587609497679906,0.27764245365794665,0.375,0.4613308025088108,2.9168433545324053,0.31947389188961106,0.27806652456765857,0.3852682314661406,ETTh1,raw,12216,12312,raw:12216:2,low,low
3,0.23583418727742989,0.14441229780625944,0.4065330322652126,0.25,0.7075016300859819,2.9168433545324053,0.31947389188961106,0.26225983911630063,0.42565850732519767,ETTh1,raw,12216,12312,raw:12216:3,low,low
4,0.3765831431479879,0.12640864665798807,0.3782507586692701,0.375,0.712930128580376,2.9168433545324053,0.31947389188961106,0.2937475161584153,0.4691346734899957,ETTh1,raw,12216,12312,raw:12216:4,mid,mid
5,0.5748318859502386,0.30526067573071103,0.2926298302351963,1.0,0.9205151069306713,2.9168433545324053,0.31947389188961106,0.3909074639720487,0.7466629996067607,ETTh1,raw,12216,12312,raw:12216:5,high,high
6,0.6068369433243427,0.06486327847195916,0.7360513743465034,0.25,0.6692747415162831,2.9168433545324053,0.31947389188961106,0.4692505320476017,0.41291621113529803,ETTh1,raw,12216,12312,raw:12216:6,high,low
0,0.29340846110884733,0.011364176997100957,0.3582084278366461,0.375,0.4390585943977863,3.3334326385946933,0.3889054391176065,0.22099368864753144,0.4009880111717976,ETTh1,raw,12264,12360,raw:12264:0,low,low
1,0.15863291471031216,0.11256354664281377,0.2642430971171012,0.25,0.7126357357676325,3.3334326385946933,0.3889054391176065,0.17847985282340906,0.45051372496174635,ETTh1,raw,12264,12360,raw:12264:1,low,low
2,0.28844808672849764,0.01225623179883883,0.3211055503235934,0.375,0.42058845269284734,3.3334326385946933,0.3889054391176065,0.2072699562836433,0.3948312972701513,ETTh1,raw,12264,12360,raw:12264:2,low,low
3,0.40483480518611636,0.12468435459156259,0.2513923414852641,0.375,0.7221859084386774,3.3334326385946933,0.3889054391176065,0.2603038337543144,0.4953637825187613,ETTh1,raw,12264,12360,raw:12264:3,low,mid
4,0.19510464459011656,0.14327589551426784,0.34874449263239227,0.25,0.6111329778539946,3.3334326385946933,0.3889054391176065,0.22904167757892555,0.416679472323867,ETTh1,raw,12264,12360,raw:12264:4,low,low
5,0.38146044016248837,0.2769117463011185,0.49494841650055377,1.0,0.8810240531458887,3.3334326385946933,0.3889054391176065,0.3844402009880536,0.7566431640878317,ETTh1,raw,12264,12360,raw:12264:5,high,high
6,0.5431294864023075,0.1664959808834468,0.4535659331063487,0.25,0.7741317369188806,3.3334326385946933,0.3889054391176065,0.3877304667973676,0.47101239201216244,ETTh1,raw,12264,12360,raw:12264:6,high,mid
0,0.32171585908635036,0.11362449591855707,0.4307003122600681,0.375,0.5716351707441192,3.430528892727122,0.4050881481127067,0.2886802224216585,0.45057443961894195,ETTh1,raw,12288,12384,raw:12288:0,mid,low
1,0.25218737690187587,0.08983608906259427,0.3545698790555871,0.25,0.7397032577537238,3.430528892727122,0.4050881481127067,0.2321977816733524,0.46493046862214354,ETTh1,raw,12288,12384,raw:12288:1,low,mid
2,0.29821159132879904,0.11216410473954275,0.3650055221347637,0.375,0.555352120000153,3.430528892727122,0.4050881481127067,0.2584604060677018,0.4451467560376199,ETTh1,raw,12288,12384,raw:12288:2,low,low
3,0.20382126180559346,0.10945064260217857,0.4472056701563175,0.375,0.7556977253263981,3.430528892727122,0.4050881481127067,0.2534925248546965,0.5119286244797016,ETTh1,raw,12288,12384,raw:12288:3,low,mid
4,0.38701533178822334,0.18193801878285853,0.49186023109600174,0.625,0.6382069321681048,3.430528892727122,0.4050881481127067,0.3536045272223612,0.5560983600936038,ETTh1,raw,12288,12384,raw:12288:4,mid,mid
5,0.40746690363050575,0.17019503312451362,0.39650345632150463,0.75,0.8510556953595941,3.430528892727122,0.4050881481127067,0.32472179769217463,0.6687146144907669,ETTh1,raw,12288,12384,raw:12288:5,mid,high
6,0.48854277456930173,0.2728570290488652,0.513493749879881,0.25,0.7783658779188778,3.430528892727122,0.4050881481127067,0.42496451783268263,0.4778180086771948,ETTh1,raw,12288,12384,raw:12288:6,high,mid
0,0.40725222113894444,0.0978656283535706,0.3211640119306729,0.375,0.6318087677164402,3.2462046713793424,0.3743674446059447,0.2754272871410626,0.46039207077412825,ETTh1,raw,12336,12432,raw:12336:0,low,mid
1,0.047467497567722505,0.10640532185483037,0.3817933495761817,0.375,0.6738599568698451,3.2462046713793424,0.3743674446059447,0.17855538966624485,0.47440913382526323,ETTh1,raw,12336,12432,raw:12336:1,low,mid
2,0.533745250625909,0.09223851227443136,0.2219664205259059,0.375,0.6017557290947295,3.2462046713793424,0.3743674446059447,0.2826500611420821,0.45037439123355805,ETTh1,raw,12336,12432,raw:12336:2,mid,low
3,0.20858441925891946,0.1574366278627132,0.39906195390089017,0.25,0.6516451330249747,3.2462046713793424,0.3743674446059447,0.2550276670075076,0.42533752587697315,ETTh1,raw,12336,12432,raw:12336:3,low,low
4,0.4933689442091477,0.0819962816126777,0.5694427911662773,0.75,0.7682351733029231,3.2462046713793424,0.3743674446059447,0.38160267232936756,0.6308675393029559,ETTh1,raw,12336,12432,raw:12336:4,high,high
5,0.20037320149228288,0.46443002373286996,0.4386093146817287,0.875,0.8440350732796807,3.2462046713793424,0.3743674446059447,0.3678041799689605,0.6978008392952085,ETTh1,raw,12336,12432,raw:12336:5,mid,high
6,0.771401075501092,0.10989683383014028,0.5803729357731802,0.125,0.5955719812677069,3.2462046713793424,0.3743674446059447,0.48722361503480416,0.36497980862455054,ETTh1,raw,12336,12432,raw:12336:6,high,low
0,0.44223577656260726,0.12857795791214655,0.0316034449838537,0.375,0.710188351094294,3.3744888985660437,0.395748149101427,0.2008057264862025,0.4936455000652404,ETTh1,raw,12360,12456,raw:12360:0,low,mid
1,0.3855996297746136,0.11242301734127293,0.025783776406249202,0.375,0.7231207347250189,3.3744888985660437,0.395748149101427,0.17460214117404524,0.49795629460881524,ETTh1,raw,12360,12456,raw:12360:1,low,mid
2,0.40961769385078795,0.12485185446619103,0.029288081158466192,0.375,0.6861896392672042,3.3744888985660437,0.395748149101427,0.1879192098251484,0.4856459294562104,ETTh1,raw,12360,12456,raw:12360:2,low,mid
3,0.3954490864808845,0.06157785690564492,0.23968168668182308,0.375,0.6571211610963803,3.3744888985660437,0.395748149101427,0.23223621002278416,0.4759564367326024,ETTh1,raw,12360,12456,raw:12360:3,low,mid
4,0.45681005349661274,0.1238966915428114,0.5694526487899769,0.5,0.7960633284500434,3.3744888985660437,0.395748149101427,0.38338646460980036,0.5639371591838235,ETTh1,raw,12360,12456,raw:12360:4,high,high
5,0.1895941653756139,0.28105329382804844,0.48086010401411217,1.0,0.848234149731792,3.3744888985660437,0.395748149101427,0.3171691877392582,0.747994099611073,ETTh1,raw,12360,12456,raw:12360:5,mid,high
6,0.9461069043213498,0.14037644743885125,0.056114776991394895,0.125,0.6740693434500755,3.3744888985660437,0.395748149101427,0.38086604291719867,0.3982724975171675,ETTh1,raw,12360,12456,raw:12360:6,high,low
0,0.6273751166452327,0.07405451734669004,0.2462139433484106,0.375,0.7458142558686717,3.649296003084275,0.44154933311146366,0.31588119244677776,0.5207878629933785,ETTh1,raw,12384,12480,raw:12384:0,mid,mid
1,0.3204822640149293,0.236351832692907,0.22587248881724853,0.375,0.7996265900003844,3.649296003084275,0.44154933311146366,0.2609021951750283,0.5387253077039494,ETTh1,raw,12384,12480,raw:12384:1,low,mid
2,0.6250428715904475,0.07549230720106578,0.15571045429491992,0.375,0.7324521828999857,3.649296003084275,0.44154933311146366,0.28541521102881107,0.5163338386704831,ETTh1,raw,12384,12480,raw:12384:2,mid,mid
3,0.19745117895737718,0.3346496251285993,0.19819452456532277,0.5,0.7337775905777143,3.649296003084275,0.44154933311146366,0.24343177621709974,0.5584423078963926,ETTh1,raw,12384,12480,raw:12384:3,low,mid
4,0.09637691164676043,0.17315728896841262,0.5016004383221793,0.5,0.7223827573284446,3.649296003084275,0.44154933311146366,0.2570448796457841,0.5546440301466361,ETTh1,raw,12384,12480,raw:12384:4,low,mid
5,0.4357179328293813,0.3602343313328353,0.565402909269441,1.0,0.8808150429028168,3.649296003084275,0.44154933311146366,0.4537850578105525,0.7741214586714268,ETTh1,raw,12384,12480,raw:12384:5,high,high
6,0.20561388190256635,0.24224265711671847,0.5862403969653878,0.25,0.7110487167343429,3.649296003084275,0.44154933311146366,0.3446989786615575,0.46753268328193553,ETTh1,raw,12384,12480,raw:12384:6,mid,mid
0,0.6410970674692609,0.11094452514568269,0.4789481987354282,0.5,0.7598392690269345,3.453127756386082,0.4088546253829226,0.41032993045012395,0.556231298136619,ETTh1,raw,12432,12528,raw:12432:0,high,mid
1,0.3591627241740365,0.19990983837865683,0.48306664867163207,0.75,0.8728724330062392,3.453127756386082,0.4088546253829226,0.3473797370747751,0.6772423527963873,ETTh1,raw,12432,12528,raw:12432:1,mid,high
2,0.47320100968781453,0.114842868626245,0.5115755911360296,0.5,0.7466511791713257,3.453127756386082,0.4088546253829226,0.3665398231500297,0.5518352681847495,ETTh1,raw,12432,12528,raw:12432:2,mid,mid
3,0.27480727763820545,0.24557691823160033,0.5381418011163641,0.75,0.8357394995686049,3.453127756386082,0.4088546253829226,0.35284199899539,0.6648647083171758,ETTh1,raw,12432,12528,raw:12432:3,mid,high
4,0.2612376458418578,0.13795221207349329,0.3662121898192978,0.25,0.6736812002652615,3.453127756386082,0.4088546253829226,0.25513401591154966,0.44417860854939467,ETTh1,raw,12432,12528,raw:12432:4,low,low
5,0.34306832863991077,0.2984991697704551,0.3002637573730505,1.0,0.8425110616316763,3.453127756386082,0.4088546253829226,0.31394375192780544,0.7504552290048663,ETTh1,raw,12432,12528,raw:12432:5,mid,high
6,0.5342726137177846,0.22679114893630106,0.13971561964861837,0.375,0.8607108978597593,3.453127756386082,0.4088546253829226,0.3002597941009013,0.5481885077475607,ETTh1,raw,12432,12528,raw:12432:6,mid,mid
0,0.4919440029600326,0.11617339251252554,0.43607576707547974,0.375,0.6578444101918658,2.7021671020961047,0.2836945165431933,0.3480643875160126,0.4388463089116863,ETTh1,raw,12456,12552,raw:12456:0,mid,low
1,0.5225858273085771,0.24236710615777285,0.4377502968974711,0.5,0.8746731765837852,2.7021671020961047,0.2836945165431933,0.40090107678794035,0.5527892310423261,ETTh1,raw,12456,12552,raw:12456:1,high,mid
2,0.40697884635939974,0.11278646791399699,0.5816019337288617,0.375,0.6393791460662094,2.7021671020961047,0.2836945165431933,0.36712241600075285,0.43269122086980083,ETTh1,raw,12456,12552,raw:12456:2,mid,low
3,0.37697788677863997,0.2589890139421979,0.5485370680685482,0.5,0.8772323013952442,2.7021671020961047,0.2836945165431933,0.3948346562631287,0.5536422726461457,ETTh1,raw,12456,12552,raw:12456:3,high,mid
4,0.06505935425041731,0.07901939590915552,0.23202479645917792,0.5,0.6041483007905071,2.7021671020961047,0.2836945165431933,0.12536784887291694,0.46261427244456677,ETTh1,raw,12456,12552,raw:12456:4,low,mid
5,0.40058465705245616,0.33724612656595976,0.26271164628977667,1.0,0.8498515734579917,2.7021671020961047,0.2836945165431933,0.3335141433027309,0.711182030000395,ETTh1,raw,12456,12552,raw:12456:5,mid,high
6,0.2635957586517542,0.22646805614987803,0.8955439115828323,0.25,0.7781406745092815,2.7021671020961047,0.2836945165431933,0.4618692421281549,0.43727839701749155,ETTh1,raw,12456,12552,raw:12456:6,high,low
0,0.22806082805068528,0.11585094378417649,0.2425828740962468,0.25,0.7036483141250108,2.6813435876664435,0.2802239308107007,0.1954982153103695,0.4112907483119039,ETTh1,raw,12504,12600,raw:12504:0,low,low
1,0.1447151782163485,0.10045312471325354,0.35979463958069413,0.375,0.748666379399925,2.6813435876664435,0.2802239308107007,0.20165431417009871,0.4679634367368752,ETTh1,raw,12504,12600,raw:12504:1,low,mid
2,0.15494667664433293,0.11918198913173375,0.264647656458733,0.25,0.6833271818642652,2.6813435876664435,0.2802239308107007,0.1795921074115999,0.40451703755832197,ETTh1,raw,12504,12600,raw:12504:2,low,low
3,0.2147184334084138,0.09541732872051953,0.4819626604573824,0.375,0.7460909812865257,2.6813435876664435,0.2802239308107007,0.2640328075287719,0.4671049706990755,ETTh1,raw,12504,12600,raw:12504:3,low,mid
4,0.18946332497050045,0.05127674898488564,0.3865186286491346,0.5,0.5970179824809836,2.6813435876664435,0.2802239308107007,0.20908623420150688,0.45908063776389474,ETTh1,raw,12504,12600,raw:12504:4,low,mid
5,0.37779991153394876,0.1186237168477231,0.3440934602350108,0.5,0.7701714796848396,2.6813435876664435,0.2802239308107007,0.2801723628722275,0.5167984701651801,ETTh1,raw,12504,12600,raw:12504:5,mid,mid
6,0.4854691808600484,0.17865008836902688,0.3591122290014364,0.25,0.8609337131401537,2.6813435876664435,0.2802239308107007,0.34107716607683725,0.4637192146502848,ETTh1,raw,12504,12600,raw:12504:6,mid,mid
0,0.13063737605158376,0.12649846539834325,0.4227019049701908,0.25,0.7239395256930037,2.2532561421475603,0.20887602334313335,0.22661258214003924,0.3942718496787123,ETTh1,raw,12528,12624,raw:12528:0,low,low
1,0.15121300331430954,0.14511153604776156,0.6025089343739161,0.5,0.7862520195983533,2.2532561421475603,0.20887602334313335,0.2996111579119957,0.4983760143138289,ETTh1,raw,12528,12624,raw:12528:1,mid,mid
2,0.06544675712945469,0.11930177432129886,0.33576435883989464,0.25,0.7109504656647835,2.2532561421475603,0.20887602334313335,0.1735042967635494,0.38994216300263895,ETTh1,raw,12528,12624,raw:12528:2,low,low
3,0.09219887237431734,0.10720880653246201,0.5306183740110939,0.375,0.7667610287628221,2.2532561421475603,0.20887602334313335,0.24334201763929109,0.4502123507019851,ETTh1,raw,12528,12624,raw:12528:3,low,low
4,0.3465013085890366,0.3117809085006674,0.4645023614505889,0.25,0.7846509233768537,2.2532561421475603,0.20887602334313335,0.3742615261800976,0.41450898223999566,ETTh1,raw,12528,12624,raw:12528:4,mid,low
5,0.4916492468509187,0.29429295116685983,0.3783236623847317,0.875,0.914523532047322,2.2532561421475603,0.20887602334313335,0.38808862013417006,0.6661331851301517,ETTh1,raw,12528,12624,raw:12528:5,high,high
6,0.35438116902089745,0.3614493649654345,0.06389425081107267,0.125,0.8148208715400418,2.2532561421475603,0.20887602334313335,0.2599082615991349,0.38289896496105835,ETTh1,raw,12528,12624,raw:12528:6,low,low
0,0.35130375113748935,0.18687787157399682,0.3565745796548539,0.25,0.6968965211264454,2.396063252570454,0.232677208373947,0.2982520674554467,0.3931912431667975,ETTh1,raw,12552,12648,raw:12552:0,mid,low
1,0.2154462931112915,0.21378444148791909,0.45351534420428646,0.75,0.837651949449589,2.396063252570454,0.232677208373947,0.294248692934499,0.6067763859411787,ETTh1,raw,12552,12648,raw:12552:1,mid,high
2,0.19364038688362395,0.2106185050431886,0.3646469235693654,0.375,0.6928025292639778,2.396063252570454,0.232677208373947,0.25630193849872596,0.4334932458793083,ETTh1,raw,12552,12648,raw:12552:2,low,low
3,0.22951880264871016,0.18736863935870057,0.4182500099385168,0.875,0.80879907190528,2.396063252570454,0.232677208373947,0.27837915064864255,0.6388254267597423,ETTh1,raw,12552,12648,raw:12552:3,low,high
4,0.5015013688612047,0.21290427351586824,0.6355846199153629,0.75,0.8865686759414078,2.396063252570454,0.232677208373947,0.4499967540974786,0.6230819614384516,ETTh1,raw,12552,12648,raw:12552:4,high,high
5,0.6537196680247197,0.1808139446240077,0.3451618877305817,1.0,0.9748481879830933,2.396063252570454,0.232677208373947,0.3932318334597697,0.73584179878568,ETTh1,raw,12552,12648,raw:12552:5,high,high
6,0.6466857250604902,0.05672013941771335,0.3741018550310223,0.125,0.761514118179632,2.396063252570454,0.232677208373947,0.3591692398364086,0.3730637755178597,ETTh1,raw,12552,12648,raw:12552:6,mid,low
0,0.13934111687402917,0.02615174067292178,0.3915848380953997,0.375,0.5008241779432939,2.457442065791995,0.24290701056048747,0.1856925652141169,0.37291039616792715,ETTh1,raw,12600,12696,raw:12600:0,low,low
1,0.11181259072675409,0.18517502302408112,0.508573876545679,0.25,0.7874194105812776,2.457442065791995,0.24290701056048747,0.26852049676550477,0.4267754737139217,ETTh1,raw,12600,12696,raw:12600:1,low,low
2,0.3657390428999,0.02897688833366239,0.25983779102306104,0.375,0.47361347095405726,2.457442065791995,0.24290701056048747,0.21818457408554115,0.36384016050484824,ETTh1,raw,12600,12696,raw:12600:2,low,low
3,0.5359743104103537,0.2076042501326733,0.44497488037635713,0.375,0.7037627904769906,2.457442065791995,0.24290701056048747,0.39618448030646136,0.44055660034582605,ETTh1,raw,12600,12696,raw:12600:3,high,low
4,0.19884998834414802,0.09585983631751893,0.3153444937941543,0.5,0.816300296995166,2.457442065791995,0.24290701056048747,0.20335143948527376,0.5197357691852179,ETTh1,raw,12600,12696,raw:12600:4,low,mid
5,0.13604403592009817,0.21462921230894377,0.3805814361601178,0.75,0.9459077029618387,2.457442065791995,0.24290701056048747,0.24375156146305324,0.6462715711741086,ETTh1,raw,12600,12696,raw:12600:5,low,high
6,0.7169911643074978,0.060374991983587034,0.7717953174122253,0.375,0.7553307351871964,2.457442065791995,0.24290701056048747,0.5163871579011033,0.45774591524922786,ETTh1,raw,12600,12696,raw:12600:6,high,mid
0,0.566182271443368,0.03477357487221042,0.35863417120147334,0.375,0.5360412220257591,2.8453533485632554,0.3075588909146111,0.3198633391723506,0.4062000376467901,ETTh1,raw,12624,12720,raw:12624:0,mid,low
1,0.34169150704652185,0.18239425778932805,0.4494892131730254,0.375,0.7987191383420794,2.8453533485632554,0.3075588909146111,0.32452499266962515,0.4937593430855635,ETTh1,raw,12624,12720,raw:12624:1,mid,mid
2,0.48939834877244526,0.04797636938250713,0.3052376296653483,0.375,0.5244480723892889,2.8453533485632554,0.3075588909146111,0.2808707826067669,0.4023356544346333,ETTh1,raw,12624,12720,raw:12624:2,mid,low
3,0.47321673515839136,0.11239873971450347,0.3688141095902598,0.375,0.7665277333973389,2.8453533485632554,0.3075588909146111,0.3181431948210515,0.48302887477065,ETTh1,raw,12624,12720,raw:12624:3,mid,mid
4,0.3597609711684504,0.3928213094455696,0.5188761997798834,0.625,0.9312525776777912,2.8453533485632554,0.3075588909146111,0.42381949346463443,0.6212704895308008,ETTh1,raw,12624,12720,raw:12624:4,high,high
5,0.25450611980695526,0.2679816429087171,0.5534387859067903,1.0,0.9179468535366091,2.8453533485632554,0.3075588909146111,0.35864218287415417,0.7418352481504068,ETTh1,raw,12624,12720,raw:12624:5,mid,high
6,0.5357867193030155,0.3735255478114283,0.5301167134118431,0.125,0.738461017672556,2.8453533485632554,0.3075588909146111,0.4798096601754289,0.3903399695290557,ETTh1,raw,12624,12720,raw:12624:6,high,low
0,0.6276217108937282,0.0804633376764058,0.37358443774500744,0.375,0.6329625557126185,2.843267391149327,0.3072112313462025,0.3605564954383805,0.4383912623529404,ETTh1,raw,12672,12768,raw:12672:0,mid,low
1,0.07786501974272175,0.056452670611013445,0.21732417275137084,0.375,0.6651591714325594,2.843267391149327,0.3072112313462025,0.11721395436836868,0.4491234675929206,ETTh1,raw,12672,12768,raw:12672:1,low,low
2,0.5400518549902257,0.13395310719248077,0.25866213830811785,0.375,0.6295585097666132,2.843267391149327,0.3072112313462025,0.3108890334969414,0.43725658037093856,ETTh1,raw,12672,12768,raw:12672:2,mid,low
3,0.09192754328722375,0.07563039977866427,0.31176376456518534,0.375,0.6613121463066154,2.843267391149327,0.3072112313462025,0.15977390254369112,0.44784112588427266,ETTh1,raw,12672,12768,raw:12672:3,low,low
4,0.14907877101939337,0.445509297221254,0.3809179302639142,0.875,0.9620960484574932,2.843267391149327,0.3072112313462025,0.3251686661681872,0.7147690932678986,ETTh1,raw,12672,12768,raw:12672:4,mid,high
5,0.38633752779170405,0.18892681157925673,0.3832077210480377,0.625,0.8962659891577704,2.843267391149327,0.3072112313462025,0.3194906868063328,0.6094924068346577,ETTh1,raw,12672,12768,raw:12672:5,mid,high
6,0.9026881168801225,0.13707291217048095,0.005256718288077641,0.25,0.8078808408461843,2.843267391149327,0.3072112313462025,0.34833924911289366,0.45503069073079555,ETTh1,raw,12672,12768,raw:12672:6,mid,mid
0,0.47813389265648354,0.18831676016830962,0.4364777701890268,0.375,0.7736264758068785,3.455061475251749,0.4091769118599966,0.3676428076712733,0.5192677958889583,ETTh1,raw,12696,12792,raw:12696:0,mid,mid
1,0.2852767341672706,0.09031343561264102,0.4884216542686625,0.375,0.6441443143682087,3.455061475251749,0.4091769118599966,0.28800394134952473,0.4761070754094017,ETTh1,raw,12696,12792,raw:12696:1,mid,mid
2,0.36535364139447046,0.16014438432947564,0.36162120556846744,0.375,0.7610966153795586,3.455061475251749,0.4091769118599966,0.29570641043080453,0.5150911757465184,ETTh1,raw,12696,12792,raw:12696:2,mid,mid
3,0.15127361384639326,0.1228386171077041,0.5516113189178592,0.375,0.683580144672877,3.455061475251749,0.4091769118599966,0.2752411832906522,0.48925235217762447,ETTh1,raw,12696,12792,raw:12696:3,low,mid
4,0.19595709754709312,0.057859573950798895,0.5348653644295378,0.75,0.8870836638056001,3.455061475251749,0.4091769118599966,0.2628940119758099,0.6820868585551989,ETTh1,raw,12696,12792,raw:12696:4,low,high
5,0.14822672650705782,0.21853237556876426,0.5799964168726791,1.0,0.8487172655563984,3.455061475251749,0.4091769118599966,0.31558517298283373,0.7526313924721316,ETTh1,raw,12696,12792,raw:12696:5,mid,high
6,0.341824932270273,0.31144336779235693,0.3980485029004189,0.125,0.8735497174133185,3.455061475251749,0.4091769118599966,0.3504389343210163,0.4692422097577717,ETTh1,raw,12696,12792,raw:12696:6,mid,mid
0,0.26485684811418275,0.1473628153202729,0.5094787026405627,0.375,0.7284531334618708,2.7103594113491782,0.2850599014164299,0.3072327886916728,0.46283767829276695,ETTh1,raw,12744,12840,raw:12744:0,mid,mid
1,0.24472424689990513,0.14498416103155298,0.3812499250311165,0.625,0.7696734111978077,2.7103594113491782,0.2850599014164299,0.2569861109875249,0.5599111042047459,ETTh1,raw,12744,12840,raw:12744:1,low,high
2,0.17098238909835184,0.12848031900195495,0.500664132819342,0.25,0.7249126431795216,2.7103594113491782,0.2850599014164299,0.26670894697321623,0.4199908481986505,ETTh1,raw,12744,12840,raw:12744:2,low,low
3,0.24878934567674327,0.17100469745098307,0.300122304893164,0.625,0.7764148593665565,2.7103594113491782,0.2850599014164299,0.23997211600696344,0.5621582535943288,ETTh1,raw,12744,12840,raw:12744:3,low,high
4,0.11490783389357939,0.049034270513316144,0.1894626257301658,0.75,0.96440455784208,2.7103594113491782,0.2850599014164299,0.11780157671235379,0.66648815308617,ETTh1,raw,12744,12840,raw:12744:4,low,high
5,0.06050764929551933,0.09608945333564596,0.27341797286273534,0.25,0.7982593287280452,2.7103594113491782,0.2850599014164299,0.14333835849796686,0.44443974338149167,ETTh1,raw,12744,12840,raw:12744:5,low,low
6,0.6826418000012122,0.2882033258430069,0.36332582688892107,0.25,0.9004754289030615,2.7103594113491782,0.2850599014164299,0.44472365091104676,0.47851177677316387,ETTh1,raw,12744,12840,raw:12744:6,high,mid
0,0.379279885499589,0.1855215115932599,0.41436569402985246,0.375,0.6381812138698896,2.230429518226041,0.20507158602922088,0.3263890303742338,0.40608426663303687,ETTh1,raw,12768,12864,raw:12768:0,mid,low
1,0.09512924404526857,0.0777947516923722,0.4043800120161907,0.5,0.7725962473061657,2.230429518226041,0.20507158602922088,0.19243466925127717,0.4925559444451289,ETTh1,raw,12768,12864,raw:12768:1,low,mid
2,0.35842866112851046,0.10138039652833246,0.45507785392546124,0.375,0.6404904659682839,2.230429518226041,0.20507158602922088,0.30496230386076806,0.40685401733250154,ETTh1,raw,12768,12864,raw:12768:2,mid,low
3,0.07986240357305718,0.06077261370872616,0.46297207708876537,0.5,0.7879016685762644,2.230429518226041,0.20507158602922088,0.2012023647901829,0.49765775153516173,ETTh1,raw,12768,12864,raw:12768:3,low,mid
4,0.3829107410602145,0.4564970262510495,0.5323568271736572,0.625,0.9305032707566852,2.230429518226041,0.20507158602922088,0.457254864828307,0.5868582855953021,ETTh1,raw,12768,12864,raw:12768:4,high,high
5,0.5597889532073674,0.2730966495584308,0.4365111083645176,0.25,0.7519803094062414,2.230429518226041,0.20507158602922088,0.42313223704343866,0.4023506318118208,ETTh1,raw,12768,12864,raw:12768:5,high,low
6,0.5751751477903327,0.21047880298850513,0.6195880748314743,0.375,0.8929508083120837,2.230429518226041,0.20507158602922088,0.4684140085367707,0.49100746478043494,ETTh1,raw,12768,12864,raw:12768:6,high,mid
0,0.36012837241040474,0.1671688012842596,0.34464779548438745,0.375,0.5964713277076003,2.3114006599795687,0.2185667762989835,0.2906483230596839,0.39667936800219455,ETTh1,raw,12792,12888,raw:12792:0,mid,low
1,0.48880557999481067,0.18268938057617565,0.4251159001426965,0.375,0.7949409817260797,2.3114006599795687,0.2185667762989835,0.3655369535712276,0.4628359193416878,ETTh1,raw,12792,12888,raw:12792:1,mid,mid
2,0.6243000406544803,0.16774434518770137,0.21008910997362373,0.375,0.6006432083758955,2.3114006599795687,0.2185667762989835,0.33404449860526847,0.39806999489162637,ETTh1,raw,12792,12888,raw:12792:2,mid,low
3,0.5675846536815159,0.16813511986551924,0.4331015272143003,0.5,0.8020999864769157,2.3114006599795687,0.2185667762989835,0.3896071002537784,0.5068889209252998,ETTh1,raw,12792,12888,raw:12792:3,high,mid
4,0.18445703317444173,0.4208436632140141,0.23427477675359287,0.5,0.9003755468187826,2.3114006599795687,0.2185667762989835,0.27985849104734956,0.5396474410392554,ETTh1,raw,12792,12888,raw:12792:4,mid,mid
5,0.35468441259074657,0.2547236050476436,0.3760568830512588,0.625,0.885292257642685,2.3114006599795687,0.2185667762989835,0.328488300229883,0.576286344647223,ETTh1,raw,12792,12888,raw:12792:5,mid,high
6,0.664162899522488,0.2071376129024422,0.6141583854840685,0.375,0.8077837509797817,2.3114006599795687,0.2185667762989835,0.49515296596966624,0.46711684242625506,ETTh1,raw,12792,12888,raw:12792:6,high,mid
0,0.2374870762920489,0.00435728219136145,0.5475869924036403,0.375,0.4351207791022711,3.222641005119455,0.37044016690250886,0.26314378362901686,0.39352031533492665,ETTh1,raw,12840,12936,raw:12840:0,low,low
1,0.2928132190560392,0.07817906129790547,0.6071962410289916,0.375,0.6955941609303505,3.222641005119455,0.37044016690250886,0.3260628404609787,0.4803447759442865,ETTh1,raw,12840,12936,raw:12840:1,mid,mid
2,0.3075493457340731,0.0025151108531049917,0.4645344475197478,0.375,0.4218575650202364,3.222641005119455,0.37044016690250886,0.2581996347023086,0.38909924397424844,ETTh1,raw,12840,12936,raw:12840:2,low,low
3,0.6560153207128676,0.1881558931959696,0.6067968861816713,0.5,0.7621650674651262,3.222641005119455,0.37044016690250886,0.48365603336350277,0.5442017447892117,ETTh1,raw,12840,12936,raw:12840:3,high,mid
4,0.1620600058705467,0.34151837585508665,0.528520814055309,0.625,0.916446812633224,3.222641005119455,0.37044016690250886,0.34403306526031413,0.6372956598452443,ETTh1,raw,12840,12936,raw:12840:4,mid,high
5,0.29786144726919284,0.3846749140793713,0.6103228030253479,1.0,0.930349145463745,3.222641005119455,0.37044016690250886,0.4309530547913041,0.7669297707887514,ETTh1,raw,12840,12936,raw:12840:5,high,high
6,0.4823750486213827,0.21755305213185286,0.6082570677232764,0.5,0.848004583834134,3.222641005119455,0.37044016690250886,0.43606172282550393,0.5728149169122142,ETTh1,raw,12840,12936,raw:12840:6,high,high
0,0.6333250226985898,0.003677001348069732,0.39559234559111756,0.375,0.4218391122664871,3.3042405824973318,0.38404009644282183,0.34419812321259236,0.39362640290310297,ETTh1,raw,12864,12960,raw:12864:0,mid,low
1,0.40253891652531415,0.1665178499051418,0.5815570915930578,0.375,0.7472336745747316,3.3042405824973318,0.38404009644282183,0.38353795267450463,0.5020912570058512,ETTh1,raw,12864,12960,raw:12864:1,high,mid
2,0.5298320979427198,0.005063214689538468,0.2333127208973785,0.375,0.41094795265129364,3.3042405824973318,0.38404009644282183,0.25606934450987895,0.38999601636470516,ETTh1,raw,12864,12960,raw:12864:2,low,low
3,0.38501092836413453,0.11114970335784294,0.6174115929857779,0.5,0.8093165055507066,3.3042405824973318,0.38404009644282183,0.37119074156925175,0.5644522006645095,ETTh1,raw,12864,12960,raw:12864:3,mid,high
4,0.39332376774708233,0.3952210332443307,0.3028823230527736,0.625,0.8615445941891658,3.3042405824973318,0.38404009644282183,0.3638090413480623,0.6235282302106625,ETTh1,raw,12864,12960,raw:12864:4,mid,high
5,0.5277922701995097,0.17103334063630832,0.43506871730301316,1.0,0.8583801645306098,3.3042405824973318,0.38404009644282183,0.37796477604627704,0.7474734203244773,ETTh1,raw,12864,12960,raw:12864:5,high,high
6,0.6766280502147182,0.3479143537002055,0.6211979257709964,0.5,0.7697089253809023,3.3042405824973318,0.38404009644282183,0.5485801098953066,0.5512496739412414,ETTh1,raw,12864,12960,raw:12864:6,high,mid
0,0.3534186743754708,0.09693424134122561,0.49601984672676086,0.375,0.5586224855520598,2.0562642593452263,0.17604404293079765,0.31545758748115243,0.3698888428276192,ETTh1,raw,12912,13008,raw:12912:0,mid,low
1,0.36491143841695095,0.17146509755812536,0.4763127042339654,0.875,0.9178279559579492,2.0562642593452263,0.17604404293079765,0.33756308006968055,0.656290666296249,ETTh1,raw,12912,13008,raw:12912:1,mid,high
2,0.39805319856141186,0.09496284064703425,0.6556984399733327,0.375,0.5341607351162382,2.0562642593452263,0.17604404293079765,0.38290482639392626,0.3617349260156786,ETTh1,raw,12912,13008,raw:12912:2,high,low
3,0.43582893396099587,0.22475803498735208,0.5886942857443477,0.5,0.9077283584899529,2.0562642593452263,0.17604404293079765,0.41642708489756525,0.5279241338069168,ETTh1,raw,12912,13008,raw:12912:3,high,mid
4,0.11566243465503312,0.28972076014430725,0.5515220541291845,0.5,0.7055790501743123,2.0562642593452263,0.17604404293079765,0.3189684163095083,0.4605410310350367,ETTh1,raw,12912,13008,raw:12912:4,mid,mid
5,0.21897827877489806,0.14294274858688238,0.3689464656141392,0.375,0.8346788626350233,2.0562642593452263,0.17604404293079765,0.24362249765863986,0.46190763518860695,ETTh1,raw,12912,13008,raw:12912:5,low,mid
6,0.5362708900288334,0.29652666101256175,0.7447246777745443,0.25,0.7744599341399946,2.0562642593452263,0.17604404293079765,0.5258407429386466,0.40016799235693074,ETTh1,raw,12912,13008,raw:12912:6,high,low
0,0.3977981870923579,0.09043149181490942,0.4449920312143024,0.375,0.560582535400137,2.5642059766764165,0.2607009956782344,0.3110739033738566,0.39876117702612385,ETTh1,raw,12936,13032,raw:12936:0,mid,low
1,0.47515627159454,0.16066113183938074,0.4084747144022738,0.375,0.8381782766276015,2.5642059766764165,0.2607009956782344,0.34809737261206486,0.49129309076861194,ETTh1,raw,12936,13032,raw:12936:1,mid,mid
2,0.5216458746568021,0.11388847802365826,0.22608886057690514,0.375,0.5408190464449464,2.5642059766764165,0.2607009956782344,0.28720773775245517,0.3921733473743936,ETTh1,raw,12936,13032,raw:12936:2,mid,low
3,0.6090692907460312,0.18069470262392834,0.4232178011531152,0.25,0.8221343422546373,2.5642059766764165,0.2607009956782344,0.40432726484102494,0.4442784459776239,ETTh1,raw,12936,13032,raw:12936:3,high,low
4,0.15449579194355934,0.33270043590625065,0.5832630065497224,0.875,0.8819522072073722,2.5642059766764165,0.2607009956782344,0.3568197447998441,0.6725510676285356,ETTh1,raw,12936,13032,raw:12936:4,mid,high
5,0.44443620422286045,0.372944016617346,0.5905704895518636,0.25,0.814206194323518,2.5642059766764165,0.2607009956782344,0.4693169034640234,0.4416357300005842,ETTh1,raw,12936,13032,raw:12936:5,high,low
6,0.5077265712494432,0.39180364027662073,0.16566520614829636,0.25,0.8481317227149208,2.5642059766764165,0.2607009956782344,0.3550651392247868,0.45294423946438506,ETTh1,raw,12936,13032,raw:12936:6,mid,low
0,0.6568421148351611,0.06831874562362905,0.3420488284816201,0.375,0.5398370578313912,3.07158680328449,0.3452644666386409,0.35573656298013673,0.4200338414900107,ETTh1,raw,12960,13056,raw:12960:0,mid,low
1,0.564371802989889,0.2057165043446201,0.38500595151994965,0.5,0.8417420969526657,3.07158680328449,0.3452644666386409,0.38503141961815296,0.5623355211971022,ETTh1,raw,12960,13056,raw:12960:1,high,high
2,0.6423562539998526,0.0664404762854989,0.25952094160666817,0.375,0.526731844042978,3.07158680328449,0.3452644666386409,0.3227725572973399,0.415665436893873,ETTh1,raw,12960,13056,raw:12960:2,mid,low
3,0.7268345588037142,0.24240002569861452,0.3892405838915323,0.375,0.8216150717356479,3.07158680328449,0.3452644666386409,0.452825056131287,0.5139598461247629,ETTh1,raw,12960,13056,raw:12960:3,high,mid
4,0.1918408545511907,0.37570319175856176,0.48826338623984794,0.625,0.9493537547558677,3.07158680328449,0.3452644666386409,0.35193581084986686,0.6398727404648362,ETTh1,raw,12960,13056,raw:12960:4,mid,high
5,0.44443634583152525,0.10327985858541833,0.4493053821594948,0.25,0.8584418969347141,3.07158680328449,0.3452644666386409,0.33234052885881277,0.48456878785778495,ETTh1,raw,12960,13056,raw:12960:5,mid,mid
6,0.4878081429922537,0.3969693533366221,0.6194589273566181,0.375,0.8445112831418208,3.07158680328449,0.3452644666386409,0.501412141228498,0.5215919165934872,ETTh1,raw,12960,13056,raw:12960:6,high,mid
0,0.5870763855160005,0.14718166719942632,0.4122809893448136,0.375,0.5727385892686006,2.928262451463053,0.3213770747082137,0.3821796806867468,0.4230385546589381,ETTh1,raw,13008,13104,raw:13008:0,high,low
1,0.41027550219912035,0.12229893953583887,0.4464385360530085,0.375,0.7144175993836009,2.928262451463053,0.3213770747082137,0.3263376592626559,0.47026489136393823,ETTh1,raw,13008,13104,raw:13008:1,mid,mid
2,0.6069029706849678,0.11896669242010247,0.2997021235979294,0.375,0.5271486408192416,2.928262451463053,0.3213770747082137,0.3418572622343332,0.4078419051758184,ETTh1,raw,13008,13104,raw:13008:2,mid,low
3,0.42741622945880076,0.1702439108016085,0.5688736256562466,0.375,0.7218518063090754,2.928262451463053,0.3213770747082137,0.3888445886388852,0.4727429603390964,ETTh1,raw,13008,13104,raw:13008:3,high,mid
4,0.40718581735673887,0.0943818040503144,0.5109185129131214,0.375,0.9011450150945093,2.928262451463053,0.3213770747082137,0.33749537810672486,0.5325073632675743,ETTh1,raw,13008,13104,raw:13008:4,mid,mid
5,0.2993610099068399,0.0815844793545262,0.6351040446742853,0.625,0.777756462373518,2.928262451463053,0.3213770747082137,0.33868317797855046,0.5747111790272439,ETTh1,raw,13008,13104,raw:13008:5,mid,high
6,0.6328138177210175,0.4126154257582845,0.38212344271405785,0.25,0.7690101108184192,2.928262451463053,0.3213770747082137,0.47585089539778663,0.44679572850887755,ETTh1,raw,13008,13104,raw:13008:6,high,low
0,0.6126316699488674,0.13976478666681275,0.25586983720250756,0.375,0.6371309676744935,2.5632168686256147,0.26053614433670885,0.33608876460606263,0.42422237067040075,ETTh1,raw,13032,13128,raw:13032:0,mid,low
1,0.5735037711138182,0.10178479439527882,0.5101056949354776,0.5,0.6821847534598671,2.5632168686256147,0.26053614433670885,0.3951314201481915,0.480906965932192,ETTh1,raw,13032,13128,raw:13032:1,high,mid
2,0.5718436262953681,0.10872082177545392,0.21161649004796868,0.375,0.5676278204985002,2.5632168686256147,0.26053614433670885,0.2973936460395969,0.4010546549450697,ETTh1,raw,13032,13128,raw:13032:2,mid,low
3,0.4558667526129144,0.1299410866712104,0.46452057925533186,0.5,0.6965986737484846,2.5632168686256147,0.26053614433670885,0.3501094728464856,0.48571160602839786,ETTh1,raw,13032,13128,raw:13032:3,mid,mid
4,0.22799622105398365,0.44892288040111183,0.2395694562451763,0.625,0.8954428257891116,2.5632168686256147,0.26053614433670885,0.3054961859000906,0.5936596567086069,ETTh1,raw,13032,13128,raw:13032:4,mid,high
5,0.4097791558454962,0.20450954725638726,0.08573263588851611,0.25,0.7390002862303128,2.5632168686256147,0.26053614433670885,0.23334044633013318,0.4165121435223405,ETTh1,raw,13032,13128,raw:13032:5,low,low
6,0.6595928425758089,0.16806088791381918,0.17744858009735812,0.0,0.6541969928912853,2.5632168686256147,0.26053614433670885,0.33503410352899543,0.3049110457426647,ETTh1,raw,13032,13128,raw:13032:6,mid,low
0,0.9879863861333341,0.2579624277535131,0.16292197185788238,0.5,0.8987400475147025,3.610427972175327,0.435071327970769,0.4696235952482432,0.6112704584951572,ETTh1,raw,13080,13176,raw:13080:0,high,high
1,0.9841521341213759,0.3031786082929009,0.3121136005640586,0.625,0.924298557573891,3.610427972175327,0.435071327970769,0.5331481143261118,0.6614566285148866,ETTh1,raw,13080,13176,raw:13080:1,high,high
2,0.9925752623783255,0.2577965683044579,0.07786274966646062,0.25,0.7947955015185929,3.610427972175327,0.435071327970769,0.4427448601164146,0.49328894316312066,ETTh1,raw,13080,13176,raw:13080:2,high,mid
3,0.9999999969752329,0.29083276099295935,0.46511885864067665,0.5,0.924081640852616,3.610427972175327,0.435071327970769,0.5853172055362896,0.6197176562744616,ETTh1,raw,13080,13176,raw:13080:3,high,high
4,0.7682809888984751,0.37773476862643,0.4472979216365964,0.375,0.8817044745778551,3.610427972175327,0.435071327970769,0.5311045597205005,0.563925267516208,ETTh1,raw,13080,13176,raw:13080:4,high,high
5,0.9999999737420576,0.3392066165653777,0.22303737653334096,0.125,0.6483280966976646,3.610427972175327,0.435071327970769,0.5207479889469254,0.4027998082228112,ETTh1,raw,13080,13176,raw:13080:5,high,low
6,0.9999999985219163,0.15240274246868404,0.5770347776757528,0.25,0.7726423054627187,3.610427972175327,0.435071327970769,0.5764791728887845,0.4859045444778292,ETTh1,raw,13080,13176,raw:13080:6,high,mid
0,0.9923411518255152,0.3366941284269323,0.32082059640859273,0.375,0.8207781685850074,2.5411888769062307,0.25686481238959713,0.5499519588870134,0.4842143269915349,ETTh1,raw,13104,13200,raw:13104:0,high,mid
1,0.9848877257015952,0.4940152256023078,0.13831345234774362,0.5,0.9107094837454085,2.5411888769062307,0.25686481238959713,0.5390721345505488,0.5558580987116685,ETTh1,raw,13104,13200,raw:13104:1,high,mid
2,0.9896366251607074,0.24970076964887894,0.011960409651891702,0.5,0.7945930815609625,2.5411888769062307,0.25686481238959713,0.417099268153826,0.5171526313168532,ETTh1,raw,13104,13200,raw:13104:2,high,mid
3,0.9750018451154736,0.5379035501734177,0.14825600958520832,0.25,0.9270332204702476,2.5411888769062307,0.25686481238959713,0.5537204682913666,0.47796601095328156,ETTh1,raw,13104,13200,raw:13104:3,high,mid
4,0.9999999977433937,0.443165367124715,0.5469600550135262,0.125,0.8865154590286797,2.5411888769062307,0.25686481238959713,0.6633751399605449,0.42279342380609225,ETTh1,raw,13104,13200,raw:13104:4,high,low
5,0.9999999683285048,0.2938846807448032,0.8702711371964258,0.25,0.7661592873191743,2.5411888769062307,0.25686481238959713,0.7213852620899113,0.4243413665695905,ETTh1,raw,13104,13200,raw:13104:5,high,low
6,0.9999999984637462,0.1736086462216453,0.005114632729217675,0.125,0.8225856649828247,2.5411888769062307,0.25686481238959713,0.3929077591382031,0.40148349245747394,ETTh1,raw,13104,13200,raw:13104:6,high,low
0,0.9864147726789306,0.314866096361117,0.4088236318072733,0.5,0.7085430426948898,3.366437604981391,0.39440626683955476,0.5700348336157737,0.5343164365114815,ETTh1,raw,13128,13224,raw:13128:0,high,mid
1,0.9850742502181263,0.35414330853064546,0.5053002309151708,0.375,0.7861425865478254,3.366437604981391,0.39440626683955476,0.6148392632213142,0.51851628446246,ETTh1,raw,13128,13224,raw:13128:1,high,mid
2,0.992162835744669,0.17815255819036227,0.5037899688858495,0.5,0.7032713122057601,3.366437604981391,0.39440626683955476,0.5580351209402936,0.5325591930151049,ETTh1,raw,13128,13224,raw:13128:2,high,mid
3,0.9999999963849142,0.3772417532417655,0.39580024316330537,0.375,0.8604471457924447,3.366437604981391,0.39440626683955476,0.5910139975966617,0.5432844708773331,ETTh1,raw,13128,13224,raw:13128:3,high,mid
4,0.7635268819120535,0.4909291309502159,0.3957826205827056,0.125,0.8971356194310588,3.366437604981391,0.39440626683955476,0.5500795444816583,0.4721806287568712,ETTh1,raw,13128,13224,raw:13128:4,high,mid
5,0.9999999662946341,0.23611105406865912,0.49999999957342783,0.375,0.8425132377457597,3.366437604981391,0.39440626683955476,0.5787036733122404,0.5373065015284382,ETTh1,raw,13128,13224,raw:13128:5,high,mid
6,0.9999999901209283,0.26044187207488556,0.4999999996830044,0.25,0.8983852574212713,3.366437604981391,0.39440626683955476,0.5868139539596061,0.5142638414202753,ETTh1,raw,13128,13224,raw:13128:6,high,mid
0,0.7230332641391355,0.35583907972415363,0.2779664119197524,0.375,0.6995178987890446,2.490184128806545,0.2483640210538175,0.4522795852610138,0.4409606399476207,ETTh1,raw,13176,13272,raw:13176:0,high,low
1,0.4007587418766674,0.19720853339641023,0.34293299224641177,0.25,0.7297414937073948,2.490184128806545,0.2483640210538175,0.31363342250649645,0.4093685049204041,ETTh1,raw,13176,13272,raw:13176:1,mid,low
2,0.5954306200732828,0.17314708055653372,0.33097355245187343,0.25,0.6761289928518585,2.490184128806545,0.2483640210538175,0.36651708436056335,0.391497671301892,ETTh1,raw,13176,13272,raw:13176:2,mid,low
3,0.3276195470192773,0.09547585893316432,0.40420122035185907,0.25,0.7613371418285141,2.490184128806545,0.2483640210538175,0.27576554210143356,0.4199003876274438,ETTh1,raw,13176,13272,raw:13176:3,low,low
4,0.2472132601972904,0.23280439305971007,0.39116348741740425,0.375,0.9231268284851124,2.490184128806545,0.2483640210538175,0.2903937135581349,0.5154969498463099,ETTh1,raw,13176,13272,raw:13176:4,mid,mid
5,0.6154784215288558,0.10820193272441195,0.12003958827194812,0.375,0.8402141254614347,2.490184128806545,0.2483640210538175,0.2812399808417386,0.4878593821717507,ETTh1,raw,13176,13272,raw:13176:5,mid,mid
6,0.9809975807356324,0.10866736762090654,0.29149230459626724,0.0,0.6780398073759196,2.490184128806545,0.2483640210538175,0.46038575098426865,0.3088012761432457,ETTh1,raw,13176,13272,raw:13176:6,high,low
0,0.2855915251652832,0.3553087265464849,0.39522459191739734,0.5,0.8811610152690086,3.1902758474022574,0.365045973958633,0.3453749478763885,0.5820689964092138,ETTh1,raw,13200,13296,raw:13200:0,mid,high
1,0.4935158575384134,0.31699915628726255,0.549135523310686,0.5,0.9097625519880678,3.1902758474022574,0.365045973958633,0.4532168457121207,0.5916028419822336,ETTh1,raw,13200,13296,raw:13200:1,high,high
2,0.4121925170839027,0.17125812976911586,0.2352157986461597,0.375,0.8163721395243266,3.1902758474022574,0.365045973958633,0.27288881516639274,0.5188060378276532,ETTh1,raw,13200,13296,raw:13200:2,low,mid
3,0.3314095432400167,0.20828450991380604,0.4736574464477626,0.625,0.8758706555790159,3.1902758474022574,0.365045973958633,0.33778383320052846,0.621972209845883,ETTh1,raw,13200,13296,raw:13200:3,mid,high
4,0.3588500887335323,0.6989416356458349,0.4027236988903404,0.375,0.8690932328962436,3.1902758474022574,0.365045973958633,0.48683847442323586,0.5363797356182921,ETTh1,raw,13200,13296,raw:13200:4,high,mid
5,0.39293824554513745,0.24711041811321724,0.3381907958793407,0.0,0.8716644090025215,3.1902758474022574,0.365045973958633,0.32607981984589846,0.41223679432038485,ETTh1,raw,13200,13296,raw:13200:5,mid,low
6,0.568187738470339,0.048955246495855,0.0070735506116655494,0.0,0.36915905761880635,3.1902758474022574,0.365045973958633,0.2080721785259532,0.24473501052581312,ETTh1,raw,13200,13296,raw:13200:6,low,low
0,0.6415904486340227,0.31081285740774106,0.32884110995291915,1.0,0.8774773777813111,3.27560133216476,0.3792668880620152,0.42708147199822766,0.7522480886144421,ETTh1,raw,13248,13344,raw:13248:0,high,high
1,0.45420366029853654,0.09157608437540905,0.32707553519918514,0.875,0.9034807022544402,3.27560133216476,0.3792668880620152,0.2909517599577103,0.7192491967721518,ETTh1,raw,13248,13344,raw:13248:1,mid,high
2,0.15439696482021892,0.1792316527475157,0.23065104599232975,0.5,0.8681439725742726,3.27560133216476,0.3792668880620152,0.18809322118668814,0.5824702868787626,ETTh1,raw,13248,13344,raw:13248:2,low,high
3,0.38024840387725056,0.08963057889764942,0.40402808593995165,1.0,0.933802394375581,3.27560133216476,0.3792668880620152,0.2913023562382839,0.7710230941458655,ETTh1,raw,13248,13344,raw:13248:3,mid,high
4,0.31562639484979915,0.018036495958379792,0.3208408333254187,0.375,0.36272706561613466,3.27560133216476,0.3792668880620152,0.21816790804453254,0.3723313178927166,ETTh1,raw,13248,13344,raw:13248:4,low,low
5,0.49212784662776377,0.09713374951710425,0.46796341996054497,0.125,0.4150055136674646,3.27560133216476,0.3792668880620152,0.3524083387018044,0.3064241339098266,ETTh1,raw,13248,13344,raw:13248:5,mid,low
6,0.647566413343253,0.38141041370898804,0.05147805768675924,0.0,0.6469551219553568,3.27560133216476,0.3792668880620152,0.36015162824633346,0.342074003339124,ETTh1,raw,13248,13344,raw:13248:6,mid,low
0,0.35409449804465065,0.18953119903478527,0.532728356143636,0.625,0.7745500438995064,1.9808537372563284,0.16347562260359536,0.3587846844076907,0.5210085555010339,ETTh1,raw,13272,13368,raw:13272:0,mid,mid
1,0.25613999874136395,0.3003072803188761,0.5033204324791308,0.75,0.8894150382147054,1.9808537372563284,0.16347562260359536,0.35325590384645694,0.6009635536061002,ETTh1,raw,13272,13368,raw:13272:1,mid,high
2,0.31833540784508607,0.1404297419396284,0.4546815539634056,0.25,0.7198781127315053,1.9808537372563284,0.16347562260359536,0.3044822345827067,0.37778457844503355,ETTh1,raw,13272,13368,raw:13272:2,mid,low
3,0.21160881436207335,0.3151054851668282,0.5631753630549731,0.875,0.8691710378610149,1.9808537372563284,0.16347562260359536,0.3632965541946249,0.6358822201548701,ETTh1,raw,13272,13368,raw:13272:3,mid,high
4,0.03174819266307238,0.05381079385402138,0.3409589503498377,0.375,0.45946686661616337,1.9808537372563284,0.16347562260359536,0.1421726456223105,0.33264749640658625,ETTh1,raw,13272,13368,raw:13272:4,low,low
5,0.3907411853243633,0.03151319823384344,0.4137004753924568,0.125,0.46400868626785774,1.9808537372563284,0.16347562260359536,0.27865161965022117,0.250828102957151,ETTh1,raw,13272,13368,raw:13272:5,low,low
6,0.5529473321093092,0.5126301454305927,0.5696294725201493,0.125,0.7765380919496023,1.9808537372563284,0.16347562260359536,0.5450689833533504,0.35500457151773257,ETTh1,raw,13272,13368,raw:13272:6,high,low
0,0.6868005092205796,0.2571367253618698,0.40214711395207753,0.375,0.5569365777100954,1.5525250996454252,0.09208751645409168,0.44869478284484227,0.3413413647213957,ETTh1,raw,13320,13416,raw:13320:0,high,low
1,0.6520639471040584,0.1368683164206666,0.32380524144028533,0.375,0.8572032446073664,1.5525250996454252,0.09208751645409168,0.37091250165500345,0.4414302536871528,ETTh1,raw,13320,13416,raw:13320:1,mid,low
2,0.509540702325537,0.21489197288549433,0.3028545449510641,0.375,0.5270714840605739,1.5525250996454252,0.09208751645409168,0.34242907338736517,0.3313863335048885,ETTh1,raw,13320,13416,raw:13320:2,mid,low
3,0.5657161868736877,0.16651062388238452,0.19643199410802048,0.375,0.812801599797103,1.5525250996454252,0.09208751645409168,0.3095529349546976,0.4266297054170649,ETTh1,raw,13320,13416,raw:13320:3,mid,low
4,0.08119117838524392,0.5873870072789571,0.6551772725875767,0.5,0.8778929368949444,1.5525250996454252,0.09208751645409168,0.4412518194172592,0.4899934844496787,ETTh1,raw,13320,13416,raw:13320:4,high,mid
5,0.3188345832999321,0.23835287215818404,0.5236479507169931,0.25,0.6912300031900577,1.5525250996454252,0.09208751645409168,0.3602784687250364,0.34443917321471645,ETTh1,raw,13320,13416,raw:13320:5,mid,low
6,0.7807704184610653,0.21332777673273212,0.608657485108433,0.5,0.8662405849525824,1.5525250996454252,0.09208751645409168,0.5342518934340769,0.486109367135558,ETTh1,raw,13320,13416,raw:13320:6,high,mid
0,0.3623266148381955,0.01069990280387048,0.3725726224291353,0.375,0.4593431383550986,1.9264478393267093,0.1544079729637716,0.2485330466904004,0.3295837037729567,ETTh1,raw,13344,13440,raw:13344:0,low,low
1,0.31261164622264903,0.11139651738458597,0.5812051747759103,0.625,0.7864248092133532,1.9264478393267093,0.1544079729637716,0.3350711127943818,0.5219442607257082,ETTh1,raw,13344,13440,raw:13344:1,mid,mid
2,0.10168379986838505,0.01170083193795994,0.17915551173275532,0.375,0.4362322892449566,1.9264478393267093,0.1544079729637716,0.0975133811797001,0.3218800874029094,ETTh1,raw,13344,13440,raw:13344:2,low,low
3,0.15576790239374094,0.13382115552955154,0.1919143058487863,0.5,0.7662437228043384,1.9264478393267093,0.1544079729637716,0.1605011212573596,0.4735505652560366,ETTh1,raw,13344,13440,raw:13344:3,low,mid
4,0.08198452034237913,0.055879628122044764,0.35527701240781345,0.625,0.8669109932531691,1.9264478393267093,0.1544079729637716,0.16438038695741244,0.5487729887389802,ETTh1,raw,13344,13440,raw:13344:4,low,mid
5,0.19522749315449506,0.06641506274493435,0.3808146423497143,0.5,0.7770420679800196,1.9264478393267093,0.1544079729637716,0.21415239941638123,0.47715001364793036,ETTh1,raw,13344,13440,raw:13344:5,low,mid
6,0.7836682070852244,0.26168087247678534,0.6705666114466229,0.375,0.9211997120779414,1.9264478393267093,0.1544079729637716,0.5719718970028775,0.4835358950139043,ETTh1,raw,13344,13440,raw:13344:6,high,mid
0,0.10810094347153609,0.0018899673081753505,0.3394281004209323,0.375,0.44564815929578067,2.1657706928764497,0.1942951151555831,0.14980633706688126,0.33831442481712126,ETTh1,raw,13368,13464,raw:13368:0,low,low
1,0.32314405428504145,0.17132258444954068,0.4845936126845754,0.625,0.8484315466825954,2.1657706928764497,0.1942951151555831,0.32635341713971916,0.5559088872793928,ETTh1,raw,13368,13464,raw:13368:1,mid,mid
2,0.3439102872238342,0.0018197459736178862,0.18489944728473512,0.375,0.41854723328089266,2.1657706928764497,0.1942951151555831,0.1768764934940624,0.32928078281215856,ETTh1,raw,13368,13464,raw:13368:2,low,low
3,0.23309582878614366,0.17308324171070014,0.421354677173848,0.625,0.7764760564967241,2.1657706928764497,0.1942951151555831,0.27584458255689726,0.5319237238841025,ETTh1,raw,13368,13464,raw:13368:3,low,mid
4,0.03971254701412619,0.19475660966348457,0.5804152012093134,0.375,0.9548463665731052,2.1657706928764497,0.1942951151555831,0.2716281192956414,0.5080471605762295,ETTh1,raw,13368,13464,raw:13368:4,low,mid
5,0.37080723395576864,0.09687853621891568,0.6033360857920064,0.375,0.8969904328397073,2.1657706928764497,0.1942951151555831,0.3570072853222302,0.48876184933176353,ETTh1,raw,13368,13464,raw:13368:5,mid,mid
6,0.3969031959140529,0.12201021088442915,0.3487668495525752,0.625,0.8855667532880115,2.1657706928764497,0.1942951151555831,0.28922675211701904,0.5682872894811982,ETTh1,raw,13368,13464,raw:13368:6,mid,high
0,0.40192366827710524,0.03410702457811847,0.7656194996205892,0.375,0.5415565128814576,2.5043740562907657,0.2507290089639126,0.40055006415860434,0.3890951739484567,ETTh1,raw,13416,13512,raw:13416:0,high,low
1,0.5296535206418976,0.11590730744093261,0.4572752788802067,0.875,0.9532599297067762,2.5043740562907657,0.2507290089639126,0.3676120356543457,0.6929963128902296,ETTh1,raw,13416,13512,raw:13416:1,mid,high
2,0.372000114553912,0.04432447705108508,0.7276648086469867,0.375,0.5161209074508235,2.5043740562907657,0.2507290089639126,0.38132980008399464,0.3806166388049121,ETTh1,raw,13416,13512,raw:13416:2,high,low
3,0.43072674810262346,0.15288846395248895,0.6063558563225294,1.0,0.9258896983373001,2.5043740562907657,0.2507290089639126,0.3966570227925472,0.7255395691004042,ETTh1,raw,13416,13512,raw:13416:3,high,high
4,0.3618497402641392,0.12951575698342477,0.37446992337075086,0.125,0.8961968362907878,2.5043740562907657,0.2507290089639126,0.2886118068727716,0.4239752817515668,ETTh1,raw,13416,13512,raw:13416:4,mid,low
5,0.4269751497662606,0.08757186116889595,0.24195546714237368,0.25,0.8939628968974647,2.5043740562907657,0.2507290089639126,0.2521674926925101,0.4648973019537925,ETTh1,raw,13416,13512,raw:13416:5,low,mid
6,0.41187370732133166,0.2209582091658236,0.3367385547714981,0.125,0.7599330088523789,2.5043740562907657,0.2507290089639126,0.32319015708621773,0.3785540059387638,ETTh1,raw,13416,13512,raw:13416:6,mid,low
0,0.2682392263416853,0.013583931386189213,0.5020623007758656,0.375,0.6151846767492296,2.0254892851392485,0.17091488057168328,0.26129515283458,0.3870331857736376,ETTh1,raw,13440,13536,raw:13440:0,low,low
1,0.5455455658070814,0.266864641711016,0.508169642751649,0.875,0.9196266185227071,2.0254892851392485,0.17091488057168328,0.44019328342324876,0.6551804996981302,ETTh1,raw,13440,13536,raw:13440:1,high,high
2,0.36641530769256025,0.013640015339177629,0.31404029062684985,0.375,0.5689099950593071,2.0254892851392485,0.17091488057168328,0.23136520455286258,0.3716082918769968,ETTh1,raw,13440,13536,raw:13440:2,low,low
3,0.5642481321900386,0.20274959872306947,0.5750416715773212,1.0,0.8678644309844157,2.0254892851392485,0.17091488057168328,0.44734646749680973,0.679593103852033,ETTh1,raw,13440,13536,raw:13440:3,high,high
4,0.23526701378057358,0.12774733527259438,0.47102067784458757,0.25,0.928135873776592,2.0254892851392485,0.17091488057168328,0.27801167563258516,0.4496835847827585,ETTh1,raw,13440,13536,raw:13440:4,low,low
5,0.6772227207090602,0.11610384788265234,0.36002468663202625,0.75,0.980563659821849,2.0254892851392485,0.17091488057168328,0.38445041840791294,0.6338261801311774,ETTh1,raw,13440,13536,raw:13440:5,high,high
6,0.9396436653272862,0.25627892376434963,0.27859104694199327,0.25,0.8392992147109815,2.0254892851392485,0.17091488057168328,0.491504545344543,0.4200713650942216,ETTh1,raw,13440,13536,raw:13440:6,high,low
0,0.0728755740133773,0.04101270957900324,0.3861634577177144,0.375,0.704840701530443,2.8515210967049676,0.3085868489365165,0.16668391377003164,0.4628091834889865,ETTh1,raw,13488,13584,raw:13488:0,low,mid
1,0.5850878737151408,0.2856337120152652,0.45758766422382563,0.5,0.7731328991139623,2.8515210967049676,0.3085868489365165,0.4427697499847439,0.5272399160168263,ETTh1,raw,13488,13584,raw:13488:1,high,mid
2,0.33205190925928363,0.0385876094229125,0.22114468749579078,0.375,0.6779144379804307,2.8515210967049676,0.3085868489365165,0.19726140205932896,0.45383376230564904,ETTh1,raw,13488,13584,raw:13488:2,low,low
3,0.520607431226223,0.2187474861205047,0.4741171740967921,0.625,0.826477057724491,2.8515210967049676,0.3085868489365165,0.4044906971478399,0.5866879688870025,ETTh1,raw,13488,13584,raw:13488:3,high,high
4,0.36732545232256175,0.03617838990654534,0.28768034552647886,0.625,0.9032839968491189,2.8515210967049676,0.3085868489365165,0.230394729251862,0.6122902819285451,ETTh1,raw,13488,13584,raw:13488:4,low,high
5,0.1785550918826233,0.2762331510097847,0.10224396567166683,0.75,0.962590824960179,2.8515210967049676,0.3085868489365165,0.18567740285469161,0.6737258912988985,ETTh1,raw,13488,13584,raw:13488:5,low,high
6,0.36419099529762733,0.12630386020313825,0.5595155838856025,0.375,0.7977115691453751,2.8515210967049676,0.3085868489365165,0.35000347979545604,0.4937661393606305,ETTh1,raw,13488,13584,raw:13488:6,mid,mid
0,0.10222906378766372,0.07434581517534468,0.2828078428726056,0.375,0.7273524754653368,2.3622865431376203,0.22704775681119047,0.15312757394520465,0.4431334107588423,ETTh1,raw,13512,13608,raw:13512:0,low,low
1,0.13138916150898305,0.16177392793070333,0.26508583005036784,0.375,0.7855317054169767,2.3622865431376203,0.22704775681119047,0.1860829731633514,0.462526487409389,ETTh1,raw,13512,13608,raw:13512:1,low,mid
2,0.4643504910675317,0.13829272813478383,0.3084052413542892,0.375,0.6961236251697254,2.3622865431376203,0.22704775681119047,0.3036828201855349,0.4327237939936386,ETTh1,raw,13512,13608,raw:13512:2,mid,low
3,0.1476674508551694,0.16104531304910952,0.4088653809052999,0.5,0.7600894801365528,2.3622865431376203,0.22704775681119047,0.23919271493652627,0.4957124123159144,ETTh1,raw,13512,13608,raw:13512:3,low,mid
4,0.36869297909766297,0.5561054302414056,0.4841568463033316,0.625,0.9617800855752737,2.3622865431376203,0.22704775681119047,0.46965175188080005,0.604609280795488,ETTh1,raw,13512,13608,raw:13512:4,high,high
5,0.5853297229112119,0.19918853113286222,0.4699636781714748,0.75,0.910320165992098,2.3622865431376203,0.22704775681119047,0.41816064407184966,0.6291226409344294,ETTh1,raw,13512,13608,raw:13512:5,high,high
6,0.6183358222893245,0.1334664379121743,0.39469395214701675,0.375,0.672630728297955,2.3622865431376203,0.22704775681119047,0.3821654041161719,0.42489282836971515,ETTh1,raw,13512,13608,raw:13512:6,high,low
0,0.24371418440116455,0.12445346987408192,0.6566611246400132,0.375,0.7313667496458854,3.6874188096034732,0.44790313418740696,0.34160959297175325,0.5180899612777641,ETTh1,raw,13536,13632,raw:13536:0,mid,mid
1,0.3076922000289145,0.15013903614264756,0.4193486510592164,0.5,0.808321416664504,3.6874188096034732,0.44790313418740696,0.29239329574359285,0.5854081836173036,ETTh1,raw,13536,13632,raw:13536:1,mid,high
2,0.6024434901220401,0.08097179793952808,0.29032108337184215,0.375,0.6301862832580679,3.6874188096034732,0.44790313418740696,0.32457879047780347,0.48436313914849155,ETTh1,raw,13536,13632,raw:13536:2,mid,mid
3,0.29212338358308243,0.1536645538381342,0.4150370847026836,0.5,0.778994493998838,3.6874188096034732,0.44790313418740696,0.28694167404130005,0.5756325427287483,ETTh1,raw,13536,13632,raw:13536:3,mid,high
4,0.22086038018273413,0.10576224427448139,0.5200767221078189,0.5,0.8158271365095098,3.6874188096034732,0.44790313418740696,0.2822331155216781,0.5879100902323056,ETTh1,raw,13536,13632,raw:13536:4,mid,high
5,0.37587017219573227,0.17042486739404733,0.47926768489933114,1.0,0.9060523870895131,3.6874188096034732,0.44790313418740696,0.3418542414963703,0.7846518404256401,ETTh1,raw,13536,13632,raw:13536:5,mid,high
6,0.4810783080282527,0.15975265678383607,0.3792999466439876,0.25,0.7616907252399959,3.6874188096034732,0.44790313418740696,0.34004363715202546,0.4865312864758009,ETTh1,raw,13536,13632,raw:13536:6,mid,mid
0,0.14312085856011447,0.14201754939648617,0.39424619752504436,0.5,0.781403505635584,3.6624789334917316,0.4437464881757111,0.22646153516054834,0.5750499979370984,ETTh1,raw,13584,13680,raw:13584:0,low,high
1,0.17199818595834182,0.1644959648543584,0.6157215675528263,0.75,0.7989058465830964,3.6624789334917316,0.4437464881757111,0.31740523945517546,0.6642174449196026,ETTh1,raw,13584,13680,raw:13584:1,mid,high
2,0.42016576214453794,0.09529098200260294,0.19821848854862742,0.5,0.6575103992100578,3.6624789334917316,0.4437464881757111,0.2378917442319228,0.5337522957952563,ETTh1,raw,13584,13680,raw:13584:2,low,mid
3,0.23546968749696684,0.17251554806031438,0.6335502507874147,0.625,0.8152469551183261,3.6624789334917316,0.4437464881757111,0.347178495448232,0.6279978144313457,ETTh1,raw,13584,13680,raw:13584:3,mid,high
4,0.19686777424570778,0.1371616766378665,0.5878846907421141,0.75,0.9715301136953215,3.6624789334917316,0.4437464881757111,0.30730471387522945,0.7217588672903442,ETTh1,raw,13584,13680,raw:13584:4,mid,high
5,0.1318283578621834,0.19735368149619792,0.5779346942955446,0.5,0.9409851694524655,3.6624789334917316,0.4437464881757111,0.3023722445513086,0.6282438858760588,ETTh1,raw,13584,13680,raw:13584:5,mid,high
6,0.2680385883138052,0.24859457631943177,0.0778515614112368,0.25,0.7241984844253533,3.6624789334917316,0.4437464881757111,0.19816157534815793,0.4726483242003548,ETTh1,raw,13584,13680,raw:13584:6,low,mid
0,0.37746578751034054,0.06899538163872802,0.4651080570340884,0.625,0.7498114031547501,3.64920181422857,0.44153363496887227,0.30385640872771896,0.6054483460412076,ETTh1,raw,13608,13704,raw:13608:0,mid,high
1,0.1634737795035257,0.12066911009577755,0.36519988330865666,0.625,0.7752913418083494,3.64920181422857,0.44153363496887227,0.21644759096931998,0.6139416589257406,ETTh1,raw,13608,13704,raw:13608:1,low,high
2,0.5706013846652835,0.06139077350879158,0.28452668366883044,0.125,0.7313933151495294,3.64920181422857,0.44153363496887227,0.30550628061430185,0.4326423167061339,ETTh1,raw,13608,13704,raw:13608:2,mid,low
3,0.23725989404294345,0.1738053448893942,0.4472715140513334,0.625,0.8410778760874471,3.64920181422857,0.44153363496887227,0.286112250994557,0.6358705036854398,ETTh1,raw,13608,13704,raw:13608:3,mid,high
4,0.3001881654318811,0.18620293703612137,0.34258513717497346,0.75,0.92606339909785,3.64920181422857,0.44153363496887227,0.2763254132143253,0.7058656780222408,ETTh1,raw,13608,13704,raw:13608:4,low,high
5,0.6861175735646139,0.3891663237268508,0.3653852996630317,0.25,0.7316149083297118,3.64920181422857,0.44153363496887227,0.4802230656514988,0.47438284776619466,ETTh1,raw,13608,13704,raw:13608:5,high,mid
6,0.40755448734898314,0.18190766132164066,0.46877358828284615,0.5,0.9233031580093201,3.64920181422857,0.44153363496887227,0.3527452456511566,0.6216122643260641,ETTh1,raw,13608,13704,raw:13608:6,mid,high
0,0.489453177591322,0.29909771001589736,0.27102143297662934,0.5,0.9040852614659917,2.7677234664069874,0.29462057724346363,0.3531907735279496,0.5662352795698185,ETTh1,raw,13656,13752,raw:13656:0,mid,high
1,0.5757386395875214,0.24276740678213599,0.7530503882066226,0.75,0.9381632721661699,2.7677234664069874,0.29462057724346363,0.52385214485876,0.6609279498032111,ETTh1,raw,13656,13752,raw:13656:1,high,high
2,0.6513942953417236,0.14036888354622673,0.23818312424014454,0.375,0.8325520058098581,2.7677234664069874,0.29462057724346363,0.3433154343760316,0.5007241943511073,ETTh1,raw,13656,13752,raw:13656:2,mid,mid
3,0.4339204064713724,0.17226769523751223,0.43441842364883804,0.75,0.9192707306415262,2.7677234664069874,0.29462057724346363,0.34686884178590754,0.6546304359616633,ETTh1,raw,13656,13752,raw:13656:3,mid,high
4,0.4992971051375863,0.2864755099022012,0.36855380831979156,0.625,0.8959980615449161,2.7677234664069874,0.29462057724346363,0.38477547445319304,0.6052062129294599,ETTh1,raw,13656,13752,raw:13656:4,high,high
5,0.6234380202858717,0.26332662289444003,0.5692827174871147,0.125,0.7182324721582394,2.7677234664069874,0.29462057724346363,0.4853491202224755,0.37928434980056763,ETTh1,raw,13656,13752,raw:13656:5,high,low
6,0.8997175096379045,0.15955863640050483,0.31015270825362207,0.125,0.7069101896408907,2.7677234664069874,0.29462057724346363,0.4564762847640105,0.3755102556281181,ETTh1,raw,13656,13752,raw:13656:6,high,low
0,0.5741052204927923,0.1533053776460331,0.25011097603566923,0.75,0.8085743778101608,2.863318012679942,0.31055300159573535,0.32584052472483155,0.6230424598019654,ETTh1,raw,13680,13776,raw:13680:0,mid,high
1,0.6325869891245979,0.2020627704629377,0.537552284330755,0.75,0.9204090282278214,2.863318012679942,0.31055300159573535,0.45740068130609685,0.6603206766078523,ETTh1,raw,13680,13776,raw:13680:1,high,high
2,0.5121388143999182,0.309052858142822,0.7441967316181126,0.375,0.7634771603601131,2.863318012679942,0.31055300159573535,0.5217961347202843,0.48301005398528285,ETTh1,raw,13680,13776,raw:13680:2,high,mid
3,0.555247376072543,0.25441191876728747,0.3878359201142568,0.625,0.8991870733982633,2.863318012679942,0.31055300159573535,0.39916507165136245,0.6115800249979996,ETTh1,raw,13680,13776,raw:13680:3,high,high
4,0.7094030152423636,0.311495297230016,0.49970027179918053,0.625,0.9664970983938076,2.863318012679942,0.31055300159573535,0.5068661947571867,0.6340166999965143,ETTh1,raw,13680,13776,raw:13680:4,high,high
5,0.7828720710989125,0.3552951977149467,0.2526491329257945,0.625,0.9221726566520809,2.863318012679942,0.31055300159573535,0.4636054672465513,0.6192418860826054,ETTh1,raw,13680,13776,raw:13680:5,high,high
6,0.8732997630319467,0.19662339305369375,0.07403152969661485,0.75,0.9597258711480693,2.863318012679942,0.31055300159573535,0.38131822859408504,0.6734262909146015,ETTh1,raw,13680,13776,raw:13680:6,high,high
0,0.5294371513400605,0.3657876551516195,0.47709918676451046,0.25,0.9134478774533985,3.570075347216122,0.4283458904887772,0.4574413310853968,0.5305979226473919,ETTh1,raw,13704,13800,raw:13704:0,high,mid
1,0.6098352275292829,0.4313790004906235,0.5414553485248965,1.0,0.9815814503604562,3.570075347216122,0.4283458904887772,0.5275565255149343,0.8033091136164111,ETTh1,raw,13704,13800,raw:13704:1,high,high
2,0.3961665654027021,0.1823557100944137,0.384347176625215,0.75,0.9169960100579511,3.570075347216122,0.4283458904887772,0.3209564840407769,0.6984473001822428,ETTh1,raw,13704,13800,raw:13704:2,mid,high
3,0.31719976958170526,0.19031296340906662,0.6116432538515008,1.0,0.9404654425139629,3.570075347216122,0.4283458904887772,0.3730519956140908,0.78960377766758,ETTh1,raw,13704,13800,raw:13704:3,mid,high
4,0.04883878248772022,0.07757741595989341,0.5891527955022249,0.375,0.8823991147511517,3.570075347216122,0.4283458904887772,0.2385229979832795,0.5619150017466429,ETTh1,raw,13704,13800,raw:13704:4,low,high
5,0.6739962895608944,0.25699540444223123,0.6968095237191013,0.125,0.8730475100818682,3.570075347216122,0.4283458904887772,0.542600405907409,0.47546446685688176,ETTh1,raw,13704,13800,raw:13704:5,high,mid
6,0.781473217883847,0.1456149258983644,0.05949903405509029,0.0,0.4323322829313295,3.570075347216122,0.4283458904887772,0.3288623926124339,0.28689272447336894,ETTh1,raw,13704,13800,raw:13704:6,mid,low
0,0.32794446553560586,0.41532924713176456,0.23310070513937162,0.5,0.8378782521719089,3.1457046381326967,0.35761743909275373,0.32545813926891404,0.5651652304215543,ETTh1,raw,13752,13848,raw:13752:0,mid,high
1,0.21153832175570353,0.33806674321023555,0.6243558996922506,0.75,0.9871664801601693,3.1457046381326967,0.35761743909275373,0.3913203215527299,0.698261306417641,ETTh1,raw,13752,13848,raw:13752:1,high,high
2,0.2617267894543731,0.1973241822179977,0.4405904664275948,0.625,0.8679395260699826,3.1457046381326967,0.35761743909275373,0.2998804793666552,0.6168523217209121,ETTh1,raw,13752,13848,raw:13752:2,mid,high
3,0.4929637770108478,0.2295337844120964,0.5198227105341043,1.0,0.9846965808353445,3.1457046381326967,0.35761743909275373,0.4141067573190162,0.7807713399760328,ETTh1,raw,13752,13848,raw:13752:3,high,high
4,0.4952127565236435,0.4687287747783167,0.16190294790678478,0.375,0.7236760412227048,3.1457046381326967,0.35761743909275373,0.37528149306958164,0.48543116010515286,ETTh1,raw,13752,13848,raw:13752:4,mid,mid
5,0.7147072064275314,0.49872436982816853,0.1173180905473208,0.25,0.875644472461867,3.1457046381326967,0.35761743909275373,0.4435832222676736,0.4944206371848736,ETTh1,raw,13752,13848,raw:13752:5,high,mid
6,0.3151510979712919,0.44426255245470236,0.3562222270833629,0.25,0.7232290215118886,3.1457046381326967,0.35761743909275373,0.37187862583645237,0.4436154868682141,ETTh1,raw,13752,13848,raw:13752:6,mid,low
0,0.03637692258353531,0.11201331748538335,0.39778847057310357,0.5,0.790673968492121,4.010331649349384,0.5017219407220275,0.1820595702140074,0.5974653030713829,ETTh1,raw,13776,13872,raw:13776:0,low,high
1,0.35285893210588837,0.35389619221422675,0.3561673610137983,1.0,0.9439788412637035,4.010331649349384,0.5017219407220275,0.3543074951113045,0.8152335939952436,ETTh1,raw,13776,13872,raw:13776:1,mid,high
2,0.09295488779678085,0.19623273492102553,0.4476992415223515,0.625,0.9007555281095001,4.010331649349384,0.5017219407220275,0.2456289547467193,0.6758258229438425,ETTh1,raw,13776,13872,raw:13776:2,low,high
3,0.47069519428493045,0.3073495871540106,0.4514435084314154,1.0,0.8588684013468004,4.010331649349384,0.5017219407220275,0.4098294299567855,0.7868634473562759,ETTh1,raw,13776,13872,raw:13776:3,high,high
4,0.06024562805628797,0.010702851995027473,0.2078842621587636,0.375,0.37355048832732624,4.010331649349384,0.5017219407220275,0.09294424740335967,0.41675747634978455,ETTh1,raw,13776,13872,raw:13776:4,low,low
5,0.10984055139249038,0.03579575308655454,0.25566546973096493,0.125,0.49344394354844834,4.010331649349384,0.5017219407220275,0.13376725807000328,0.3733886280901586,ETTh1,raw,13776,13872,raw:13776:5,low,low
6,0.5039614208013958,0.0829813101038579,0.8635897579791341,0.125,0.8055642955142899,4.010331649349384,0.5017219407220275,0.48351082962812925,0.4774287454121058,ETTh1,raw,13776,13872,raw:13776:6,high,mid
0,0.9832655348893783,0.10492992300978982,0.6018405850539502,0.5,0.7788462425335448,2.7106165525535832,0.2851027582837593,0.5633453476510395,0.5213163336057681,ETTh1,raw,13824,13920,raw:13824:0,high,mid
1,0.9999999996284279,0.348564439658703,0.2843248359967362,1.0,0.9891811128176671,2.7106165525535832,0.2851027582837593,0.5442964250946223,0.7580946237004754,ETTh1,raw,13824,13920,raw:13824:1,high,high
2,0.994100281670971,0.10866784834739363,0.10106614664079666,0.375,0.8177957901774443,2.7106165525535832,0.2851027582837593,0.4012780922197205,0.4926328494870678,ETTh1,raw,13824,13920,raw:13824:2,high,mid
3,0.9952766839670294,0.46060278490489803,0.3277721745799339,0.75,0.9317046446585747,2.7106165525535832,0.2851027582837593,0.5945505478172871,0.6556024676474447,ETTh1,raw,13824,13920,raw:13824:3,high,high
4,0.9748972547949482,0.3988730151184014,0.12553063524710664,0.25,0.7196160665893812,2.7106165525535832,0.2851027582837593,0.4997669683868187,0.41823960829104684,ETTh1,raw,13824,13920,raw:13824:4,high,low
5,0.9999999700094301,0.26346879960642655,0.2472344399261287,0.125,0.721763337787242,2.7106165525535832,0.2851027582837593,0.5035677365139951,0.3772886986903338,ETTh1,raw,13824,13920,raw:13824:5,high,low
6,0.9836335968386974,0.057074629638658614,0.370044886869925,0.0,0.8405968444852236,2.7106165525535832,0.2851027582837593,0.470251037782427,0.37523320092299434,ETTh1,raw,13824,13920,raw:13824:6,high,low
0,0.938205767069286,0.19300017000375508,0.12497144548716307,0.5,0.8156804690679834,1.785440886981655,0.13090681427876447,0.4187257941867348,0.48219576111558266,ETTh1,raw,13848,13944,raw:13848:0,high,mid
1,0.9930937968200307,0.2801618510079334,0.2768282192659022,0.5,0.9560595338196844,1.785440886981655,0.13090681427876447,0.5166946223646222,0.5289887826994829,ETTh1,raw,13848,13944,raw:13848:1,high,mid
2,0.9964653252373219,0.18548688935810453,0.08102540405283822,0.625,0.8125928978289274,1.785440886981655,0.13090681427876447,0.42099253954942156,0.5228332373692306,ETTh1,raw,13848,13944,raw:13848:2,high,mid
3,0.9925261659504914,0.15288669257043686,0.3196059095851769,0.75,0.9434689843724349,1.785440886981655,0.13090681427876447,0.4883395893687017,0.6081252662170664,ETTh1,raw,13848,13944,raw:13848:3,high,high
4,0.9912602590264046,0.4662737766465115,0.3342733745451942,0.375,0.796361463850776,1.785440886981655,0.13090681427876447,0.5972691367393701,0.4340894260431802,ETTh1,raw,13848,13944,raw:13848:4,high,low
5,0.5825550914610349,0.5903473965745709,0.5330132548014825,0.25,0.7952929959013071,1.785440886981655,0.13090681427876447,0.5686385809456961,0.39206660339335714,ETTh1,raw,13848,13944,raw:13848:5,high,low
6,0.8240315508604266,0.3107078385372739,0.9559127074500817,0.5,0.9096858898592148,1.785440886981655,0.13090681427876447,0.6968840322825941,0.5135309013793264,ETTh1,raw,13848,13944,raw:13848:6,high,mid
0,0.9802951029817661,0.43018565192335145,0.4967013507071259,0.25,0.7475553001628145,1.4561316650246512,0.07602194404407196,0.6357273685374145,0.3578590814022955,ETTh1,raw,13872,13968,raw:13872:0,high,low
1,0.9999999957895418,0.4425076013490754,0.49789169302804165,0.375,0.9299795942119918,1.4561316650246512,0.07602194404407196,0.6467997633888863,0.4603338460853546,ETTh1,raw,13872,13968,raw:13872:1,high,mid
2,0.989084047128318,0.45705992831834663,0.44958651742200545,0.25,0.7509390333323699,1.4561316650246512,0.07602194404407196,0.6319101642895567,0.358986992458814,ETTh1,raw,13872,13968,raw:13872:2,high,low
3,0.9842088760517756,0.3860794742035088,0.5133481498543859,0.5,0.9604312441611843,1.4561316650246512,0.07602194404407196,0.6278788333698901,0.5121510627350855,ETTh1,raw,13872,13968,raw:13872:3,high,mid
4,0.9684883034717516,0.35501677004054644,0.4948472547064929,0.625,0.7918829208119156,1.4561316650246512,0.07602194404407196,0.6061174427395969,0.49763495495199583,ETTh1,raw,13872,13968,raw:13872:4,high,mid
5,0.9999999916277231,0.29718959303274917,0.3418728740713539,0.5,0.7908031743825913,1.4561316650246512,0.07602194404407196,0.5463541529106087,0.4556083728088878,ETTh1,raw,13872,13968,raw:13872:5,high,mid
6,0.9931534455198949,0.08649167802361145,0.34047616185288593,0.375,0.7911878940763001,1.4561316650246512,0.07602194404407196,0.4733737617987974,0.414069946040124,ETTh1,raw,13872,13968,raw:13872:6,high,low
0,0.2542330505937288,0.031295113647666406,0.580678328589198,0.25,0.5047519353652796,2.3751390270723873,0.22918983746341484,0.28873549761019773,0.32798059094289816,ETTh1,raw,13920,14016,raw:13920:0,mid,low
1,0.39936784930366,0.21373209326452336,0.36313200856136824,1.0,0.9215933752475219,2.3751390270723873,0.22918983746341484,0.32541065037651723,0.7169277375703124,ETTh1,raw,13920,14016,raw:13920:1,mid,high
2,0.2917072571604661,0.0316655208256346,0.39632014563107326,0.25,0.471651582614812,2.3751390270723873,0.22918983746341484,0.23989764120572465,0.3169471400260756,ETTh1,raw,13920,14016,raw:13920:2,low,low
3,0.23431888104457044,0.3191664895322721,0.3851960126621486,1.0,0.935225400111472,2.3751390270723873,0.22918983746341484,0.31289379441299703,0.7214717458582957,ETTh1,raw,13920,14016,raw:13920:3,mid,high
4,0.06119246297101966,0.031153442705018474,0.31376668891988896,0.25,0.6223169366437082,2.3751390270723873,0.22918983746341484,0.13537086486530903,0.3671689247023744,ETTh1,raw,13920,14016,raw:13920:4,low,low
5,0.28560584082869667,0.1171459250625782,0.45825865687417733,0.125,0.6457944720726734,2.3751390270723873,0.22918983746341484,0.28700347425515077,0.33332810317869604,ETTh1,raw,13920,14016,raw:13920:5,mid,low
6,0.726084727958215,0.17980373587723636,0.3218167251843589,0.375,0.9024806503357828,2.3751390270723873,0.22918983746341484,0.40923506300660345,0.5022234959330659,ETTh1,raw,13920,14016,raw:13920:6,high,mid
0,0.4821396275315032,0.012151049209052312,0.40787707878912743,0.25,0.46027454769062326,2.608729615436101,0.26812160212581415,0.300722585176561,0.32613204993881245,ETTh1,raw,13944,14040,raw:13944:0,mid,low
1,0.14568818346302426,0.2849328869631613,0.5328947384318321,0.875,0.886105892112779,2.608729615436101,0.26812160212581415,0.3211719362860059,0.6764091647461976,ETTh1,raw,13944,14040,raw:13944:1,mid,high
2,0.5389406217482235,0.01018029289864098,0.5406530996726415,0.25,0.42981104493561967,2.608729615436101,0.26812160212581415,0.36325800477316866,0.3159775490204779,ETTh1,raw,13944,14040,raw:13944:2,mid,low
3,0.22797138202913858,0.25610660666040175,0.556784170165254,0.75,0.8957229093966705,2.608729615436101,0.26812160212581415,0.34695405295159815,0.6379481705074949,ETTh1,raw,13944,14040,raw:13944:3,mid,high
4,0.06613141827349556,0.020266637927906582,0.08138603747106302,0.25,0.6283377514035424,2.608729615436101,0.26812160212581415,0.05592803122415505,0.38215311784311884,ETTh1,raw,13944,14040,raw:13944:4,low,low
5,0.32160307851746495,0.10426223942891583,0.3761646002586872,0.125,0.7640135998451114,2.608729615436101,0.26812160212581415,0.267343306068356,0.3857117339903085,ETTh1,raw,13944,14040,raw:13944:5,low,low
6,0.6469500301218866,0.3676800044121935,0.6066659939396016,0.125,0.8239597258221697,2.608729615436101,0.26812160212581415,0.5404320094912273,0.40569377598266126,ETTh1,raw,13944,14040,raw:13944:6,high,low
0,0.15988878892675484,0.0072902946515481576,0.424309487082304,0.25,0.418451542406117,2.998354376189658,0.33305906214317793,0.197162856886869,0.3338368681830983,ETTh1,raw,13992,14088,raw:13992:0,low,low
1,0.3570230811839792,0.2364492599742381,0.32493211427313545,1.0,0.931400000092688,2.998354376189658,0.33305906214317793,0.30613481847711754,0.7548196874119553,ETTh1,raw,13992,14088,raw:13992:1,mid,high
2,0.12688390282902529,0.00615233466879821,0.16353218360962368,0.25,0.39052113184870596,2.998354376189658,0.33305906214317793,0.09885614036914907,0.324526731330628,ETTh1,raw,13992,14088,raw:13992:2,low,low
3,0.33803429155378706,0.30769242020236065,0.2827112592829069,0.75,0.8929702545165424,2.998354376189658,0.33305906214317793,0.3094793236796849,0.6586764388865735,ETTh1,raw,13992,14088,raw:13992:3,mid,high
4,0.12994956015308734,0.011414630468087668,0.10105314184123793,0.375,0.5678344998128607,2.998354376189658,0.33305906214317793,0.08080577748747098,0.4252978539853462,ETTh1,raw,13992,14088,raw:13992:4,low,low
5,0.5447609596359826,0.17570375368784646,0.39104268375471163,0.25,0.772651831798152,2.998354376189658,0.33305906214317793,0.3705024656928469,0.4519036313137766,ETTh1,raw,13992,14088,raw:13992:5,mid,low
6,0.45316379573423593,0.2594761280656708,0.45878073399932595,0.625,0.929870714820117,2.998354376189658,0.33305906214317793,0.39047355259974426,0.6293099256544317,ETTh1,raw,13992,14088,raw:13992:6,high,high
0,0.2442524527879354,0.01346713334391725,0.5962054307500435,0.25,0.41638472619205474,2.7124694659536006,0.2854115771832475,0.28464167229396536,0.3172654344584341,ETTh1,raw,14016,14112,raw:14016:0,mid,low
1,0.5084912727817759,0.2225498968126201,0.5207148019454904,1.0,0.8518112863307065,2.7124694659536006,0.2854115771832475,0.4172519905132954,0.7124076211713181,ETTh1,raw,14016,14112,raw:14016:1,high,high
2,0.18374629647659524,0.012407649897757231,0.4510650752115203,0.25,0.3950131993037168,2.7124694659536006,0.2854115771832475,0.21573967386195758,0.31014159216232146,ETTh1,raw,14016,14112,raw:14016:2,low,low
3,0.5276734219272734,0.19209654315338776,0.4272112075787108,0.625,0.8022263941810144,2.7124694659536006,0.2854115771832475,0.38232705755312396,0.5708793237880873,ETTh1,raw,14016,14112,raw:14016:3,high,high
4,0.22917010060284226,0.03765574057644436,0.07447368800084543,0.375,0.5774329533380933,2.7124694659536006,0.2854115771832475,0.1137665097267107,0.4126148435071136,ETTh1,raw,14016,14112,raw:14016:4,low,low
5,0.5824500884136953,0.11090958732408657,0.18085471715425255,0.5,0.6935667240510619,2.7124694659536006,0.2854115771832475,0.2914047976306781,0.49299276707810313,ETTh1,raw,14016,14112,raw:14016:5,mid,mid
6,0.22500737283025574,0.12771968687354102,0.30880318418177477,0.625,0.8965112967808732,2.7124694659536006,0.2854115771832475,0.22051008129519048,0.6023076246547069,ETTh1,raw,14016,14112,raw:14016:6,low,high
0,0.2852975118699098,0.08377712077082933,0.26528517584191796,0.25,0.5780764331575026,3.5024957018985408,0.41708261628795246,0.21145326949421905,0.4150530164818183,ETTh1,raw,14064,14160,raw:14064:0,low,low
1,0.35610666671900315,0.19838787411461242,0.3903509056113318,1.0,0.9304060550347809,3.5024957018985408,0.41708261628795246,0.3149484821483158,0.7824962237742444,ETTh1,raw,14064,14160,raw:14064:1,mid,high
2,0.33459224052921754,0.062008364525558884,0.18465391634726203,0.25,0.5582610105595754,3.5024957018985408,0.41708261628795246,0.19375150713401282,0.40844787561584267,ETTh1,raw,14064,14160,raw:14064:2,low,low
3,0.3831384520243887,0.1785604232315487,0.4255976374541413,1.0,0.9399748369261618,3.5024957018985408,0.41708261628795246,0.32909883757002617,0.7856858177380381,ETTh1,raw,14064,14160,raw:14064:3,mid,high
4,0.15125306973991293,0.037932576950008484,0.16230161885067254,0.25,0.584665314604067,3.5024957018985408,0.41708261628795246,0.11716242184686465,0.4172493102973398,ETTh1,raw,14064,14160,raw:14064:4,low,low
5,0.5790841087949758,0.10993255419997777,0.5430628286202076,0.25,0.8897589770337607,3.5024957018985408,0.41708261628795246,0.4106931638717204,0.5189471977739043,ETTh1,raw,14064,14160,raw:14064:5,high,mid
6,0.22905455390785046,0.0971595421852069,0.19516763139211013,0.25,0.6976090789652301,3.5024957018985408,0.41708261628795246,0.17379390916172252,0.45489723175106084,ETTh1,raw,14064,14160,raw:14064:6,low,mid
0,0.06499837549778975,0.03939680417582572,0.7349675768929446,0.25,0.6553727822762405,3.396084318642158,0.3993473857747807,0.2797875855221867,0.43490672268367375,ETTh1,raw,14088,14184,raw:14088:0,mid,low
1,0.21622914494696732,0.19931987887809977,0.5032434554062404,0.625,0.8639517967893284,3.396084318642158,0.3993473857747807,0.30626415974376914,0.6294330608547031,ETTh1,raw,14088,14184,raw:14088:1,mid,high
2,0.10507669592148217,0.0361067835008888,0.7193816409414754,0.25,0.6374262712139638,3.396084318642158,0.3993473857747807,0.2868550401212821,0.4289245523295815,ETTh1,raw,14088,14184,raw:14088:2,mid,low
3,0.11932001136936166,0.22558960948902215,0.5363332717126258,0.625,0.8766166769425662,3.396084318642158,0.3993473857747807,0.29374763085700323,0.633654687572449,ETTh1,raw,14088,14184,raw:14088:3,mid,high
4,0.0995800179862929,0.039128523369841864,0.27996021755618133,0.25,0.5950966275018629,3.396084318642158,0.3993473857747807,0.13955625297077204,0.4148146710922145,ETTh1,raw,14088,14184,raw:14088:4,low,low
5,0.784972111850005,0.1532446530372308,0.3270595496218981,0.75,0.9606774177427904,3.396084318642158,0.3993473857747807,0.42175877150304464,0.7033416011725236,ETTh1,raw,14088,14184,raw:14088:5,high,high
6,0.2226702754724187,0.44465463108126063,0.3235832065926498,0.375,0.8555465515338119,3.396084318642158,0.3993473857747807,0.3303027043821097,0.5432979791028641,ETTh1,raw,14088,14184,raw:14088:6,mid,mid
0,0.5082747511815354,0.13079834397811418,0.8314325988028164,0.25,0.5981767393294098,3.2333532689166393,0.372225544199064,0.4901685646541553,0.40680076117615793,ETTh1,raw,14112,14208,raw:14112:0,high,low
1,0.334140109278353,0.2436352435639467,0.5517234468054206,0.375,0.8586346429610061,3.2333532689166393,0.372225544199064,0.3764995998825735,0.5352867290533567,ETTh1,raw,14112,14208,raw:14112:1,mid,mid
2,0.49286933180975956,0.13161790423771397,0.7337563580672715,0.25,0.5743386988864985,3.2333532689166393,0.372225544199064,0.452747864704915,0.39885474769518753,ETTh1,raw,14112,14208,raw:14112:2,high,low
3,0.27917931116682104,0.2141485726029383,0.4131387930874298,0.625,0.8719330721753943,3.2333532689166393,0.372225544199064,0.3021555589523964,0.6230528721248195,ETTh1,raw,14112,14208,raw:14112:3,mid,high
4,0.37427814646651836,0.03608256416074099,0.23923682900064647,0.25,0.6190859131566319,3.2333532689166393,0.372225544199064,0.21653251320930192,0.41377048578523196,ETTh1,raw,14112,14208,raw:14112:4,low,low
5,0.3986828873035968,0.07543186016621367,0.3624372994629701,0.625,0.9153190885132593,3.2333532689166393,0.372225544199064,0.27885068231092686,0.6375148775707744,ETTh1,raw,14112,14208,raw:14112:5,mid,high
6,0.7263456051581214,0.2414884540967977,0.932251616641033,0.5,0.909597797016071,3.2333532689166393,0.372225544199064,0.6333618919653173,0.5939411137383784,ETTh1,raw,14112,14208,raw:14112:6,high,high
0,0.35768540907266433,0.047371964477734514,0.7423760052611913,0.25,0.5169464001236762,2.717922489656013,0.28632041446546813,0.3824777929371967,0.3510889381963815,ETTh1,raw,14160,14256,raw:14160:0,high,low
1,0.547479014300709,0.17872714509762283,0.22270147298657517,0.5,0.7167322239330274,2.717922489656013,0.28632041446546813,0.31630254412830233,0.5010175461328318,ETTh1,raw,14160,14256,raw:14160:1,mid,mid
2,0.38867382927146876,0.047253762761690646,0.7775357413457734,0.25,0.4998485398545027,2.717922489656013,0.28632041446546813,0.4044877777929776,0.3453896514399903,ETTh1,raw,14160,14256,raw:14160:2,high,low
3,0.602186768088306,0.19728919403699227,0.136525953553842,0.5,0.7403598218950671,2.717922489656013,0.28632041446546813,0.31200063855971344,0.5088934121201784,ETTh1,raw,14160,14256,raw:14160:3,mid,mid
4,0.18005189755655515,0.01770136061741298,0.14207656782474648,0.25,0.5765151491835613,2.717922489656013,0.28632041446546813,0.11327660866623819,0.37094518788300984,ETTh1,raw,14160,14256,raw:14160:4,low,low
5,0.6062491868624398,0.14917113183469735,0.2661479873176646,0.25,0.8098136013423174,2.717922489656013,0.28632041446546813,0.3405227686716006,0.44871133860259516,ETTh1,raw,14160,14256,raw:14160:5,mid,low
6,0.9203591919478844,0.21035590707097834,0.1907980472275893,0.25,0.8088778160568568,2.717922489656013,0.28632041446546813,0.44050438208215076,0.4483994101741083,ETTh1,raw,14160,14256,raw:14160:6,high,low
0,0.3759283430509377,0.2218652295319285,0.48321152677721907,0.25,0.6128785271485645,2.598807504532605,0.2664679169779876,0.3603350331200284,0.3764488147088507,ETTh1,raw,14184,14280,raw:14184:0,mid,low
1,0.4897622808134652,0.24081492460134435,0.3368080973205642,0.5,0.7842788336806282,2.598807504532605,0.2664679169779876,0.35579510091179123,0.5169155835528719,ETTh1,raw,14184,14280,raw:14184:1,mid,mid
2,0.39375877680655313,0.24091491480251462,0.45428139686434893,0.25,0.5789227697331727,2.598807504532605,0.2664679169779876,0.3629850294911389,0.3651302289037201,ETTh1,raw,14184,14280,raw:14184:2,mid,low
3,0.6048970577554185,0.27206475857932394,0.16562851832402753,0.375,0.8054539653382308,2.598807504532605,0.2664679169779876,0.3475301115529233,0.48230729410540607,ETTh1,raw,14184,14280,raw:14184:3,mid,mid
4,0.4543300235754433,0.11069634032246257,0.2797379790315496,0.25,0.7690977245807377,2.598807504532605,0.2664679169779876,0.2815881143098185,0.428521880519575,ETTh1,raw,14184,14280,raw:14184:4,mid,low
5,0.4918028398659493,0.18087128988061113,0.4804821123844522,0.25,0.7626835754042764,2.598807504532605,0.2664679169779876,0.3843854140436709,0.426383830794088,ETTh1,raw,14184,14280,raw:14184:5,high,low
6,0.6712299763122169,0.11826642039125183,0.04656784609246775,0.0,0.5412426074214298,2.598807504532605,0.2664679169779876,0.27868808093197883,0.2692368414664725,ETTh1,raw,14184,14280,raw:14184:6,low,low
0,0.15246873864243105,0.031025803351171333,0.4674135208570812,0.25,0.7718440228093747,2.636879607161034,0.27281326740548356,0.2169693542835612,0.43155243007161936,ETTh1,raw,14232,14328,raw:14232:0,low,low
1,0.25776317177829966,0.307558835786836,0.4209190191139391,0.375,0.8412648110970484,2.636879607161034,0.27281326740548356,0.32874700889302494,0.496359359500844,ETTh1,raw,14232,14328,raw:14232:1,mid,mid
2,0.33818704724671644,0.03953210541660529,0.5205977504601934,0.25,0.752277787536623,2.636879607161034,0.27281326740548356,0.2994389677078384,0.4250303516473688,ETTh1,raw,14232,14328,raw:14232:2,mid,low
3,0.31747590022038086,0.30815930988853546,0.6444596143175696,0.375,0.8234112540666844,2.636879607161034,0.27281326740548356,0.42336494147549536,0.49040817382405594,ETTh1,raw,14232,14328,raw:14232:3,high,mid
4,0.23687593337278456,0.11441039105299905,0.4575972631373293,0.25,0.8029034976505008,2.636879607161034,0.27281326740548356,0.2696278625210376,0.44190558835199484,ETTh1,raw,14232,14328,raw:14232:4,low,low
5,0.28626629118485913,0.3054211564954765,0.5586042710569925,0.5,0.8902705833073229,2.636879607161034,0.27281326740548356,0.3834305729124427,0.5543612835709355,ETTh1,raw,14232,14328,raw:14232:5,high,mid
6,0.7126579816685168,0.14687529019851864,0.015608714627430922,0.25,0.7732829377947176,2.636879607161034,0.27281326740548356,0.29171399549815547,0.43203206840006697,ETTh1,raw,14232,14328,raw:14232:6,mid,low
0,0.17841358571511856,0.09838654725437727,0.1259157433466118,0.25,0.8160581496390797,2.904165327698325,0.317360887420786,0.13423862543870255,0.4611396790199553,ETTh1,raw,14256,14352,raw:14256:0,low,mid
1,0.3564568124815142,0.1965538762734904,0.14787627346140242,0.375,0.7895742857725855,2.904165327698325,0.317360887420786,0.233628987405469,0.49397839106445723,ETTh1,raw,14256,14352,raw:14256:1,low,mid
2,0.15202084035422192,0.09727725713566626,0.211439336296898,0.25,0.8052688969782803,2.904165327698325,0.317360887420786,0.1535791445955954,0.4575432614663555,ETTh1,raw,14256,14352,raw:14256:2,low,mid
3,0.3333333460974237,0.23036699323150073,0.17268465608484287,0.25,0.7922653181814211,2.904165327698325,0.317360887420786,0.24546166513792242,0.45320873520073574,ETTh1,raw,14256,14352,raw:14256:3,low,low
4,0.26460428723860563,0.04066180840398114,0.20066098021281906,0.375,0.7224450131166167,2.904165327698325,0.317360887420786,0.16864235861846863,0.4716019668458009,ETTh1,raw,14256,14352,raw:14256:4,low,mid
5,0.2862666478888415,0.070453907864938,0.08446469286200012,0.25,0.7754572378970036,2.904165327698325,0.317360887420786,0.1470617495385932,0.4476060417725966,ETTh1,raw,14256,14352,raw:14256:5,low,low
6,0.5732476581186061,0.5033872118094898,0.5819276512553703,0.375,0.9335839862989599,2.904165327698325,0.317360887420786,0.552854173727822,0.5419816245732486,ETTh1,raw,14256,14352,raw:14256:6,high,mid
0,0.46840377611343276,0.186964026290292,0.3884336718224622,0.375,0.8135491652849509,2.8687158413408955,0.31145263970439485,0.3479338247420623,0.5000006016631152,ETTh1,raw,14280,14376,raw:14280:0,mid,mid
1,0.45545906765858946,0.3297196670902678,0.5431577671808383,0.375,0.7721167405016025,2.8687158413408955,0.31145263970439485,0.4427788339765652,0.48618979340199914,ETTh1,raw,14280,14376,raw:14280:1,high,mid
2,0.5161167508843101,0.15277037197506138,0.3352426753326093,0.375,0.7975415538387771,2.8687158413408955,0.31145263970439485,0.33470993273066024,0.4946647311810573,ETTh1,raw,14280,14376,raw:14280:2,mid,mid
3,0.36049175915074294,0.3990854950911653,0.5268771092201362,0.375,0.7647161683134264,2.8687158413408955,0.31145263970439485,0.4288181211540148,0.48372293600594035,ETTh1,raw,14280,14376,raw:14280:3,high,mid
4,0.1776926067185436,0.24063775907710952,0.39982492376592516,0.375,0.7234827617565339,2.8687158413408955,0.31145263970439485,0.2727184298538594,0.46997846715364294,ETTh1,raw,14280,14376,raw:14280:4,low,mid
5,0.4918028398659493,0.1983502569837774,0.48017171027899547,0.25,0.7780632090524155,2.8687158413408955,0.31145263970439485,0.3901082690429074,0.4465052829189368,ETTh1,raw,14280,14376,raw:14280:5,high,low
6,0.4480831598641003,0.43306794931576065,0.2163397739284117,0.5,0.8322928225787608,2.8687158413408955,0.31145263970439485,0.3658302943694242,0.5479151540943853,ETTh1,raw,14280,14376,raw:14280:6,mid,mid
0,0.11589374828177201,0.04901651312091475,0.2317545354785443,0.375,0.6320984654031467,2.4519185070013925,0.24198641743025473,0.13222159896041036,0.41636162761113377,ETTh1,raw,14328,14424,raw:14328:0,low,low
1,0.2664082176306637,0.053859810431969496,0.27869732793184715,0.375,0.6001501055188342,2.4519185070013925,0.24198641743025473,0.19965511866482677,0.405712174316363,ETTh1,raw,14328,14424,raw:14328:1,low,low
2,0.046470847191046105,0.05278553002508809,0.18686906743728832,0.375,0.6527243471733024,2.4519185070013925,0.24198641743025473,0.0953751482178075,0.4232369215345191,ETTh1,raw,14328,14424,raw:14328:2,low,low
3,0.27688381439697984,0.04029443949156959,0.40187042486935576,0.375,0.58034253459348,2.4519185070013925,0.24198641743025473,0.2396828929193017,0.3991096506745782,ETTh1,raw,14328,14424,raw:14328:3,low,low
4,0.281908853444103,0.038580796353246835,0.22552495736562256,0.25,0.5738943775704981,2.4519185070013925,0.24198641743025473,0.18200486905432411,0.35529359833358426,ETTh1,raw,14328,14424,raw:14328:4,low,low
5,0.2862663040631219,0.04650666191109323,0.6040939875330725,0.25,0.6277293877205353,2.4519185070013925,0.24198641743025473,0.3122889845024292,0.37323860171693,ETTh1,raw,14328,14424,raw:14328:5,mid,low
6,0.3126401477536366,0.383373079242247,0.4420385527329379,0.375,0.8851624698079671,2.4519185070013925,0.24198641743025473,0.37935059324294046,0.5007162957460739,ETTh1,raw,14328,14424,raw:14328:6,high,mid
0,0.3737293911099918,0.16384114477891115,0.13504167519260732,0.25,0.8017235744213875,2.771686127208373,0.2952810207092605,0.2242040703605034,0.449001531710216,ETTh1,raw,14352,14448,raw:14352:0,low,low
1,0.41366891318289767,0.15990162790771245,0.08254238418606095,0.375,0.7019298206782635,2.771686127208373,0.2952810207092605,0.21870430842555702,0.45740361379584127,ETTh1,raw,14352,14448,raw:14352:1,low,mid
2,0.1971433202199535,0.13678394723655488,0.2388263525302396,0.25,0.7973085146638385,2.771686127208373,0.2952810207092605,0.190917873328916,0.4475298451243663,ETTh1,raw,14352,14448,raw:14352:2,low,low
3,0.15682512711866803,0.19987970293696733,0.5440252438736461,0.375,0.7233111873087372,2.771686127208373,0.2952810207092605,0.30024335797642715,0.4645307360059992,ETTh1,raw,14352,14448,raw:14352:3,mid,mid
4,0.4005828271919032,0.12308448925382903,0.06514020963894342,0.25,0.6793669149122703,2.771686127208373,0.2952810207092605,0.19626917536155852,0.4082159785405102,ETTh1,raw,14352,14448,raw:14352:4,low,low
5,0.24590215678111937,0.08283475695848534,0.4008446590448032,0.125,0.5757462337740445,2.771686127208373,0.2952810207092605,0.24319385759480264,0.33200908482776836,ETTh1,raw,14352,14448,raw:14352:5,low,low
6,0.6468016312476296,0.09806712751377537,0.6368705100079599,0.125,0.7894126820105001,2.771686127208373,0.2952810207092605,0.4605797562564549,0.4032312342399202,ETTh1,raw,14352,14448,raw:14352:6,high,low
0,0.4484077241831549,0.01776931652552686,0.26608834218770394,0.25,0.776432322326285,2.5041448643254682,0.25069081030309337,0.24408846096546188,0.4257077108764595,ETTh1,raw,14400,14496,raw:14400:0,low,low
1,0.5072892521699954,0.35789398742652984,0.4294588258285904,0.5,0.8869585613078571,2.5041448643254682,0.25069081030309337,0.4315473551417052,0.5458831238703168,ETTh1,raw,14400,14496,raw:14400:1,high,mid
2,0.47753855625564423,0.018114626678196296,0.4066913007203682,0.25,0.75538463253864,2.5041448643254682,0.25069081030309337,0.3007814945514029,0.4186918142805778,ETTh1,raw,14400,14496,raw:14400:2,mid,low
3,0.4869649812627339,0.43439081997122103,0.34043287521497584,0.625,0.9161488725120673,2.5041448643254682,0.25069081030309337,0.4205962254829769,0.5972798942717202,ETTh1,raw,14400,14496,raw:14400:3,high,high
4,0.4351518923759904,0.028780918510939453,0.13808086338936826,0.25,0.7346068964824239,2.5041448643254682,0.25069081030309337,0.200671224758766,0.4117659022618391,ETTh1,raw,14400,14496,raw:14400:4,low,low
5,0.48863331386393216,0.08160539950296722,0.25314118368269184,0.25,0.6024322699627924,2.5041448643254682,0.25069081030309337,0.274459965683197,0.3677076934219619,ETTh1,raw,14400,14496,raw:14400:5,low,low
6,0.5678884374742642,0.14659641426706854,0.6888264179799872,0.25,0.9021434427737843,2.5041448643254682,0.25069081030309337,0.46777042324044,0.4676114176922926,ETTh1,raw,14400,14496,raw:14400:6,high,mid
0,0.3181649101185874,0.0795589393825448,0.30429157113852645,0.25,0.655540444040404,3.0029152958044074,0.3338192154110359,0.23400514021321953,0.4131198864838133,ETTh1,raw,14424,14520,raw:14424:0,low,low
1,0.7116881594361993,0.2142206110690234,0.24893683088053992,0.5,0.9372831112618905,3.0029152958044074,0.3338192154110359,0.3916152004619209,0.5903674422243088,ETTh1,raw,14424,14520,raw:14424:1,high,high
2,0.41490688147029386,0.06715125278619645,0.2888946701524488,0.25,0.6318600652520581,3.0029152958044074,0.3338192154110359,0.25698426813631303,0.40522642688769794,ETTh1,raw,14424,14520,raw:14424:2,low,low
3,0.8179890328396615,0.19197957441905664,0.1470427868866989,0.75,0.9773465170360587,3.0029152958044074,0.3338192154110359,0.385670464715139,0.6870552441490315,ETTh1,raw,14424,14520,raw:14424:3,high,high
4,0.19691558910903417,0.11523273337808952,0.3487692642430004,0.25,0.6996681864534976,3.0029152958044074,0.3338192154110359,0.2203058622433747,0.4278291339548445,ETTh1,raw,14424,14520,raw:14424:4,low,low
5,0.007261303065200342,0.14270601089804724,0.34230809678573626,0.125,0.6232208890679645,3.0029152958044074,0.3338192154110359,0.1640918035829946,0.36068003482633343,ETTh1,raw,14424,14520,raw:14424:5,low,low
6,0.28558798936787366,0.09654100044459196,0.4081919191445731,0.5,0.8903455680653257,3.0029152958044074,0.3338192154110359,0.26344030298567955,0.5747215944921206,ETTh1,raw,14424,14520,raw:14424:6,low,high
0,0.11032020386642238,0.044896767586052225,0.44726194295850474,0.25,0.6928518101961642,2.5109726548369213,0.25182877538643894,0.2008263048036598,0.3982268618608677,ETTh1,raw,14448,14544,raw:14448:0,low,low
1,0.4414076868230886,0.07439959125309664,0.2700434536693548,0.375,0.8793176448981144,2.5109726548369213,0.25182877538643894,0.26195024391518,0.5020488067615178,ETTh1,raw,14448,14544,raw:14448:1,low,mid
2,0.12902438803819538,0.045767467690773125,0.4490575909756956,0.25,0.6779042479709934,2.5109726548369213,0.25182877538643894,0.20794981556822134,0.39324434111914414,ETTh1,raw,14448,14544,raw:14448:2,low,low
3,0.5964548616293877,0.09510536694490693,0.14665929293590438,0.5,0.8692868754809445,2.5109726548369213,0.25182877538643894,0.2794065071700663,0.5403718836224611,ETTh1,raw,14448,14544,raw:14448:3,mid,mid
4,0.23498196433698582,0.03775162314727147,0.28497336495947573,0.25,0.6506019581306614,2.5109726548369213,0.25182877538643894,0.18590231748124433,0.3841435778390334,ETTh1,raw,14448,14544,raw:14448:4,low,low
5,0.5727766215910367,0.10406669503282671,0.46101371576120054,0.25,0.6334138173328908,2.5109726548369213,0.25182877538643894,0.37928567746168795,0.3784141975731099,ETTh1,raw,14448,14544,raw:14448:5,high,low
6,0.47841299382040525,0.20959669163458397,0.44088303070726076,0.25,0.7833906773151712,2.5109726548369213,0.25182877538643894,0.3762975720540833,0.4284064842338701,ETTh1,raw,14448,14544,raw:14448:6,mid,low
0,0.3389353835993897,0.20165662903953896,0.6172682890264791,0.25,0.7404510246231158,2.728772178492237,0.2881286959351584,0.3859534338884692,0.42619324018609145,ETTh1,raw,14496,14592,raw:14496:0,high,low
1,0.5888657585184907,0.2800100238200359,0.2874611350072555,0.875,0.9614883230949334,2.728772178492237,0.2881286959351584,0.3854456391152607,0.7082056730100307,ETTh1,raw,14496,14592,raw:14496:1,high,high
2,0.4184103302612948,0.20280618376368426,0.6798582164364753,0.25,0.7222604745450272,2.728772178492237,0.2881286959351584,0.43369157682048476,0.42012972349339517,ETTh1,raw,14496,14592,raw:14496:2,high,low
3,0.2251329330263403,0.2089729043219305,0.45064232055328723,1.0,0.9295560942868534,2.728772178492237,0.2881286959351584,0.2949160526338527,0.7392282634073372,ETTh1,raw,14496,14592,raw:14496:3,mid,high
4,0.26528178656487966,0.15420948321362596,0.4118622104874807,0.375,0.7674460372048968,2.728772178492237,0.2881286959351584,0.27711782675532876,0.4768582443800184,ETTh1,raw,14496,14592,raw:14496:4,low,mid
5,0.39687719599680826,0.08820584136526433,0.32037901208400704,0.625,0.6150272471451017,2.728772178492237,0.2881286959351584,0.2684873498153599,0.5093853143600867,ETTh1,raw,14496,14592,raw:14496:5,low,mid
6,0.3335762990468154,0.22419079508998493,0.17286645972217027,0.125,0.7890695704440768,2.728772178492237,0.2881286959351584,0.24354451795299023,0.40073275545974507,ETTh1,raw,14496,14592,raw:14496:6,low,low
0,0.21965034047999765,0.1597347409457376,0.4446487895018036,0.375,0.6755324599321021,2.367080070253887,0.22784667799590333,0.27467795697584624,0.4261263793093352,ETTh1,raw,14520,14616,raw:14520:0,low,low
1,0.3489842372573514,0.24692211401632919,0.7908041657418091,0.625,0.9330026098249005,2.367080070253887,0.22784667799590333,0.46223683900516327,0.595283095940268,ETTh1,raw,14520,14616,raw:14520:1,high,high
2,0.28834594561895355,0.15239486032523009,0.3875498477570834,0.375,0.660362285038605,2.367080070253887,0.22784667799590333,0.27609688456708903,0.42106965434483606,ETTh1,raw,14520,14616,raw:14520:2,low,low
3,0.481049031282759,0.15542939750151447,0.6978234469779179,0.5,0.901962889644217,2.367080070253887,0.22784667799590333,0.44476729192073045,0.5432698558800402,ETTh1,raw,14520,14616,raw:14520:3,high,mid
4,0.13794873496062665,0.16091497521621462,0.5108783811723978,0.375,0.7533109222790827,2.367080070253887,0.22784667799590333,0.2699140304497463,0.4520525334249954,ETTh1,raw,14520,14616,raw:14520:4,low,low
5,0.5761536673985088,0.08327121307668228,0.6006350936881413,0.5,0.6867476279569702,2.367080070253887,0.22784667799590333,0.4200199913877774,0.47153143531762454,ETTh1,raw,14520,14616,raw:14520:5,high,mid
6,0.6190003143967415,0.3175761300940264,0.39151333340005023,0.25,0.6436756163837883,2.367080070253887,0.22784667799590333,0.4426965926302728,0.37384076479323053,ETTh1,raw,14520,14616,raw:14520:6,high,low
0,0.21973225292085286,0.12835158492293344,0.4442697119787144,0.25,0.8303447357892163,2.855360792544513,0.3092267982420408,0.2641178499408336,0.4631905113437524,ETTh1,raw,14568,14664,raw:14568:0,low,mid
1,0.33894794500374414,0.14585421223022887,0.3517461140701829,1.0,0.9395071352558682,2.855360792544513,0.3092267982420408,0.27884942376805194,0.7495779778326362,ETTh1,raw,14568,14664,raw:14568:1,mid,high
2,0.3269213935412689,0.13579817637351038,0.38593082765946685,0.25,0.8036344584659273,2.855360792544513,0.3092267982420408,0.28288346585808205,0.4542870855693226,ETTh1,raw,14568,14664,raw:14568:2,mid,mid
3,0.4912183617387771,0.14056810788174562,0.239830878705342,1.0,0.9428752035418202,2.855360792544513,0.3092267982420408,0.29053911610862154,0.7507006672612869,ETTh1,raw,14568,14664,raw:14568:3,mid,high
4,0.10302395439841361,0.08319056050461578,0.4353799204674951,0.25,0.7316526930021071,2.855360792544513,0.3092267982420408,0.20719814512350818,0.4302931637480493,ETTh1,raw,14568,14664,raw:14568:4,low,low
5,0.6269809414106707,0.0796064507790008,0.373771372071367,0.375,0.7680040050554567,2.855360792544513,0.3092267982420408,0.3601195880870128,0.48407693443249916,ETTh1,raw,14568,14664,raw:14568:5,mid,mid
6,0.5278221473018816,0.14098130469515188,0.4261144273578294,0.0,0.7461211099943613,2.855360792544513,0.3092267982420408,0.36497262645162093,0.3517826360788007,ETTh1,raw,14568,14664,raw:14568:6,mid,low
0,0.41455228826477153,0.10914971061695124,0.5305092532614237,0.25,0.6960383608606022,2.9134290960262508,0.3189048488062004,0.3514037507143821,0.4216477365556009,ETTh1,raw,14592,14688,raw:14592:0,mid,low
1,0.36835290109540864,0.20941008586481327,0.4700410370247381,1.0,0.9181888281364334,2.9134290960262508,0.3189048488062004,0.34926800799498664,0.7456978923142112,ETTh1,raw,14592,14688,raw:14592:1,mid,high
2,0.18474864109344402,0.07985636332004012,0.6162370391296896,0.25,0.6741175506991761,2.9134290960262508,0.3189048488062004,0.29361401451439123,0.41434079983512556,ETTh1,raw,14592,14688,raw:14592:2,mid,low
3,0.46786860350059745,0.19689231883426458,0.528945421939641,0.75,0.9032048722840722,2.9134290960262508,0.3189048488062004,0.39790211475816767,0.6573699070300908,ETTh1,raw,14592,14688,raw:14592:3,high,high
4,0.08394181440216242,0.457993930305,0.38474572879620694,0.75,0.8124572199700377,2.9134290960262508,0.3189048488062004,0.3088938245011231,0.6271206895920794,ETTh1,raw,14592,14688,raw:14592:4,mid,high
5,0.3401711081615567,0.1428119992304505,0.4713743195335655,0.375,0.9445508024008988,2.9134290960262508,0.3189048488062004,0.3181191423085243,0.5461518837356998,ETTh1,raw,14592,14688,raw:14592:5,mid,mid
6,0.5897017929913908,0.4702069320815107,0.490314151675601,0.25,0.8912928952379121,2.9134290960262508,0.3189048488062004,0.5167409589161674,0.4867325813480375,ETTh1,raw,14592,14688,raw:14592:6,high,mid
0,0.3945001206275015,0.06905973209441267,0.29017688617716253,0.5,0.6217176110687762,1.838909742300556,0.1398182901503955,0.2512455796330256,0.42051196707305727,ETTh1,raw,14640,14736,raw:14640:0,low,low
1,0.3563497866564812,0.12247855468516998,0.5568713841899551,0.625,0.97498391367015,1.838909742300556,0.1398182901503955,0.3452332418438688,0.5799340679401819,ETTh1,raw,14640,14736,raw:14640:1,mid,high
2,0.5374796453007304,0.06930396063899946,0.32511021933965867,0.5,0.6402847455502718,1.838909742300556,0.1398182901503955,0.31063127509312954,0.4267010119002224,ETTh1,raw,14640,14736,raw:14640:2,mid,low
3,0.21617468295544218,0.2732810994138456,0.4962091052370163,0.875,0.9826389474667587,1.838909742300556,0.1398182901503955,0.3285549625354347,0.665819079205718,ETTh1,raw,14640,14736,raw:14640:3,mid,high
4,0.29231334656724295,0.0794977331220307,0.45213185704942527,0.625,0.7764350574786687,1.838909742300556,0.1398182901503955,0.2746476455795663,0.5137511158763547,ETTh1,raw,14640,14736,raw:14640:4,low,mid
5,0.7645530848801784,0.1904812723881112,0.36107287225868373,0.375,0.7783349472127943,1.838909742300556,0.1398182901503955,0.43870240984232445,0.4310510791210633,ETTh1,raw,14640,14736,raw:14640:5,high,low
6,0.867164339048098,0.04522434426161687,0.1031970032090209,0.25,0.7839528033008539,1.838909742300556,0.1398182901503955,0.3385285621729119,0.3912570311504165,ETTh1,raw,14640,14736,raw:14640:6,mid,low
0,0.48187901332626004,0.19378830691785187,0.25652414162894893,0.5,0.752647026549064,2.1113589102682297,0.18522648473599415,0.3107304872910203,0.4792911704283527,ETTh1,raw,14664,14760,raw:14664:0,mid,mid
1,0.5858024737589607,0.11758915476181514,0.3230203083085625,0.75,0.9201308145538505,2.1113589102682297,0.18522648473599415,0.3421373122764461,0.6184524330966149,ETTh1,raw,14664,14760,raw:14664:1,mid,high
2,0.4771127353892691,0.22502930537467597,0.5335243690069372,0.5,0.7745350474181046,2.1113589102682297,0.18522648473599415,0.41188880325696076,0.48658717738469964,ETTh1,raw,14664,14760,raw:14664:2,high,mid
3,0.5917370580692584,0.15896863134976635,0.6532435428103927,1.0,0.9594893951676858,2.1113589102682297,0.18522648473599415,0.46798307740980577,0.7149052933012267,ETTh1,raw,14664,14760,raw:14664:3,high,high
4,0.3297004842058481,0.22065476478701448,0.27493060322718144,0.625,0.9459473180848632,2.1113589102682297,0.18522648473599415,0.275095284073348,0.5853912676069525,ETTh1,raw,14664,14760,raw:14664:4,low,high
5,0.4916584850378013,0.12124347340249803,0.05807466434980482,0.375,0.8890764287561091,2.1113589102682297,0.18522648473599415,0.22365887426336803,0.4831009711640344,ETTh1,raw,14664,14760,raw:14664:5,low,mid
6,0.8758261827880823,0.10691752413019359,0.04894262134357236,0.25,0.7233111263245748,2.1113589102682297,0.18522648473599415,0.3438954427539494,0.3861792036868563,ETTh1,raw,14664,14760,raw:14664:6,mid,low
0,0.5179245512548838,0.24399980245944886,0.342041170799809,0.5,0.8417360421776814,1.9809799946029933,0.16349666549467112,0.3679885081713805,0.5017442358907842,ETTh1,raw,14688,14784,raw:14688:0,mid,mid
1,0.5389764717024079,0.33575823716798314,0.368164827710586,0.875,0.9480355874517495,1.9809799946029933,0.16349666549467112,0.41429984552699234,0.6621774176488069,ETTh1,raw,14688,14784,raw:14688:1,high,high
2,0.3289479044108957,0.24701059462861802,0.3235244434707249,0.5,0.8541765048774969,1.9809799946029933,0.16349666549467112,0.2998276475034129,0.5058910567907228,ETTh1,raw,14688,14784,raw:14688:2,mid,mid
3,0.7184636882430526,0.3439271251375119,0.2931071411994735,1.0,0.9715394313060359,1.9809799946029933,0.16349666549467112,0.4518326515266793,0.7116786989335689,ETTh1,raw,14688,14784,raw:14688:3,high,high
4,0.3200761793816911,0.21252894167781505,0.5596460230152699,0.75,0.9078483397222746,1.9809799946029933,0.16349666549467112,0.36408371469159206,0.607115001738982,ETTh1,raw,14688,14784,raw:14688:4,mid,high
5,0.5228306422351294,0.0898011121862346,0.3837012532121546,0.25,0.7523787265575453,1.9809799946029933,0.16349666549467112,0.3321110025445062,0.38862513068407223,ETTh1,raw,14688,14784,raw:14688:5,mid,low
6,0.6711067411004543,0.09563158767327493,0.44525589086149503,0.125,0.745087464517966,1.9809799946029933,0.16349666549467112,0.4039980732117414,0.3445280433375457,ETTh1,raw,14688,14784,raw:14688:6,high,low
0,0.5611569352256858,0.39345774924365395,0.46547930067152266,0.25,0.608181762934318,2.196604221927632,0.19943403665554862,0.47336466171362074,0.3525385998632889,ETTh1,raw,14736,14832,raw:14736:0,high,low
1,0.405281142599312,0.278038175819469,0.298495396646191,0.75,0.899727091259229,2.196604221927632,0.19943403665554862,0.32727157168832405,0.6163870426382593,ETTh1,raw,14736,14832,raw:14736:1,mid,high
2,0.6900472333459545,0.441617628469076,0.3595000381047412,0.25,0.6058932365671443,2.196604221927632,0.19943403665554862,0.4970549666399238,0.3517757577408977,ETTh1,raw,14736,14832,raw:14736:2,high,low
3,0.7082872917441181,0.34251755683366303,0.4055269429133198,1.0,0.9538894084328785,2.196604221927632,0.19943403665554862,0.4854439304970337,0.7177744816961423,ETTh1,raw,14736,14832,raw:14736:3,high,high
4,0.43491779385634666,0.19932124548436136,0.22255990194204914,0.625,0.915106975713093,2.196604221927632,0.19943403665554862,0.2855996470942524,0.5798470041228806,ETTh1,raw,14736,14832,raw:14736:4,mid,high
5,0.14084507187448858,0.31125370915484707,0.22061127595196695,0.5,0.9218211788814465,2.196604221927632,0.19943403665554862,0.2242366856604342,0.5404184051789984,ETTh1,raw,14736,14832,raw:14736:5,low,mid
6,0.7083075852598597,0.27754017042669965,0.07054424893461897,0.375,0.9419190055598394,2.196604221927632,0.19943403665554862,0.35213066820705946,0.505451014071796,ETTh1,raw,14736,14832,raw:14736:6,mid,mid
0,0.6381171743064478,0.049765005540991,0.4648005698896536,0.25,0.46017389132462977,3.2038220501429633,0.3673036744116544,0.38422758324569745,0.35915918857876145,ETTh1,raw,14760,14856,raw:14760:0,high,low
1,0.27415931492218104,0.07700349369002976,0.43010436432021537,0.75,0.8505378608566255,3.2038220501429633,0.3673036744116544,0.2604223909774754,0.6559471784227601,ETTh1,raw,14760,14856,raw:14760:1,low,high
2,0.3478238295148871,0.06570318741139605,0.2804790731364252,0.25,0.4257457636151472,3.2038220501429633,0.3673036744116544,0.2313353633542361,0.34768314600893385,ETTh1,raw,14760,14856,raw:14760:2,low,low
3,0.1510220441615241,0.25280176907867485,0.3683725375247028,0.875,0.9253048386214762,3.2038220501429633,0.3673036744116544,0.25739878358830054,0.7225361710110435,ETTh1,raw,14760,14856,raw:14760:3,low,high
4,0.3828370384268458,0.17403266178874643,0.2766492343404011,0.625,0.9210203784215863,3.2038220501429633,0.3673036744116544,0.2778396448519978,0.637774684277747,ETTh1,raw,14760,14856,raw:14760:4,low,high
5,0.07594916775454952,0.20188356816080838,0.26715096527497273,0.625,0.9927950135111666,3.2038220501429633,0.3673036744116544,0.18166123373011023,0.6616995626409403,ETTh1,raw,14760,14856,raw:14760:5,low,high
6,0.7797822537731165,0.19676080719686745,0.8753101551321706,0.25,0.6713360787471165,3.2038220501429633,0.3673036744116544,0.6172844053673848,0.429546584386257,ETTh1,raw,14760,14856,raw:14760:6,high,low
0,0.19586079603177275,0.005882188992078178,0.30494251571825975,0.25,0.33212184069227385,3.070585091430158,0.34509751466319716,0.16889516691403691,0.30907311845182367,ETTh1,raw,14808,14904,raw:14808:0,low,low
1,0.5071071003714402,0.10646977402644742,0.41912789498153086,0.375,0.7362666721414082,3.070585091430158,0.34509751466319716,0.3442349231264728,0.48545472893486846,ETTh1,raw,14808,14904,raw:14808:1,mid,mid
2,0.07645023226142211,0.0020864529828133536,0.5895874853800526,0.25,0.3132653253392173,3.070585091430158,0.34509751466319716,0.22270805687476267,0.3027876133341381,ETTh1,raw,14808,14904,raw:14808:2,low,low
3,0.4383312145069326,0.10511374912817156,0.3916771495651748,0.25,0.6935604916713268,3.070585091430158,0.34509751466319716,0.31170737106675966,0.4295526687781746,ETTh1,raw,14808,14904,raw:14808:3,mid,low
4,0.255621581205962,0.33645093757066247,0.49741093632350786,1.0,0.9558819798234385,3.070585091430158,0.34509751466319716,0.3631611517000441,0.7669931648288785,ETTh1,raw,14808,14904,raw:14808:4,mid,high
5,0.471987195029678,0.1424599603042938,0.40973765398461154,1.0,0.9375652254658415,3.070585091430158,0.34509751466319716,0.34139493643952784,0.7608875800430129,ETTh1,raw,14808,14904,raw:14808:5,mid,high
6,0.5141140751892054,0.055430005136552996,0.11624949248764217,0.25,0.5436564592598809,3.070585091430158,0.34509751466319716,0.22859785760446683,0.37958465797435936,ETTh1,raw,14808,14904,raw:14808:6,low,low
0,0.10719518131052719,0.08183097537027284,0.21461567916522456,0.25,0.42866351287815624,2.879468969825961,0.3132448277822521,0.13454727861534152,0.33063611355346945,ETTh1,raw,14832,14928,raw:14832:0,low,low
1,0.11463885617518632,0.0849073242964766,0.2207796731267469,0.375,0.6512980759510208,2.879468969825961,0.3132448277822521,0.1401086178661366,0.4465143012444243,ETTh1,raw,14832,14928,raw:14832:1,low,low
2,0.17342326152757848,0.08682472273370584,0.10704928170204545,0.25,0.4184610408147094,2.879468969825961,0.3132448277822521,0.1224324219877766,0.3272352895323205,ETTh1,raw,14832,14928,raw:14832:2,low,low
3,0.08561022350061231,0.04640592494569931,0.15311310552871538,0.25,0.6630166882365464,2.879468969825961,0.3132448277822521,0.09504308465834232,0.4087538386729328,ETTh1,raw,14832,14928,raw:14832:3,low,low
4,0.41699782871163604,0.3522931491309669,0.6892781190123755,1.0,0.8588849209627232,2.879468969825961,0.3132448277822521,0.4861896989516595,0.7240432495816584,ETTh1,raw,14832,14928,raw:14832:4,high,high
5,0.297446309426428,0.3886621188538624,0.5573433359815281,1.0,0.9196034437380493,2.879468969825961,0.3132448277822521,0.4144839214206062,0.7442827571734338,ETTh1,raw,14832,14928,raw:14832:5,high,high
6,0.7763478260107252,0.4211611978891461,0.47118296896938955,0.25,0.852724458417303,2.879468969825961,0.3132448277822521,0.5562306642897535,0.4719897620665184,ETTh1,raw,14832,14928,raw:14832:6,high,mid
0,0.09113527654725684,0.0715328402206456,0.1073845622502587,0.25,0.4297493983583248,3.3878261874736166,0.39797103058231775,0.09001755967272039,0.35924014298021417,ETTh1,raw,14856,14952,raw:14856:0,low,low
1,0.2850606760273472,0.0578431519044852,0.2602257611601181,0.25,0.6450637549884165,3.3878261874736166,0.39797103058231775,0.2010431963639835,0.43101159519024473,ETTh1,raw,14856,14952,raw:14856:1,low,low
2,0.19505244722019077,0.07589001500075969,0.1784860954104006,0.25,0.4127777100175153,3.3878261874736166,0.39797103058231775,0.14980951921045035,0.3535829135332777,ETTh1,raw,14856,14952,raw:14856:2,low,low
3,0.18095572931855175,0.07005430173837324,0.1546489539695476,0.25,0.6563843910237959,3.3878261874736166,0.39797103058231775,0.13521966167549085,0.43478514053537126,ETTh1,raw,14856,14952,raw:14856:3,low,low
4,0.4135597098393867,0.14372245298610734,0.5023425786358287,0.5,0.9051162860862237,3.3878261874736166,0.39797103058231775,0.35320824715377425,0.6010291055561804,ETTh1,raw,14856,14952,raw:14856:4,mid,high
5,0.5646174344196695,0.5229443140868429,0.4890413841332734,1.0,0.9789833468712238,3.3878261874736166,0.39797103058231775,0.5255343775465953,0.7923181258178471,ETTh1,raw,14856,14952,raw:14856:5,high,high
6,0.6784145909033215,0.37072328728967663,0.08666098711172945,0.25,0.9092151449153878,3.3878261874736166,0.39797103058231775,0.3785996217682425,0.5190620584992351,ETTh1,raw,14856,14952,raw:14856:6,high,mid
0,0.5094325914409453,0.07238230164510032,0.12546583862957367,0.25,0.5979604377597266,3.0718065235691423,0.3453010866860219,0.23576024390520645,0.39775384148191617,ETTh1,raw,14904,15000,raw:14904:0,low,low
1,0.35735970908550285,0.0826788677399495,0.2532469526151352,0.25,0.6512143279970549,3.0718065235691423,0.3453010866860219,0.23109517648019584,0.41550513822769225,ETTh1,raw,14904,15000,raw:14904:1,low,low
2,0.22679033992002484,0.06543449751774574,0.22239652241295563,0.375,0.5854193245411919,3.0718065235691423,0.3453010866860219,0.1715404532835754,0.43524013707573794,ETTh1,raw,14904,15000,raw:14904:2,low,low
3,0.2966178470983315,0.06120901593909871,0.2939850560443431,0.25,0.6573855676399595,3.0718065235691423,0.3453010866860219,0.21727063969392443,0.41756221810866045,ETTh1,raw,14904,15000,raw:14904:3,low,low
4,0.35794988368539915,0.2547026766005577,0.8049615916687972,0.625,0.9284665184731087,3.0718065235691423,0.3453010866860219,0.47253805065158466,0.6329225350530435,ETTh1,raw,14904,15000,raw:14904:4,high,high
5,0.7174938985527282,0.1507563269017007,0.1617529374559092,0.625,0.9357621621793929,3.0718065235691423,0.3453010866860219,0.34333438763677937,0.6353544162884717,ETTh1,raw,14904,15000,raw:14904:5,mid,high
6,0.9654123048942949,0.16298987427064876,0.035386193354193705,0.25,0.8277055381760539,3.0718065235691423,0.3453010866860219,0.38792945750637914,0.47433554162069197,ETTh1,raw,14904,15000,raw:14904:6,high,mid
0,0.4614594157144821,0.05985118749477842,0.33867237714739246,0.375,0.6057545053811466,3.267561806954319,0.37792696719584157,0.2866609934522177,0.45289382419232943,ETTh1,raw,14928,15024,raw:14928:0,mid,low
1,0.09699276408052604,0.10218376559455047,0.39226076470350096,0.375,0.6379882984743445,3.267561806954319,0.37792696719584157,0.19714576479285917,0.463638421890062,ETTh1,raw,14928,15024,raw:14928:1,low,mid
2,0.42472872161290565,0.050368668767452635,0.21658822601542846,0.375,0.5817099389989854,3.267561806954319,0.37792696719584157,0.2305618721319289,0.444878968731609,ETTh1,raw,14928,15024,raw:14928:2,low,low
3,0.07620287050276275,0.1073807232302415,0.33248808746372793,0.375,0.6548499534703751,3.267561806954319,0.37792696719584157,0.17202389373224405,0.4692589735554056,ETTh1,raw,14928,15024,raw:14928:3,low,mid
4,0.24209073887549581,0.10802303686632592,0.3548287866783947,0.625,0.9556542325587704,3.267561806954319,0.37792696719584157,0.2349808541400721,0.652860399918204,ETTh1,raw,14928,15024,raw:14928:4,low,high
5,0.06942402709056517,0.10503335290957413,0.20320610860833627,0.5,0.8650871708962008,3.267561806954319,0.37792696719584157,0.1258878295361585,0.5810047126973474,ETTh1,raw,14928,15024,raw:14928:5,low,high
6,0.7530183431537092,0.09283597476705949,0.3859673465729949,0.0,0.7443104897379293,3.267561806954319,0.37792696719584157,0.4106072214979212,0.374079152311257,ETTh1,raw,14928,15024,raw:14928:6,high,low
0,0.11586263038474487,0.12321855429411899,0.3616724114950536,0.375,0.756430868032654,3.149104511794425,0.35818408470209734,0.20025119872463915,0.4965383175782505,ETTh1,raw,14976,15072,raw:14976:0,low,mid
1,0.2501529785770412,0.05631598592947612,0.3384107490305599,0.375,0.638030056256173,3.149104511794425,0.35818408470209734,0.21495990451235905,0.4570713803194235,ETTh1,raw,14976,15072,raw:14976:1,low,mid
2,0.11649307791323904,0.10494322023282474,0.36968250221371113,0.375,0.7235075001327566,3.149104511794425,0.35818408470209734,0.19703960011992497,0.485563861611618,ETTh1,raw,14976,15072,raw:14976:2,low,mid
3,0.39234590827622007,0.07339350593689176,0.34145180001951314,0.375,0.6531245776349736,3.149104511794425,0.35818408470209734,0.26906373807754164,0.46210288744569034,ETTh1,raw,14976,15072,raw:14976:3,low,mid
4,0.2272637425738374,0.04136587335336891,0.4255243019883682,0.75,0.845469852212207,3.149104511794425,0.35818408470209734,0.2313846393051915,0.6512179789714349,ETTh1,raw,14976,15072,raw:14976:4,low,high
5,0.3375503730156143,0.0623325143282453,0.5520474459056791,0.5,0.7480224881940881,3.149104511794425,0.35818408470209734,0.3173101110831796,0.5354021909653951,ETTh1,raw,14976,15072,raw:14976:5,mid,mid
6,0.4591116228908102,0.11699661515542516,0.4449077457664652,0.0,0.7366471411602075,3.149104511794425,0.35818408470209734,0.3403386612709001,0.36494374195410156,ETTh1,raw,14976,15072,raw:14976:6,mid,low
0,0.10863917276008883,0.07433025413683779,0.4060182778498614,0.375,0.7981737690237515,3.242355279265644,0.37372587925473083,0.19632923491559598,0.5156332160928275,ETTh1,raw,15000,15096,raw:15000:0,low,mid
1,0.49884586204969983,0.10620661351635613,0.3055678574082735,0.375,0.769412873059779,3.242355279265644,0.37372587925473083,0.3035401109914432,0.5060462507715033,ETTh1,raw,15000,15096,raw:15000:1,mid,mid
2,0.16794425640067934,0.05687658679860723,0.2999516572131787,0.25,0.7412543424968737,3.242355279265644,0.37372587925473083,0.1749241668041551,0.45499340725053483,ETTh1,raw,15000,15096,raw:15000:2,low,mid
3,0.36483123730993017,0.08792630672393817,0.23593664617475554,0.5,0.7485546756964415,3.242355279265644,0.37372587925473083,0.22956473006954128,0.5407601849837241,ETTh1,raw,15000,15096,raw:15000:3,low,mid
4,0.14730093690374413,0.030903335239128246,0.5616454130600613,0.625,0.9066090866667772,3.242355279265644,0.37372587925473083,0.24661656173431123,0.6351116553071694,ETTh1,raw,15000,15096,raw:15000:4,low,high
5,0.41137064201858886,0.056673371801867184,0.5353170031967076,0.5,0.8033785335388227,3.242355279265644,0.37372587925473083,0.33445367233905454,0.5590348042645179,ETTh1,raw,15000,15096,raw:15000:5,mid,mid
6,0.6132079406909401,0.2712781099687929,0.19765647074036838,0.125,0.8525626734993763,3.242355279265644,0.37372587925473083,0.36071417380003373,0.4504295175847024,ETTh1,raw,15000,15096,raw:15000:6,mid,low
0,0.5043999024652355,0.10240131573417999,0.3674196210626789,0.25,0.6674486256691248,3.151396723173743,0.358566119931347,0.32474027975403147,0.4253382485334906,ETTh1,raw,15024,15120,raw:15024:0,mid,low
1,0.07497354238084353,0.06947507921181392,0.29387964435077996,0.375,0.7342237051324843,3.151396723173743,0.358566119931347,0.14610942198114582,0.4892632750212771,ETTh1,raw,15024,15120,raw:15024:1,low,mid
2,0.556232731320507,0.08693659844870122,0.17096418599115856,0.25,0.6176261605160575,3.151396723173743,0.358566119931347,0.27137783858678893,0.40873076014913484,ETTh1,raw,15024,15120,raw:15024:2,low,low
3,0.2667198228741289,0.10805246776883792,0.17834525456828718,0.375,0.7349247254194956,3.151396723173743,0.358566119931347,0.184372515070418,0.48949694845028086,ETTh1,raw,15024,15120,raw:15024:3,low,mid
4,0.4507206006618011,0.3687441269281495,0.2472619508410783,0.75,0.9769586039880034,3.151396723173743,0.358566119931347,0.35557555947700964,0.6951749079731169,ETTh1,raw,15024,15120,raw:15024:4,mid,high
5,0.24647724879129262,0.12807402412518623,0.22404579567837848,0.5,0.8224222229751997,3.151396723173743,0.358566119931347,0.19953235619828577,0.5603294476355155,ETTh1,raw,15024,15120,raw:15024:5,low,high
6,0.7206324535705227,0.18565134288655516,0.3732222410147016,0.0,0.4995636395610691,3.151396723173743,0.358566119931347,0.42650201249059316,0.2860432531641387,ETTh1,raw,15024,15120,raw:15024:6,high,low
0,0.4697456555458015,0.06821118798335632,0.35085468809687825,0.25,0.49694617043911055,2.9788486537625762,0.3298081084107492,0.29627051054201203,0.3589180929499532,ETTh1,raw,15072,15168,raw:15072:0,mid,low
1,0.37862806466998955,0.10038556339539313,0.37797802830691973,0.5,0.677432074142695,2.9788486537625762,0.3298081084107492,0.2856638854574341,0.5024133941844814,ETTh1,raw,15072,15168,raw:15072:1,mid,mid
2,0.2738088181456336,0.06307638002971294,0.36559359965892735,0.25,0.4774117497128876,2.9788486537625762,0.3298081084107492,0.2341595992780913,0.3524066193745456,ETTh1,raw,15072,15168,raw:15072:2,low,low
3,0.45325554390289824,0.12103741602444237,0.46621929294598835,0.5,0.6641756674571524,2.9788486537625762,0.3298081084107492,0.34683741762444303,0.4979945919559672,ETTh1,raw,15072,15168,raw:15072:3,mid,mid
4,0.4855909796112454,0.35430356938804036,0.40144771116319644,0.75,0.9492049208094362,2.9788486537625762,0.3298081084107492,0.41378075338749404,0.6763376764067285,ETTh1,raw,15072,15168,raw:15072:4,high,high
5,0.6287195860695545,0.10413926616599896,0.2586118243135006,0.5,0.7699005740268918,2.9788486537625762,0.3298081084107492,0.3304902255163514,0.5332362274792136,ETTh1,raw,15072,15168,raw:15072:5,mid,mid
6,0.7251864819847493,0.16391344635732696,0.023067271567720222,0.25,0.7572416949313069,2.9788486537625762,0.3298081084107492,0.3040557333032655,0.4456832677806853,ETTh1,raw,15072,15168,raw:15072:6,mid,low
0,0.16380775540251047,0.02183136190101137,0.3060030103914741,0.25,0.4336052478321606,3.352269843667971,0.3920449732912536,0.1638807092316653,0.35855007370780473,ETTh1,raw,15096,15192,raw:15096:0,low,low
1,0.09246047434443538,0.06468615558791994,0.3708823014118879,0.25,0.671782770217999,3.352269843667971,0.3920449732912536,0.1760096437814144,0.4379425811697509,ETTh1,raw,15096,15192,raw:15096:1,low,low
2,0.14430546955272394,0.020081783461194984,0.4729340508710417,0.25,0.4402909631741262,3.352269843667971,0.3920449732912536,0.21244043462832018,0.3607786454884599,ETTh1,raw,15096,15192,raw:15096:2,low,low
3,0.32220182763958394,0.07426851536840123,0.3538541311812759,0.375,0.6229824965427279,3.352269843667971,0.3920449732912536,0.250108158063087,0.4633424899446605,ETTh1,raw,15096,15192,raw:15096:3,low,mid
4,0.3310728365440673,0.3055157292902755,0.5479189868205461,0.625,0.9104926889605367,3.352269843667971,0.3920449732912536,0.394835850884963,0.6425125540839302,ETTh1,raw,15096,15192,raw:15096:4,high,high
5,0.5311458862855598,0.24309129397278018,0.2547561157138508,0.75,0.7769972230744281,3.352269843667971,0.3920449732912536,0.3429977653240636,0.6396807321218939,ETTh1,raw,15096,15192,raw:15096:5,mid,high
6,0.852903058039237,0.1866105948147479,0.17322165869258688,0.25,0.8249854474169517,3.352269843667971,0.3920449732912536,0.4042451038488573,0.4890101402360685,ETTh1,raw,15096,15192,raw:15096:6,high,mid
0,0.08542245427097772,0.030390790941486362,0.20002495631635553,0.25,0.3542023986662822,3.538974558653119,0.42316242573691576,0.10527940050960653,0.3424549414677327,ETTh1,raw,15144,15240,raw:15144:0,low,low
1,0.3204992326642554,0.0692850408717029,0.3465493654624651,0.25,0.7932528255606646,3.538974558653119,0.42316242573691576,0.2454445463328078,0.4888050837658601,ETTh1,raw,15144,15240,raw:15144:1,low,mid
2,0.24000814406345106,0.030771074633287453,0.20817022877167815,0.25,0.3680848787441246,3.538974558653119,0.42316242573691576,0.15964981582280555,0.34708243482701345,ETTh1,raw,15144,15240,raw:15144:2,low,low
3,0.43317408581379824,0.08241648259291379,0.2795502568466649,0.375,0.7806678476046641,3.538974558653119,0.42316242573691576,0.26504694175112564,0.5262767577805266,ETTh1,raw,15144,15240,raw:15144:3,low,mid
4,0.24968249534723252,0.09692329267292162,0.5711876754272461,0.75,0.7525707467722603,3.538974558653119,0.42316242573691576,0.30593115448246677,0.6419110575030588,ETTh1,raw,15144,15240,raw:15144:4,mid,high
5,0.2542650899584955,0.3338438236204734,0.5198880939252024,1.0,0.8326925430004726,3.538974558653119,0.42316242573691576,0.36933233583472375,0.7519516562457961,ETTh1,raw,15144,15240,raw:15144:5,mid,high
6,0.5851021665038891,0.12614036017940516,0.4723846760219096,0.5,0.6867795981978876,3.538974558653119,0.42316242573691576,0.3945424009017346,0.5366473413116012,ETTh1,raw,15144,15240,raw:15144:6,high,mid
0,0.08201672593778131,0.024098298837821636,0.20242119067301675,0.25,0.32215958770452446,3.7276038845505393,0.4546006466674221,0.1028454051495399,0.3422534114573155,ETTh1,raw,15168,15264,raw:15168:0,low,low
1,0.1596718844937276,0.234767824509942,0.26346113389947384,0.25,0.7928004873032329,3.7276038845505393,0.4546006466674221,0.21930028096771448,0.4991337113235517,ETTh1,raw,15168,15264,raw:15168:1,low,mid
2,0.0967294705368581,0.023531888700384702,0.23145299835398309,0.25,0.33189468941537975,3.7276038845505393,0.4546006466674221,0.11723811919707529,0.345498445360934,ETTh1,raw,15168,15264,raw:15168:2,low,low
3,0.2914773212128803,0.18758961209694985,0.28074242643930625,0.5,0.7717595266533981,3.7276038845505393,0.4546006466674221,0.2532697865830455,0.57545339110694,ETTh1,raw,15168,15264,raw:15168:3,low,high
4,0.3741602357917846,0.15168714040600828,0.6212971285725136,0.75,0.894318219015288,3.7276038845505393,0.4546006466674221,0.38238150159010215,0.6996396218942366,ETTh1,raw,15168,15264,raw:15168:4,high,high
5,0.4055864753293399,0.12103227447355737,0.6839328484816847,0.75,0.8842443145473038,3.7276038845505393,0.4546006466674221,0.40351719942819403,0.696281653738242,ETTh1,raw,15168,15264,raw:15168:5,high,high
6,0.5996481653684806,0.11200257874387061,0.30108802234969806,0.375,0.7404592421283883,3.7276038845505393,0.4546006466674221,0.3375795888206831,0.5233532962652702,ETTh1,raw,15168,15264,raw:15168:6,mid,mid
0,0.033102592123590235,0.08986121270024025,0.2712854144153889,0.25,0.4100418283015858,3.0558750922821325,0.34264584814261234,0.13141640641307314,0.33422922548139944,ETTh1,raw,15216,15312,raw:15216:0,low,low
1,0.2657147427644324,0.08255678802902003,0.3942542893710494,0.375,0.6081827000736733,3.0558750922821325,0.34264584814261234,0.24750860672150057,0.44194284940542855,ETTh1,raw,15216,15312,raw:15216:1,low,low
2,0.28860501601639943,0.11916971821631966,0.17735741172880268,0.25,0.4033613782288263,3.0558750922821325,0.34264584814261234,0.1950440486538406,0.33200240879047954,ETTh1,raw,15216,15312,raw:15216:2,low,low
3,0.0235865136516914,0.0725940531584178,0.371326960619067,0.375,0.6852656365216703,3.0558750922821325,0.34264584814261234,0.15583584247639207,0.4676371615547608,ETTh1,raw,15216,15312,raw:15216:3,low,mid
4,0.025886795382032424,0.26177368202543855,0.5276827461511752,0.5,0.8824652751826834,3.0558750922821325,0.34264584814261234,0.27178107451954875,0.5750370411084319,ETTh1,raw,15216,15312,raw:15216:4,low,high
5,0.18282676091766525,0.2064136171222383,0.6991219189542915,0.875,0.8673655082882731,3.0558750922821325,0.34264584814261234,0.3627874323313984,0.6950037854769618,ETTh1,raw,15216,15312,raw:15216:5,mid,high
6,0.7298674986244267,0.17537927447373158,0.14416894868299582,0.125,0.6289085663022536,3.0558750922821325,0.34264584814261234,0.34980524059371804,0.3655181381482886,ETTh1,raw,15216,15312,raw:15216:6,mid,low
0,0.9931842278994626,0.30513970840417215,0.017707483975871696,0.25,0.6051799176450001,2.221896268662853,0.20364937777105988,0.4386771400931688,0.35294309847202004,ETTh1,raw,15240,15336,raw:15240:0,high,low
1,0.9887707814646501,0.37511652070809526,0.213305916790736,0.25,0.7405146955701357,2.221896268662853,0.20364937777105988,0.5257310729878272,0.3980546911137319,ETTh1,raw,15240,15336,raw:15240:1,high,low
2,0.9984690131412488,0.2755559875049924,0.08542479989256652,0.25,0.595058699511294,2.221896268662853,0.20364937777105988,0.4531499335129359,0.34956935909411796,ETTh1,raw,15240,15336,raw:15240:2,high,low
3,0.9607356770899064,0.38771544262021085,0.2311956620884707,0.375,0.7965905409599818,2.221896268662853,0.20364937777105988,0.526548927266196,0.4584133062436806,ETTh1,raw,15240,15336,raw:15240:3,high,mid
4,0.9971282258081046,0.16126590922720616,0.44336706120908054,0.5,0.8694264134848089,2.221896268662853,0.20364937777105988,0.5339203987481304,0.5243585970852896,ETTh1,raw,15240,15336,raw:15240:4,high,mid
5,0.9649796170830293,0.25175338317462986,0.3489253178827731,0.625,0.7922841459233032,2.221896268662853,0.20364937777105988,0.5218861060468107,0.5403111745647877,ETTh1,raw,15240,15336,raw:15240:5,high,mid
6,0.999999999696953,0.12787804260772284,0.08459272538501932,0.125,0.6883283136373733,2.221896268662853,0.20364937777105988,0.4041569225632317,0.33899256380281106,ETTh1,raw,15240,15336,raw:15240:6,high,low
0,0.9855260651602236,0.24166028632315897,0.03508033094241527,0.25,0.7735490629058522,2.433194734763944,0.23886578872921438,0.42075556080859927,0.4208049505450222,ETTh1,raw,15264,15360,raw:15264:0,high,low
1,0.953927525335653,0.4368098570596279,0.15878033734150615,0.25,0.8386076001532758,2.433194734763944,0.23886578872921438,0.516505906578929,0.4424911296274967,ETTh1,raw,15264,15360,raw:15264:1,high,low
2,0.9875416200190062,0.22805064150081394,0.1641458759653944,0.25,0.7674930408067259,2.433194734763944,0.23886578872921438,0.45991271249507154,0.41878627651198014,ETTh1,raw,15264,15360,raw:15264:2,high,low
3,0.9933994764652254,0.3747972712676388,0.06962651732573,0.375,0.875481042695011,2.433194734763944,0.23886578872921438,0.4792744216861981,0.4964489438080751,ETTh1,raw,15264,15360,raw:15264:3,high,mid
4,0.9976074959624741,0.32133242693835473,0.30891597283551614,0.5,0.9444107871930771,2.433194734763944,0.23886578872921438,0.542618631912115,0.5610921919740971,ETTh1,raw,15264,15360,raw:15264:4,high,high
5,0.9999999741762444,0.18272382136668888,0.280745529170664,1.0,0.8756211510302674,2.433194734763944,0.23886578872921438,0.48782310823786573,0.7048289799198272,ETTh1,raw,15264,15360,raw:15264:5,high,high
6,0.1099902168674628,0.06372644840493241,0.1446982601032485,0.125,0.4769697549932513,2.433194734763944,0.23886578872921438,0.1061383084585479,0.2802785145741552,ETTh1,raw,15264,15360,raw:15264:6,low,low
0,0.9870677709750879,0.3572845707121111,0.7583675876088006,0.25,0.5908364174048423,2.8589245555638994,0.30982075874428194,0.7009066430986666,0.3835523920497081,ETTh1,raw,15312,15408,raw:15312:0,high,low
1,0.9604677155954566,0.3794277178693949,0.2829861773077716,0.5,0.8269581313521811,2.8589245555638994,0.30982075874428194,0.5409605369242076,0.5455929633654876,ETTh1,raw,15312,15408,raw:15312:1,high,mid
2,0.9897839395238403,0.3547540525979953,0.752057831451782,0.25,0.5717577887373277,2.8589245555638994,0.30982075874428194,0.6988652745245392,0.3771928491605365,ETTh1,raw,15312,15408,raw:15312:2,high,low
3,0.9937856160009583,0.3624188639701229,0.6334593167768899,0.5,0.8247167399161979,2.8589245555638994,0.30982075874428194,0.6632212655826569,0.5448458328868266,ETTh1,raw,15312,15408,raw:15312:3,high,mid
4,0.9956203765439696,0.26454681027595384,0.6601525164256489,0.625,0.8732818645706261,2.8589245555638994,0.30982075874428194,0.6401065677485241,0.6027008744383027,ETTh1,raw,15312,15408,raw:15312:4,high,high
5,0.9999999578661389,0.15101943083797442,0.5813422060660552,0.875,0.8061185509284756,2.8589245555638994,0.30982075874428194,0.5774538649233896,0.6636464365575859,ETTh1,raw,15312,15408,raw:15312:5,high,high
6,0.7938931183247943,0.23643577500472918,0.012292984489118705,0.125,0.7625730326693554,2.8589245555638994,0.30982075874428194,0.3475406259395473,0.3991312638045457,ETTh1,raw,15312,15408,raw:15312:6,mid,low
0,0.3972350751056618,0.13060451516198635,0.26856702425295653,0.25,0.48887504201328125,3.4403284650885944,0.40672141017023006,0.2654688715068682,0.38186548406117043,ETTh1,raw,15336,15432,raw:15336:0,low,low
1,0.291233705755261,0.08834046140108143,0.3986428245753877,0.5,0.7312359322172794,3.4403284650885944,0.40672141017023006,0.2594056639105767,0.5459857807958365,ETTh1,raw,15336,15432,raw:15336:1,low,mid
2,0.29411856964357597,0.17845105239525774,0.2524532453758998,0.25,0.5027276902264052,3.4403284650885944,0.40672141017023006,0.24167428913824449,0.3864830334655451,ETTh1,raw,15336,15432,raw:15336:2,low,low
3,0.1700675921144641,0.0979487311060008,0.38992660355837366,0.5,0.7335904207474213,3.4403284650885944,0.40672141017023006,0.21931430892627954,0.5467706103058838,ETTh1,raw,15336,15432,raw:15336:3,low,mid
4,0.4137619403720664,0.09188754390288661,0.5837095503283207,0.5,0.7729743982070093,3.4403284650885944,0.40672141017023006,0.36311967820109126,0.5598986027924131,ETTh1,raw,15336,15432,raw:15336:4,mid,high
5,0.638234876217223,0.16629996954601803,0.6236034961327257,0.875,0.9617664306229466,3.4403284650885944,0.40672141017023006,0.47604611396532226,0.7478292802643921,ETTh1,raw,15336,15432,raw:15336:5,high,high
6,0.832237705247477,0.4513715329702808,0.25507451352767363,0.125,0.6219490698512696,3.4403284650885944,0.40672141017023006,0.5128945839151439,0.38455682667383323,ETTh1,raw,15336,15432,raw:15336:6,high,low
0,0.672900835783021,0.0425366593288144,0.20730438102659035,0.25,0.7234197459235947,3.0548227510234396,0.34247045793312253,0.3075806253794752,0.4386300679522391,ETTh1,raw,15384,15480,raw:15384:0,mid,low
1,0.3499951721309368,0.32917837511781534,0.5916031676441725,0.625,0.8990193418917769,3.0548227510234396,0.34247045793312253,0.42359223829764153,0.6221632666082998,ETTh1,raw,15384,15480,raw:15384:1,high,high
2,0.40509052758212893,0.02339660053425155,0.1725185790735471,0.25,0.7225280326612715,3.0548227510234396,0.34247045793312253,0.20033523572997583,0.43833283019813135,ETTh1,raw,15384,15480,raw:15384:2,low,low
3,0.2369673372504345,0.3685358828987024,0.5891781724187078,0.5,0.8981385678266464,3.0548227510234396,0.34247045793312253,0.39822713085594824,0.5802030085865897,ETTh1,raw,15384,15480,raw:15384:3,high,high
4,0.5871779234617448,0.3865063361017259,0.5244358711221686,0.625,0.8864065433949739,3.0548227510234396,0.34247045793312253,0.4993733768952131,0.6179590004426988,ETTh1,raw,15384,15480,raw:15384:4,high,high
5,0.5923548765541617,0.17739838508073041,0.8656640387385736,1.0,0.9731654138465053,3.0548227510234396,0.34247045793312253,0.5451391001244885,0.7718786239265426,ETTh1,raw,15384,15480,raw:15384:5,high,high
6,0.759385189620139,0.039950203088398806,0.0042613242803353785,0.125,0.6640899437789617,3.0548227510234396,0.34247045793312253,0.26786557232962444,0.3771868005706947,ETTh1,raw,15384,15480,raw:15384:6,low,low
0,0.4837054876910907,0.12506083068703105,0.5309333992965033,0.25,0.5738589212633933,3.4817599556240584,0.41362665858129866,0.3798999058915417,0.412495193281564,ETTh1,raw,15408,15504,raw:15408:0,high,low
1,0.5910126224230303,0.14650130551975682,0.581526954629177,0.25,0.8270021988164649,3.4817599556240584,0.41362665858129866,0.43968029419065474,0.4968762857992545,ETTh1,raw,15408,15504,raw:15408:1,high,mid
2,0.4956216446141416,0.15566897237479668,0.12032062140719159,0.25,0.5596175201227462,3.4817599556240584,0.41362665858129866,0.2572037461320433,0.40774805956801496,ETTh1,raw,15408,15504,raw:15408:2,low,low
3,0.44185012420294123,0.11046416356724975,0.6143832051996935,0.25,0.8339533629262862,3.4817599556240584,0.41362665858129866,0.38889916432329485,0.4991933405025282,ETTh1,raw,15408,15504,raw:15408:3,high,mid
4,0.5801954377128326,0.20381217444783495,0.399786051846816,0.875,0.8705427631809931,3.4817599556240584,0.41362665858129866,0.3945978880024945,0.7197231405874306,ETTh1,raw,15408,15504,raw:15408:4,high,high
5,0.2994091904754914,0.09689007662246994,0.5473771798114166,0.875,0.8854071964583913,3.4817599556240584,0.41362665858129866,0.3145588156364593,0.7246779516798966,ETTh1,raw,15408,15504,raw:15408:5,mid,high
6,0.38381082930816535,0.04627083013940009,0.1235580228175649,0.0,0.6197948537532799,3.4817599556240584,0.41362665858129866,0.18454656075504347,0.3444738374448595,ETTh1,raw,15408,15504,raw:15408:6,low,low
0,0.7583262466786442,0.21239715202046555,0.24285627549856842,0.25,0.5307292363219624,3.2462076902154817,0.37436794774530036,0.4045265580658927,0.3850323946890876,ETTh1,raw,15432,15528,raw:15432:0,high,low
1,0.5503436717770664,0.1605442555533768,0.2913120016866765,0.25,0.8295322936417197,3.2462076902154817,0.37436794774530036,0.3340666430057066,0.4846334137956734,ETTh1,raw,15432,15528,raw:15432:1,mid,mid
2,0.5839736471582009,0.22640584467937064,0.13984998111347408,0.25,0.4919767742963756,3.2462076902154817,0.37436794774530036,0.31674315765034855,0.37211490734722535,ETTh1,raw,15432,15528,raw:15432:2,mid,low
3,0.5815127479879362,0.11631834061712386,0.34741906431029757,0.25,0.8456015688922369,3.2462076902154817,0.37436794774530036,0.3484167176384525,0.4899898388791791,ETTh1,raw,15432,15528,raw:15432:3,mid,mid
4,0.4575989783457458,0.46026652932306067,0.5906264823502598,0.75,0.9067023354517221,3.2462076902154817,0.37436794774530036,0.5028306633396887,0.6770234277323408,ETTh1,raw,15432,15528,raw:15432:4,high,high
5,0.3809337111477381,0.2981003541260902,0.5162289935916955,0.5,0.8368118763084029,3.2462076902154817,0.37436794774530036,0.39842101962184123,0.5703932746845678,ETTh1,raw,15432,15528,raw:15432:5,high,high
6,0.8177567352498747,0.23575300994085546,0.06084110949844296,0.25,0.6710209112138004,3.2462076902154817,0.37436794774530036,0.371450284896391,0.43179628631970024,ETTh1,raw,15432,15528,raw:15432:6,mid,low
0,0.1134391717304013,0.004882860377079776,0.11568010413785947,0.25,0.29306705978707775,2.971877591457104,0.3286462646951069,0.07800071208178018,0.29057110816072823,ETTh1,raw,15480,15576,raw:15480:0,low,low
1,0.5474875366687748,0.18243307925851937,0.4897691789471668,0.375,0.7994103087479507,2.971877591457104,0.3286462646951069,0.40656326495815365,0.5010188578143525,ETTh1,raw,15480,15576,raw:15480:1,high,mid
2,0.02612219650511105,0.0034264724523122387,0.15100606152651394,0.25,0.2733579322730406,2.971877591457104,0.3286462646951069,0.06018491016131241,0.28400139898938254,ETTh1,raw,15480,15576,raw:15480:2,low,low
3,0.7353442786477218,0.21689123813967712,0.358890770718086,0.5,0.8233927732521489,2.971877591457104,0.3286462646951069,0.4370420958351617,0.5506796793157519,ETTh1,raw,15480,15576,raw:15480:3,high,mid
4,0.24876519002380992,0.10939203314126551,0.404350508675316,0.5,0.6800993501338154,2.971877591457104,0.3286462646951069,0.25416924394679713,0.5029152049429741,ETTh1,raw,15480,15576,raw:15480:4,low,mid
5,0.2064702901614789,0.20787210520576724,0.2887821494827278,0.75,0.7681734451652947,2.971877591457104,0.3286462646951069,0.23437484828332464,0.6156065699534673,ETTh1,raw,15480,15576,raw:15480:5,low,high
6,0.8713800399644155,0.06340921312876638,0.022720603235901332,0.5,0.8618132865913288,2.971877591457104,0.3286462646951069,0.3191699521096944,0.5634865170954786,ETTh1,raw,15480,15576,raw:15480:6,mid,high
0,0.10568036756308563,0.008086655844018508,0.30962506638125525,0.25,0.30391851891724053,3.4337328151172803,0.40562213517684315,0.1411306965961198,0.31984688469802786,ETTh1,raw,15504,15600,raw:15504:0,low,low
1,0.3816906229481981,0.08590619874885222,0.6161468213681817,0.625,0.669879594321353,3.4337328151172803,0.40562213517684315,0.36124788102174393,0.5668339098327321,ETTh1,raw,15504,15600,raw:15504:1,mid,high
2,0.053226581944871065,0.005748268266786457,0.2051595720709724,0.25,0.28250557261792547,3.4337328151172803,0.40562213517684315,0.08804480742754332,0.31270923593158956,ETTh1,raw,15504,15600,raw:15504:2,low,low
3,0.5163826625833345,0.07576243890506752,0.4623005297706378,0.625,0.7170716909665161,3.4337328151172803,0.40562213517684315,0.3514818770863466,0.5825646087144531,ETTh1,raw,15504,15600,raw:15504:3,mid,high
4,0.050808693793632065,0.06324150596337808,0.3386366124236665,0.5,0.6917631360073764,3.4337328151172803,0.40562213517684315,0.15089560406022554,0.5324617570614065,ETTh1,raw,15504,15600,raw:15504:4,low,mid
5,0.09226228646890722,0.1275300493620562,0.6712407874084411,0.75,0.7664152142076973,3.4337328151172803,0.40562213517684315,0.2970110410798015,0.6406791164615134,ETTh1,raw,15504,15600,raw:15504:5,mid,high
6,0.7706787478381747,0.24274266416661633,0.17945567432091025,0.25,0.7768204488571578,3.4337328151172803,0.40562213517684315,0.39762569544190046,0.47748086134466705,ETTh1,raw,15504,15600,raw:15504:6,high,mid
0,0.48410094715694996,0.0676092989320018,0.46943695037890926,0.25,0.48455621719386155,2.711095572973616,0.28518259502029836,0.3403823988226204,0.33991293740472,ETTh1,raw,15552,15648,raw:15552:0,mid,low
1,0.2469604299203061,0.061210320404283786,0.5964803916235099,0.375,0.6623149889562674,2.711095572973616,0.28518259502029836,0.30155038064936657,0.4408325279921886,ETTh1,raw,15552,15648,raw:15552:1,mid,low
2,0.5154445573148667,0.08418576852577726,0.48204558078635557,0.25,0.4780998012310569,2.711095572973616,0.28518259502029836,0.3605586355423332,0.3377607987504518,ETTh1,raw,15552,15648,raw:15552:2,mid,low
3,0.41497653143397306,0.08145364339247031,0.5450598752033177,0.25,0.6681469222931726,2.711095572973616,0.28518259502029836,0.3471633500099203,0.40110983910449033,ETTh1,raw,15552,15648,raw:15552:3,mid,low
4,0.22472745157202367,0.19238700915951823,0.4481226501289131,0.625,0.7938059100724892,2.711095572973616,0.28518259502029836,0.2884123702868184,0.5679961683642626,ETTh1,raw,15552,15648,raw:15552:4,mid,high
5,0.29822836316611845,0.22462374964463122,0.4926703346188695,1.0,0.8125196048025166,2.711095572973616,0.28518259502029836,0.3385074824765397,0.6992340666076049,ETTh1,raw,15552,15648,raw:15552:5,mid,high
6,0.90717288556039,0.2275373748337718,0.027779851318422286,0.125,0.8169253255792144,2.711095572973616,0.28518259502029836,0.3874967039041947,0.40903597353317095,ETTh1,raw,15552,15648,raw:15552:6,high,low
0,0.22178182522987122,0.0810535963771372,0.32543524879418806,0.25,0.5222493133856724,3.1393364000592445,0.35655606608228063,0.2094235568003988,0.37626845982265095,ETTh1,raw,15576,15672,raw:15576:0,low,low
1,0.18608313218351058,0.05550785482172531,0.4417400984656365,0.375,0.6261677092053858,3.1393364000592445,0.35655606608228063,0.2277770284902908,0.45257459176255543,ETTh1,raw,15576,15672,raw:15576:1,low,low
2,0.4340414296025311,0.08692616986957691,0.2598350339089653,0.25,0.5455425413693035,3.1393364000592445,0.35655606608228063,0.26026754446035777,0.3840328691505281,ETTh1,raw,15576,15672,raw:15576:2,low,low
3,0.2503135187254395,0.06741852482612279,0.6461012261214011,0.25,0.6534620111339433,3.1393364000592445,0.35655606608228063,0.32127775655765445,0.4200060257387413,ETTh1,raw,15576,15672,raw:15576:3,mid,low
4,0.1447652781379989,0.13027078570333098,0.451831463380067,0.625,0.773167552583454,3.1393364000592445,0.35655606608228063,0.24228917574046563,0.5849078728885783,ETTh1,raw,15576,15672,raw:15576:4,low,high
5,0.4901575754220012,0.19380680487708585,0.5621239705947132,0.875,0.7895155551818676,3.1393364000592445,0.35655606608228063,0.4153627836312668,0.6736905404213828,ETTh1,raw,15576,15672,raw:15576:5,high,high
6,0.9141425805017103,0.11899287375054698,0.016234890927346503,0.125,0.6202050468178265,3.1393364000592445,0.35655606608228063,0.3497901150598679,0.36725370430003573,ETTh1,raw,15576,15672,raw:15576:6,mid,low
0,0.3087355307454761,0.09897356966858278,0.3255715145888326,0.25,0.6325872804933181,3.4175889002765385,0.4029314827078706,0.24442687166763047,0.4285062544003962,ETTh1,raw,15600,15696,raw:15600:0,low,low
1,0.2658913979527341,0.08664914937544665,0.2984710726276919,0.25,0.5964817077069838,3.4175889002765385,0.4029314827078706,0.21700387331862422,0.41647106347161816,ETTh1,raw,15600,15696,raw:15600:1,low,low
2,0.20459628501900684,0.1073530757647461,0.3079221019285964,0.25,0.6534635677553093,3.4175889002765385,0.4029314827078706,0.20662382090411646,0.43546501682106004,ETTh1,raw,15600,15696,raw:15600:2,low,low
3,0.23547529621035812,0.0783299615942109,0.2004178978406704,0.25,0.5870823631893641,3.4175889002765385,0.4029314827078706,0.17140771854841316,0.4133379486324116,ETTh1,raw,15600,15696,raw:15600:3,low,low
4,0.33759696102483394,0.22056121479830193,0.42960034155020593,0.75,0.7632013099571692,3.4175889002765385,0.4029314827078706,0.3292528391244473,0.6387109308883466,ETTh1,raw,15600,15696,raw:15600:4,mid,high
5,0.5171328297079962,0.1849294694088252,0.6117098025788987,0.875,0.7959014805955326,3.4175889002765385,0.4029314827078706,0.43792403389857343,0.6912776544344678,ETTh1,raw,15600,15696,raw:15600:5,high,high
6,0.13316318920437775,0.13819896287123912,0.5535347813281486,0.125,0.7055413848289143,3.4175889002765385,0.4029314827078706,0.2749656444679218,0.4111576225122617,ETTh1,raw,15600,15696,raw:15600:6,low,low
0,0.132129470338757,0.07904394175660168,0.16011997063322927,0.25,0.4710647703268128,2.9365977324402937,0.3227662882021051,0.1237644609095293,0.34794368617630594,ETTh1,raw,15648,15744,raw:15648:0,low,low
1,0.17373736489938918,0.06907474885768022,0.43231291686036355,0.375,0.6445020316390306,2.9365977324402937,0.3227662882021051,0.22504167687247767,0.4474227732803786,ETTh1,raw,15648,15744,raw:15648:1,low,low
2,0.3070575184313479,0.08366507820555778,0.1643268622624669,0.375,0.4687788913414271,2.9365977324402937,0.3227662882021051,0.18501648629979087,0.3888483931811774,ETTh1,raw,15648,15744,raw:15648:2,low,low
3,0.09941249399224028,0.0776526694613649,0.44748128236251394,0.5,0.6744701797214502,2.9365977324402937,0.3227662882021051,0.20818214860537307,0.4990788226411851,ETTh1,raw,15648,15744,raw:15648:3,low,mid
4,0.18007301638024786,0.02694190318804325,0.3761283020158636,0.5,0.6114051082879776,2.9365977324402937,0.3227662882021051,0.19438107386138492,0.47805713216336093,ETTh1,raw,15648,15744,raw:15648:4,low,mid
5,0.5407203085269514,0.10767517470111604,0.4524433078992209,0.5,0.7937007557041387,2.9365977324402937,0.3227662882021051,0.3669462637090961,0.538822347968748,ETTh1,raw,15648,15744,raw:15648:5,mid,mid
6,0.5973182104605567,0.23860608703427033,0.11580731969838913,0.5,0.7654475341749938,2.9365977324402937,0.3227662882021051,0.3172438723977387,0.529404607459033,ETTh1,raw,15648,15744,raw:15648:6,mid,mid
0,0.029619804636462854,0.052246978185562135,0.18200128333026308,0.25,0.38086596755651053,3.0304396695409426,0.33840661102614605,0.0879560220507627,0.3230908595275522,ETTh1,raw,15672,15768,raw:15672:0,low,low
1,0.22796030895173347,0.07634552030650996,0.1559158967648349,0.375,0.6527286297550594,3.0304396695409426,0.33840661102614605,0.15340724200769276,0.45537841359373515,ETTh1,raw,15672,15768,raw:15672:1,low,mid
2,0.033983051090942906,0.0649638054047389,0.15084750503113328,0.25,0.3726342823193642,3.0304396695409426,0.33840661102614605,0.08326478717560502,0.32034696444850347,ETTh1,raw,15672,15768,raw:15672:2,low,low
3,0.1332657955393608,0.07184834361601575,0.2263877584974718,0.375,0.6568605019541663,3.0304396695409426,0.33840661102614605,0.1438339658842828,0.45675570432677076,ETTh1,raw,15672,15768,raw:15672:3,low,mid
4,0.22595774178392014,0.08154617338225073,0.3513570319121656,0.5,0.6373020108378283,3.0304396695409426,0.33840661102614605,0.21962031569277882,0.4919028739546582,ETTh1,raw,15672,15768,raw:15672:4,low,mid
5,0.3694225716670285,0.21070283376418603,0.5244176485808969,0.75,0.8529667180848604,3.0304396695409426,0.33840661102614605,0.3681810180040372,0.6471244430370021,ETTh1,raw,15672,15768,raw:15672:5,mid,high
6,0.7300089039840212,0.1293128682843201,0.6356022192073845,0.375,0.5729968191310132,3.0304396695409426,0.33840661102614605,0.49830799715857527,0.42880114338571973,ETTh1,raw,15672,15768,raw:15672:6,high,low
0,0.058842022402622374,0.03153714945698439,0.18086690760710758,0.25,0.3401586615325174,2.790568320961346,0.2984280529961776,0.0904153598222381,0.296195571509565,ETTh1,raw,15720,15816,raw:15720:0,low,low
1,0.2082719029165786,0.05466783812585452,0.3568962211861995,0.375,0.6274959039074641,2.790568320961346,0.2984280529961776,0.20661198740954423,0.43364131896788055,ETTh1,raw,15720,15816,raw:15720:1,low,low
2,0.02886382239964924,0.03896056146713955,0.24347461435469733,0.25,0.325800657141234,2.790568320961346,0.2984280529961776,0.10376633274049536,0.29140957004580387,ETTh1,raw,15720,15816,raw:15720:2,low,low
3,0.12317061202571,0.058140964342784235,0.4676905092970488,0.375,0.6546146614347487,2.790568320961346,0.2984280529961776,0.21633402855518102,0.4426809048103088,ETTh1,raw,15720,15816,raw:15720:3,low,low
4,0.39584288116660316,0.05656524762848407,0.3954506855952774,0.375,0.6796826295571206,2.790568320961346,0.2984280529961776,0.2826196047967882,0.4510368941844327,ETTh1,raw,15720,15816,raw:15720:4,mid,low
5,0.37268676298727066,0.2101580158364568,0.3429244374495356,0.5,0.8820193438919276,2.790568320961346,0.2984280529961776,0.30858973875775436,0.560149132296035,ETTh1,raw,15720,15816,raw:15720:5,mid,high
6,0.31978718597717515,0.03932757111148527,0.7725025704095252,0.125,0.41642111812447447,2.790568320961346,0.2984280529961776,0.3772057758327285,0.27994972370688403,ETTh1,raw,15720,15816,raw:15720:6,high,low
0,0.25526257044067224,0.06209736036861225,0.16179579874853714,0.25,0.4076291240826035,2.8087619625699314,0.3014603265925547,0.15971857651927387,0.31969648355838604,ETTh1,raw,15744,15840,raw:15744:0,low,low
1,0.4432590406323318,0.0535825499164527,0.4980223354116731,0.375,0.6163006592544126,2.8087619625699314,0.3014603265925547,0.3316213086534859,0.43092032861565577,ETTh1,raw,15744,15840,raw:15744:1,mid,low
2,0.18299582515210833,0.06943050006808345,0.10781638469916108,0.25,0.4012737914071593,2.8087619625699314,0.3014603265925547,0.12008090330645094,0.31757803933323797,ETTh1,raw,15744,15840,raw:15744:2,low,low
3,0.47026719781007187,0.044608325188094114,0.31604757422669416,0.375,0.660075518492718,2.8087619625699314,0.3014603265925547,0.27697436574162004,0.44551194836175756,ETTh1,raw,15744,15840,raw:15744:3,low,low
4,0.2827789649871487,0.10266401110488452,0.3469125315437946,0.375,0.6399307140479427,2.8087619625699314,0.3014603265925547,0.24411850254527598,0.4387970135468324,ETTh1,raw,15744,15840,raw:15744:4,low,low
5,0.42989475164996516,0.15216519091943698,0.29890530289911876,0.5,0.7418372941047989,2.8087619625699314,0.3014603265925547,0.29365508182284034,0.5144325402324512,ETTh1,raw,15744,15840,raw:15744:5,mid,mid
6,0.35169218771615285,0.46620882284242626,0.46764968616031816,0.25,0.6595727858847332,2.8087619625699314,0.3014603265925547,0.42851689890629907,0.403677704159096,ETTh1,raw,15744,15840,raw:15744:6,high,low
0,0.2691627648161188,0.018897632736471704,0.22749065859812845,0.125,0.5035009791042336,3.0739052463371412,0.34565087381343873,0.17185035205023966,0.3247172843058908,ETTh1,raw,15792,15888,raw:15792:0,low,low
1,0.3016533093039334,0.06490653912799874,0.3124810104229388,0.375,0.5938555817703951,3.0739052463371412,0.34565087381343873,0.22634695295162363,0.43816881852794465,ETTh1,raw,15792,15888,raw:15792:1,low,low
2,0.521612719865415,0.03136232970894687,0.15101888786194775,0.125,0.507355314817009,3.0739052463371412,0.34565087381343873,0.23466464581210322,0.32600206287681593,ETTh1,raw,15792,15888,raw:15792:2,low,low
3,0.4043873704081177,0.07736470030674322,0.32528025457169935,0.375,0.7282238123072995,3.0739052463371412,0.34565087381343873,0.2690107750955201,0.48295822870691274,ETTh1,raw,15792,15888,raw:15792:3,low,mid
4,0.3450635801040298,0.06579704905991593,0.3160776646976159,0.375,0.6631128361078661,3.0739052463371412,0.34565087381343873,0.24231276462052054,0.46125456997376824,ETTh1,raw,15792,15888,raw:15792:4,low,mid
5,0.2653958566031276,0.1806381344881305,0.36374042708229093,0.5,0.8018092302570885,3.0739052463371412,0.34565087381343873,0.2699248060578497,0.5491533680235091,ETTh1,raw,15792,15888,raw:15792:5,low,mid
6,0.7933815968719431,0.14510771081385257,0.2656182796344504,0.125,0.7724659292881647,3.0739052463371412,0.34565087381343873,0.40136919577341534,0.41437226770053454,ETTh1,raw,15792,15888,raw:15792:6,high,low
0,0.2312344990368419,0.0831638330537403,0.28079011541572285,0.375,0.5793654209796754,3.0550527601784108,0.34250879279222046,0.19839614916876835,0.4322914045906319,ETTh1,raw,15816,15912,raw:15816:0,low,low
1,0.31023616680897004,0.07918666840952261,0.03459730723224588,0.375,0.6639563715819687,3.0550527601784108,0.34250879279222046,0.1413400474835795,0.46048838812472975,ETTh1,raw,15816,15912,raw:15816:1,low,mid
2,0.3819153667598014,0.09305348501149552,0.26848627184145984,0.375,0.5961182933054924,3.0550527601784108,0.34250879279222046,0.2478183745375856,0.43787569536590426,ETTh1,raw,15816,15912,raw:15816:2,low,low
3,0.4190479281611763,0.12642452304208185,0.10058412413673842,0.375,0.7573189973604089,3.0550527601784108,0.34250879279222046,0.21535219177999887,0.4916092633842098,ETTh1,raw,15816,15912,raw:15816:3,low,mid
4,0.09967946924694004,0.08592949414724471,0.3890729474010379,0.375,0.6865902940323257,3.0550527601784108,0.34250879279222046,0.19156063693174089,0.4680330289415154,ETTh1,raw,15816,15912,raw:15816:4,low,mid
5,0.38560282432083226,0.21488247989951909,0.5371866593561011,0.5,0.8234239965966464,3.0550527601784108,0.34250879279222046,0.3792239878588175,0.5553109297962889,ETTh1,raw,15816,15912,raw:15816:5,high,mid
6,0.8865471292623921,0.42538759393079,0.1852487702841767,0.0,0.6803797363314841,3.0550527601784108,0.34250879279222046,0.49906116449245297,0.3409628430412348,ETTh1,raw,15816,15912,raw:15816:6,high,low
0,0.2180414958036332,0.11210263046202609,0.18400057559542735,0.25,0.5999443668837483,3.423376656618003,0.4038961087631736,0.17138156728702889,0.41794682521564064,ETTh1,raw,15840,15936,raw:15840:0,low,low
1,0.38745380229496484,0.13930225722368275,0.10081605476642712,0.25,0.7179542007213935,3.423376656618003,0.4038961087631736,0.20919070476169155,0.4572834364948557,ETTh1,raw,15840,15936,raw:15840:1,low,mid
2,0.4641391505812813,0.132734088692813,0.1447264491697475,0.25,0.6190723441374694,3.423376656618003,0.4038961087631736,0.24719989614794727,0.4243228176335476,ETTh1,raw,15840,15936,raw:15840:2,low,low
3,0.501041277688581,0.11259224399079922,0.265985188455983,0.375,0.792089159222513,3.423376656618003,0.4038961087631736,0.29320623671178775,0.5236617559952289,ETTh1,raw,15840,15936,raw:15840:3,mid,mid
4,0.5366235651115807,0.1299828182593334,0.4193219246861193,0.5,0.7044752856177923,3.423376656618003,0.4038961087631736,0.3619761026856778,0.5361237981269886,ETTh1,raw,15840,15936,raw:15840:4,mid,mid
5,0.3827464087530682,0.44079568164683863,0.49250824755980127,0.75,0.9244037151268836,3.423376656618003,0.4038961087631736,0.4386834459865694,0.6927666079633523,ETTh1,raw,15840,15936,raw:15840:5,high,high
6,0.6802018312569009,0.32545562248686366,0.6257903391709192,0.0,0.568539521083736,3.423376656618003,0.4038961087631736,0.5438159309715612,0.32414520994896984,ETTh1,raw,15840,15936,raw:15840:6,high,low
0,0.14948820596948031,0.031745695097731993,0.27793973935773725,0.25,0.4290722053702674,3.0585632060545342,0.3430938671039326,0.15305788014164987,0.3407220241580666,ETTh1,raw,15888,15984,raw:15888:0,low,low
1,0.17175635257260158,0.0560679669242246,0.46421861478784265,0.5,0.7373664722407967,3.0585632060545342,0.3430938671039326,0.2306809780948896,0.5268201131149097,ETTh1,raw,15888,15984,raw:15888:1,low,mid
2,0.04033816756187769,0.035312243607421044,0.25090853789711365,0.25,0.422653315969921,3.0585632060545342,0.3430938671039326,0.10885298302213746,0.3385823943579512,ETTh1,raw,15888,15984,raw:15888:2,low,low
3,0.18044053660220993,0.06447968444503818,0.5124871302450235,0.5,0.7329491716030706,3.0585632060545342,0.3430938671039326,0.25246911709742387,0.525347679569001,ETTh1,raw,15888,15984,raw:15888:3,low,mid
4,0.1265311193636819,0.08089455657316919,0.39746578105535674,0.5,0.7344489343362897,3.0585632060545342,0.3430938671039326,0.20163048566406927,0.5258476004800741,ETTh1,raw,15888,15984,raw:15888:4,low,mid
5,0.3495776667961825,0.3421937586826601,0.3300782005792062,1.0,0.8656191539147535,3.0585632060545342,0.3430938671039326,0.34061654201934966,0.7362376736728954,ETTh1,raw,15888,15984,raw:15888:5,mid,high
6,0.6818314837089431,0.0735320716393016,0.11453094178289766,0.25,0.6752267562952364,3.0585632060545342,0.3430938671039326,0.28996483237704745,0.4227735411330564,ETTh1,raw,15888,15984,raw:15888:6,mid,low
0,0.19076614788604607,0.03160526558304812,0.27109184011224857,0.25,0.3881500288892188,3.349388704326191,0.3915647834017572,0.16448775119378092,0.3432382707636587,ETTh1,raw,15912,16008,raw:15912:0,low,low
1,0.1732963533012446,0.18442599400736837,0.7444031890984961,0.375,0.7804176522236307,3.349388704326191,0.3915647834017572,0.36737517880236964,0.5156608118751292,ETTh1,raw,15912,16008,raw:15912:1,mid,mid
2,0.30847685247761103,0.038760249015156685,0.27071926062470764,0.25,0.3828212027775718,3.349388704326191,0.3915647834017572,0.20598545403915844,0.3414619953931097,ETTh1,raw,15912,16008,raw:15912:2,low,low
3,0.14714634653517378,0.15148436780340596,0.8696452223599442,0.25,0.7926727178783569,3.349388704326191,0.3915647834017572,0.3894253122328413,0.47807916709337134,ETTh1,raw,15912,16008,raw:15912:3,high,mid
4,0.31258021752440246,0.13763759315230026,0.40931958486504855,0.375,0.662388939773361,3.349388704326191,0.3915647834017572,0.28651246518058376,0.4763179077250394,ETTh1,raw,15912,16008,raw:15912:4,mid,mid
5,0.4316917802779979,0.3219795701705309,0.5153296808165279,0.75,0.9121619276376073,3.349388704326191,0.3915647834017572,0.4230003437550189,0.6845755703464548,ETTh1,raw,15912,16008,raw:15912:5,high,high
6,0.6168448904601675,0.1658069670350725,0.5147578975645754,0.375,0.7014153492371543,3.349388704326191,0.3915647834017572,0.4324699183532718,0.48932671087963714,ETTh1,raw,15912,16008,raw:15912:6,high,mid
0,0.05439601146778983,0.03220453262316467,0.1078101083794906,0.25,0.3907654114333459,3.433487691610991,0.4055812812591964,0.0648035508234817,0.3487822308975141,ETTh1,raw,15960,16056,raw:15960:0,low,low
1,0.46452619034086573,0.0612916617840574,0.6128454268258815,0.25,0.7387834204076937,3.433487691610991,0.4055812812591964,0.37955442631693487,0.46478823388896334,ETTh1,raw,15960,16056,raw:15960:1,high,mid
2,0.056415189072111405,0.03567701441737513,0.25360237170054933,0.25,0.38108939404247527,3.433487691610991,0.4055812812591964,0.11523152506334529,0.3455568917672239,ETTh1,raw,15960,16056,raw:15960:2,low,low
3,0.5480137305992621,0.06144634705260775,0.5823100975545432,0.25,0.7818288180761126,3.433487691610991,0.4055812812591964,0.39725672506880433,0.4791366997784363,ETTh1,raw,15960,16056,raw:15960:3,high,mid
4,0.24150500481751191,0.04184203520319524,0.3070041081998963,0.5,0.5939503655783406,3.433487691610991,0.4055812812591964,0.19678371607353448,0.4998438822791789,ETTh1,raw,15960,16056,raw:15960:4,low,mid
5,0.22513337084130625,0.09571304756078754,0.4958399143349832,0.75,0.8011336161204319,3.433487691610991,0.4055812812591964,0.2722287775790257,0.6522382991265427,ETTh1,raw,15960,16056,raw:15960:5,low,high
6,0.6657548681119521,0.10452109838513926,0.4036434692512663,0.375,0.6758971668568455,3.433487691610991,0.4055812812591964,0.39130647858278583,0.48549281603868066,ETTh1,raw,15960,16056,raw:15960:6,high,mid
0,0.09054358425466769,0.040286998111051575,0.2718667821849236,0.25,0.41028965467710793,3.5871433395222567,0.4311905558683919,0.1342324548502143,0.3638267368485,ETTh1,raw,15984,16080,raw:15984:0,low,low
1,0.4651079534251954,0.06339713748787427,0.4129850488584794,0.25,0.583866300816967,3.5871433395222567,0.4311905558683919,0.31383004659051633,0.42168561889511963,ETTh1,raw,15984,16080,raw:15984:1,mid,low
2,0.09619289230192252,0.04497359440156588,0.14351336616450291,0.25,0.41301380782257685,3.5871433395222567,0.4311905558683919,0.09489328428933046,0.3647347878969896,ETTh1,raw,15984,16080,raw:15984:2,low,low
3,0.6291915486643669,0.1205304660568941,0.4447769552899299,0.375,0.6328081164735372,3.5871433395222567,0.4311905558683919,0.3981663233370636,0.4796662241139764,ETTh1,raw,15984,16080,raw:15984:3,high,mid
4,0.2809669247384253,0.03234957761006604,0.41194167914342505,0.5,0.5812936732297295,3.5871433395222567,0.4311905558683919,0.24175272716397211,0.5041614096993737,ETTh1,raw,15984,16080,raw:15984:4,low,mid
5,0.18607650424085087,0.12788723179870765,0.5397628281995073,0.375,0.7294109255497704,3.5871433395222567,0.4311905558683919,0.28457552141302195,0.5118671604727207,ETTh1,raw,15984,16080,raw:15984:5,mid,mid
6,0.6303514947891378,0.2748063876978437,0.23153751208862183,0.375,0.9132363544965095,3.5871433395222567,0.4311905558683919,0.37889846485853446,0.5731423034549671,ETTh1,raw,15984,16080,raw:15984:6,high,high
0,0.09599325511606094,0.020423610255080958,0.18827828955532597,0.25,0.43010042558894007,3.5019445660646356,0.416990760315788,0.10156505164215596,0.3656970619682427,ETTh1,raw,16008,16104,raw:16008:0,low,low
1,0.24076249095194735,0.06822890668471689,0.591917380200949,0.375,0.6047486593505469,3.5019445660646356,0.416990760315788,0.3003029259458711,0.465579806555445,ETTh1,raw,16008,16104,raw:16008:1,mid,mid
2,0.23306949686251188,0.03040636045878168,0.1465106089791411,0.25,0.44551996638314323,3.5019445660646356,0.416990760315788,0.13666215543347823,0.37083690889964377,ETTh1,raw,16008,16104,raw:16008:2,low,low
3,0.3517931569085406,0.09674482649747078,0.8050489046505919,0.5,0.670231841808567,3.5019445660646356,0.416990760315788,0.41786229601886776,0.5290742007081184,ETTh1,raw,16008,16104,raw:16008:3,high,mid
4,0.31611707391372135,0.04602673593599933,0.3401032839627395,0.375,0.6226680689812879,3.5019445660646356,0.416990760315788,0.23408236460415335,0.4715529430990253,ETTh1,raw,16008,16104,raw:16008:4,low,mid
5,0.11881666572678717,0.13470203938370623,0.47974100214117815,0.375,0.8768727103233878,3.5019445660646356,0.416990760315788,0.24441990241722386,0.556287823546392,ETTh1,raw,16008,16104,raw:16008:5,low,mid
6,0.7591165175084079,0.18920919024565458,0.3806891432969363,0.125,0.7837844089987098,3.5019445660646356,0.416990760315788,0.443004950350333,0.441925056438166,ETTh1,raw,16008,16104,raw:16008:6,high,low
0,0.2527769839091403,0.04750180646148636,0.32943745989356,0.25,0.4019103588878222,3.5169226152429514,0.41948710184134674,0.20990541675472887,0.357132486909723,ETTh1,raw,16056,16152,raw:16056:0,low,low
1,0.25746453448296147,0.07859485481916648,0.31949203328037884,0.25,0.6699933223891986,3.5169226152429514,0.41948710184134674,0.2185171408608356,0.44649347474351514,ETTh1,raw,16056,16152,raw:16056:1,low,low
2,0.401671013240571,0.05755582403838341,0.3290556672096347,0.25,0.41012342260910584,3.5169226152429514,0.41948710184134674,0.26276083482952967,0.35987017481681755,ETTh1,raw,16056,16152,raw:16056:2,low,low
3,0.2689169322486875,0.09633959779913352,0.4134129337716302,0.375,0.6882581682645638,3.5169226152429514,0.41948710184134674,0.25955648793981706,0.49424842336863684,ETTh1,raw,16056,16152,raw:16056:3,low,mid
4,0.4499052509402438,0.08196790471919789,0.3505118101488064,0.5,0.7037373790985144,3.5169226152429514,0.41948710184134674,0.2941283219360827,0.5410748269799538,ETTh1,raw,16056,16152,raw:16056:4,mid,mid
5,0.3025867655494491,0.2093200145708402,0.43756057782738594,0.625,0.9256794702136567,3.5169226152429514,0.41948710184134674,0.3164891193158917,0.656722190685001,ETTh1,raw,16056,16152,raw:16056:5,mid,high
6,0.2255617503130184,0.265839972414831,0.20633304635928573,0.125,0.7794267945537421,3.5169226152429514,0.41948710184134674,0.2325782563623784,0.4413046321316963,ETTh1,raw,16056,16152,raw:16056:6,low,low
0,0.030427236699948623,0.03557689963276163,0.2762311225142801,0.25,0.48358359625192376,3.4893265636808017,0.41488775992198734,0.11407841961566345,0.3828237853913037,ETTh1,raw,16080,16176,raw:16080:0,low,low
1,0.4780299254201459,0.08772579608924477,0.4444673081509884,0.375,0.6797210529798695,3.4893265636808017,0.41488775992198734,0.33674100988679306,0.489869604300619,ETTh1,raw,16080,16176,raw:16080:1,mid,mid
2,0.10849008672481275,0.033188598737474234,0.29206603443816825,0.25,0.4910287290692247,3.4893265636808017,0.41488775992198734,0.14458157330015176,0.38530549633040395,ETTh1,raw,16080,16176,raw:16080:2,low,low
3,0.4831255826179498,0.07180576283428416,0.45610473771867577,0.375,0.6929783527082016,3.4893265636808017,0.41488775992198734,0.3370120277236366,0.494288704210063,ETTh1,raw,16080,16176,raw:16080:3,mid,mid
4,0.10417813691972222,0.10292526989752923,0.41496820314489,0.375,0.7309334880550614,3.4893265636808017,0.41488775992198734,0.20735720332071383,0.5069404159923496,ETTh1,raw,16080,16176,raw:16080:4,low,mid
5,0.12646280114976083,0.5328656643498576,0.515170446868821,0.875,0.9232255454285079,3.4893265636808017,0.41488775992198734,0.3914996374561464,0.7377044351168317,ETTh1,raw,16080,16176,raw:16080:5,high,high
6,0.5882356389128529,0.0571056696891296,0.37635190265697116,0.25,0.870301257083858,3.4893265636808017,0.41488775992198734,0.3405644037529845,0.5117296723352818,ETTh1,raw,16080,16176,raw:16080:6,mid,mid
0,0.58047031166149,0.12418346326337841,0.1587399224847821,0.375,0.6022522471381021,3.2082427255122634,0.36804045363864313,0.28779789913655013,0.4484309002589151,ETTh1,raw,16128,16224,raw:16128:0,mid,low
1,0.3505966316954906,0.26591544554590274,0.35709783116747523,0.25,0.7745615242059262,3.2082427255122634,0.36804045363864313,0.3245366361362895,0.4642006592815231,ETTh1,raw,16128,16224,raw:16128:1,mid,mid
2,0.517813008275351,0.10717951227233226,0.08572038083205905,0.25,0.5901812863442567,3.2082427255122634,0.36804045363864313,0.2369043004599141,0.40274057999429996,ETTh1,raw,16128,16224,raw:16128:2,low,low
3,0.19264783735718405,0.23945073222357638,0.23909517067762567,0.25,0.790522278330632,3.2082427255122634,0.36804045363864313,0.22373124675279535,0.4695209106564251,ETTh1,raw,16128,16224,raw:16128:3,low,mid
4,0.7372805978223089,0.6330603345719008,0.6583461266709971,0.375,0.8024733967407369,3.2082427255122634,0.36804045363864313,0.6762290196884022,0.5151712834597933,ETTh1,raw,16128,16224,raw:16128:4,high,mid
5,0.38768354932145854,0.13531004755663972,0.5049339483131118,0.375,0.7366683703644766,3.2082427255122634,0.36804045363864313,0.34264251506373666,0.49323627466770664,ETTh1,raw,16128,16224,raw:16128:5,mid,mid
6,0.7249925397193011,0.3491052854073591,0.7538198141564997,0.375,0.8382904926438629,3.2082427255122634,0.36804045363864313,0.6093058797610533,0.527110315427502,ETTh1,raw,16128,16224,raw:16128:6,high,mid
0,0.45083306673389767,0.0908647159675327,0.5413796634472393,0.25,0.7352300972145839,3.7301537249426118,0.4550256200653926,0.36102581538288997,0.48008523909332546,ETTh1,raw,16152,16248,raw:16152:0,mid,mid
1,0.4734769838786381,0.1675423215433302,0.22362347583215503,0.25,0.7743209576478791,3.7301537249426118,0.4550256200653926,0.28821426041804116,0.4931155259044239,ETTh1,raw,16152,16248,raw:16152:1,mid,mid
2,0.5239604016396346,0.08368581949359499,0.5014607870544909,0.25,0.7257898243393273,3.7301537249426118,0.4550256200653926,0.3697023360625735,0.47693848146823997,ETTh1,raw,16152,16248,raw:16152:2,mid,mid
3,0.5313800071831021,0.1511004988084733,0.1794641727267253,0.25,0.7633772662202887,3.7301537249426118,0.4550256200653926,0.28731489290610024,0.48946762876189376,ETTh1,raw,16152,16248,raw:16152:3,mid,mid
4,0.3230153671116519,0.2318159854825535,0.17915099205366297,0.875,0.9738989657338613,3.7301537249426118,0.4550256200653926,0.24466078154928947,0.7679748619330846,ETTh1,raw,16152,16248,raw:16152:4,low,high
5,0.6362909765690897,0.2303810927333783,0.12186752908224685,0.125,0.783332418215309,3.7301537249426118,0.4550256200653926,0.32951319946157165,0.45445267942690054,ETTh1,raw,16152,16248,raw:16152:5,mid,mid
6,0.8402029673499993,0.1924262497972658,0.011784144156464152,0.375,0.8469851289155699,3.7301537249426118,0.4550256200653926,0.34813778710124305,0.5590035829936542,ETTh1,raw,16152,16248,raw:16152:6,mid,mid
0,0.7006616583516365,0.2210030317444124,0.5707627033323498,0.25,0.5594334654380845,4.080201587765955,0.5133669304387143,0.4974757978094662,0.4409334652922663,ETTh1,raw,16176,16272,raw:16176:0,high,low
1,0.4976581641277651,0.16643407491322143,0.3111524722789638,0.5,0.85250483697576,4.080201587765955,0.5133669304387143,0.3250815704399834,0.6219572558048247,ETTh1,raw,16176,16272,raw:16176:1,mid,high
2,0.7001957703137202,0.22559775392929754,0.535036154685665,0.25,0.571757015977906,4.080201587765955,0.5133669304387143,0.48694322630956094,0.44504131547220677,ETTh1,raw,16176,16272,raw:16176:2,high,low
3,0.8180395362512294,0.104035993723815,0.250807489363038,0.375,0.8233775835688137,4.080201587765955,0.5133669304387143,0.39096100644602744,0.570581504669176,ETTh1,raw,16176,16272,raw:16176:3,high,high
4,0.4021562814527474,0.164980703472957,0.3929153397249469,0.125,0.8988670820920375,4.080201587765955,0.5133669304387143,0.3200174415502171,0.5124113375102506,ETTh1,raw,16176,16272,raw:16176:4,mid,mid
5,0.3084537965927745,0.17127518941579478,0.1594806231902199,0.25,0.7961572359602147,4.080201587765955,0.5133669304387143,0.21306986973292974,0.519841388799643,ETTh1,raw,16176,16272,raw:16176:5,low,mid
6,0.38219639642621517,0.4966953532807171,0.5148892613311938,0.25,0.8626718984063745,4.080201587765955,0.5133669304387143,0.46459367034604204,0.5420129429483629,ETTh1,raw,16176,16272,raw:16176:6,high,mid
0,0.35694830229813623,0.054392254583974425,0.06436592482707029,0.25,0.5673056533657166,3.838500641404309,0.4730834394455791,0.15856882723639365,0.43012969760376524,ETTh1,raw,16224,16320,raw:16224:0,low,low
1,0.7773625009684949,0.08099703734878944,0.047170065874909614,0.375,0.9094700469916901,3.838500641404309,0.4730834394455791,0.301843201397398,0.5858511621457564,ETTh1,raw,16224,16320,raw:16224:1,mid,high
2,0.3039978657484822,0.04402659532357743,0.1457561411337014,0.25,0.5746812657614805,3.838500641404309,0.4730834394455791,0.164593534068587,0.43258823506901983,ETTh1,raw,16224,16320,raw:16224:2,low,low
3,0.8947094535526339,0.0660214645420779,0.05860952913368259,0.375,0.8968772801299195,3.838500641404309,0.4730834394455791,0.33978014907613147,0.581653573191833,ETTh1,raw,16224,16320,raw:16224:3,mid,high
4,0.8179302135610058,0.12339365315240533,0.3375719383051039,0.5,0.8373017434939536,3.838500641404309,0.4730834394455791,0.42629860167283834,0.603461727646511,ETTh1,raw,16224,16320,raw:16224:4,high,high
5,0.5780474142934008,0.1475527230516176,0.40087591085151597,0.875,0.8254502647941749,3.838500641404309,0.4730834394455791,0.37549201606551147,0.7245112347465846,ETTh1,raw,16224,16320,raw:16224:5,mid,high
6,0.200023992256529,0.2415961633070473,0.2176066315194188,0.125,0.5740489237011962,3.838500641404309,0.4730834394455791,0.21974226236099836,0.39071078771559176,ETTh1,raw,16224,16320,raw:16224:6,low,low
0,0.5898540464323705,0.07836007257302019,0.12399511836281517,0.25,0.5271591607681491,3.2635854261132455,0.3772642370567672,0.26406974578940196,0.3848077992749721,ETTh1,raw,16248,16344,raw:16248:0,low,low
1,0.7402024381333612,0.2711565614820095,0.2542456267212351,0.25,0.9127919241540483,3.2635854261132455,0.3772642370567672,0.4218682087788686,0.5133520537369385,ETTh1,raw,16248,16344,raw:16248:1,high,mid
2,0.34621051238309297,0.08074860854964061,0.0778734951552536,0.25,0.5296645397137117,3.2635854261132455,0.3772642370567672,0.16827753869599574,0.38564292559015967,ETTh1,raw,16248,16344,raw:16248:2,low,low
3,0.6152945025389116,0.30705716794301585,0.2996993452007397,0.375,0.9028818445939232,3.2635854261132455,0.3772642370567672,0.40735033856088904,0.5517153605502301,ETTh1,raw,16248,16344,raw:16248:3,high,mid
4,0.49326000081205423,0.2626988156809772,0.10666886338564809,0.375,0.7710230186232474,3.2635854261132455,0.3772642370567672,0.28754255995955985,0.5077624185600048,ETTh1,raw,16248,16344,raw:16248:4,mid,mid
5,0.5809471526681049,0.19412063298636284,0.3187077235859251,1.0,0.9243213880231653,3.2635854261132455,0.3772642370567672,0.3645918364134643,0.7671952083599775,ETTh1,raw,16248,16344,raw:16248:5,mid,high
6,0.7520294497531481,0.09169424595770215,0.5648983644552769,0.25,0.7128193903085757,3.2635854261132455,0.3772642370567672,0.46954068672204236,0.4466945424551143,ETTh1,raw,16248,16344,raw:16248:6,high,low
0,0.3281132364787772,0.08648859482912227,0.59823992492814,0.25,0.4589121889373322,3.257615292676864,0.37626921481902864,0.33761391874534646,0.3617271345854536,ETTh1,raw,16296,16392,raw:16296:0,mid,low
1,0.32475500545736347,0.07361803957038013,0.6153447938457982,0.375,0.7249396277163966,3.257615292676864,0.37626921481902864,0.33790594629118065,0.49206961417847506,ETTh1,raw,16296,16392,raw:16296:1,mid,mid
2,0.20785713377989934,0.08608909289299727,0.3953456948406333,0.25,0.4719798205695112,3.257615292676864,0.37626921481902864,0.2297639738378433,0.3660830117961799,ETTh1,raw,16296,16392,raw:16296:2,low,low
3,0.20362125505745543,0.11224136863934617,0.42024876275821205,0.375,0.703543950020816,3.257615292676864,0.37626921481902864,0.24537046215167124,0.4849377216132815,ETTh1,raw,16296,16392,raw:16296:3,low,mid
4,0.5880589712752267,0.11468592335517361,0.639987763161037,0.625,0.838004823268598,3.257615292676864,0.37626921481902864,0.4475775525971457,0.6130913460292088,ETTh1,raw,16296,16392,raw:16296:4,high,high
5,0.3122920437095533,0.16983174320052868,0.47746159201801736,1.0,0.8767525714431067,3.257615292676864,0.37626921481902864,0.3198617929760331,0.7510072620873784,ETTh1,raw,16296,16392,raw:16296:5,mid,high
6,0.7761290092019867,0.43136342535214645,0.6132330872981886,0.25,0.8146466651312759,3.257615292676864,0.37626921481902864,0.6069085072841073,0.4803052933167682,ETTh1,raw,16296,16392,raw:16296:6,high,mid
0,0.34858960074918177,0.05312063043406799,0.07338891302630897,0.25,0.4271490921876386,2.9310921427605616,0.3218486899236791,0.15836638140318623,0.33299926070377256,ETTh1,raw,16320,16416,raw:16320:0,low,low
1,0.24294357861691884,0.051003362194263005,0.13620998561090558,0.375,0.7353696540762467,2.9310921427605616,0.3218486899236791,0.1433856421406958,0.4774061146666419,ETTh1,raw,16320,16416,raw:16320:1,low,mid
2,0.29734957259641626,0.08843099973472736,0.07828142336561052,0.25,0.440302951425014,2.9310921427605616,0.3218486899236791,0.15468733189891803,0.33738388044956436,ETTh1,raw,16320,16416,raw:16320:2,low,low
3,0.3788788359088442,0.06799401603771288,0.25224835791303185,0.375,0.6927814989813373,2.9310921427605616,0.3218486899236791,0.23304040328652964,0.46321006296833883,ETTh1,raw,16320,16416,raw:16320:3,low,mid
4,0.4954489229945419,0.17857355909294834,0.5628382156803381,1.0,0.8793911997419744,2.9310921427605616,0.3218486899236791,0.4122868992559428,0.7337466298885512,ETTh1,raw,16320,16416,raw:16320:4,high,high
5,0.1925965994748472,0.18004254234551045,0.661568266441536,1.0,0.8751415952235266,2.9310921427605616,0.3218486899236791,0.3447358027539645,0.7323300950490687,ETTh1,raw,16320,16416,raw:16320:5,mid,high
6,0.8499854610621039,0.10437181765076801,0.006483242762065236,0.375,0.8604525281752919,2.9310921427605616,0.3218486899236791,0.32028017382497903,0.5191004060329903,ETTh1,raw,16320,16416,raw:16320:6,mid,mid
0,0.10847630131318808,0.005012037016422483,0.10790937008714459,0.25,0.27365659122086555,3.246514995959509,0.37441916536921954,0.07379923613891838,0.2993585855300283,ETTh1,raw,16344,16440,raw:16344:0,low,low
1,0.3662267608592088,0.06886800356576005,0.24789971935720553,0.375,0.7467557797479737,3.246514995959509,0.37441916536921954,0.22766482792739148,0.49872498170573104,ETTh1,raw,16344,16440,raw:16344:1,low,mid
2,0.1466387327925408,0.005234034031865473,0.14431292705501964,0.25,0.25978437806663096,3.246514995959509,0.37441916536921954,0.09872856462647532,0.2947345144786168,ETTh1,raw,16344,16440,raw:16344:2,low,low
3,0.44134840422461574,0.09271715801029139,0.24241514617583187,0.375,0.7154781438318449,3.246514995959509,0.37441916536921954,0.2588269028035797,0.48829910306702146,ETTh1,raw,16344,16440,raw:16344:3,low,mid
4,0.581966281544164,0.23441179460703954,0.269787099326144,1.0,0.8974315360927535,3.246514995959509,0.37441916536921954,0.3620550584924492,0.757283567153991,ETTh1,raw,16344,16440,raw:16344:4,mid,high
5,0.4931030399114653,0.13854335916860133,0.5949607813942537,0.75,0.8547931784332642,3.246514995959509,0.37441916536921954,0.4088690601581068,0.6597374479341612,ETTh1,raw,16344,16440,raw:16344:5,high,high
6,0.8434539968871556,0.6292634924404785,0.02850392554844105,0.375,0.8688454163436677,3.246514995959509,0.37441916536921954,0.5004071382920251,0.5394215272376292,ETTh1,raw,16344,16440,raw:16344:6,high,mid
0,0.13664347456382875,0.040967150524711796,0.08341553151163304,0.25,0.39128121856539133,3.4207325078490354,0.4034554173024135,0.08700871886672452,0.3482455452892683,ETTh1,raw,16392,16488,raw:16392:0,low,low
1,0.3404327729344008,0.06525980016656524,0.22904172988976051,0.375,0.7236517088904275,3.4207325078490354,0.4034554173024135,0.21157810099690885,0.5007023753976138,ETTh1,raw,16392,16488,raw:16392:1,low,mid
2,0.29994329844440926,0.06338389192040701,0.04591980382239195,0.25,0.39379244168340566,3.4207325078490354,0.4034554173024135,0.1364156647290694,0.3490826196619397,ETTh1,raw,16392,16488,raw:16392:2,low,low
3,0.2238076366286369,0.08153100570551033,0.31572850762256544,0.375,0.7125731946322084,3.4207325078490354,0.4034554173024135,0.2070223833189042,0.4970095373115407,ETTh1,raw,16392,16488,raw:16392:3,low,mid
4,0.5998874124415035,0.4834793524249138,0.760268591364912,0.875,0.8779133705203649,3.4207325078490354,0.4034554173024135,0.6145451187437764,0.7187895959409262,ETTh1,raw,16392,16488,raw:16392:4,high,high
5,0.43436707449387923,0.2783388427398553,0.5779798263175255,1.0,0.877065725889061,3.4207325078490354,0.4034554173024135,0.43022858118375334,0.7601737143971582,ETTh1,raw,16392,16488,raw:16392:5,high,high
6,0.8198889844050181,0.17139545965557657,0.4466811139160441,0.375,0.8303961749405591,3.4207325078490354,0.4034554173024135,0.4793218526588796,0.5362838640809908,ETTh1,raw,16392,16488,raw:16392:6,high,mid
0,0.4881180735176899,0.08905106827307126,0.42932254913084256,0.25,0.4869555750436161,2.809493784123235,0.30158229685123533,0.33549723030720124,0.3461792906316172,ETTh1,raw,16416,16512,raw:16416:0,mid,low
1,0.30823946199325436,0.035203122058595944,0.34918135942239537,0.375,0.6762360117053887,2.809493784123235,0.30158229685123533,0.23087464782474854,0.4509394361855414,ETTh1,raw,16416,16512,raw:16416:1,low,low
2,0.43596052646467043,0.10127855791631482,0.25900046414804956,0.25,0.48375948652456413,2.809493784123235,0.30158229685123533,0.2654131828430116,0.3451139277919331,ETTh1,raw,16416,16512,raw:16416:2,low,low
3,0.2850461471167527,0.05735745922829348,0.3443200717427313,0.375,0.7173019217437158,2.809493784123235,0.30158229685123533,0.22890789269592582,0.4646280728649837,ETTh1,raw,16416,16512,raw:16416:3,low,mid
4,0.6157553066729892,0.2871558139953929,0.6401235226377475,0.625,0.8568158031759096,2.809493784123235,0.30158229685123533,0.5143448811020432,0.5944660333423816,ETTh1,raw,16416,16512,raw:16416:4,high,high
5,0.4116858054953044,0.21204696913757087,0.751396247568734,0.875,0.9165243144838771,2.809493784123235,0.30158229685123533,0.45837634073386974,0.6977022037783708,ETTh1,raw,16416,16512,raw:16416:5,high,high
6,0.8820087770676921,0.2613901266524341,0.011414557186515668,0.375,0.81533358184738,2.809493784123235,0.30158229685123533,0.38493782030221396,0.49730529289953845,ETTh1,raw,16416,16512,raw:16416:6,high,mid
0,0.4132534301204087,0.09574523400819507,0.20116946258049304,0.375,0.6762982788368406,3.3371182814115166,0.3895197129193866,0.23672270890303226,0.4802726639187424,ETTh1,raw,16464,16560,raw:16464:0,low,mid
1,0.5259514007228637,0.12473400518443618,0.2989228194105784,0.375,0.786818148346599,3.3371182814115166,0.3895197129193866,0.31653607510595944,0.5171126204219952,ETTh1,raw,16464,16560,raw:16464:1,mid,mid
2,0.36047906571988275,0.08071473275054078,0.10482125622973511,0.375,0.725830260040549,3.3371182814115166,0.3895197129193866,0.18200501823338622,0.49678332431997846,ETTh1,raw,16464,16560,raw:16464:2,low,mid
3,0.1904382985841624,0.18166032092299406,0.4221631505230889,0.375,0.8339091242199504,3.3371182814115166,0.3895197129193866,0.26475392334341513,0.5328096123797791,ETTh1,raw,16464,16560,raw:16464:3,low,mid
4,0.46372887524632833,0.10814851028976662,0.6694374869546473,0.5,0.7673310381617596,3.3371182814115166,0.3895197129193866,0.41377162416358076,0.5522835836937153,ETTh1,raw,16464,16560,raw:16464:4,high,mid
5,0.5722997459570236,0.335876307157028,0.7332523271818584,1.0,0.9308468035853774,3.3371182814115166,0.3895197129193866,0.54714279343197,0.773455505501588,ETTh1,raw,16464,16560,raw:16464:5,high,high
6,0.7526574649631254,0.07814994078199575,0.020344359983780796,0.25,0.8069962750720032,3.3371182814115166,0.3895197129193866,0.2837172552429673,0.48217199599712995,ETTh1,raw,16464,16560,raw:16464:6,mid,mid
0,0.3903761910616623,0.0972254773862199,0.3947029135849311,0.25,0.6172527358919967,3.4417938763621487,0.4069656453820821,0.2941015273442711,0.42473946042469296,ETTh1,raw,16488,16584,raw:16488:0,mid,low
1,0.20476769467971023,0.08477865027674522,0.44988727544823115,0.375,0.7426656711358671,3.4417938763621487,0.4069656453820821,0.2464778734682289,0.5082104388393164,ETTh1,raw,16488,16584,raw:16488:1,low,mid
2,0.48799473507565005,0.08327892009642675,0.33259623809501193,0.25,0.6348696565051566,3.4417938763621487,0.4069656453820821,0.30128996442236294,0.4306117672957462,ETTh1,raw,16488,16584,raw:16488:2,mid,low
3,0.2633748988918049,0.09308425665659872,0.4307952873385173,0.75,0.8021832466805116,3.4417938763621487,0.4069656453820821,0.2624181476289736,0.6530496306875312,ETTh1,raw,16488,16584,raw:16488:3,low,high
4,0.20637668983912283,0.07825905353997498,0.5683539895529492,0.5,0.8215933346268011,3.4417938763621487,0.4069656453820821,0.284329910977349,0.5761863266696277,ETTh1,raw,16488,16584,raw:16488:4,mid,high
5,0.27261372553893615,0.22087262588236406,0.7245466544306289,0.5,0.8845203655442313,3.4417938763621487,0.4069656453820821,0.40601100195064305,0.5971620036421045,ETTh1,raw,16488,16584,raw:16488:5,high,high
6,0.5030770011880268,0.21187423929614974,0.12064063687563092,0.375,0.9364589489181461,3.4417938763621487,0.4069656453820821,0.2785306257866025,0.572808198100076,ETTh1,raw,16488,16584,raw:16488:6,low,high
0,0.6543786375828933,0.07450905664328222,0.506258503986732,0.25,0.6319841857678586,3.1907752900100688,0.36512921439312945,0.4117153994043025,0.41570446672032935,ETTh1,raw,16536,16632,raw:16536:0,high,low
1,0.24843409405083083,0.1180549395882055,0.5698441274672499,0.375,0.8130996499596591,3.1907752900100688,0.36512921439312945,0.3121110537020954,0.5177429547842629,ETTh1,raw,16536,16632,raw:16536:1,mid,mid
2,0.6582178154364882,0.08860564568817968,0.4221442602228289,0.25,0.6532321233284314,3.1907752900100688,0.36512921439312945,0.38965590711583226,0.4227871125738536,ETTh1,raw,16536,16632,raw:16536:2,high,low
3,0.2961879854047277,0.10276496452378238,0.33847599861527183,0.5,0.8144413298385006,3.1907752900100688,0.36512921439312945,0.24580964951459397,0.55985684807721,ETTh1,raw,16536,16632,raw:16536:3,low,high
4,0.3665760714018478,0.09938693002809648,0.500249714918323,0.5,0.7309922872750236,3.1907752900100688,0.36512921439312945,0.32207090544942246,0.532040500556051,ETTh1,raw,16536,16632,raw:16536:4,mid,mid
5,0.4899957616666928,0.10663368135628797,0.4433158896554648,0.625,0.838678184886369,3.1907752900100688,0.36512921439312945,0.34664844422614854,0.6096024664264995,ETTh1,raw,16536,16632,raw:16536:5,mid,high
6,0.7990914416548147,0.23196296750663856,0.3546572585335611,0.75,0.840561960222652,3.1907752900100688,0.36512921439312945,0.4619038892316715,0.6518970582052604,ETTh1,raw,16536,16632,raw:16536:6,high,high
0,0.13132988198692386,0.11905667738476426,0.3000315975969229,0.25,0.6426031490533772,3.324661616652624,0.387443602129698,0.18347271898953701,0.4266822503943584,ETTh1,raw,16560,16656,raw:16560:0,low,low
1,0.2964511850699756,0.0614051952902571,0.43997502374524344,0.5,0.7862269230745229,3.324661616652624,0.387443602129698,0.26594380136849205,0.5578901750680737,ETTh1,raw,16560,16656,raw:16560:1,low,mid
2,0.1734752003099519,0.1395924589509317,0.33072384138305205,0.25,0.6645698188530081,3.324661616652624,0.387443602129698,0.2145971668813119,0.43400447366090206,ETTh1,raw,16560,16656,raw:16560:2,low,low
3,0.39245838312271275,0.09895536627910184,0.4172183277795197,0.5,0.7566768111991028,3.324661616652624,0.387443602129698,0.3028773590604448,0.5480401377762668,ETTh1,raw,16560,16656,raw:16560:3,mid,mid
4,0.22047334749857084,0.07995234210455265,0.5025678880214728,0.5,0.7353706570649078,3.324661616652624,0.387443602129698,0.2676645258748654,0.540938086398202,ETTh1,raw,16560,16656,raw:16560:4,low,mid
5,0.2748049237007011,0.11655926243609842,0.5102915786135237,0.5,0.8051200290004241,3.324661616652624,0.387443602129698,0.3005519215834411,0.564187877043374,ETTh1,raw,16560,16656,raw:16560:5,mid,high
6,0.7456286289053214,0.10581077761613422,0.1557495631352598,0.125,0.8475053192942338,3.324661616652624,0.387443602129698,0.3357296565522385,0.4533163071413106,ETTh1,raw,16560,16656,raw:16560:6,mid,low
0,0.6134982647743492,0.06441970004686928,0.09211636859725864,0.125,0.5399340079626618,3.5120409449181564,0.4186734901219036,0.2566781111394924,0.36120249936152177,ETTh1,raw,16584,16680,raw:16584:0,low,low
1,0.248725067897953,0.19144582806680913,0.30165448681904283,0.5,0.8609425520154592,3.5120409449181564,0.4186734901219036,0.24727512759460166,0.5932053473791209,ETTh1,raw,16584,16680,raw:16584:1,low,high
2,0.7243691348967374,0.06911650686254461,0.09459793342974553,0.125,0.5397732521785342,3.5120409449181564,0.4186734901219036,0.2960278583963425,0.361148914100146,ETTh1,raw,16584,16680,raw:16584:2,mid,low
3,0.08780134778379045,0.21711635828824932,0.38859695482716344,0.5,0.8384255582196818,3.5120409449181564,0.4186734901219036,0.23117155363306774,0.5856996827805284,ETTh1,raw,16584,16680,raw:16584:3,low,high
4,0.4996559388268177,0.08167345079054682,0.39426888378001057,0.625,0.7193429434841,3.5120409449181564,0.4186734901219036,0.3251994244657917,0.5876721445353345,ETTh1,raw,16584,16680,raw:16584:4,mid,high
5,0.6271212983083648,0.10501821588867297,0.9567087199298775,0.625,0.8672186699776565,3.5120409449181564,0.4186734901219036,0.5629494113756385,0.6369640533665201,ETTh1,raw,16584,16680,raw:16584:5,high,high
6,0.4675783917465317,0.25518939689624426,0.3352881953033103,0.375,0.8421583489335671,3.5120409449181564,0.4186734901219036,0.35268532798202873,0.5452772796851569,ETTh1,raw,16584,16680,raw:16584:6,mid,mid
0,0.4843402074819727,0.10378125711325484,0.44028999191946133,0.375,0.5738692433174493,3.516671965930201,0.41944532695595793,0.34280381883822963,0.4561048567578024,ETTh1,raw,16632,16728,raw:16632:0,mid,mid
1,0.3711111942651971,0.1915345983359567,0.19751750780881475,0.5,0.8056326856382386,3.516671965930201,0.41944532695595793,0.25338776680332287,0.5750260041980656,ETTh1,raw,16632,16728,raw:16632:1,low,high
2,0.6016170271247372,0.12088001578101873,0.4559980013460293,0.375,0.5375093435056578,3.516671965930201,0.41944532695595793,0.3928316814172617,0.4439848901538719,ETTh1,raw,16632,16728,raw:16632:2,high,low
3,0.1874310149505124,0.3054034707427048,0.24592450999551616,0.5,0.837424906665578,3.516671965930201,0.41944532695595793,0.24625299856291114,0.5856234112071786,ETTh1,raw,16632,16728,raw:16632:3,low,high
4,0.6479536388308558,0.24978206226339156,0.4570481450333171,0.625,0.8699414497468263,3.516671965930201,0.41944532695595793,0.45159461537585477,0.6381289255675947,ETTh1,raw,16632,16728,raw:16632:4,high,high
5,0.4485129669933492,0.09067394383881935,0.9515611435509682,0.25,0.8665752221394944,3.516671965930201,0.41944532695595793,0.4969160181277122,0.5120068496984841,ETTh1,raw,16632,16728,raw:16632:5,high,mid
6,0.6721193946330841,0.2239642394382377,0.24097090828177967,0.5,0.9015792226873518,3.516671965930201,0.41944532695595793,0.37901818078436716,0.6070081832144366,ETTh1,raw,16632,16728,raw:16632:6,high,high
0,0.47446868885405946,0.06189221160288477,0.502055402360281,0.25,0.5984259113274056,3.4609169084107982,0.41015281738487835,0.34613876760574175,0.4195262429040947,ETTh1,raw,16656,16752,raw:16656:0,mid,low
1,0.2510202702335099,0.16291324839320862,0.3430328458344678,0.625,0.8206271741012636,3.4609169084107982,0.41015281738487835,0.2523221214870621,0.6185933304953807,ETTh1,raw,16656,16752,raw:16656:1,low,high
2,0.5304550129063723,0.07220341470542364,0.3477164598736382,0.25,0.5779520119912115,3.4609169084107982,0.41015281738487835,0.3167916291618114,0.41270160979202997,ETTh1,raw,16656,16752,raw:16656:2,mid,low
3,0.431065360373889,0.35057221837419894,0.2603593316473003,0.5,0.8503012705192514,3.4609169084107982,0.41015281738487835,0.3473323034651294,0.5868180293013766,ETTh1,raw,16656,16752,raw:16656:3,mid,high
4,0.7415939967162846,0.469634768251297,0.1264656188491543,0.75,0.9512584743584889,3.4609169084107982,0.41015281738487835,0.44589812793891187,0.7038037639144558,ETTh1,raw,16656,16752,raw:16656:4,high,high
5,0.570289228856522,0.23198069228863705,0.2116978065027715,0.125,0.8645493774864652,3.4609169084107982,0.41015281738487835,0.33798924254931023,0.46656739829044785,ETTh1,raw,16656,16752,raw:16656:5,mid,mid
6,0.7186963985257665,0.07839272052380117,0.1209094843907081,0.5,0.8656224369306136,3.4609169084107982,0.41015281738487835,0.30599953448009193,0.5919250847718306,ETTh1,raw,16656,16752,raw:16656:6,mid,high
0,0.9926372468281236,0.2843581011116608,0.14789158070710023,0.25,0.61666799549307,3.030218294636998,0.3383697152088835,0.4749623095489615,0.4016792369006512,ETTh1,raw,16704,16800,raw:16704:0,high,low
1,0.9907328284679089,0.18901032959558783,0.024532345066197756,0.375,0.8758618394978257,3.030218294636998,0.3383697152088835,0.40142516770989817,0.5297438515689031,ETTh1,raw,16704,16800,raw:16704:1,high,mid
2,0.9846767786118739,0.31011587743368374,0.28524817698158755,0.25,0.606691320071252,3.030218294636998,0.3383697152088835,0.526680277675715,0.3983536784267119,ETTh1,raw,16704,16800,raw:16704:2,high,low
3,0.9894972247069979,0.30409437000169,0.16249278207637638,0.375,0.8722415730111375,3.030218294636998,0.3383697152088835,0.48536145892835475,0.5285370960733403,ETTh1,raw,16704,16800,raw:16704:3,high,mid
4,0.9999999994249288,0.1438954592353805,0.3204977891723905,0.375,0.876604152624628,3.030218294636998,0.3383697152088835,0.4881310826109,0.5299912892778371,ETTh1,raw,16704,16800,raw:16704:4,high,mid
5,0.9442245750973165,0.1251620043624376,0.39411102439959234,1.0,0.9178736881124312,3.030218294636998,0.3383697152088835,0.4878325346197821,0.7520811344404382,ETTh1,raw,16704,16800,raw:16704:5,high,high
6,0.9480058676927355,0.07458770208909896,0.299337520655206,0.125,0.747987743625095,3.030218294636998,0.3383697152088835,0.44064369681234683,0.40378581961132615,ETTh1,raw,16704,16800,raw:16704:6,high,low
0,0.9821253988637036,0.4511866382417753,0.04740697646043219,0.25,0.7492179888134626,3.226400870128956,0.3710668110697146,0.4935730045219704,0.4567615999610591,ETTh1,raw,16728,16824,raw:16728:0,high,mid
1,0.9999999982763639,0.4215494818129866,0.36038642904372953,0.25,0.860593826364028,3.226400870128956,0.3710668110697146,0.5939786363776933,0.4938868791445809,ETTh1,raw,16728,16824,raw:16728:1,high,mid
2,0.9942878580805145,0.42844564734505886,0.07468393282545363,0.25,0.7346815034542787,3.226400870128956,0.3710668110697146,0.49913914608367566,0.4519161048413311,ETTh1,raw,16728,16824,raw:16728:2,high,low
3,0.9924470796419407,0.2978090838850273,0.2662296778321888,0.375,0.8393118977378115,3.226400870128956,0.3710668110697146,0.5188286137863857,0.5284595696025087,ETTh1,raw,16728,16824,raw:16728:3,high,mid
4,0.996299644900291,0.3020008367434721,0.0678100501146278,0.375,0.9180592431356591,3.226400870128956,0.3710668110697146,0.45537017725279694,0.5547086847351246,ETTh1,raw,16728,16824,raw:16728:4,high,mid
5,0.9999999623777591,0.23999476343372153,0.994911280771468,1.0,0.864855869105882,3.226400870128956,0.3710668110697146,0.744968668860983,0.745307560058532,ETTh1,raw,16728,16824,raw:16728:5,high,high
6,0.9999999926771346,0.182696917713247,0.7078744181258799,0.25,0.699487751513434,3.226400870128956,0.3710668110697146,0.6301904428387538,0.44018485419438286,ETTh1,raw,16728,16824,raw:16728:6,high,low
0,0.9918412078371116,0.4750343618140228,0.40338609888793875,0.375,0.7156588929924349,3.030629281661289,0.3384382130461512,0.623420556179691,0.47636570201286205,ETTh1,raw,16752,16848,raw:16752:0,high,mid
1,0.9842872827546797,0.36589613793049935,0.42277463858359166,0.125,0.8472176625330469,3.030629281661289,0.3384382130461512,0.590986019756257,0.43688529185973274,ETTh1,raw,16752,16848,raw:16752:1,high,low
2,0.9852589607540158,0.45055956820558196,0.380585390794677,0.375,0.6866403503175655,3.030629281661289,0.3384382130461512,0.6054679732514249,0.46669285445457226,ETTh1,raw,16752,16848,raw:16752:2,high,mid
3,0.9879022413176968,0.28708184337403975,0.47961707034968337,0.25,0.8359444612397048,3.030629281661289,0.3384382130461512,0.5848670516804734,0.47479422476195193,ETTh1,raw,16752,16848,raw:16752:3,high,mid
4,0.9999999972778669,0.4641967754313221,0.5450619142058638,0.625,0.9698652017587832,3.030629281661289,0.3384382130461512,0.6697528956383509,0.6444344716016448,ETTh1,raw,16752,16848,raw:16752:4,high,high
5,0.9129293594484605,0.13604853001982478,0.5276481018003865,1.0,0.9228675942966685,3.030629281661289,0.3384382130461512,0.5255419970895573,0.7537686024476065,ETTh1,raw,16752,16848,raw:16752:5,high,high
6,0.9704756800629747,0.17153917586562029,0.49999999995513084,0.25,0.6590263512175671,3.030629281661289,0.3384382130461512,0.5473382852945753,0.41582152142123946,ETTh1,raw,16752,16848,raw:16752:6,high,low
0,0.16190406596111462,0.021004428355479533,0.38747694866454463,0.25,0.388434209823655,3.4528705471595433,0.408811757178571,0.19012848099371293,0.349081989000742,ETTh1,raw,16800,16896,raw:16800:0,low,low
1,0.13546526791915003,0.07127591524143989,0.7490958567739265,0.375,0.7309514740336687,3.4528705471595433,0.408811757178571,0.3186123466448388,0.5049210770707465,ETTh1,raw,16800,16896,raw:16800:1,mid,mid
2,0.09556406182772037,0.02507152042592291,0.2304558317467017,0.25,0.37994350974503227,3.4528705471595433,0.408811757178571,0.11703047133344834,0.3462517556412011,ETTh1,raw,16800,16896,raw:16800:2,low,low
3,0.15350445250684697,0.10096795777144688,0.5073764989238688,0.5,0.8135672530795279,3.4528705471595433,0.408811757178571,0.2539496364007209,0.5741263367526996,ETTh1,raw,16800,16896,raw:16800:3,low,high
4,0.23650284891996798,0.11924584090925026,0.6269667077789368,0.625,0.7829909520544771,3.4528705471595433,0.408811757178571,0.32757179920271834,0.6056009030776827,ETTh1,raw,16800,16896,raw:16800:4,mid,high
5,0.23544782095385008,0.10319201631594205,0.5091479597850075,1.0,0.9334762771070206,3.4528705471595433,0.408811757178571,0.28259593235159985,0.7807626780951972,ETTh1,raw,16800,16896,raw:16800:5,mid,high
6,0.1897160798055776,0.22615179907799943,0.35808159340702317,0.25,0.5933641353189503,3.4528705471595433,0.408811757178571,0.25798315743020006,0.4173919641658404,ETTh1,raw,16800,16896,raw:16800:6,low,low
0,0.06545073252937861,0.020163055680303722,0.2837952901021306,0.25,0.43935792222700376,3.2650958603423526,0.37751597609453214,0.12313635943727097,0.3556246327738453,ETTh1,raw,16824,16920,raw:16824:0,low,low
1,0.16560287874104818,0.0682466057230603,0.3655124480725832,0.375,0.6639545217458038,3.2650958603423526,0.37751597609453214,0.1997873108455639,0.4721568326134453,ETTh1,raw,16824,16920,raw:16824:1,low,mid
2,0.034328994408670654,0.017848214849084748,0.20269899194958793,0.25,0.4371643482025434,3.2650958603423526,0.37751597609453214,0.08495873373578111,0.3548934414323585,ETTh1,raw,16824,16920,raw:16824:2,low,low
3,0.22022315917315183,0.06727262244898491,0.39106705719699847,0.375,0.7176202490695333,3.2650958603423526,0.37751597609453214,0.2261876129397117,0.49004540838802174,ETTh1,raw,16824,16920,raw:16824:3,low,mid
4,0.24845571584443815,0.14169011001477216,0.4287414939805998,0.625,0.7528876629072176,3.2650958603423526,0.37751597609453214,0.27296243994660335,0.5851345463339166,ETTh1,raw,16824,16920,raw:16824:4,low,high
5,0.13292102122740523,0.2531666990405109,0.7220832013710269,0.625,0.8739821058461207,3.2650958603423526,0.37751597609453214,0.369390307212981,0.6254993606468843,ETTh1,raw,16824,16920,raw:16824:5,mid,high
6,0.3483817533903706,0.04077355756479045,0.5362310645757272,0.25,0.6746379241528268,3.2650958603423526,0.37751597609453214,0.30846212517696275,0.434051300082453,ETTh1,raw,16824,16920,raw:16824:6,mid,low
0,0.23779043500648867,0.016102914575974153,0.3175051864274395,0.25,0.4181397459714258,3.2728085982402737,0.3788014324087099,0.19046617866996743,0.34898039279337856,ETTh1,raw,16872,16968,raw:16872:0,low,low
1,0.2898664237124573,0.09561111346858156,0.5160669719773769,0.375,0.672026837693694,3.2728085982402737,0.3788014324087099,0.3005148363861386,0.4752760900341346,ETTh1,raw,16872,16968,raw:16872:1,mid,mid
2,0.05770364438876596,0.02008429502751761,0.23460229351691494,0.25,0.40484551530946056,3.2728085982402737,0.3788014324087099,0.10413007764439951,0.3445489825727235,ETTh1,raw,16872,16968,raw:16872:2,low,low
3,0.14925602035256946,0.13673346124583602,0.5741904623749841,0.5,0.7755682019431165,3.2728085982402737,0.3788014324087099,0.28672664799112985,0.5514565447839421,ETTh1,raw,16872,16968,raw:16872:3,mid,mid
4,0.06957062067045172,0.18263542795602009,0.574695100261306,0.75,0.804042329233182,3.2728085982402737,0.3788014324087099,0.2756337162959259,0.6442812538806306,ETTh1,raw,16872,16968,raw:16872:4,low,high
5,0.2836621901052492,0.20751687674891123,0.7943814150722747,0.625,0.8318370742824074,3.2728085982402737,0.3788014324087099,0.428520160642145,0.6118795022303725,ETTh1,raw,16872,16968,raw:16872:5,high,high
6,0.6987795290641332,0.11830917666731719,0.4779340355459097,0.125,0.6883241411498449,3.2728085982402737,0.3788014324087099,0.43167424709245333,0.3973751911861849,ETTh1,raw,16872,16968,raw:16872:6,high,low
0,0.37768578051268464,0.033538224495090904,0.2070990113954646,0.25,0.5092056008620757,3.6387615795727895,0.4397935958624756,0.2061076721344134,0.39966639890818373,ETTh1,raw,16896,16992,raw:16896:0,low,low
1,0.20336944637654497,0.08214719646774285,0.4180251365521307,0.375,0.7049419985371899,3.6387615795727895,0.4397935958624756,0.23451392646547284,0.5065785314665551,ETTh1,raw,16896,16992,raw:16896:1,low,mid
2,0.2642786742953631,0.03184197433952074,0.10203469297722272,0.25,0.5022555005216265,3.6387615795727895,0.4397935958624756,0.13271844720403553,0.39734969879470067,ETTh1,raw,16896,16992,raw:16896:2,low,low
3,0.2037511343167815,0.08210570467533632,0.3237503380680069,0.75,0.8087544453427894,3.6387615795727895,0.4397935958624756,0.2032023923533749,0.666182680401755,ETTh1,raw,16896,16992,raw:16896:3,low,high
4,0.13237722547973685,0.2213611809145175,0.5235041195248655,0.625,0.8184236565281386,3.6387615795727895,0.4397935958624756,0.2924141753063733,0.6277390841302047,ETTh1,raw,16896,16992,raw:16896:4,mid,high
5,0.4534380657822945,0.15695965193490086,0.44719369845168605,0.75,0.8270946047666724,3.6387615795727895,0.4397935958624756,0.3525304720562938,0.6722960668763828,ETTh1,raw,16896,16992,raw:16896:5,mid,high
6,0.480514985572172,0.12480368224046667,0.5141748077484519,0.375,0.7970179589377258,3.6387615795727895,0.4397935958624756,0.3731644918536969,0.5372705182667338,ETTh1,raw,16896,16992,raw:16896:6,mid,mid
0,0.43365738599841286,0.09606568962393755,0.2048895570779208,0.25,0.4760192372274652,3.293422175590649,0.3822370286280465,0.24487087756675707,0.3694187552851706,ETTh1,raw,16920,17016,raw:16920:0,low,low
1,0.2104242058885053,0.15523500680942404,0.4389860025866774,0.375,0.774502320792267,3.293422175590649,0.3822370286280465,0.2682150717615356,0.5105797831401045,ETTh1,raw,16920,17016,raw:16920:1,low,mid
2,0.639106483047563,0.12710490191978413,0.13745664398556878,0.25,0.46532274454187855,3.293422175590649,0.3822370286280465,0.3012226763176386,0.3658532577233084,ETTh1,raw,16920,17016,raw:16920:2,mid,low
3,0.14754287919776998,0.165896106823575,0.5094570669894664,0.625,0.8647400695700135,3.293422175590649,0.3822370286280465,0.2742986843369371,0.62399236606602,ETTh1,raw,16920,17016,raw:16920:3,low,high
4,0.5340177517575162,0.2040074188793876,0.4898682396143743,0.5,0.8060645686513771,3.293422175590649,0.3822370286280465,0.4092978034170927,0.5627671990931412,ETTh1,raw,16920,17016,raw:16920:4,high,high
5,0.3050360558843256,0.21679627051341752,0.4485256370811675,0.5,0.8625315566199778,3.293422175590649,0.3822370286280465,0.32345265449297017,0.5815895284160081,ETTh1,raw,16920,17016,raw:16920:5,mid,high
6,0.6238965731458763,0.2833389388996985,0.22734513286010677,0.125,0.7347336544645435,3.293422175590649,0.3822370286280465,0.3781935483018939,0.41399022769753,ETTh1,raw,16920,17016,raw:16920:6,high,low
0,0.3965811659345444,0.12242907889036486,0.5577421463376775,0.375,0.538914095911956,3.221977574367805,0.37032959511075153,0.35891746372086225,0.4280812303409025,ETTh1,raw,16968,17064,raw:16968:0,mid,low
1,0.31990352871184724,0.21359221673982381,0.5715696207472732,0.5,0.8048326362952112,3.221977574367805,0.37032959511075153,0.36835512206631477,0.5583874104686543,ETTh1,raw,16968,17064,raw:16968:1,mid,mid
2,0.5365155411878838,0.15017391726185586,0.5398703672518191,0.25,0.5718929267956289,3.221977574367805,0.37032959511075153,0.4088532752338529,0.3974075073021268,ETTh1,raw,16968,17064,raw:16968:2,high,low
3,0.3783849167569764,0.20312948023263824,0.6202120441068338,0.875,0.8752438198299322,3.221977574367805,0.37032959511075153,0.40057548036548285,0.706857804980228,ETTh1,raw,16968,17064,raw:16968:3,high,high
4,0.34198994211972134,0.14848212663979043,0.6284008870150536,0.5,0.6885190622242575,3.221977574367805,0.37032959511075153,0.37295765192485514,0.5196162191116697,ETTh1,raw,16968,17064,raw:16968:4,mid,mid
5,0.287250305948088,0.2472009923223577,0.6520628480726904,0.25,0.8388520449697587,3.221977574367805,0.37032959511075153,0.39550471544771204,0.48639388002683676,ETTh1,raw,16968,17064,raw:16968:5,high,mid
6,0.42166460027245267,0.30657561162458474,0.11457699799283749,0.125,0.6724019565643236,3.221977574367805,0.37032959511075153,0.28093906996329165,0.38924385055835836,ETTh1,raw,16968,17064,raw:16968:6,mid,low
0,0.39691937818594725,0.11331114491941083,0.46871736500836947,0.25,0.4944093340760521,3.3149343756464256,0.3858223952980336,0.32631596270457586,0.37674390979136185,ETTh1,raw,16992,17088,raw:16992:0,mid,low
1,0.27407060701225294,0.26342770411017125,0.38236788070180106,0.25,0.8116339294248155,3.3149343756464256,0.3858223952980336,0.3066220639414084,0.48248544157428297,ETTh1,raw,16992,17088,raw:16992:1,mid,mid
2,0.6102530435228709,0.13534791771407878,0.39779298748006053,0.25,0.5077925868649957,3.3149343756464256,0.3858223952980336,0.38113131623900337,0.3812049940543431,ETTh1,raw,16992,17088,raw:16992:2,high,low
3,0.4212200668472973,0.15699745775163582,0.4246201483498308,0.375,0.893871679041252,3.3149343756464256,0.3858223952980336,0.3342792243162547,0.5515646914464285,ETTh1,raw,16992,17088,raw:16992:3,mid,mid
4,0.36771661407860157,0.5563903665418711,0.5848468167927298,0.5,0.8190762704804231,3.3149343756464256,0.3858223952980336,0.5029845991377342,0.5682995552594855,ETTh1,raw,16992,17088,raw:16992:4,high,high
5,0.49096091028368605,0.3625141232366951,0.5066526523974845,0.375,0.8283876124846727,3.3149343756464256,0.3858223952980336,0.4533758953059552,0.5297366692609021,ETTh1,raw,16992,17088,raw:16992:5,high,mid
6,0.6119306034386188,0.44127716220369234,0.7722928286124174,0.5,0.8369355383771477,3.3149343756464256,0.3858223952980336,0.6085001980849095,0.5742526445583938,ETTh1,raw,16992,17088,raw:16992:6,high,high
0,0.309366747743127,0.005669760758415354,0.1557241511380032,0.25,0.2576875323436446,3.830254554219038,0.4717090915836578,0.15692021987984853,0.3264655413091008,ETTh1,raw,17040,17136,raw:17040:0,low,low
1,0.11447567223535626,0.2679376207196335,0.18567132212773096,0.25,0.7638612543707685,3.830254554219038,0.4717090915836578,0.18936153836090694,0.495190115318142,ETTh1,raw,17040,17136,raw:17040:1,low,mid
2,0.05046284939080892,0.005952108982204255,0.07039728417177597,0.25,0.252135844984502,3.830254554219038,0.4717090915836578,0.042270747514929714,0.3246149788560532,ETTh1,raw,17040,17136,raw:17040:2,low,low
3,0.21272041833713007,0.19586597453159854,0.23433547336907273,0.375,0.852940582971726,3.830254554219038,0.4717090915836578,0.21430728874593377,0.5665498915184614,ETTh1,raw,17040,17136,raw:17040:3,low,high
4,0.466653292481803,0.2845060022261158,0.4706583442305823,0.375,0.8837589403992269,3.830254554219038,0.4717090915836578,0.40727254631283366,0.5768226773276282,ETTh1,raw,17040,17136,raw:17040:4,high,high
5,0.4119828992207779,0.2265337026692631,0.5231685989843624,0.75,0.9229034365019003,3.830254554219038,0.4717090915836578,0.3872284002914678,0.714870842695186,ETTh1,raw,17040,17136,raw:17040:5,high,high
6,0.7791447425143825,0.11913478327403353,0.19761383769095758,0.375,0.6810695987312155,3.830254554219038,0.4717090915836578,0.36529778782645783,0.5092595634382912,ETTh1,raw,17040,17136,raw:17040:6,mid,mid
0,0.12288576948677288,0.007020185196003505,0.08922192890498795,0.25,0.24799078535966435,3.734201053853693,0.4557001748827819,0.07304262786258811,0.31789698674748207,ETTh1,raw,17064,17160,raw:17064:0,low,low
1,0.4374226128712819,0.109911263403981,0.32506510404089617,0.375,0.6953302433204464,3.734201053853693,0.4557001748827819,0.2907996601053863,0.5086768060677427,ETTh1,raw,17064,17160,raw:17064:1,mid,mid
2,0.1770420813577226,0.008577341880481381,0.1262024375808745,0.25,0.24782625398194633,3.734201053853693,0.4557001748827819,0.10394062027302615,0.3178421429549094,ETTh1,raw,17064,17160,raw:17064:2,low,low
3,0.023017963563186083,0.11580879159919849,0.3990207406365216,0.625,0.8277537889064398,3.734201053853693,0.4557001748827819,0.17928249859963538,0.6361513212630738,ETTh1,raw,17064,17160,raw:17064:3,low,high
4,0.6326749496024431,0.31703474600008813,0.49168436320528897,0.375,0.8749001432734478,3.734201053853693,0.4557001748827819,0.4804646862692734,0.5685334393854099,ETTh1,raw,17064,17160,raw:17064:4,high,high
5,0.27622571000612095,0.16103188288074788,0.49006553504193867,0.75,0.8907396234808274,3.734201053853693,0.4557001748827819,0.30910770930960246,0.6988132661212031,ETTh1,raw,17064,17160,raw:17064:5,mid,high
6,0.3812512881248151,0.0869861243758911,0.5946054366939303,0.375,0.7358238635955759,3.734201053853693,0.4557001748827819,0.3542809497315455,0.5221746794927858,ETTh1,raw,17064,17160,raw:17064:6,mid,mid
0,0.19240952394705213,0.009018757037384844,0.08742279132540394,0.25,0.26904986881690157,3.457829834086629,0.40963830499837434,0.09628369076994697,0.309562724605092,ETTh1,raw,17112,17208,raw:17112:0,low,low
1,0.15497312389987727,0.11255739101315379,0.4276990520634586,0.25,0.6786331142842139,3.457829834086629,0.40963830499837434,0.2317431889921632,0.4460904730941961,ETTh1,raw,17112,17208,raw:17112:1,low,low
2,0.19041273614616472,0.008579177049709978,0.0736627450157605,0.25,0.26524290243964,3.457829834086629,0.40963830499837434,0.09088488607054507,0.30829373581267144,ETTh1,raw,17112,17208,raw:17112:2,low,low
3,0.1512139056292635,0.17475590305964178,0.2529237326468421,0.25,0.75254820610273,3.457829834086629,0.40963830499837434,0.19296451377858248,0.47072883703370144,ETTh1,raw,17112,17208,raw:17112:3,low,mid
4,0.28264899815638456,0.18553203815530975,0.3541151990233727,0.625,0.7728420495179134,3.457829834086629,0.40963830499837434,0.27409874511168897,0.6024934515054292,ETTh1,raw,17112,17208,raw:17112:4,low,high
5,0.18208955765322166,0.1814594832411633,0.49741496883397535,0.5,0.8116166133049438,3.457829834086629,0.40963830499837434,0.2869880032427868,0.5737516394344394,ETTh1,raw,17112,17208,raw:17112:5,mid,high
6,0.8062940802131333,0.15123876293787553,0.20576862584872674,0.375,0.7205883266847006,3.457829834086629,0.40963830499837434,0.3877671563332452,0.501742210561025,ETTh1,raw,17112,17208,raw:17112:6,high,mid
0,0.06515771581346708,0.0051676401525569005,0.07488788596622481,0.25,0.25884020753243,3.551057506888739,0.4251762504394961,0.04840441397741626,0.3113388193239754,ETTh1,raw,17136,17232,raw:17136:0,low,low
1,0.49032371806436414,0.0575054666706876,0.4180354254962674,0.25,0.6316887138933007,3.551057506888739,0.4251762504394961,0.3219548700771064,0.4356216547775989,ETTh1,raw,17136,17232,raw:17136:1,mid,low
2,0.013382966180548683,0.008523040012643604,0.047369116586013484,0.25,0.2631408725576609,3.551057506888739,0.4251762504394961,0.023091707593068594,0.31277237433238564,ETTh1,raw,17136,17232,raw:17136:2,low,low
3,0.384464664953338,0.10802711245377045,0.5175109694597586,0.375,0.7003623194580152,3.551057506888739,0.4251762504394961,0.3366675822889557,0.5001795232991705,ETTh1,raw,17136,17232,raw:17136:3,mid,mid
4,0.28493359331184787,0.17254485850865997,0.37066306030401747,0.375,0.7621271761300904,3.551057506888739,0.4251762504394961,0.2760471707081751,0.5207678088565288,ETTh1,raw,17136,17232,raw:17136:4,low,mid
5,0.3056772417426642,0.14769261443128556,0.486933376970989,0.625,0.7755815233456377,3.551057506888739,0.4251762504394961,0.31343441104831293,0.6085859245950446,ETTh1,raw,17136,17232,raw:17136:5,mid,high
6,0.40636037507726697,0.3062404322874346,0.2799780290260043,0.375,0.6948501912536033,3.551057506888739,0.4251762504394961,0.3308596121302353,0.49834214723103315,ETTh1,raw,17136,17232,raw:17136:6,mid,mid
0,0.3448325173923148,0.09113569485536045,0.13492853958685452,0.25,0.35196878410199767,3.5613286987624773,0.4268881157489327,0.1902989172781766,0.3429522999503101,ETTh1,raw,17160,17256,raw:17160:0,low,low
1,0.5018413167451342,0.07654618529415383,0.6691259737560807,0.25,0.6579516461740773,3.5613286987624773,0.4268881157489327,0.4158378252651229,0.44494658730767006,ETTh1,raw,17160,17256,raw:17160:1,high,low
2,0.38227492219356807,0.10643412103455983,0.14825760878071578,0.25,0.3714129007375545,3.5613286987624773,0.4268881157489327,0.21232221733628123,0.3494336721621624,ETTh1,raw,17160,17256,raw:17160:2,low,low
3,0.47339845875232534,0.1716440963410912,0.3101710226887044,0.375,0.7342202625196096,3.5613286987624773,0.4268881157489327,0.3184045259273736,0.5120361260895141,ETTh1,raw,17160,17256,raw:17160:3,mid,mid
4,0.08005879150719841,0.24443260057671173,0.45035999665238236,0.625,0.8387663639468482,3.5613286987624773,0.4268881157489327,0.2582837962454308,0.6302181598985936,ETTh1,raw,17160,17256,raw:17160:4,low,high
5,0.4876999137948217,0.21219281628754114,0.6262013910521308,0.75,0.8224996317611013,3.5613286987624773,0.4268881157489327,0.44203137371149787,0.6664625825033447,ETTh1,raw,17160,17256,raw:17160:5,high,high
6,0.0479142363856595,0.35921240817495614,0.4323840407337083,0.125,0.8506810000884254,3.5613286987624773,0.4268881157489327,0.279836895098108,0.4675230386124527,ETTh1,raw,17160,17256,raw:17160:6,mid,mid
0,0.13191310331453665,0.05017242129399424,0.29478176439048076,0.25,0.43411510342933557,3.600137940428735,0.43335632268252866,0.15895576299967054,0.37249047537062135,ETTh1,raw,17208,17304,raw:17208:0,low,low
1,0.2664503311332589,0.069553111304292,0.3914192477106492,0.375,0.6911826057495055,3.600137940428735,0.43335632268252866,0.24247423004940002,0.4998463094773447,ETTh1,raw,17208,17304,raw:17208:1,low,mid
2,0.13336936248757003,0.04298943742923184,0.1674524865195649,0.25,0.46652518208884874,3.600137940428735,0.43335632268252866,0.11460376214545559,0.38329383492379243,ETTh1,raw,17208,17304,raw:17208:2,low,low
3,0.26379216724043353,0.09592704551415626,0.35096822937619643,0.25,0.728330835312479,3.600137940428735,0.43335632268252866,0.23689581404359542,0.4705623859983359,ETTh1,raw,17208,17304,raw:17208:3,low,mid
4,0.6045783270824061,0.1035671369172057,0.7250453711811348,0.375,0.7225478986057987,3.600137940428735,0.43335632268252866,0.4777302783935822,0.510301407096109,ETTh1,raw,17208,17304,raw:17208:4,high,mid
5,0.5368648661205486,0.10532377668070295,0.8379594711878274,0.375,0.8026628500658745,3.600137940428735,0.43335632268252866,0.4933827046630263,0.5370063909161343,ETTh1,raw,17208,17304,raw:17208:5,high,mid
6,0.6355880868554951,0.18303278772240988,0.014498723210660583,0.125,0.8188923567946821,3.600137940428735,0.43335632268252866,0.2777065325961885,0.45908289315907025,ETTh1,raw,17208,17304,raw:17208:6,low,mid
0,0.13380676175100092,0.06428489557699646,0.39971772514335385,0.25,0.580072488485894,3.2180120288819225,0.36966867086420596,0.1992697941571171,0.39991371978336665,ETTh1,raw,17232,17328,raw:17232:0,low,low
1,0.14467249929225023,0.10292881716271016,0.24612728178297247,0.5,0.798917056182634,3.2180120288819225,0.36966867086420596,0.1645761994126443,0.5561952423489466,ETTh1,raw,17232,17328,raw:17232:1,low,mid
2,0.3346902765242221,0.07391723363500702,0.3292090687452909,0.25,0.6109045415916102,3.2180120288819225,0.36966867086420596,0.24593885963484,0.4101910708186054,ETTh1,raw,17232,17328,raw:17232:2,low,low
3,0.07410256832901996,0.1465316530064984,0.24353231182226406,0.625,0.8706340922184743,3.2180120288819225,0.36966867086420596,0.1547221777192608,0.6217675876942268,ETTh1,raw,17232,17328,raw:17232:3,low,high
4,0.3472642630360129,0.06429020645212764,0.5847305674525691,0.375,0.7019501303097103,3.2180120288819225,0.36966867086420596,0.3320950123135699,0.48220626705797204,ETTh1,raw,17232,17328,raw:17232:4,mid,mid
5,0.25747173242722554,0.0447409323557916,0.6082564168565674,0.375,0.8129386116581886,3.2180120288819225,0.36966867086420596,0.3034896938798615,0.5192024275074648,ETTh1,raw,17232,17328,raw:17232:5,mid,mid
6,0.37234857370963326,0.06318147853502118,0.3763370280918653,0.125,0.7800322968286945,3.2180120288819225,0.36966867086420596,0.2706223601121733,0.42490032256430016,ETTh1,raw,17232,17328,raw:17232:6,low,low
0,0.4096731660307952,0.1579306610291452,0.2493063727597951,0.25,0.5054820566358194,3.4409418760172934,0.40682364532484283,0.2723033999399118,0.3874352339868874,ETTh1,raw,17280,17376,raw:17280:0,low,low
1,0.34140614028906935,0.12942616275938446,0.46135841443887426,0.5,0.7577130355512898,3.4409418760172934,0.40682364532484283,0.3107302391624427,0.5548455602920442,ETTh1,raw,17280,17376,raw:17280:1,mid,mid
2,0.5251304770164738,0.1919620030561626,0.09730942387301866,0.125,0.5337478229728275,3.4409418760172934,0.40682364532484283,0.27146730131521835,0.35519048943255677,ETTh1,raw,17280,17376,raw:17280:2,low,low
3,0.2727148565838463,0.21548436526054834,0.4581905226936703,0.625,0.8448690378175383,3.4409418760172934,0.40682364532484283,0.31546324817935495,0.625564227714127,ETTh1,raw,17280,17376,raw:17280:3,mid,high
4,0.4542702811389465,0.05507999055746246,0.6329737593539245,0.375,0.6754793097687476,3.4409418760172934,0.40682364532484283,0.38077467701677786,0.4857676516978635,ETTh1,raw,17280,17376,raw:17280:4,high,mid
5,0.5064163758944926,0.10253566046011749,0.8290087249808684,0.25,0.8468955783413858,3.4409418760172934,0.40682364532484283,0.47932025377849286,0.5012397412220763,ETTh1,raw,17280,17376,raw:17280:5,high,mid
6,0.1861578779762142,0.3399346148430715,0.03266744171709101,0.0,0.64229450896728,3.4409418760172934,0.40682364532484283,0.18625331151212557,0.3497060514307076,ETTh1,raw,17280,17376,raw:17280:6,low,low
0,0.30032993310767664,0.06355202109642555,0.1529448654126239,0.125,0.3907481669133594,3.123896108850009,0.35398268421836365,0.1722756065389087,0.28991028371057437,ETTh1,raw,17304,17400,raw:17304:0,low,low
1,0.4901135889731951,0.054474837419161745,0.17818292849580633,0.375,0.5923759303090587,3.123896108850009,0.35398268421836365,0.24092378496272104,0.44045287150914075,ETTh1,raw,17304,17400,raw:17304:1,low,low
2,0.503946155010421,0.08187169883297969,0.17795594378724724,0.25,0.417504663869522,3.123896108850009,0.35398268421836365,0.25459126587688263,0.34049578269596187,ETTh1,raw,17304,17400,raw:17304:2,low,low
3,0.3831385853192749,0.10014995986034943,0.2765565372934907,0.5,0.7228242183599493,3.123896108850009,0.35398268421836365,0.253281694157705,0.5256023008594376,ETTh1,raw,17304,17400,raw:17304:3,low,mid
4,0.5732908526814006,0.04560967162052973,0.3175006829052287,0.25,0.6940850954250378,3.123896108850009,0.35398268421836365,0.3121337357357197,0.4326892598811338,ETTh1,raw,17304,17400,raw:17304:4,mid,low
5,0.37422543633182714,0.10369886247200219,0.44255440807420937,0.25,0.7813679763456858,3.123896108850009,0.35398268421836365,0.3068262356260129,0.46178355352134987,ETTh1,raw,17304,17400,raw:17304:5,mid,mid
6,0.7071054389847182,0.33128900965520347,0.6550967799801121,0.375,0.9513192799326314,3.123896108850009,0.35398268421836365,0.564497076206678,0.5601006547169983,ETTh1,raw,17304,17400,raw:17304:6,high,high
