axis,dataset,model,horizon,segment,window_start,best_depth,selected_loss,optimal_loss,relative_tolerance,profiled_channels,U_mean,U_p10,U_p90,M_mean,M_p10,M_p90,seeds,local_units,window_index,relative_time,best_width_group,best_width,best_d_model,best_d_ff
depth,ETTh1,MultiPatchFormer,96,test,0,5.0,0.47208487785714287,0.47208487785714287,0.0,7,0.590050407029684,0.5131340713791827,0.6741891109546297,0.47833298149111564,0.3712384191525044,0.5574837347931468,1,7,0,0.0,,,,
depth,ETTh1,MultiPatchFormer,96,test,24,1.0,0.33686665814285716,0.33686665814285716,0.0,7,0.46014385781937933,0.1946111461796313,0.6906210865998259,0.43862105379081695,0.3878435408393026,0.48543268972356385,1,7,1,0.0070921985815602835,,,,
depth,ETTh1,MultiPatchFormer,96,test,48,3.0,0.28748532585714287,0.28748532585714287,0.0,7,0.5495508754080078,0.4352290151593739,0.7083282814251031,0.42544567984875953,0.3403327665754935,0.5256928507590731,1,7,2,0.014184397163120567,,,,
depth,ETTh1,MultiPatchFormer,96,test,72,1.0,0.18176298800000001,0.18176298800000001,0.0,7,0.32771775327519403,0.2760498365557876,0.3876068293441114,0.4717959908346741,0.3314110227988153,0.686184453140915,1,7,3,0.02127659574468085,,,,
depth,ETTh1,MultiPatchFormer,96,test,96,3.0,0.175664514,0.175664514,0.0,7,0.3232242661549109,0.24004154711791553,0.4700339909246652,0.45325771536197196,0.33858720748890847,0.6804387734372517,1,7,4,0.028368794326241134,,,,
depth,ETTh1,MultiPatchFormer,96,test,120,3.0,0.25654592242857144,0.25654592242857144,0.0,7,0.27395163791471805,0.1999179585101336,0.34529987683799307,0.4762496139654341,0.33553027426994225,0.6925471786065602,1,7,5,0.03546099290780142,,,,
depth,ETTh1,MultiPatchFormer,96,test,144,3.0,0.2785758288571429,0.2785758288571429,0.0,7,0.26207223620495024,0.18016391602038034,0.4361939309858093,0.5092410697516347,0.3469875031960407,0.6847416321461082,1,7,6,0.0425531914893617,,,,
depth,ETTh1,MultiPatchFormer,96,test,168,3.0,0.3141703635714285,0.3141703635714285,0.0,7,0.30589802879942946,0.20891020912315578,0.38856499080656764,0.47484969232529234,0.33610829877095505,0.625245679621327,1,7,7,0.04964539007092199,,,,
depth,ETTh1,MultiPatchFormer,96,test,192,5.0,0.33794921485714285,0.33794921485714285,0.0,7,0.3212456010773643,0.24835826897199573,0.4257278561815244,0.5226591749997306,0.38842945681283225,0.7004617328390684,1,7,8,0.05673758865248227,,,,
depth,ETTh1,MultiPatchFormer,96,test,216,5.0,0.5185755135714286,0.5185755135714286,0.0,7,0.34541333701176047,0.2754776932875426,0.42006858830852456,0.5199359219599246,0.4132852527439944,0.7160315057863653,1,7,9,0.06382978723404255,,,,
depth,ETTh1,MultiPatchFormer,96,test,240,5.0,0.3556275735714286,0.3556275735714286,0.0,7,0.21847360478854333,0.12133124804045328,0.28785022365037827,0.5130310438440551,0.4109460668247349,0.6191002325925669,1,7,10,0.07092198581560284,,,,
depth,ETTh1,MultiPatchFormer,96,test,264,4.0,0.33978535585714287,0.33978535585714287,0.0,7,0.36312813756641155,0.2771719803019398,0.44651735148834865,0.5325959373150062,0.4436335377954106,0.6343691081783835,1,7,11,0.07801418439716312,,,,
depth,ETTh1,MultiPatchFormer,96,test,288,4.0,0.38870248771428567,0.38870248771428567,0.0,7,0.37926440512875,0.29841175587982705,0.4702244894926931,0.4812768418643013,0.4080318653693557,0.6070239577027611,1,7,12,0.0851063829787234,,,,
depth,ETTh1,MultiPatchFormer,96,test,312,4.0,0.4697567328571428,0.4697567328571428,0.0,7,0.37375736493648254,0.22225996489619873,0.4919477968171518,0.44626790668004196,0.39326788019564474,0.5175956118554476,1,7,13,0.09219858156028368,,,,
depth,ETTh1,MultiPatchFormer,96,test,336,4.0,0.3264379474285714,0.3264379474285714,0.0,7,0.37003896629553673,0.29729750212695305,0.45221559904681924,0.41487379063943575,0.37393719507369266,0.47976136991700724,1,7,14,0.09929078014184398,,,,
depth,ETTh1,MultiPatchFormer,96,test,360,3.0,0.30108609018571425,0.30108609018571425,0.0,7,0.2954404833057573,0.21593557039347866,0.36819010727897755,0.4521642152898425,0.4037591750009076,0.5257913186898194,1,7,15,0.10638297872340426,,,,
depth,ETTh1,MultiPatchFormer,96,test,384,4.0,0.48077777857142856,0.48077777857142856,0.0,7,0.27276663825609887,0.22642511539645893,0.31449740228107254,0.47964774971878216,0.4289430910491538,0.5300413121405025,1,7,16,0.11347517730496454,,,,
depth,ETTh1,MultiPatchFormer,96,test,408,4.0,0.18929077085714283,0.18929077085714283,0.0,7,0.3203874247649305,0.25606426083787875,0.3798850103099579,0.5090593534204209,0.47569012047817716,0.540794715237344,1,7,17,0.12056737588652482,,,,
depth,ETTh1,MultiPatchFormer,96,test,432,1.0,0.4170295664285714,0.4170295664285714,0.0,7,0.31785429119716063,0.21836900889123573,0.45358707607068516,0.46639576120580617,0.44323732460915005,0.5011407788985827,1,7,18,0.1276595744680851,,,,
depth,ETTh1,MultiPatchFormer,96,test,456,3.0,0.5268284751428571,0.5268284751428571,0.0,7,0.3262763442265599,0.3044906865801376,0.34383275671841645,0.43917806522279373,0.40130035380477797,0.494398953517261,1,7,19,0.1347517730496454,,,,
depth,ETTh1,MultiPatchFormer,96,test,480,5.0,0.8379314857142858,0.8379314857142858,0.0,7,0.29440332330150365,0.2501965941729528,0.3420538784122721,0.42108739896759195,0.3554010762274632,0.4840255186609122,1,7,20,0.14184397163120568,,,,
depth,ETTh1,MultiPatchFormer,96,test,504,4.0,0.5388714828571428,0.5388714828571428,0.0,7,0.2912129574764227,0.2493813121030119,0.34378564358175223,0.4103086559902857,0.3738796998357299,0.4735072453140022,1,7,21,0.14893617021276595,,,,
depth,ETTh1,MultiPatchFormer,96,test,528,4.0,0.31545591785714283,0.31545591785714283,0.0,7,0.42869340260868655,0.32609158376289726,0.5246738929295532,0.4195509753578718,0.37393185882046154,0.46960040420598387,1,7,22,0.15602836879432624,,,,
depth,ETTh1,MultiPatchFormer,96,test,552,5.0,0.26276344528571427,0.26276344528571427,0.0,7,0.4156914357202181,0.32987198622717306,0.5151512036564625,0.458554588516967,0.40502083020639085,0.5455061774668933,1,7,23,0.16312056737588654,,,,
depth,ETTh1,MultiPatchFormer,96,test,576,3.0,0.26085906971428574,0.26085906971428574,0.0,7,0.35077362039391363,0.2662626258164541,0.45793852574457455,0.5014386219087681,0.43232425972025157,0.5946588268456164,1,7,24,0.1702127659574468,,,,
depth,ETTh1,MultiPatchFormer,96,test,600,4.0,0.3147187924285714,0.3147187924285714,0.0,7,0.31163289565633245,0.2379370766146928,0.37091386031854423,0.45265489802768155,0.3965920929474891,0.5421471686531028,1,7,25,0.1773049645390071,,,,
depth,ETTh1,MultiPatchFormer,96,test,624,2.0,0.2413012034285714,0.2413012034285714,0.0,7,0.2883579632270367,0.14615661465876273,0.4350628639673903,0.4729343869255584,0.4104244348758639,0.5468988722481648,1,7,26,0.18439716312056736,,,,
depth,ETTh1,MultiPatchFormer,96,test,648,4.0,0.24971967842857143,0.24971967842857143,0.0,7,0.3534662079810915,0.31059877576306155,0.4046088361132213,0.5191736185575706,0.4076695238353008,0.6888064980959563,1,7,27,0.19148936170212766,,,,
depth,ETTh1,MultiPatchFormer,96,test,672,2.0,0.2772580257142857,0.2772580257142857,0.0,7,0.39074399255697617,0.27383001266807766,0.5201394741620654,0.49282331033208715,0.444188035454774,0.5609939610639267,1,7,28,0.19858156028368795,,,,
depth,ETTh1,MultiPatchFormer,96,test,696,5.0,0.47438458714285714,0.47438458714285714,0.0,7,0.4339796489679628,0.3707170573607048,0.511993703369072,0.5651155746906528,0.41620970002913676,0.7272676313277431,1,7,29,0.20567375886524822,,,,
depth,ETTh1,MultiPatchFormer,96,test,720,5.0,0.5613195565714285,0.5613195565714285,0.0,7,0.2884858446932189,0.2375815843291412,0.33382669198900555,0.5546090479167195,0.41212244404968007,0.7478322376905088,1,7,30,0.2127659574468085,,,,
depth,ETTh1,MultiPatchFormer,96,test,744,4.0,0.5947564414285714,0.5947564414285714,0.0,7,0.363701199363546,0.27406028409078204,0.42723304370167414,0.5844041530161407,0.44010947821728963,0.7364702960094701,1,7,31,0.2198581560283688,,,,
depth,ETTh1,MultiPatchFormer,96,test,768,3.0,0.6597116514285714,0.6597116514285714,0.0,7,0.37247644858441303,0.3109907519335506,0.4230058510213296,0.5294350919850308,0.40262713138729844,0.6889477906640421,1,7,32,0.22695035460992907,,,,
depth,ETTh1,MultiPatchFormer,96,test,792,5.0,0.6104151174285715,0.6104151174285715,0.0,7,0.4071633886515764,0.3207607893852068,0.5293145118409346,0.5182449462841814,0.4136183622413464,0.660410116276804,1,7,33,0.23404255319148937,,,,
depth,ETTh1,MultiPatchFormer,96,test,816,3.0,0.8416134457142858,0.8416134457142858,0.0,7,0.44432190104610286,0.33059299607732284,0.5452427597240487,0.5202324330526509,0.4066488853671404,0.6705957105801048,1,7,34,0.24113475177304963,,,,
depth,ETTh1,MultiPatchFormer,96,test,840,5.0,0.7940561157142857,0.7940561157142857,0.0,7,0.4230878724717641,0.3055702385441181,0.5209102805377186,0.5378648204660624,0.4152629604546492,0.6515837894814743,1,7,35,0.24822695035460993,,,,
depth,ETTh1,MultiPatchFormer,96,test,864,5.0,0.5153647414285715,0.5153647414285715,0.0,7,0.3909676832365269,0.2893013820904868,0.4933445000560417,0.5197547327437417,0.3795097635436783,0.6724461863709489,1,7,36,0.2553191489361702,,,,
depth,ETTh1,MultiPatchFormer,96,test,888,5.0,0.47782109999999994,0.47782109999999994,0.0,7,0.47430069598835234,0.3888868634808922,0.6237011756796672,0.5227721384299892,0.3738595403129563,0.6883441214414776,1,7,37,0.2624113475177305,,,,
depth,ETTh1,MultiPatchFormer,96,test,912,1.0,0.3434088885714286,0.3434088885714286,0.0,7,0.3255873684888515,0.2783316419500304,0.3761561332143322,0.5532001997411721,0.3639645512219733,0.7328697138571503,1,7,38,0.2695035460992908,,,,
depth,ETTh1,MultiPatchFormer,96,test,936,4.0,0.4969584742857143,0.4969584742857143,0.0,7,0.3712206673024997,0.30635450806655307,0.43931732704843524,0.5322429592367406,0.326908243969604,0.7407507513081895,1,7,39,0.2765957446808511,,,,
depth,ETTh1,MultiPatchFormer,96,test,960,4.0,0.5120650014285715,0.5120650014285715,0.0,7,0.33768372728580787,0.3092031668655794,0.37875667561680737,0.47903082396518365,0.31594191469784366,0.7560906788683629,1,7,40,0.28368794326241137,,,,
depth,ETTh1,MultiPatchFormer,96,test,984,3.0,0.4427615128571429,0.4427615128571429,0.0,7,0.25237560938816966,0.1666512842992811,0.35054978551244825,0.47462943228052473,0.3399328637940271,0.7164542728821158,1,7,41,0.2907801418439716,,,,
depth,ETTh1,MultiPatchFormer,96,test,1008,4.0,0.5770293671428571,0.5770293671428571,0.0,7,0.29339869245452943,0.2218827185619086,0.3715867182091352,0.4654661911941561,0.34597721191080566,0.6258217999587786,1,7,42,0.2978723404255319,,,,
depth,ETTh1,MultiPatchFormer,96,test,1032,4.0,0.29315552085714286,0.29315552085714286,0.0,7,0.2513601913893113,0.13448655586324645,0.3492877238853313,0.47871225025779507,0.4146617875092392,0.6270363135097433,1,7,43,0.3049645390070922,,,,
depth,ETTh1,MultiPatchFormer,96,test,1056,4.0,0.2748283114285714,0.2748283114285714,0.0,7,0.37319067794422267,0.28326391031470366,0.47503400427505965,0.4910377041946773,0.3982675266100884,0.6254492616994756,1,7,44,0.3120567375886525,,,,
depth,ETTh1,MultiPatchFormer,96,test,1080,2.0,0.29914631428571425,0.29914631428571425,0.0,7,0.28069762151257444,0.2519003242668595,0.3229232849769443,0.4763262607754961,0.3971573707298914,0.6113057204564569,1,7,45,0.3191489361702128,,,,
depth,ETTh1,MultiPatchFormer,96,test,1104,5.0,0.5507955691428571,0.5507955691428571,0.0,7,0.35210863584832486,0.3200781480645371,0.4147685810252291,0.5362738805648141,0.450482213501716,0.6321710596457768,1,7,46,0.3262411347517731,,,,
depth,ETTh1,MultiPatchFormer,96,test,1128,1.0,0.6977887914285714,0.6977887914285714,0.0,7,0.30751794014045725,0.27062835289114806,0.34740429857236904,0.4987896584563621,0.4345788510615488,0.5850062991392417,1,7,47,0.3333333333333333,,,,
depth,ETTh1,MultiPatchFormer,96,test,1152,5.0,0.5650055514285713,0.5650055514285713,0.0,7,0.3365982049903983,0.2366802685481046,0.4426644515837579,0.543988141178299,0.4920706539923917,0.6202926959953897,1,7,48,0.3404255319148936,,,,
depth,ETTh1,MultiPatchFormer,96,test,1176,1.0,0.5966102571428572,0.5966102571428572,0.0,7,0.35429269612729986,0.31767470076059867,0.40203684392558436,0.47383969483799565,0.38357699436998133,0.5715304139076297,1,7,49,0.3475177304964539,,,,
depth,ETTh1,MultiPatchFormer,96,test,1200,1.0,0.2934960085714286,0.2934960085714286,0.0,7,0.4146839563243739,0.2708465379009505,0.5745769347018024,0.48011565643326193,0.40006803879925107,0.5555606333476495,1,7,50,0.3546099290780142,,,,
depth,ETTh1,MultiPatchFormer,96,test,1224,5.0,0.20614061185714286,0.20614061185714286,0.0,7,0.36703080163962304,0.32019733901531805,0.41837609356325783,0.4835542470901572,0.36838595960473747,0.5745057821988196,1,7,51,0.3617021276595745,,,,
depth,ETTh1,MultiPatchFormer,96,test,1248,5.0,0.25294245785714287,0.25294245785714287,0.0,7,0.27554566215650084,0.15394666803898333,0.42893884307233643,0.46577496393172585,0.35621974675545354,0.6091211188760373,1,7,52,0.36879432624113473,,,,
depth,ETTh1,MultiPatchFormer,96,test,1272,1.0,0.2357387577142857,0.2357387577142857,0.0,7,0.30931771247120526,0.2337400562783726,0.35902082006195213,0.47898333265987686,0.3593641403060163,0.60715076026543,1,7,53,0.375886524822695,,,,
depth,ETTh1,MultiPatchFormer,96,test,1296,4.0,0.5890814914285715,0.5890814914285715,0.0,7,0.23792634623656922,0.14788918172181753,0.30778123922376677,0.5067840789717859,0.3553417807937172,0.6653213047923477,1,7,54,0.3829787234042553,,,,
depth,ETTh1,MultiPatchFormer,96,test,1320,4.0,0.7264304599999999,0.7264304599999999,0.0,7,0.2785951821654445,0.21147014948818255,0.3260137724835089,0.524288287981239,0.36116271615699264,0.7218810680108494,1,7,55,0.3900709219858156,,,,
depth,ETTh1,MultiPatchFormer,96,test,1344,4.0,0.6621059121428571,0.6621059121428571,0.0,7,0.27128294514693235,0.15939348581947582,0.40048356083751324,0.4660997639250688,0.3466624537680244,0.5841416923818312,1,7,56,0.3971631205673759,,,,
depth,ETTh1,MultiPatchFormer,96,test,1368,4.0,0.5627814871428571,0.5627814871428571,0.0,7,0.30887025150404196,0.21668903171515969,0.370540159060513,0.4696281045495362,0.35562387872680284,0.6282190094181077,1,7,57,0.40425531914893614,,,,
depth,ETTh1,MultiPatchFormer,96,test,1392,1.0,0.48498341142857143,0.48498341142857143,0.0,7,0.5263704659184284,0.40352029057536726,0.6400592895353723,0.4527107681671606,0.36767266197386894,0.5524933703695363,1,7,58,0.41134751773049644,,,,
depth,ETTh1,MultiPatchFormer,96,test,1416,1.0,0.42592533714285713,0.42592533714285713,0.0,7,0.5927003306741059,0.5098409657911221,0.6722599844367324,0.4549812491162558,0.3651125260503468,0.5653638298144391,1,7,59,0.41843971631205673,,,,
depth,ETTh1,MultiPatchFormer,96,test,1440,5.0,0.5285020628571429,0.5285020628571429,0.0,7,0.3094385693185761,0.14921877992137458,0.4535456900242849,0.47401372725221386,0.38343841148771035,0.5773243917379185,1,7,60,0.425531914893617,,,,
depth,ETTh1,MultiPatchFormer,96,test,1464,2.0,0.6867524114285715,0.6867524114285715,0.0,7,0.5481790217612996,0.4775621211357105,0.6195811956093553,0.46420813862915355,0.3782297261633718,0.5727609400437441,1,7,61,0.4326241134751773,,,,
depth,ETTh1,MultiPatchFormer,96,test,1488,5.0,0.6140816814285713,0.6140816814285713,0.0,7,0.33572077573417786,0.24383159814103011,0.40699746333460607,0.5040324708302941,0.37512467351678747,0.6418969524835094,1,7,62,0.4397163120567376,,,,
depth,ETTh1,MultiPatchFormer,96,test,1512,5.0,0.8628992314285714,0.8628992314285714,0.0,7,0.387552498657613,0.3037566834342533,0.454703703761679,0.45859332530875874,0.37270568294686973,0.6102491802683269,1,7,63,0.44680851063829785,,,,
depth,ETTh1,MultiPatchFormer,96,test,1536,1.0,0.7847874914285714,0.7847874914285714,0.0,7,0.3794688857088385,0.33674978409723383,0.4363977768625733,0.5455422219623377,0.4306597350326263,0.6814571628415063,1,7,64,0.45390070921985815,,,,
depth,ETTh1,MultiPatchFormer,96,test,1560,1.0,1.2903986042857143,1.2903986042857143,0.0,7,0.36100243869888443,0.26098085262636583,0.4609171771118714,0.5434337090616617,0.40598586859862673,0.7532026943546972,1,7,65,0.46099290780141844,,,,
depth,ETTh1,MultiPatchFormer,96,test,1584,5.0,0.6915025228571429,0.6915025228571429,0.0,7,0.49727104910972736,0.4214317514279589,0.5778540004302427,0.5124122839453463,0.3994720341644618,0.6318684770632427,1,7,66,0.46808510638297873,,,,
depth,ETTh1,MultiPatchFormer,96,test,1608,4.0,0.5680486065714285,0.5680486065714285,0.0,7,0.362219205570598,0.24995472527758994,0.48507786373273837,0.4866163144041336,0.33334982812675606,0.6028108713659927,1,7,67,0.475177304964539,,,,
depth,ETTh1,MultiPatchFormer,96,test,1632,4.0,0.6516822,0.6516822,0.0,7,0.3021270085968342,0.2302342571479966,0.35969971668966794,0.4339991276705289,0.30231259792570453,0.522751517524281,1,7,68,0.48226950354609927,,,,
depth,ETTh1,MultiPatchFormer,96,test,1656,4.0,0.54909664,0.54909664,0.0,7,0.28869486640407865,0.20680921050708312,0.3844048133061097,0.49082817540510837,0.3184712597833471,0.6261548213333761,1,7,69,0.48936170212765956,,,,
depth,ETTh1,MultiPatchFormer,96,test,1680,4.0,0.29469032285714286,0.29469032285714286,0.0,7,0.27965492697863364,0.24101687406217717,0.32510580290431623,0.48057316062108263,0.35200015553899294,0.6290890210681727,1,7,70,0.49645390070921985,,,,
depth,ETTh1,MultiPatchFormer,96,test,1704,5.0,0.2652769052857143,0.2652769052857143,0.0,7,0.3579045480170069,0.279172514803758,0.4529605298556168,0.4516120985084373,0.35382943942597217,0.6086939903749038,1,7,71,0.5035460992907801,,,,
depth,ETTh1,MultiPatchFormer,96,test,1728,5.0,0.5030158428571428,0.5030158428571428,0.0,7,0.3079524189550664,0.24188541643062125,0.3779447718376864,0.4671523568187538,0.37506786606532716,0.6207230129272631,1,7,72,0.5106382978723404,,,,
depth,ETTh1,MultiPatchFormer,96,test,1752,1.0,0.3282721514285714,0.3282721514285714,0.0,7,0.282955006469492,0.22949509128874734,0.34800007456624554,0.4986011523926898,0.41996352123870334,0.6442579041385872,1,7,73,0.5177304964539007,,,,
depth,ETTh1,MultiPatchFormer,96,test,1776,1.0,0.40272335771428575,0.40272335771428575,0.0,7,0.35512881631287624,0.27963670302661503,0.44236635085754905,0.454122259845407,0.388961909249657,0.5577185636360824,1,7,74,0.524822695035461,,,,
depth,ETTh1,MultiPatchFormer,96,test,1800,1.0,0.24067400714285717,0.24067400714285717,0.0,7,0.30936601738398345,0.22330314830103626,0.41481540409619805,0.4687706077161756,0.4076642802303003,0.5539515583346478,1,7,75,0.5319148936170213,,,,
depth,ETTh1,MultiPatchFormer,96,test,1824,4.0,0.26065495857142856,0.26065495857142856,0.0,7,0.30361408800090306,0.2397298097396725,0.36307487059254273,0.43722901481067616,0.3320470446623682,0.5247135314894198,1,7,76,0.5390070921985816,,,,
depth,ETTh1,MultiPatchFormer,96,test,1848,4.0,0.3749131807142857,0.3749131807142857,0.0,7,0.22880147340818097,0.0721828379140632,0.31970994086384724,0.42815353788256133,0.3155453356704937,0.5310849250767709,1,7,77,0.5460992907801419,,,,
depth,ETTh1,MultiPatchFormer,96,test,1872,4.0,0.41361943342857144,0.41361943342857144,0.0,7,0.20984105473426312,0.08127785312701084,0.31986514355352696,0.42094336848292935,0.3028245439236141,0.5532456787767605,1,7,78,0.5531914893617021,,,,
depth,ETTh1,MultiPatchFormer,96,test,1896,4.0,0.315019885,0.315019885,0.0,7,0.2689226616020951,0.14124714790236412,0.3301207220879969,0.40283571419668013,0.31700371809106254,0.46688074728990764,1,7,79,0.5602836879432624,,,,
depth,ETTh1,MultiPatchFormer,96,test,1920,2.0,0.30811626785714286,0.30811626785714286,0.0,7,0.32785752226132736,0.2458796155034355,0.3951610510591935,0.4244730071782708,0.34642189230573317,0.5075894150525843,1,7,80,0.5673758865248227,,,,
depth,ETTh1,MultiPatchFormer,96,test,1944,1.0,0.4943950228571429,0.4943950228571429,0.0,7,0.28681851146104187,0.23838428992845134,0.33995056866475765,0.42204075836275745,0.3223121802485735,0.4906926009486366,1,7,81,0.574468085106383,,,,
depth,ETTh1,MultiPatchFormer,96,test,1968,5.0,0.4079529392857143,0.4079529392857143,0.0,7,0.2904680679912129,0.1286273813907558,0.4665909403253345,0.4202073027339925,0.37858413037211064,0.4696399981299399,1,7,82,0.5815602836879432,,,,
depth,ETTh1,MultiPatchFormer,96,test,1992,3.0,0.2633361771428571,0.2633361771428571,0.0,7,0.3318494767576456,0.2593296629400156,0.3984352579679493,0.47441929355365975,0.35948610583898255,0.6122699332361339,1,7,83,0.5886524822695035,,,,
depth,ETTh1,MultiPatchFormer,96,test,2016,5.0,0.31354783,0.31354783,0.0,7,0.33525566463686113,0.2499851488656322,0.43342595941501977,0.4969440092359479,0.4064523329339293,0.5931312662544165,1,7,84,0.5957446808510638,,,,
depth,ETTh1,MultiPatchFormer,96,test,2040,1.0,0.30371451071428573,0.30371451071428573,0.0,7,0.3091205162668583,0.25757809499634654,0.38360898773755825,0.4799621378746243,0.36643588330910226,0.5958616410234335,1,7,85,0.6028368794326241,,,,
depth,ETTh1,MultiPatchFormer,96,test,2064,4.0,0.27845779,0.27845779,0.0,7,0.2589112934472021,0.16031605513475272,0.3467502958916746,0.48485337455082317,0.3588656445723126,0.611897216870569,1,7,86,0.6099290780141844,,,,
depth,ETTh1,MultiPatchFormer,96,test,2088,1.0,0.2549233022857143,0.2549233022857143,0.0,7,0.2771256292046075,0.20789752944956374,0.3433356543587551,0.4540304626937462,0.34632605163966124,0.537837960892914,1,7,87,0.6170212765957447,,,,
depth,ETTh1,MultiPatchFormer,96,test,2112,2.0,0.2544994857142857,0.2544994857142857,0.0,7,0.3319055433732926,0.27199464092585873,0.39541053326996983,0.4611512159422078,0.3573145256252354,0.5671134963114741,1,7,88,0.624113475177305,,,,
depth,ETTh1,MultiPatchFormer,96,test,2136,1.0,0.29754078285714286,0.29754078285714286,0.0,7,0.2969236593595011,0.22867537082135436,0.33811606254827625,0.4501678160078758,0.360558154466678,0.5272520759039583,1,7,89,0.6312056737588653,,,,
depth,ETTh1,MultiPatchFormer,96,test,2160,1.0,0.3541608542857143,0.3541608542857143,0.0,7,0.28830157854198785,0.21390889334505236,0.3828609013410838,0.4431750564348921,0.3801730813624752,0.5106225020956016,1,7,90,0.6382978723404256,,,,
depth,ETTh1,MultiPatchFormer,96,test,2184,4.0,0.3875691142857143,0.3875691142857143,0.0,7,0.34178402378929473,0.2518715919837361,0.44647657500984406,0.4787663254125067,0.3648847182517189,0.6305757814556019,1,7,91,0.6453900709219859,,,,
depth,ETTh1,MultiPatchFormer,96,test,2208,4.0,0.5700670657142857,0.5700670657142857,0.0,7,0.2985997197054252,0.26776621645057497,0.34695115180543057,0.4608637079885648,0.36518376296422767,0.5869658407963604,1,7,92,0.6524822695035462,,,,
depth,ETTh1,MultiPatchFormer,96,test,2232,5.0,0.6725260257142857,0.6725260257142857,0.0,7,0.29686838668227733,0.21409472001625277,0.3427494432575306,0.498676306679915,0.3922473971815283,0.615779512634731,1,7,93,0.6595744680851063,,,,
depth,ETTh1,MultiPatchFormer,96,test,2256,5.0,0.747119472857143,0.747119472857143,0.0,7,0.349860869547482,0.2651132629716265,0.44975964237298205,0.5032355739710804,0.4070867404657075,0.6071549374007068,1,7,94,0.6666666666666666,,,,
depth,ETTh1,MultiPatchFormer,96,test,2280,5.0,1.122279752,1.122279752,0.0,7,0.3580228693167644,0.22489548558622774,0.5135265452892687,0.4843951447532166,0.41690455826383654,0.5913875491324183,1,7,95,0.6737588652482269,,,,
depth,ETTh1,MultiPatchFormer,96,test,2304,4.0,0.8473565071428572,0.8473565071428572,0.0,7,0.3638626880391396,0.32666879907864993,0.39999981027053416,0.4756566933283544,0.4419297430581499,0.5170798611747985,1,7,96,0.6808510638297872,,,,
depth,ETTh1,MultiPatchFormer,96,test,2328,5.0,0.8100366862857143,0.8100366862857143,0.0,7,0.37984182596975863,0.3025644014693339,0.4696288573952123,0.523505231429692,0.4700516288441264,0.5980064431282467,1,7,97,0.6879432624113475,,,,
depth,ETTh1,MultiPatchFormer,96,test,2352,4.0,0.68220504,0.68220504,0.0,7,0.4208468292939186,0.342095420916186,0.48484544145751785,0.4922189836283888,0.4247472724122302,0.5801698389988279,1,7,98,0.6950354609929078,,,,
depth,ETTh1,MultiPatchFormer,96,test,2376,5.0,0.2632753894285714,0.2632753894285714,0.0,7,0.32618246231984566,0.1676789245052418,0.5084127685503473,0.500200660687202,0.41720129304969583,0.5912117425715098,1,7,99,0.7021276595744681,,,,
depth,ETTh1,MultiPatchFormer,96,test,2400,1.0,0.33481577428571424,0.33481577428571424,0.0,7,0.431136530929846,0.3438269414531159,0.5230305974786521,0.517293887795377,0.39221151771290286,0.6966257700522472,1,7,100,0.7092198581560284,,,,
depth,ETTh1,MultiPatchFormer,96,test,2424,1.0,0.2708117842857143,0.2708117842857143,0.0,7,0.35872899227274546,0.31006732560189443,0.41150117123027974,0.5650174599024501,0.4390436043071214,0.709087114460046,1,7,101,0.7163120567375887,,,,
depth,ETTh1,MultiPatchFormer,96,test,2448,1.0,0.23702075385714286,0.23702075385714286,0.0,7,0.29069712851418955,0.21788943395164279,0.34434060275418854,0.5115542511565719,0.38437175889605524,0.6848438918581436,1,7,102,0.723404255319149,,,,
depth,ETTh1,MultiPatchFormer,96,test,2472,4.0,0.32292317142857146,0.32292317142857146,0.0,7,0.3479748550388976,0.27962130796332646,0.4090565815270209,0.5102477698364467,0.35296069578757305,0.7376064796464905,1,7,103,0.7304964539007093,,,,
depth,ETTh1,MultiPatchFormer,96,test,2496,4.0,0.5484594671428571,0.5484594671428571,0.0,7,0.33734463017635946,0.2746252599180106,0.39343032283090856,0.5114820996365813,0.31759908081587324,0.7446304207274195,1,7,104,0.7375886524822695,,,,
depth,ETTh1,MultiPatchFormer,96,test,2520,4.0,0.5155999342857143,0.5155999342857143,0.0,7,0.26437250472276586,0.20684357622246474,0.35704373272361745,0.49992425898840226,0.3453672991580251,0.6909535851410081,1,7,105,0.7446808510638298,,,,
depth,ETTh1,MultiPatchFormer,96,test,2544,4.0,0.49573183,0.49573183,0.0,7,0.3069736816141459,0.18110622924120734,0.44638684685128704,0.5138396626176666,0.34867846304912153,0.7024416619892803,1,7,106,0.75177304964539,,,,
depth,ETTh1,MultiPatchFormer,96,test,2568,5.0,0.3327164442857143,0.3327164442857143,0.0,7,0.3506525896589226,0.2721124595453966,0.4078975235740193,0.4798515940197577,0.36545663702001874,0.5966383999942062,1,7,107,0.7588652482269503,,,,
depth,ETTh1,MultiPatchFormer,96,test,2592,5.0,0.3880754462857143,0.3880754462857143,0.0,7,0.42122950338598,0.31872405270433823,0.5455837333383374,0.4633371272615566,0.3917450161542545,0.5379582784395942,1,7,108,0.7659574468085106,,,,
depth,ETTh1,MultiPatchFormer,96,test,2616,5.0,0.4588927428571429,0.4588927428571429,0.0,7,0.34065603230001784,0.2781299334449039,0.4073716053146206,0.4807753642093258,0.43458771615137415,0.5300061422330136,1,7,109,0.7730496453900709,,,,
depth,ETTh1,MultiPatchFormer,96,test,2640,2.0,0.6090241914285714,0.6090241914285714,0.0,7,0.2902088152621878,0.23207278252189784,0.36364605263014443,0.5444102020538142,0.47208842554764546,0.6301023241074555,1,7,110,0.7801418439716312,,,,
depth,ETTh1,MultiPatchFormer,96,test,2664,4.0,0.2915659617142857,0.2915659617142857,0.0,7,0.38708588717069636,0.30823412717470483,0.45842660423962617,0.5262030702700965,0.4560380545146514,0.5921663056216232,1,7,111,0.7872340425531915,,,,
depth,ETTh1,MultiPatchFormer,96,test,2688,4.0,0.272202345,0.272202345,0.0,7,0.3680857791175665,0.31836802578861456,0.4528458412840167,0.5064596850727977,0.3911801444947932,0.593942269656592,1,7,112,0.7943262411347518,,,,
depth,ETTh1,MultiPatchFormer,96,test,2712,4.0,0.2500621942857143,0.2500621942857143,0.0,7,0.31363396646568165,0.23993247177030677,0.381315294107851,0.5048902566522979,0.4137860501353927,0.6068813149745862,1,7,113,0.8014184397163121,,,,
depth,ETTh1,MultiPatchFormer,96,test,2736,4.0,0.20862322914285714,0.20862322914285714,0.0,7,0.32120302835438486,0.2103030518154116,0.41258468645325164,0.5086422393774507,0.4016596843707051,0.5717873506441268,1,7,114,0.8085106382978723,,,,
depth,ETTh1,MultiPatchFormer,96,test,2760,4.0,0.35593319314285715,0.35593319314285715,0.0,7,0.36828287450129193,0.30154722968627135,0.4173927726908911,0.5504974770377731,0.4415710303355402,0.6443120592517779,1,7,115,0.8156028368794326,,,,
depth,ETTh1,MultiPatchFormer,96,test,2784,4.0,0.467550623,0.467550623,0.0,7,0.35623831938377515,0.26386303970433045,0.46337889042114516,0.533220859384824,0.42528683147420787,0.6198108374385691,1,7,116,0.8226950354609929,,,,
depth,ETTh1,MultiPatchFormer,96,test,2808,4.0,0.4667574755714286,0.4667574755714286,0.0,7,0.4014428558353216,0.34244403773662857,0.48563391111091475,0.5306191985424519,0.41515443250383505,0.6317221824686563,1,7,117,0.8297872340425532,,,,
depth,ETTh1,MultiPatchFormer,96,test,2832,1.0,0.4820108555714286,0.4820108555714286,0.0,7,0.301861534078418,0.23392746104271586,0.42665494387646824,0.5039497348265237,0.3840632935144853,0.6167332541421392,1,7,118,0.8368794326241135,,,,
depth,ETTh1,MultiPatchFormer,96,test,2856,1.0,0.5932740334285714,0.5932740334285714,0.0,7,0.4447038938356762,0.29446982590418047,0.5495583486014923,0.5038203180869341,0.4057522303673045,0.6022181475759196,1,7,119,0.8439716312056738,,,,
depth,ETTh1,MultiPatchFormer,96,test,2880,1.0,0.22809433714285715,0.22809433714285715,0.0,7,0.5946334959140724,0.5446708459557379,0.6445969437409155,0.525622843363449,0.39809063746232276,0.6484700050897342,1,7,120,0.851063829787234,,,,
depth,ETTh1,MultiPatchFormer,96,test,2904,1.0,0.30986743314285714,0.30986743314285714,0.0,7,0.3321561865168357,0.2323684706145251,0.4914488758869346,0.5512656255742281,0.459326949742057,0.6606602229416924,1,7,121,0.8581560283687943,,,,
depth,ETTh1,MultiPatchFormer,96,test,2928,1.0,0.20112506842857145,0.20112506842857145,0.0,7,0.539616183273658,0.4624023727173349,0.6286502582392567,0.5698412985892363,0.4636710026975997,0.7290437386133916,1,7,122,0.8652482269503546,,,,
depth,ETTh1,MultiPatchFormer,96,test,2952,1.0,0.189195567,0.189195567,0.0,7,0.31708849539738976,0.2556038728838332,0.39570482707745247,0.5210137900198043,0.38871229433316024,0.6901362216828312,1,7,123,0.8723404255319149,,,,
depth,ETTh1,MultiPatchFormer,96,test,2976,1.0,0.25280469914285714,0.25280469914285714,0.0,7,0.2975619243966664,0.23783070884547264,0.3573448531216025,0.4871711376117983,0.377222438326436,0.6322627782968117,1,7,124,0.8794326241134752,,,,
depth,ETTh1,MultiPatchFormer,96,test,3000,4.0,0.27590815142857145,0.27590815142857145,0.0,7,0.2884006044887001,0.23321368876208098,0.3397676180341684,0.47089903960293084,0.35604728642167793,0.6136767120802071,1,7,125,0.8865248226950354,,,,
depth,ETTh1,MultiPatchFormer,96,test,3024,4.0,0.3061689128571428,0.3061689128571428,0.0,7,0.24372922872318123,0.12357627504301796,0.3473182795563915,0.46558433581261305,0.3513762139827969,0.5676796792321106,1,7,126,0.8936170212765957,,,,
depth,ETTh1,MultiPatchFormer,96,test,3048,5.0,0.28649692,0.28649692,0.0,7,0.29069856573034575,0.2487251298787043,0.3327542257590261,0.5139172683694216,0.3950526629896364,0.6091648766784855,1,7,127,0.900709219858156,,,,
depth,ETTh1,MultiPatchFormer,96,test,3072,5.0,0.34998918142857144,0.34998918142857144,0.0,7,0.3466425632984543,0.23869164317969038,0.4500599854907685,0.537539979298386,0.4070873100553737,0.6747627728907615,1,7,128,0.9078014184397163,,,,
depth,ETTh1,MultiPatchFormer,96,test,3096,5.0,0.3919392071428572,0.3919392071428572,0.0,7,0.39683695923263823,0.2726304760275316,0.5449636367668441,0.4752162296636141,0.4074048761724829,0.5480554312229887,1,7,129,0.9148936170212766,,,,
depth,ETTh1,MultiPatchFormer,96,test,3120,1.0,0.3414472835714286,0.3414472835714286,0.0,7,0.29194690296782666,0.23057765877087116,0.3513777481978298,0.46602140180117535,0.4189588943459045,0.538687474642883,1,7,130,0.9219858156028369,,,,
depth,ETTh1,MultiPatchFormer,96,test,3144,1.0,0.29922350971428574,0.29922350971428574,0.0,7,0.4129655340527528,0.31187628658123506,0.5563886437418449,0.4866700114091866,0.39283415971184865,0.5423851582170408,1,7,131,0.9290780141843972,,,,
depth,ETTh1,MultiPatchFormer,96,test,3168,1.0,0.18224627357142856,0.18224627357142856,0.0,7,0.378284083064466,0.30145376601944757,0.43856933060064396,0.5041384075176993,0.33467361133730716,0.6481484462010741,1,7,132,0.9361702127659575,,,,
depth,ETTh1,MultiPatchFormer,96,test,3192,2.0,0.18514419142857144,0.18514419142857144,0.0,7,0.307409713107552,0.16952584377001007,0.4104242689907684,0.5085008576142924,0.33402882224233976,0.6605613314307,1,7,133,0.9432624113475178,,,,
depth,ETTh1,MultiPatchFormer,96,test,3216,4.0,0.2488426682857143,0.2488426682857143,0.0,7,0.31578842297075654,0.18206412464138125,0.4548727677467596,0.49370815296891984,0.3355472640794347,0.6361600063773781,1,7,134,0.950354609929078,,,,
depth,ETTh1,MultiPatchFormer,96,test,3240,4.0,0.2827830557142857,0.2827830557142857,0.0,7,0.2962668284767308,0.19006917097213694,0.38349143340381076,0.4608153191783,0.3250759911915995,0.563502588570572,1,7,135,0.9574468085106383,,,,
depth,ETTh1,MultiPatchFormer,96,test,3264,3.0,0.27837428000000003,0.27837428000000003,0.0,7,0.3067957737517536,0.2368769439732785,0.4162043239003041,0.42568526681369734,0.3114666644846688,0.4943340523681211,1,7,136,0.9645390070921985,,,,
depth,ETTh1,MultiPatchFormer,96,test,3288,4.0,0.3256644984285714,0.3256644984285714,0.0,7,0.2930043581233742,0.25707772846534965,0.3169439936786304,0.4540184760425037,0.32277415685647054,0.5466877381182128,1,7,137,0.9716312056737588,,,,
depth,ETTh1,MultiPatchFormer,96,test,3312,3.0,0.28054666342857143,0.28054666342857143,0.0,7,0.30122066858832663,0.26043725583170235,0.33236939445502567,0.4807169091440228,0.3614458387481833,0.6104578202735687,1,7,138,0.9787234042553191,,,,
depth,ETTh1,MultiPatchFormer,96,test,3336,1.0,0.22421384885714285,0.22421384885714285,0.0,7,0.33634278585918576,0.23688696589886613,0.4141024855066882,0.45007924306517644,0.35304987601881416,0.5111302905069218,1,7,139,0.9858156028368794,,,,
depth,ETTh1,MultiPatchFormer,96,test,3360,3.0,0.24700786942857142,0.24700786942857142,0.0,7,0.29325045729654814,0.2485050715458407,0.34820455532852784,0.46781420588506634,0.3782112001238686,0.5359431678680909,1,7,140,0.9929078014184397,,,,
depth,ETTh1,MultiPatchFormer,96,test,3384,2.0,0.2783119807142857,0.2783119807142857,0.0,7,0.2960656256451813,0.2209665040075557,0.37498002107351813,0.5040037038833814,0.3929802094703763,0.5891370142821315,1,7,141,1.0,,,,
depth,ETTh1,PatchTST,96,test,0,4.0,0.48573642771428577,0.48573642771428577,0.0,7,0.590050407029684,0.5131340713791827,0.6741891109546297,0.47833298149111564,0.3712384191525044,0.5574837347931468,1,7,0,0.0,,,,
depth,ETTh1,PatchTST,96,test,24,4.0,0.33654407071428577,0.33654407071428577,0.0,7,0.46014385781937933,0.1946111461796313,0.6906210865998259,0.43862105379081695,0.3878435408393026,0.48543268972356385,1,7,1,0.0070921985815602835,,,,
depth,ETTh1,PatchTST,96,test,48,4.0,0.2447686222857143,0.2447686222857143,0.0,7,0.5495508754080078,0.4352290151593739,0.7083282814251031,0.42544567984875953,0.3403327665754935,0.5256928507590731,1,7,2,0.014184397163120567,,,,
depth,ETTh1,PatchTST,96,test,72,4.0,0.13388451157142858,0.13388451157142858,0.0,7,0.32771775327519403,0.2760498365557876,0.3876068293441114,0.4717959908346741,0.3314110227988153,0.686184453140915,1,7,3,0.02127659574468085,,,,
depth,ETTh1,PatchTST,96,test,96,5.0,0.2060320537142857,0.2060320537142857,0.0,7,0.3232242661549109,0.24004154711791553,0.4700339909246652,0.45325771536197196,0.33858720748890847,0.6804387734372517,1,7,4,0.028368794326241134,,,,
depth,ETTh1,PatchTST,96,test,120,5.0,0.31879049414285715,0.31879049414285715,0.0,7,0.27395163791471805,0.1999179585101336,0.34529987683799307,0.4762496139654341,0.33553027426994225,0.6925471786065602,1,7,5,0.03546099290780142,,,,
depth,ETTh1,PatchTST,96,test,144,5.0,0.29863196214285714,0.29863196214285714,0.0,7,0.26207223620495024,0.18016391602038034,0.4361939309858093,0.5092410697516347,0.3469875031960407,0.6847416321461082,1,7,6,0.0425531914893617,,,,
depth,ETTh1,PatchTST,96,test,168,5.0,0.36648776000000005,0.36648776000000005,0.0,7,0.30589802879942946,0.20891020912315578,0.38856499080656764,0.47484969232529234,0.33610829877095505,0.625245679621327,1,7,7,0.04964539007092199,,,,
depth,ETTh1,PatchTST,96,test,192,4.0,0.3028120697142857,0.3028120697142857,0.0,7,0.3212456010773643,0.24835826897199573,0.4257278561815244,0.5226591749997306,0.38842945681283225,0.7004617328390684,1,7,8,0.05673758865248227,,,,
depth,ETTh1,PatchTST,96,test,216,4.0,0.47248838657142855,0.47248838657142855,0.0,7,0.34541333701176047,0.2754776932875426,0.42006858830852456,0.5199359219599246,0.4132852527439944,0.7160315057863653,1,7,9,0.06382978723404255,,,,
depth,ETTh1,PatchTST,96,test,240,4.0,0.336853756,0.336853756,0.0,7,0.21847360478854333,0.12133124804045328,0.28785022365037827,0.5130310438440551,0.4109460668247349,0.6191002325925669,1,7,10,0.07092198581560284,,,,
depth,ETTh1,PatchTST,96,test,264,1.0,0.3793443089285714,0.3793443089285714,0.0,7,0.36312813756641155,0.2771719803019398,0.44651735148834865,0.5325959373150062,0.4436335377954106,0.6343691081783835,1,7,11,0.07801418439716312,,,,
depth,ETTh1,PatchTST,96,test,288,1.0,0.5190327605714286,0.5190327605714286,0.0,7,0.37926440512875,0.29841175587982705,0.4702244894926931,0.4812768418643013,0.4080318653693557,0.6070239577027611,1,7,12,0.0851063829787234,,,,
depth,ETTh1,PatchTST,96,test,312,2.0,0.5208451259285715,0.5208451259285715,0.0,7,0.37375736493648254,0.22225996489619873,0.4919477968171518,0.44626790668004196,0.39326788019564474,0.5175956118554476,1,7,13,0.09219858156028368,,,,
depth,ETTh1,PatchTST,96,test,336,5.0,0.33408355114285715,0.33408355114285715,0.0,7,0.37003896629553673,0.29729750212695305,0.45221559904681924,0.41487379063943575,0.37393719507369266,0.47976136991700724,1,7,14,0.09929078014184398,,,,
depth,ETTh1,PatchTST,96,test,360,1.0,0.32298035014285714,0.32298035014285714,0.0,7,0.2954404833057573,0.21593557039347866,0.36819010727897755,0.4521642152898425,0.4037591750009076,0.5257913186898194,1,7,15,0.10638297872340426,,,,
depth,ETTh1,PatchTST,96,test,384,1.0,0.5016587265142858,0.5016587265142858,0.0,7,0.27276663825609887,0.22642511539645893,0.31449740228107254,0.47964774971878216,0.4289430910491538,0.5300413121405025,1,7,16,0.11347517730496454,,,,
depth,ETTh1,PatchTST,96,test,408,1.0,0.18076920485714285,0.18076920485714285,0.0,7,0.3203874247649305,0.25606426083787875,0.3798850103099579,0.5090593534204209,0.47569012047817716,0.540794715237344,1,7,17,0.12056737588652482,,,,
depth,ETTh1,PatchTST,96,test,432,4.0,0.4291884608571429,0.4291884608571429,0.0,7,0.31785429119716063,0.21836900889123573,0.45358707607068516,0.46639576120580617,0.44323732460915005,0.5011407788985827,1,7,18,0.1276595744680851,,,,
depth,ETTh1,PatchTST,96,test,456,4.0,0.5415832877142858,0.5415832877142858,0.0,7,0.3262763442265599,0.3044906865801376,0.34383275671841645,0.43917806522279373,0.40130035380477797,0.494398953517261,1,7,19,0.1347517730496454,,,,
depth,ETTh1,PatchTST,96,test,480,5.0,0.8009568542857143,0.8009568542857143,0.0,7,0.29440332330150365,0.2501965941729528,0.3420538784122721,0.42108739896759195,0.3554010762274632,0.4840255186609122,1,7,20,0.14184397163120568,,,,
depth,ETTh1,PatchTST,96,test,504,4.0,0.4250070781428571,0.4250070781428571,0.0,7,0.2912129574764227,0.2493813121030119,0.34378564358175223,0.4103086559902857,0.3738796998357299,0.4735072453140022,1,7,21,0.14893617021276595,,,,
depth,ETTh1,PatchTST,96,test,528,2.0,0.32101569457142853,0.32101569457142853,0.0,7,0.42869340260868655,0.32609158376289726,0.5246738929295532,0.4195509753578718,0.37393185882046154,0.46960040420598387,1,7,22,0.15602836879432624,,,,
depth,ETTh1,PatchTST,96,test,552,3.0,0.2914617314285714,0.2914617314285714,0.0,7,0.4156914357202181,0.32987198622717306,0.5151512036564625,0.458554588516967,0.40502083020639085,0.5455061774668933,1,7,23,0.16312056737588654,,,,
depth,ETTh1,PatchTST,96,test,576,5.0,0.2762650047142857,0.2762650047142857,0.0,7,0.35077362039391363,0.2662626258164541,0.45793852574457455,0.5014386219087681,0.43232425972025157,0.5946588268456164,1,7,24,0.1702127659574468,,,,
depth,ETTh1,PatchTST,96,test,600,1.0,0.40103033771428576,0.40103033771428576,0.0,7,0.31163289565633245,0.2379370766146928,0.37091386031854423,0.45265489802768155,0.3965920929474891,0.5421471686531028,1,7,25,0.1773049645390071,,,,
depth,ETTh1,PatchTST,96,test,624,1.0,0.24722317014285713,0.24722317014285713,0.0,7,0.2883579632270367,0.14615661465876273,0.4350628639673903,0.4729343869255584,0.4104244348758639,0.5468988722481648,1,7,26,0.18439716312056736,,,,
depth,ETTh1,PatchTST,96,test,648,1.0,0.27723212785714285,0.27723212785714285,0.0,7,0.3534662079810915,0.31059877576306155,0.4046088361132213,0.5191736185575706,0.4076695238353008,0.6888064980959563,1,7,27,0.19148936170212766,,,,
depth,ETTh1,PatchTST,96,test,672,2.0,0.30009585285714285,0.30009585285714285,0.0,7,0.39074399255697617,0.27383001266807766,0.5201394741620654,0.49282331033208715,0.444188035454774,0.5609939610639267,1,7,28,0.19858156028368795,,,,
depth,ETTh1,PatchTST,96,test,696,4.0,0.5168103185714286,0.5168103185714286,0.0,7,0.4339796489679628,0.3707170573607048,0.511993703369072,0.5651155746906528,0.41620970002913676,0.7272676313277431,1,7,29,0.20567375886524822,,,,
depth,ETTh1,PatchTST,96,test,720,5.0,0.5843580357142858,0.5843580357142858,0.0,7,0.2884858446932189,0.2375815843291412,0.33382669198900555,0.5546090479167195,0.41212244404968007,0.7478322376905088,1,7,30,0.2127659574468085,,,,
depth,ETTh1,PatchTST,96,test,744,5.0,0.63414492,0.63414492,0.0,7,0.363701199363546,0.27406028409078204,0.42723304370167414,0.5844041530161407,0.44010947821728963,0.7364702960094701,1,7,31,0.2198581560283688,,,,
depth,ETTh1,PatchTST,96,test,768,1.0,0.7074242871428572,0.7074242871428572,0.0,7,0.37247644858441303,0.3109907519335506,0.4230058510213296,0.5294350919850308,0.40262713138729844,0.6889477906640421,1,7,32,0.22695035460992907,,,,
depth,ETTh1,PatchTST,96,test,792,4.0,0.5844068047142857,0.5844068047142857,0.0,7,0.4071633886515764,0.3207607893852068,0.5293145118409346,0.5182449462841814,0.4136183622413464,0.660410116276804,1,7,33,0.23404255319148937,,,,
depth,ETTh1,PatchTST,96,test,816,4.0,0.8767890628571429,0.8767890628571429,0.0,7,0.44432190104610286,0.33059299607732284,0.5452427597240487,0.5202324330526509,0.4066488853671404,0.6705957105801048,1,7,34,0.24113475177304963,,,,
depth,ETTh1,PatchTST,96,test,840,4.0,0.7578183314285714,0.7578183314285714,0.0,7,0.4230878724717641,0.3055702385441181,0.5209102805377186,0.5378648204660624,0.4152629604546492,0.6515837894814743,1,7,35,0.24822695035460993,,,,
depth,ETTh1,PatchTST,96,test,864,4.0,0.5201110871428571,0.5201110871428571,0.0,7,0.3909676832365269,0.2893013820904868,0.4933445000560417,0.5197547327437417,0.3795097635436783,0.6724461863709489,1,7,36,0.2553191489361702,,,,
depth,ETTh1,PatchTST,96,test,888,4.0,0.5027805128571429,0.5027805128571429,0.0,7,0.47430069598835234,0.3888868634808922,0.6237011756796672,0.5227721384299892,0.3738595403129563,0.6883441214414776,1,7,37,0.2624113475177305,,,,
depth,ETTh1,PatchTST,96,test,912,5.0,0.3675092328571429,0.3675092328571429,0.0,7,0.3255873684888515,0.2783316419500304,0.3761561332143322,0.5532001997411721,0.3639645512219733,0.7328697138571503,1,7,38,0.2695035460992908,,,,
depth,ETTh1,PatchTST,96,test,936,5.0,0.5989131028571428,0.5989131028571428,0.0,7,0.3712206673024997,0.30635450806655307,0.43931732704843524,0.5322429592367406,0.326908243969604,0.7407507513081895,1,7,39,0.2765957446808511,,,,
depth,ETTh1,PatchTST,96,test,960,5.0,0.6582155257142857,0.6582155257142857,0.0,7,0.33768372728580787,0.3092031668655794,0.37875667561680737,0.47903082396518365,0.31594191469784366,0.7560906788683629,1,7,40,0.28368794326241137,,,,
depth,ETTh1,PatchTST,96,test,984,2.0,0.48210886428571426,0.48210886428571426,0.0,7,0.25237560938816966,0.1666512842992811,0.35054978551244825,0.47462943228052473,0.3399328637940271,0.7164542728821158,1,7,41,0.2907801418439716,,,,
depth,ETTh1,PatchTST,96,test,1008,5.0,0.7389668128571428,0.7389668128571428,0.0,7,0.29339869245452943,0.2218827185619086,0.3715867182091352,0.4654661911941561,0.34597721191080566,0.6258217999587786,1,7,42,0.2978723404255319,,,,
depth,ETTh1,PatchTST,96,test,1032,2.0,0.35930899,0.35930899,0.0,7,0.2513601913893113,0.13448655586324645,0.3492877238853313,0.47871225025779507,0.4146617875092392,0.6270363135097433,1,7,43,0.3049645390070922,,,,
depth,ETTh1,PatchTST,96,test,1056,5.0,0.3373741985714286,0.3373741985714286,0.0,7,0.37319067794422267,0.28326391031470366,0.47503400427505965,0.4910377041946773,0.3982675266100884,0.6254492616994756,1,7,44,0.3120567375886525,,,,
depth,ETTh1,PatchTST,96,test,1080,4.0,0.29936795,0.29936795,0.0,7,0.28069762151257444,0.2519003242668595,0.3229232849769443,0.4763262607754961,0.3971573707298914,0.6113057204564569,1,7,45,0.3191489361702128,,,,
depth,ETTh1,PatchTST,96,test,1104,4.0,0.5463258071428572,0.5463258071428572,0.0,7,0.35210863584832486,0.3200781480645371,0.4147685810252291,0.5362738805648141,0.450482213501716,0.6321710596457768,1,7,46,0.3262411347517731,,,,
depth,ETTh1,PatchTST,96,test,1128,4.0,0.6879938657142857,0.6879938657142857,0.0,7,0.30751794014045725,0.27062835289114806,0.34740429857236904,0.4987896584563621,0.4345788510615488,0.5850062991392417,1,7,47,0.3333333333333333,,,,
depth,ETTh1,PatchTST,96,test,1152,4.0,0.5897079285714285,0.5897079285714285,0.0,7,0.3365982049903983,0.2366802685481046,0.4426644515837579,0.543988141178299,0.4920706539923917,0.6202926959953897,1,7,48,0.3404255319148936,,,,
depth,ETTh1,PatchTST,96,test,1176,4.0,0.5853891171428571,0.5853891171428571,0.0,7,0.35429269612729986,0.31767470076059867,0.40203684392558436,0.47383969483799565,0.38357699436998133,0.5715304139076297,1,7,49,0.3475177304964539,,,,
depth,ETTh1,PatchTST,96,test,1200,4.0,0.2487140842857143,0.2487140842857143,0.0,7,0.4146839563243739,0.2708465379009505,0.5745769347018024,0.48011565643326193,0.40006803879925107,0.5555606333476495,1,7,50,0.3546099290780142,,,,
depth,ETTh1,PatchTST,96,test,1224,3.0,0.2066499107142857,0.2066499107142857,0.0,7,0.36703080163962304,0.32019733901531805,0.41837609356325783,0.4835542470901572,0.36838595960473747,0.5745057821988196,1,7,51,0.3617021276595745,,,,
depth,ETTh1,PatchTST,96,test,1248,4.0,0.19619688585714284,0.19619688585714284,0.0,7,0.27554566215650084,0.15394666803898333,0.42893884307233643,0.46577496393172585,0.35621974675545354,0.6091211188760373,1,7,52,0.36879432624113473,,,,
depth,ETTh1,PatchTST,96,test,1272,5.0,0.265129365,0.265129365,0.0,7,0.30931771247120526,0.2337400562783726,0.35902082006195213,0.47898333265987686,0.3593641403060163,0.60715076026543,1,7,53,0.375886524822695,,,,
depth,ETTh1,PatchTST,96,test,1296,5.0,0.693639105,0.693639105,0.0,7,0.23792634623656922,0.14788918172181753,0.30778123922376677,0.5067840789717859,0.3553417807937172,0.6653213047923477,1,7,54,0.3829787234042553,,,,
depth,ETTh1,PatchTST,96,test,1320,5.0,0.8917110628571429,0.8917110628571429,0.0,7,0.2785951821654445,0.21147014948818255,0.3260137724835089,0.524288287981239,0.36116271615699264,0.7218810680108494,1,7,55,0.3900709219858156,,,,
depth,ETTh1,PatchTST,96,test,1344,1.0,0.7739431928571429,0.7739431928571429,0.0,7,0.27128294514693235,0.15939348581947582,0.40048356083751324,0.4660997639250688,0.3466624537680244,0.5841416923818312,1,7,56,0.3971631205673759,,,,
depth,ETTh1,PatchTST,96,test,1368,2.0,0.5876539171428572,0.5876539171428572,0.0,7,0.30887025150404196,0.21668903171515969,0.370540159060513,0.4696281045495362,0.35562387872680284,0.6282190094181077,1,7,57,0.40425531914893614,,,,
depth,ETTh1,PatchTST,96,test,1392,4.0,0.6160165914285715,0.6160165914285715,0.0,7,0.5263704659184284,0.40352029057536726,0.6400592895353723,0.4527107681671606,0.36767266197386894,0.5524933703695363,1,7,58,0.41134751773049644,,,,
depth,ETTh1,PatchTST,96,test,1416,5.0,0.4267916585714286,0.4267916585714286,0.0,7,0.5927003306741059,0.5098409657911221,0.6722599844367324,0.4549812491162558,0.3651125260503468,0.5653638298144391,1,7,59,0.41843971631205673,,,,
depth,ETTh1,PatchTST,96,test,1440,5.0,0.52572974,0.52572974,0.0,7,0.3094385693185761,0.14921877992137458,0.4535456900242849,0.47401372725221386,0.38343841148771035,0.5773243917379185,1,7,60,0.425531914893617,,,,
depth,ETTh1,PatchTST,96,test,1464,1.0,0.7390978814285714,0.7390978814285714,0.0,7,0.5481790217612996,0.4775621211357105,0.6195811956093553,0.46420813862915355,0.3782297261633718,0.5727609400437441,1,7,61,0.4326241134751773,,,,
depth,ETTh1,PatchTST,96,test,1488,4.0,0.6938217457142857,0.6938217457142857,0.0,7,0.33572077573417786,0.24383159814103011,0.40699746333460607,0.5040324708302941,0.37512467351678747,0.6418969524835094,1,7,62,0.4397163120567376,,,,
depth,ETTh1,PatchTST,96,test,1512,4.0,0.9647556621428571,0.9647556621428571,0.0,7,0.387552498657613,0.3037566834342533,0.454703703761679,0.45859332530875874,0.37270568294686973,0.6102491802683269,1,7,63,0.44680851063829785,,,,
depth,ETTh1,PatchTST,96,test,1536,4.0,0.7737412485714286,0.7737412485714286,0.0,7,0.3794688857088385,0.33674978409723383,0.4363977768625733,0.5455422219623377,0.4306597350326263,0.6814571628415063,1,7,64,0.45390070921985815,,,,
depth,ETTh1,PatchTST,96,test,1560,1.0,1.0366584471428573,1.0366584471428573,0.0,7,0.36100243869888443,0.26098085262636583,0.4609171771118714,0.5434337090616617,0.40598586859862673,0.7532026943546972,1,7,65,0.46099290780141844,,,,
depth,ETTh1,PatchTST,96,test,1584,5.0,0.7276707071428571,0.7276707071428571,0.0,7,0.49727104910972736,0.4214317514279589,0.5778540004302427,0.5124122839453463,0.3994720341644618,0.6318684770632427,1,7,66,0.46808510638297873,,,,
depth,ETTh1,PatchTST,96,test,1608,5.0,0.6976308975714286,0.6976308975714286,0.0,7,0.362219205570598,0.24995472527758994,0.48507786373273837,0.4866163144041336,0.33334982812675606,0.6028108713659927,1,7,67,0.475177304964539,,,,
depth,ETTh1,PatchTST,96,test,1632,5.0,0.8913439857142856,0.8913439857142856,0.0,7,0.3021270085968342,0.2302342571479966,0.35969971668966794,0.4339991276705289,0.30231259792570453,0.522751517524281,1,7,68,0.48226950354609927,,,,
depth,ETTh1,PatchTST,96,test,1656,5.0,0.7029760242857143,0.7029760242857143,0.0,7,0.28869486640407865,0.20680921050708312,0.3844048133061097,0.49082817540510837,0.3184712597833471,0.6261548213333761,1,7,69,0.48936170212765956,,,,
depth,ETTh1,PatchTST,96,test,1680,3.0,0.29883431785714293,0.29883431785714293,0.0,7,0.27965492697863364,0.24101687406217717,0.32510580290431623,0.48057316062108263,0.35200015553899294,0.6290890210681727,1,7,70,0.49645390070921985,,,,
depth,ETTh1,PatchTST,96,test,1704,4.0,0.2669494082857143,0.2669494082857143,0.0,7,0.3579045480170069,0.279172514803758,0.4529605298556168,0.4516120985084373,0.35382943942597217,0.6086939903749038,1,7,71,0.5035460992907801,,,,
depth,ETTh1,PatchTST,96,test,1728,4.0,0.49425339142857144,0.49425339142857144,0.0,7,0.3079524189550664,0.24188541643062125,0.3779447718376864,0.4671523568187538,0.37506786606532716,0.6207230129272631,1,7,72,0.5106382978723404,,,,
depth,ETTh1,PatchTST,96,test,1752,4.0,0.3249480034285714,0.3249480034285714,0.0,7,0.282955006469492,0.22949509128874734,0.34800007456624554,0.4986011523926898,0.41996352123870334,0.6442579041385872,1,7,73,0.5177304964539007,,,,
depth,ETTh1,PatchTST,96,test,1776,4.0,0.3533922,0.3533922,0.0,7,0.35512881631287624,0.27963670302661503,0.44236635085754905,0.454122259845407,0.388961909249657,0.5577185636360824,1,7,74,0.524822695035461,,,,
depth,ETTh1,PatchTST,96,test,1800,5.0,0.21981251714285713,0.21981251714285713,0.0,7,0.30936601738398345,0.22330314830103626,0.41481540409619805,0.4687706077161756,0.4076642802303003,0.5539515583346478,1,7,75,0.5319148936170213,,,,
depth,ETTh1,PatchTST,96,test,1824,5.0,0.3185838614285714,0.3185838614285714,0.0,7,0.30361408800090306,0.2397298097396725,0.36307487059254273,0.43722901481067616,0.3320470446623682,0.5247135314894198,1,7,76,0.5390070921985816,,,,
depth,ETTh1,PatchTST,96,test,1848,5.0,0.5347879771428571,0.5347879771428571,0.0,7,0.22880147340818097,0.0721828379140632,0.31970994086384724,0.42815353788256133,0.3155453356704937,0.5310849250767709,1,7,77,0.5460992907801419,,,,
depth,ETTh1,PatchTST,96,test,1872,1.0,0.5677435548571428,0.5677435548571428,0.0,7,0.20984105473426312,0.08127785312701084,0.31986514355352696,0.42094336848292935,0.3028245439236141,0.5532456787767605,1,7,78,0.5531914893617021,,,,
depth,ETTh1,PatchTST,96,test,1896,1.0,0.3819651,0.3819651,0.0,7,0.2689226616020951,0.14124714790236412,0.3301207220879969,0.40283571419668013,0.31700371809106254,0.46688074728990764,1,7,79,0.5602836879432624,,,,
depth,ETTh1,PatchTST,96,test,1920,5.0,0.3317120042857143,0.3317120042857143,0.0,7,0.32785752226132736,0.2458796155034355,0.3951610510591935,0.4244730071782708,0.34642189230573317,0.5075894150525843,1,7,80,0.5673758865248227,,,,
depth,ETTh1,PatchTST,96,test,1944,4.0,0.4794043614285714,0.4794043614285714,0.0,7,0.28681851146104187,0.23838428992845134,0.33995056866475765,0.42204075836275745,0.3223121802485735,0.4906926009486366,1,7,81,0.574468085106383,,,,
depth,ETTh1,PatchTST,96,test,1968,4.0,0.3888238648571428,0.3888238648571428,0.0,7,0.2904680679912129,0.1286273813907558,0.4665909403253345,0.4202073027339925,0.37858413037211064,0.4696399981299399,1,7,82,0.5815602836879432,,,,
depth,ETTh1,PatchTST,96,test,1992,4.0,0.25505897214285717,0.25505897214285717,0.0,7,0.3318494767576456,0.2593296629400156,0.3984352579679493,0.47441929355365975,0.35948610583898255,0.6122699332361339,1,7,83,0.5886524822695035,,,,
depth,ETTh1,PatchTST,96,test,2016,4.0,0.27639888142857144,0.27639888142857144,0.0,7,0.33525566463686113,0.2499851488656322,0.43342595941501977,0.4969440092359479,0.4064523329339293,0.5931312662544165,1,7,84,0.5957446808510638,,,,
depth,ETTh1,PatchTST,96,test,2040,5.0,0.30156801657142857,0.30156801657142857,0.0,7,0.3091205162668583,0.25757809499634654,0.38360898773755825,0.4799621378746243,0.36643588330910226,0.5958616410234335,1,7,85,0.6028368794326241,,,,
depth,ETTh1,PatchTST,96,test,2064,5.0,0.297723992,0.297723992,0.0,7,0.2589112934472021,0.16031605513475272,0.3467502958916746,0.48485337455082317,0.3588656445723126,0.611897216870569,1,7,86,0.6099290780141844,,,,
depth,ETTh1,PatchTST,96,test,2088,5.0,0.24258868171428571,0.24258868171428571,0.0,7,0.2771256292046075,0.20789752944956374,0.3433356543587551,0.4540304626937462,0.34632605163966124,0.537837960892914,1,7,87,0.6170212765957447,,,,
depth,ETTh1,PatchTST,96,test,2112,4.0,0.23697225357142856,0.23697225357142856,0.0,7,0.3319055433732926,0.27199464092585873,0.39541053326996983,0.4611512159422078,0.3573145256252354,0.5671134963114741,1,7,88,0.624113475177305,,,,
depth,ETTh1,PatchTST,96,test,2136,4.0,0.26833907285714287,0.26833907285714287,0.0,7,0.2969236593595011,0.22867537082135436,0.33811606254827625,0.4501678160078758,0.360558154466678,0.5272520759039583,1,7,89,0.6312056737588653,,,,
depth,ETTh1,PatchTST,96,test,2160,3.0,0.34803750099999997,0.34803750099999997,0.0,7,0.28830157854198785,0.21390889334505236,0.3828609013410838,0.4431750564348921,0.3801730813624752,0.5106225020956016,1,7,90,0.6382978723404256,,,,
depth,ETTh1,PatchTST,96,test,2184,5.0,0.5088485028571429,0.5088485028571429,0.0,7,0.34178402378929473,0.2518715919837361,0.44647657500984406,0.4787663254125067,0.3648847182517189,0.6305757814556019,1,7,91,0.6453900709219859,,,,
depth,ETTh1,PatchTST,96,test,2208,5.0,0.6631372785714286,0.6631372785714286,0.0,7,0.2985997197054252,0.26776621645057497,0.34695115180543057,0.4608637079885648,0.36518376296422767,0.5869658407963604,1,7,92,0.6524822695035462,,,,
depth,ETTh1,PatchTST,96,test,2232,5.0,0.746627255,0.746627255,0.0,7,0.29686838668227733,0.21409472001625277,0.3427494432575306,0.498676306679915,0.3922473971815283,0.615779512634731,1,7,93,0.6595744680851063,,,,
depth,ETTh1,PatchTST,96,test,2256,4.0,0.8587546648571429,0.8587546648571429,0.0,7,0.349860869547482,0.2651132629716265,0.44975964237298205,0.5032355739710804,0.4070867404657075,0.6071549374007068,1,7,94,0.6666666666666666,,,,
depth,ETTh1,PatchTST,96,test,2280,4.0,1.1943678042857144,1.1943678042857144,0.0,7,0.3580228693167644,0.22489548558622774,0.5135265452892687,0.4843951447532166,0.41690455826383654,0.5913875491324183,1,7,95,0.6737588652482269,,,,
depth,ETTh1,PatchTST,96,test,2304,4.0,0.8086448597142857,0.8086448597142857,0.0,7,0.3638626880391396,0.32666879907864993,0.39999981027053416,0.4756566933283544,0.4419297430581499,0.5170798611747985,1,7,96,0.6808510638297872,,,,
depth,ETTh1,PatchTST,96,test,2328,1.0,0.852421895,0.852421895,0.0,7,0.37984182596975863,0.3025644014693339,0.4696288573952123,0.523505231429692,0.4700516288441264,0.5980064431282467,1,7,97,0.6879432624113475,,,,
depth,ETTh1,PatchTST,96,test,2352,1.0,0.7494277871428572,0.7494277871428572,0.0,7,0.4208468292939186,0.342095420916186,0.48484544145751785,0.4922189836283888,0.4247472724122302,0.5801698389988279,1,7,98,0.6950354609929078,,,,
depth,ETTh1,PatchTST,96,test,2376,3.0,0.2943726428571428,0.2943726428571428,0.0,7,0.32618246231984566,0.1676789245052418,0.5084127685503473,0.500200660687202,0.41720129304969583,0.5912117425715098,1,7,99,0.7021276595744681,,,,
depth,ETTh1,PatchTST,96,test,2400,4.0,0.3814169314285714,0.3814169314285714,0.0,7,0.431136530929846,0.3438269414531159,0.5230305974786521,0.517293887795377,0.39221151771290286,0.6966257700522472,1,7,100,0.7092198581560284,,,,
depth,ETTh1,PatchTST,96,test,2424,1.0,0.3198027371428571,0.3198027371428571,0.0,7,0.35872899227274546,0.31006732560189443,0.41150117123027974,0.5650174599024501,0.4390436043071214,0.709087114460046,1,7,101,0.7163120567375887,,,,
depth,ETTh1,PatchTST,96,test,2448,5.0,0.28252812085714285,0.28252812085714285,0.0,7,0.29069712851418955,0.21788943395164279,0.34434060275418854,0.5115542511565719,0.38437175889605524,0.6848438918581436,1,7,102,0.723404255319149,,,,
depth,ETTh1,PatchTST,96,test,2472,5.0,0.4055967542857143,0.4055967542857143,0.0,7,0.3479748550388976,0.27962130796332646,0.4090565815270209,0.5102477698364467,0.35296069578757305,0.7376064796464905,1,7,103,0.7304964539007093,,,,
depth,ETTh1,PatchTST,96,test,2496,5.0,0.725743528,0.725743528,0.0,7,0.33734463017635946,0.2746252599180106,0.39343032283090856,0.5114820996365813,0.31759908081587324,0.7446304207274195,1,7,104,0.7375886524822695,,,,
depth,ETTh1,PatchTST,96,test,2520,5.0,0.6633190342857143,0.6633190342857143,0.0,7,0.26437250472276586,0.20684357622246474,0.35704373272361745,0.49992425898840226,0.3453672991580251,0.6909535851410081,1,7,105,0.7446808510638298,,,,
depth,ETTh1,PatchTST,96,test,2544,2.0,0.5890833328571429,0.5890833328571429,0.0,7,0.3069736816141459,0.18110622924120734,0.44638684685128704,0.5138396626176666,0.34867846304912153,0.7024416619892803,1,7,106,0.75177304964539,,,,
depth,ETTh1,PatchTST,96,test,2568,5.0,0.37093144914285714,0.37093144914285714,0.0,7,0.3506525896589226,0.2721124595453966,0.4078975235740193,0.4798515940197577,0.36545663702001874,0.5966383999942062,1,7,107,0.7588652482269503,,,,
depth,ETTh1,PatchTST,96,test,2592,4.0,0.39069929642857143,0.39069929642857143,0.0,7,0.42122950338598,0.31872405270433823,0.5455837333383374,0.4633371272615566,0.3917450161542545,0.5379582784395942,1,7,108,0.7659574468085106,,,,
depth,ETTh1,PatchTST,96,test,2616,4.0,0.4624330378571429,0.4624330378571429,0.0,7,0.34065603230001784,0.2781299334449039,0.4073716053146206,0.4807753642093258,0.43458771615137415,0.5300061422330136,1,7,109,0.7730496453900709,,,,
depth,ETTh1,PatchTST,96,test,2640,4.0,0.5718113542857143,0.5718113542857143,0.0,7,0.2902088152621878,0.23207278252189784,0.36364605263014443,0.5444102020538142,0.47208842554764546,0.6301023241074555,1,7,110,0.7801418439716312,,,,
depth,ETTh1,PatchTST,96,test,2664,1.0,0.276426955,0.276426955,0.0,7,0.38708588717069636,0.30823412717470483,0.45842660423962617,0.5262030702700965,0.4560380545146514,0.5921663056216232,1,7,111,0.7872340425531915,,,,
depth,ETTh1,PatchTST,96,test,2688,5.0,0.31250191128571425,0.31250191128571425,0.0,7,0.3680857791175665,0.31836802578861456,0.4528458412840167,0.5064596850727977,0.3911801444947932,0.593942269656592,1,7,112,0.7943262411347518,,,,
depth,ETTh1,PatchTST,96,test,2712,5.0,0.291455195,0.291455195,0.0,7,0.31363396646568165,0.23993247177030677,0.381315294107851,0.5048902566522979,0.4137860501353927,0.6068813149745862,1,7,113,0.8014184397163121,,,,
depth,ETTh1,PatchTST,96,test,2736,5.0,0.21391890514285716,0.21391890514285716,0.0,7,0.32120302835438486,0.2103030518154116,0.41258468645325164,0.5086422393774507,0.4016596843707051,0.5717873506441268,1,7,114,0.8085106382978723,,,,
depth,ETTh1,PatchTST,96,test,2760,5.0,0.39452945857142857,0.39452945857142857,0.0,7,0.36828287450129193,0.30154722968627135,0.4173927726908911,0.5504974770377731,0.4415710303355402,0.6443120592517779,1,7,115,0.8156028368794326,,,,
depth,ETTh1,PatchTST,96,test,2784,5.0,0.5000691488571428,0.5000691488571428,0.0,7,0.35623831938377515,0.26386303970433045,0.46337889042114516,0.533220859384824,0.42528683147420787,0.6198108374385691,1,7,116,0.8226950354609929,,,,
depth,ETTh1,PatchTST,96,test,2808,1.0,0.42098261657142855,0.42098261657142855,0.0,7,0.4014428558353216,0.34244403773662857,0.48563391111091475,0.5306191985424519,0.41515443250383505,0.6317221824686563,1,7,117,0.8297872340425532,,,,
depth,ETTh1,PatchTST,96,test,2832,2.0,0.4744358305714286,0.4744358305714286,0.0,7,0.301861534078418,0.23392746104271586,0.42665494387646824,0.5039497348265237,0.3840632935144853,0.6167332541421392,1,7,118,0.8368794326241135,,,,
depth,ETTh1,PatchTST,96,test,2856,4.0,0.6698012838571429,0.6698012838571429,0.0,7,0.4447038938356762,0.29446982590418047,0.5495583486014923,0.5038203180869341,0.4057522303673045,0.6022181475759196,1,7,119,0.8439716312056738,,,,
depth,ETTh1,PatchTST,96,test,2880,4.0,0.2564821705714286,0.2564821705714286,0.0,7,0.5946334959140724,0.5446708459557379,0.6445969437409155,0.525622843363449,0.39809063746232276,0.6484700050897342,1,7,120,0.851063829787234,,,,
depth,ETTh1,PatchTST,96,test,2904,4.0,0.26079185114285713,0.26079185114285713,0.0,7,0.3321561865168357,0.2323684706145251,0.4914488758869346,0.5512656255742281,0.459326949742057,0.6606602229416924,1,7,121,0.8581560283687943,,,,
depth,ETTh1,PatchTST,96,test,2928,4.0,0.19351461457142857,0.19351461457142857,0.0,7,0.539616183273658,0.4624023727173349,0.6286502582392567,0.5698412985892363,0.4636710026975997,0.7290437386133916,1,7,122,0.8652482269503546,,,,
depth,ETTh1,PatchTST,96,test,2952,5.0,0.20626889914285715,0.20626889914285715,0.0,7,0.31708849539738976,0.2556038728838332,0.39570482707745247,0.5210137900198043,0.38871229433316024,0.6901362216828312,1,7,123,0.8723404255319149,,,,
depth,ETTh1,PatchTST,96,test,2976,5.0,0.27880613000000004,0.27880613000000004,0.0,7,0.2975619243966664,0.23783070884547264,0.3573448531216025,0.4871711376117983,0.377222438326436,0.6322627782968117,1,7,124,0.8794326241134752,,,,
depth,ETTh1,PatchTST,96,test,3000,5.0,0.39619456699999994,0.39619456699999994,0.0,7,0.2884006044887001,0.23321368876208098,0.3397676180341684,0.47089903960293084,0.35604728642167793,0.6136767120802071,1,7,125,0.8865248226950354,,,,
depth,ETTh1,PatchTST,96,test,3024,1.0,0.334462635,0.334462635,0.0,7,0.24372922872318123,0.12357627504301796,0.3473182795563915,0.46558433581261305,0.3513762139827969,0.5676796792321106,1,7,126,0.8936170212765957,,,,
depth,ETTh1,PatchTST,96,test,3048,4.0,0.2876275385714286,0.2876275385714286,0.0,7,0.29069856573034575,0.2487251298787043,0.3327542257590261,0.5139172683694216,0.3950526629896364,0.6091648766784855,1,7,127,0.900709219858156,,,,
depth,ETTh1,PatchTST,96,test,3072,4.0,0.3697006922857143,0.3697006922857143,0.0,7,0.3466425632984543,0.23869164317969038,0.4500599854907685,0.537539979298386,0.4070873100553737,0.6747627728907615,1,7,128,0.9078014184397163,,,,
depth,ETTh1,PatchTST,96,test,3096,4.0,0.35269447085714284,0.35269447085714284,0.0,7,0.39683695923263823,0.2726304760275316,0.5449636367668441,0.4752162296636141,0.4074048761724829,0.5480554312229887,1,7,129,0.9148936170212766,,,,
depth,ETTh1,PatchTST,96,test,3120,4.0,0.35029502,0.35029502,0.0,7,0.29194690296782666,0.23057765877087116,0.3513777481978298,0.46602140180117535,0.4189588943459045,0.538687474642883,1,7,130,0.9219858156028369,,,,
depth,ETTh1,PatchTST,96,test,3144,4.0,0.2967595621428572,0.2967595621428572,0.0,7,0.4129655340527528,0.31187628658123506,0.5563886437418449,0.4866700114091866,0.39283415971184865,0.5423851582170408,1,7,131,0.9290780141843972,,,,
depth,ETTh1,PatchTST,96,test,3168,1.0,0.18100647714285714,0.18100647714285714,0.0,7,0.378284083064466,0.30145376601944757,0.43856933060064396,0.5041384075176993,0.33467361133730716,0.6481484462010741,1,7,132,0.9361702127659575,,,,
depth,ETTh1,PatchTST,96,test,3192,2.0,0.20131496485714287,0.20131496485714287,0.0,7,0.307409713107552,0.16952584377001007,0.4104242689907684,0.5085008576142924,0.33402882224233976,0.6605613314307,1,7,133,0.9432624113475178,,,,
depth,ETTh1,PatchTST,96,test,3216,2.0,0.27494623714285715,0.27494623714285715,0.0,7,0.31578842297075654,0.18206412464138125,0.4548727677467596,0.49370815296891984,0.3355472640794347,0.6361600063773781,1,7,134,0.950354609929078,,,,
depth,ETTh1,PatchTST,96,test,3240,5.0,0.3224306371428572,0.3224306371428572,0.0,7,0.2962668284767308,0.19006917097213694,0.38349143340381076,0.4608153191783,0.3250759911915995,0.563502588570572,1,7,135,0.9574468085106383,,,,
depth,ETTh1,PatchTST,96,test,3264,5.0,0.2914162157142858,0.2914162157142858,0.0,7,0.3067957737517536,0.2368769439732785,0.4162043239003041,0.42568526681369734,0.3114666644846688,0.4943340523681211,1,7,136,0.9645390070921985,,,,
depth,ETTh1,PatchTST,96,test,3288,5.0,0.4107296505714286,0.4107296505714286,0.0,7,0.2930043581233742,0.25707772846534965,0.3169439936786304,0.4540184760425037,0.32277415685647054,0.5466877381182128,1,7,137,0.9716312056737588,,,,
depth,ETTh1,PatchTST,96,test,3312,5.0,0.2942377992857143,0.2942377992857143,0.0,7,0.30122066858832663,0.26043725583170235,0.33236939445502567,0.4807169091440228,0.3614458387481833,0.6104578202735687,1,7,138,0.9787234042553191,,,,
depth,ETTh1,PatchTST,96,test,3336,5.0,0.2407920332857143,0.2407920332857143,0.0,7,0.33634278585918576,0.23688696589886613,0.4141024855066882,0.45007924306517644,0.35304987601881416,0.5111302905069218,1,7,139,0.9858156028368794,,,,
depth,ETTh1,PatchTST,96,test,3360,5.0,0.270432893,0.270432893,0.0,7,0.29325045729654814,0.2485050715458407,0.34820455532852784,0.46781420588506634,0.3782112001238686,0.5359431678680909,1,7,140,0.9929078014184397,,,,
depth,ETTh1,PatchTST,96,test,3384,4.0,0.23976196485714288,0.23976196485714288,0.0,7,0.2960656256451813,0.2209665040075557,0.37498002107351813,0.5040037038833814,0.3929802094703763,0.5891370142821315,1,7,141,1.0,,,,
depth,ETTh1,TimeMixer,96,test,0,3.0,0.4573784994285714,0.4573784994285714,0.0,7,0.590050407029684,0.5131340713791827,0.6741891109546297,0.47833298149111564,0.3712384191525044,0.5574837347931468,1,7,0,0.0,,,,
depth,ETTh1,TimeMixer,96,test,24,1.0,0.3195704437142857,0.3195704437142857,0.0,7,0.46014385781937933,0.1946111461796313,0.6906210865998259,0.43862105379081695,0.3878435408393026,0.48543268972356385,1,7,1,0.0070921985815602835,,,,
depth,ETTh1,TimeMixer,96,test,48,1.0,0.2614894267857143,0.2614894267857143,0.0,7,0.5495508754080078,0.4352290151593739,0.7083282814251031,0.42544567984875953,0.3403327665754935,0.5256928507590731,1,7,2,0.014184397163120567,,,,
depth,ETTh1,TimeMixer,96,test,72,3.0,0.140476436,0.140476436,0.0,7,0.32771775327519403,0.2760498365557876,0.3876068293441114,0.4717959908346741,0.3314110227988153,0.686184453140915,1,7,3,0.02127659574468085,,,,
depth,ETTh1,TimeMixer,96,test,96,4.0,0.1768548597142857,0.1768548597142857,0.0,7,0.3232242661549109,0.24004154711791553,0.4700339909246652,0.45325771536197196,0.33858720748890847,0.6804387734372517,1,7,4,0.028368794326241134,,,,
depth,ETTh1,TimeMixer,96,test,120,4.0,0.2823867957142857,0.2823867957142857,0.0,7,0.27395163791471805,0.1999179585101336,0.34529987683799307,0.4762496139654341,0.33553027426994225,0.6925471786065602,1,7,5,0.03546099290780142,,,,
depth,ETTh1,TimeMixer,96,test,144,5.0,0.26518219857142855,0.26518219857142855,0.0,7,0.26207223620495024,0.18016391602038034,0.4361939309858093,0.5092410697516347,0.3469875031960407,0.6847416321461082,1,7,6,0.0425531914893617,,,,
depth,ETTh1,TimeMixer,96,test,168,5.0,0.3148859235714286,0.3148859235714286,0.0,7,0.30589802879942946,0.20891020912315578,0.38856499080656764,0.47484969232529234,0.33610829877095505,0.625245679621327,1,7,7,0.04964539007092199,,,,
depth,ETTh1,TimeMixer,96,test,192,1.0,0.2741533707142857,0.2741533707142857,0.0,7,0.3212456010773643,0.24835826897199573,0.4257278561815244,0.5226591749997306,0.38842945681283225,0.7004617328390684,1,7,8,0.05673758865248227,,,,
depth,ETTh1,TimeMixer,96,test,216,3.0,0.4853264097142857,0.4853264097142857,0.0,7,0.34541333701176047,0.2754776932875426,0.42006858830852456,0.5199359219599246,0.4132852527439944,0.7160315057863653,1,7,9,0.06382978723404255,,,,
depth,ETTh1,TimeMixer,96,test,240,1.0,0.3446402608571429,0.3446402608571429,0.0,7,0.21847360478854333,0.12133124804045328,0.28785022365037827,0.5130310438440551,0.4109460668247349,0.6191002325925669,1,7,10,0.07092198581560284,,,,
depth,ETTh1,TimeMixer,96,test,264,2.0,0.33453414771428575,0.33453414771428575,0.0,7,0.36312813756641155,0.2771719803019398,0.44651735148834865,0.5325959373150062,0.4436335377954106,0.6343691081783835,1,7,11,0.07801418439716312,,,,
depth,ETTh1,TimeMixer,96,test,288,2.0,0.41789474942857147,0.41789474942857147,0.0,7,0.37926440512875,0.29841175587982705,0.4702244894926931,0.4812768418643013,0.4080318653693557,0.6070239577027611,1,7,12,0.0851063829787234,,,,
depth,ETTh1,TimeMixer,96,test,312,2.0,0.48062168857142856,0.48062168857142856,0.0,7,0.37375736493648254,0.22225996489619873,0.4919477968171518,0.44626790668004196,0.39326788019564474,0.5175956118554476,1,7,13,0.09219858156028368,,,,
depth,ETTh1,TimeMixer,96,test,336,2.0,0.32634450128571435,0.32634450128571435,0.0,7,0.37003896629553673,0.29729750212695305,0.45221559904681924,0.41487379063943575,0.37393719507369266,0.47976136991700724,1,7,14,0.09929078014184398,,,,
depth,ETTh1,TimeMixer,96,test,360,4.0,0.3273108394857143,0.3273108394857143,0.0,7,0.2954404833057573,0.21593557039347866,0.36819010727897755,0.4521642152898425,0.4037591750009076,0.5257913186898194,1,7,15,0.10638297872340426,,,,
depth,ETTh1,TimeMixer,96,test,384,1.0,0.5595036731428572,0.5595036731428572,0.0,7,0.27276663825609887,0.22642511539645893,0.31449740228107254,0.47964774971878216,0.4289430910491538,0.5300413121405025,1,7,16,0.11347517730496454,,,,
depth,ETTh1,TimeMixer,96,test,408,3.0,0.17675672571428572,0.17675672571428572,0.0,7,0.3203874247649305,0.25606426083787875,0.3798850103099579,0.5090593534204209,0.47569012047817716,0.540794715237344,1,7,17,0.12056737588652482,,,,
depth,ETTh1,TimeMixer,96,test,432,3.0,0.37828567514285716,0.37828567514285716,0.0,7,0.31785429119716063,0.21836900889123573,0.45358707607068516,0.46639576120580617,0.44323732460915005,0.5011407788985827,1,7,18,0.1276595744680851,,,,
depth,ETTh1,TimeMixer,96,test,456,3.0,0.4617439294285714,0.4617439294285714,0.0,7,0.3262763442265599,0.3044906865801376,0.34383275671841645,0.43917806522279373,0.40130035380477797,0.494398953517261,1,7,19,0.1347517730496454,,,,
depth,ETTh1,TimeMixer,96,test,480,3.0,0.7638729195714287,0.7638729195714287,0.0,7,0.29440332330150365,0.2501965941729528,0.3420538784122721,0.42108739896759195,0.3554010762274632,0.4840255186609122,1,7,20,0.14184397163120568,,,,
depth,ETTh1,TimeMixer,96,test,504,3.0,0.3894122918571428,0.3894122918571428,0.0,7,0.2912129574764227,0.2493813121030119,0.34378564358175223,0.4103086559902857,0.3738796998357299,0.4735072453140022,1,7,21,0.14893617021276595,,,,
depth,ETTh1,TimeMixer,96,test,528,2.0,0.32014746,0.32014746,0.0,7,0.42869340260868655,0.32609158376289726,0.5246738929295532,0.4195509753578718,0.37393185882046154,0.46960040420598387,1,7,22,0.15602836879432624,,,,
depth,ETTh1,TimeMixer,96,test,552,1.0,0.2964774748571429,0.2964774748571429,0.0,7,0.4156914357202181,0.32987198622717306,0.5151512036564625,0.458554588516967,0.40502083020639085,0.5455061774668933,1,7,23,0.16312056737588654,,,,
depth,ETTh1,TimeMixer,96,test,576,4.0,0.28901390471428573,0.28901390471428573,0.0,7,0.35077362039391363,0.2662626258164541,0.45793852574457455,0.5014386219087681,0.43232425972025157,0.5946588268456164,1,7,24,0.1702127659574468,,,,
depth,ETTh1,TimeMixer,96,test,600,4.0,0.35326172085714286,0.35326172085714286,0.0,7,0.31163289565633245,0.2379370766146928,0.37091386031854423,0.45265489802768155,0.3965920929474891,0.5421471686531028,1,7,25,0.1773049645390071,,,,
depth,ETTh1,TimeMixer,96,test,624,5.0,0.2462479442857143,0.2462479442857143,0.0,7,0.2883579632270367,0.14615661465876273,0.4350628639673903,0.4729343869255584,0.4104244348758639,0.5468988722481648,1,7,26,0.18439716312056736,,,,
depth,ETTh1,TimeMixer,96,test,648,5.0,0.23228855928571426,0.23228855928571426,0.0,7,0.3534662079810915,0.31059877576306155,0.4046088361132213,0.5191736185575706,0.4076695238353008,0.6888064980959563,1,7,27,0.19148936170212766,,,,
depth,ETTh1,TimeMixer,96,test,672,3.0,0.2850241548571429,0.2850241548571429,0.0,7,0.39074399255697617,0.27383001266807766,0.5201394741620654,0.49282331033208715,0.444188035454774,0.5609939610639267,1,7,28,0.19858156028368795,,,,
depth,ETTh1,TimeMixer,96,test,696,4.0,0.49152812714285715,0.49152812714285715,0.0,7,0.4339796489679628,0.3707170573607048,0.511993703369072,0.5651155746906528,0.41620970002913676,0.7272676313277431,1,7,29,0.20567375886524822,,,,
depth,ETTh1,TimeMixer,96,test,720,2.0,0.5799858314285714,0.5799858314285714,0.0,7,0.2884858446932189,0.2375815843291412,0.33382669198900555,0.5546090479167195,0.41212244404968007,0.7478322376905088,1,7,30,0.2127659574468085,,,,
depth,ETTh1,TimeMixer,96,test,744,1.0,0.57877966,0.57877966,0.0,7,0.363701199363546,0.27406028409078204,0.42723304370167414,0.5844041530161407,0.44010947821728963,0.7364702960094701,1,7,31,0.2198581560283688,,,,
depth,ETTh1,TimeMixer,96,test,768,5.0,0.6648696291428572,0.6648696291428572,0.0,7,0.37247644858441303,0.3109907519335506,0.4230058510213296,0.5294350919850308,0.40262713138729844,0.6889477906640421,1,7,32,0.22695035460992907,,,,
depth,ETTh1,TimeMixer,96,test,792,3.0,0.5771389867142858,0.5771389867142858,0.0,7,0.4071633886515764,0.3207607893852068,0.5293145118409346,0.5182449462841814,0.4136183622413464,0.660410116276804,1,7,33,0.23404255319148937,,,,
depth,ETTh1,TimeMixer,96,test,816,5.0,0.8275934814285714,0.8275934814285714,0.0,7,0.44432190104610286,0.33059299607732284,0.5452427597240487,0.5202324330526509,0.4066488853671404,0.6705957105801048,1,7,34,0.24113475177304963,,,,
depth,ETTh1,TimeMixer,96,test,840,3.0,0.7691256857142857,0.7691256857142857,0.0,7,0.4230878724717641,0.3055702385441181,0.5209102805377186,0.5378648204660624,0.4152629604546492,0.6515837894814743,1,7,35,0.24822695035460993,,,,
depth,ETTh1,TimeMixer,96,test,864,5.0,0.4663590071428571,0.4663590071428571,0.0,7,0.3909676832365269,0.2893013820904868,0.4933445000560417,0.5197547327437417,0.3795097635436783,0.6724461863709489,1,7,36,0.2553191489361702,,,,
depth,ETTh1,TimeMixer,96,test,888,4.0,0.5011002771428571,0.5011002771428571,0.0,7,0.47430069598835234,0.3888868634808922,0.6237011756796672,0.5227721384299892,0.3738595403129563,0.6883441214414776,1,7,37,0.2624113475177305,,,,
depth,ETTh1,TimeMixer,96,test,912,4.0,0.3297622314285714,0.3297622314285714,0.0,7,0.3255873684888515,0.2783316419500304,0.3761561332143322,0.5532001997411721,0.3639645512219733,0.7328697138571503,1,7,38,0.2695035460992908,,,,
depth,ETTh1,TimeMixer,96,test,936,5.0,0.50892483,0.50892483,0.0,7,0.3712206673024997,0.30635450806655307,0.43931732704843524,0.5322429592367406,0.326908243969604,0.7407507513081895,1,7,39,0.2765957446808511,,,,
depth,ETTh1,TimeMixer,96,test,960,5.0,0.5361018714285715,0.5361018714285715,0.0,7,0.33768372728580787,0.3092031668655794,0.37875667561680737,0.47903082396518365,0.31594191469784366,0.7560906788683629,1,7,40,0.28368794326241137,,,,
depth,ETTh1,TimeMixer,96,test,984,1.0,0.4705119171428572,0.4705119171428572,0.0,7,0.25237560938816966,0.1666512842992811,0.35054978551244825,0.47462943228052473,0.3399328637940271,0.7164542728821158,1,7,41,0.2907801418439716,,,,
depth,ETTh1,TimeMixer,96,test,1008,5.0,0.62597325,0.62597325,0.0,7,0.29339869245452943,0.2218827185619086,0.3715867182091352,0.4654661911941561,0.34597721191080566,0.6258217999587786,1,7,42,0.2978723404255319,,,,
depth,ETTh1,TimeMixer,96,test,1032,2.0,0.36216147657142855,0.36216147657142855,0.0,7,0.2513601913893113,0.13448655586324645,0.3492877238853313,0.47871225025779507,0.4146617875092392,0.6270363135097433,1,7,43,0.3049645390070922,,,,
depth,ETTh1,TimeMixer,96,test,1056,1.0,0.3272672914285714,0.3272672914285714,0.0,7,0.37319067794422267,0.28326391031470366,0.47503400427505965,0.4910377041946773,0.3982675266100884,0.6254492616994756,1,7,44,0.3120567375886525,,,,
depth,ETTh1,TimeMixer,96,test,1080,1.0,0.27330356914285714,0.27330356914285714,0.0,7,0.28069762151257444,0.2519003242668595,0.3229232849769443,0.4763262607754961,0.3971573707298914,0.6113057204564569,1,7,45,0.3191489361702128,,,,
depth,ETTh1,TimeMixer,96,test,1104,3.0,0.519358642,0.519358642,0.0,7,0.35210863584832486,0.3200781480645371,0.4147685810252291,0.5362738805648141,0.450482213501716,0.6321710596457768,1,7,46,0.3262411347517731,,,,
depth,ETTh1,TimeMixer,96,test,1128,2.0,0.7024776421428571,0.7024776421428571,0.0,7,0.30751794014045725,0.27062835289114806,0.34740429857236904,0.4987896584563621,0.4345788510615488,0.5850062991392417,1,7,47,0.3333333333333333,,,,
depth,ETTh1,TimeMixer,96,test,1152,2.0,0.5569407705714285,0.5569407705714285,0.0,7,0.3365982049903983,0.2366802685481046,0.4426644515837579,0.543988141178299,0.4920706539923917,0.6202926959953897,1,7,48,0.3404255319148936,,,,
depth,ETTh1,TimeMixer,96,test,1176,1.0,0.5469618328571428,0.5469618328571428,0.0,7,0.35429269612729986,0.31767470076059867,0.40203684392558436,0.47383969483799565,0.38357699436998133,0.5715304139076297,1,7,49,0.3475177304964539,,,,
depth,ETTh1,TimeMixer,96,test,1200,3.0,0.2573758942857143,0.2573758942857143,0.0,7,0.4146839563243739,0.2708465379009505,0.5745769347018024,0.48011565643326193,0.40006803879925107,0.5555606333476495,1,7,50,0.3546099290780142,,,,
depth,ETTh1,TimeMixer,96,test,1224,1.0,0.21263885999999999,0.21263885999999999,0.0,7,0.36703080163962304,0.32019733901531805,0.41837609356325783,0.4835542470901572,0.36838595960473747,0.5745057821988196,1,7,51,0.3617021276595745,,,,
depth,ETTh1,TimeMixer,96,test,1248,3.0,0.2259310577142857,0.2259310577142857,0.0,7,0.27554566215650084,0.15394666803898333,0.42893884307233643,0.46577496393172585,0.35621974675545354,0.6091211188760373,1,7,52,0.36879432624113473,,,,
depth,ETTh1,TimeMixer,96,test,1272,4.0,0.23726010871428574,0.23726010871428574,0.0,7,0.30931771247120526,0.2337400562783726,0.35902082006195213,0.47898333265987686,0.3593641403060163,0.60715076026543,1,7,53,0.375886524822695,,,,
depth,ETTh1,TimeMixer,96,test,1296,2.0,0.6171478779999999,0.6171478779999999,0.0,7,0.23792634623656922,0.14788918172181753,0.30778123922376677,0.5067840789717859,0.3553417807937172,0.6653213047923477,1,7,54,0.3829787234042553,,,,
depth,ETTh1,TimeMixer,96,test,1320,5.0,0.7949927099999999,0.7949927099999999,0.0,7,0.2785951821654445,0.21147014948818255,0.3260137724835089,0.524288287981239,0.36116271615699264,0.7218810680108494,1,7,55,0.3900709219858156,,,,
depth,ETTh1,TimeMixer,96,test,1344,5.0,0.7269517735714286,0.7269517735714286,0.0,7,0.27128294514693235,0.15939348581947582,0.40048356083751324,0.4660997639250688,0.3466624537680244,0.5841416923818312,1,7,56,0.3971631205673759,,,,
depth,ETTh1,TimeMixer,96,test,1368,1.0,0.5049110874285715,0.5049110874285715,0.0,7,0.30887025150404196,0.21668903171515969,0.370540159060513,0.4696281045495362,0.35562387872680284,0.6282190094181077,1,7,57,0.40425531914893614,,,,
depth,ETTh1,TimeMixer,96,test,1392,5.0,0.5132099128571429,0.5132099128571429,0.0,7,0.5263704659184284,0.40352029057536726,0.6400592895353723,0.4527107681671606,0.36767266197386894,0.5524933703695363,1,7,58,0.41134751773049644,,,,
depth,ETTh1,TimeMixer,96,test,1416,5.0,0.3980316,0.3980316,0.0,7,0.5927003306741059,0.5098409657911221,0.6722599844367324,0.4549812491162558,0.3651125260503468,0.5653638298144391,1,7,59,0.41843971631205673,,,,
depth,ETTh1,TimeMixer,96,test,1440,5.0,0.4975112428571428,0.4975112428571428,0.0,7,0.3094385693185761,0.14921877992137458,0.4535456900242849,0.47401372725221386,0.38343841148771035,0.5773243917379185,1,7,60,0.425531914893617,,,,
depth,ETTh1,TimeMixer,96,test,1464,5.0,0.69606321,0.69606321,0.0,7,0.5481790217612996,0.4775621211357105,0.6195811956093553,0.46420813862915355,0.3782297261633718,0.5727609400437441,1,7,61,0.4326241134751773,,,,
depth,ETTh1,TimeMixer,96,test,1488,5.0,0.6769631614285715,0.6769631614285715,0.0,7,0.33572077573417786,0.24383159814103011,0.40699746333460607,0.5040324708302941,0.37512467351678747,0.6418969524835094,1,7,62,0.4397163120567376,,,,
depth,ETTh1,TimeMixer,96,test,1512,5.0,0.9117922845714286,0.9117922845714286,0.0,7,0.387552498657613,0.3037566834342533,0.454703703761679,0.45859332530875874,0.37270568294686973,0.6102491802683269,1,7,63,0.44680851063829785,,,,
depth,ETTh1,TimeMixer,96,test,1536,3.0,0.7391758835714286,0.7391758835714286,0.0,7,0.3794688857088385,0.33674978409723383,0.4363977768625733,0.5455422219623377,0.4306597350326263,0.6814571628415063,1,7,64,0.45390070921985815,,,,
depth,ETTh1,TimeMixer,96,test,1560,2.0,0.9595221914285714,0.9595221914285714,0.0,7,0.36100243869888443,0.26098085262636583,0.4609171771118714,0.5434337090616617,0.40598586859862673,0.7532026943546972,1,7,65,0.46099290780141844,,,,
depth,ETTh1,TimeMixer,96,test,1584,5.0,0.6653551514285715,0.6653551514285715,0.0,7,0.49727104910972736,0.4214317514279589,0.5778540004302427,0.5124122839453463,0.3994720341644618,0.6318684770632427,1,7,66,0.46808510638297873,,,,
depth,ETTh1,TimeMixer,96,test,1608,4.0,0.5477733285714286,0.5477733285714286,0.0,7,0.362219205570598,0.24995472527758994,0.48507786373273837,0.4866163144041336,0.33334982812675606,0.6028108713659927,1,7,67,0.475177304964539,,,,
depth,ETTh1,TimeMixer,96,test,1632,4.0,0.79205963,0.79205963,0.0,7,0.3021270085968342,0.2302342571479966,0.35969971668966794,0.4339991276705289,0.30231259792570453,0.522751517524281,1,7,68,0.48226950354609927,,,,
depth,ETTh1,TimeMixer,96,test,1656,5.0,0.5730269828571428,0.5730269828571428,0.0,7,0.28869486640407865,0.20680921050708312,0.3844048133061097,0.49082817540510837,0.3184712597833471,0.6261548213333761,1,7,69,0.48936170212765956,,,,
depth,ETTh1,TimeMixer,96,test,1680,1.0,0.24433415857142857,0.24433415857142857,0.0,7,0.27965492697863364,0.24101687406217717,0.32510580290431623,0.48057316062108263,0.35200015553899294,0.6290890210681727,1,7,70,0.49645390070921985,,,,
depth,ETTh1,TimeMixer,96,test,1704,4.0,0.23358338871428572,0.23358338871428572,0.0,7,0.3579045480170069,0.279172514803758,0.4529605298556168,0.4516120985084373,0.35382943942597217,0.6086939903749038,1,7,71,0.5035460992907801,,,,
depth,ETTh1,TimeMixer,96,test,1728,4.0,0.5008364947142857,0.5008364947142857,0.0,7,0.3079524189550664,0.24188541643062125,0.3779447718376864,0.4671523568187538,0.37506786606532716,0.6207230129272631,1,7,72,0.5106382978723404,,,,
depth,ETTh1,TimeMixer,96,test,1752,2.0,0.3152247205714286,0.3152247205714286,0.0,7,0.282955006469492,0.22949509128874734,0.34800007456624554,0.4986011523926898,0.41996352123870334,0.6442579041385872,1,7,73,0.5177304964539007,,,,
depth,ETTh1,TimeMixer,96,test,1776,1.0,0.3821484521428572,0.3821484521428572,0.0,7,0.35512881631287624,0.27963670302661503,0.44236635085754905,0.454122259845407,0.388961909249657,0.5577185636360824,1,7,74,0.524822695035461,,,,
depth,ETTh1,TimeMixer,96,test,1800,3.0,0.20673592442857142,0.20673592442857142,0.0,7,0.30936601738398345,0.22330314830103626,0.41481540409619805,0.4687706077161756,0.4076642802303003,0.5539515583346478,1,7,75,0.5319148936170213,,,,
depth,ETTh1,TimeMixer,96,test,1824,5.0,0.2722122814285714,0.2722122814285714,0.0,7,0.30361408800090306,0.2397298097396725,0.36307487059254273,0.43722901481067616,0.3320470446623682,0.5247135314894198,1,7,76,0.5390070921985816,,,,
depth,ETTh1,TimeMixer,96,test,1848,5.0,0.4373944328571429,0.4373944328571429,0.0,7,0.22880147340818097,0.0721828379140632,0.31970994086384724,0.42815353788256133,0.3155453356704937,0.5310849250767709,1,7,77,0.5460992907801419,,,,
depth,ETTh1,TimeMixer,96,test,1872,5.0,0.47684974857142853,0.47684974857142853,0.0,7,0.20984105473426312,0.08127785312701084,0.31986514355352696,0.42094336848292935,0.3028245439236141,0.5532456787767605,1,7,78,0.5531914893617021,,,,
depth,ETTh1,TimeMixer,96,test,1896,1.0,0.3426143757142857,0.3426143757142857,0.0,7,0.2689226616020951,0.14124714790236412,0.3301207220879969,0.40283571419668013,0.31700371809106254,0.46688074728990764,1,7,79,0.5602836879432624,,,,
depth,ETTh1,TimeMixer,96,test,1920,1.0,0.30588703500000003,0.30588703500000003,0.0,7,0.32785752226132736,0.2458796155034355,0.3951610510591935,0.4244730071782708,0.34642189230573317,0.5075894150525843,1,7,80,0.5673758865248227,,,,
depth,ETTh1,TimeMixer,96,test,1944,3.0,0.476524235,0.476524235,0.0,7,0.28681851146104187,0.23838428992845134,0.33995056866475765,0.42204075836275745,0.3223121802485735,0.4906926009486366,1,7,81,0.574468085106383,,,,
depth,ETTh1,TimeMixer,96,test,1968,3.0,0.36361035,0.36361035,0.0,7,0.2904680679912129,0.1286273813907558,0.4665909403253345,0.4202073027339925,0.37858413037211064,0.4696399981299399,1,7,82,0.5815602836879432,,,,
depth,ETTh1,TimeMixer,96,test,1992,1.0,0.26349683142857144,0.26349683142857144,0.0,7,0.3318494767576456,0.2593296629400156,0.3984352579679493,0.47441929355365975,0.35948610583898255,0.6122699332361339,1,7,83,0.5886524822695035,,,,
depth,ETTh1,TimeMixer,96,test,2016,3.0,0.30165462285714284,0.30165462285714284,0.0,7,0.33525566463686113,0.2499851488656322,0.43342595941501977,0.4969440092359479,0.4064523329339293,0.5931312662544165,1,7,84,0.5957446808510638,,,,
depth,ETTh1,TimeMixer,96,test,2040,2.0,0.31872341857142855,0.31872341857142855,0.0,7,0.3091205162668583,0.25757809499634654,0.38360898773755825,0.4799621378746243,0.36643588330910226,0.5958616410234335,1,7,85,0.6028368794326241,,,,
depth,ETTh1,TimeMixer,96,test,2064,2.0,0.275084622,0.275084622,0.0,7,0.2589112934472021,0.16031605513475272,0.3467502958916746,0.48485337455082317,0.3588656445723126,0.611897216870569,1,7,86,0.6099290780141844,,,,
depth,ETTh1,TimeMixer,96,test,2088,1.0,0.23414680371428573,0.23414680371428573,0.0,7,0.2771256292046075,0.20789752944956374,0.3433356543587551,0.4540304626937462,0.34632605163966124,0.537837960892914,1,7,87,0.6170212765957447,,,,
depth,ETTh1,TimeMixer,96,test,2112,3.0,0.24092400714285714,0.24092400714285714,0.0,7,0.3319055433732926,0.27199464092585873,0.39541053326996983,0.4611512159422078,0.3573145256252354,0.5671134963114741,1,7,88,0.624113475177305,,,,
depth,ETTh1,TimeMixer,96,test,2136,4.0,0.28271833714285716,0.28271833714285716,0.0,7,0.2969236593595011,0.22867537082135436,0.33811606254827625,0.4501678160078758,0.360558154466678,0.5272520759039583,1,7,89,0.6312056737588653,,,,
depth,ETTh1,TimeMixer,96,test,2160,4.0,0.34218823485714284,0.34218823485714284,0.0,7,0.28830157854198785,0.21390889334505236,0.3828609013410838,0.4431750564348921,0.3801730813624752,0.5106225020956016,1,7,90,0.6382978723404256,,,,
depth,ETTh1,TimeMixer,96,test,2184,4.0,0.43497695,0.43497695,0.0,7,0.34178402378929473,0.2518715919837361,0.44647657500984406,0.4787663254125067,0.3648847182517189,0.6305757814556019,1,7,91,0.6453900709219859,,,,
depth,ETTh1,TimeMixer,96,test,2208,5.0,0.61500511,0.61500511,0.0,7,0.2985997197054252,0.26776621645057497,0.34695115180543057,0.4608637079885648,0.36518376296422767,0.5869658407963604,1,7,92,0.6524822695035462,,,,
depth,ETTh1,TimeMixer,96,test,2232,5.0,0.6698537142857143,0.6698537142857143,0.0,7,0.29686838668227733,0.21409472001625277,0.3427494432575306,0.498676306679915,0.3922473971815283,0.615779512634731,1,7,93,0.6595744680851063,,,,
depth,ETTh1,TimeMixer,96,test,2256,5.0,0.7836617614285714,0.7836617614285714,0.0,7,0.349860869547482,0.2651132629716265,0.44975964237298205,0.5032355739710804,0.4070867404657075,0.6071549374007068,1,7,94,0.6666666666666666,,,,
depth,ETTh1,TimeMixer,96,test,2280,2.0,1.1645469732857143,1.1645469732857143,0.0,7,0.3580228693167644,0.22489548558622774,0.5135265452892687,0.4843951447532166,0.41690455826383654,0.5913875491324183,1,7,95,0.6737588652482269,,,,
depth,ETTh1,TimeMixer,96,test,2304,2.0,0.7985956017142858,0.7985956017142858,0.0,7,0.3638626880391396,0.32666879907864993,0.39999981027053416,0.4756566933283544,0.4419297430581499,0.5170798611747985,1,7,96,0.6808510638297872,,,,
depth,ETTh1,TimeMixer,96,test,2328,3.0,0.720389504,0.720389504,0.0,7,0.37984182596975863,0.3025644014693339,0.4696288573952123,0.523505231429692,0.4700516288441264,0.5980064431282467,1,7,97,0.6879432624113475,,,,
depth,ETTh1,TimeMixer,96,test,2352,3.0,0.6412862057142857,0.6412862057142857,0.0,7,0.4208468292939186,0.342095420916186,0.48484544145751785,0.4922189836283888,0.4247472724122302,0.5801698389988279,1,7,98,0.6950354609929078,,,,
depth,ETTh1,TimeMixer,96,test,2376,3.0,0.26568074571428574,0.26568074571428574,0.0,7,0.32618246231984566,0.1676789245052418,0.5084127685503473,0.500200660687202,0.41720129304969583,0.5912117425715098,1,7,99,0.7021276595744681,,,,
depth,ETTh1,TimeMixer,96,test,2400,2.0,0.3471623914285714,0.3471623914285714,0.0,7,0.431136530929846,0.3438269414531159,0.5230305974786521,0.517293887795377,0.39221151771290286,0.6966257700522472,1,7,100,0.7092198581560284,,,,
depth,ETTh1,TimeMixer,96,test,2424,3.0,0.29245456571428574,0.29245456571428574,0.0,7,0.35872899227274546,0.31006732560189443,0.41150117123027974,0.5650174599024501,0.4390436043071214,0.709087114460046,1,7,101,0.7163120567375887,,,,
depth,ETTh1,TimeMixer,96,test,2448,5.0,0.257986455,0.257986455,0.0,7,0.29069712851418955,0.21788943395164279,0.34434060275418854,0.5115542511565719,0.38437175889605524,0.6848438918581436,1,7,102,0.723404255319149,,,,
depth,ETTh1,TimeMixer,96,test,2472,4.0,0.36523467142857147,0.36523467142857147,0.0,7,0.3479748550388976,0.27962130796332646,0.4090565815270209,0.5102477698364467,0.35296069578757305,0.7376064796464905,1,7,103,0.7304964539007093,,,,
depth,ETTh1,TimeMixer,96,test,2496,5.0,0.6176974562857144,0.6176974562857144,0.0,7,0.33734463017635946,0.2746252599180106,0.39343032283090856,0.5114820996365813,0.31759908081587324,0.7446304207274195,1,7,104,0.7375886524822695,,,,
depth,ETTh1,TimeMixer,96,test,2520,5.0,0.5699110735714286,0.5699110735714286,0.0,7,0.26437250472276586,0.20684357622246474,0.35704373272361745,0.49992425898840226,0.3453672991580251,0.6909535851410081,1,7,105,0.7446808510638298,,,,
depth,ETTh1,TimeMixer,96,test,2544,1.0,0.566549418,0.566549418,0.0,7,0.3069736816141459,0.18110622924120734,0.44638684685128704,0.5138396626176666,0.34867846304912153,0.7024416619892803,1,7,106,0.75177304964539,,,,
depth,ETTh1,TimeMixer,96,test,2568,5.0,0.3344208178571429,0.3344208178571429,0.0,7,0.3506525896589226,0.2721124595453966,0.4078975235740193,0.4798515940197577,0.36545663702001874,0.5966383999942062,1,7,107,0.7588652482269503,,,,
depth,ETTh1,TimeMixer,96,test,2592,4.0,0.36577828928571426,0.36577828928571426,0.0,7,0.42122950338598,0.31872405270433823,0.5455837333383374,0.4633371272615566,0.3917450161542545,0.5379582784395942,1,7,108,0.7659574468085106,,,,
depth,ETTh1,TimeMixer,96,test,2616,3.0,0.449170395,0.449170395,0.0,7,0.34065603230001784,0.2781299334449039,0.4073716053146206,0.4807753642093258,0.43458771615137415,0.5300061422330136,1,7,109,0.7730496453900709,,,,
depth,ETTh1,TimeMixer,96,test,2640,3.0,0.6057233200000001,0.6057233200000001,0.0,7,0.2902088152621878,0.23207278252189784,0.36364605263014443,0.5444102020538142,0.47208842554764546,0.6301023241074555,1,7,110,0.7801418439716312,,,,
depth,ETTh1,TimeMixer,96,test,2664,3.0,0.26079315757142857,0.26079315757142857,0.0,7,0.38708588717069636,0.30823412717470483,0.45842660423962617,0.5262030702700965,0.4560380545146514,0.5921663056216232,1,7,111,0.7872340425531915,,,,
depth,ETTh1,TimeMixer,96,test,2688,5.0,0.2595267671428571,0.2595267671428571,0.0,7,0.3680857791175665,0.31836802578861456,0.4528458412840167,0.5064596850727977,0.3911801444947932,0.593942269656592,1,7,112,0.7943262411347518,,,,
depth,ETTh1,TimeMixer,96,test,2712,1.0,0.26679061428571427,0.26679061428571427,0.0,7,0.31363396646568165,0.23993247177030677,0.381315294107851,0.5048902566522979,0.4137860501353927,0.6068813149745862,1,7,113,0.8014184397163121,,,,
depth,ETTh1,TimeMixer,96,test,2736,4.0,0.22924046700000003,0.22924046700000003,0.0,7,0.32120302835438486,0.2103030518154116,0.41258468645325164,0.5086422393774507,0.4016596843707051,0.5717873506441268,1,7,114,0.8085106382978723,,,,
depth,ETTh1,TimeMixer,96,test,2760,5.0,0.3594812858571429,0.3594812858571429,0.0,7,0.36828287450129193,0.30154722968627135,0.4173927726908911,0.5504974770377731,0.4415710303355402,0.6443120592517779,1,7,115,0.8156028368794326,,,,
depth,ETTh1,TimeMixer,96,test,2784,5.0,0.4783232541857143,0.4783232541857143,0.0,7,0.35623831938377515,0.26386303970433045,0.46337889042114516,0.533220859384824,0.42528683147420787,0.6198108374385691,1,7,116,0.8226950354609929,,,,
depth,ETTh1,TimeMixer,96,test,2808,3.0,0.4288099842857143,0.4288099842857143,0.0,7,0.4014428558353216,0.34244403773662857,0.48563391111091475,0.5306191985424519,0.41515443250383505,0.6317221824686563,1,7,117,0.8297872340425532,,,,
depth,ETTh1,TimeMixer,96,test,2832,1.0,0.4556525117857143,0.4556525117857143,0.0,7,0.301861534078418,0.23392746104271586,0.42665494387646824,0.5039497348265237,0.3840632935144853,0.6167332541421392,1,7,118,0.8368794326241135,,,,
depth,ETTh1,TimeMixer,96,test,2856,5.0,0.5749988432857143,0.5749988432857143,0.0,7,0.4447038938356762,0.29446982590418047,0.5495583486014923,0.5038203180869341,0.4057522303673045,0.6022181475759196,1,7,119,0.8439716312056738,,,,
depth,ETTh1,TimeMixer,96,test,2880,5.0,0.27660050385714285,0.27660050385714285,0.0,7,0.5946334959140724,0.5446708459557379,0.6445969437409155,0.525622843363449,0.39809063746232276,0.6484700050897342,1,7,120,0.851063829787234,,,,
depth,ETTh1,TimeMixer,96,test,2904,1.0,0.3086159018571428,0.3086159018571428,0.0,7,0.3321561865168357,0.2323684706145251,0.4914488758869346,0.5512656255742281,0.459326949742057,0.6606602229416924,1,7,121,0.8581560283687943,,,,
depth,ETTh1,TimeMixer,96,test,2928,1.0,0.194195061,0.194195061,0.0,7,0.539616183273658,0.4624023727173349,0.6286502582392567,0.5698412985892363,0.4636710026975997,0.7290437386133916,1,7,122,0.8652482269503546,,,,
depth,ETTh1,TimeMixer,96,test,2952,2.0,0.194097894,0.194097894,0.0,7,0.31708849539738976,0.2556038728838332,0.39570482707745247,0.5210137900198043,0.38871229433316024,0.6901362216828312,1,7,123,0.8723404255319149,,,,
depth,ETTh1,TimeMixer,96,test,2976,4.0,0.2749599402857143,0.2749599402857143,0.0,7,0.2975619243966664,0.23783070884547264,0.3573448531216025,0.4871711376117983,0.377222438326436,0.6322627782968117,1,7,124,0.8794326241134752,,,,
depth,ETTh1,TimeMixer,96,test,3000,5.0,0.30144270285714286,0.30144270285714286,0.0,7,0.2884006044887001,0.23321368876208098,0.3397676180341684,0.47089903960293084,0.35604728642167793,0.6136767120802071,1,7,125,0.8865248226950354,,,,
depth,ETTh1,TimeMixer,96,test,3024,5.0,0.289607172,0.289607172,0.0,7,0.24372922872318123,0.12357627504301796,0.3473182795563915,0.46558433581261305,0.3513762139827969,0.5676796792321106,1,7,126,0.8936170212765957,,,,
depth,ETTh1,TimeMixer,96,test,3048,1.0,0.28863866142857136,0.28863866142857136,0.0,7,0.29069856573034575,0.2487251298787043,0.3327542257590261,0.5139172683694216,0.3950526629896364,0.6091648766784855,1,7,127,0.900709219858156,,,,
depth,ETTh1,TimeMixer,96,test,3072,2.0,0.37157075485714286,0.37157075485714286,0.0,7,0.3466425632984543,0.23869164317969038,0.4500599854907685,0.537539979298386,0.4070873100553737,0.6747627728907615,1,7,128,0.9078014184397163,,,,
depth,ETTh1,TimeMixer,96,test,3096,3.0,0.3898458014285714,0.3898458014285714,0.0,7,0.39683695923263823,0.2726304760275316,0.5449636367668441,0.4752162296636141,0.4074048761724829,0.5480554312229887,1,7,129,0.9148936170212766,,,,
depth,ETTh1,TimeMixer,96,test,3120,3.0,0.3413253752857143,0.3413253752857143,0.0,7,0.29194690296782666,0.23057765877087116,0.3513777481978298,0.46602140180117535,0.4189588943459045,0.538687474642883,1,7,130,0.9219858156028369,,,,
depth,ETTh1,TimeMixer,96,test,3144,3.0,0.28908595585714286,0.28908595585714286,0.0,7,0.4129655340527528,0.31187628658123506,0.5563886437418449,0.4866700114091866,0.39283415971184865,0.5423851582170408,1,7,131,0.9290780141843972,,,,
depth,ETTh1,TimeMixer,96,test,3168,3.0,0.1893888217142857,0.1893888217142857,0.0,7,0.378284083064466,0.30145376601944757,0.43856933060064396,0.5041384075176993,0.33467361133730716,0.6481484462010741,1,7,132,0.9361702127659575,,,,
depth,ETTh1,TimeMixer,96,test,3192,3.0,0.18775371242857145,0.18775371242857145,0.0,7,0.307409713107552,0.16952584377001007,0.4104242689907684,0.5085008576142924,0.33402882224233976,0.6605613314307,1,7,133,0.9432624113475178,,,,
depth,ETTh1,TimeMixer,96,test,3216,5.0,0.2575130114285714,0.2575130114285714,0.0,7,0.31578842297075654,0.18206412464138125,0.4548727677467596,0.49370815296891984,0.3355472640794347,0.6361600063773781,1,7,134,0.950354609929078,,,,
depth,ETTh1,TimeMixer,96,test,3240,5.0,0.28850008057142856,0.28850008057142856,0.0,7,0.2962668284767308,0.19006917097213694,0.38349143340381076,0.4608153191783,0.3250759911915995,0.563502588570572,1,7,135,0.9574468085106383,,,,
depth,ETTh1,TimeMixer,96,test,3264,5.0,0.27281756285714287,0.27281756285714287,0.0,7,0.3067957737517536,0.2368769439732785,0.4162043239003041,0.42568526681369734,0.3114666644846688,0.4943340523681211,1,7,136,0.9645390070921985,,,,
depth,ETTh1,TimeMixer,96,test,3288,5.0,0.3257251635714286,0.3257251635714286,0.0,7,0.2930043581233742,0.25707772846534965,0.3169439936786304,0.4540184760425037,0.32277415685647054,0.5466877381182128,1,7,137,0.9716312056737588,,,,
depth,ETTh1,TimeMixer,96,test,3312,5.0,0.2678770402857143,0.2678770402857143,0.0,7,0.30122066858832663,0.26043725583170235,0.33236939445502567,0.4807169091440228,0.3614458387481833,0.6104578202735687,1,7,138,0.9787234042553191,,,,
depth,ETTh1,TimeMixer,96,test,3336,4.0,0.24340008342857142,0.24340008342857142,0.0,7,0.33634278585918576,0.23688696589886613,0.4141024855066882,0.45007924306517644,0.35304987601881416,0.5111302905069218,1,7,139,0.9858156028368794,,,,
depth,ETTh1,TimeMixer,96,test,3360,5.0,0.273287045,0.273287045,0.0,7,0.29325045729654814,0.2485050715458407,0.34820455532852784,0.46781420588506634,0.3782112001238686,0.5359431678680909,1,7,140,0.9929078014184397,,,,
depth,ETTh1,TimeMixer,96,test,3384,3.0,0.2600728295714286,0.2600728295714286,0.0,7,0.2960656256451813,0.2209665040075557,0.37498002107351813,0.5040037038833814,0.3929802094703763,0.5891370142821315,1,7,141,1.0,,,,
width,ETTh1,MultiPatchFormer,96,test,0,,0.43631056399999996,0.43631056399999996,0.0,7,0.590050407029684,0.5131340713791827,0.6741891109546297,0.47833298149111564,0.3712384191525044,0.5574837347931468,1,7,0,0.0,16.0,1024.0,1024.0,1024.0
width,ETTh1,MultiPatchFormer,96,test,24,,0.3004710295714286,0.3004710295714286,0.0,7,0.46014385781937933,0.1946111461796313,0.6906210865998259,0.43862105379081695,0.3878435408393026,0.48543268972356385,1,7,1,0.0070921985815602835,16.0,1024.0,1024.0,1024.0
width,ETTh1,MultiPatchFormer,96,test,48,,0.272875635,0.272875635,0.0,7,0.5495508754080078,0.4352290151593739,0.7083282814251031,0.42544567984875953,0.3403327665754935,0.5256928507590731,1,7,2,0.014184397163120567,8.0,512.0,512.0,512.0
width,ETTh1,MultiPatchFormer,96,test,72,,0.16763354257142857,0.16763354257142857,0.0,7,0.32771775327519403,0.2760498365557876,0.3876068293441114,0.4717959908346741,0.3314110227988153,0.686184453140915,1,7,3,0.02127659574468085,8.0,512.0,512.0,512.0
width,ETTh1,MultiPatchFormer,96,test,96,,0.178976458,0.178976458,0.0,7,0.3232242661549109,0.24004154711791553,0.4700339909246652,0.45325771536197196,0.33858720748890847,0.6804387734372517,1,7,4,0.028368794326241134,4.0,256.0,256.0,256.0
width,ETTh1,MultiPatchFormer,96,test,120,,0.2616343978571429,0.2616343978571429,0.0,7,0.27395163791471805,0.1999179585101336,0.34529987683799307,0.4762496139654341,0.33553027426994225,0.6925471786065602,1,7,5,0.03546099290780142,4.0,256.0,256.0,256.0
width,ETTh1,MultiPatchFormer,96,test,144,,0.28036913114285716,0.28036913114285716,0.0,7,0.26207223620495024,0.18016391602038034,0.4361939309858093,0.5092410697516347,0.3469875031960407,0.6847416321461082,1,7,6,0.0425531914893617,16.0,1024.0,1024.0,1024.0
width,ETTh1,MultiPatchFormer,96,test,168,,0.32566536557142856,0.32566536557142856,0.0,7,0.30589802879942946,0.20891020912315578,0.38856499080656764,0.47484969232529234,0.33610829877095505,0.625245679621327,1,7,7,0.04964539007092199,16.0,1024.0,1024.0,1024.0
width,ETTh1,MultiPatchFormer,96,test,192,,0.32756766600000004,0.32756766600000004,0.0,7,0.3212456010773643,0.24835826897199573,0.4257278561815244,0.5226591749997306,0.38842945681283225,0.7004617328390684,1,7,8,0.05673758865248227,2.0,128.0,128.0,128.0
width,ETTh1,MultiPatchFormer,96,test,216,,0.5078731002857143,0.5078731002857143,0.0,7,0.34541333701176047,0.2754776932875426,0.42006858830852456,0.5199359219599246,0.4132852527439944,0.7160315057863653,1,7,9,0.06382978723404255,2.0,128.0,128.0,128.0
width,ETTh1,MultiPatchFormer,96,test,240,,0.34889153028571424,0.34889153028571424,0.0,7,0.21847360478854333,0.12133124804045328,0.28785022365037827,0.5130310438440551,0.4109460668247349,0.6191002325925669,1,7,10,0.07092198581560284,16.0,1024.0,1024.0,1024.0
width,ETTh1,MultiPatchFormer,96,test,264,,0.3519785737142857,0.3519785737142857,0.0,7,0.36312813756641155,0.2771719803019398,0.44651735148834865,0.5325959373150062,0.4436335377954106,0.6343691081783835,1,7,11,0.07801418439716312,4.0,256.0,256.0,256.0
width,ETTh1,MultiPatchFormer,96,test,288,,0.4123831612142857,0.4123831612142857,0.0,7,0.37926440512875,0.29841175587982705,0.4702244894926931,0.4812768418643013,0.4080318653693557,0.6070239577027611,1,7,12,0.0851063829787234,16.0,1024.0,1024.0,1024.0
width,ETTh1,MultiPatchFormer,96,test,312,,0.494262202,0.494262202,0.0,7,0.37375736493648254,0.22225996489619873,0.4919477968171518,0.44626790668004196,0.39326788019564474,0.5175956118554476,1,7,13,0.09219858156028368,1.0,64.0,64.0,64.0
width,ETTh1,MultiPatchFormer,96,test,336,,0.31970826185714285,0.31970826185714285,0.0,7,0.37003896629553673,0.29729750212695305,0.45221559904681924,0.41487379063943575,0.37393719507369266,0.47976136991700724,1,7,14,0.09929078014184398,1.0,64.0,64.0,64.0
width,ETTh1,MultiPatchFormer,96,test,360,,0.306029911,0.306029911,0.0,7,0.2954404833057573,0.21593557039347866,0.36819010727897755,0.4521642152898425,0.4037591750009076,0.5257913186898194,1,7,15,0.10638297872340426,1.0,64.0,64.0,64.0
width,ETTh1,MultiPatchFormer,96,test,384,,0.6229198529571428,0.6229198529571428,0.0,7,0.27276663825609887,0.22642511539645893,0.31449740228107254,0.47964774971878216,0.4289430910491538,0.5300413121405025,1,7,16,0.11347517730496454,8.0,512.0,512.0,512.0
width,ETTh1,MultiPatchFormer,96,test,408,,0.19282862985714286,0.19282862985714286,0.0,7,0.3203874247649305,0.25606426083787875,0.3798850103099579,0.5090593534204209,0.47569012047817716,0.540794715237344,1,7,17,0.12056737588652482,1.0,64.0,64.0,64.0
width,ETTh1,MultiPatchFormer,96,test,432,,0.36590988807142855,0.36590988807142855,0.0,7,0.31785429119716063,0.21836900889123573,0.45358707607068516,0.46639576120580617,0.44323732460915005,0.5011407788985827,1,7,18,0.1276595744680851,16.0,1024.0,1024.0,1024.0
width,ETTh1,MultiPatchFormer,96,test,456,,0.5184931681428572,0.5184931681428572,0.0,7,0.3262763442265599,0.3044906865801376,0.34383275671841645,0.43917806522279373,0.40130035380477797,0.494398953517261,1,7,19,0.1347517730496454,2.0,128.0,128.0,128.0
width,ETTh1,MultiPatchFormer,96,test,480,,0.812632268,0.812632268,0.0,7,0.29440332330150365,0.2501965941729528,0.3420538784122721,0.42108739896759195,0.3554010762274632,0.4840255186609122,1,7,20,0.14184397163120568,16.0,1024.0,1024.0,1024.0
width,ETTh1,MultiPatchFormer,96,test,504,,0.47181315185714284,0.47181315185714284,0.0,7,0.2912129574764227,0.2493813121030119,0.34378564358175223,0.4103086559902857,0.3738796998357299,0.4735072453140022,1,7,21,0.14893617021276595,8.0,512.0,512.0,512.0
width,ETTh1,MultiPatchFormer,96,test,528,,0.30648619657142856,0.30648619657142856,0.0,7,0.42869340260868655,0.32609158376289726,0.5246738929295532,0.4195509753578718,0.37393185882046154,0.46960040420598387,1,7,22,0.15602836879432624,2.0,128.0,128.0,128.0
width,ETTh1,MultiPatchFormer,96,test,552,,0.2621998385714286,0.2621998385714286,0.0,7,0.4156914357202181,0.32987198622717306,0.5151512036564625,0.458554588516967,0.40502083020639085,0.5455061774668933,1,7,23,0.16312056737588654,8.0,512.0,512.0,512.0
width,ETTh1,MultiPatchFormer,96,test,576,,0.2627623092857143,0.2627623092857143,0.0,7,0.35077362039391363,0.2662626258164541,0.45793852574457455,0.5014386219087681,0.43232425972025157,0.5946588268456164,1,7,24,0.1702127659574468,4.0,256.0,256.0,256.0
width,ETTh1,MultiPatchFormer,96,test,600,,0.3428692862857143,0.3428692862857143,0.0,7,0.31163289565633245,0.2379370766146928,0.37091386031854423,0.45265489802768155,0.3965920929474891,0.5421471686531028,1,7,25,0.1773049645390071,4.0,256.0,256.0,256.0
width,ETTh1,MultiPatchFormer,96,test,624,,0.24891019714285714,0.24891019714285714,0.0,7,0.2883579632270367,0.14615661465876273,0.4350628639673903,0.4729343869255584,0.4104244348758639,0.5468988722481648,1,7,26,0.18439716312056736,2.0,128.0,128.0,128.0
width,ETTh1,MultiPatchFormer,96,test,648,,0.25281644571428574,0.25281644571428574,0.0,7,0.3534662079810915,0.31059877576306155,0.4046088361132213,0.5191736185575706,0.4076695238353008,0.6888064980959563,1,7,27,0.19148936170212766,8.0,512.0,512.0,512.0
width,ETTh1,MultiPatchFormer,96,test,672,,0.2777955971428571,0.2777955971428571,0.0,7,0.39074399255697617,0.27383001266807766,0.5201394741620654,0.49282331033208715,0.444188035454774,0.5609939610639267,1,7,28,0.19858156028368795,2.0,128.0,128.0,128.0
width,ETTh1,MultiPatchFormer,96,test,696,,0.46219576714285715,0.46219576714285715,0.0,7,0.4339796489679628,0.3707170573607048,0.511993703369072,0.5651155746906528,0.41620970002913676,0.7272676313277431,1,7,29,0.20567375886524822,8.0,512.0,512.0,512.0
width,ETTh1,MultiPatchFormer,96,test,720,,0.5690144285714286,0.5690144285714286,0.0,7,0.2884858446932189,0.2375815843291412,0.33382669198900555,0.5546090479167195,0.41212244404968007,0.7478322376905088,1,7,30,0.2127659574468085,1.0,64.0,64.0,64.0
width,ETTh1,MultiPatchFormer,96,test,744,,0.6228098328571429,0.6228098328571429,0.0,7,0.363701199363546,0.27406028409078204,0.42723304370167414,0.5844041530161407,0.44010947821728963,0.7364702960094701,1,7,31,0.2198581560283688,2.0,128.0,128.0,128.0
width,ETTh1,MultiPatchFormer,96,test,768,,0.6492670797142858,0.6492670797142858,0.0,7,0.37247644858441303,0.3109907519335506,0.4230058510213296,0.5294350919850308,0.40262713138729844,0.6889477906640421,1,7,32,0.22695035460992907,16.0,1024.0,1024.0,1024.0
width,ETTh1,MultiPatchFormer,96,test,792,,0.6347657250000001,0.6347657250000001,0.0,7,0.4071633886515764,0.3207607893852068,0.5293145118409346,0.5182449462841814,0.4136183622413464,0.660410116276804,1,7,33,0.23404255319148937,1.0,64.0,64.0,64.0
width,ETTh1,MultiPatchFormer,96,test,816,,0.7990984214285716,0.7990984214285716,0.0,7,0.44432190104610286,0.33059299607732284,0.5452427597240487,0.5202324330526509,0.4066488853671404,0.6705957105801048,1,7,34,0.24113475177304963,8.0,512.0,512.0,512.0
width,ETTh1,MultiPatchFormer,96,test,840,,0.79573242,0.79573242,0.0,7,0.4230878724717641,0.3055702385441181,0.5209102805377186,0.5378648204660624,0.4152629604546492,0.6515837894814743,1,7,35,0.24822695035460993,2.0,128.0,128.0,128.0
width,ETTh1,MultiPatchFormer,96,test,864,,0.46913029714285714,0.46913029714285714,0.0,7,0.3909676832365269,0.2893013820904868,0.4933445000560417,0.5197547327437417,0.3795097635436783,0.6724461863709489,1,7,36,0.2553191489361702,8.0,512.0,512.0,512.0
width,ETTh1,MultiPatchFormer,96,test,888,,0.46496074857142855,0.46496074857142855,0.0,7,0.47430069598835234,0.3888868634808922,0.6237011756796672,0.5227721384299892,0.3738595403129563,0.6883441214414776,1,7,37,0.2624113475177305,8.0,512.0,512.0,512.0
width,ETTh1,MultiPatchFormer,96,test,912,,0.3434088885714286,0.3434088885714286,0.0,7,0.3255873684888515,0.2783316419500304,0.3761561332143322,0.5532001997411721,0.3639645512219733,0.7328697138571503,1,7,38,0.2695035460992908,4.0,256.0,256.0,256.0
width,ETTh1,MultiPatchFormer,96,test,936,,0.4869290271428572,0.4869290271428572,0.0,7,0.3712206673024997,0.30635450806655307,0.43931732704843524,0.5322429592367406,0.326908243969604,0.7407507513081895,1,7,39,0.2765957446808511,1.0,64.0,64.0,64.0
width,ETTh1,MultiPatchFormer,96,test,960,,0.5226101714285715,0.5226101714285715,0.0,7,0.33768372728580787,0.3092031668655794,0.37875667561680737,0.47903082396518365,0.31594191469784366,0.7560906788683629,1,7,40,0.28368794326241137,1.0,64.0,64.0,64.0
width,ETTh1,MultiPatchFormer,96,test,984,,0.4470831642857143,0.4470831642857143,0.0,7,0.25237560938816966,0.1666512842992811,0.35054978551244825,0.47462943228052473,0.3399328637940271,0.7164542728821158,1,7,41,0.2907801418439716,1.0,64.0,64.0,64.0
width,ETTh1,MultiPatchFormer,96,test,1008,,0.5843507285714286,0.5843507285714286,0.0,7,0.29339869245452943,0.2218827185619086,0.3715867182091352,0.4654661911941561,0.34597721191080566,0.6258217999587786,1,7,42,0.2978723404255319,1.0,64.0,64.0,64.0
width,ETTh1,MultiPatchFormer,96,test,1032,,0.33503062071428574,0.33503062071428574,0.0,7,0.2513601913893113,0.13448655586324645,0.3492877238853313,0.47871225025779507,0.4146617875092392,0.6270363135097433,1,7,43,0.3049645390070922,1.0,64.0,64.0,64.0
width,ETTh1,MultiPatchFormer,96,test,1056,,0.27513751771428574,0.27513751771428574,0.0,7,0.37319067794422267,0.28326391031470366,0.47503400427505965,0.4910377041946773,0.3982675266100884,0.6254492616994756,1,7,44,0.3120567375886525,1.0,64.0,64.0,64.0
width,ETTh1,MultiPatchFormer,96,test,1080,,0.30116215057142853,0.30116215057142853,0.0,7,0.28069762151257444,0.2519003242668595,0.3229232849769443,0.4763262607754961,0.3971573707298914,0.6113057204564569,1,7,45,0.3191489361702128,8.0,512.0,512.0,512.0
width,ETTh1,MultiPatchFormer,96,test,1104,,0.5550612285714286,0.5550612285714286,0.0,7,0.35210863584832486,0.3200781480645371,0.4147685810252291,0.5362738805648141,0.450482213501716,0.6321710596457768,1,7,46,0.3262411347517731,2.0,128.0,128.0,128.0
width,ETTh1,MultiPatchFormer,96,test,1128,,0.6977887914285714,0.6977887914285714,0.0,7,0.30751794014045725,0.27062835289114806,0.34740429857236904,0.4987896584563621,0.4345788510615488,0.5850062991392417,1,7,47,0.3333333333333333,4.0,256.0,256.0,256.0
width,ETTh1,MultiPatchFormer,96,test,1152,,0.5440929521428571,0.5440929521428571,0.0,7,0.3365982049903983,0.2366802685481046,0.4426644515837579,0.543988141178299,0.4920706539923917,0.6202926959953897,1,7,48,0.3404255319148936,16.0,1024.0,1024.0,1024.0
width,ETTh1,MultiPatchFormer,96,test,1176,,0.5409142628571428,0.5409142628571428,0.0,7,0.35429269612729986,0.31767470076059867,0.40203684392558436,0.47383969483799565,0.38357699436998133,0.5715304139076297,1,7,49,0.3475177304964539,8.0,512.0,512.0,512.0
width,ETTh1,MultiPatchFormer,96,test,1200,,0.2877497594285714,0.2877497594285714,0.0,7,0.4146839563243739,0.2708465379009505,0.5745769347018024,0.48011565643326193,0.40006803879925107,0.5555606333476495,1,7,50,0.3546099290780142,1.0,64.0,64.0,64.0
width,ETTh1,MultiPatchFormer,96,test,1224,,0.218351351,0.218351351,0.0,7,0.36703080163962304,0.32019733901531805,0.41837609356325783,0.4835542470901572,0.36838595960473747,0.5745057821988196,1,7,51,0.3617021276595745,2.0,128.0,128.0,128.0
width,ETTh1,MultiPatchFormer,96,test,1248,,0.24310123442857143,0.24310123442857143,0.0,7,0.27554566215650084,0.15394666803898333,0.42893884307233643,0.46577496393172585,0.35621974675545354,0.6091211188760373,1,7,52,0.36879432624113473,2.0,128.0,128.0,128.0
width,ETTh1,MultiPatchFormer,96,test,1272,,0.2357387577142857,0.2357387577142857,0.0,7,0.30931771247120526,0.2337400562783726,0.35902082006195213,0.47898333265987686,0.3593641403060163,0.60715076026543,1,7,53,0.375886524822695,4.0,256.0,256.0,256.0
width,ETTh1,MultiPatchFormer,96,test,1296,,0.5920124751428572,0.5920124751428572,0.0,7,0.23792634623656922,0.14788918172181753,0.30778123922376677,0.5067840789717859,0.3553417807937172,0.6653213047923477,1,7,54,0.3829787234042553,1.0,64.0,64.0,64.0
width,ETTh1,MultiPatchFormer,96,test,1320,,0.7732924857142857,0.7732924857142857,0.0,7,0.2785951821654445,0.21147014948818255,0.3260137724835089,0.524288287981239,0.36116271615699264,0.7218810680108494,1,7,55,0.3900709219858156,1.0,64.0,64.0,64.0
width,ETTh1,MultiPatchFormer,96,test,1344,,0.7475132785714286,0.7475132785714286,0.0,7,0.27128294514693235,0.15939348581947582,0.40048356083751324,0.4660997639250688,0.3466624537680244,0.5841416923818312,1,7,56,0.3971631205673759,1.0,64.0,64.0,64.0
width,ETTh1,MultiPatchFormer,96,test,1368,,0.5832610542857143,0.5832610542857143,0.0,7,0.30887025150404196,0.21668903171515969,0.370540159060513,0.4696281045495362,0.35562387872680284,0.6282190094181077,1,7,57,0.40425531914893614,2.0,128.0,128.0,128.0
width,ETTh1,MultiPatchFormer,96,test,1392,,0.48498341142857143,0.48498341142857143,0.0,7,0.5263704659184284,0.40352029057536726,0.6400592895353723,0.4527107681671606,0.36767266197386894,0.5524933703695363,1,7,58,0.41134751773049644,4.0,256.0,256.0,256.0
width,ETTh1,MultiPatchFormer,96,test,1416,,0.42592533714285713,0.42592533714285713,0.0,7,0.5927003306741059,0.5098409657911221,0.6722599844367324,0.4549812491162558,0.3651125260503468,0.5653638298144391,1,7,59,0.41843971631205673,4.0,256.0,256.0,256.0
width,ETTh1,MultiPatchFormer,96,test,1440,,0.5110405885714285,0.5110405885714285,0.0,7,0.3094385693185761,0.14921877992137458,0.4535456900242849,0.47401372725221386,0.38343841148771035,0.5773243917379185,1,7,60,0.425531914893617,8.0,512.0,512.0,512.0
width,ETTh1,MultiPatchFormer,96,test,1464,,0.7244557142857142,0.7244557142857142,0.0,7,0.5481790217612996,0.4775621211357105,0.6195811956093553,0.46420813862915355,0.3782297261633718,0.5727609400437441,1,7,61,0.4326241134751773,16.0,1024.0,1024.0,1024.0
width,ETTh1,MultiPatchFormer,96,test,1488,,0.6399075808571428,0.6399075808571428,0.0,7,0.33572077573417786,0.24383159814103011,0.40699746333460607,0.5040324708302941,0.37512467351678747,0.6418969524835094,1,7,62,0.4397163120567376,2.0,128.0,128.0,128.0
width,ETTh1,MultiPatchFormer,96,test,1512,,0.9297656414285714,0.9297656414285714,0.0,7,0.387552498657613,0.3037566834342533,0.454703703761679,0.45859332530875874,0.37270568294686973,0.6102491802683269,1,7,63,0.44680851063829785,2.0,128.0,128.0,128.0
width,ETTh1,MultiPatchFormer,96,test,1536,,0.7847874914285714,0.7847874914285714,0.0,7,0.3794688857088385,0.33674978409723383,0.4363977768625733,0.5455422219623377,0.4306597350326263,0.6814571628415063,1,7,64,0.45390070921985815,4.0,256.0,256.0,256.0
width,ETTh1,MultiPatchFormer,96,test,1560,,1.1741295257142856,1.1741295257142856,0.0,7,0.36100243869888443,0.26098085262636583,0.4609171771118714,0.5434337090616617,0.40598586859862673,0.7532026943546972,1,7,65,0.46099290780141844,8.0,512.0,512.0,512.0
width,ETTh1,MultiPatchFormer,96,test,1584,,0.6818868057142857,0.6818868057142857,0.0,7,0.49727104910972736,0.4214317514279589,0.5778540004302427,0.5124122839453463,0.3994720341644618,0.6318684770632427,1,7,66,0.46808510638297873,16.0,1024.0,1024.0,1024.0
width,ETTh1,MultiPatchFormer,96,test,1608,,0.5611201251428571,0.5611201251428571,0.0,7,0.362219205570598,0.24995472527758994,0.48507786373273837,0.4866163144041336,0.33334982812675606,0.6028108713659927,1,7,67,0.475177304964539,16.0,1024.0,1024.0,1024.0
width,ETTh1,MultiPatchFormer,96,test,1632,,0.7355101742857143,0.7355101742857143,0.0,7,0.3021270085968342,0.2302342571479966,0.35969971668966794,0.4339991276705289,0.30231259792570453,0.522751517524281,1,7,68,0.48226950354609927,4.0,256.0,256.0,256.0
width,ETTh1,MultiPatchFormer,96,test,1656,,0.6072489757142857,0.6072489757142857,0.0,7,0.28869486640407865,0.20680921050708312,0.3844048133061097,0.49082817540510837,0.3184712597833471,0.6261548213333761,1,7,69,0.48936170212765956,16.0,1024.0,1024.0,1024.0
width,ETTh1,MultiPatchFormer,96,test,1680,,0.3001247492857143,0.3001247492857143,0.0,7,0.27965492697863364,0.24101687406217717,0.32510580290431623,0.48057316062108263,0.35200015553899294,0.6290890210681727,1,7,70,0.49645390070921985,16.0,1024.0,1024.0,1024.0
width,ETTh1,MultiPatchFormer,96,test,1704,,0.2748990611428571,0.2748990611428571,0.0,7,0.3579045480170069,0.279172514803758,0.4529605298556168,0.4516120985084373,0.35382943942597217,0.6086939903749038,1,7,71,0.5035460992907801,2.0,128.0,128.0,128.0
width,ETTh1,MultiPatchFormer,96,test,1728,,0.5530994794285714,0.5530994794285714,0.0,7,0.3079524189550664,0.24188541643062125,0.3779447718376864,0.4671523568187538,0.37506786606532716,0.6207230129272631,1,7,72,0.5106382978723404,4.0,256.0,256.0,256.0
width,ETTh1,MultiPatchFormer,96,test,1752,,0.30200334757142855,0.30200334757142855,0.0,7,0.282955006469492,0.22949509128874734,0.34800007456624554,0.4986011523926898,0.41996352123870334,0.6442579041385872,1,7,73,0.5177304964539007,16.0,1024.0,1024.0,1024.0
width,ETTh1,MultiPatchFormer,96,test,1776,,0.36318767214285713,0.36318767214285713,0.0,7,0.35512881631287624,0.27963670302661503,0.44236635085754905,0.454122259845407,0.388961909249657,0.5577185636360824,1,7,74,0.524822695035461,8.0,512.0,512.0,512.0
width,ETTh1,MultiPatchFormer,96,test,1800,,0.2353172342857143,0.2353172342857143,0.0,7,0.30936601738398345,0.22330314830103626,0.41481540409619805,0.4687706077161756,0.4076642802303003,0.5539515583346478,1,7,75,0.5319148936170213,8.0,512.0,512.0,512.0
width,ETTh1,MultiPatchFormer,96,test,1824,,0.26712090957142853,0.26712090957142853,0.0,7,0.30361408800090306,0.2397298097396725,0.36307487059254273,0.43722901481067616,0.3320470446623682,0.5247135314894198,1,7,76,0.5390070921985816,4.0,256.0,256.0,256.0
width,ETTh1,MultiPatchFormer,96,test,1848,,0.41859087857142857,0.41859087857142857,0.0,7,0.22880147340818097,0.0721828379140632,0.31970994086384724,0.42815353788256133,0.3155453356704937,0.5310849250767709,1,7,77,0.5460992907801419,4.0,256.0,256.0,256.0
width,ETTh1,MultiPatchFormer,96,test,1872,,0.4610511685714286,0.4610511685714286,0.0,7,0.20984105473426312,0.08127785312701084,0.31986514355352696,0.42094336848292935,0.3028245439236141,0.5532456787767605,1,7,78,0.5531914893617021,4.0,256.0,256.0,256.0
width,ETTh1,MultiPatchFormer,96,test,1896,,0.3419802828571429,0.3419802828571429,0.0,7,0.2689226616020951,0.14124714790236412,0.3301207220879969,0.40283571419668013,0.31700371809106254,0.46688074728990764,1,7,79,0.5602836879432624,2.0,128.0,128.0,128.0
width,ETTh1,MultiPatchFormer,96,test,1920,,0.28812037214285713,0.28812037214285713,0.0,7,0.32785752226132736,0.2458796155034355,0.3951610510591935,0.4244730071782708,0.34642189230573317,0.5075894150525843,1,7,80,0.5673758865248227,2.0,128.0,128.0,128.0
width,ETTh1,MultiPatchFormer,96,test,1944,,0.48190107,0.48190107,0.0,7,0.28681851146104187,0.23838428992845134,0.33995056866475765,0.42204075836275745,0.3223121802485735,0.4906926009486366,1,7,81,0.574468085106383,2.0,128.0,128.0,128.0
width,ETTh1,MultiPatchFormer,96,test,1968,,0.4048522428571429,0.4048522428571429,0.0,7,0.2904680679912129,0.1286273813907558,0.4665909403253345,0.4202073027339925,0.37858413037211064,0.4696399981299399,1,7,82,0.5815602836879432,8.0,512.0,512.0,512.0
width,ETTh1,MultiPatchFormer,96,test,1992,,0.23757849285714286,0.23757849285714286,0.0,7,0.3318494767576456,0.2593296629400156,0.3984352579679493,0.47441929355365975,0.35948610583898255,0.6122699332361339,1,7,83,0.5886524822695035,8.0,512.0,512.0,512.0
width,ETTh1,MultiPatchFormer,96,test,2016,,0.29770666285714287,0.29770666285714287,0.0,7,0.33525566463686113,0.2499851488656322,0.43342595941501977,0.4969440092359479,0.4064523329339293,0.5931312662544165,1,7,84,0.5957446808510638,8.0,512.0,512.0,512.0
width,ETTh1,MultiPatchFormer,96,test,2040,,0.29952936214285714,0.29952936214285714,0.0,7,0.3091205162668583,0.25757809499634654,0.38360898773755825,0.4799621378746243,0.36643588330910226,0.5958616410234335,1,7,85,0.6028368794326241,16.0,1024.0,1024.0,1024.0
width,ETTh1,MultiPatchFormer,96,test,2064,,0.27240297857142853,0.27240297857142853,0.0,7,0.2589112934472021,0.16031605513475272,0.3467502958916746,0.48485337455082317,0.3588656445723126,0.611897216870569,1,7,86,0.6099290780141844,16.0,1024.0,1024.0,1024.0
width,ETTh1,MultiPatchFormer,96,test,2088,,0.23598061857142857,0.23598061857142857,0.0,7,0.2771256292046075,0.20789752944956374,0.3433356543587551,0.4540304626937462,0.34632605163966124,0.537837960892914,1,7,87,0.6170212765957447,8.0,512.0,512.0,512.0
width,ETTh1,MultiPatchFormer,96,test,2112,,0.25626252071428574,0.25626252071428574,0.0,7,0.3319055433732926,0.27199464092585873,0.39541053326996983,0.4611512159422078,0.3573145256252354,0.5671134963114741,1,7,88,0.624113475177305,8.0,512.0,512.0,512.0
width,ETTh1,MultiPatchFormer,96,test,2136,,0.29250487357142857,0.29250487357142857,0.0,7,0.2969236593595011,0.22867537082135436,0.33811606254827625,0.4501678160078758,0.360558154466678,0.5272520759039583,1,7,89,0.6312056737588653,1.0,64.0,64.0,64.0
width,ETTh1,MultiPatchFormer,96,test,2160,,0.34777910285714286,0.34777910285714286,0.0,7,0.28830157854198785,0.21390889334505236,0.3828609013410838,0.4431750564348921,0.3801730813624752,0.5106225020956016,1,7,90,0.6382978723404256,2.0,128.0,128.0,128.0
width,ETTh1,MultiPatchFormer,96,test,2184,,0.42997187428571426,0.42997187428571426,0.0,7,0.34178402378929473,0.2518715919837361,0.44647657500984406,0.4787663254125067,0.3648847182517189,0.6305757814556019,1,7,91,0.6453900709219859,1.0,64.0,64.0,64.0
width,ETTh1,MultiPatchFormer,96,test,2208,,0.5933241785714286,0.5933241785714286,0.0,7,0.2985997197054252,0.26776621645057497,0.34695115180543057,0.4608637079885648,0.36518376296422767,0.5869658407963604,1,7,92,0.6524822695035462,1.0,64.0,64.0,64.0
width,ETTh1,MultiPatchFormer,96,test,2232,,0.7129592571428571,0.7129592571428571,0.0,7,0.29686838668227733,0.21409472001625277,0.3427494432575306,0.498676306679915,0.3922473971815283,0.615779512634731,1,7,93,0.6595744680851063,1.0,64.0,64.0,64.0
width,ETTh1,MultiPatchFormer,96,test,2256,,0.8440899457142857,0.8440899457142857,0.0,7,0.349860869547482,0.2651132629716265,0.44975964237298205,0.5032355739710804,0.4070867404657075,0.6071549374007068,1,7,94,0.6666666666666666,4.0,256.0,256.0,256.0
width,ETTh1,MultiPatchFormer,96,test,2280,,1.1766549185714286,1.1766549185714286,0.0,7,0.3580228693167644,0.22489548558622774,0.5135265452892687,0.4843951447532166,0.41690455826383654,0.5913875491324183,1,7,95,0.6737588652482269,2.0,128.0,128.0,128.0
width,ETTh1,MultiPatchFormer,96,test,2304,,0.8469772064285715,0.8469772064285715,0.0,7,0.3638626880391396,0.32666879907864993,0.39999981027053416,0.4756566933283544,0.4419297430581499,0.5170798611747985,1,7,96,0.6808510638297872,2.0,128.0,128.0,128.0
width,ETTh1,MultiPatchFormer,96,test,2328,,0.8768081831428571,0.8768081831428571,0.0,7,0.37984182596975863,0.3025644014693339,0.4696288573952123,0.523505231429692,0.4700516288441264,0.5980064431282467,1,7,97,0.6879432624113475,2.0,128.0,128.0,128.0
width,ETTh1,MultiPatchFormer,96,test,2352,,0.7403834785714285,0.7403834785714285,0.0,7,0.4208468292939186,0.342095420916186,0.48484544145751785,0.4922189836283888,0.4247472724122302,0.5801698389988279,1,7,98,0.6950354609929078,1.0,64.0,64.0,64.0
width,ETTh1,MultiPatchFormer,96,test,2376,,0.26499466514285713,0.26499466514285713,0.0,7,0.32618246231984566,0.1676789245052418,0.5084127685503473,0.500200660687202,0.41720129304969583,0.5912117425715098,1,7,99,0.7021276595744681,8.0,512.0,512.0,512.0
width,ETTh1,MultiPatchFormer,96,test,2400,,0.33481577428571424,0.33481577428571424,0.0,7,0.431136530929846,0.3438269414531159,0.5230305974786521,0.517293887795377,0.39221151771290286,0.6966257700522472,1,7,100,0.7092198581560284,4.0,256.0,256.0,256.0
width,ETTh1,MultiPatchFormer,96,test,2424,,0.2708117842857143,0.2708117842857143,0.0,7,0.35872899227274546,0.31006732560189443,0.41150117123027974,0.5650174599024501,0.4390436043071214,0.709087114460046,1,7,101,0.7163120567375887,4.0,256.0,256.0,256.0
width,ETTh1,MultiPatchFormer,96,test,2448,,0.23702075385714286,0.23702075385714286,0.0,7,0.29069712851418955,0.21788943395164279,0.34434060275418854,0.5115542511565719,0.38437175889605524,0.6848438918581436,1,7,102,0.723404255319149,4.0,256.0,256.0,256.0
width,ETTh1,MultiPatchFormer,96,test,2472,,0.34738636142857143,0.34738636142857143,0.0,7,0.3479748550388976,0.27962130796332646,0.4090565815270209,0.5102477698364467,0.35296069578757305,0.7376064796464905,1,7,103,0.7304964539007093,4.0,256.0,256.0,256.0
width,ETTh1,MultiPatchFormer,96,test,2496,,0.5885741371428571,0.5885741371428571,0.0,7,0.33734463017635946,0.2746252599180106,0.39343032283090856,0.5114820996365813,0.31759908081587324,0.7446304207274195,1,7,104,0.7375886524822695,1.0,64.0,64.0,64.0
width,ETTh1,MultiPatchFormer,96,test,2520,,0.5714907777142857,0.5714907777142857,0.0,7,0.26437250472276586,0.20684357622246474,0.35704373272361745,0.49992425898840226,0.3453672991580251,0.6909535851410081,1,7,105,0.7446808510638298,1.0,64.0,64.0,64.0
width,ETTh1,MultiPatchFormer,96,test,2544,,0.5396754614285715,0.5396754614285715,0.0,7,0.3069736816141459,0.18110622924120734,0.44638684685128704,0.5138396626176666,0.34867846304912153,0.7024416619892803,1,7,106,0.75177304964539,16.0,1024.0,1024.0,1024.0
width,ETTh1,MultiPatchFormer,96,test,2568,,0.3233115128571429,0.3233115128571429,0.0,7,0.3506525896589226,0.2721124595453966,0.4078975235740193,0.4798515940197577,0.36545663702001874,0.5966383999942062,1,7,107,0.7588652482269503,16.0,1024.0,1024.0,1024.0
width,ETTh1,MultiPatchFormer,96,test,2592,,0.40504256642857145,0.40504256642857145,0.0,7,0.42122950338598,0.31872405270433823,0.5455837333383374,0.4633371272615566,0.3917450161542545,0.5379582784395942,1,7,108,0.7659574468085106,8.0,512.0,512.0,512.0
width,ETTh1,MultiPatchFormer,96,test,2616,,0.46763711185714285,0.46763711185714285,0.0,7,0.34065603230001784,0.2781299334449039,0.4073716053146206,0.4807753642093258,0.43458771615137415,0.5300061422330136,1,7,109,0.7730496453900709,4.0,256.0,256.0,256.0
width,ETTh1,MultiPatchFormer,96,test,2640,,0.6173033865714286,0.6173033865714286,0.0,7,0.2902088152621878,0.23207278252189784,0.36364605263014443,0.5444102020538142,0.47208842554764546,0.6301023241074555,1,7,110,0.7801418439716312,4.0,256.0,256.0,256.0
width,ETTh1,MultiPatchFormer,96,test,2664,,0.37121398957142854,0.37121398957142854,0.0,7,0.38708588717069636,0.30823412717470483,0.45842660423962617,0.5262030702700965,0.4560380545146514,0.5921663056216232,1,7,111,0.7872340425531915,4.0,256.0,256.0,256.0
width,ETTh1,MultiPatchFormer,96,test,2688,,0.26436388699999996,0.26436388699999996,0.0,7,0.3680857791175665,0.31836802578861456,0.4528458412840167,0.5064596850727977,0.3911801444947932,0.593942269656592,1,7,112,0.7943262411347518,2.0,128.0,128.0,128.0
width,ETTh1,MultiPatchFormer,96,test,2712,,0.27603843714285714,0.27603843714285714,0.0,7,0.31363396646568165,0.23993247177030677,0.381315294107851,0.5048902566522979,0.4137860501353927,0.6068813149745862,1,7,113,0.8014184397163121,2.0,128.0,128.0,128.0
width,ETTh1,MultiPatchFormer,96,test,2736,,0.2046729714285714,0.2046729714285714,0.0,7,0.32120302835438486,0.2103030518154116,0.41258468645325164,0.5086422393774507,0.4016596843707051,0.5717873506441268,1,7,114,0.8085106382978723,1.0,64.0,64.0,64.0
width,ETTh1,MultiPatchFormer,96,test,2760,,0.3649252651428571,0.3649252651428571,0.0,7,0.36828287450129193,0.30154722968627135,0.4173927726908911,0.5504974770377731,0.4415710303355402,0.6443120592517779,1,7,115,0.8156028368794326,1.0,64.0,64.0,64.0
width,ETTh1,MultiPatchFormer,96,test,2784,,0.45693362257142855,0.45693362257142855,0.0,7,0.35623831938377515,0.26386303970433045,0.46337889042114516,0.533220859384824,0.42528683147420787,0.6198108374385691,1,7,116,0.8226950354609929,2.0,128.0,128.0,128.0
width,ETTh1,MultiPatchFormer,96,test,2808,,0.43780388221428573,0.43780388221428573,0.0,7,0.4014428558353216,0.34244403773662857,0.48563391111091475,0.5306191985424519,0.41515443250383505,0.6317221824686563,1,7,117,0.8297872340425532,2.0,128.0,128.0,128.0
width,ETTh1,MultiPatchFormer,96,test,2832,,0.4820108555714286,0.4820108555714286,0.0,7,0.301861534078418,0.23392746104271586,0.42665494387646824,0.5039497348265237,0.3840632935144853,0.6167332541421392,1,7,118,0.8368794326241135,4.0,256.0,256.0,256.0
width,ETTh1,MultiPatchFormer,96,test,2856,,0.5932740334285714,0.5932740334285714,0.0,7,0.4447038938356762,0.29446982590418047,0.5495583486014923,0.5038203180869341,0.4057522303673045,0.6022181475759196,1,7,119,0.8439716312056738,4.0,256.0,256.0,256.0
width,ETTh1,MultiPatchFormer,96,test,2880,,0.22809433714285715,0.22809433714285715,0.0,7,0.5946334959140724,0.5446708459557379,0.6445969437409155,0.525622843363449,0.39809063746232276,0.6484700050897342,1,7,120,0.851063829787234,4.0,256.0,256.0,256.0
width,ETTh1,MultiPatchFormer,96,test,2904,,0.30678704871428575,0.30678704871428575,0.0,7,0.3321561865168357,0.2323684706145251,0.4914488758869346,0.5512656255742281,0.459326949742057,0.6606602229416924,1,7,121,0.8581560283687943,8.0,512.0,512.0,512.0
width,ETTh1,MultiPatchFormer,96,test,2928,,0.19546270242857142,0.19546270242857142,0.0,7,0.539616183273658,0.4624023727173349,0.6286502582392567,0.5698412985892363,0.4636710026975997,0.7290437386133916,1,7,122,0.8652482269503546,2.0,128.0,128.0,128.0
width,ETTh1,MultiPatchFormer,96,test,2952,,0.189195567,0.189195567,0.0,7,0.31708849539738976,0.2556038728838332,0.39570482707745247,0.5210137900198043,0.38871229433316024,0.6901362216828312,1,7,123,0.8723404255319149,4.0,256.0,256.0,256.0
width,ETTh1,MultiPatchFormer,96,test,2976,,0.25280469914285714,0.25280469914285714,0.0,7,0.2975619243966664,0.23783070884547264,0.3573448531216025,0.4871711376117983,0.377222438326436,0.6322627782968117,1,7,124,0.8794326241134752,4.0,256.0,256.0,256.0
width,ETTh1,MultiPatchFormer,96,test,3000,,0.30331700285714286,0.30331700285714286,0.0,7,0.2884006044887001,0.23321368876208098,0.3397676180341684,0.47089903960293084,0.35604728642167793,0.6136767120802071,1,7,125,0.8865248226950354,1.0,64.0,64.0,64.0
width,ETTh1,MultiPatchFormer,96,test,3024,,0.3040647572857143,0.3040647572857143,0.0,7,0.24372922872318123,0.12357627504301796,0.3473182795563915,0.46558433581261305,0.3513762139827969,0.5676796792321106,1,7,126,0.8936170212765957,2.0,128.0,128.0,128.0
width,ETTh1,MultiPatchFormer,96,test,3048,,0.2914219992857143,0.2914219992857143,0.0,7,0.29069856573034575,0.2487251298787043,0.3327542257590261,0.5139172683694216,0.3950526629896364,0.6091648766784855,1,7,127,0.900709219858156,8.0,512.0,512.0,512.0
width,ETTh1,MultiPatchFormer,96,test,3072,,0.37550486057142857,0.37550486057142857,0.0,7,0.3466425632984543,0.23869164317969038,0.4500599854907685,0.537539979298386,0.4070873100553737,0.6747627728907615,1,7,128,0.9078014184397163,4.0,256.0,256.0,256.0
width,ETTh1,MultiPatchFormer,96,test,3096,,0.37429886914285715,0.37429886914285715,0.0,7,0.39683695923263823,0.2726304760275316,0.5449636367668441,0.4752162296636141,0.4074048761724829,0.5480554312229887,1,7,129,0.9148936170212766,8.0,512.0,512.0,512.0
width,ETTh1,MultiPatchFormer,96,test,3120,,0.3414472835714286,0.3414472835714286,0.0,7,0.29194690296782666,0.23057765877087116,0.3513777481978298,0.46602140180117535,0.4189588943459045,0.538687474642883,1,7,130,0.9219858156028369,4.0,256.0,256.0,256.0
width,ETTh1,MultiPatchFormer,96,test,3144,,0.299102163,0.299102163,0.0,7,0.4129655340527528,0.31187628658123506,0.5563886437418449,0.4866700114091866,0.39283415971184865,0.5423851582170408,1,7,131,0.9290780141843972,2.0,128.0,128.0,128.0
width,ETTh1,MultiPatchFormer,96,test,3168,,0.18224627357142856,0.18224627357142856,0.0,7,0.378284083064466,0.30145376601944757,0.43856933060064396,0.5041384075176993,0.33467361133730716,0.6481484462010741,1,7,132,0.9361702127659575,4.0,256.0,256.0,256.0
width,ETTh1,MultiPatchFormer,96,test,3192,,0.18894184928571428,0.18894184928571428,0.0,7,0.307409713107552,0.16952584377001007,0.4104242689907684,0.5085008576142924,0.33402882224233976,0.6605613314307,1,7,133,0.9432624113475178,4.0,256.0,256.0,256.0
width,ETTh1,MultiPatchFormer,96,test,3216,,0.2521290857142857,0.2521290857142857,0.0,7,0.31578842297075654,0.18206412464138125,0.4548727677467596,0.49370815296891984,0.3355472640794347,0.6361600063773781,1,7,134,0.950354609929078,4.0,256.0,256.0,256.0
width,ETTh1,MultiPatchFormer,96,test,3240,,0.2840058714285714,0.2840058714285714,0.0,7,0.2962668284767308,0.19006917097213694,0.38349143340381076,0.4608153191783,0.3250759911915995,0.563502588570572,1,7,135,0.9574468085106383,4.0,256.0,256.0,256.0
width,ETTh1,MultiPatchFormer,96,test,3264,,0.25467132285714283,0.25467132285714283,0.0,7,0.3067957737517536,0.2368769439732785,0.4162043239003041,0.42568526681369734,0.3114666644846688,0.4943340523681211,1,7,136,0.9645390070921985,16.0,1024.0,1024.0,1024.0
width,ETTh1,MultiPatchFormer,96,test,3288,,0.3337162,0.3337162,0.0,7,0.2930043581233742,0.25707772846534965,0.3169439936786304,0.4540184760425037,0.32277415685647054,0.5466877381182128,1,7,137,0.9716312056737588,1.0,64.0,64.0,64.0
width,ETTh1,MultiPatchFormer,96,test,3312,,0.2760782864285714,0.2760782864285714,0.0,7,0.30122066858832663,0.26043725583170235,0.33236939445502567,0.4807169091440228,0.3614458387481833,0.6104578202735687,1,7,138,0.9787234042553191,1.0,64.0,64.0,64.0
width,ETTh1,MultiPatchFormer,96,test,3336,,0.22421384885714285,0.22421384885714285,0.0,7,0.33634278585918576,0.23688696589886613,0.4141024855066882,0.45007924306517644,0.35304987601881416,0.5111302905069218,1,7,139,0.9858156028368794,4.0,256.0,256.0,256.0
width,ETTh1,MultiPatchFormer,96,test,3360,,0.24888128857142858,0.24888128857142858,0.0,7,0.29325045729654814,0.2485050715458407,0.34820455532852784,0.46781420588506634,0.3782112001238686,0.5359431678680909,1,7,140,0.9929078014184397,1.0,64.0,64.0,64.0
width,ETTh1,MultiPatchFormer,96,test,3384,,0.2604304515714286,0.2604304515714286,0.0,7,0.2960656256451813,0.2209665040075557,0.37498002107351813,0.5040037038833814,0.3929802094703763,0.5891370142821315,1,7,141,1.0,2.0,128.0,128.0,128.0
width,ETTh1,PatchTST,96,test,0,,0.5011899101428572,0.5011899101428572,0.0,7,0.590050407029684,0.5131340713791827,0.6741891109546297,0.47833298149111564,0.3712384191525044,0.5574837347931468,1,7,0,0.0,16.0,64.0,64.0,512.0
width,ETTh1,PatchTST,96,test,24,,0.31902575928571425,0.31902575928571425,0.0,7,0.46014385781937933,0.1946111461796313,0.6906210865998259,0.43862105379081695,0.3878435408393026,0.48543268972356385,1,7,1,0.0070921985815602835,16.0,64.0,64.0,512.0
width,ETTh1,PatchTST,96,test,48,,0.250419553,0.250419553,0.0,7,0.5495508754080078,0.4352290151593739,0.7083282814251031,0.42544567984875953,0.3403327665754935,0.5256928507590731,1,7,2,0.014184397163120567,16.0,64.0,64.0,512.0
width,ETTh1,PatchTST,96,test,72,,0.14951467257142856,0.14951467257142856,0.0,7,0.32771775327519403,0.2760498365557876,0.3876068293441114,0.4717959908346741,0.3314110227988153,0.686184453140915,1,7,3,0.02127659574468085,8.0,32.0,32.0,256.0
width,ETTh1,PatchTST,96,test,96,,0.21008538414285716,0.21008538414285716,0.0,7,0.3232242661549109,0.24004154711791553,0.4700339909246652,0.45325771536197196,0.33858720748890847,0.6804387734372517,1,7,4,0.028368794326241134,2.0,8.0,8.0,64.0
width,ETTh1,PatchTST,96,test,120,,0.31734587628571426,0.31734587628571426,0.0,7,0.27395163791471805,0.1999179585101336,0.34529987683799307,0.4762496139654341,0.33553027426994225,0.6925471786065602,1,7,5,0.03546099290780142,1.0,4.0,4.0,32.0
width,ETTh1,PatchTST,96,test,144,,0.296559291,0.296559291,0.0,7,0.26207223620495024,0.18016391602038034,0.4361939309858093,0.5092410697516347,0.3469875031960407,0.6847416321461082,1,7,6,0.0425531914893617,1.0,4.0,4.0,32.0
width,ETTh1,PatchTST,96,test,168,,0.3569730582857143,0.3569730582857143,0.0,7,0.30589802879942946,0.20891020912315578,0.38856499080656764,0.47484969232529234,0.33610829877095505,0.625245679621327,1,7,7,0.04964539007092199,1.0,4.0,4.0,32.0
width,ETTh1,PatchTST,96,test,192,,0.3225299261428572,0.3225299261428572,0.0,7,0.3212456010773643,0.24835826897199573,0.4257278561815244,0.5226591749997306,0.38842945681283225,0.7004617328390684,1,7,8,0.05673758865248227,4.0,16.0,16.0,128.0
width,ETTh1,PatchTST,96,test,216,,0.5024704617142858,0.5024704617142858,0.0,7,0.34541333701176047,0.2754776932875426,0.42006858830852456,0.5199359219599246,0.4132852527439944,0.7160315057863653,1,7,9,0.06382978723404255,2.0,8.0,8.0,64.0
width,ETTh1,PatchTST,96,test,240,,0.328456085,0.328456085,0.0,7,0.21847360478854333,0.12133124804045328,0.28785022365037827,0.5130310438440551,0.4109460668247349,0.6191002325925669,1,7,10,0.07092198581560284,16.0,64.0,64.0,512.0
width,ETTh1,PatchTST,96,test,264,,0.3753264092857143,0.3753264092857143,0.0,7,0.36312813756641155,0.2771719803019398,0.44651735148834865,0.5325959373150062,0.4436335377954106,0.6343691081783835,1,7,11,0.07801418439716312,1.0,4.0,4.0,32.0
width,ETTh1,PatchTST,96,test,288,,0.4957692945714286,0.4957692945714286,0.0,7,0.37926440512875,0.29841175587982705,0.4702244894926931,0.4812768418643013,0.4080318653693557,0.6070239577027611,1,7,12,0.0851063829787234,1.0,4.0,4.0,32.0
width,ETTh1,PatchTST,96,test,312,,0.4969084120000001,0.4969084120000001,0.0,7,0.37375736493648254,0.22225996489619873,0.4919477968171518,0.44626790668004196,0.39326788019564474,0.5175956118554476,1,7,13,0.09219858156028368,1.0,4.0,4.0,32.0
width,ETTh1,PatchTST,96,test,336,,0.340553581,0.340553581,0.0,7,0.37003896629553673,0.29729750212695305,0.45221559904681924,0.41487379063943575,0.37393719507369266,0.47976136991700724,1,7,14,0.09929078014184398,1.0,4.0,4.0,32.0
width,ETTh1,PatchTST,96,test,360,,0.3249755501428572,0.3249755501428572,0.0,7,0.2954404833057573,0.21593557039347866,0.36819010727897755,0.4521642152898425,0.4037591750009076,0.5257913186898194,1,7,15,0.10638297872340426,4.0,16.0,16.0,128.0
width,ETTh1,PatchTST,96,test,384,,0.43619001424285714,0.43619001424285714,0.0,7,0.27276663825609887,0.22642511539645893,0.31449740228107254,0.47964774971878216,0.4289430910491538,0.5300413121405025,1,7,16,0.11347517730496454,1.0,4.0,4.0,32.0
width,ETTh1,PatchTST,96,test,408,,0.18088856314285714,0.18088856314285714,0.0,7,0.3203874247649305,0.25606426083787875,0.3798850103099579,0.5090593534204209,0.47569012047817716,0.540794715237344,1,7,17,0.12056737588652482,8.0,32.0,32.0,256.0
width,ETTh1,PatchTST,96,test,432,,0.4519211284285714,0.4519211284285714,0.0,7,0.31785429119716063,0.21836900889123573,0.45358707607068516,0.46639576120580617,0.44323732460915005,0.5011407788985827,1,7,18,0.1276595744680851,2.0,8.0,8.0,64.0
width,ETTh1,PatchTST,96,test,456,,0.5615347012857143,0.5615347012857143,0.0,7,0.3262763442265599,0.3044906865801376,0.34383275671841645,0.43917806522279373,0.40130035380477797,0.494398953517261,1,7,19,0.1347517730496454,8.0,32.0,32.0,256.0
width,ETTh1,PatchTST,96,test,480,,0.8151521114285715,0.8151521114285715,0.0,7,0.29440332330150365,0.2501965941729528,0.3420538784122721,0.42108739896759195,0.3554010762274632,0.4840255186609122,1,7,20,0.14184397163120568,16.0,64.0,64.0,512.0
width,ETTh1,PatchTST,96,test,504,,0.39713572914285716,0.39713572914285716,0.0,7,0.2912129574764227,0.2493813121030119,0.34378564358175223,0.4103086559902857,0.3738796998357299,0.4735072453140022,1,7,21,0.14893617021276595,16.0,64.0,64.0,512.0
width,ETTh1,PatchTST,96,test,528,,0.3234147567142857,0.3234147567142857,0.0,7,0.42869340260868655,0.32609158376289726,0.5246738929295532,0.4195509753578718,0.37393185882046154,0.46960040420598387,1,7,22,0.15602836879432624,2.0,8.0,8.0,64.0
width,ETTh1,PatchTST,96,test,552,,0.2914617314285714,0.2914617314285714,0.0,7,0.4156914357202181,0.32987198622717306,0.5151512036564625,0.458554588516967,0.40502083020639085,0.5455061774668933,1,7,23,0.16312056737588654,4.0,16.0,16.0,128.0
width,ETTh1,PatchTST,96,test,576,,0.26942280728571427,0.26942280728571427,0.0,7,0.35077362039391363,0.2662626258164541,0.45793852574457455,0.5014386219087681,0.43232425972025157,0.5946588268456164,1,7,24,0.1702127659574468,1.0,4.0,4.0,32.0
width,ETTh1,PatchTST,96,test,600,,0.3682808794285714,0.3682808794285714,0.0,7,0.31163289565633245,0.2379370766146928,0.37091386031854423,0.45265489802768155,0.3965920929474891,0.5421471686531028,1,7,25,0.1773049645390071,1.0,4.0,4.0,32.0
width,ETTh1,PatchTST,96,test,624,,0.23260392428571428,0.23260392428571428,0.0,7,0.2883579632270367,0.14615661465876273,0.4350628639673903,0.4729343869255584,0.4104244348758639,0.5468988722481648,1,7,26,0.18439716312056736,1.0,4.0,4.0,32.0
width,ETTh1,PatchTST,96,test,648,,0.24651861185714283,0.24651861185714283,0.0,7,0.3534662079810915,0.31059877576306155,0.4046088361132213,0.5191736185575706,0.4076695238353008,0.6888064980959563,1,7,27,0.19148936170212766,1.0,4.0,4.0,32.0
width,ETTh1,PatchTST,96,test,672,,0.2984335442857143,0.2984335442857143,0.0,7,0.39074399255697617,0.27383001266807766,0.5201394741620654,0.49282331033208715,0.444188035454774,0.5609939610639267,1,7,28,0.19858156028368795,2.0,8.0,8.0,64.0
width,ETTh1,PatchTST,96,test,696,,0.5278348857142857,0.5278348857142857,0.0,7,0.4339796489679628,0.3707170573607048,0.511993703369072,0.5651155746906528,0.41620970002913676,0.7272676313277431,1,7,29,0.20567375886524822,16.0,64.0,64.0,512.0
width,ETTh1,PatchTST,96,test,720,,0.5771065328571429,0.5771065328571429,0.0,7,0.2884858446932189,0.2375815843291412,0.33382669198900555,0.5546090479167195,0.41212244404968007,0.7478322376905088,1,7,30,0.2127659574468085,16.0,64.0,64.0,512.0
width,ETTh1,PatchTST,96,test,744,,0.6382783142857144,0.6382783142857144,0.0,7,0.363701199363546,0.27406028409078204,0.42723304370167414,0.5844041530161407,0.44010947821728963,0.7364702960094701,1,7,31,0.2198581560283688,8.0,32.0,32.0,256.0
width,ETTh1,PatchTST,96,test,768,,0.6964214271428572,0.6964214271428572,0.0,7,0.37247644858441303,0.3109907519335506,0.4230058510213296,0.5294350919850308,0.40262713138729844,0.6889477906640421,1,7,32,0.22695035460992907,1.0,4.0,4.0,32.0
width,ETTh1,PatchTST,96,test,792,,0.5815953732857143,0.5815953732857143,0.0,7,0.4071633886515764,0.3207607893852068,0.5293145118409346,0.5182449462841814,0.4136183622413464,0.660410116276804,1,7,33,0.23404255319148937,8.0,32.0,32.0,256.0
width,ETTh1,PatchTST,96,test,816,,0.9429600942857143,0.9429600942857143,0.0,7,0.44432190104610286,0.33059299607732284,0.5452427597240487,0.5202324330526509,0.4066488853671404,0.6705957105801048,1,7,34,0.24113475177304963,8.0,32.0,32.0,256.0
width,ETTh1,PatchTST,96,test,840,,0.7628875857142857,0.7628875857142857,0.0,7,0.4230878724717641,0.3055702385441181,0.5209102805377186,0.5378648204660624,0.4152629604546492,0.6515837894814743,1,7,35,0.24822695035460993,8.0,32.0,32.0,256.0
width,ETTh1,PatchTST,96,test,864,,0.46755446857142857,0.46755446857142857,0.0,7,0.3909676832365269,0.2893013820904868,0.4933445000560417,0.5197547327437417,0.3795097635436783,0.6724461863709489,1,7,36,0.2553191489361702,16.0,64.0,64.0,512.0
width,ETTh1,PatchTST,96,test,888,,0.49050826714285717,0.49050826714285717,0.0,7,0.47430069598835234,0.3888868634808922,0.6237011756796672,0.5227721384299892,0.3738595403129563,0.6883441214414776,1,7,37,0.2624113475177305,16.0,64.0,64.0,512.0
width,ETTh1,PatchTST,96,test,912,,0.3719645571428572,0.3719645571428572,0.0,7,0.3255873684888515,0.2783316419500304,0.3761561332143322,0.5532001997411721,0.3639645512219733,0.7328697138571503,1,7,38,0.2695035460992908,16.0,64.0,64.0,512.0
width,ETTh1,PatchTST,96,test,936,,0.5573968671428571,0.5573968671428571,0.0,7,0.3712206673024997,0.30635450806655307,0.43931732704843524,0.5322429592367406,0.326908243969604,0.7407507513081895,1,7,39,0.2765957446808511,1.0,4.0,4.0,32.0
width,ETTh1,PatchTST,96,test,960,,0.60590504,0.60590504,0.0,7,0.33768372728580787,0.3092031668655794,0.37875667561680737,0.47903082396518365,0.31594191469784366,0.7560906788683629,1,7,40,0.28368794326241137,1.0,4.0,4.0,32.0
width,ETTh1,PatchTST,96,test,984,,0.4529642542857143,0.4529642542857143,0.0,7,0.25237560938816966,0.1666512842992811,0.35054978551244825,0.47462943228052473,0.3399328637940271,0.7164542728821158,1,7,41,0.2907801418439716,16.0,64.0,64.0,512.0
width,ETTh1,PatchTST,96,test,1008,,0.6782674342857142,0.6782674342857142,0.0,7,0.29339869245452943,0.2218827185619086,0.3715867182091352,0.4654661911941561,0.34597721191080566,0.6258217999587786,1,7,42,0.2978723404255319,1.0,4.0,4.0,32.0
width,ETTh1,PatchTST,96,test,1032,,0.3366963465714286,0.3366963465714286,0.0,7,0.2513601913893113,0.13448655586324645,0.3492877238853313,0.47871225025779507,0.4146617875092392,0.6270363135097433,1,7,43,0.3049645390070922,1.0,4.0,4.0,32.0
width,ETTh1,PatchTST,96,test,1056,,0.3258741971428571,0.3258741971428571,0.0,7,0.37319067794422267,0.28326391031470366,0.47503400427505965,0.4910377041946773,0.3982675266100884,0.6254492616994756,1,7,44,0.3120567375886525,1.0,4.0,4.0,32.0
width,ETTh1,PatchTST,96,test,1080,,0.30367299642857143,0.30367299642857143,0.0,7,0.28069762151257444,0.2519003242668595,0.3229232849769443,0.4763262607754961,0.3971573707298914,0.6113057204564569,1,7,45,0.3191489361702128,8.0,32.0,32.0,256.0
width,ETTh1,PatchTST,96,test,1104,,0.5605337978571429,0.5605337978571429,0.0,7,0.35210863584832486,0.3200781480645371,0.4147685810252291,0.5362738805648141,0.450482213501716,0.6321710596457768,1,7,46,0.3262411347517731,8.0,32.0,32.0,256.0
width,ETTh1,PatchTST,96,test,1128,,0.7039329271428573,0.7039329271428573,0.0,7,0.30751794014045725,0.27062835289114806,0.34740429857236904,0.4987896584563621,0.4345788510615488,0.5850062991392417,1,7,47,0.3333333333333333,2.0,8.0,8.0,64.0
width,ETTh1,PatchTST,96,test,1152,,0.4729622985714285,0.4729622985714285,0.0,7,0.3365982049903983,0.2366802685481046,0.4426644515837579,0.543988141178299,0.4920706539923917,0.6202926959953897,1,7,48,0.3404255319148936,16.0,64.0,64.0,512.0
width,ETTh1,PatchTST,96,test,1176,,0.5764663299999999,0.5764663299999999,0.0,7,0.35429269612729986,0.31767470076059867,0.40203684392558436,0.47383969483799565,0.38357699436998133,0.5715304139076297,1,7,49,0.3475177304964539,16.0,64.0,64.0,512.0
width,ETTh1,PatchTST,96,test,1200,,0.2416256557142857,0.2416256557142857,0.0,7,0.4146839563243739,0.2708465379009505,0.5745769347018024,0.48011565643326193,0.40006803879925107,0.5555606333476495,1,7,50,0.3546099290780142,16.0,64.0,64.0,512.0
width,ETTh1,PatchTST,96,test,1224,,0.2066499107142857,0.2066499107142857,0.0,7,0.36703080163962304,0.32019733901531805,0.41837609356325783,0.4835542470901572,0.36838595960473747,0.5745057821988196,1,7,51,0.3617021276595745,4.0,16.0,16.0,128.0
width,ETTh1,PatchTST,96,test,1248,,0.20838142,0.20838142,0.0,7,0.27554566215650084,0.15394666803898333,0.42893884307233643,0.46577496393172585,0.35621974675545354,0.6091211188760373,1,7,52,0.36879432624113473,8.0,32.0,32.0,256.0
width,ETTh1,PatchTST,96,test,1272,,0.26499609685714287,0.26499609685714287,0.0,7,0.30931771247120526,0.2337400562783726,0.35902082006195213,0.47898333265987686,0.3593641403060163,0.60715076026543,1,7,53,0.375886524822695,16.0,64.0,64.0,512.0
width,ETTh1,PatchTST,96,test,1296,,0.6752184242857142,0.6752184242857142,0.0,7,0.23792634623656922,0.14788918172181753,0.30778123922376677,0.5067840789717859,0.3553417807937172,0.6653213047923477,1,7,54,0.3829787234042553,1.0,4.0,4.0,32.0
width,ETTh1,PatchTST,96,test,1320,,0.9097790171428571,0.9097790171428571,0.0,7,0.2785951821654445,0.21147014948818255,0.3260137724835089,0.524288287981239,0.36116271615699264,0.7218810680108494,1,7,55,0.3900709219858156,1.0,4.0,4.0,32.0
width,ETTh1,PatchTST,96,test,1344,,0.7411506485714285,0.7411506485714285,0.0,7,0.27128294514693235,0.15939348581947582,0.40048356083751324,0.4660997639250688,0.3466624537680244,0.5841416923818312,1,7,56,0.3971631205673759,16.0,64.0,64.0,512.0
width,ETTh1,PatchTST,96,test,1368,,0.5679505342857143,0.5679505342857143,0.0,7,0.30887025150404196,0.21668903171515969,0.370540159060513,0.4696281045495362,0.35562387872680284,0.6282190094181077,1,7,57,0.40425531914893614,16.0,64.0,64.0,512.0
width,ETTh1,PatchTST,96,test,1392,,0.7121037157142858,0.7121037157142858,0.0,7,0.5263704659184284,0.40352029057536726,0.6400592895353723,0.4527107681671606,0.36767266197386894,0.5524933703695363,1,7,58,0.41134751773049644,8.0,32.0,32.0,256.0
width,ETTh1,PatchTST,96,test,1416,,0.42706291142857145,0.42706291142857145,0.0,7,0.5927003306741059,0.5098409657911221,0.6722599844367324,0.4549812491162558,0.3651125260503468,0.5653638298144391,1,7,59,0.41843971631205673,4.0,16.0,16.0,128.0
width,ETTh1,PatchTST,96,test,1440,,0.5290638628571428,0.5290638628571428,0.0,7,0.3094385693185761,0.14921877992137458,0.4535456900242849,0.47401372725221386,0.38343841148771035,0.5773243917379185,1,7,60,0.425531914893617,2.0,8.0,8.0,64.0
width,ETTh1,PatchTST,96,test,1464,,0.7597174928571429,0.7597174928571429,0.0,7,0.5481790217612996,0.4775621211357105,0.6195811956093553,0.46420813862915355,0.3782297261633718,0.5727609400437441,1,7,61,0.4326241134751773,4.0,16.0,16.0,128.0
width,ETTh1,PatchTST,96,test,1488,,0.76392322,0.76392322,0.0,7,0.33572077573417786,0.24383159814103011,0.40699746333460607,0.5040324708302941,0.37512467351678747,0.6418969524835094,1,7,62,0.4397163120567376,8.0,32.0,32.0,256.0
width,ETTh1,PatchTST,96,test,1512,,1.052592892,1.052592892,0.0,7,0.387552498657613,0.3037566834342533,0.454703703761679,0.45859332530875874,0.37270568294686973,0.6102491802683269,1,7,63,0.44680851063829785,8.0,32.0,32.0,256.0
width,ETTh1,PatchTST,96,test,1536,,0.7682986785714286,0.7682986785714286,0.0,7,0.3794688857088385,0.33674978409723383,0.4363977768625733,0.5455422219623377,0.4306597350326263,0.6814571628415063,1,7,64,0.45390070921985815,16.0,64.0,64.0,512.0
width,ETTh1,PatchTST,96,test,1560,,0.9293604414285713,0.9293604414285713,0.0,7,0.36100243869888443,0.26098085262636583,0.4609171771118714,0.5434337090616617,0.40598586859862673,0.7532026943546972,1,7,65,0.46099290780141844,16.0,64.0,64.0,512.0
width,ETTh1,PatchTST,96,test,1584,,0.7411006142857143,0.7411006142857143,0.0,7,0.49727104910972736,0.4214317514279589,0.5778540004302427,0.5124122839453463,0.3994720341644618,0.6318684770632427,1,7,66,0.46808510638297873,2.0,8.0,8.0,64.0
width,ETTh1,PatchTST,96,test,1608,,0.6806802228571429,0.6806802228571429,0.0,7,0.362219205570598,0.24995472527758994,0.48507786373273837,0.4866163144041336,0.33334982812675606,0.6028108713659927,1,7,67,0.475177304964539,1.0,4.0,4.0,32.0
width,ETTh1,PatchTST,96,test,1632,,0.8587180957142857,0.8587180957142857,0.0,7,0.3021270085968342,0.2302342571479966,0.35969971668966794,0.4339991276705289,0.30231259792570453,0.522751517524281,1,7,68,0.48226950354609927,1.0,4.0,4.0,32.0
width,ETTh1,PatchTST,96,test,1656,,0.6825638914285713,0.6825638914285713,0.0,7,0.28869486640407865,0.20680921050708312,0.3844048133061097,0.49082817540510837,0.3184712597833471,0.6261548213333761,1,7,69,0.48936170212765956,1.0,4.0,4.0,32.0
width,ETTh1,PatchTST,96,test,1680,,0.27110609514285716,0.27110609514285716,0.0,7,0.27965492697863364,0.24101687406217717,0.32510580290431623,0.48057316062108263,0.35200015553899294,0.6290890210681727,1,7,70,0.49645390070921985,16.0,64.0,64.0,512.0
width,ETTh1,PatchTST,96,test,1704,,0.29963942928571424,0.29963942928571424,0.0,7,0.3579045480170069,0.279172514803758,0.4529605298556168,0.4516120985084373,0.35382943942597217,0.6086939903749038,1,7,71,0.5035460992907801,8.0,32.0,32.0,256.0
width,ETTh1,PatchTST,96,test,1728,,0.5486485202857143,0.5486485202857143,0.0,7,0.3079524189550664,0.24188541643062125,0.3779447718376864,0.4671523568187538,0.37506786606532716,0.6207230129272631,1,7,72,0.5106382978723404,4.0,16.0,16.0,128.0
width,ETTh1,PatchTST,96,test,1752,,0.2681156592857143,0.2681156592857143,0.0,7,0.282955006469492,0.22949509128874734,0.34800007456624554,0.4986011523926898,0.41996352123870334,0.6442579041385872,1,7,73,0.5177304964539007,16.0,64.0,64.0,512.0
width,ETTh1,PatchTST,96,test,1776,,0.3462696735714286,0.3462696735714286,0.0,7,0.35512881631287624,0.27963670302661503,0.44236635085754905,0.454122259845407,0.388961909249657,0.5577185636360824,1,7,74,0.524822695035461,16.0,64.0,64.0,512.0
width,ETTh1,PatchTST,96,test,1800,,0.22549790285714286,0.22549790285714286,0.0,7,0.30936601738398345,0.22330314830103626,0.41481540409619805,0.4687706077161756,0.4076642802303003,0.5539515583346478,1,7,75,0.5319148936170213,2.0,8.0,8.0,64.0
width,ETTh1,PatchTST,96,test,1824,,0.34100014714285715,0.34100014714285715,0.0,7,0.30361408800090306,0.2397298097396725,0.36307487059254273,0.43722901481067616,0.3320470446623682,0.5247135314894198,1,7,76,0.5390070921985816,1.0,4.0,4.0,32.0
width,ETTh1,PatchTST,96,test,1848,,0.5389720805714285,0.5389720805714285,0.0,7,0.22880147340818097,0.0721828379140632,0.31970994086384724,0.42815353788256133,0.3155453356704937,0.5310849250767709,1,7,77,0.5460992907801419,1.0,4.0,4.0,32.0
width,ETTh1,PatchTST,96,test,1872,,0.5452747228571428,0.5452747228571428,0.0,7,0.20984105473426312,0.08127785312701084,0.31986514355352696,0.42094336848292935,0.3028245439236141,0.5532456787767605,1,7,78,0.5531914893617021,16.0,64.0,64.0,512.0
width,ETTh1,PatchTST,96,test,1896,,0.34750959142857146,0.34750959142857146,0.0,7,0.2689226616020951,0.14124714790236412,0.3301207220879969,0.40283571419668013,0.31700371809106254,0.46688074728990764,1,7,79,0.5602836879432624,16.0,64.0,64.0,512.0
width,ETTh1,PatchTST,96,test,1920,,0.32174251,0.32174251,0.0,7,0.32785752226132736,0.2458796155034355,0.3951610510591935,0.4244730071782708,0.34642189230573317,0.5075894150525843,1,7,80,0.5673758865248227,16.0,64.0,64.0,512.0
width,ETTh1,PatchTST,96,test,1944,,0.4958926842857143,0.4958926842857143,0.0,7,0.28681851146104187,0.23838428992845134,0.33995056866475765,0.42204075836275745,0.3223121802485735,0.4906926009486366,1,7,81,0.574468085106383,8.0,32.0,32.0,256.0
width,ETTh1,PatchTST,96,test,1968,,0.3864044528571428,0.3864044528571428,0.0,7,0.2904680679912129,0.1286273813907558,0.4665909403253345,0.4202073027339925,0.37858413037211064,0.4696399981299399,1,7,82,0.5815602836879432,8.0,32.0,32.0,256.0
width,ETTh1,PatchTST,96,test,1992,,0.25884551142857143,0.25884551142857143,0.0,7,0.3318494767576456,0.2593296629400156,0.3984352579679493,0.47441929355365975,0.35948610583898255,0.6122699332361339,1,7,83,0.5886524822695035,16.0,64.0,64.0,512.0
width,ETTh1,PatchTST,96,test,2016,,0.2853456262857143,0.2853456262857143,0.0,7,0.33525566463686113,0.2499851488656322,0.43342595941501977,0.4969440092359479,0.4064523329339293,0.5931312662544165,1,7,84,0.5957446808510638,4.0,16.0,16.0,128.0
width,ETTh1,PatchTST,96,test,2040,,0.3053773085714286,0.3053773085714286,0.0,7,0.3091205162668583,0.25757809499634654,0.38360898773755825,0.4799621378746243,0.36643588330910226,0.5958616410234335,1,7,85,0.6028368794326241,2.0,8.0,8.0,64.0
width,ETTh1,PatchTST,96,test,2064,,0.30689244728571424,0.30689244728571424,0.0,7,0.2589112934472021,0.16031605513475272,0.3467502958916746,0.48485337455082317,0.3588656445723126,0.611897216870569,1,7,86,0.6099290780141844,1.0,4.0,4.0,32.0
width,ETTh1,PatchTST,96,test,2088,,0.24362058285714286,0.24362058285714286,0.0,7,0.2771256292046075,0.20789752944956374,0.3433356543587551,0.4540304626937462,0.34632605163966124,0.537837960892914,1,7,87,0.6170212765957447,2.0,8.0,8.0,64.0
width,ETTh1,PatchTST,96,test,2112,,0.23987564085714289,0.23987564085714289,0.0,7,0.3319055433732926,0.27199464092585873,0.39541053326996983,0.4611512159422078,0.3573145256252354,0.5671134963114741,1,7,88,0.624113475177305,2.0,8.0,8.0,64.0
width,ETTh1,PatchTST,96,test,2136,,0.2825101185714286,0.2825101185714286,0.0,7,0.2969236593595011,0.22867537082135436,0.33811606254827625,0.4501678160078758,0.360558154466678,0.5272520759039583,1,7,89,0.6312056737588653,2.0,8.0,8.0,64.0
width,ETTh1,PatchTST,96,test,2160,,0.34363643885714285,0.34363643885714285,0.0,7,0.28830157854198785,0.21390889334505236,0.3828609013410838,0.4431750564348921,0.3801730813624752,0.5106225020956016,1,7,90,0.6382978723404256,16.0,64.0,64.0,512.0
width,ETTh1,PatchTST,96,test,2184,,0.4910039457142857,0.4910039457142857,0.0,7,0.34178402378929473,0.2518715919837361,0.44647657500984406,0.4787663254125067,0.3648847182517189,0.6305757814556019,1,7,91,0.6453900709219859,1.0,4.0,4.0,32.0
width,ETTh1,PatchTST,96,test,2208,,0.6528147085714285,0.6528147085714285,0.0,7,0.2985997197054252,0.26776621645057497,0.34695115180543057,0.4608637079885648,0.36518376296422767,0.5869658407963604,1,7,92,0.6524822695035462,1.0,4.0,4.0,32.0
width,ETTh1,PatchTST,96,test,2232,,0.73407588,0.73407588,0.0,7,0.29686838668227733,0.21409472001625277,0.3427494432575306,0.498676306679915,0.3922473971815283,0.615779512634731,1,7,93,0.6595744680851063,1.0,4.0,4.0,32.0
width,ETTh1,PatchTST,96,test,2256,,0.9282972371428571,0.9282972371428571,0.0,7,0.349860869547482,0.2651132629716265,0.44975964237298205,0.5032355739710804,0.4070867404657075,0.6071549374007068,1,7,94,0.6666666666666666,8.0,32.0,32.0,256.0
width,ETTh1,PatchTST,96,test,2280,,1.2435168300000001,1.2435168300000001,0.0,7,0.3580228693167644,0.22489548558622774,0.5135265452892687,0.4843951447532166,0.41690455826383654,0.5913875491324183,1,7,95,0.6737588652482269,8.0,32.0,32.0,256.0
width,ETTh1,PatchTST,96,test,2304,,0.8005348017142857,0.8005348017142857,0.0,7,0.3638626880391396,0.32666879907864993,0.39999981027053416,0.4756566933283544,0.4419297430581499,0.5170798611747985,1,7,96,0.6808510638297872,16.0,64.0,64.0,512.0
width,ETTh1,PatchTST,96,test,2328,,0.8810019532857142,0.8810019532857142,0.0,7,0.37984182596975863,0.3025644014693339,0.4696288573952123,0.523505231429692,0.4700516288441264,0.5980064431282467,1,7,97,0.6879432624113475,4.0,16.0,16.0,128.0
width,ETTh1,PatchTST,96,test,2352,,0.7433204928571427,0.7433204928571427,0.0,7,0.4208468292939186,0.342095420916186,0.48484544145751785,0.4922189836283888,0.4247472724122302,0.5801698389988279,1,7,98,0.6950354609929078,8.0,32.0,32.0,256.0
width,ETTh1,PatchTST,96,test,2376,,0.28478753285714287,0.28478753285714287,0.0,7,0.32618246231984566,0.1676789245052418,0.5084127685503473,0.500200660687202,0.41720129304969583,0.5912117425715098,1,7,99,0.7021276595744681,8.0,32.0,32.0,256.0
width,ETTh1,PatchTST,96,test,2400,,0.3771160657142857,0.3771160657142857,0.0,7,0.431136530929846,0.3438269414531159,0.5230305974786521,0.517293887795377,0.39221151771290286,0.6966257700522472,1,7,100,0.7092198581560284,8.0,32.0,32.0,256.0
width,ETTh1,PatchTST,96,test,2424,,0.32387578999999994,0.32387578999999994,0.0,7,0.35872899227274546,0.31006732560189443,0.41150117123027974,0.5650174599024501,0.4390436043071214,0.709087114460046,1,7,101,0.7163120567375887,16.0,64.0,64.0,512.0
width,ETTh1,PatchTST,96,test,2448,,0.2951615714285714,0.2951615714285714,0.0,7,0.29069712851418955,0.21788943395164279,0.34434060275418854,0.5115542511565719,0.38437175889605524,0.6848438918581436,1,7,102,0.723404255319149,1.0,4.0,4.0,32.0
width,ETTh1,PatchTST,96,test,2472,,0.4186225042857143,0.4186225042857143,0.0,7,0.3479748550388976,0.27962130796332646,0.4090565815270209,0.5102477698364467,0.35296069578757305,0.7376064796464905,1,7,103,0.7304964539007093,1.0,4.0,4.0,32.0
width,ETTh1,PatchTST,96,test,2496,,0.707419812857143,0.707419812857143,0.0,7,0.33734463017635946,0.2746252599180106,0.39343032283090856,0.5114820996365813,0.31759908081587324,0.7446304207274195,1,7,104,0.7375886524822695,1.0,4.0,4.0,32.0
width,ETTh1,PatchTST,96,test,2520,,0.6279304514285714,0.6279304514285714,0.0,7,0.26437250472276586,0.20684357622246474,0.35704373272361745,0.49992425898840226,0.3453672991580251,0.6909535851410081,1,7,105,0.7446808510638298,16.0,64.0,64.0,512.0
width,ETTh1,PatchTST,96,test,2544,,0.5576064277142857,0.5576064277142857,0.0,7,0.3069736816141459,0.18110622924120734,0.44638684685128704,0.5138396626176666,0.34867846304912153,0.7024416619892803,1,7,106,0.75177304964539,1.0,4.0,4.0,32.0
width,ETTh1,PatchTST,96,test,2568,,0.3848004877142857,0.3848004877142857,0.0,7,0.3506525896589226,0.2721124595453966,0.4078975235740193,0.4798515940197577,0.36545663702001874,0.5966383999942062,1,7,107,0.7588652482269503,8.0,32.0,32.0,256.0
width,ETTh1,PatchTST,96,test,2592,,0.4236924007142857,0.4236924007142857,0.0,7,0.42122950338598,0.31872405270433823,0.5455837333383374,0.4633371272615566,0.3917450161542545,0.5379582784395942,1,7,108,0.7659574468085106,8.0,32.0,32.0,256.0
width,ETTh1,PatchTST,96,test,2616,,0.4604825538571428,0.4604825538571428,0.0,7,0.34065603230001784,0.2781299334449039,0.4073716053146206,0.4807753642093258,0.43458771615137415,0.5300061422330136,1,7,109,0.7730496453900709,8.0,32.0,32.0,256.0
width,ETTh1,PatchTST,96,test,2640,,0.5835321314285714,0.5835321314285714,0.0,7,0.2902088152621878,0.23207278252189784,0.36364605263014443,0.5444102020538142,0.47208842554764546,0.6301023241074555,1,7,110,0.7801418439716312,8.0,32.0,32.0,256.0
width,ETTh1,PatchTST,96,test,2664,,0.2850550317142857,0.2850550317142857,0.0,7,0.38708588717069636,0.30823412717470483,0.45842660423962617,0.5262030702700965,0.4560380545146514,0.5921663056216232,1,7,111,0.7872340425531915,2.0,8.0,8.0,64.0
width,ETTh1,PatchTST,96,test,2688,,0.31234805857142856,0.31234805857142856,0.0,7,0.3680857791175665,0.31836802578861456,0.4528458412840167,0.5064596850727977,0.3911801444947932,0.593942269656592,1,7,112,0.7943262411347518,1.0,4.0,4.0,32.0
width,ETTh1,PatchTST,96,test,2712,,0.2757483177142857,0.2757483177142857,0.0,7,0.31363396646568165,0.23993247177030677,0.381315294107851,0.5048902566522979,0.4137860501353927,0.6068813149745862,1,7,113,0.8014184397163121,2.0,8.0,8.0,64.0
width,ETTh1,PatchTST,96,test,2736,,0.2043267757142857,0.2043267757142857,0.0,7,0.32120302835438486,0.2103030518154116,0.41258468645325164,0.5086422393774507,0.4016596843707051,0.5717873506441268,1,7,114,0.8085106382978723,1.0,4.0,4.0,32.0
width,ETTh1,PatchTST,96,test,2760,,0.37993283714285714,0.37993283714285714,0.0,7,0.36828287450129193,0.30154722968627135,0.4173927726908911,0.5504974770377731,0.4415710303355402,0.6443120592517779,1,7,115,0.8156028368794326,1.0,4.0,4.0,32.0
width,ETTh1,PatchTST,96,test,2784,,0.49956232507142856,0.49956232507142856,0.0,7,0.35623831938377515,0.26386303970433045,0.46337889042114516,0.533220859384824,0.42528683147420787,0.6198108374385691,1,7,116,0.8226950354609929,1.0,4.0,4.0,32.0
width,ETTh1,PatchTST,96,test,2808,,0.42242796457142856,0.42242796457142856,0.0,7,0.4014428558353216,0.34244403773662857,0.48563391111091475,0.5306191985424519,0.41515443250383505,0.6317221824686563,1,7,117,0.8297872340425532,16.0,64.0,64.0,512.0
width,ETTh1,PatchTST,96,test,2832,,0.4677864188571429,0.4677864188571429,0.0,7,0.301861534078418,0.23392746104271586,0.42665494387646824,0.5039497348265237,0.3840632935144853,0.6167332541421392,1,7,118,0.8368794326241135,8.0,32.0,32.0,256.0
width,ETTh1,PatchTST,96,test,2856,,0.7348877220714286,0.7348877220714286,0.0,7,0.4447038938356762,0.29446982590418047,0.5495583486014923,0.5038203180869341,0.4057522303673045,0.6022181475759196,1,7,119,0.8439716312056738,8.0,32.0,32.0,256.0
width,ETTh1,PatchTST,96,test,2880,,0.2532625710714286,0.2532625710714286,0.0,7,0.5946334959140724,0.5446708459557379,0.6445969437409155,0.525622843363449,0.39809063746232276,0.6484700050897342,1,7,120,0.851063829787234,16.0,64.0,64.0,512.0
width,ETTh1,PatchTST,96,test,2904,,0.26080800942857146,0.26080800942857146,0.0,7,0.3321561865168357,0.2323684706145251,0.4914488758869346,0.5512656255742281,0.459326949742057,0.6606602229416924,1,7,121,0.8581560283687943,16.0,64.0,64.0,512.0
width,ETTh1,PatchTST,96,test,2928,,0.1887433227142857,0.1887433227142857,0.0,7,0.539616183273658,0.4624023727173349,0.6286502582392567,0.5698412985892363,0.4636710026975997,0.7290437386133916,1,7,122,0.8652482269503546,16.0,64.0,64.0,512.0
width,ETTh1,PatchTST,96,test,2952,,0.2097549762857143,0.2097549762857143,0.0,7,0.31708849539738976,0.2556038728838332,0.39570482707745247,0.5210137900198043,0.38871229433316024,0.6901362216828312,1,7,123,0.8723404255319149,2.0,8.0,8.0,64.0
width,ETTh1,PatchTST,96,test,2976,,0.2701198441428571,0.2701198441428571,0.0,7,0.2975619243966664,0.23783070884547264,0.3573448531216025,0.4871711376117983,0.377222438326436,0.6322627782968117,1,7,124,0.8794326241134752,16.0,64.0,64.0,512.0
width,ETTh1,PatchTST,96,test,3000,,0.36204580914285717,0.36204580914285717,0.0,7,0.2884006044887001,0.23321368876208098,0.3397676180341684,0.47089903960293084,0.35604728642167793,0.6136767120802071,1,7,125,0.8865248226950354,1.0,4.0,4.0,32.0
width,ETTh1,PatchTST,96,test,3024,,0.3231187031428572,0.3231187031428572,0.0,7,0.24372922872318123,0.12357627504301796,0.3473182795563915,0.46558433581261305,0.3513762139827969,0.5676796792321106,1,7,126,0.8936170212765957,1.0,4.0,4.0,32.0
width,ETTh1,PatchTST,96,test,3048,,0.30757913285714283,0.30757913285714283,0.0,7,0.29069856573034575,0.2487251298787043,0.3327542257590261,0.5139172683694216,0.3950526629896364,0.6091648766784855,1,7,127,0.900709219858156,2.0,8.0,8.0,64.0
width,ETTh1,PatchTST,96,test,3072,,0.41637713285714284,0.41637713285714284,0.0,7,0.3466425632984543,0.23869164317969038,0.4500599854907685,0.537539979298386,0.4070873100553737,0.6747627728907615,1,7,128,0.9078014184397163,8.0,32.0,32.0,256.0
width,ETTh1,PatchTST,96,test,3096,,0.3439418735714286,0.3439418735714286,0.0,7,0.39683695923263823,0.2726304760275316,0.5449636367668441,0.4752162296636141,0.4074048761724829,0.5480554312229887,1,7,129,0.9148936170212766,16.0,64.0,64.0,512.0
width,ETTh1,PatchTST,96,test,3120,,0.33432683314285716,0.33432683314285716,0.0,7,0.29194690296782666,0.23057765877087116,0.3513777481978298,0.46602140180117535,0.4189588943459045,0.538687474642883,1,7,130,0.9219858156028369,16.0,64.0,64.0,512.0
width,ETTh1,PatchTST,96,test,3144,,0.30373300942857145,0.30373300942857145,0.0,7,0.4129655340527528,0.31187628658123506,0.5563886437418449,0.4866700114091866,0.39283415971184865,0.5423851582170408,1,7,131,0.9290780141843972,8.0,32.0,32.0,256.0
width,ETTh1,PatchTST,96,test,3168,,0.18550930985714284,0.18550930985714284,0.0,7,0.378284083064466,0.30145376601944757,0.43856933060064396,0.5041384075176993,0.33467361133730716,0.6481484462010741,1,7,132,0.9361702127659575,8.0,32.0,32.0,256.0
width,ETTh1,PatchTST,96,test,3192,,0.20651241285714286,0.20651241285714286,0.0,7,0.307409713107552,0.16952584377001007,0.4104242689907684,0.5085008576142924,0.33402882224233976,0.6605613314307,1,7,133,0.9432624113475178,4.0,16.0,16.0,128.0
width,ETTh1,PatchTST,96,test,3216,,0.2631121904285714,0.2631121904285714,0.0,7,0.31578842297075654,0.18206412464138125,0.4548727677467596,0.49370815296891984,0.3355472640794347,0.6361600063773781,1,7,134,0.950354609929078,16.0,64.0,64.0,512.0
width,ETTh1,PatchTST,96,test,3240,,0.32545306428571424,0.32545306428571424,0.0,7,0.2962668284767308,0.19006917097213694,0.38349143340381076,0.4608153191783,0.3250759911915995,0.563502588570572,1,7,135,0.9574468085106383,1.0,4.0,4.0,32.0
width,ETTh1,PatchTST,96,test,3264,,0.2862116214285714,0.2862116214285714,0.0,7,0.3067957737517536,0.2368769439732785,0.4162043239003041,0.42568526681369734,0.3114666644846688,0.4943340523681211,1,7,136,0.9645390070921985,2.0,8.0,8.0,64.0
width,ETTh1,PatchTST,96,test,3288,,0.3720856608571429,0.3720856608571429,0.0,7,0.2930043581233742,0.25707772846534965,0.3169439936786304,0.4540184760425037,0.32277415685647054,0.5466877381182128,1,7,137,0.9716312056737588,1.0,4.0,4.0,32.0
width,ETTh1,PatchTST,96,test,3312,,0.28795969714285713,0.28795969714285713,0.0,7,0.30122066858832663,0.26043725583170235,0.33236939445502567,0.4807169091440228,0.3614458387481833,0.6104578202735687,1,7,138,0.9787234042553191,1.0,4.0,4.0,32.0
width,ETTh1,PatchTST,96,test,3336,,0.23879917614285714,0.23879917614285714,0.0,7,0.33634278585918576,0.23688696589886613,0.4141024855066882,0.45007924306517644,0.35304987601881416,0.5111302905069218,1,7,139,0.9858156028368794,16.0,64.0,64.0,512.0
width,ETTh1,PatchTST,96,test,3360,,0.2580384837142857,0.2580384837142857,0.0,7,0.29325045729654814,0.2485050715458407,0.34820455532852784,0.46781420588506634,0.3782112001238686,0.5359431678680909,1,7,140,0.9929078014184397,1.0,4.0,4.0,32.0
width,ETTh1,PatchTST,96,test,3384,,0.25342589071428573,0.25342589071428573,0.0,7,0.2960656256451813,0.2209665040075557,0.37498002107351813,0.5040037038833814,0.3929802094703763,0.5891370142821315,1,7,141,1.0,8.0,32.0,32.0,256.0
width,ETTh1,TimeMixer,96,test,0,,0.45143551242857144,0.45143551242857144,0.0,7,0.590050407029684,0.5131340713791827,0.6741891109546297,0.47833298149111564,0.3712384191525044,0.5574837347931468,1,7,0,0.0,16.0,64.0,64.0,128.0
width,ETTh1,TimeMixer,96,test,24,,0.3315739517142857,0.3315739517142857,0.0,7,0.46014385781937933,0.1946111461796313,0.6906210865998259,0.43862105379081695,0.3878435408393026,0.48543268972356385,1,7,1,0.0070921985815602835,2.0,8.0,8.0,16.0
width,ETTh1,TimeMixer,96,test,48,,0.26375823785714286,0.26375823785714286,0.0,7,0.5495508754080078,0.4352290151593739,0.7083282814251031,0.42544567984875953,0.3403327665754935,0.5256928507590731,1,7,2,0.014184397163120567,16.0,64.0,64.0,128.0
width,ETTh1,TimeMixer,96,test,72,,0.14424447685714287,0.14424447685714287,0.0,7,0.32771775327519403,0.2760498365557876,0.3876068293441114,0.4717959908346741,0.3314110227988153,0.686184453140915,1,7,3,0.02127659574468085,2.0,8.0,8.0,16.0
width,ETTh1,TimeMixer,96,test,96,,0.17805387507142859,0.17805387507142859,0.0,7,0.3232242661549109,0.24004154711791553,0.4700339909246652,0.45325771536197196,0.33858720748890847,0.6804387734372517,1,7,4,0.028368794326241134,16.0,64.0,64.0,128.0
width,ETTh1,TimeMixer,96,test,120,,0.28325687514285713,0.28325687514285713,0.0,7,0.27395163791471805,0.1999179585101336,0.34529987683799307,0.4762496139654341,0.33553027426994225,0.6925471786065602,1,7,5,0.03546099290780142,4.0,16.0,16.0,32.0
width,ETTh1,TimeMixer,96,test,144,,0.2842260011428571,0.2842260011428571,0.0,7,0.26207223620495024,0.18016391602038034,0.4361939309858093,0.5092410697516347,0.3469875031960407,0.6847416321461082,1,7,6,0.0425531914893617,4.0,16.0,16.0,32.0
width,ETTh1,TimeMixer,96,test,168,,0.3369290144285714,0.3369290144285714,0.0,7,0.30589802879942946,0.20891020912315578,0.38856499080656764,0.47484969232529234,0.33610829877095505,0.625245679621327,1,7,7,0.04964539007092199,16.0,64.0,64.0,128.0
width,ETTh1,TimeMixer,96,test,192,,0.2910571847142857,0.2910571847142857,0.0,7,0.3212456010773643,0.24835826897199573,0.4257278561815244,0.5226591749997306,0.38842945681283225,0.7004617328390684,1,7,8,0.05673758865248227,1.0,4.0,4.0,8.0
width,ETTh1,TimeMixer,96,test,216,,0.4761167152857143,0.4761167152857143,0.0,7,0.34541333701176047,0.2754776932875426,0.42006858830852456,0.5199359219599246,0.4132852527439944,0.7160315057863653,1,7,9,0.06382978723404255,16.0,64.0,64.0,128.0
width,ETTh1,TimeMixer,96,test,240,,0.34246827528571433,0.34246827528571433,0.0,7,0.21847360478854333,0.12133124804045328,0.28785022365037827,0.5130310438440551,0.4109460668247349,0.6191002325925669,1,7,10,0.07092198581560284,1.0,4.0,4.0,8.0
width,ETTh1,TimeMixer,96,test,264,,0.33453414771428575,0.33453414771428575,0.0,7,0.36312813756641155,0.2771719803019398,0.44651735148834865,0.5325959373150062,0.4436335377954106,0.6343691081783835,1,7,11,0.07801418439716312,4.0,16.0,16.0,32.0
width,ETTh1,TimeMixer,96,test,288,,0.41789474942857147,0.41789474942857147,0.0,7,0.37926440512875,0.29841175587982705,0.4702244894926931,0.4812768418643013,0.4080318653693557,0.6070239577027611,1,7,12,0.0851063829787234,4.0,16.0,16.0,32.0
width,ETTh1,TimeMixer,96,test,312,,0.48062168857142856,0.48062168857142856,0.0,7,0.37375736493648254,0.22225996489619873,0.4919477968171518,0.44626790668004196,0.39326788019564474,0.5175956118554476,1,7,13,0.09219858156028368,4.0,16.0,16.0,32.0
width,ETTh1,TimeMixer,96,test,336,,0.3207311112857143,0.3207311112857143,0.0,7,0.37003896629553673,0.29729750212695305,0.45221559904681924,0.41487379063943575,0.37393719507369266,0.47976136991700724,1,7,14,0.09929078014184398,1.0,4.0,4.0,8.0
width,ETTh1,TimeMixer,96,test,360,,0.3245612049,0.3245612049,0.0,7,0.2954404833057573,0.21593557039347866,0.36819010727897755,0.4521642152898425,0.4037591750009076,0.5257913186898194,1,7,15,0.10638297872340426,16.0,64.0,64.0,128.0
width,ETTh1,TimeMixer,96,test,384,,0.5364439358571429,0.5364439358571429,0.0,7,0.27276663825609887,0.22642511539645893,0.31449740228107254,0.47964774971878216,0.4289430910491538,0.5300413121405025,1,7,16,0.11347517730496454,1.0,4.0,4.0,8.0
width,ETTh1,TimeMixer,96,test,408,,0.1815198447142857,0.1815198447142857,0.0,7,0.3203874247649305,0.25606426083787875,0.3798850103099579,0.5090593534204209,0.47569012047817716,0.540794715237344,1,7,17,0.12056737588652482,1.0,4.0,4.0,8.0
width,ETTh1,TimeMixer,96,test,432,,0.40570936942857144,0.40570936942857144,0.0,7,0.31785429119716063,0.21836900889123573,0.45358707607068516,0.46639576120580617,0.44323732460915005,0.5011407788985827,1,7,18,0.1276595744680851,2.0,8.0,8.0,16.0
width,ETTh1,TimeMixer,96,test,456,,0.47813627142857146,0.47813627142857146,0.0,7,0.3262763442265599,0.3044906865801376,0.34383275671841645,0.43917806522279373,0.40130035380477797,0.494398953517261,1,7,19,0.1347517730496454,2.0,8.0,8.0,16.0
width,ETTh1,TimeMixer,96,test,480,,0.7744638765714286,0.7744638765714286,0.0,7,0.29440332330150365,0.2501965941729528,0.3420538784122721,0.42108739896759195,0.3554010762274632,0.4840255186609122,1,7,20,0.14184397163120568,1.0,4.0,4.0,8.0
width,ETTh1,TimeMixer,96,test,504,,0.39398162957142857,0.39398162957142857,0.0,7,0.2912129574764227,0.2493813121030119,0.34378564358175223,0.4103086559902857,0.3738796998357299,0.4735072453140022,1,7,21,0.14893617021276595,4.0,16.0,16.0,32.0
width,ETTh1,TimeMixer,96,test,528,,0.32014746,0.32014746,0.0,7,0.42869340260868655,0.32609158376289726,0.5246738929295532,0.4195509753578718,0.37393185882046154,0.46960040420598387,1,7,22,0.15602836879432624,4.0,16.0,16.0,32.0
width,ETTh1,TimeMixer,96,test,552,,0.29070696285714287,0.29070696285714287,0.0,7,0.4156914357202181,0.32987198622717306,0.5151512036564625,0.458554588516967,0.40502083020639085,0.5455061774668933,1,7,23,0.16312056737588654,8.0,32.0,32.0,64.0
width,ETTh1,TimeMixer,96,test,576,,0.2843450185714286,0.2843450185714286,0.0,7,0.35077362039391363,0.2662626258164541,0.45793852574457455,0.5014386219087681,0.43232425972025157,0.5946588268456164,1,7,24,0.1702127659574468,2.0,8.0,8.0,16.0
width,ETTh1,TimeMixer,96,test,600,,0.3482865825714286,0.3482865825714286,0.0,7,0.31163289565633245,0.2379370766146928,0.37091386031854423,0.45265489802768155,0.3965920929474891,0.5421471686531028,1,7,25,0.1773049645390071,16.0,64.0,64.0,128.0
width,ETTh1,TimeMixer,96,test,624,,0.2519732,0.2519732,0.0,7,0.2883579632270367,0.14615661465876273,0.4350628639673903,0.4729343869255584,0.4104244348758639,0.5468988722481648,1,7,26,0.18439716312056736,4.0,16.0,16.0,32.0
width,ETTh1,TimeMixer,96,test,648,,0.24310687714285714,0.24310687714285714,0.0,7,0.3534662079810915,0.31059877576306155,0.4046088361132213,0.5191736185575706,0.4076695238353008,0.6888064980959563,1,7,27,0.19148936170212766,8.0,32.0,32.0,64.0
width,ETTh1,TimeMixer,96,test,672,,0.2930776255714286,0.2930776255714286,0.0,7,0.39074399255697617,0.27383001266807766,0.5201394741620654,0.49282331033208715,0.444188035454774,0.5609939610639267,1,7,28,0.19858156028368795,1.0,4.0,4.0,8.0
width,ETTh1,TimeMixer,96,test,696,,0.49587179571428575,0.49587179571428575,0.0,7,0.4339796489679628,0.3707170573607048,0.511993703369072,0.5651155746906528,0.41620970002913676,0.7272676313277431,1,7,29,0.20567375886524822,16.0,64.0,64.0,128.0
width,ETTh1,TimeMixer,96,test,720,,0.5574542042857142,0.5574542042857142,0.0,7,0.2884858446932189,0.2375815843291412,0.33382669198900555,0.5546090479167195,0.41212244404968007,0.7478322376905088,1,7,30,0.2127659574468085,8.0,32.0,32.0,64.0
width,ETTh1,TimeMixer,96,test,744,,0.5815008985714286,0.5815008985714286,0.0,7,0.363701199363546,0.27406028409078204,0.42723304370167414,0.5844041530161407,0.44010947821728963,0.7364702960094701,1,7,31,0.2198581560283688,1.0,4.0,4.0,8.0
width,ETTh1,TimeMixer,96,test,768,,0.6797363957142857,0.6797363957142857,0.0,7,0.37247644858441303,0.3109907519335506,0.4230058510213296,0.5294350919850308,0.40262713138729844,0.6889477906640421,1,7,32,0.22695035460992907,16.0,64.0,64.0,128.0
width,ETTh1,TimeMixer,96,test,792,,0.5844685585714285,0.5844685585714285,0.0,7,0.4071633886515764,0.3207607893852068,0.5293145118409346,0.5182449462841814,0.4136183622413464,0.660410116276804,1,7,33,0.23404255319148937,16.0,64.0,64.0,128.0
width,ETTh1,TimeMixer,96,test,816,,0.79326529,0.79326529,0.0,7,0.44432190104610286,0.33059299607732284,0.5452427597240487,0.5202324330526509,0.4066488853671404,0.6705957105801048,1,7,34,0.24113475177304963,16.0,64.0,64.0,128.0
width,ETTh1,TimeMixer,96,test,840,,0.7884161342857142,0.7884161342857142,0.0,7,0.4230878724717641,0.3055702385441181,0.5209102805377186,0.5378648204660624,0.4152629604546492,0.6515837894814743,1,7,35,0.24822695035460993,16.0,64.0,64.0,128.0
width,ETTh1,TimeMixer,96,test,864,,0.4872301628571428,0.4872301628571428,0.0,7,0.3909676832365269,0.2893013820904868,0.4933445000560417,0.5197547327437417,0.3795097635436783,0.6724461863709489,1,7,36,0.2553191489361702,16.0,64.0,64.0,128.0
width,ETTh1,TimeMixer,96,test,888,,0.4979360171428571,0.4979360171428571,0.0,7,0.47430069598835234,0.3888868634808922,0.6237011756796672,0.5227721384299892,0.3738595403129563,0.6883441214414776,1,7,37,0.2624113475177305,16.0,64.0,64.0,128.0
width,ETTh1,TimeMixer,96,test,912,,0.33649765428571426,0.33649765428571426,0.0,7,0.3255873684888515,0.2783316419500304,0.3761561332143322,0.5532001997411721,0.3639645512219733,0.7328697138571503,1,7,38,0.2695035460992908,4.0,16.0,16.0,32.0
width,ETTh1,TimeMixer,96,test,936,,0.5384700271428572,0.5384700271428572,0.0,7,0.3712206673024997,0.30635450806655307,0.43931732704843524,0.5322429592367406,0.326908243969604,0.7407507513081895,1,7,39,0.2765957446808511,16.0,64.0,64.0,128.0
width,ETTh1,TimeMixer,96,test,960,,0.5819003642857143,0.5819003642857143,0.0,7,0.33768372728580787,0.3092031668655794,0.37875667561680737,0.47903082396518365,0.31594191469784366,0.7560906788683629,1,7,40,0.28368794326241137,4.0,16.0,16.0,32.0
width,ETTh1,TimeMixer,96,test,984,,0.4621549285714286,0.4621549285714286,0.0,7,0.25237560938816966,0.1666512842992811,0.35054978551244825,0.47462943228052473,0.3399328637940271,0.7164542728821158,1,7,41,0.2907801418439716,2.0,8.0,8.0,16.0
width,ETTh1,TimeMixer,96,test,1008,,0.6371362085714286,0.6371362085714286,0.0,7,0.29339869245452943,0.2218827185619086,0.3715867182091352,0.4654661911941561,0.34597721191080566,0.6258217999587786,1,7,42,0.2978723404255319,16.0,64.0,64.0,128.0
width,ETTh1,TimeMixer,96,test,1032,,0.36216147657142855,0.36216147657142855,0.0,7,0.2513601913893113,0.13448655586324645,0.3492877238853313,0.47871225025779507,0.4146617875092392,0.6270363135097433,1,7,43,0.3049645390070922,4.0,16.0,16.0,32.0
width,ETTh1,TimeMixer,96,test,1056,,0.3168579242857143,0.3168579242857143,0.0,7,0.37319067794422267,0.28326391031470366,0.47503400427505965,0.4910377041946773,0.3982675266100884,0.6254492616994756,1,7,44,0.3120567375886525,2.0,8.0,8.0,16.0
width,ETTh1,TimeMixer,96,test,1080,,0.27210444,0.27210444,0.0,7,0.28069762151257444,0.2519003242668595,0.3229232849769443,0.4763262607754961,0.3971573707298914,0.6113057204564569,1,7,45,0.3191489361702128,8.0,32.0,32.0,64.0
width,ETTh1,TimeMixer,96,test,1104,,0.5295254751428572,0.5295254751428572,0.0,7,0.35210863584832486,0.3200781480645371,0.4147685810252291,0.5362738805648141,0.450482213501716,0.6321710596457768,1,7,46,0.3262411347517731,8.0,32.0,32.0,64.0
width,ETTh1,TimeMixer,96,test,1128,,0.7024776421428571,0.7024776421428571,0.0,7,0.30751794014045725,0.27062835289114806,0.34740429857236904,0.4987896584563621,0.4345788510615488,0.5850062991392417,1,7,47,0.3333333333333333,4.0,16.0,16.0,32.0
width,ETTh1,TimeMixer,96,test,1152,,0.5409687971428572,0.5409687971428572,0.0,7,0.3365982049903983,0.2366802685481046,0.4426644515837579,0.543988141178299,0.4920706539923917,0.6202926959953897,1,7,48,0.3404255319148936,16.0,64.0,64.0,128.0
width,ETTh1,TimeMixer,96,test,1176,,0.5628654528571428,0.5628654528571428,0.0,7,0.35429269612729986,0.31767470076059867,0.40203684392558436,0.47383969483799565,0.38357699436998133,0.5715304139076297,1,7,49,0.3475177304964539,2.0,8.0,8.0,16.0
width,ETTh1,TimeMixer,96,test,1200,,0.2633729014285714,0.2633729014285714,0.0,7,0.4146839563243739,0.2708465379009505,0.5745769347018024,0.48011565643326193,0.40006803879925107,0.5555606333476495,1,7,50,0.3546099290780142,2.0,8.0,8.0,16.0
width,ETTh1,TimeMixer,96,test,1224,,0.21333770514285713,0.21333770514285713,0.0,7,0.36703080163962304,0.32019733901531805,0.41837609356325783,0.4835542470901572,0.36838595960473747,0.5745057821988196,1,7,51,0.3617021276595745,2.0,8.0,8.0,16.0
width,ETTh1,TimeMixer,96,test,1248,,0.22830113585714287,0.22830113585714287,0.0,7,0.27554566215650084,0.15394666803898333,0.42893884307233643,0.46577496393172585,0.35621974675545354,0.6091211188760373,1,7,52,0.36879432624113473,2.0,8.0,8.0,16.0
width,ETTh1,TimeMixer,96,test,1272,,0.239658286,0.239658286,0.0,7,0.30931771247120526,0.2337400562783726,0.35902082006195213,0.47898333265987686,0.3593641403060163,0.60715076026543,1,7,53,0.375886524822695,4.0,16.0,16.0,32.0
width,ETTh1,TimeMixer,96,test,1296,,0.6171478779999999,0.6171478779999999,0.0,7,0.23792634623656922,0.14788918172181753,0.30778123922376677,0.5067840789717859,0.3553417807937172,0.6653213047923477,1,7,54,0.3829787234042553,4.0,16.0,16.0,32.0
width,ETTh1,TimeMixer,96,test,1320,,0.8368510542857143,0.8368510542857143,0.0,7,0.2785951821654445,0.21147014948818255,0.3260137724835089,0.524288287981239,0.36116271615699264,0.7218810680108494,1,7,55,0.3900709219858156,8.0,32.0,32.0,64.0
width,ETTh1,TimeMixer,96,test,1344,,0.7212275357142858,0.7212275357142858,0.0,7,0.27128294514693235,0.15939348581947582,0.40048356083751324,0.4660997639250688,0.3466624537680244,0.5841416923818312,1,7,56,0.3971631205673759,8.0,32.0,32.0,64.0
width,ETTh1,TimeMixer,96,test,1368,,0.5200236368571428,0.5200236368571428,0.0,7,0.30887025150404196,0.21668903171515969,0.370540159060513,0.4696281045495362,0.35562387872680284,0.6282190094181077,1,7,57,0.40425531914893614,2.0,8.0,8.0,16.0
width,ETTh1,TimeMixer,96,test,1392,,0.5105174064285715,0.5105174064285715,0.0,7,0.5263704659184284,0.40352029057536726,0.6400592895353723,0.4527107681671606,0.36767266197386894,0.5524933703695363,1,7,58,0.41134751773049644,16.0,64.0,64.0,128.0
width,ETTh1,TimeMixer,96,test,1416,,0.4014522342857143,0.4014522342857143,0.0,7,0.5927003306741059,0.5098409657911221,0.6722599844367324,0.4549812491162558,0.3651125260503468,0.5653638298144391,1,7,59,0.41843971631205673,8.0,32.0,32.0,64.0
width,ETTh1,TimeMixer,96,test,1440,,0.5145500657142857,0.5145500657142857,0.0,7,0.3094385693185761,0.14921877992137458,0.4535456900242849,0.47401372725221386,0.38343841148771035,0.5773243917379185,1,7,60,0.425531914893617,4.0,16.0,16.0,32.0
width,ETTh1,TimeMixer,96,test,1464,,0.70758767,0.70758767,0.0,7,0.5481790217612996,0.4775621211357105,0.6195811956093553,0.46420813862915355,0.3782297261633718,0.5727609400437441,1,7,61,0.4326241134751773,4.0,16.0,16.0,32.0
width,ETTh1,TimeMixer,96,test,1488,,0.6561924471428571,0.6561924471428571,0.0,7,0.33572077573417786,0.24383159814103011,0.40699746333460607,0.5040324708302941,0.37512467351678747,0.6418969524835094,1,7,62,0.4397163120567376,8.0,32.0,32.0,64.0
width,ETTh1,TimeMixer,96,test,1512,,0.8965337442857143,0.8965337442857143,0.0,7,0.387552498657613,0.3037566834342533,0.454703703761679,0.45859332530875874,0.37270568294686973,0.6102491802683269,1,7,63,0.44680851063829785,16.0,64.0,64.0,128.0
width,ETTh1,TimeMixer,96,test,1536,,0.7514355271428571,0.7514355271428571,0.0,7,0.3794688857088385,0.33674978409723383,0.4363977768625733,0.5455422219623377,0.4306597350326263,0.6814571628415063,1,7,64,0.45390070921985815,2.0,8.0,8.0,16.0
width,ETTh1,TimeMixer,96,test,1560,,0.9595221914285714,0.9595221914285714,0.0,7,0.36100243869888443,0.26098085262636583,0.4609171771118714,0.5434337090616617,0.40598586859862673,0.7532026943546972,1,7,65,0.46099290780141844,4.0,16.0,16.0,32.0
width,ETTh1,TimeMixer,96,test,1584,,0.69726603,0.69726603,0.0,7,0.49727104910972736,0.4214317514279589,0.5778540004302427,0.5124122839453463,0.3994720341644618,0.6318684770632427,1,7,66,0.46808510638297873,8.0,32.0,32.0,64.0
width,ETTh1,TimeMixer,96,test,1608,,0.5838493367142857,0.5838493367142857,0.0,7,0.362219205570598,0.24995472527758994,0.48507786373273837,0.4866163144041336,0.33334982812675606,0.6028108713659927,1,7,67,0.475177304964539,4.0,16.0,16.0,32.0
width,ETTh1,TimeMixer,96,test,1632,,0.8173344457142857,0.8173344457142857,0.0,7,0.3021270085968342,0.2302342571479966,0.35969971668966794,0.4339991276705289,0.30231259792570453,0.522751517524281,1,7,68,0.48226950354609927,2.0,8.0,8.0,16.0
width,ETTh1,TimeMixer,96,test,1656,,0.64828189,0.64828189,0.0,7,0.28869486640407865,0.20680921050708312,0.3844048133061097,0.49082817540510837,0.3184712597833471,0.6261548213333761,1,7,69,0.48936170212765956,4.0,16.0,16.0,32.0
width,ETTh1,TimeMixer,96,test,1680,,0.24683988714285715,0.24683988714285715,0.0,7,0.27965492697863364,0.24101687406217717,0.32510580290431623,0.48057316062108263,0.35200015553899294,0.6290890210681727,1,7,70,0.49645390070921985,2.0,8.0,8.0,16.0
width,ETTh1,TimeMixer,96,test,1704,,0.2408940085714286,0.2408940085714286,0.0,7,0.3579045480170069,0.279172514803758,0.4529605298556168,0.4516120985084373,0.35382943942597217,0.6086939903749038,1,7,71,0.5035460992907801,16.0,64.0,64.0,128.0
width,ETTh1,TimeMixer,96,test,1728,,0.509402475,0.509402475,0.0,7,0.3079524189550664,0.24188541643062125,0.3779447718376864,0.4671523568187538,0.37506786606532716,0.6207230129272631,1,7,72,0.5106382978723404,4.0,16.0,16.0,32.0
width,ETTh1,TimeMixer,96,test,1752,,0.3059679421428571,0.3059679421428571,0.0,7,0.282955006469492,0.22949509128874734,0.34800007456624554,0.4986011523926898,0.41996352123870334,0.6442579041385872,1,7,73,0.5177304964539007,16.0,64.0,64.0,128.0
width,ETTh1,TimeMixer,96,test,1776,,0.38778895,0.38778895,0.0,7,0.35512881631287624,0.27963670302661503,0.44236635085754905,0.454122259845407,0.388961909249657,0.5577185636360824,1,7,74,0.524822695035461,2.0,8.0,8.0,16.0
width,ETTh1,TimeMixer,96,test,1800,,0.21147217999999998,0.21147217999999998,0.0,7,0.30936601738398345,0.22330314830103626,0.41481540409619805,0.4687706077161756,0.4076642802303003,0.5539515583346478,1,7,75,0.5319148936170213,16.0,64.0,64.0,128.0
width,ETTh1,TimeMixer,96,test,1824,,0.2704734142857143,0.2704734142857143,0.0,7,0.30361408800090306,0.2397298097396725,0.36307487059254273,0.43722901481067616,0.3320470446623682,0.5247135314894198,1,7,76,0.5390070921985816,8.0,32.0,32.0,64.0
width,ETTh1,TimeMixer,96,test,1848,,0.46254843714285715,0.46254843714285715,0.0,7,0.22880147340818097,0.0721828379140632,0.31970994086384724,0.42815353788256133,0.3155453356704937,0.5310849250767709,1,7,77,0.5460992907801419,8.0,32.0,32.0,64.0
width,ETTh1,TimeMixer,96,test,1872,,0.5171658835714286,0.5171658835714286,0.0,7,0.20984105473426312,0.08127785312701084,0.31986514355352696,0.42094336848292935,0.3028245439236141,0.5532456787767605,1,7,78,0.5531914893617021,2.0,8.0,8.0,16.0
width,ETTh1,TimeMixer,96,test,1896,,0.3392076357142857,0.3392076357142857,0.0,7,0.2689226616020951,0.14124714790236412,0.3301207220879969,0.40283571419668013,0.31700371809106254,0.46688074728990764,1,7,79,0.5602836879432624,8.0,32.0,32.0,64.0
width,ETTh1,TimeMixer,96,test,1920,,0.29003564000000004,0.29003564000000004,0.0,7,0.32785752226132736,0.2458796155034355,0.3951610510591935,0.4244730071782708,0.34642189230573317,0.5075894150525843,1,7,80,0.5673758865248227,8.0,32.0,32.0,64.0
width,ETTh1,TimeMixer,96,test,1944,,0.4800543,0.4800543,0.0,7,0.28681851146104187,0.23838428992845134,0.33995056866475765,0.42204075836275745,0.3223121802485735,0.4906926009486366,1,7,81,0.574468085106383,8.0,32.0,32.0,64.0
width,ETTh1,TimeMixer,96,test,1968,,0.3691056854285714,0.3691056854285714,0.0,7,0.2904680679912129,0.1286273813907558,0.4665909403253345,0.4202073027339925,0.37858413037211064,0.4696399981299399,1,7,82,0.5815602836879432,2.0,8.0,8.0,16.0
width,ETTh1,TimeMixer,96,test,1992,,0.25851933714285713,0.25851933714285713,0.0,7,0.3318494767576456,0.2593296629400156,0.3984352579679493,0.47441929355365975,0.35948610583898255,0.6122699332361339,1,7,83,0.5886524822695035,8.0,32.0,32.0,64.0
width,ETTh1,TimeMixer,96,test,2016,,0.30997510285714286,0.30997510285714286,0.0,7,0.33525566463686113,0.2499851488656322,0.43342595941501977,0.4969440092359479,0.4064523329339293,0.5931312662544165,1,7,84,0.5957446808510638,2.0,8.0,8.0,16.0
width,ETTh1,TimeMixer,96,test,2040,,0.3065153242857143,0.3065153242857143,0.0,7,0.3091205162668583,0.25757809499634654,0.38360898773755825,0.4799621378746243,0.36643588330910226,0.5958616410234335,1,7,85,0.6028368794326241,8.0,32.0,32.0,64.0
width,ETTh1,TimeMixer,96,test,2064,,0.275084622,0.275084622,0.0,7,0.2589112934472021,0.16031605513475272,0.3467502958916746,0.48485337455082317,0.3588656445723126,0.611897216870569,1,7,86,0.6099290780141844,4.0,16.0,16.0,32.0
width,ETTh1,TimeMixer,96,test,2088,,0.23492709714285717,0.23492709714285717,0.0,7,0.2771256292046075,0.20789752944956374,0.3433356543587551,0.4540304626937462,0.34632605163966124,0.537837960892914,1,7,87,0.6170212765957447,8.0,32.0,32.0,64.0
width,ETTh1,TimeMixer,96,test,2112,,0.24161572,0.24161572,0.0,7,0.3319055433732926,0.27199464092585873,0.39541053326996983,0.4611512159422078,0.3573145256252354,0.5671134963114741,1,7,88,0.624113475177305,8.0,32.0,32.0,64.0
width,ETTh1,TimeMixer,96,test,2136,,0.28099081000000004,0.28099081000000004,0.0,7,0.2969236593595011,0.22867537082135436,0.33811606254827625,0.4501678160078758,0.360558154466678,0.5272520759039583,1,7,89,0.6312056737588653,1.0,4.0,4.0,8.0
width,ETTh1,TimeMixer,96,test,2160,,0.3421636418571428,0.3421636418571428,0.0,7,0.28830157854198785,0.21390889334505236,0.3828609013410838,0.4431750564348921,0.3801730813624752,0.5106225020956016,1,7,90,0.6382978723404256,2.0,8.0,8.0,16.0
width,ETTh1,TimeMixer,96,test,2184,,0.45543416571428574,0.45543416571428574,0.0,7,0.34178402378929473,0.2518715919837361,0.44647657500984406,0.4787663254125067,0.3648847182517189,0.6305757814556019,1,7,91,0.6453900709219859,16.0,64.0,64.0,128.0
width,ETTh1,TimeMixer,96,test,2208,,0.6361193500000001,0.6361193500000001,0.0,7,0.2985997197054252,0.26776621645057497,0.34695115180543057,0.4608637079885648,0.36518376296422767,0.5869658407963604,1,7,92,0.6524822695035462,4.0,16.0,16.0,32.0
width,ETTh1,TimeMixer,96,test,2232,,0.7034488999999999,0.7034488999999999,0.0,7,0.29686838668227733,0.21409472001625277,0.3427494432575306,0.498676306679915,0.3922473971815283,0.615779512634731,1,7,93,0.6595744680851063,4.0,16.0,16.0,32.0
width,ETTh1,TimeMixer,96,test,2256,,0.7852949234285714,0.7852949234285714,0.0,7,0.349860869547482,0.2651132629716265,0.44975964237298205,0.5032355739710804,0.4070867404657075,0.6071549374007068,1,7,94,0.6666666666666666,4.0,16.0,16.0,32.0
width,ETTh1,TimeMixer,96,test,2280,,1.1645469732857143,1.1645469732857143,0.0,7,0.3580228693167644,0.22489548558622774,0.5135265452892687,0.4843951447532166,0.41690455826383654,0.5913875491324183,1,7,95,0.6737588652482269,4.0,16.0,16.0,32.0
width,ETTh1,TimeMixer,96,test,2304,,0.7733131742857143,0.7733131742857143,0.0,7,0.3638626880391396,0.32666879907864993,0.39999981027053416,0.4756566933283544,0.4419297430581499,0.5170798611747985,1,7,96,0.6808510638297872,8.0,32.0,32.0,64.0
width,ETTh1,TimeMixer,96,test,2328,,0.7238456855714286,0.7238456855714286,0.0,7,0.37984182596975863,0.3025644014693339,0.4696288573952123,0.523505231429692,0.4700516288441264,0.5980064431282467,1,7,97,0.6879432624113475,1.0,4.0,4.0,8.0
width,ETTh1,TimeMixer,96,test,2352,,0.6671920914285714,0.6671920914285714,0.0,7,0.4208468292939186,0.342095420916186,0.48484544145751785,0.4922189836283888,0.4247472724122302,0.5801698389988279,1,7,98,0.6950354609929078,2.0,8.0,8.0,16.0
width,ETTh1,TimeMixer,96,test,2376,,0.27427076,0.27427076,0.0,7,0.32618246231984566,0.1676789245052418,0.5084127685503473,0.500200660687202,0.41720129304969583,0.5912117425715098,1,7,99,0.7021276595744681,2.0,8.0,8.0,16.0
width,ETTh1,TimeMixer,96,test,2400,,0.3471623914285714,0.3471623914285714,0.0,7,0.431136530929846,0.3438269414531159,0.5230305974786521,0.517293887795377,0.39221151771290286,0.6966257700522472,1,7,100,0.7092198581560284,4.0,16.0,16.0,32.0
width,ETTh1,TimeMixer,96,test,2424,,0.2813792742857143,0.2813792742857143,0.0,7,0.35872899227274546,0.31006732560189443,0.41150117123027974,0.5650174599024501,0.4390436043071214,0.709087114460046,1,7,101,0.7163120567375887,8.0,32.0,32.0,64.0
width,ETTh1,TimeMixer,96,test,2448,,0.24429169514285715,0.24429169514285715,0.0,7,0.29069712851418955,0.21788943395164279,0.34434060275418854,0.5115542511565719,0.38437175889605524,0.6848438918581436,1,7,102,0.723404255319149,8.0,32.0,32.0,64.0
width,ETTh1,TimeMixer,96,test,2472,,0.3769213928571428,0.3769213928571428,0.0,7,0.3479748550388976,0.27962130796332646,0.4090565815270209,0.5102477698364467,0.35296069578757305,0.7376064796464905,1,7,103,0.7304964539007093,16.0,64.0,64.0,128.0
width,ETTh1,TimeMixer,96,test,2496,,0.6749004757142857,0.6749004757142857,0.0,7,0.33734463017635946,0.2746252599180106,0.39343032283090856,0.5114820996365813,0.31759908081587324,0.7446304207274195,1,7,104,0.7375886524822695,4.0,16.0,16.0,32.0
width,ETTh1,TimeMixer,96,test,2520,,0.6145358371428572,0.6145358371428572,0.0,7,0.26437250472276586,0.20684357622246474,0.35704373272361745,0.49992425898840226,0.3453672991580251,0.6909535851410081,1,7,105,0.7446808510638298,8.0,32.0,32.0,64.0
width,ETTh1,TimeMixer,96,test,2544,,0.5748899928571428,0.5748899928571428,0.0,7,0.3069736816141459,0.18110622924120734,0.44638684685128704,0.5138396626176666,0.34867846304912153,0.7024416619892803,1,7,106,0.75177304964539,1.0,4.0,4.0,8.0
width,ETTh1,TimeMixer,96,test,2568,,0.341289208,0.341289208,0.0,7,0.3506525896589226,0.2721124595453966,0.4078975235740193,0.4798515940197577,0.36545663702001874,0.5966383999942062,1,7,107,0.7588652482269503,4.0,16.0,16.0,32.0
width,ETTh1,TimeMixer,96,test,2592,,0.37629048000000004,0.37629048000000004,0.0,7,0.42122950338598,0.31872405270433823,0.5455837333383374,0.4633371272615566,0.3917450161542545,0.5379582784395942,1,7,108,0.7659574468085106,4.0,16.0,16.0,32.0
width,ETTh1,TimeMixer,96,test,2616,,0.45816723685714283,0.45816723685714283,0.0,7,0.34065603230001784,0.2781299334449039,0.4073716053146206,0.4807753642093258,0.43458771615137415,0.5300061422330136,1,7,109,0.7730496453900709,4.0,16.0,16.0,32.0
width,ETTh1,TimeMixer,96,test,2640,,0.6015063614285714,0.6015063614285714,0.0,7,0.2902088152621878,0.23207278252189784,0.36364605263014443,0.5444102020538142,0.47208842554764546,0.6301023241074555,1,7,110,0.7801418439716312,2.0,8.0,8.0,16.0
width,ETTh1,TimeMixer,96,test,2664,,0.25282268814285713,0.25282268814285713,0.0,7,0.38708588717069636,0.30823412717470483,0.45842660423962617,0.5262030702700965,0.4560380545146514,0.5921663056216232,1,7,111,0.7872340425531915,2.0,8.0,8.0,16.0
width,ETTh1,TimeMixer,96,test,2688,,0.27394251000000003,0.27394251000000003,0.0,7,0.3680857791175665,0.31836802578861456,0.4528458412840167,0.5064596850727977,0.3911801444947932,0.593942269656592,1,7,112,0.7943262411347518,8.0,32.0,32.0,64.0
width,ETTh1,TimeMixer,96,test,2712,,0.26253438,0.26253438,0.0,7,0.31363396646568165,0.23993247177030677,0.381315294107851,0.5048902566522979,0.4137860501353927,0.6068813149745862,1,7,113,0.8014184397163121,1.0,4.0,4.0,8.0
width,ETTh1,TimeMixer,96,test,2736,,0.23037538857142859,0.23037538857142859,0.0,7,0.32120302835438486,0.2103030518154116,0.41258468645325164,0.5086422393774507,0.4016596843707051,0.5717873506441268,1,7,114,0.8085106382978723,1.0,4.0,4.0,8.0
width,ETTh1,TimeMixer,96,test,2760,,0.38284835500000003,0.38284835500000003,0.0,7,0.36828287450129193,0.30154722968627135,0.4173927726908911,0.5504974770377731,0.4415710303355402,0.6443120592517779,1,7,115,0.8156028368794326,16.0,64.0,64.0,128.0
width,ETTh1,TimeMixer,96,test,2784,,0.4653815779,0.4653815779,0.0,7,0.35623831938377515,0.26386303970433045,0.46337889042114516,0.533220859384824,0.42528683147420787,0.6198108374385691,1,7,116,0.8226950354609929,8.0,32.0,32.0,64.0
width,ETTh1,TimeMixer,96,test,2808,,0.41578171028571426,0.41578171028571426,0.0,7,0.4014428558353216,0.34244403773662857,0.48563391111091475,0.5306191985424519,0.41515443250383505,0.6317221824686563,1,7,117,0.8297872340425532,2.0,8.0,8.0,16.0
width,ETTh1,TimeMixer,96,test,2832,,0.46188657257142857,0.46188657257142857,0.0,7,0.301861534078418,0.23392746104271586,0.42665494387646824,0.5039497348265237,0.3840632935144853,0.6167332541421392,1,7,118,0.8368794326241135,1.0,4.0,4.0,8.0
width,ETTh1,TimeMixer,96,test,2856,,0.6034495814285714,0.6034495814285714,0.0,7,0.4447038938356762,0.29446982590418047,0.5495583486014923,0.5038203180869341,0.4057522303673045,0.6022181475759196,1,7,119,0.8439716312056738,16.0,64.0,64.0,128.0
width,ETTh1,TimeMixer,96,test,2880,,0.2632289174285714,0.2632289174285714,0.0,7,0.5946334959140724,0.5446708459557379,0.6445969437409155,0.525622843363449,0.39809063746232276,0.6484700050897342,1,7,120,0.851063829787234,16.0,64.0,64.0,128.0
width,ETTh1,TimeMixer,96,test,2904,,0.3318945587142857,0.3318945587142857,0.0,7,0.3321561865168357,0.2323684706145251,0.4914488758869346,0.5512656255742281,0.459326949742057,0.6606602229416924,1,7,121,0.8581560283687943,2.0,8.0,8.0,16.0
width,ETTh1,TimeMixer,96,test,2928,,0.19487559428571427,0.19487559428571427,0.0,7,0.539616183273658,0.4624023727173349,0.6286502582392567,0.5698412985892363,0.4636710026975997,0.7290437386133916,1,7,122,0.8652482269503546,8.0,32.0,32.0,64.0
width,ETTh1,TimeMixer,96,test,2952,,0.194097894,0.194097894,0.0,7,0.31708849539738976,0.2556038728838332,0.39570482707745247,0.5210137900198043,0.38871229433316024,0.6901362216828312,1,7,123,0.8723404255319149,4.0,16.0,16.0,32.0
width,ETTh1,TimeMixer,96,test,2976,,0.27626903571428574,0.27626903571428574,0.0,7,0.2975619243966664,0.23783070884547264,0.3573448531216025,0.4871711376117983,0.377222438326436,0.6322627782968117,1,7,124,0.8794326241134752,4.0,16.0,16.0,32.0
width,ETTh1,TimeMixer,96,test,3000,,0.33499638000000004,0.33499638000000004,0.0,7,0.2884006044887001,0.23321368876208098,0.3397676180341684,0.47089903960293084,0.35604728642167793,0.6136767120802071,1,7,125,0.8865248226950354,8.0,32.0,32.0,64.0
width,ETTh1,TimeMixer,96,test,3024,,0.31992790042857144,0.31992790042857144,0.0,7,0.24372922872318123,0.12357627504301796,0.3473182795563915,0.46558433581261305,0.3513762139827969,0.5676796792321106,1,7,126,0.8936170212765957,8.0,32.0,32.0,64.0
width,ETTh1,TimeMixer,96,test,3048,,0.2760096271428571,0.2760096271428571,0.0,7,0.29069856573034575,0.2487251298787043,0.3327542257590261,0.5139172683694216,0.3950526629896364,0.6091648766784855,1,7,127,0.900709219858156,16.0,64.0,64.0,128.0
width,ETTh1,TimeMixer,96,test,3072,,0.3635012721428571,0.3635012721428571,0.0,7,0.3466425632984543,0.23869164317969038,0.4500599854907685,0.537539979298386,0.4070873100553737,0.6747627728907615,1,7,128,0.9078014184397163,16.0,64.0,64.0,128.0
width,ETTh1,TimeMixer,96,test,3096,,0.3722708802857143,0.3722708802857143,0.0,7,0.39683695923263823,0.2726304760275316,0.5449636367668441,0.4752162296636141,0.4074048761724829,0.5480554312229887,1,7,129,0.9148936170212766,8.0,32.0,32.0,64.0
width,ETTh1,TimeMixer,96,test,3120,,0.34507357285714285,0.34507357285714285,0.0,7,0.29194690296782666,0.23057765877087116,0.3513777481978298,0.46602140180117535,0.4189588943459045,0.538687474642883,1,7,130,0.9219858156028369,2.0,8.0,8.0,16.0
width,ETTh1,TimeMixer,96,test,3144,,0.278467489,0.278467489,0.0,7,0.4129655340527528,0.31187628658123506,0.5563886437418449,0.4866700114091866,0.39283415971184865,0.5423851582170408,1,7,131,0.9290780141843972,8.0,32.0,32.0,64.0
width,ETTh1,TimeMixer,96,test,3168,,0.18598072878571428,0.18598072878571428,0.0,7,0.378284083064466,0.30145376601944757,0.43856933060064396,0.5041384075176993,0.33467361133730716,0.6481484462010741,1,7,132,0.9361702127659575,2.0,8.0,8.0,16.0
width,ETTh1,TimeMixer,96,test,3192,,0.18874323357142858,0.18874323357142858,0.0,7,0.307409713107552,0.16952584377001007,0.4104242689907684,0.5085008576142924,0.33402882224233976,0.6605613314307,1,7,133,0.9432624113475178,2.0,8.0,8.0,16.0
width,ETTh1,TimeMixer,96,test,3216,,0.25909531557142856,0.25909531557142856,0.0,7,0.31578842297075654,0.18206412464138125,0.4548727677467596,0.49370815296891984,0.3355472640794347,0.6361600063773781,1,7,134,0.950354609929078,2.0,8.0,8.0,16.0
width,ETTh1,TimeMixer,96,test,3240,,0.2926555334285714,0.2926555334285714,0.0,7,0.2962668284767308,0.19006917097213694,0.38349143340381076,0.4608153191783,0.3250759911915995,0.563502588570572,1,7,135,0.9574468085106383,16.0,64.0,64.0,128.0
width,ETTh1,TimeMixer,96,test,3264,,0.2685995134285714,0.2685995134285714,0.0,7,0.3067957737517536,0.2368769439732785,0.4162043239003041,0.42568526681369734,0.3114666644846688,0.4943340523681211,1,7,136,0.9645390070921985,16.0,64.0,64.0,128.0
width,ETTh1,TimeMixer,96,test,3288,,0.3414549607142857,0.3414549607142857,0.0,7,0.2930043581233742,0.25707772846534965,0.3169439936786304,0.4540184760425037,0.32277415685647054,0.5466877381182128,1,7,137,0.9716312056737588,16.0,64.0,64.0,128.0
width,ETTh1,TimeMixer,96,test,3312,,0.2841492444285714,0.2841492444285714,0.0,7,0.30122066858832663,0.26043725583170235,0.33236939445502567,0.4807169091440228,0.3614458387481833,0.6104578202735687,1,7,138,0.9787234042553191,4.0,16.0,16.0,32.0
width,ETTh1,TimeMixer,96,test,3336,,0.23896683428571427,0.23896683428571427,0.0,7,0.33634278585918576,0.23688696589886613,0.4141024855066882,0.45007924306517644,0.35304987601881416,0.5111302905069218,1,7,139,0.9858156028368794,2.0,8.0,8.0,16.0
width,ETTh1,TimeMixer,96,test,3360,,0.28040745714285714,0.28040745714285714,0.0,7,0.29325045729654814,0.2485050715458407,0.34820455532852784,0.46781420588506634,0.3782112001238686,0.5359431678680909,1,7,140,0.9929078014184397,4.0,16.0,16.0,32.0
width,ETTh1,TimeMixer,96,test,3384,,0.254846905,0.254846905,0.0,7,0.2960656256451813,0.2209665040075557,0.37498002107351813,0.5040037038833814,0.3929802094703763,0.5891370142821315,1,7,141,1.0,8.0,32.0,32.0,64.0
