channel,u_change,u_spectral,u_surprise,m_peak,m_band,channel_effective_rank,m_channel,U,M,dataset,segment,window_start,window_stop,unit_id,U_bucket,M_bucket
0,0.3100028094354783,0.16572859312177485,0.2667363713864426,0.375,0.7435055497826937,1.0007172616596567,0.00010246595123314682,0.24748925798123192,0.3728693385779756,ExchangeRate,raw,0,96,raw:0:0,low,mid
1,0.855776608958093,0.2107044184149479,0.03982925752266524,0.25,0.7726967287927765,1.0007172616596567,0.00010246595123314682,0.36877009496523544,0.34093306491466996,ExchangeRate,raw,0,96,raw:0:1,mid,low
2,0.7695376556730614,0.09619663475056899,0.09454227832144578,0.125,0.7067656200404064,1.0007172616596567,0.00010246595123314682,0.32009218958169205,0.2772893619972132,ExchangeRate,raw,0,96,raw:0:2,low,low
3,0.6053621319659452,0.07335623335998265,0.2771439590783718,0.0,0.8084741190335776,1.0007172616596567,0.00010246595123314682,0.3186207748014332,0.26952552832827026,ExchangeRate,raw,0,96,raw:0:3,low,low
4,0.0,0.3138085754170713,0.0,0.375,0.8789523867650205,1.0007172616596567,0.00010246595123314682,0.1046028584723571,0.4180182842387512,ExchangeRate,raw,0,96,raw:0:4,low,mid
5,0.9835852633281406,0.09640923706096863,0.0222318903641598,0.25,0.8608738235460642,1.0007172616596567,0.00010246595123314682,0.36740879691775635,0.3703254298324325,ExchangeRate,raw,0,96,raw:0:5,mid,mid
6,0.7621603267320144,0.16476430128410013,0.3204571641373694,0.125,0.8567603179488679,1.0007172616596567,0.00010246595123314682,0.415793930717828,0.32728759463336704,ExchangeRate,raw,0,96,raw:0:6,mid,low
7,0.7870708492559711,0.22906947200725702,0.24258840317150782,0.375,0.9233906359129557,1.0007172616596567,0.00010246595123314682,0.4195762414782453,0.4328310339547296,ExchangeRate,raw,0,96,raw:0:7,mid,mid
0,0.46878527165524964,0.12487793172490758,0.24202911747095773,0.375,0.8848093916323866,1.0003207546542479,4.5822093398519404e-05,0.27856410695037165,0.4199517379085951,ExchangeRate,raw,24,120,raw:24:0,low,mid
1,0.7507500035555803,0.15076838663177045,0.47144973413855035,0.125,0.48387659326912846,1.0003207546542479,4.5822093398519404e-05,0.45765604144196703,0.20297413845417567,ExchangeRate,raw,24,120,raw:24:1,high,low
2,0.6131182629667465,0.06285501693401423,0.1152219832425647,0.125,0.5275550581653559,1.0003207546542479,4.5822093398519404e-05,0.26373175438110846,0.21753362675291812,ExchangeRate,raw,24,120,raw:24:2,low,low
3,0.8766184948640552,0.05763097172765706,0.1946442850581734,0.125,0.6421020326544823,1.0003207546542479,4.5822093398519404e-05,0.37629791721662853,0.25571595158262694,ExchangeRate,raw,24,120,raw:24:3,mid,low
4,0.0,0.14337805770448542,0.0,1.0,0.8588980338896698,1.0003207546542479,4.5822093398519404e-05,0.04779268590149514,0.6196479519943561,ExchangeRate,raw,24,120,raw:24:4,low,high
5,0.5614126673416222,0.06674110780068508,0.02686879923593152,0.0,0.3357511178813357,1.0003207546542479,4.5822093398519404e-05,0.21834085812607962,0.11193231332491142,ExchangeRate,raw,24,120,raw:24:5,low,low
6,0.7113927241806433,0.028480695316214586,0.35104077032017084,0.0,0.4153620788517241,1.0003207546542479,4.5822093398519404e-05,0.3636380632723429,0.13846930031504087,ExchangeRate,raw,24,120,raw:24:6,mid,low
7,0.7655898041754483,0.1980898209662435,0.0906112703923449,0.25,0.7769777244520538,1.0003207546542479,4.5822093398519404e-05,0.35143029851134555,0.34234118218181747,ExchangeRate,raw,24,120,raw:24:7,mid,low
0,0.7709765199837282,0.15129455054759156,0.22786025159076487,0.25,0.9171731728046356,1.0001807715382418,2.5824505426223347e-05,0.3833771073740282,0.38906633243668726,ExchangeRate,raw,48,144,raw:48:0,mid,mid
1,0.9581754132765117,0.07520501086254142,0.002529451808067265,0.0,0.6129831841677105,1.0001807715382418,2.5824505426223347e-05,0.3453032919823735,0.20433633622437888,ExchangeRate,raw,48,144,raw:48:1,mid,low
2,0.46012474302867157,0.16931489684316334,0.3879660197186017,0.0,0.7994647762207776,1.0001807715382418,2.5824505426223347e-05,0.3391352198634789,0.2664968669087346,ExchangeRate,raw,48,144,raw:48:2,low,low
3,0.9090172355644647,0.20565819565579946,0.022119118771131898,0.0,0.7715437279095333,1.0001807715382418,2.5824505426223347e-05,0.3789315166637986,0.2571898508049865,ExchangeRate,raw,48,144,raw:48:3,mid,low
4,0.0,0.13909626916662027,0.0,1.0,0.8392278742056825,1.0001807715382418,2.5824505426223347e-05,0.04636542305554009,0.6130845662370362,ExchangeRate,raw,48,144,raw:48:4,low,high
5,0.8690499153422018,0.040420573818062876,0.07263309043671812,0.125,0.6898251893036563,1.0001807715382418,2.5824505426223347e-05,0.3273678598656609,0.2716170046030275,ExchangeRate,raw,48,144,raw:48:5,low,low
6,0.9617261715867794,0.0993306189968541,0.03078075491610467,0.25,0.8211497225923932,1.0001807715382418,2.5824505426223347e-05,0.36394584849991274,0.35705851569927316,ExchangeRate,raw,48,144,raw:48:6,mid,low
7,0.6593802021977608,0.15471383630179114,0.41143113798971587,0.0,0.4568547458446023,1.0001807715382418,2.5824505426223347e-05,0.40850839216308926,0.1522935234500095,ExchangeRate,raw,48,144,raw:48:7,mid,low
0,0.8077437038401805,0.2068341583834436,0.04674067763390477,0.25,0.5873817598660813,1.000399200755339,5.702867925268153e-05,0.3537728466191763,0.2791462628484447,ExchangeRate,raw,72,168,raw:72:0,mid,low
1,0.9463847818467892,0.1786641138571584,0.13289958926020215,0.125,0.5442752978884527,1.000399200755339,5.702867925268153e-05,0.4193161616547165,0.2231107755225685,ExchangeRate,raw,72,168,raw:72:1,mid,low
2,0.6921167269482,0.2249479783643638,0.47417345775215153,0.0,0.5917124058044827,1.000399200755339,5.702867925268153e-05,0.46374605435490507,0.19725647816124514,ExchangeRate,raw,72,168,raw:72:2,high,low
3,0.7563006481227272,0.04613954266787142,0.06825429430271744,0.125,0.665039581688388,1.000399200755339,5.702867925268153e-05,0.2902314950311054,0.26336553678921354,ExchangeRate,raw,72,168,raw:72:3,low,low
4,0.0,0.4675077882011762,0.0,0.0,0.7547384855016188,1.000399200755339,5.702867925268153e-05,0.15583592940039206,0.25159850472695716,ExchangeRate,raw,72,168,raw:72:4,low,low
5,0.7555355829173677,0.27678798391097437,0.48134414509766904,0.125,0.6171422649080253,1.000399200755339,5.702867925268153e-05,0.504555903975337,0.24739976452909265,ExchangeRate,raw,72,168,raw:72:5,high,low
6,0.9008616285613744,0.1366993925394142,0.12526702907058226,0.25,0.8605401295830596,1.000399200755339,5.702867925268153e-05,0.3876093500571236,0.37019905275410414,ExchangeRate,raw,72,168,raw:72:6,mid,mid
7,0.8636960092641316,0.045490842520963214,0.01937960469589009,0.0,0.5605125557037672,1.000399200755339,5.702867925268153e-05,0.3095221521603283,0.1868565281276733,ExchangeRate,raw,72,168,raw:72:7,low,low
0,0.7827845673767538,0.026225597934670945,0.42058131820037203,0.625,0.7727115498744452,1.0000028434813064,4.06211614621664e-07,0.40986382783726566,0.46590398536201993,ExchangeRate,raw,96,192,raw:96:0,mid,mid
1,0.9241998179632038,0.0599032459998687,0.09458457378359929,0.25,0.6624011596317411,1.0000028434813064,4.06211614621664e-07,0.3595625459155573,0.3041338552811185,ExchangeRate,raw,96,192,raw:96:1,mid,low
2,0.7472611433148909,0.19075699746776642,0.016822279165318796,0.0,0.7305687352321113,1.0000028434813064,4.06211614621664e-07,0.3182801399826587,0.24352304714790862,ExchangeRate,raw,96,192,raw:96:2,low,low
3,0.9636107597749096,0.267702404594222,0.18184521582977173,0.25,0.7575101654963947,1.0000028434813064,4.06211614621664e-07,0.47105279339963446,0.3358368572360031,ExchangeRate,raw,96,192,raw:96:3,high,low
4,0.0,0.08162993388022409,0.0,1.0,0.7185746710581985,1.0000028434813064,4.06211614621664e-07,0.027209977960074697,0.5728583590899378,ExchangeRate,raw,96,192,raw:96:4,low,high
5,0.8301743942461726,0.15949930007018062,0.3577101526330351,0.0,0.6287105851904391,1.0000028434813064,4.06211614621664e-07,0.4491279489831294,0.2095703304673512,ExchangeRate,raw,96,192,raw:96:5,high,low
6,0.9190541985174615,0.13981637471169073,0.1120879886872529,0.25,0.8397195267273554,1.0000028434813064,4.06211614621664e-07,0.39031952063880176,0.3632399776463233,ExchangeRate,raw,96,192,raw:96:6,mid,mid
7,0.8661242445437738,0.2985479508621443,0.20855222755486383,0.25,0.6992502324263933,1.0000028434813064,4.06211614621664e-07,0.45774147432026063,0.3164168795460026,ExchangeRate,raw,96,192,raw:96:7,high,low
0,0.6964134671784502,0.12905713067345673,0.28312227921080274,0.0,0.606426627150626,1.0000058897309452,8.413901338229314e-07,0.3695309590209032,0.2021424895135866,ExchangeRate,raw,120,216,raw:120:0,mid,low
1,0.6191582443467186,0.0886791897661589,0.3980666473411783,0.25,0.7476426347577795,1.0000058897309452,8.413901338229314e-07,0.36863469381801856,0.3325478253826378,ExchangeRate,raw,120,216,raw:120:1,mid,low
2,0.307537977505976,0.029791116503908498,0.8426644711067496,0.25,0.7851838135110678,1.0000058897309452,8.413901338229314e-07,0.3933311883722113,0.34506155163373387,ExchangeRate,raw,120,216,raw:120:2,mid,low
3,0.886694764901663,0.46210114892957455,0.14906057389956542,0.0,0.758922272507338,1.0000058897309452,8.413901338229314e-07,0.49928549591026766,0.2529743712991573,ExchangeRate,raw,120,216,raw:120:3,high,low
4,0.0,0.4605576069815126,0.0,0.375,0.7487908710493916,1.0000058897309452,8.413901338229314e-07,0.15351920232717087,0.3745972374798418,ExchangeRate,raw,120,216,raw:120:4,low,mid
5,0.9392272030258224,0.2817583927601529,0.13620991911250774,0.125,0.7023304750964859,1.0000058897309452,8.413901338229314e-07,0.452398504966161,0.2757771054955399,ExchangeRate,raw,120,216,raw:120:5,high,low
6,0.8845687516078189,0.10734983337337142,0.02793372656583254,0.25,0.7309894602059513,1.0000058897309452,8.413901338229314e-07,0.3399507705156743,0.326996767198695,ExchangeRate,raw,120,216,raw:120:6,low,low
7,0.8784710098761824,0.08185194281062905,0.13826752393237465,0.0,0.5774595293489629,1.0000058897309452,8.413901338229314e-07,0.3661968255397287,0.19248679024636559,ExchangeRate,raw,120,216,raw:120:7,mid,low
0,0.8572801977158757,0.17724470240727253,0.6420596522772067,0.125,0.657139148056325,0.9999999901629173,0.0,0.5588615174667849,0.2607130493521083,ExchangeRate,raw,144,240,raw:144:0,high,low
1,0.8774426088273486,0.1713277647720718,0.36731341807660256,0.25,0.6215541073597046,0.9999999901629173,0.0,0.4720279305586743,0.2905180357865682,ExchangeRate,raw,144,240,raw:144:1,high,low
2,0.7186313133557178,0.17015477935170786,0.5822813694643239,0.25,0.8506121922588699,0.9999999901629173,0.0,0.4903558207239165,0.3668707307529566,ExchangeRate,raw,144,240,raw:144:2,high,mid
3,0.7444062402467506,0.09978112249483109,0.10009146260053849,0.25,0.7063526778245816,0.9999999901629173,0.0,0.3147596084473734,0.31878422594152717,ExchangeRate,raw,144,240,raw:144:3,low,low
4,0.0,0.028796533593508433,0.0,0.0,0.6513473700549156,0.9999999901629173,0.0,0.009598844531169477,0.2171157900183052,ExchangeRate,raw,144,240,raw:144:4,low,low
5,0.9071825920217977,0.144608750735695,0.1947869651318219,0.125,0.6216596717878733,0.9999999901629173,0.0,0.4155261026297716,0.24888655726262443,ExchangeRate,raw,144,240,raw:144:5,mid,low
6,0.9676887780863526,0.11881159753199357,0.27655302190048925,0.125,0.7023809672245741,0.9999999901629173,0.0,0.4543511325062785,0.2757936557415247,ExchangeRate,raw,144,240,raw:144:6,high,low
7,0.6514006372203878,0.3988225888841265,0.365228868908584,0.0,0.7348729163736261,0.9999999901629173,0.0,0.47181736500436616,0.2449576387912087,ExchangeRate,raw,144,240,raw:144:7,high,low
0,0.9387656907745753,0.05935183534976994,0.04716124548022637,0.25,0.7452836837546288,0.9999999903396853,0.0,0.3484262572015238,0.3317612279182096,ExchangeRate,raw,168,264,raw:168:0,mid,low
1,0.5503163227429562,0.05932733146347717,0.016766125972859036,0.125,0.7041479640720734,0.9999999903396853,0.0,0.2088032600597641,0.2763826546906911,ExchangeRate,raw,168,264,raw:168:1,low,low
2,0.5643944620617293,0.08407513528275634,0.29965236299592485,0.5,0.9269680535538478,0.9999999903396853,0.0,0.3160406534468035,0.4756560178512826,ExchangeRate,raw,168,264,raw:168:2,low,high
3,0.43183731920014357,0.16917079429058052,0.062012999321767584,0.375,0.8473437749444592,0.9999999903396853,0.0,0.22100703760416393,0.4074479249814864,ExchangeRate,raw,168,264,raw:168:3,low,mid
4,1.0,0.018407574408225814,0.5,0.125,0.7917674089959268,0.9999999903396853,0.0,0.5061358581360752,0.3055891363319756,ExchangeRate,raw,168,264,raw:168:4,high,low
5,0.6766049590787959,0.037624416404404004,0.05250061317603763,0.125,0.5002519499456418,0.9999999903396853,0.0,0.2555766628864125,0.20841731664854726,ExchangeRate,raw,168,264,raw:168:5,low,low
6,0.6099085372478954,0.06131983018106663,0.040927256339456,0.125,0.34294170680590547,0.9999999903396853,0.0,0.23738520792280604,0.15598056893530182,ExchangeRate,raw,168,264,raw:168:6,low,low
7,0.8510652341876186,0.497409525248697,0.0724566389411964,0.375,0.8590610973421766,0.9999999903396853,0.0,0.4736437994591707,0.4113536991140589,ExchangeRate,raw,168,264,raw:168:7,high,mid
0,0.44134180574028214,0.09811208240736044,0.3398007396667543,0.125,0.7761617867335586,0.9999999904252806,0.0,0.2930848759381323,0.30038726224451956,ExchangeRate,raw,192,288,raw:192:0,low,low
1,0.6331566743078572,0.28813634414643374,0.4576998082340095,0.125,0.837414421512034,0.9999999904252806,0.0,0.45966427556276684,0.320804807170678,ExchangeRate,raw,192,288,raw:192:1,high,low
2,0.4279446143894563,0.12109472494391915,0.13426080845105157,0.25,0.8543505105459582,0.9999999904252806,0.0,0.22776671592814235,0.3681168368486527,ExchangeRate,raw,192,288,raw:192:2,low,mid
3,0.35529264004377537,0.11597523958058584,0.46604060192210073,0.5,0.7958783618776246,0.9999999904252806,0.0,0.31243616051548734,0.4319594539592082,ExchangeRate,raw,192,288,raw:192:3,low,mid
4,1.0,0.018189618372444816,0.0,0.0,0.6737070913883255,0.9999999904252806,0.0,0.3393965394574816,0.22456903046277518,ExchangeRate,raw,192,288,raw:192:4,low,low
5,0.49471036291405834,0.1777862458659577,0.17952237769843862,0.25,0.8222570707290002,0.9999999904252806,0.0,0.28400632882615157,0.35741902357633343,ExchangeRate,raw,192,288,raw:192:5,low,low
6,0.8152984531381516,0.24009862358542847,0.4271064448368474,0.125,0.732382165621147,0.9999999904252806,0.0,0.49416784052014245,0.285794055207049,ExchangeRate,raw,192,288,raw:192:6,high,low
7,0.7111450159998631,0.28907356940139106,0.22270278366752122,0.25,0.7395423175827622,0.9999999904252806,0.0,0.4076404563562585,0.3298474391942541,ExchangeRate,raw,192,288,raw:192:7,mid,low
0,0.44691281553750517,0.21963263526434035,0.41074848998624375,0.125,0.8957123319821579,0.999999990692245,0.0,0.3590979802626964,0.3402374439940526,ExchangeRate,raw,216,312,raw:216:0,mid,low
1,0.7284302259614452,0.49509748206861265,0.5154950891018002,0.0,0.5877947503565817,0.999999990692245,0.0,0.5796742657106194,0.19593158345219389,ExchangeRate,raw,216,312,raw:216:1,high,low
2,0.4673949659318952,0.2364681524318195,0.716876630394688,0.375,0.884939247759056,0.999999990692245,0.0,0.4735799162528009,0.4199797492530187,ExchangeRate,raw,216,312,raw:216:2,high,mid
3,0.8691416029581839,0.29983051582851006,0.4878255497184105,0.0,0.5397029519901412,0.999999990692245,0.0,0.5522658895017015,0.17990098399671373,ExchangeRate,raw,216,312,raw:216:3,high,low
4,0.0,0.1358506911631579,0.0,0.0,0.9305798933009083,0.999999990692245,0.0,0.04528356372105263,0.3101932977669694,ExchangeRate,raw,216,312,raw:216:4,low,low
5,0.4023564853026389,0.13878012246270155,0.2595767120515266,0.125,0.6987645004952211,0.999999990692245,0.0,0.2669044399389557,0.27458816683174037,ExchangeRate,raw,216,312,raw:216:5,low,low
6,0.36397454778159655,0.04906573492628781,0.2051884081349915,0.125,0.606593812427143,0.999999990692245,0.0,0.2060762302809586,0.243864604142381,ExchangeRate,raw,216,312,raw:216:6,low,low
7,0.7320463781541775,0.08618196693856375,0.7484043405532987,0.125,0.6615583542852586,0.999999990692245,0.0,0.5222108952153467,0.2621861180950862,ExchangeRate,raw,216,312,raw:216:7,high,low
0,0.18754044186932817,0.11653183000947478,0.5303311426761598,0.625,0.8737596082949248,1.0000000028491955,4.070279345845042e-10,0.2781344715183209,0.49958653623398425,ExchangeRate,raw,240,336,raw:240:0,low,high
1,0.8992168032850615,0.5038023704765895,0.2717658220169236,0.0,0.6292930827546902,1.0000000028491955,4.070279345845042e-10,0.5582616652595248,0.20976436105390606,ExchangeRate,raw,240,336,raw:240:1,high,low
2,0.6303922204769217,0.13229432282946596,0.11935783211406135,0.375,0.7657484019787956,1.0000000028491955,4.070279345845042e-10,0.29401479180681633,0.38024946746194116,ExchangeRate,raw,240,336,raw:240:2,low,mid
3,0.9512264233778414,0.24856510547054456,0.23433901871937135,0.0,0.658638480258337,1.0000000028491955,4.070279345845042e-10,0.47804351585591903,0.21954616022178833,ExchangeRate,raw,240,336,raw:240:3,high,low
4,0.0,0.08950722716076569,0.0,0.0,0.5204047464798565,1.0000000028491955,4.070279345845042e-10,0.029835742386921896,0.17346824896229482,ExchangeRate,raw,240,336,raw:240:4,low,low
5,0.8578153190927803,0.29024173847856444,0.47284447716822736,0.125,0.6723359246492222,1.0000000028491955,4.070279345845042e-10,0.5403005115798574,0.2657786416854167,ExchangeRate,raw,240,336,raw:240:5,high,low
6,0.745987628595175,0.42362148055866067,0.3957056896547524,0.25,0.7147408108860578,1.0000000028491955,4.070279345845042e-10,0.5217715996028627,0.3215802704310286,ExchangeRate,raw,240,336,raw:240:6,high,low
7,0.4593206187709664,0.20856425163876963,0.2535805963216515,0.125,0.6436488189365431,1.0000000028491955,4.070279345845042e-10,0.3071551555771292,0.2562162731145237,ExchangeRate,raw,240,336,raw:240:7,low,low
0,0.18210846981682982,0.09609087372454517,0.08383142952542452,0.25,0.7854812161421247,1.0000000032885672,4.697953130910973e-10,0.12067692435559985,0.3451604055373067,ExchangeRate,raw,264,360,raw:264:0,low,low
1,0.9130167919934804,0.06540324821731056,0.006977670973533787,0.125,0.6671888624044376,1.0000000032885672,4.697953130910973e-10,0.32846590372810824,0.26406295429141097,ExchangeRate,raw,264,360,raw:264:1,low,low
2,0.6834011435354267,0.1574855869504674,0.3599562309904064,0.5,0.8666619256522,1.0000000032885672,4.697953130910973e-10,0.40028098715876687,0.4555539753739984,ExchangeRate,raw,264,360,raw:264:2,mid,mid
3,0.9219472499600317,0.04427399810263284,0.03999543000478041,0.125,0.5517029931823576,1.0000000032885672,4.697953130910973e-10,0.335405559355815,0.22556766455071764,ExchangeRate,raw,264,360,raw:264:3,low,low
4,0.9999995065617507,0.3318113219258392,0.5,0.0,0.5669417953257752,1.0000000032885672,4.697953130910973e-10,0.6106036094958633,0.18898059859852348,ExchangeRate,raw,264,360,raw:264:4,high,low
5,0.9356705058018331,0.2375020488901221,0.09665913589401189,0.375,0.7498971830486358,1.0000000032885672,4.697953130910973e-10,0.4232772301953223,0.37496572783947707,ExchangeRate,raw,264,360,raw:264:5,high,mid
6,0.9099429304196741,0.20465608869050916,0.1219137272938541,0.125,0.7466468350802429,1.0000000032885672,4.697953130910973e-10,0.4121709154680125,0.29054894518334606,ExchangeRate,raw,264,360,raw:264:6,mid,low
7,0.7663290906610082,0.16274401088789456,0.08695735746579535,0.375,0.7163899029812455,1.0000000032885672,4.697953130910973e-10,0.338676819671566,0.36379663448368027,ExchangeRate,raw,264,360,raw:264:7,low,mid
0,0.6208058524509765,0.08327929848176041,0.3371769799441529,0.25,0.7561081699318292,2.8218879946413487,0.26026971314837877,0.3470873769589633,0.422125961026736,ExchangeRate,raw,288,384,raw:288:0,mid,mid
1,0.6435049122341658,0.5142393423932393,0.25264401965216676,0.125,0.6737992884750563,2.8218879946413487,0.26026971314837877,0.47012942475985725,0.35302300054114505,ExchangeRate,raw,288,384,raw:288:1,high,low
2,0.760119494518084,0.24143016228488606,0.28605963362015285,0.75,0.9462778509797573,2.8218879946413487,0.26026971314837877,0.42920309680770763,0.6521825213760453,ExchangeRate,raw,288,384,raw:288:2,high,high
3,0.7024881018398001,0.4817829141515714,0.42606356833884584,0.375,0.728797841106526,2.8218879946413487,0.26026971314837877,0.5367781947767392,0.45468918475163483,ExchangeRate,raw,288,384,raw:288:3,high,mid
4,0.999999999792152,0.08397557542556916,0.003179965820039685,0.375,0.8815611848527424,2.8218879946413487,0.26026971314837877,0.3623851803459203,0.505610299333707,ExchangeRate,raw,288,384,raw:288:4,mid,high
5,0.5648304411216599,0.3682690902260559,0.2819152984012985,0.375,0.8151393147504395,2.8218879946413487,0.26026971314837877,0.40500494324967146,0.4834696759662728,ExchangeRate,raw,288,384,raw:288:5,mid,high
6,0.5352478380121017,0.2634821385902,0.44046090723748044,0.25,0.7612997704142052,2.8218879946413487,0.26026971314837877,0.413063627946594,0.4238564945208612,ExchangeRate,raw,288,384,raw:288:6,mid,mid
7,0.7795869107499467,0.12159430220797415,0.4220910673913391,0.25,0.8326786372500855,2.8218879946413487,0.26026971314837877,0.44109076011642,0.4476494501328214,ExchangeRate,raw,288,384,raw:288:7,high,mid
0,0.30557106500362285,0.10711011351580198,0.22784625451995127,0.0,0.5603140919870718,2.8581830139886204,0.26545471590486763,0.2135091443464587,0.2752562692973131,ExchangeRate,raw,312,408,raw:312:0,low,low
1,0.6041102963288083,0.7047550796766149,0.08942229939409814,0.125,0.7361580590317954,2.8581830139886204,0.26545471590486763,0.4660958917998404,0.37553759164555434,ExchangeRate,raw,312,408,raw:312:1,high,mid
2,0.6757387648001445,0.13095318920692683,0.18300552053575941,0.125,0.7454466923663019,2.8581830139886204,0.26545471590486763,0.3298991581809436,0.37863380275705655,ExchangeRate,raw,312,408,raw:312:2,low,mid
3,0.8004902106078101,0.5493591814696197,0.0486339115791858,0.125,0.7280171295856209,2.8581830139886204,0.26545471590486763,0.46616110121887194,0.3728239484968295,ExchangeRate,raw,312,408,raw:312:3,high,mid
4,0.8933339622854892,0.30221421745042837,0.0007959636687376549,0.0,0.5437719856442856,2.8581830139886204,0.26545471590486763,0.39878138113488504,0.26974223384971774,ExchangeRate,raw,312,408,raw:312:4,mid,low
5,0.525114242978919,0.1712490626204165,0.2580767532123989,0.25,0.7766748624987257,2.8581830139886204,0.26545471590486763,0.3181466862705781,0.43070985946786444,ExchangeRate,raw,312,408,raw:312:5,low,mid
6,0.8312532210012598,0.20406524283773325,0.17624903869807057,0.125,0.598577077982761,2.8581830139886204,0.26545471590486763,0.4038558341790212,0.3296772646292096,ExchangeRate,raw,312,408,raw:312:6,mid,low
7,0.8063941658103271,0.26772188562359667,0.09605425123954907,0.125,0.7688290905441265,2.8581830139886204,0.26545471590486763,0.3900567675578243,0.38642793548299803,ExchangeRate,raw,312,408,raw:312:7,mid,mid
0,0.7145814993975518,0.09604870342912639,0.08037648747957364,0.125,0.8077950489646664,3.215255731261476,0.3164651040138321,0.29700223010208393,0.4164200509928328,ExchangeRate,raw,336,432,raw:336:0,low,mid
1,0.7250886984799403,0.15404211332879486,0.1648695195739623,0.0,0.6038641234504757,3.215255731261476,0.3164651040138321,0.3480001104608991,0.3067764091547693,ExchangeRate,raw,336,432,raw:336:1,mid,low
2,0.5853278823797843,0.03957178481147811,0.5785678724822988,0.0,0.7247674893654634,3.215255731261476,0.3164651040138321,0.40115584655785375,0.3470775311264318,ExchangeRate,raw,336,432,raw:336:2,mid,low
3,0.6565789089896008,0.10424109226315587,0.44241766024289464,0.0,0.5291496649280482,3.215255731261476,0.3164651040138321,0.40107922049855044,0.2818715896472934,ExchangeRate,raw,336,432,raw:336:3,mid,low
4,0.612292720245482,0.06369771697319174,0.5243034337235927,0.25,0.6770798360371154,3.215255731261476,0.3164651040138321,0.40009795698075545,0.4145149800169825,ExchangeRate,raw,336,432,raw:336:4,mid,mid
5,0.7477230632050835,0.06369636710415834,0.5203953945015646,0.25,0.8232276277194884,3.215255731261476,0.3164651040138321,0.44393827493693544,0.4632309105777736,ExchangeRate,raw,336,432,raw:336:5,high,mid
6,0.9300177952609934,0.34203277129885845,0.035705852699788106,0.25,0.7651325164956428,3.215255731261476,0.3164651040138321,0.43591880641988,0.44386587350315826,ExchangeRate,raw,336,432,raw:336:6,high,mid
7,0.678820797358288,0.04176927480076929,0.05802125195703426,0.125,0.6254271495913868,3.215255731261476,0.3164651040138321,0.2595371080386972,0.3556307512017396,ExchangeRate,raw,336,432,raw:336:7,low,low
0,0.6837823352822787,0.10095960541569321,0.08027106559174645,0.125,0.7624814613898423,3.777976961612926,0.39685385109205534,0.28833766876323946,0.42811177082729923,ExchangeRate,raw,360,456,raw:360:0,low,mid
1,0.8224847245957717,0.06702259958366065,0.19149016578194167,0.125,0.7119239931317691,3.777976961612926,0.39685385109205534,0.36033249665379136,0.4112592814079415,ExchangeRate,raw,360,456,raw:360:1,mid,mid
2,0.8110946301229602,0.07230780389296798,0.16793529057061612,0.0,0.6828821524544162,3.777976961612926,0.39685385109205534,0.35044590819551474,0.3599120011821572,ExchangeRate,raw,360,456,raw:360:2,mid,low
3,0.7576491212052202,0.11461258637935937,0.10911060567501996,0.125,0.6088505031226872,3.777976961612926,0.39685385109205534,0.3271241044198665,0.3769014514049142,ExchangeRate,raw,360,456,raw:360:3,low,mid
4,0.8138970224757727,0.508739803050323,0.005216012025032886,0.25,0.748398393280428,3.777976961612926,0.39685385109205534,0.44261761251704285,0.4650840814574944,ExchangeRate,raw,360,456,raw:360:4,high,mid
5,0.8889122767943042,0.09703651579859185,0.2560445032465001,0.25,0.8508681056190417,3.777976961612926,0.39685385109205534,0.41399776527979865,0.49924065223703235,ExchangeRate,raw,360,456,raw:360:5,mid,high
6,0.9538440770252556,0.21459930766251945,0.011293667164775374,0.5,0.9135011948031903,3.777976961612926,0.39685385109205534,0.3932456839508502,0.6034516819650818,ExchangeRate,raw,360,456,raw:360:6,mid,high
7,0.591407387084613,0.07713122060423605,0.4390097470347175,0.0,0.7347813534612466,3.777976961612926,0.39685385109205534,0.3691827849078555,0.37721173485110066,ExchangeRate,raw,360,456,raw:360:7,mid,mid
0,0.2646952435815815,0.08436239204432669,0.09142250389251888,0.125,0.5208141138860894,3.5531072460650215,0.3647296060596751,0.14682671317280901,0.33684790664858816,ExchangeRate,raw,384,480,raw:384:0,low,low
1,0.8310493295888323,0.17779541717265357,0.33160081080044407,0.375,0.8402804248672814,3.5531072460650215,0.3647296060596751,0.4468151858539766,0.5266700103089854,ExchangeRate,raw,384,480,raw:384:1,high,high
2,0.5463453175942565,0.08219892858510194,0.06264719621426242,0.0,0.5706649882125354,3.5531072460650215,0.3647296060596751,0.2303971474645403,0.31179819809073683,ExchangeRate,raw,384,480,raw:384:2,low,low
3,0.8731520350803985,0.15655232075193828,0.24451062430966103,0.125,0.7996452474024321,3.5531072460650215,0.3647296060596751,0.4247383267139993,0.4297916178207024,ExchangeRate,raw,384,480,raw:384:3,high,mid
4,0.7164109699737002,0.1696452966057041,0.21138453537523372,0.375,0.8361810609479603,3.5531072460650215,0.3647296060596751,0.365813600651546,0.5253035556692117,ExchangeRate,raw,384,480,raw:384:4,mid,high
5,0.9652295855766257,0.16259149635217246,0.1672230467442588,0.25,0.894425443571772,3.5531072460650215,0.3647296060596751,0.4316813762243523,0.5030516832104824,ExchangeRate,raw,384,480,raw:384:5,high,high
6,0.650135025026708,0.23226859234396507,0.020003075237834154,0.625,0.8628051075562644,3.5531072460650215,0.3647296060596751,0.3008022308695024,0.6175115712053132,ExchangeRate,raw,384,480,raw:384:6,low,high
7,0.8120767817920508,0.17392633880349995,0.18849741187259383,0.25,0.7592049196151572,3.5531072460650215,0.3647296060596751,0.39150017748938154,0.4579781752249441,ExchangeRate,raw,384,480,raw:384:7,mid,mid
0,0.8585807733573858,0.06230087000867593,0.49358437587923837,0.125,0.5784176617421876,3.6233546128313985,0.3747649441548213,0.4714886730817667,0.3593942019656697,ExchangeRate,raw,408,504,raw:408:0,high,low
1,0.8269038079318412,0.06376666130940206,0.03736304133729759,0.25,0.6821569102161815,3.6233546128313985,0.3747649441548213,0.3093445035261803,0.4356406181236676,ExchangeRate,raw,408,504,raw:408:1,low,mid
2,0.7554986063581435,0.24143401225080957,0.7005254267295421,0.125,0.5955831212510573,3.6233546128313985,0.3747649441548213,0.5658193484461651,0.3651160218019595,ExchangeRate,raw,408,504,raw:408:2,high,mid
3,0.8649641756389338,0.042121723984913734,0.07418166482900398,0.25,0.6827910192478102,3.6233546128313985,0.3747649441548213,0.3270891881509505,0.43585198780087714,ExchangeRate,raw,408,504,raw:408:3,low,mid
4,0.9230025795016957,0.09059160948964218,0.17950836311353638,0.0,0.33828470537383504,3.6233546128313985,0.3747649441548213,0.3977008507016248,0.23768321650955213,ExchangeRate,raw,408,504,raw:408:4,mid,low
5,0.5536188329079951,0.3485388425074344,0.09264504505517887,0.5,0.9251049900976033,3.6233546128313985,0.3747649441548213,0.3316009068235361,0.5999566447508081,ExchangeRate,raw,408,504,raw:408:5,low,high
6,0.954805501925692,0.13302528230082156,0.04476823976727049,0.5,0.7057316559089697,3.6233546128313985,0.3747649441548213,0.377533007997928,0.5268322000212636,ExchangeRate,raw,408,504,raw:408:6,mid,high
7,0.6984160097580185,0.09466813469376113,0.4409671562974924,0.5,0.754842578170192,3.6233546128313985,0.3747649441548213,0.4113504335830907,0.5432025074416711,ExchangeRate,raw,408,504,raw:408:7,mid,high
0,0.931812938862189,0.3648403560431512,0.009633154341356599,0.125,0.771769659265242,2.1717487416546803,0.16739267714010767,0.4354288164155656,0.3547207788017832,ExchangeRate,raw,432,528,raw:432:0,high,low
1,0.22719962987833664,0.0753017733405611,0.012726714372610535,0.125,0.582354898851661,2.1717487416546803,0.16739267714010767,0.10507603919716942,0.29158252533058954,ExchangeRate,raw,432,528,raw:432:1,low,low
2,0.9238960404109519,0.11695411181327368,0.08391359794650645,0.25,0.8571598885059287,2.1717487416546803,0.16739267714010767,0.3749212500569106,0.42485085521534544,ExchangeRate,raw,432,528,raw:432:2,mid,mid
3,0.14521028058128194,0.08377453445177724,0.025675941988618802,0.125,0.42924382089777996,2.1717487416546803,0.16739267714010767,0.08488691900722599,0.24054549934596256,ExchangeRate,raw,432,528,raw:432:3,low,low
4,0.9787121556882742,0.06958576283800348,0.1485623357221206,0.25,0.8959598736482757,2.1717487416546803,0.16739267714010767,0.39895341808279944,0.4377841835961278,ExchangeRate,raw,432,528,raw:432:4,mid,mid
5,0.8534056387152485,0.2727306891032397,0.21902952924283278,0.125,0.8286931067892248,2.1717487416546803,0.16739267714010767,0.4483886190204403,0.3736952613097775,ExchangeRate,raw,432,528,raw:432:5,high,mid
6,0.8466096132305869,0.11494181232473698,0.028167820906838732,0.125,0.5519608632828181,2.1717487416546803,0.16739267714010767,0.3299064154873876,0.28145118014097525,ExchangeRate,raw,432,528,raw:432:6,low,low
7,0.9775449835635818,0.14587634909087732,0.042760202303796194,0.5,0.8048032749601636,2.1717487416546803,0.16739267714010767,0.38872717831941844,0.49073198403342383,ExchangeRate,raw,432,528,raw:432:7,mid,high
0,0.8423216803098648,0.055684683420059874,0.10110134049634913,0.0,0.3242945072654124,2.287151951629706,0.18387884997013104,0.3330359014087579,0.16939111907851448,ExchangeRate,raw,456,552,raw:456:0,low,low
1,0.7071695903264412,0.08735464355900945,0.5812526592042391,0.125,0.797775594246734,2.287151951629706,0.18387884997013104,0.4585922976965633,0.368884814738955,ExchangeRate,raw,456,552,raw:456:1,high,mid
2,0.9419751934897167,0.14388848458892464,0.031006037522705757,0.25,0.8562963126269161,2.287151951629706,0.18387884997013104,0.37228990520044897,0.430058387532349,ExchangeRate,raw,456,552,raw:456:2,mid,mid
3,0.8873887931648055,0.10065614165488437,0.34319193811693255,0.125,0.7965333062597783,2.287151951629706,0.18387884997013104,0.4437456243122075,0.3684707187433031,ExchangeRate,raw,456,552,raw:456:3,high,mid
4,0.9745316910729824,0.04135668430819517,0.004084898543839343,0.0,0.4818125343534971,2.287151951629706,0.18387884997013104,0.339991091308339,0.221897128107876,ExchangeRate,raw,456,552,raw:456:4,low,low
5,0.5482938253911733,0.06572665724339871,0.20170627182587766,0.0,0.44622728541327117,2.287151951629706,0.18387884997013104,0.2719089181534832,0.21003537846113407,ExchangeRate,raw,456,552,raw:456:5,low,low
6,0.273176429323738,0.028976760291216406,0.30694337026823965,0.125,0.6321698030066496,2.287151951629706,0.18387884997013104,0.20303218662773137,0.31368288432559355,ExchangeRate,raw,456,552,raw:456:6,low,low
7,0.7170668597362002,0.039588863619207965,0.02180165585813847,0.0,0.4759342890150017,2.287151951629706,0.18387884997013104,0.2594857930711822,0.21993771299504425,ExchangeRate,raw,456,552,raw:456:7,low,low
0,0.5275736674167049,0.1859931343807471,0.25086987853308707,0.375,0.9245546105115459,4.083978064871102,0.4405682943522028,0.321478893443513,0.5800409682879163,ExchangeRate,raw,480,576,raw:480:0,low,high
1,0.6167968444667689,0.26601246260727174,0.08718620561523895,0.0,0.6041383831773142,4.083978064871102,0.4405682943522028,0.3233318375630932,0.34823555917650567,ExchangeRate,raw,480,576,raw:480:1,low,low
2,0.8606058083533918,0.05387624935653536,0.03722623725593417,0.125,0.6519023344042184,4.083978064871102,0.4405682943522028,0.3172360983219538,0.40582354291880707,ExchangeRate,raw,480,576,raw:480:2,low,mid
3,0.92874658390529,0.10222662919122336,0.0026921086739381053,0.125,0.7514331985326131,4.083978064871102,0.4405682943522028,0.34455510725681715,0.439000497628272,ExchangeRate,raw,480,576,raw:480:3,low,mid
4,0.6062584058074059,0.2702017564754876,0.007703944230191124,0.375,0.8363503090433736,4.083978064871102,0.4405682943522028,0.2947213688376949,0.5506395344651921,ExchangeRate,raw,480,576,raw:480:4,low,high
5,0.9633344107091544,0.18785706464673793,0.04305567939670655,0.125,0.9077259859667558,4.083978064871102,0.4405682943522028,0.39808238491753295,0.49109809343965294,ExchangeRate,raw,480,576,raw:480:5,mid,high
6,0.8181585444306719,0.16168938813686806,0.26863772620399146,0.625,0.9080885186313356,4.083978064871102,0.4405682943522028,0.41616188625717715,0.6578856043278462,ExchangeRate,raw,480,576,raw:480:6,mid,high
7,0.8004413334609195,0.2581529397940079,0.436297561171903,0.125,0.8106617986909146,4.083978064871102,0.4405682943522028,0.49829727814227676,0.45874336434770574,ExchangeRate,raw,480,576,raw:480:7,high,mid
0,0.3553853429569803,0.14006143198707463,0.1440148220770885,0.125,0.7993748996001441,3.337280426692285,0.33389720333618755,0.2131538656737145,0.41942403431211056,ExchangeRate,raw,504,600,raw:504:0,low,mid
1,0.6768021026894513,0.06336960597971782,0.36351349107878533,0.0,0.5244982156806208,3.337280426692285,0.33389720333618755,0.3678950665826515,0.28613180633893615,ExchangeRate,raw,504,600,raw:504:1,mid,low
2,0.4556992919275066,0.1288761666063986,0.5826979625113072,0.375,0.6576604637399527,3.337280426692285,0.33389720333618755,0.3890911403484041,0.4555192223587134,ExchangeRate,raw,504,600,raw:504:2,mid,mid
3,0.500957703826155,0.0361811013568232,0.5011395562441462,0.0,0.5839249107668957,3.337280426692285,0.33389720333618755,0.34609278714237474,0.30594070470102774,ExchangeRate,raw,504,600,raw:504:3,mid,low
4,0.944955386170999,0.08340158988036414,0.48401016417760767,0.25,0.712788198826861,3.337280426692285,0.33389720333618755,0.5041223800763236,0.43222846738768284,ExchangeRate,raw,504,600,raw:504:4,high,mid
5,0.37272515306544995,0.017703784774178492,0.24436773106432017,0.0,0.25782042023773916,3.337280426692285,0.33389720333618755,0.21159888963464954,0.19723920785797558,ExchangeRate,raw,504,600,raw:504:5,low,low
6,0.3701789854671492,0.039112743812178864,0.3520064198795437,0.125,0.4915540558222414,3.337280426692285,0.33389720333618755,0.2537660497196239,0.316817086386143,ExchangeRate,raw,504,600,raw:504:6,low,low
7,0.5984619246105352,0.08859665669395819,0.4189386942954079,0.125,0.7881882985078298,3.337280426692285,0.33389720333618755,0.3686657585333004,0.4156951672813391,ExchangeRate,raw,504,600,raw:504:7,mid,mid
0,0.4948052848466874,0.028439202630886062,0.8053648431970266,0.125,0.7435961709825127,3.1924925238591757,0.3132132172467205,0.44286977689153334,0.39393646274307775,ExchangeRate,raw,528,624,raw:528:0,high,mid
1,0.8106293800266355,0.253214879238715,0.06209257080235575,0.625,0.9752625223789282,3.1924925238591757,0.3132132172467205,0.37531227668923545,0.6378252465418829,ExchangeRate,raw,528,624,raw:528:1,mid,high
2,0.4765710010756694,0.3120585804276492,0.2920900929241023,0.375,0.806835918653044,3.1924925238591757,0.3132132172467205,0.360239891475807,0.4983497119665882,ExchangeRate,raw,528,624,raw:528:2,mid,high
3,0.9346594927136547,0.04491054232488223,0.2539344664954025,0.0,0.37822045991686015,3.1924925238591757,0.3132132172467205,0.4111681671779798,0.23047789238786023,ExchangeRate,raw,528,624,raw:528:3,mid,low
4,0.27943177429972155,0.12161613824486044,0.28898681879098403,0.0,0.5302267799809262,3.1924925238591757,0.3132132172467205,0.23001157711185535,0.28114666574254893,ExchangeRate,raw,528,624,raw:528:4,low,low
5,0.964648762260497,0.18459529248632678,0.16446782443169672,0.25,0.830919689484117,3.1924925238591757,0.3132132172467205,0.4379039597261736,0.46471096891027924,ExchangeRate,raw,528,624,raw:528:5,high,mid
6,0.9085334317345094,0.26049687825160345,0.1416135356518661,0.875,0.9283129251650368,3.1924925238591757,0.3132132172467205,0.43688128187932634,0.7055087141372525,ExchangeRate,raw,528,624,raw:528:6,high,high
7,0.39903006540228225,0.07458565028035197,0.01305011525646656,0.0,0.4080704494141893,3.1924925238591757,0.3132132172467205,0.1622219436463669,0.24042788888696995,ExchangeRate,raw,528,624,raw:528:7,low,low
0,0.8135648900889658,0.15127347588720758,0.09154231359161226,0.125,0.7410737316478148,3.4993673407458763,0.35705247673933593,0.3521268931892619,0.4077087361290503,ExchangeRate,raw,552,648,raw:552:0,mid,mid
1,0.9407671352721847,0.44642501379407756,0.1350396687374048,0.75,0.8698125634408299,3.4993673407458763,0.35705247673933593,0.5074106059345557,0.6589550133933887,ExchangeRate,raw,552,648,raw:552:1,high,high
2,0.5379744020180367,0.10505013739384138,0.35308815525488574,0.25,0.8325018702493128,3.4993673407458763,0.35705247673933593,0.3320375648889213,0.47985144899621623,ExchangeRate,raw,552,648,raw:552:2,low,high
3,0.8899423898417878,0.07053386265210443,0.07870081758156765,0.625,0.9193459123026282,3.4993673407458763,0.35705247673933593,0.3463923566918199,0.633799463013988,ExchangeRate,raw,552,648,raw:552:3,mid,high
4,0.7280170561475834,0.1563444380810954,0.041916160897183856,0.25,0.8552381743266175,3.4993673407458763,0.35705247673933593,0.3087592183752876,0.48743021702198447,ExchangeRate,raw,552,648,raw:552:4,low,high
5,0.7956244829162629,0.04748305409908154,0.0640138696079263,0.125,0.5527267739848813,3.4993673407458763,0.35705247673933593,0.3023738022077569,0.3449264169080724,ExchangeRate,raw,552,648,raw:552:5,low,low
6,0.9280919577118699,0.08390887902815877,0.022905962079374575,0.25,0.7377443222300212,3.4993673407458763,0.35705247673933593,0.3449689329398011,0.44826559965645235,ExchangeRate,raw,552,648,raw:552:6,mid,mid
7,0.834344297932104,0.13290853872311534,0.11405407255654437,0.125,0.8011289246981159,3.4993673407458763,0.35705247673933593,0.36043563640392123,0.42772713381248395,ExchangeRate,raw,552,648,raw:552:7,mid,mid
0,0.8381001220198623,0.24180730361955566,0.05187052295979732,0.125,0.6197450262658166,2.366794105071509,0.1952563004455637,0.3772593161997384,0.3133337755704601,ExchangeRate,raw,576,672,raw:576:0,mid,low
1,0.5732326758316569,0.08004932013584018,0.03406638535186803,0.0,0.651818890451782,2.366794105071509,0.1952563004455637,0.22911612710645504,0.2823583969657819,ExchangeRate,raw,576,672,raw:576:1,low,low
2,0.6543127472209882,0.10195369502609399,0.5291496076804618,0.0,0.5755043412591498,2.366794105071509,0.1952563004455637,0.42847201664251466,0.25692021390157116,ExchangeRate,raw,576,672,raw:576:2,high,low
3,0.8438773177271979,0.27296772892883964,0.006571501346367027,0.125,0.8460930609600478,2.366794105071509,0.1952563004455637,0.3744721826674682,0.3887831204685372,ExchangeRate,raw,576,672,raw:576:3,mid,mid
4,0.7523112420860866,0.13440063337357572,0.12345029906848422,0.0,0.5757676106216627,2.366794105071509,0.1952563004455637,0.33672072484271554,0.25700797035574213,ExchangeRate,raw,576,672,raw:576:4,low,low
5,0.5619452165526825,0.08230047897485113,0.8716030178851891,0.125,0.8635727284677635,2.366794105071509,0.1952563004455637,0.5052829044709076,0.3946096763044424,ExchangeRate,raw,576,672,raw:576:5,high,mid
6,0.6770662874805345,0.25793463698727315,0.07413584949410798,0.625,0.8136659469082222,2.366794105071509,0.1952563004455637,0.3363789246539719,0.5446407491179287,ExchangeRate,raw,576,672,raw:576:6,low,high
7,0.40961761095546845,0.31329248008642924,0.05913900542403202,0.125,0.7519959716034866,2.366794105071509,0.1952563004455637,0.2606830321553099,0.3574174240163501,ExchangeRate,raw,576,672,raw:576:7,low,low
0,0.9408356196759744,0.03893568387136409,0.006952295529437365,0.25,0.7357343019997701,2.9823190001604627,0.2831884281897969,0.32890786635892527,0.4229742433965223,ExchangeRate,raw,600,696,raw:600:0,low,mid
1,0.96920150119134,0.08526043460417199,0.09398461648125869,0.125,0.3853136736062408,2.9823190001604627,0.2831884281897969,0.3828155174255903,0.26450070059867925,ExchangeRate,raw,600,696,raw:600:1,mid,low
2,0.9808081879459983,0.1551635277749569,0.3395807853218557,0.0,0.5656156576262968,2.9823190001604627,0.2831884281897969,0.491850833680937,0.28293469527203124,ExchangeRate,raw,600,696,raw:600:2,high,low
3,0.656420231927535,0.09285718445740332,0.2503219298370783,0.0,0.5635124663132536,2.9823190001604627,0.2831884281897969,0.3331997820740055,0.2822336315010168,ExchangeRate,raw,600,696,raw:600:3,low,low
4,0.798226662951384,0.16235269397473986,0.5753463994594571,0.0,0.5369374744800754,2.9823190001604627,0.2831884281897969,0.511975252128527,0.2733753008899575,ExchangeRate,raw,600,696,raw:600:4,high,low
5,0.7456748856315332,0.19665652797584277,0.24236173362941021,0.25,0.7282523378759087,2.9823190001604627,0.2831884281897969,0.39489771574559535,0.4204802553552352,ExchangeRate,raw,600,696,raw:600:5,mid,mid
6,0.8206892995568874,0.1858639361660503,0.20465652759609357,0.0,0.5935508590982571,2.9823190001604627,0.2831884281897969,0.4037365877730104,0.292246429096018,ExchangeRate,raw,600,696,raw:600:6,mid,low
7,0.734480907042157,0.12533304338758228,0.2212612306981727,0.375,0.8777622035827605,2.9823190001604627,0.2831884281897969,0.360358393709304,0.5119835439241859,ExchangeRate,raw,600,696,raw:600:7,mid,high
0,0.9211724498575206,0.0537103696134205,0.7320519992604797,0.25,0.7553687791371968,2.480012366864848,0.2114303378215064,0.5689782729104736,0.40559970565290104,ExchangeRate,raw,624,720,raw:624:0,high,mid
1,0.957779042473743,0.06797835047308845,0.026356385254521664,0.25,0.6709976905533271,2.480012366864848,0.2114303378215064,0.3507045927337844,0.37747600945827786,ExchangeRate,raw,624,720,raw:624:1,mid,mid
2,0.9108873153947709,0.2502933264485355,0.01465952445014486,0.25,0.8257468467610032,2.480012366864848,0.2114303378215064,0.39194672209781706,0.42905906152750317,ExchangeRate,raw,624,720,raw:624:2,mid,mid
3,0.8163774094450996,0.07171787065737142,0.7536917776745398,0.125,0.6748243838049689,2.480012366864848,0.2114303378215064,0.5472623525923369,0.3370849072088251,ExchangeRate,raw,624,720,raw:624:3,high,low
4,0.8429754529245927,0.12646300341458414,0.1188534953273388,0.125,0.751305948142886,2.480012366864848,0.2114303378215064,0.36276398388883857,0.3625787619881308,ExchangeRate,raw,624,720,raw:624:4,mid,mid
5,0.6649400387544266,0.051155614570814065,0.07242036318207827,0.0,0.5153417805126588,2.480012366864848,0.2114303378215064,0.26283867216910634,0.24225737277805504,ExchangeRate,raw,624,720,raw:624:5,low,low
6,0.9215043184736754,0.08631971127472986,0.7780758951211058,0.0,0.48834721868089703,2.480012366864848,0.2114303378215064,0.5952999749565037,0.23325918550080113,ExchangeRate,raw,624,720,raw:624:6,high,low
7,0.9059062604221374,0.13023542234236457,0.5533445843333576,0.0,0.7521163296311633,2.480012366864848,0.2114303378215064,0.5298287556992866,0.3211822224842232,ExchangeRate,raw,624,720,raw:624:7,high,low
0,0.9345927740099743,0.3315446207959457,0.018543578977142212,0.25,0.9252974493710308,3.536631018226064,0.3623758592289008,0.42822699126102076,0.5125577695333104,ExchangeRate,raw,648,744,raw:648:0,high,high
1,0.91745610751182,0.11759004176321969,0.011679594462740667,0.125,0.5423676847148312,3.536631018226064,0.3623758592289008,0.3489085812459268,0.343247847981244,ExchangeRate,raw,648,744,raw:648:1,mid,low
2,0.8915578616712715,0.05907812828072115,0.07585638586155066,0.125,0.5996690821260893,3.536631018226064,0.3623758592289008,0.3421641252711811,0.3623483137849967,ExchangeRate,raw,648,744,raw:648:2,low,mid
3,0.8770967722378261,0.27732259927293046,0.03365593453631443,0.25,0.7931642301547882,3.536631018226064,0.3623758592289008,0.39602510201569036,0.4685133631278963,ExchangeRate,raw,648,744,raw:648:3,mid,high
4,0.9924222343200151,0.03431517617595724,0.33400428891968403,0.25,0.64437571744512,3.536631018226064,0.3623758592289008,0.4535805664718855,0.41891719222467366,ExchangeRate,raw,648,744,raw:648:4,high,mid
5,0.8271018791975608,0.22324260250381422,0.04226011281570055,0.25,0.8838992647091075,3.536631018226064,0.3623758592289008,0.3642015315056919,0.49875837464600276,ExchangeRate,raw,648,744,raw:648:5,mid,high
6,0.9012364154977153,0.1672948918049943,0.009900002547127267,0.25,0.8274309088155551,3.536631018226064,0.3623758592289008,0.3594771032832789,0.479935589348152,ExchangeRate,raw,648,744,raw:648:6,mid,high
7,0.9832673600284062,0.06265087681245773,0.021290065708504984,0.25,0.8821368667316623,3.536631018226064,0.3623758592289008,0.3557361008497896,0.49817090865352104,ExchangeRate,raw,648,744,raw:648:7,mid,high
0,0.7951245187166032,0.1046339965020066,0.151835852850554,0.0,0.49026828626234703,2.2988008591084537,0.18554297960757485,0.3505314560230546,0.22527042195664063,ExchangeRate,raw,672,768,raw:672:0,mid,low
1,0.8166681059300597,0.155806222094811,0.3634741298561305,0.125,0.5830488502395428,2.2988008591084537,0.18554297960757485,0.4453161526270004,0.29786394328237253,ExchangeRate,raw,672,768,raw:672:1,high,low
2,0.24422863197680256,0.03173926880764595,0.17834364520401172,0.125,0.5028106027676933,2.2988008591084537,0.18554297960757485,0.1514371819961534,0.27111786079175604,ExchangeRate,raw,672,768,raw:672:2,low,low
3,0.8859397351215784,0.2743313195049286,0.06667596777884952,0.0,0.7928882003970085,2.2988008591084537,0.18554297960757485,0.4089823408017856,0.3261437266681944,ExchangeRate,raw,672,768,raw:672:3,mid,low
4,0.9208681790455251,0.05735965353714105,0.003191938907002505,0.0,0.4685402419883574,2.2988008591084537,0.18554297960757485,0.32713992382988955,0.2180277405319774,ExchangeRate,raw,672,768,raw:672:4,low,low
5,0.8759690674815035,0.09653001619293702,0.19310301630665605,0.0,0.3813948391961017,2.2988008591084537,0.18554297960757485,0.3885340333270322,0.18897927293455885,ExchangeRate,raw,672,768,raw:672:5,mid,low
6,0.7101503972927312,0.13636482025475918,0.18834413011678955,0.125,0.6031327235206806,2.2988008591084537,0.18554297960757485,0.34495311588809335,0.30455856770941847,ExchangeRate,raw,672,768,raw:672:6,mid,low
7,0.290211553429397,0.058337554057124194,0.05770604049489094,0.0,0.43521206583857847,2.2988008591084537,0.18554297960757485,0.1354183826604707,0.20691834848205112,ExchangeRate,raw,672,768,raw:672:7,low,low
0,0.8151796147307573,0.3580194454137469,0.23700261110392648,0.25,0.8062904087718712,3.2674450706488756,0.3239207239156669,0.4700672237494769,0.46007037756251273,ExchangeRate,raw,696,792,raw:696:0,high,mid
1,0.6858110752742426,0.20733924583467722,0.20740982391644885,0.125,0.585741602287434,3.2674450706488756,0.3239207239156669,0.3668533816751229,0.34488744206770033,ExchangeRate,raw,696,792,raw:696:1,mid,low
2,0.7879676930540698,0.41091280978575534,0.10836897155916977,0.125,0.7613962592509177,3.2674450706488756,0.3239207239156669,0.43574982479966495,0.4034389943888615,ExchangeRate,raw,696,792,raw:696:2,high,mid
3,0.6746590323978896,0.1363020114652237,0.1781319646095197,0.125,0.5260519816506924,3.2674450706488756,0.3239207239156669,0.3296976694908777,0.3249909018554531,ExchangeRate,raw,696,792,raw:696:3,low,low
4,0.801628893556316,0.08355028225708291,0.31338568524977245,0.375,0.9170406776947302,3.2674450706488756,0.3239207239156669,0.3995216203543905,0.538653800536799,ExchangeRate,raw,696,792,raw:696:4,mid,high
5,0.9709565996479516,0.15477784202953943,0.05917261659878554,0.125,0.6915413414561179,3.2674450706488756,0.3239207239156669,0.39496901942542556,0.38015402179059493,ExchangeRate,raw,696,792,raw:696:5,mid,mid
6,0.32737244255056575,0.12162055086063485,0.7186791225519934,0.0,0.6253347430032299,3.2674450706488756,0.3239207239156669,0.389224038654398,0.3164184889729656,ExchangeRate,raw,696,792,raw:696:6,mid,low
7,0.9374482643231394,0.2184457143728016,0.35721928492547644,0.125,0.7341537305761687,3.2674450706488756,0.3239207239156669,0.5043710878738058,0.39435815149727854,ExchangeRate,raw,696,792,raw:696:7,high,mid
0,0.396537983536967,0.040440644007996636,0.07191268125854904,0.0,0.37873953079076017,3.076486361462376,0.2966409083565667,0.16963043626783755,0.22512681304910895,ExchangeRate,raw,720,816,raw:720:0,low,low
1,0.881371108156153,0.06692130390296526,0.13795789004156633,0.25,0.8005925596675433,3.076486361462376,0.2966409083565667,0.3620834340335615,0.44907782267470336,ExchangeRate,raw,720,816,raw:720:1,mid,mid
2,0.49656239469841823,0.14432501875916687,0.5176341039053265,0.0,0.44128703674801484,3.076486361462376,0.2966409083565667,0.38617383912097053,0.24597598170152715,ExchangeRate,raw,720,816,raw:720:2,mid,low
3,0.7423392231826353,0.09915901670073096,0.18809940937887915,0.25,0.8990886943967101,3.076486361462376,0.2966409083565667,0.3431992164207485,0.4819098675844256,ExchangeRate,raw,720,816,raw:720:3,low,high
4,0.7989079203320245,0.10014400896391557,0.0015605495029421912,0.25,0.8099320642483337,3.076486361462376,0.2966409083565667,0.3002041595996274,0.4521909908683001,ExchangeRate,raw,720,816,raw:720:4,low,mid
5,0.6870458960801207,0.12919989982159719,0.15150575181179934,0.5,0.8317257421260302,3.076486361462376,0.2966409083565667,0.32258384923783906,0.542788883494199,ExchangeRate,raw,720,816,raw:720:5,low,high
6,0.9450702617808288,0.04986882917769346,0.3492022637850096,0.5,0.8699273651308994,3.076486361462376,0.2966409083565667,0.448047118247844,0.5555227578291554,ExchangeRate,raw,720,816,raw:720:6,high,high
7,0.9319871445999202,0.1542477051919438,0.04108297635764486,0.5,0.8723852193620363,3.076486361462376,0.2966409083565667,0.3757726087165029,0.5563420425728677,ExchangeRate,raw,720,816,raw:720:7,mid,high
0,0.9547642919234717,0.19370678030704502,0.25085256797952105,0.25,0.8859003053994506,2.5065328715451574,0.21521898134185252,0.46644121340334593,0.45037309558043437,ExchangeRate,raw,744,840,raw:744:0,high,mid
1,0.7300063804388862,0.0614900384765565,0.05228482753930703,0.0,0.46853973625950823,2.5065328715451574,0.21521898134185252,0.2812604154849166,0.22791957253378692,ExchangeRate,raw,744,840,raw:744:1,low,low
2,0.921935512379294,0.14476253047147145,0.23174226607110038,0.375,0.9268945957980383,2.5065328715451574,0.21521898134185252,0.43281343630728863,0.5057045257132969,ExchangeRate,raw,744,840,raw:744:2,high,high
3,0.15293541890332785,0.0502049387897932,0.15873830348111137,0.0,0.5786802652328263,2.5065328715451574,0.21521898134185252,0.1206262203914108,0.2646330821915596,ExchangeRate,raw,744,840,raw:744:3,low,low
4,0.9999974147943597,0.08782336497937332,0.9999996475778948,0.125,0.6500311534062813,2.5065328715451574,0.21521898134185252,0.6959401424505426,0.33008337824937795,ExchangeRate,raw,744,840,raw:744:4,high,low
5,0.913808883791623,0.12023558385366824,0.02996839444884337,0.25,0.7979449081746245,2.5065328715451574,0.21521898134185252,0.35467095403137816,0.42105462983882574,ExchangeRate,raw,744,840,raw:744:5,mid,mid
6,0.8351180843399221,0.046779597305851614,0.02741469086275198,0.0,0.609011872236619,2.5065328715451574,0.21521898134185252,0.30310412416950855,0.2747436178594905,ExchangeRate,raw,744,840,raw:744:6,low,low
7,0.5079904533934576,0.15271733214911506,0.10934184839136932,0.375,0.9363589141170262,2.5065328715451574,0.21521898134185252,0.256683211311314,0.508859298486293,ExchangeRate,raw,744,840,raw:744:7,low,high
0,0.8801057980752962,0.05286978721088145,0.022499515506613294,0.125,0.7729031205954214,3.808905349038034,0.40127219214647314,0.31849170026426366,0.4330584375806315,ExchangeRate,raw,768,864,raw:768:0,low,mid
1,0.8238997358590817,0.23099148129318064,0.2033578598435539,0.75,0.9746442239350142,3.808905349038034,0.40127219214647314,0.41941635899860547,0.7086388053604957,ExchangeRate,raw,768,864,raw:768:1,mid,high
2,0.5863781924911609,0.5919255769740974,0.039959861930975935,0.25,0.8490035613048085,3.808905349038034,0.40127219214647314,0.4060878771320781,0.5000919178170938,ExchangeRate,raw,768,864,raw:768:2,mid,high
3,0.7705203545145853,0.09559746497004742,0.05107488987282698,0.125,0.9465541029058001,3.808905349038034,0.40127219214647314,0.30573090311915324,0.49094209835075775,ExchangeRate,raw,768,864,raw:768:3,low,high
4,0.9999986978295646,0.48117954784043876,0.0016715048720536948,0.375,0.7227747492645813,3.808905349038034,0.40127219214647314,0.4942832501806857,0.4996823138036848,ExchangeRate,raw,768,864,raw:768:4,high,high
5,0.7081655247873309,0.2154916337256394,0.24834072770431226,0.5,0.7960548096617871,3.808905349038034,0.40127219214647314,0.3906659620724275,0.5657756672694201,ExchangeRate,raw,768,864,raw:768:5,mid,high
6,0.1420169035802601,0.08762524614960207,0.595538134272729,0.375,0.8447233166502185,3.808905349038034,0.40127219214647314,0.2750600946675304,0.5403318362655639,ExchangeRate,raw,768,864,raw:768:6,low,high
7,0.8473707404811439,0.177120722859942,0.29583573111520634,0.25,0.8866105505543384,3.808905349038034,0.40127219214647314,0.44010906481876405,0.5126275809002704,ExchangeRate,raw,768,864,raw:768:7,high,high
0,0.8886693429118943,0.05660948471304941,0.5499352016487974,0.25,0.8137959447979822,4.065312702060145,0.43790181395444666,0.49840467642458036,0.500565919584143,ExchangeRate,raw,792,888,raw:792:0,high,high
1,0.09644271412976724,0.12212991076878224,0.2306466917931951,0.25,0.8142591363302791,4.065312702060145,0.43790181395444666,0.14973977223058152,0.5007203167615752,ExchangeRate,raw,792,888,raw:792:1,low,high
2,0.9790392851523662,0.12786285733498456,0.05794181295636385,0.375,0.7488643655619882,4.065312702060145,0.43790181395444666,0.38828131848123815,0.5205887265054783,ExchangeRate,raw,792,888,raw:792:2,mid,high
3,0.7125869824892013,0.07962636239969303,0.4942968759210684,0.125,0.4858930409266803,4.065312702060145,0.43790181395444666,0.4288367402699875,0.34959828496037565,ExchangeRate,raw,792,888,raw:792:3,high,low
4,0.9999999160875754,0.18285580118671765,0.0,0.375,0.8276251926076568,4.065312702060145,0.43790181395444666,0.39428523909143104,0.5468423355207012,ExchangeRate,raw,792,888,raw:792:4,mid,high
5,0.6789857438843891,0.21524874480004633,0.24026440827580547,0.25,0.768692551574176,4.065312702060145,0.43790181395444666,0.378166298986747,0.48553145517620755,ExchangeRate,raw,792,888,raw:792:5,mid,high
6,0.684594187361009,0.20070659818632108,0.2514666045542712,0.0,0.6941908646662842,4.065312702060145,0.43790181395444666,0.3789224633672004,0.3773642262069103,ExchangeRate,raw,792,888,raw:792:6,mid,mid
7,0.8752194961956989,0.19931724457691288,0.08169685059800051,0.25,0.9441062329682237,4.065312702060145,0.43790181395444666,0.38541119712353744,0.5440026823075568,ExchangeRate,raw,792,888,raw:792:7,mid,high
0,0.8566006021682668,0.052630789069439333,0.3042418509740143,0.125,0.7438821155178079,3.821770373353952,0.40311005276040734,0.40449108073724016,0.4239973894260718,ExchangeRate,raw,816,912,raw:816:0,mid,mid
1,0.7638058178224749,0.39502271622569457,0.4423740642805692,0.25,0.8828999309376541,3.821770373353952,0.40311005276040734,0.5337341994429129,0.5120033278993539,ExchangeRate,raw,816,912,raw:816:1,high,high
2,0.8378118101118983,0.12834585391264924,0.019024895265803116,0.25,0.665998943646619,3.821770373353952,0.40311005276040734,0.32839418643011686,0.43970299880234215,ExchangeRate,raw,816,912,raw:816:2,low,mid
3,0.91322779841328,0.1516483851208442,0.2749389907293876,0.125,0.7002302521271482,3.821770373353952,0.40311005276040734,0.4466050580878372,0.4094467682958518,ExchangeRate,raw,816,912,raw:816:3,high,mid
4,1.0,0.040735140513407916,0.027079392865077247,0.0,0.6910800830919744,3.821770373353952,0.40311005276040734,0.3559381777928284,0.3647300452841273,ExchangeRate,raw,816,912,raw:816:4,mid,mid
5,0.4676509619687119,0.12085895132223604,0.4958039043437953,0.0,0.63609800764093,3.821770373353952,0.40311005276040734,0.3614379392115811,0.3464026868004458,ExchangeRate,raw,816,912,raw:816:5,mid,low
6,0.8203174878538049,0.4031637362061036,0.10025595592754047,0.25,0.7726475051637619,3.821770373353952,0.40311005276040734,0.44124572666248296,0.4752525193080565,ExchangeRate,raw,816,912,raw:816:6,high,high
7,0.32133477301248536,0.33556937149259825,0.5701451391380961,0.625,0.9329621219500858,3.821770373353952,0.40311005276040734,0.4090164278810599,0.6536907249034978,ExchangeRate,raw,816,912,raw:816:7,mid,high
0,0.6685223846027903,0.590389292499869,0.7720412097407109,0.0,0.6171539208539312,1.0000003056093512,4.365847867461135e-08,0.6769842956144568,0.2057179881708033,ExchangeRate,raw,840,936,raw:840:0,high,low
1,0.7697571154863776,0.10004802671322206,0.20245744128777238,0.25,0.8503512864876916,1.0000003056093512,4.365847867461135e-08,0.35742086116245736,0.3667837767153901,ExchangeRate,raw,840,936,raw:840:1,mid,mid
2,0.4582403957993253,0.10043063801746677,0.031854099751817126,0.375,0.7846254633916748,1.0000003056093512,4.365847867461135e-08,0.1968417111895364,0.3865418356833845,ExchangeRate,raw,840,936,raw:840:2,low,mid
3,0.7096731876237341,0.09214687288080037,0.13567878531661828,0.125,0.6080430528717765,1.0000003056093512,4.365847867461135e-08,0.31249961527371756,0.24434769884341842,ExchangeRate,raw,840,936,raw:840:3,low,low
4,0.9999088609071621,0.049716631661443286,0.0,0.375,0.8610229348620964,1.0000003056093512,4.365847867461135e-08,0.3498751641895352,0.4120076595068583,ExchangeRate,raw,840,936,raw:840:4,mid,mid
5,0.8354365555654316,0.1538783531349902,0.2429312690334491,0.5,0.9055601769559655,1.0000003056093512,4.365847867461135e-08,0.4107487259112903,0.468520073538148,ExchangeRate,raw,840,936,raw:840:5,mid,high
6,0.6030927992598263,0.14445235812367174,0.7252327726485278,0.0,0.4898466030234921,1.0000003056093512,4.365847867461135e-08,0.49092597667734195,0.16328221556065692,ExchangeRate,raw,840,936,raw:840:6,high,low
7,0.5773675689466993,0.362606511495722,0.4170756828960444,0.625,0.8482440467386194,1.0000003056093512,4.365847867461135e-08,0.4523499211128219,0.49108136346569936,ExchangeRate,raw,840,936,raw:840:7,high,high
0,0.6105038078633575,0.13377301882136622,0.4570492168720468,0.5,0.7300068741671475,0.9999999900420695,0.0,0.40044201451892353,0.41000229138904914,ExchangeRate,raw,864,960,raw:864:0,mid,mid
1,0.8541896491378268,0.07995270801039939,0.08844079714466026,0.0,0.7785538176075112,0.9999999900420695,0.0,0.3408610514309622,0.2595179392025037,ExchangeRate,raw,864,960,raw:864:1,low,low
2,0.3710307835366281,0.08939064744661612,0.5086465700962914,0.25,0.7242429533410754,0.9999999900420695,0.0,0.3230226670265119,0.3247476511136918,ExchangeRate,raw,864,960,raw:864:2,low,low
3,0.7290497970860151,0.08554639040271426,0.022364117857755043,0.125,0.7501154208341518,0.9999999900420695,0.0,0.27898676844882814,0.2917051402780506,ExchangeRate,raw,864,960,raw:864:3,low,low
4,0.9999961308096013,0.029924330145094255,0.5,0.0,0.7340255034692811,0.9999999900420695,0.0,0.5099734869848985,0.2446751678230937,ExchangeRate,raw,864,960,raw:864:4,high,low
5,0.7242002265566756,0.24554566532488564,0.23954965810554704,1.0,0.9575240965996232,0.9999999900420695,0.0,0.40309851666236945,0.6525080321998744,ExchangeRate,raw,864,960,raw:864:5,mid,high
6,0.7223951944065685,0.392090975528181,0.2644753299047558,0.125,0.692986526064326,0.9999999900420695,0.0,0.45965383327983506,0.2726621753547753,ExchangeRate,raw,864,960,raw:864:6,high,low
7,0.7000708095865761,0.43568240607165853,0.1265619985309626,0.125,0.8356239139146051,0.9999999900420695,0.0,0.4207717380630657,0.3202079713048684,ExchangeRate,raw,864,960,raw:864:7,high,low
0,0.9067649277673716,0.041261140687660854,0.12351524681760818,0.25,0.5325926723954078,1.1201199082543802,0.017159986868968625,0.3571804384242136,0.26658421975479213,ExchangeRate,raw,888,984,raw:888:0,mid,low
1,0.42192549399135204,0.13992462556615143,0.45029915506149265,0.25,0.8995466327544318,1.1201199082543802,0.017159986868968625,0.33738309153966534,0.38890220654113355,ExchangeRate,raw,888,984,raw:888:1,low,mid
2,0.49354126201885773,0.11883739283098167,0.29248432572774935,0.25,0.6064198837300919,1.1201199082543802,0.017159986868968625,0.3016209935258629,0.2911932901996868,ExchangeRate,raw,888,984,raw:888:2,low,low
3,0.5544265568276261,0.21614671106187744,0.23642173146884332,0.375,0.7756814768545919,1.1201199082543802,0.017159986868968625,0.33566499978611564,0.3892804879078535,ExchangeRate,raw,888,984,raw:888:3,low,mid
4,1.0,0.01056128899516763,0.0014210952964330802,0.125,0.7613732591366157,1.1201199082543802,0.017159986868968625,0.33732746143053355,0.3011777486685281,ExchangeRate,raw,888,984,raw:888:4,low,low
5,0.7902925787663427,0.48697355182464475,0.37318494478475744,0.0,0.6288479408032941,1.1201199082543802,0.017159986868968625,0.5501503584585816,0.21533597589075423,ExchangeRate,raw,888,984,raw:888:5,high,low
6,0.17569124836508754,0.06846597311552109,0.47606970100956747,0.0,0.6666240446522265,1.1201199082543802,0.017159986868968625,0.2400756408300587,0.22792801050706502,ExchangeRate,raw,888,984,raw:888:6,low,low
7,0.787523981381042,0.0830350777674959,0.009766811779776534,0.125,0.7315243140679334,1.1201199082543802,0.017159986868968625,0.2934419569761048,0.2912281003123007,ExchangeRate,raw,888,984,raw:888:7,low,low
0,0.9446810754179041,0.379252260517132,0.061301672236434304,0.0,0.7250266229661222,1.001518387793922,0.00021691254167898117,0.46174500272382346,0.24174784516926706,ExchangeRate,raw,912,1008,raw:912:0,high,low
1,0.14667680978823683,0.2421483946632284,0.5234287433197112,0.375,0.8611844258646626,1.001518387793922,0.00021691254167898117,0.3040846492570588,0.4121337794687805,ExchangeRate,raw,912,1008,raw:912:1,low,mid
2,0.8234773348627221,0.10484991416243988,0.20683230493366378,0.125,0.6311432563540995,1.001518387793922,0.00021691254167898117,0.37838651798627526,0.25212005629859285,ExchangeRate,raw,912,1008,raw:912:2,mid,low
3,0.58021514938207,0.06471530205468326,0.5500696242896035,0.375,0.8913978229594691,1.001518387793922,0.00021691254167898117,0.3983333585754522,0.42220491183371595,ExchangeRate,raw,912,1008,raw:912:3,mid,mid
4,1.0,0.011345809795978053,7.849552196688758e-07,0.0,0.7361231150085809,1.001518387793922,0.00021691254167898117,0.3371155315837326,0.24544667585008662,ExchangeRate,raw,912,1008,raw:912:4,low,low
5,0.6427010263459283,0.1342702505786245,0.719425259873699,0.0,0.611739615469529,1.001518387793922,0.00021691254167898117,0.4987988455994173,0.20398550933706935,ExchangeRate,raw,912,1008,raw:912:5,high,low
6,0.7706128168636677,0.35186531482771427,0.7173489246032727,0.125,0.8473578772652983,1.001518387793922,0.00021691254167898117,0.6132756854315515,0.32419159660232577,ExchangeRate,raw,912,1008,raw:912:6,high,low
7,0.8323149501866873,0.13877309750138878,0.1513521734895519,0.25,0.8293323953806778,1.001518387793922,0.00021691254167898117,0.3741467403925427,0.35984976930745227,ExchangeRate,raw,912,1008,raw:912:7,mid,low
0,0.8134092366198726,0.49023494861708466,0.3563870264005968,0.125,0.6747294333383007,1.0015525175223536,0.00022178821716225053,0.5533437372125181,0.2666504071851543,ExchangeRate,raw,936,1032,raw:936:0,high,low
1,0.2918433354773817,0.05642498467471197,0.4944002558823803,0.375,0.762033033862671,1.0015525175223536,0.00022178821716225053,0.28088952534482464,0.37908494069327775,ExchangeRate,raw,936,1032,raw:936:1,low,mid
2,0.839305980182428,0.13756281733174958,0.07344539120261329,0.375,0.8542527104962123,1.0015525175223536,0.00022178821716225053,0.35010472957226363,0.4098248329044582,ExchangeRate,raw,936,1032,raw:936:2,mid,mid
3,0.7304799007891905,0.1787032700323859,0.05210684267307371,0.375,0.8352276067555472,1.0015525175223536,0.00022178821716225053,0.3204300044982167,0.4034831316575698,ExchangeRate,raw,936,1032,raw:936:3,low,mid
4,0.5406533967149203,0.03732623000888238,0.4362253709608216,0.0,0.7758143109177734,1.0015525175223536,0.00022178821716225053,0.3380683325615414,0.2586786997116452,ExchangeRate,raw,936,1032,raw:936:4,low,low
5,0.8671868724630674,0.32610000748167545,0.022094464875510582,0.375,0.8302706345369417,1.0015525175223536,0.00022178821716225053,0.4051271149400845,0.4018308075847013,ExchangeRate,raw,936,1032,raw:936:5,mid,mid
6,0.7657357887958449,0.30701048632702266,0.10909406331176762,0.125,0.8627124391073773,1.0015525175223536,0.00022178821716225053,0.3939467794782117,0.32931140910817985,ExchangeRate,raw,936,1032,raw:936:6,mid,low
7,0.6593716779382068,0.05714012793225457,0.13779811671541262,0.125,0.71494682036065,1.0015525175223536,0.00022178821716225053,0.2847699741952913,0.28005620285927074,ExchangeRate,raw,936,1032,raw:936:7,low,low
0,0.7322402610273687,0.08106481854075648,0.3577715636014365,0.375,0.8868894248311974,3.9682189038349596,0.4240312713706638,0.39035888105652056,0.5619735654006204,ExchangeRate,raw,960,1056,raw:960:0,mid,high
1,0.6009841843334316,0.10262721898055682,0.3849223885990864,0.5,0.828073292261097,3.9682189038349596,0.4240312713706638,0.3628445973043583,0.5840348545439202,ExchangeRate,raw,960,1056,raw:960:1,mid,high
2,0.9297626011064062,0.11224811027408742,0.042067629976949336,0.125,0.5534296535144151,3.9682189038349596,0.4240312713706638,0.36135944711914764,0.36748697496169297,ExchangeRate,raw,960,1056,raw:960:2,mid,mid
3,0.4883797380728673,0.17335463940090623,0.7553608612942945,0.625,0.865328454616477,3.9682189038349596,0.4240312713706638,0.472365079589356,0.6381199086623802,ExchangeRate,raw,960,1056,raw:960:3,high,high
4,0.9362550149059286,0.1408083889917145,0.6106326719463073,0.25,0.8777865998570898,3.9682189038349596,0.4240312713706638,0.5625653586146501,0.5172726237425845,ExchangeRate,raw,960,1056,raw:960:4,high,high
5,0.7489165180786027,0.198463575580126,0.14726541241048377,0.125,0.801728272008154,3.9682189038349596,0.4240312713706638,0.3648818353564041,0.4502531811262726,ExchangeRate,raw,960,1056,raw:960:5,mid,mid
6,0.9481964098177991,0.2463319835196518,0.042185191372491763,0.25,0.8623848200106601,3.9682189038349596,0.4240312713706638,0.4122378615699809,0.5121386971271079,ExchangeRate,raw,960,1056,raw:960:6,mid,high
7,0.7466105466952029,0.07261375270746838,0.3638258823678146,0.0,0.6069857984066046,3.9682189038349596,0.4240312713706638,0.394350060590162,0.34367235659242285,ExchangeRate,raw,960,1056,raw:960:7,mid,low
0,0.8222138916088724,0.5132196665194839,0.30165548713491824,0.625,0.9049457863614674,3.2520003156329587,0.3217143303451165,0.5456963484210915,0.6172200389021946,ExchangeRate,raw,984,1080,raw:984:0,high,high
1,0.8017387316010427,0.09129877016141219,0.33280531122705936,0.125,0.7769346732287278,3.2520003156329587,0.3217143303451165,0.40861427099650477,0.40788300119128146,ExchangeRate,raw,984,1080,raw:984:1,mid,mid
2,0.7169016908702535,0.5985675875198901,0.5788614444475871,0.125,0.8135528579935596,3.2520003156329587,0.3217143303451165,0.6314435742792436,0.42008906277955865,ExchangeRate,raw,984,1080,raw:984:2,high,mid
3,0.8331723689966594,0.08039644800464091,0.4226178259781278,0.0,0.60077530239255,3.2520003156329587,0.3217143303451165,0.4453955476598093,0.3074965442458888,ExchangeRate,raw,984,1080,raw:984:3,high,low
4,0.976512223808572,0.1893563087441439,0.09457072795143065,0.75,0.8883115501564508,3.2520003156329587,0.3217143303451165,0.4201464201680489,0.6533419601671892,ExchangeRate,raw,984,1080,raw:984:4,mid,high
5,0.47693704991019037,0.26023153933738963,0.6559471570716988,0.125,0.6630164420439172,3.2520003156329587,0.3217143303451165,0.4643719154397596,0.36991025746301126,ExchangeRate,raw,984,1080,raw:984:5,high,mid
6,0.885364998052711,0.15001126334672885,0.08910064849198499,0.375,0.7585867729248924,3.2520003156329587,0.3217143303451165,0.3748256366304749,0.4851003677566696,ExchangeRate,raw,984,1080,raw:984:6,mid,high
7,0.8366340339828844,0.43186240473658555,0.21029634100382974,0.125,0.7308267500654938,3.2520003156329587,0.3217143303451165,0.4929309265744332,0.39251369347020343,ExchangeRate,raw,984,1080,raw:984:7,high,mid
0,0.7241180646792873,0.25879836517450233,0.12952781148883155,0.625,0.8883351488161102,3.9455433676779323,0.42079190906714475,0.3708147471142071,0.6447090192944184,ExchangeRate,raw,1008,1104,raw:1008:0,mid,high
1,0.8250987833958077,0.26100033072112905,0.31673082146106113,0.25,0.844992875510864,3.9455433676779323,0.42079190906714475,0.4676099785259993,0.5052615948593363,ExchangeRate,raw,1008,1104,raw:1008:1,high,high
2,0.22637109100443598,0.3289900703516307,0.3462595996711418,0.75,0.8858819982485596,3.9455433676779323,0.42079190906714475,0.30054025367573617,0.6855579691052348,ExchangeRate,raw,1008,1104,raw:1008:2,low,high
3,0.9108072017154107,0.29441502999327507,0.44537626154527393,0.25,0.7212691313049948,3.9455433676779323,0.42079190906714475,0.5501994977513199,0.4640203467907132,ExchangeRate,raw,1008,1104,raw:1008:3,high,mid
4,0.7247595167382315,0.15250668308861592,0.4038990611812148,0.625,0.9014889319306967,3.9455433676779323,0.42079190906714475,0.4270550870026874,0.6490936136659472,ExchangeRate,raw,1008,1104,raw:1008:4,high,high
5,0.8643239957564928,0.0910239534048639,0.5064202895968201,0.125,0.6108630200552028,3.9455433676779323,0.42079190906714475,0.48725607958605893,0.38555164304078254,ExchangeRate,raw,1008,1104,raw:1008:5,high,mid
6,0.8901126420677563,0.35631568520364804,0.030307404766738467,0.5,0.8540287410410591,3.9455433676779323,0.42079190906714475,0.4255785773460476,0.5916068833694014,ExchangeRate,raw,1008,1104,raw:1008:6,high,high
7,0.8580576326884162,0.17544117057287412,0.06240646689612194,0.125,0.841771555009942,3.9455433676779323,0.42079190906714475,0.3653017567191374,0.46252115469236227,ExchangeRate,raw,1008,1104,raw:1008:7,mid,mid
0,0.7925536912591922,0.3982645619170686,0.30811228203078006,0.75,0.8358998189555017,3.836610417361236,0.4052300590441337,0.4996435117356803,0.6637099593332118,ExchangeRate,raw,1032,1128,raw:1032:0,high,high
1,0.810284660787928,0.16253681617683935,0.25911007548959397,0.125,0.8776837434364857,3.836610417361236,0.4052300590441337,0.41064385081812044,0.46930460082687314,ExchangeRate,raw,1032,1128,raw:1032:1,mid,high
2,0.5584425560890824,0.07994898605184006,0.18373592577805717,0.25,0.7381271790454832,3.836610417361236,0.4052300590441337,0.2740424893063266,0.464452412696539,ExchangeRate,raw,1032,1128,raw:1032:2,low,mid
3,0.7614199766141726,0.49252122117725305,0.11354961286841651,0.25,0.8189051223850066,3.836610417361236,0.4052300590441337,0.45583027021994743,0.4913783938097134,ExchangeRate,raw,1032,1128,raw:1032:3,high,high
4,0.9695524213948581,0.06652974843742704,0.13840617088799195,0.0,0.484510450126159,3.836610417361236,0.4052300590441337,0.3914961135734257,0.2965801697234309,ExchangeRate,raw,1032,1128,raw:1032:4,mid,low
5,0.8618787202754821,0.24111132300620364,0.00851461550333321,0.0,0.6734928845616487,3.836610417361236,0.4052300590441337,0.3705015529283396,0.3595743145352608,ExchangeRate,raw,1032,1128,raw:1032:5,mid,low
6,0.8529414914569216,0.38468870344340983,0.014631912707795382,0.25,0.9177346606438896,3.836610417361236,0.4052300590441337,0.4174207025360423,0.524321573229341,ExchangeRate,raw,1032,1128,raw:1032:6,mid,high
7,0.904732935880962,0.31468768758936777,0.14347701071454802,0.375,0.8782763079831757,3.836610417361236,0.4052300590441337,0.45429921139495927,0.5528354556757699,ExchangeRate,raw,1032,1128,raw:1032:7,high,high
0,0.5607888286488081,0.1996366596223874,0.2825633813946595,0.625,0.8993358485433899,3.818801559553313,0.4026859365037791,0.34766295655528495,0.642340595015723,ExchangeRate,raw,1056,1152,raw:1056:0,mid,high
1,0.8290233841275908,0.2585959860081805,0.447314418229889,0.25,0.7402328962835079,3.818801559553313,0.4026859365037791,0.5116445961218867,0.4643062775957623,ExchangeRate,raw,1056,1152,raw:1056:1,high,mid
2,0.9098171607518856,0.2418196970726048,0.1851347394558948,0.25,0.9041795705466471,3.818801559553313,0.4026859365037791,0.4455905324267951,0.5189551690168087,ExchangeRate,raw,1056,1152,raw:1056:2,high,high
3,0.8563416817621798,0.3170246684705079,0.2176619278003474,0.25,0.9016149500663055,3.818801559553313,0.4026859365037791,0.4636760926776784,0.5181002955233616,ExchangeRate,raw,1056,1152,raw:1056:3,high,high
4,0.9968349402913135,0.11094485246907154,0.062235691121413785,0.0,0.7882240805623382,3.818801559553313,0.4026859365037791,0.39000516129393287,0.3969700056887058,ExchangeRate,raw,1056,1152,raw:1056:4,mid,mid
5,0.5734085385260055,0.6322507248929417,0.47892782714119636,0.375,0.8467722176678967,3.818801559553313,0.4026859365037791,0.5615290301867145,0.5414860513905586,ExchangeRate,raw,1056,1152,raw:1056:5,high,high
6,0.8090695189840971,0.3389665797515502,0.1276658806167296,0.5,0.8626412792417176,3.818801559553313,0.4026859365037791,0.42523399311745896,0.588442405248499,ExchangeRate,raw,1056,1152,raw:1056:6,high,high
7,0.7813989872085558,0.1477248386127447,0.4028921956032347,0.375,0.9188777699478551,3.818801559553313,0.4026859365037791,0.44400534047484513,0.565521235483878,ExchangeRate,raw,1056,1152,raw:1056:7,high,high
0,0.5913036542106933,0.5636531946959336,0.7682073836374878,0.125,0.78958362764161,3.0948067992561312,0.29925811375193573,0.6410547441813715,0.4046139137978486,ExchangeRate,raw,1080,1176,raw:1080:0,high,mid
1,0.8679910524321277,0.19333716095195325,0.006091927985222569,0.25,0.8170018517830732,3.0948067992561312,0.29925811375193573,0.3558067137897678,0.45541998851166965,ExchangeRate,raw,1080,1176,raw:1080:1,mid,mid
2,0.7786431974790975,0.05290578545963321,0.009130862247153126,0.0,0.5486826592370788,3.0948067992561312,0.29925811375193573,0.2802266150619613,0.2826469243296715,ExchangeRate,raw,1080,1176,raw:1080:2,low,low
3,0.41608399212914404,0.2593575293577877,0.011542471238312571,0.0,0.8222425216727027,3.0948067992561312,0.29925811375193573,0.2289946642417481,0.37383354514154615,ExchangeRate,raw,1080,1176,raw:1080:3,low,mid
4,0.9744981222290281,0.010433453304441322,0.002556453342972279,0.0,0.1930229755443855,3.0948067992561312,0.29925811375193573,0.32916267629214724,0.16409369643210706,ExchangeRate,raw,1080,1176,raw:1080:4,low,low
5,0.40928121001969575,0.11657644210458712,0.3105628306347969,0.25,0.8688978021042447,3.0948067992561312,0.29925811375193573,0.27880682758635994,0.4727186386187268,ExchangeRate,raw,1080,1176,raw:1080:5,low,high
6,0.9008663894301234,0.3013895511428021,0.13761724839419467,0.75,0.9282831028885361,3.0948067992561312,0.29925811375193573,0.44662439632237333,0.6591804055468239,ExchangeRate,raw,1080,1176,raw:1080:6,high,high
7,0.9055995758014118,0.10211478416471413,0.3727758726667832,0.0,0.48819073349833864,3.0948067992561312,0.29925811375193573,0.4601634108776364,0.2624829490834248,ExchangeRate,raw,1080,1176,raw:1080:7,high,low
0,0.9318096945743927,0.03147424703328123,0.47778231951232525,0.0,0.5767522718534481,2.3462358377307004,0.19231940511535806,0.48035542037333306,0.25635722565626873,ExchangeRate,raw,1104,1200,raw:1104:0,high,low
1,0.8410418356959866,0.03568365571272937,0.19749765913012007,0.0,0.46957134939567063,2.3462358377307004,0.19231940511535806,0.35807438351294535,0.2206302515036762,ExchangeRate,raw,1104,1200,raw:1104:1,mid,low
2,0.6906910679325879,0.06292341223892592,0.783286443196539,0.0,0.34610547329700464,2.3462358377307004,0.19231940511535806,0.512300307789351,0.17947495947078754,ExchangeRate,raw,1104,1200,raw:1104:2,high,low
3,0.7859272161782198,0.13371842295320546,0.0712923733263499,0.0,0.6428034358892306,2.3462358377307004,0.19231940511535806,0.33031267081925836,0.2783742803348629,ExchangeRate,raw,1104,1200,raw:1104:3,low,low
4,0.9108357099488746,0.1103747589169683,0.156874673419477,0.125,0.7607153317178541,2.3462358377307004,0.19231940511535806,0.39269504742844,0.3593449122777374,ExchangeRate,raw,1104,1200,raw:1104:4,mid,low
5,0.3566234340833383,0.41693038086366896,0.376088194190403,0.0,0.7508678712529766,2.3462358377307004,0.19231940511535806,0.3832140030458034,0.31439575878944487,ExchangeRate,raw,1104,1200,raw:1104:5,mid,low
6,0.9079874078020276,0.09493029496276276,0.2151201161196696,0.375,0.8310362397299438,2.3462358377307004,0.19231940511535806,0.40601260629482,0.4661185482817673,ExchangeRate,raw,1104,1200,raw:1104:6,mid,mid
7,0.9724540147883725,0.10149003290119332,0.07567473954496956,0.125,0.6520592198727567,2.3462358377307004,0.19231940511535806,0.3832062624115118,0.3231262083293716,ExchangeRate,raw,1104,1200,raw:1104:7,mid,low
0,0.8025410243725508,0.11623216619353988,0.03187247860434791,0.0,0.5713905764658386,2.792387694038128,0.2560553844967963,0.3168818897234796,0.2758153203208783,ExchangeRate,raw,1128,1224,raw:1128:0,low,low
1,0.878941210596473,0.05767105574349278,0.042981302155158836,0.125,0.49523274591766975,2.792387694038128,0.2560553844967963,0.32653118949837484,0.2920960434714887,ExchangeRate,raw,1128,1224,raw:1128:1,low,low
2,0.8982975999180115,0.09934191721324867,0.07225637228924219,0.5,0.881997027808129,2.792387694038128,0.2560553844967963,0.3566319631401675,0.5460174707683084,ExchangeRate,raw,1128,1224,raw:1128:2,mid,high
3,0.28871823378561845,0.05162382164898405,0.01705980788204857,0.0,0.540751394405429,2.792387694038128,0.2560553844967963,0.1191339544388837,0.2656022596340751,ExchangeRate,raw,1128,1224,raw:1128:3,low,low
4,0.9999012085984408,0.10125769727048783,0.07875488091198767,0.0,0.5563427882895595,2.792387694038128,0.2560553844967963,0.39330459559363873,0.2707993909287853,ExchangeRate,raw,1128,1224,raw:1128:4,mid,low
5,0.7907749036877115,0.15663149729661807,0.14866400462084334,0.25,0.7462610456665428,2.792387694038128,0.2560553844967963,0.365356801868391,0.4174388100544464,ExchangeRate,raw,1128,1224,raw:1128:5,mid,mid
6,0.6596156571740304,0.12604301649841776,0.17965038806245398,0.75,0.7881988952269552,2.792387694038128,0.2560553844967963,0.32176968724496735,0.5980847599079172,ExchangeRate,raw,1128,1224,raw:1128:6,low,high
7,0.9473765997038427,0.15253087950780425,0.036866424608756325,0.125,0.6822455029728205,2.792387694038128,0.2560553844967963,0.3789246346068011,0.3544336291565389,ExchangeRate,raw,1128,1224,raw:1128:7,mid,low
0,0.6180048132418063,0.09048100706574609,0.31415548844595437,0.0,0.4364443698799097,2.7353053902828006,0.24790076968625613,0.340880436251169,0.22811504652205528,ExchangeRate,raw,1152,1248,raw:1152:0,low,low
1,0.8327598075533262,0.0865295119491463,0.4896220258923039,0.0,0.7843544346244433,2.7353053902828006,0.24790076968625613,0.4696371151315921,0.3440850681035665,ExchangeRate,raw,1152,1248,raw:1152:1,high,low
2,0.8440364526008812,0.08020254322936973,0.14740372896994716,0.0,0.5406364328375419,2.7353053902828006,0.24790076968625613,0.35721424160006604,0.26284573417459933,ExchangeRate,raw,1152,1248,raw:1152:2,mid,low
3,0.833749915120721,0.025772136183883007,0.2823992252298572,0.0,0.5136112729699092,2.7353053902828006,0.24790076968625613,0.3806404255114871,0.25383734755205506,ExchangeRate,raw,1152,1248,raw:1152:3,mid,low
4,0.9827272728841,0.043055197657462366,0.0005308389473046645,0.0,0.43061604654271907,2.7353053902828006,0.24790076968625613,0.342104436496289,0.22617227207632506,ExchangeRate,raw,1152,1248,raw:1152:4,low,low
5,0.3611376648134119,0.032041411646329544,0.8796344012592994,0.0,0.49227674310818154,2.7353053902828006,0.24790076968625613,0.42427115923968034,0.2467258375981459,ExchangeRate,raw,1152,1248,raw:1152:5,high,low
6,0.8897604372495136,0.06341886661346005,0.11712874462591687,0.125,0.7886024985399925,2.7353053902828006,0.24790076968625613,0.35676934949629685,0.38716775607541626,ExchangeRate,raw,1152,1248,raw:1152:6,mid,mid
7,0.6863873652628005,0.06417784609540661,0.1199133324486034,0.125,0.7023065257088043,2.7353053902828006,0.24790076968625613,0.29015951460227013,0.35840243179835346,ExchangeRate,raw,1152,1248,raw:1152:7,low,low
0,0.9111042376336617,0.06898757102660108,0.0375277339665776,0.25,0.8017279657600699,2.9190468298767955,0.2741495467336143,0.3392065142089468,0.44195917083122804,ExchangeRate,raw,1176,1272,raw:1176:0,low,mid
1,0.9049679316481576,0.09576277272591228,0.2169057349629375,0.25,0.8387968454348196,2.9190468298767955,0.2741495467336143,0.4058788131123358,0.45431546405614465,ExchangeRate,raw,1176,1272,raw:1176:1,mid,mid
2,0.31243606194574935,0.10269417983360024,0.5038638840642577,0.0,0.6395471057658516,2.9190468298767955,0.2741495467336143,0.30633137528120247,0.3045655508331553,ExchangeRate,raw,1176,1272,raw:1176:2,low,low
3,0.8924055968161808,0.13731945579941404,0.2597545362125767,0.125,0.8508182442724057,2.9190468298767955,0.2741495467336143,0.42982652960939055,0.41665593033534004,ExchangeRate,raw,1176,1272,raw:1176:3,high,mid
4,0.9167386214013467,0.07813085971493408,0.021304695135727206,0.0,0.5412056095277274,2.9190468298767955,0.2741495467336143,0.338724725417336,0.2717850520871139,ExchangeRate,raw,1176,1272,raw:1176:4,low,low
5,0.9798327393873156,0.06530727414060161,0.2408999750452026,0.0,0.30839952131175524,2.9190468298767955,0.2741495467336143,0.4286799961910399,0.19418302268178986,ExchangeRate,raw,1176,1272,raw:1176:5,high,low
6,0.9019273594885083,0.14861908277563787,0.07442671345979956,0.0,0.6848680781011895,2.9190468298767955,0.2741495467336143,0.37499105190798193,0.3196725416116013,ExchangeRate,raw,1176,1272,raw:1176:6,mid,low
7,0.8536259237605104,0.05939803734737497,0.35917321681530556,0.0,0.6288221327482202,2.9190468298767955,0.2741495467336143,0.42406572597439696,0.3009905598272782,ExchangeRate,raw,1176,1272,raw:1176:7,high,low
0,0.7290629087625959,0.276387683322607,0.22116703522370365,0.375,0.8554407492776186,1.8733895958231723,0.12476994208221041,0.40887254243630217,0.45173689711994297,ExchangeRate,raw,1200,1296,raw:1200:0,mid,mid
1,0.4740625350568135,0.181584714579117,0.48264787846988294,0.375,0.8889938598430973,1.8733895958231723,0.12476994208221041,0.37943170936860443,0.4629212673084359,ExchangeRate,raw,1200,1296,raw:1200:1,mid,mid
2,0.8725007494252441,0.25671127647722236,0.6301345468204893,0.125,0.7598969802034017,1.8733895958231723,0.12476994208221041,0.5864488575743186,0.33655564076187067,ExchangeRate,raw,1200,1296,raw:1200:2,high,low
3,0.9044218968270872,0.0648845015735108,0.015602902525969489,0.25,0.7179891721366439,1.8733895958231723,0.12476994208221041,0.32830310030885584,0.36425303807295145,ExchangeRate,raw,1200,1296,raw:1200:3,low,mid
4,0.7636464521950406,0.076332543779594,0.003013926393496191,0.0,0.5286355159937419,1.8733895958231723,0.12476994208221041,0.2809976407893769,0.21780181935865076,ExchangeRate,raw,1200,1296,raw:1200:4,low,low
5,0.9776977471030512,0.037484180276827414,0.007708189117874406,0.25,0.7573084892060715,1.8733895958231723,0.12476994208221041,0.3409633721659176,0.37735947709609396,ExchangeRate,raw,1200,1296,raw:1200:5,low,mid
6,0.9956831141924236,0.052243802066470175,0.032889057807992145,0.25,0.7803862905895789,1.8733895958231723,0.12476994208221041,0.36027199135562865,0.38505207755726306,ExchangeRate,raw,1200,1296,raw:1200:6,mid,mid
7,0.8615406491069131,0.06041540341923351,0.04784040825117328,0.375,0.7953499441549328,1.8733895958231723,0.12476994208221041,0.3232654869257733,0.43170662874571436,ExchangeRate,raw,1200,1296,raw:1200:7,low,mid
0,0.751498332750006,0.06917339177840134,0.09530517443220851,0.625,0.8142058045227535,2.7782883993031233,0.2540411995375302,0.30532563298687193,0.5644156680200946,ExchangeRate,raw,1224,1320,raw:1224:0,low,high
1,0.08843266563599206,0.24185133669740944,0.39879790487758554,0.625,0.9177413098706098,2.7782883993031233,0.2540411995375302,0.24302730240366235,0.5989275031360467,ExchangeRate,raw,1224,1320,raw:1224:1,low,high
2,0.8068762396211511,0.062443840967511224,0.09420237246618832,0.0,0.6099390002116453,2.7782883993031233,0.2540411995375302,0.32117415101828356,0.2879933999163918,ExchangeRate,raw,1224,1320,raw:1224:2,low,low
3,0.478827249795851,0.07942332771482205,0.11612345106695877,0.25,0.7554059844560725,2.7782883993031233,0.2540411995375302,0.22479134285921062,0.4198157279978676,ExchangeRate,raw,1224,1320,raw:1224:3,low,mid
4,0.9999993285989004,0.07736480874238919,0.3983316135376435,0.25,0.6112598485749249,2.7782883993031233,0.2540411995375302,0.49189858362631106,0.371767016037485,ExchangeRate,raw,1224,1320,raw:1224:4,high,mid
5,0.9217560864008548,0.07585499563580796,0.01111857317214558,0.0,0.4621871013694525,2.7782883993031233,0.2540411995375302,0.3362432184029361,0.23874276696899424,ExchangeRate,raw,1224,1320,raw:1224:5,low,low
6,0.9291577410422056,0.042484985149124445,0.05297331274234364,0.125,0.5255034168854203,2.7782883993031233,0.2540411995375302,0.3415386796445579,0.3015148721409835,ExchangeRate,raw,1224,1320,raw:1224:6,low,low
7,0.9263361243035436,0.05920138825812533,0.020027857441784803,0.125,0.6302502626662673,2.7782883993031233,0.2540411995375302,0.3351884566678179,0.3364304874012658,ExchangeRate,raw,1224,1320,raw:1224:7,low,low
0,0.5584236056728868,0.04975259969915326,0.1656383019072921,0.125,0.8027570152624962,2.0134627575052266,0.14478039372248896,0.25793816909311074,0.35751246966166167,ExchangeRate,raw,1248,1344,raw:1248:0,low,low
1,0.7536111466171673,0.5713083478485598,0.7647495739735332,0.375,0.8860626905331489,2.0134627575052266,0.14478039372248896,0.6965563561464201,0.4686143614185459,ExchangeRate,raw,1248,1344,raw:1248:1,high,high
2,0.40097585664391155,0.10038096152602755,0.48774205865425624,0.125,0.5989196236434003,2.0134627575052266,0.14478039372248896,0.3296996256080651,0.28956667245529644,ExchangeRate,raw,1248,1344,raw:1248:2,low,low
3,0.6805766806159472,0.3263325746356593,0.717742886143979,0.5,0.9141164167793527,2.0134627575052266,0.14478039372248896,0.5748840471318618,0.5196322701672805,ExchangeRate,raw,1248,1344,raw:1248:3,high,high
4,0.9999999925833347,0.06454558954684445,0.005503160822066104,0.0,0.5286631431432504,2.0134627575052266,0.14478039372248896,0.3566829143174151,0.22448117895524644,ExchangeRate,raw,1248,1344,raw:1248:4,mid,low
5,0.6180126050696213,0.0715682242250663,0.8281854219080187,0.25,0.7114993920623779,2.0134627575052266,0.14478039372248896,0.5059220837342354,0.3687599285949556,ExchangeRate,raw,1248,1344,raw:1248:5,high,mid
6,0.595681575443868,0.07944723626130634,0.23335134709738303,0.375,0.7284296557044613,2.0134627575052266,0.14478039372248896,0.30282671960085245,0.41607001647565006,ExchangeRate,raw,1248,1344,raw:1248:6,low,mid
7,0.8066570328245534,0.6016931378849478,0.6114498110367643,0.125,0.6610917720182942,2.0134627575052266,0.14478039372248896,0.6732666605820885,0.31029072191359436,ExchangeRate,raw,1248,1344,raw:1248:7,high,low
0,0.6229087535201006,0.24459053997620464,0.23178271139240994,0.25,0.6723701860779584,1.2008757447372849,0.028696534921474216,0.366427334962905,0.3170222403331442,ExchangeRate,raw,1272,1368,raw:1272:0,mid,low
1,0.3203738173612628,0.13047891051675414,0.8550223948385577,0.25,0.7824868513999803,1.2008757447372849,0.028696534921474216,0.43529170757219154,0.3537277954404849,ExchangeRate,raw,1272,1368,raw:1272:1,high,low
2,0.8046260640677216,0.5757224618914372,0.6328887299040229,0.0,0.7143416973119702,1.2008757447372849,0.028696534921474216,0.6710790852877272,0.24767941074448144,ExchangeRate,raw,1272,1368,raw:1272:2,high,low
3,0.29582683636230567,0.13627383925469178,0.7070664535335709,0.125,0.8159790165558526,1.2008757447372849,0.028696534921474216,0.37972237638352274,0.3232251838257756,ExchangeRate,raw,1272,1368,raw:1272:3,mid,low
4,0.750972883965556,0.06898094121741699,0.4136899402408494,0.0,0.6686354743570355,1.2008757447372849,0.028696534921474216,0.41121458847460746,0.23244400309283655,ExchangeRate,raw,1272,1368,raw:1272:4,mid,low
5,0.9294763454931678,0.08408106706410684,0.2958227255823975,0.125,0.5508286551581204,1.2008757447372849,0.028696534921474216,0.43646004604655736,0.23484173002653153,ExchangeRate,raw,1272,1368,raw:1272:5,high,low
6,0.6102135764639893,0.1662367944983103,0.2229986035175043,0.25,0.8036532006406112,1.2008757447372849,0.028696534921474216,0.33314965815993464,0.3607832451873618,ExchangeRate,raw,1272,1368,raw:1272:6,low,low
7,0.6539274798430201,0.18594176462455142,0.5510465170801065,0.0,0.6584709600537529,1.2008757447372849,0.028696534921474216,0.4636385871825593,0.22905583165840904,ExchangeRate,raw,1272,1368,raw:1272:7,high,low
0,0.8120828320567266,0.32608349858041247,0.00792893914881946,0.25,0.7783586379334,2.9480705553782536,0.2782957932278994,0.3820317565953195,0.43555147705376646,ExchangeRate,raw,1296,1392,raw:1296:0,mid,mid
1,0.9372179643162338,0.27038022948968654,0.42587571917748623,0.25,0.705260757669573,2.9480705553782536,0.2782957932278994,0.5444913043278022,0.4111855169658241,ExchangeRate,raw,1296,1392,raw:1296:1,high,mid
2,0.6114176615507347,0.2697630741901529,0.037165810119061324,0.375,0.736700203057396,2.9480705553782536,0.2782957932278994,0.30611551528664965,0.4633319987617652,ExchangeRate,raw,1296,1392,raw:1296:2,low,mid
3,0.8805818515298875,0.29713648511670954,0.4713486558447828,0.125,0.7459383191290646,2.9480705553782536,0.2782957932278994,0.5496889974971266,0.38307803745232133,ExchangeRate,raw,1296,1392,raw:1296:3,high,mid
4,0.9867030758865368,0.12744446542391782,0.5018443714342987,0.0,0.8497925304242834,2.9480705553782536,0.2782957932278994,0.5386639709149178,0.3760294412173943,ExchangeRate,raw,1296,1392,raw:1296:4,high,mid
5,0.986018155187857,0.054903690715907366,0.07075753300801459,0.25,0.8811786661665452,2.9480705553782536,0.2782957932278994,0.370559792970593,0.4698248197981482,ExchangeRate,raw,1296,1392,raw:1296:5,mid,high
6,0.9556977466941288,0.04852136741776861,0.4496691312647138,0.25,0.8900553998739725,2.9480705553782536,0.2782957932278994,0.4846294151255371,0.47278373103395727,ExchangeRate,raw,1296,1392,raw:1296:6,high,high
7,0.8676364151290454,0.06976501419540038,0.48890879137547566,0.125,0.6887096300538287,2.9480705553782536,0.2782957932278994,0.4754367402333071,0.364001807760576,ExchangeRate,raw,1296,1392,raw:1296:7,high,mid
0,0.7053418099927191,0.11640711929660078,0.165570412776578,0.125,0.7848111620437147,3.0407556671352585,0.29153652345998476,0.3291064473552993,0.40044922850123316,ExchangeRate,raw,1320,1416,raw:1320:0,low,mid
1,0.7203114283965788,0.06915760605484216,0.039789270142562505,0.125,0.6682597509911369,3.0407556671352585,0.29153652345998476,0.27641943486466114,0.3615987581503739,ExchangeRate,raw,1320,1416,raw:1320:1,low,low
2,0.8329967988623184,0.2628191445571873,0.3896396965229956,0.25,0.8867519479703528,3.0407556671352585,0.29153652345998476,0.4951518799808337,0.47609615714344583,ExchangeRate,raw,1320,1416,raw:1320:2,high,high
3,0.6175939837433633,0.11023981820717196,0.014997525140630954,0.125,0.6004792809037006,3.0407556671352585,0.29153652345998476,0.24761044236372207,0.3390052681212285,ExchangeRate,raw,1320,1416,raw:1320:3,low,low
4,0.9812444504006702,0.2029427662365738,0.031435190261145704,0.0,0.8622756797242119,3.0407556671352585,0.29153652345998476,0.40520746896612986,0.38460406772806555,ExchangeRate,raw,1320,1416,raw:1320:4,mid,mid
5,0.9562005740051582,0.07644715220351328,0.0654087276974269,0.0,0.47027120951731094,3.0407556671352585,0.29153652345998476,0.36601881796869945,0.2539359109924319,ExchangeRate,raw,1320,1416,raw:1320:5,mid,low
6,0.9099695006959927,0.07420671065998719,0.09485736842590041,0.0,0.6172945050031298,3.0407556671352585,0.29153652345998476,0.3596778599272934,0.3029436761543715,ExchangeRate,raw,1320,1416,raw:1320:6,mid,low
7,0.8365292003663729,0.17603878631806455,0.052115352938155536,0.0,0.6227076916547223,3.0407556671352585,0.29153652345998476,0.35489444654086433,0.3047480717049023,ExchangeRate,raw,1320,1416,raw:1320:7,mid,low
0,0.5010790077859107,0.09608529650915386,0.5158148626946355,0.125,0.6600885259393782,3.42519432252673,0.34645633129459524,0.3709930556632333,0.37718161907799114,ExchangeRate,raw,1344,1440,raw:1344:0,mid,mid
1,0.28469285254262056,0.06250169075620692,0.3369187650397589,0.125,0.7971693688080992,3.42519432252673,0.34645633129459524,0.22803776944619547,0.4228752333675648,ExchangeRate,raw,1344,1440,raw:1344:1,low,mid
2,0.3503407666348698,0.2530873734102838,0.2987600560798497,0.25,0.8493852555105792,3.42519432252673,0.34645633129459524,0.30072939870833443,0.4819471956017248,ExchangeRate,raw,1344,1440,raw:1344:2,low,high
3,0.8762419137207933,0.12640257066230864,0.06854877013144829,0.375,0.8196650140805065,3.42519432252673,0.34645633129459524,0.35706441817151674,0.513707115125034,ExchangeRate,raw,1344,1440,raw:1344:3,mid,high
4,0.8346695060895737,0.08182775199096379,0.21769795383147575,0.0,0.870259664957326,3.42519432252673,0.34645633129459524,0.3780650706373378,0.4055719987506404,ExchangeRate,raw,1344,1440,raw:1344:4,mid,mid
5,0.8928835604921922,0.06645277054769336,0.10180529190210398,0.25,0.7844932365615224,3.42519432252673,0.34645633129459524,0.35371387431399653,0.4603165226187058,ExchangeRate,raw,1344,1440,raw:1344:5,mid,mid
6,0.9083764368967959,0.07418745232565221,0.36660117284383187,0.125,0.7608780868492775,3.42519432252673,0.34645633129459524,0.44972168735542667,0.4107781393812909,ExchangeRate,raw,1344,1440,raw:1344:6,high,mid
7,0.38644918947992646,0.04037609159486793,0.2799613352694436,0.5,0.8224569775550754,3.42519432252673,0.34645633129459524,0.23559553878141268,0.5563044362832236,ExchangeRate,raw,1344,1440,raw:1344:7,low,high
0,0.8437157208143505,0.3461439492834283,0.07598416396637117,0.5,0.8477871226789899,4.6190324195173025,0.5170046306210366,0.42194794468805,0.6215972511000089,ExchangeRate,raw,1368,1464,raw:1368:0,high,high
1,0.8777776427438678,0.10609197651265005,0.1868065444019564,0.125,0.670772929461746,4.6190324195173025,0.5170046306210366,0.39022538788615807,0.43759252002759425,ExchangeRate,raw,1368,1464,raw:1368:1,mid,mid
2,0.689725568048458,0.1343690870340779,0.3262453905294403,0.375,0.7762661201705731,4.6190324195173025,0.5170046306210366,0.3834466818706587,0.5560902502638699,ExchangeRate,raw,1368,1464,raw:1368:2,mid,high
3,0.46308156903094244,0.22876698330440698,0.35826825939405166,0.125,0.6977148443393556,4.6190324195173025,0.5170046306210366,0.3500389372431337,0.4465731583201307,ExchangeRate,raw,1368,1464,raw:1368:3,mid,mid
4,0.7147533631135292,0.07981276199437645,0.4925704824802106,0.25,0.7995871067739667,4.6190324195173025,0.5170046306210366,0.42904553586270544,0.5221972457983345,ExchangeRate,raw,1368,1464,raw:1368:4,high,high
5,0.4233095516326145,0.38061444528358435,0.3034472309385838,0.25,0.936269297925393,4.6190324195173025,0.5170046306210366,0.3691237426182609,0.5677579761821433,ExchangeRate,raw,1368,1464,raw:1368:5,mid,high
6,0.8379555376409495,0.10733816839223112,0.0058451857055998235,0.0,0.6180451203717859,4.6190324195173025,0.5170046306210366,0.31704629724626016,0.3783499169976075,ExchangeRate,raw,1368,1464,raw:1368:6,low,mid
7,0.6522636865756303,0.085767044610669,0.1187577464597871,0.25,0.8162789477405686,4.6190324195173025,0.5170046306210366,0.28559615921536213,0.5277611927872018,ExchangeRate,raw,1368,1464,raw:1368:7,low,high
0,0.2942413557555468,0.04676685062762473,0.4056456158731762,0.125,0.7211916756184279,4.496217150126787,0.49945959216174163,0.24888460741878257,0.44855042259338984,ExchangeRate,raw,1392,1488,raw:1392:0,low,mid
1,0.7592276946807593,0.17338299994639783,0.3233225780570406,0.125,0.7422482362706438,4.496217150126787,0.49945959216174163,0.41864442422806597,0.4555692761441285,ExchangeRate,raw,1392,1488,raw:1392:1,mid,mid
2,0.6641394331059012,0.18490301968184653,0.6450191539225351,0.375,0.8277572153416801,4.496217150126787,0.49945959216174163,0.49802053557009424,0.5674056025011406,ExchangeRate,raw,1392,1488,raw:1392:2,high,high
3,0.8235548555691335,0.21524046418587656,0.03372719798795235,0.5,0.7756724174015179,4.496217150126787,0.49945959216174163,0.35750750591432084,0.5917106698544199,ExchangeRate,raw,1392,1488,raw:1392:3,mid,high
4,0.8540760669180504,0.4149411081064394,0.2767797312459469,0.125,0.7498384175979415,4.496217150126787,0.49945959216174163,0.5152656354234789,0.45809933658656105,ExchangeRate,raw,1392,1488,raw:1392:4,high,mid
5,0.9133613028281906,0.0626479788891593,0.19291979369256945,0.25,0.7637580359719089,4.496217150126787,0.49945959216174163,0.3896430251366398,0.5044058760445501,ExchangeRate,raw,1392,1488,raw:1392:5,mid,high
6,0.6592403179065595,0.07361239488234214,0.3636611329401347,0.25,0.9356230535938708,4.496217150126787,0.49945959216174163,0.36550461524301214,0.5616942152518708,ExchangeRate,raw,1392,1488,raw:1392:6,mid,high
7,0.8023256659681185,0.07443416817207069,0.4667626444132532,0.0,0.38578285057124456,4.496217150126787,0.49945959216174163,0.4478408261844808,0.2950808142443287,ExchangeRate,raw,1392,1488,raw:1392:7,high,low
0,0.9039512238676616,0.17037906406593123,0.6281577790200303,0.125,0.6261621837959128,4.14096726326005,0.4487096083961363,0.5674960223178743,0.3999572640640164,ExchangeRate,raw,1416,1512,raw:1416:0,high,mid
1,0.5510811510959941,0.18504298892093662,0.09967228862936554,0.25,0.6912595045141701,4.14096726326005,0.4487096083961363,0.2785988095487654,0.46332303763676874,ExchangeRate,raw,1416,1512,raw:1416:1,low,mid
2,0.4446566602260438,0.3737140648612072,0.09917222696816282,0.125,0.7607990543685694,4.14096726326005,0.4487096083961363,0.3058476506851379,0.4448362209215686,ExchangeRate,raw,1416,1512,raw:1416:2,low,mid
3,0.8665253139778266,0.15005930498782422,0.11925178939459946,0.25,0.7344539125288534,4.14096726326005,0.4487096083961363,0.37861213612008343,0.4777211736416633,ExchangeRate,raw,1416,1512,raw:1416:3,mid,high
4,0.7005716069755675,0.4997692134534885,0.48637757076805976,0.125,0.6246778565087502,4.14096726326005,0.4487096083961363,0.5622394637323719,0.39946248830162884,ExchangeRate,raw,1416,1512,raw:1416:4,high,mid
5,0.8641512976247809,0.056697010760562896,0.02887432921344494,0.0,0.7021064771241095,4.14096726326005,0.4487096083961363,0.31657421253292956,0.3836053618400819,ExchangeRate,raw,1416,1512,raw:1416:5,low,mid
6,0.599215846034113,0.31294564159540234,0.5345339019029336,0.125,0.8917849892398441,4.14096726326005,0.4487096083961363,0.4822317965108163,0.48849819921199344,ExchangeRate,raw,1416,1512,raw:1416:6,high,high
7,0.8999289091118,0.19720356371465253,0.1260054374414688,0.375,0.872127703127682,4.14096726326005,0.4487096083961363,0.40771263675597375,0.5652791038412728,ExchangeRate,raw,1416,1512,raw:1416:7,mid,high
0,0.8056250896737648,0.3260696975965656,0.049124161705736406,0.375,0.8478734498354902,4.382014083537521,0.4831448683865817,0.3936063163253556,0.5686727727406906,ExchangeRate,raw,1440,1536,raw:1440:0,mid,high
1,0.5535301408489008,0.3195088945948261,0.05615955030976328,0.25,0.7390900406991044,4.382014083537521,0.4831448683865817,0.30973286191783006,0.4907449696952287,ExchangeRate,raw,1440,1536,raw:1440:1,low,high
2,0.6768974554604514,0.10342095386237614,0.4599039378794917,0.125,0.7506458500176343,4.382014083537521,0.4831448683865817,0.41340744906743976,0.45293023946807204,ExchangeRate,raw,1440,1536,raw:1440:2,mid,mid
3,0.6065564017266528,0.08378323548054739,0.05956043433333025,0.25,0.7051622856394383,4.382014083537521,0.4831448683865817,0.24996669051351014,0.4794357180086733,ExchangeRate,raw,1440,1536,raw:1440:3,low,high
4,0.9613816310540698,0.0350167891227722,0.16872052991653846,0.125,0.5254243276467627,4.382014083537521,0.4831448683865817,0.3883729833644602,0.3778563986777815,ExchangeRate,raw,1440,1536,raw:1440:4,mid,mid
5,0.34063733116731043,0.052594005954112344,0.5957578795855981,0.25,0.5872584297890086,4.382014083537521,0.4831448683865817,0.32966307223567365,0.44013443272519676,ExchangeRate,raw,1440,1536,raw:1440:5,low,mid
6,0.8154578812023123,0.17318950945846387,0.1498709823700685,0.5,0.9711496349565335,4.382014083537521,0.4831448683865817,0.3795061243436149,0.6514315011143718,ExchangeRate,raw,1440,1536,raw:1440:6,mid,high
7,0.8672313524580291,0.07683399544312966,0.133087117293397,0.125,0.7713370500075172,4.382014083537521,0.4831448683865817,0.35905082173151853,0.4598273061313663,ExchangeRate,raw,1440,1536,raw:1440:7,mid,mid
0,0.8560030087300017,0.13722229591939666,0.053977811389136064,0.125,0.8318685396910596,4.234878207135726,0.4621254575020673,0.34906770534617815,0.4729979990643756,ExchangeRate,raw,1464,1560,raw:1464:0,mid,high
1,0.6572937513592669,0.14057145470384594,0.3608449118127952,0.5,0.8699449642213957,4.234878207135726,0.4621254575020673,0.386236705958636,0.6106901405744877,ExchangeRate,raw,1464,1560,raw:1464:1,mid,high
2,0.5868341111266082,0.13655139248621478,0.028882891301283145,0.0,0.5800235880995362,4.234878207135726,0.4621254575020673,0.2507561316380354,0.34738301520053455,ExchangeRate,raw,1464,1560,raw:1464:2,low,low
3,0.9130097632221953,0.09786525181936279,0.4557263854392395,0.25,0.6803892381134369,4.234878207135726,0.4621254575020673,0.4888671334935992,0.46417156520516806,ExchangeRate,raw,1464,1560,raw:1464:3,high,mid
4,0.9280608326827335,0.16316152819200705,0.01861108412028226,0.0,0.44331379602155857,4.234878207135726,0.4621254575020673,0.36994448166500765,0.3018130845078753,ExchangeRate,raw,1464,1560,raw:1464:4,mid,low
5,0.579430521433571,0.10060634923156142,0.31886767636036173,0.125,0.47830927493555847,4.234878207135726,0.4621254575020673,0.3329681823418314,0.3551449108125419,ExchangeRate,raw,1464,1560,raw:1464:5,low,low
6,0.6950086575842738,0.1736983737362341,0.524691082162291,1.0,0.9839332865221467,4.234878207135726,0.4621254575020673,0.4644660378275996,0.815352914674738,ExchangeRate,raw,1464,1560,raw:1464:6,high,high
7,0.5719730884661136,0.19165740265032788,0.25917120907679403,0.375,0.85766778589731,4.234878207135726,0.4621254575020673,0.3409339000644119,0.5649310811331257,ExchangeRate,raw,1464,1560,raw:1464:7,low,high
0,0.7672279029192421,0.11000802985234243,0.08139880982952293,0.0,0.6157728611637822,4.859484333643401,0.5513549040185503,0.3195449142003692,0.3890425883941108,ExchangeRate,raw,1488,1584,raw:1488:0,low,mid
1,0.6781396183348556,0.1736718985401361,0.4391966110816308,0.0,0.5755420380677873,4.859484333643401,0.5513549040185503,0.43033604265220754,0.37563231402877917,ExchangeRate,raw,1488,1584,raw:1488:1,high,mid
2,0.7275481570336263,0.06812659793377496,0.14630409913646736,0.25,0.726833100504568,4.859484333643401,0.5513549040185503,0.3139929513679562,0.509396001507706,ExchangeRate,raw,1488,1584,raw:1488:2,low,high
3,0.937481142013101,0.14609181507980434,0.053676683382062836,0.25,0.8070359941728091,4.859484333643401,0.5513549040185503,0.379083213491656,0.5361302993971199,ExchangeRate,raw,1488,1584,raw:1488:3,mid,high
4,0.8920401312178049,0.19375739471713008,0.06878692918051237,0.25,0.9037772225561318,4.859484333643401,0.5513549040185503,0.38486148503848244,0.5683773755248941,ExchangeRate,raw,1488,1584,raw:1488:4,mid,high
5,0.6588388270437202,0.11264744376980966,0.21103598873032953,0.25,0.6530877182960682,4.859484333643401,0.5513549040185503,0.3275074198479531,0.4848142074382061,ExchangeRate,raw,1488,1584,raw:1488:5,low,high
6,0.29976407312277575,0.21647765993438864,0.43077960796947373,1.0,0.9165746214226806,4.859484333643401,0.5513549040185503,0.3156737803422127,0.822643175147077,ExchangeRate,raw,1488,1584,raw:1488:6,low,high
7,0.3748074689083165,0.6647231925754116,0.3434995930984021,0.375,0.8455900782261864,4.859484333643401,0.5513549040185503,0.4610100848607101,0.5906483274149122,ExchangeRate,raw,1488,1584,raw:1488:7,high,high
0,0.5446790083829187,0.2374051711944925,0.31103725541589144,0.125,0.8782839072756512,4.921509836624853,0.5602156901460995,0.3643738116644342,0.5211665324739169,ExchangeRate,raw,1512,1608,raw:1512:0,mid,high
1,0.8998369133725408,0.09786291329006427,0.030914486659479178,0.5,0.9323505788797732,4.921509836624853,0.5602156901460995,0.34287143777402806,0.6641887563419576,ExchangeRate,raw,1512,1608,raw:1512:1,low,high
2,0.5633310039525035,0.23569984047914674,0.3191978339588138,0.25,0.8195654550454752,4.921509836624853,0.5602156901460995,0.3727428927968213,0.5432603817305249,ExchangeRate,raw,1512,1608,raw:1512:2,mid,high
3,0.6034675880772256,0.15043111259894443,0.3063308672473171,0.0,0.42895788640518945,4.921509836624853,0.5602156901460995,0.35340985597449565,0.32972452551709636,ExchangeRate,raw,1512,1608,raw:1512:3,mid,low
4,0.925138156677362,0.2974136728310285,0.05058532863692737,0.625,0.9977120305318986,4.921509836624853,0.5602156901460995,0.42437905271510595,0.7276425735593328,ExchangeRate,raw,1512,1608,raw:1512:4,high,high
5,0.6499095114233687,0.05851971023955563,0.1785098447317351,0.25,0.6566474911650494,4.921509836624853,0.5602156901460995,0.2956463554648865,0.4889543937703829,ExchangeRate,raw,1512,1608,raw:1512:5,low,high
6,0.8114260999042674,0.15883374445365012,0.5725776640838004,0.75,0.9368434050846279,4.921509836624853,0.5602156901460995,0.5142791694805727,0.7490196984102425,ExchangeRate,raw,1512,1608,raw:1512:6,high,high
7,0.39402970631223133,0.1392228717124514,0.07642169802869907,0.375,0.7239361211545352,4.921509836624853,0.5602156901460995,0.20322475868446058,0.5530506037668782,ExchangeRate,raw,1512,1608,raw:1512:7,low,high
0,0.4315745430258515,0.19786910029049293,0.24656524993934908,0.25,0.8020357406888239,5.085569764551485,0.5836528226735652,0.2920029644185645,0.5452295211207964,ExchangeRate,raw,1536,1632,raw:1536:0,low,high
1,0.8199554781380182,0.2370533727482494,0.4589681936293415,0.25,0.8807357711034028,5.085569764551485,0.5836528226735652,0.5053256815052031,0.5714628645923227,ExchangeRate,raw,1536,1632,raw:1536:1,high,high
2,0.5015872686652721,0.09881151603977789,0.37087737404431986,0.375,0.8706778101146965,5.085569764551485,0.5836528226735652,0.3237587195831233,0.6097768775960871,ExchangeRate,raw,1536,1632,raw:1536:2,low,high
3,0.9325057151070384,0.17557057202795387,0.015330602502912925,0.25,0.845768293382582,5.085569764551485,0.5836528226735652,0.37446896321263506,0.5598070386853823,ExchangeRate,raw,1536,1632,raw:1536:3,mid,high
4,0.7028283692998543,0.18828835563815696,0.8729973721649185,0.75,0.9819285378269141,5.085569764551485,0.5836528226735652,0.5880380323676432,0.7718604535001597,ExchangeRate,raw,1536,1632,raw:1536:4,high,high
5,0.48663529135834804,0.17876068979433155,0.5757232155651829,0.125,0.8611667858053864,5.085569764551485,0.5836528226735652,0.4137063989059542,0.5232732028263172,ExchangeRate,raw,1536,1632,raw:1536:5,mid,high
6,0.6702505286966691,0.33852395759659204,0.087691600273202,0.0,0.7413075423876166,5.085569764551485,0.5836528226735652,0.36548869552215435,0.44165345502039394,ExchangeRate,raw,1536,1632,raw:1536:6,mid,mid
7,0.6830675574745577,0.17335410844073346,0.2451057356407912,0.125,0.7123786235533163,5.085569764551485,0.5836528226735652,0.3671758005186942,0.4736771487422938,ExchangeRate,raw,1536,1632,raw:1536:7,mid,high
0,0.7048232492080457,0.27623196147984475,0.8137914178368354,0.375,0.7859322318012476,3.6562250957077738,0.37946072741616665,0.598282209508242,0.5134643197391381,ExchangeRate,raw,1560,1656,raw:1560:0,high,high
1,0.6023735258053655,0.11859238029248792,0.45195176860650393,0.5,0.89118921867902,3.6562250957077738,0.37946072741616665,0.3909725582347858,0.5902166486983956,ExchangeRate,raw,1560,1656,raw:1560:1,mid,high
2,0.5884802835709898,0.0561221994471867,0.5919142792632697,0.0,0.4654907905514015,3.6562250957077738,0.37946072741616665,0.41217225409381536,0.2816505059891894,ExchangeRate,raw,1560,1656,raw:1560:2,mid,low
3,0.6188284779808431,0.1263482486200547,0.27388468771264257,0.0,0.3830110060276052,3.6562250957077738,0.37946072741616665,0.33968713810451345,0.25415724448125726,ExchangeRate,raw,1560,1656,raw:1560:3,low,low
4,0.8441129615743186,0.046856936200176204,0.011245187265138297,0.375,0.8842824669176937,3.6562250957077738,0.37946072741616665,0.3007383616798777,0.5462477314446201,ExchangeRate,raw,1560,1656,raw:1560:4,low,high
5,0.7095342961406073,0.13800389226867885,0.5881516029649583,0.0,0.5701303104107034,3.6562250957077738,0.37946072741616665,0.4785632637914148,0.31653034594229,ExchangeRate,raw,1560,1656,raw:1560:5,high,low
6,0.7057800354452504,0.09655291272834524,0.19492795416442263,0.25,0.8867174875501446,3.6562250957077738,0.37946072741616665,0.33242030077933943,0.5053927383221039,ExchangeRate,raw,1560,1656,raw:1560:6,low,high
7,0.6165090547755356,0.4679358268656187,0.1802612199362294,0.75,0.8941900579099911,3.6562250957077738,0.37946072741616665,0.4215687005257946,0.6745502617753859,ExchangeRate,raw,1560,1656,raw:1560:7,high,high
0,0.37833550954973993,0.1321854591018435,0.4589578798785612,0.125,0.6571690065936119,3.240027084393904,0.3200038687419807,0.3231596161767149,0.36739095844519754,ExchangeRate,raw,1584,1680,raw:1584:0,low,mid
1,0.963412305421757,0.15988573122608485,0.19354360523539443,0.0,0.38647420567749874,3.240027084393904,0.3200038687419807,0.4389472139610788,0.2354926914731598,ExchangeRate,raw,1584,1680,raw:1584:1,high,low
2,0.9643499757010802,0.13889769020320133,0.18979918008444682,0.25,0.8319964267861268,3.240027084393904,0.3200038687419807,0.4310156153295761,0.4673334318427025,ExchangeRate,raw,1584,1680,raw:1584:2,high,high
3,0.9295171162977196,0.1945754173849854,0.16898457141662573,0.375,0.7669089090563022,3.240027084393904,0.3200038687419807,0.43102570169977694,0.48730425926609433,ExchangeRate,raw,1584,1680,raw:1584:3,high,high
4,0.8685736998314839,0.06073583737744623,0.0020591919274827474,0.0,0.6587347213171288,3.240027084393904,0.3200038687419807,0.310456243045471,0.32624619668636984,ExchangeRate,raw,1584,1680,raw:1584:4,low,low
5,0.8574680222432679,0.26478379997376555,0.16193769011024117,0.25,0.857243295457653,3.240027084393904,0.3200038687419807,0.42806317077575823,0.4757490547332113,ExchangeRate,raw,1584,1680,raw:1584:5,high,high
6,0.46647884428171726,0.13521328034006264,0.0660336762446264,0.125,0.7162233017850239,3.240027084393904,0.3200038687419807,0.22257526695546878,0.3870757235090016,ExchangeRate,raw,1584,1680,raw:1584:6,low,mid
7,0.8102329434777658,0.11061427625862781,0.03621704493887581,0.625,0.9561248325903925,3.240027084393904,0.3200038687419807,0.3190214215584231,0.6337095671107912,ExchangeRate,raw,1584,1680,raw:1584:7,low,high
0,0.7275582563885485,0.15379512133230158,0.5670827312921773,0.5,0.8460710660418231,3.145841752547352,0.30654882135455197,0.48281203633767583,0.5508732957987917,ExchangeRate,raw,1608,1704,raw:1608:0,high,high
1,0.9804507931648977,0.08484215923788756,0.058489254312074926,0.125,0.6823378020623405,3.145841752547352,0.30654882135455197,0.3745940689049534,0.3712955411389642,ExchangeRate,raw,1608,1704,raw:1608:1,mid,mid
2,0.7907159187132407,0.05843263247255153,0.108479148186884,0.0,0.4012142355684892,3.145841752547352,0.30654882135455197,0.3192092331242254,0.23592101897434703,ExchangeRate,raw,1608,1704,raw:1608:2,low,low
3,0.8445513177490782,0.0997605608909347,0.14253329407452678,0.5,0.9000521148095549,3.145841752547352,0.30654882135455197,0.3622817242381799,0.5688669787213689,ExchangeRate,raw,1608,1704,raw:1608:3,mid,high
4,0.7578357047544098,0.11483256266708575,0.1723953614423289,0.0,0.6820662226400079,3.145841752547352,0.30654882135455197,0.34835454295460816,0.32953834799818665,ExchangeRate,raw,1608,1704,raw:1608:4,mid,low
5,0.781820870257504,0.09849857487769745,0.056515567585290964,0.25,0.8558205735007591,3.145841752547352,0.30654882135455197,0.3122783375734975,0.4707897982851037,ExchangeRate,raw,1608,1704,raw:1608:5,low,high
6,0.8690388932705394,0.12571940587034136,0.9137322929129518,0.25,0.8580123097981847,3.145841752547352,0.30654882135455197,0.6361635306846108,0.4715203770509122,ExchangeRate,raw,1608,1704,raw:1608:6,high,high
7,0.8940757508360827,0.5333631471097346,0.07840935495057758,0.5,0.9510774855465342,3.145841752547352,0.30654882135455197,0.5019494176321316,0.5858754356336954,ExchangeRate,raw,1608,1704,raw:1608:7,high,high
0,0.8917122514621855,0.17566386424823327,0.5927761387944754,0.0,0.5525117582514703,2.84857764605552,0.26408252048781355,0.5533840848349647,0.2721980929130946,ExchangeRate,raw,1632,1728,raw:1632:0,high,low
1,0.7160318946974356,0.03362533104495378,0.15163049418378807,0.125,0.4852190871446783,2.84857764605552,0.26408252048781355,0.30042923997539245,0.29143386921083064,ExchangeRate,raw,1632,1728,raw:1632:1,low,low
2,0.43768049999857894,0.03385322929047288,0.40280670941076213,0.125,0.5486306184675911,2.84857764605552,0.26408252048781355,0.29144681289993796,0.3125710463184682,ExchangeRate,raw,1632,1728,raw:1632:2,low,low
3,0.9378671963113449,0.06780136349153412,0.0665945292646483,0.125,0.6777844879833435,2.84857764605552,0.26408252048781355,0.3574210296891758,0.3556223361570523,ExchangeRate,raw,1632,1728,raw:1632:3,mid,low
4,0.637317043084896,0.04993924661999292,0.24196756853287035,0.125,0.7385987441224034,2.84857764605552,0.26408252048781355,0.3097412860792531,0.3758937548700723,ExchangeRate,raw,1632,1728,raw:1632:4,low,mid
5,0.8825218369721323,0.04175116676433266,0.12970847694795376,0.125,0.577116085444239,2.84857764605552,0.26408252048781355,0.3513271602281396,0.32206620197735086,ExchangeRate,raw,1632,1728,raw:1632:5,mid,low
6,0.4122429219504563,0.0915968626918259,0.33352841953321777,0.125,0.6506863490641462,2.84857764605552,0.26408252048781355,0.27912273472516663,0.3465896231839866,ExchangeRate,raw,1632,1728,raw:1632:6,low,low
7,0.3431755527254525,0.11334082926941604,0.4691156314079022,0.0,0.7207046072436574,2.84857764605552,0.26408252048781355,0.3085440044675902,0.3282623759104903,ExchangeRate,raw,1632,1728,raw:1632:7,low,low
0,0.8440086340851687,0.18201610234086957,0.06786980305966134,0.0,0.7440221790220442,3.7032742511781813,0.3861820353309087,0.36463151316189985,0.37673473811765096,ExchangeRate,raw,1656,1752,raw:1656:0,mid,mid
1,0.7297290583772011,0.20217545112428859,0.4333493497514321,0.25,0.7518005078240853,3.7032742511781813,0.3861820353309087,0.4550846197509739,0.4626608477183313,ExchangeRate,raw,1656,1752,raw:1656:1,high,mid
2,0.28680727090583535,0.0536744769133123,0.4302829728927678,0.125,0.5927803752472154,3.7032742511781813,0.3861820353309087,0.2569215735706385,0.367987470192708,ExchangeRate,raw,1656,1752,raw:1656:2,low,mid
3,0.8613149246156555,0.25842359950283733,0.08766418883424254,0.375,0.8979299412352011,3.7032742511781813,0.3861820353309087,0.4024675709842452,0.5530373255220365,ExchangeRate,raw,1656,1752,raw:1656:3,mid,high
4,0.7619779482132765,0.21632976502495796,0.1096809794712999,0.125,0.7319463299230067,3.7032742511781813,0.3861820353309087,0.36266289756984477,0.4143761217513051,ExchangeRate,raw,1656,1752,raw:1656:4,mid,mid
5,0.9483789390864137,0.2671106431624816,0.08522994373242969,0.125,0.8152677805378216,3.7032742511781813,0.3861820353309087,0.4335731753271084,0.44214993862291013,ExchangeRate,raw,1656,1752,raw:1656:5,high,mid
6,0.9441832111088063,0.10667644717739685,0.04190824555494762,0.125,0.43478802985645804,3.7032742511781813,0.3861820353309087,0.36425596794705023,0.3153233550624556,ExchangeRate,raw,1656,1752,raw:1656:6,mid,low
7,0.9125924534030262,0.6728535084967378,0.3786347116255872,0.375,0.7331978669655503,3.7032742511781813,0.3861820353309087,0.6546935578417837,0.4981266340988197,ExchangeRate,raw,1656,1752,raw:1656:7,high,high
0,0.5720501399712921,0.10863965948958396,0.4850943462321306,0.0,0.6233086252765365,2.983511255819271,0.28335875042652625,0.38859471523100225,0.3022224585676876,ExchangeRate,raw,1680,1776,raw:1680:0,mid,low
1,0.7948823938813352,0.05319609604767815,0.17603755119105818,0.375,0.7803703613862893,2.983511255819271,0.28335875042652625,0.3413720137066905,0.4795763706042719,ExchangeRate,raw,1680,1776,raw:1680:1,low,high
2,0.5711260244615407,0.15221118622323723,0.23871701874461626,0.0,0.5048407139375396,2.983511255819271,0.28335875042652625,0.3206847431431314,0.26273315478802195,ExchangeRate,raw,1680,1776,raw:1680:2,low,low
3,0.9496272309080457,0.04533849240652615,0.06209830491936014,0.0,0.3962105014731543,2.983511255819271,0.28335875042652625,0.35235467607797727,0.22652308396656018,ExchangeRate,raw,1680,1776,raw:1680:3,mid,low
4,0.6760870171254765,0.07945291895124933,0.5977577471031073,0.0,0.5465805084289846,2.983511255819271,0.28335875042652625,0.45109922772661104,0.2766464196185036,ExchangeRate,raw,1680,1776,raw:1680:4,high,low
5,0.8822701648462649,0.17647049910882778,0.01110432736851047,0.0,0.6829846329014153,2.983511255819271,0.28335875042652625,0.35661499710786776,0.32211446110931385,ExchangeRate,raw,1680,1776,raw:1680:5,mid,low
6,0.9209754824880348,0.1642132950971206,0.1839257063046057,0.625,0.961666656674087,2.983511255819271,0.28335875042652625,0.42303816129658706,0.6233418023668711,ExchangeRate,raw,1680,1776,raw:1680:6,high,high
7,0.7612402748586715,0.29809097562014447,0.11558929062472521,0.375,0.7405030662611443,2.983511255819271,0.28335875042652625,0.39164018036784704,0.4662872722292235,ExchangeRate,raw,1680,1776,raw:1680:7,mid,mid
0,0.6888174246969723,0.5372079598372008,0.08555085482830696,0.25,0.7726549301545549,3.9960224504794803,0.4280032065999212,0.43719207978749336,0.483552712251492,ExchangeRate,raw,1704,1800,raw:1704:0,high,high
1,0.6231931217843227,0.26913460023052893,0.5006524455378755,0.25,0.8542881921924005,3.9960224504794803,0.4280032065999212,0.46432672251757573,0.5107637995974406,ExchangeRate,raw,1704,1800,raw:1704:1,high,high
2,0.7809609351195279,0.08531474176881654,0.011787709315184195,0.0,0.748234380534001,3.9960224504794803,0.4280032065999212,0.29268779540117623,0.39207919571130745,ExchangeRate,raw,1704,1800,raw:1704:2,low,mid
3,0.6800498899986275,0.07755404996282791,0.3960684389404668,0.125,0.6580524814454877,3.9960224504794803,0.4280032065999212,0.38455745963397403,0.4036852293484696,ExchangeRate,raw,1704,1800,raw:1704:3,mid,mid
4,0.4015103502855154,0.05627190089089299,0.31328738842028975,0.0,0.800590865588299,3.9960224504794803,0.4280032065999212,0.25702321319889937,0.4095313573960733,ExchangeRate,raw,1704,1800,raw:1704:4,low,mid
5,0.5508283551762218,0.030083701346059526,0.1876423612199407,0.25,0.569345833846132,3.9960224504794803,0.4280032065999212,0.256184805914074,0.41578301348201774,ExchangeRate,raw,1704,1800,raw:1704:5,low,mid
6,0.8791638849796166,0.2033210472220345,0.08368883315004422,0.125,0.5419300778666427,3.9960224504794803,0.4280032065999212,0.3887245884505652,0.3649777614888546,ExchangeRate,raw,1704,1800,raw:1704:6,mid,mid
7,0.7174546728864201,0.28653083059843165,0.7785279336999861,0.5,0.6845361948427757,3.9960224504794803,0.4280032065999212,0.5941711457282793,0.5375131338142323,ExchangeRate,raw,1704,1800,raw:1704:7,high,high
0,0.7751956620220857,0.15039577852891525,0.5261631361741588,0.125,0.7564539953765386,5.088999105728778,0.5841427285553358,0.48391819224171995,0.4885322413106248,ExchangeRate,raw,1728,1824,raw:1728:0,high,high
1,0.5642817269354848,0.14051206088028795,0.9174851216903512,0.375,0.7636143186125658,5.088999105728778,0.5841427285553358,0.5407596365020414,0.5742523490559671,ExchangeRate,raw,1728,1824,raw:1728:1,high,high
2,0.6880318681854876,0.12395409337129036,0.05957604037258401,0.125,0.6669818238173378,5.088999105728778,0.5841427285553358,0.2905206673097873,0.4587081841242246,ExchangeRate,raw,1728,1824,raw:1728:2,low,mid
3,0.6912750635222585,0.2518145912792047,0.8603535690566192,0.375,0.7789744053864021,5.088999105728778,0.5841427285553358,0.6011477412860274,0.5793723779805793,ExchangeRate,raw,1728,1824,raw:1728:3,high,high
4,0.7716741636470725,0.272989493382598,0.052612782289983825,0.0,0.8913354051766028,5.088999105728778,0.5841427285553358,0.36575881310655145,0.4918260445773129,ExchangeRate,raw,1728,1824,raw:1728:4,mid,high
5,0.884744624899384,0.03539025401810976,0.11664930189783324,0.0,0.5439367621481332,5.088999105728778,0.5841427285553358,0.34559472693844234,0.37602649690115636,ExchangeRate,raw,1728,1824,raw:1728:5,mid,mid
6,0.49556198550785957,0.07568598345692618,0.22850340714805864,0.125,0.5419548460839217,5.088999105728778,0.5841427285553358,0.2665837920376148,0.41703252487975256,ExchangeRate,raw,1728,1824,raw:1728:6,low,mid
7,0.4618588384498461,0.2723558812429376,0.3828859748479568,0.75,0.8006863611947032,5.088999105728778,0.5841427285553358,0.3723668981802468,0.7116096965833464,ExchangeRate,raw,1728,1824,raw:1728:7,mid,high
0,0.9316306308011609,0.3260325178704625,0.2503971277268896,0.375,0.9369074857482765,3.2717185945856273,0.3245312273343307,0.5026867587995043,0.5454795710275357,ExchangeRate,raw,1752,1848,raw:1752:0,high,high
1,0.8535523805160189,0.2061630694441529,0.41581599547126363,0.25,0.779236557448051,3.2717185945856273,0.3245312273343307,0.4918438151438118,0.4512559282607939,ExchangeRate,raw,1752,1848,raw:1752:1,high,mid
2,0.5342261179114707,0.49771021316907993,0.43714902358003127,0.25,0.7862185120153576,3.2717185945856273,0.3245312273343307,0.4896951182201939,0.4535832464498961,ExchangeRate,raw,1752,1848,raw:1752:2,high,mid
3,0.46711880301320763,0.04666396715388122,0.07274249501497448,0.25,0.6521745426850116,3.2717185945856273,0.3245312273343307,0.19550842172735447,0.4089019233397808,ExchangeRate,raw,1752,1848,raw:1752:3,low,mid
4,0.858260072361891,0.10895951324272679,0.05489458511500523,0.625,0.9375263663994001,3.2717185945856273,0.3245312273343307,0.3407047235732077,0.6290191979112437,ExchangeRate,raw,1752,1848,raw:1752:4,low,high
5,0.9009332497897886,0.11180539373330442,0.09354501683415542,0.125,0.7466016896175266,3.2717185945856273,0.3245312273343307,0.3687612201190828,0.39871097231728575,ExchangeRate,raw,1752,1848,raw:1752:5,mid,mid
6,0.6446851740909196,0.2839726509787921,0.11263631880274105,0.0,0.5720151485382649,3.2717185945856273,0.3245312273343307,0.3470980479574843,0.29884879195753183,ExchangeRate,raw,1752,1848,raw:1752:6,mid,low
7,0.9159663241365665,0.1481591898244624,0.1448227838428748,0.0,0.4789131632145155,3.2717185945856273,0.3245312273343307,0.4029827659346346,0.2678147968496154,ExchangeRate,raw,1752,1848,raw:1752:7,mid,low
0,0.8834349523171109,0.11677067059442908,0.15506052009421112,0.25,0.8301186175575387,2.7449399945428867,0.24927714172144505,0.3850887143352503,0.4431319197596612,ExchangeRate,raw,1776,1872,raw:1776:0,mid,mid
1,0.8348133035279486,0.21395326093752204,0.18611033344489256,0.0,0.5671875445163321,2.7449399945428867,0.24927714172144505,0.41162563263678775,0.27215489541259236,ExchangeRate,raw,1776,1872,raw:1776:1,mid,low
2,0.21399229225332161,0.18004237452329497,0.4898673545779229,0.375,0.8374599116045653,2.7449399945428867,0.24927714172144505,0.29463400711817983,0.48724568444200345,ExchangeRate,raw,1776,1872,raw:1776:2,low,high
3,0.8292777379956808,0.19530900681661637,0.16004152370654445,0.125,0.8176712749233467,2.7449399945428867,0.24927714172144505,0.39487608950628056,0.3973161388815973,ExchangeRate,raw,1776,1872,raw:1776:3,mid,mid
4,0.7407006113352947,0.30092942489638674,0.6694556275692127,0.375,0.8749969050065457,2.7449399945428867,0.24927714172144505,0.5703618879336314,0.49975801557599686,ExchangeRate,raw,1776,1872,raw:1776:4,high,high
5,0.4929775210160704,0.0883695475664597,0.39208224506093364,0.0,0.5159890110908496,2.7449399945428867,0.24927714172144505,0.3244764378811546,0.2550887176040982,ExchangeRate,raw,1776,1872,raw:1776:5,low,low
6,0.9408085437924953,0.058495298894076,0.5370185975682469,0.0,0.3611577948244717,2.7449399945428867,0.24927714172144505,0.5121074800849393,0.20347831218197224,ExchangeRate,raw,1776,1872,raw:1776:6,high,low
7,0.986104607078713,0.15908299741917528,0.1242559969698373,0.0,0.6876470360383359,2.7449399945428867,0.24927714172144505,0.4231478671559085,0.31230805925326033,ExchangeRate,raw,1776,1872,raw:1776:7,high,low
0,0.5884423028613586,0.11395391686625342,0.08815864297710486,0.125,0.6942720222186537,3.3652095081289075,0.33788707210714813,0.263518287568239,0.38571969810860063,ExchangeRate,raw,1800,1896,raw:1800:0,low,mid
1,0.8130125157729657,0.24708913401873497,0.22571687303743548,0.125,0.6795925064527745,3.3652095081289075,0.33788707210714813,0.4286061742763787,0.38082652618664087,ExchangeRate,raw,1800,1896,raw:1800:1,high,mid
2,0.4892105153189342,0.08387932402820983,0.43823566571658423,0.375,0.7741232241773172,3.3652095081289075,0.33788707210714813,0.33710850168790946,0.4956700987614884,ExchangeRate,raw,1800,1896,raw:1800:2,low,high
3,0.3799429091325228,0.06534830193607834,0.015180863305475703,0.0,0.40164038202868646,3.3652095081289075,0.33788707210714813,0.1534906914580256,0.2465091513786115,ExchangeRate,raw,1800,1896,raw:1800:3,low,low
4,0.8598195198484837,0.24678339040628208,0.9222911740702053,0.375,0.8908048816636593,3.3652095081289075,0.33788707210714813,0.6762980281083237,0.5345639845902691,ExchangeRate,raw,1800,1896,raw:1800:4,high,high
5,0.7628160098308157,0.20960305731100104,0.3403923474172076,0.625,0.9410400803012909,3.3652095081289075,0.33788707210714813,0.43760380485300815,0.6346423841361464,ExchangeRate,raw,1800,1896,raw:1800:5,high,high
6,0.9880954203725884,0.09922659536941376,0.16957302289495157,0.625,0.8863566880826057,3.3652095081289075,0.33788707210714813,0.4189650128789846,0.6164145867299179,ExchangeRate,raw,1800,1896,raw:1800:6,mid,high
7,0.9498185509749931,0.20460490410779963,0.013355858122906815,0.125,0.5472188161637356,3.3652095081289075,0.33788707210714813,0.3892597710685665,0.33670196275696124,ExchangeRate,raw,1800,1896,raw:1800:7,mid,low
0,0.8540054632522214,0.1080164632858531,0.24926447386112952,0.375,0.81391748844271,4.817163504237967,0.5453090712549823,0.4037621334664014,0.5780755198992308,ExchangeRate,raw,1824,1920,raw:1824:0,mid,high
1,0.6528637878549621,0.06481636985157382,0.16041371515097133,0.0,0.40117310742881324,4.817163504237967,0.5453090712549823,0.2926979576191691,0.3154940595612652,ExchangeRate,raw,1824,1920,raw:1824:1,low,low
2,0.38471853241329546,0.06453306697599089,0.43669603897975945,0.375,0.711745497541179,4.817163504237967,0.5453090712549823,0.2953158794563486,0.5440181895987205,ExchangeRate,raw,1824,1920,raw:1824:2,low,high
3,0.7221416626621036,0.14242117720499284,0.31750961003346956,0.0,0.725099596972361,4.817163504237967,0.5453090712549823,0.3940241499668553,0.42346955607578113,ExchangeRate,raw,1824,1920,raw:1824:3,mid,mid
4,0.8444854525625924,0.116232799459088,0.19526469664479826,0.5,0.8806727205959461,4.817163504237967,0.5453090712549823,0.3853276495554929,0.6419939306169762,ExchangeRate,raw,1824,1920,raw:1824:4,mid,high
5,0.8728749547892776,0.3526763762960008,0.2033666943885207,0.375,0.9172513482141992,4.817163504237967,0.5453090712549823,0.4763060084912663,0.6125201398230605,ExchangeRate,raw,1824,1920,raw:1824:5,high,high
6,0.7005804732440939,0.12410064506982837,0.032467430810071404,0.375,0.9286172374277173,4.817163504237967,0.5453090712549823,0.28571618304133123,0.6163087695608999,ExchangeRate,raw,1824,1920,raw:1824:6,low,high
7,0.42637532253991517,0.11726186458578411,0.12322240312678469,0.25,0.7684232788026747,4.817163504237967,0.5453090712549823,0.22228653008416133,0.5212441166858857,ExchangeRate,raw,1824,1920,raw:1824:7,low,high
0,0.8167777866701148,0.12161997364725913,0.5412373478090823,0.25,0.7428846108752074,3.83455766068719,0.40493680809111743,0.49321170270881876,0.4659404729887749,ExchangeRate,raw,1848,1944,raw:1848:0,high,mid
1,0.867862337501651,0.38928912458458037,0.18025420479260845,0.25,0.7331098923842835,3.83455766068719,0.40493680809111743,0.4791352222929466,0.4626822334918003,ExchangeRate,raw,1848,1944,raw:1848:1,high,mid
2,0.8782844691516765,0.20538125175534336,0.39517372388118027,0.125,0.5649304469085609,3.83455766068719,0.40493680809111743,0.4929464815960667,0.3649557516665594,ExchangeRate,raw,1848,1944,raw:1848:2,high,mid
3,0.5525782777308497,0.11647481079140506,0.6266246842054308,0.25,0.7566322045044281,3.83455766068719,0.40493680809111743,0.43189259090922855,0.47052300419851517,ExchangeRate,raw,1848,1944,raw:1848:3,high,high
4,0.9860725461961527,0.22298803307823242,0.06441269376694973,0.75,0.9070026591328645,3.83455766068719,0.40493680809111743,0.4244910910137783,0.6873131557413273,ExchangeRate,raw,1848,1944,raw:1848:4,high,high
5,0.816337835175204,0.3651398193665044,0.5479676930322845,0.0,0.8455028428315758,3.83455766068719,0.40493680809111743,0.5764817825246643,0.41681321697423107,ExchangeRate,raw,1848,1944,raw:1848:5,high,mid
6,0.9020973265274606,0.06622814561238524,0.18900359883276804,0.375,0.93254141605987,3.83455766068719,0.40493680809111743,0.38577635699087126,0.5708260747169959,ExchangeRate,raw,1848,1944,raw:1848:6,mid,high
7,0.8415935623517804,0.07919066927059457,0.6101932002389616,0.125,0.5722975475868006,3.83455766068719,0.40493680809111743,0.5103258106204455,0.3674114518926393,ExchangeRate,raw,1848,1944,raw:1848:7,high,mid
0,0.8401815265868577,0.0928628906812482,0.13523814781436308,0.5,0.8960409060125895,2.5987610435753274,0.22839443447019758,0.356094188360823,0.5414784468275957,ExchangeRate,raw,1872,1968,raw:1872:0,mid,high
1,0.6422058011215384,0.06518947822079064,0.025261661222188755,0.0,0.5116912080640751,2.5987610435753274,0.22839443447019758,0.2442189801881726,0.2466952141780909,ExchangeRate,raw,1872,1968,raw:1872:1,low,low
2,0.8549205219622267,0.1301677336091483,0.04326192674869749,0.25,0.6201426139254125,2.5987610435753274,0.22839443447019758,0.34278339410669084,0.36617901613187004,ExchangeRate,raw,1872,1968,raw:1872:2,low,mid
3,0.4191062270360738,0.05225070963857771,0.034237332724219575,0.125,0.6674992538736779,2.5987610435753274,0.22839443447019758,0.16853142313295702,0.3402978961146252,ExchangeRate,raw,1872,1968,raw:1872:3,low,low
4,0.9999528087169797,0.16182155408025456,0.015683367389699606,0.375,0.878823887170954,2.5987610435753274,0.22839443447019758,0.3924859100623113,0.4940727738803839,ExchangeRate,raw,1872,1968,raw:1872:4,mid,high
5,0.9657985816763085,0.18495625939750138,0.07031140201182966,0.25,0.8412884745070243,2.5987610435753274,0.22839443447019758,0.4070220810285465,0.43989430299240734,ExchangeRate,raw,1872,1968,raw:1872:5,mid,mid
6,0.832937773755459,0.10892201260820597,0.04039663813896732,0.25,0.8768787547150457,2.5987610435753274,0.22839443447019758,0.3274188081675441,0.4517577297284144,ExchangeRate,raw,1872,1968,raw:1872:6,low,mid
7,0.899036696422036,0.1874465007498967,0.24293125382920938,0.25,0.8724530833680222,2.5987610435753274,0.22839443447019758,0.443138150333714,0.4502825059460733,ExchangeRate,raw,1872,1968,raw:1872:7,high,mid
0,0.6128522847642056,0.13261532868294473,0.11538928632362949,0.125,0.500103020579823,1.0000022877392323,3.268198898582872e-07,0.2869522999235932,0.20836778246657095,ExchangeRate,raw,1896,1992,raw:1896:0,low,low
1,0.8179298203029154,0.2480898969367415,0.37218305123969997,0.375,0.8637098049662739,1.0000022877392323,3.268198898582872e-07,0.47940092282645225,0.41290337726205456,ExchangeRate,raw,1896,1992,raw:1896:1,high,mid
2,0.5602066930923143,0.07087099823865929,0.0484117676192418,0.25,0.6993443951687516,1.0000022877392323,3.268198898582872e-07,0.22649648631673847,0.31644824066288046,ExchangeRate,raw,1896,1992,raw:1896:2,low,low
3,0.8314003885189566,0.18353197287393636,0.3331375178915668,0.25,0.794064001537017,1.0000022877392323,3.268198898582872e-07,0.4493566264281532,0.34802144278563557,ExchangeRate,raw,1896,1992,raw:1896:3,high,low
4,0.9992140513998238,0.41731061195824815,0.2450980392154056,1.0,0.739145925188161,1.0000022877392323,3.268198898582872e-07,0.5538742341911592,0.579715417336017,ExchangeRate,raw,1896,1992,raw:1896:4,high,high
5,0.4755058094623358,0.04607707575696181,0.2101474233869096,0.125,0.4760962388896491,1.0000022877392323,3.268198898582872e-07,0.24391010286873574,0.2003655219031796,ExchangeRate,raw,1896,1992,raw:1896:5,low,low
6,0.8272279737913966,0.1784789226113839,0.12114024261998539,0.0,0.5682973534315521,1.0000022877392323,3.268198898582872e-07,0.3756157130075886,0.18943256008381396,ExchangeRate,raw,1896,1992,raw:1896:6,mid,low
7,0.9553302550661618,0.09195450441857927,0.038982241287548174,0.125,0.6337433801199321,1.0000022877392323,3.268198898582872e-07,0.36208900025742974,0.25291456897994063,ExchangeRate,raw,1896,1992,raw:1896:7,mid,low
0,0.6853975163993139,0.4704073960422361,0.16250815407561311,0.125,0.807700320063038,1.0000015067716745,2.1525309605564576e-07,0.4394376888390543,0.31090017843871137,ExchangeRate,raw,1920,2016,raw:1920:0,high,low
1,0.2866579053196896,0.11992489323514621,0.38791394053194256,0.125,0.7013590177523568,1.0000015067716745,2.1525309605564576e-07,0.26483224636225944,0.27545307766848426,ExchangeRate,raw,1920,2016,raw:1920:1,low,low
2,0.6229574319230937,0.10930129178592324,0.8335400609132033,0.0,0.6759696840457801,1.0000015067716745,2.1525309605564576e-07,0.5219329282074068,0.22532329976629203,ExchangeRate,raw,1920,2016,raw:1920:2,high,low
3,0.6169807162518274,0.13394029573251565,0.1472202928271654,0.625,0.9156056454847524,1.0000015067716745,2.1525309605564576e-07,0.2993804349371695,0.5135352869126162,ExchangeRate,raw,1920,2016,raw:1920:3,low,high
4,0.0,0.22774564909575445,0.5,1.0,0.6643433295617198,1.0000015067716745,2.1525309605564576e-07,0.24258188303191816,0.5547811816049386,ExchangeRate,raw,1920,2016,raw:1920:4,low,high
5,0.3849338551747904,0.12710956622284728,0.2042463698343332,0.0,0.8047519051770415,1.0000015067716745,2.1525309605564576e-07,0.2387632637439903,0.26825070681004587,ExchangeRate,raw,1920,2016,raw:1920:5,low,low
6,0.7605637075339716,0.1997956263199627,0.7548959509666495,0.0,0.5720341358303892,1.0000015067716745,2.1525309605564576e-07,0.5717517616068614,0.19067811702782841,ExchangeRate,raw,1920,2016,raw:1920:6,high,low
7,0.40468845481456595,0.1735630829513069,0.4495478397186046,0.125,0.8415942616745076,1.0000015067716745,2.1525309605564576e-07,0.3425997924948258,0.32219815897586784,ExchangeRate,raw,1920,2016,raw:1920:7,low,low
0,0.45045794598430533,0.09147362323467984,0.6916299479817767,0.0,0.5881444107717051,1.0000005571093753,7.958705350040944e-08,0.411187172400254,0.19604816345291953,ExchangeRate,raw,1944,2040,raw:1944:0,mid,low
1,0.7564297631932762,0.27962463865249587,0.366535997640901,0.625,0.9380601653004391,1.0000005571093753,7.958705350040944e-08,0.46753013316222436,0.5210200816291642,ExchangeRate,raw,1944,2040,raw:1944:1,high,high
2,0.3444197831886938,0.05244439843643009,0.1851368334590632,0.0,0.7198197006107967,1.0000005571093753,7.958705350040944e-08,0.1940003383613957,0.23993992673261674,ExchangeRate,raw,1944,2040,raw:1944:2,low,low
3,0.7206134841891931,0.11719716666006301,0.10708182921806159,0.5,0.7789643172358698,1.0000005571093753,7.958705350040944e-08,0.31496416002243927,0.42632146560764106,ExchangeRate,raw,1944,2040,raw:1944:3,low,mid
4,0.0,0.229737907047683,0.5000241532304839,1.0,0.7234939217857114,1.0000005571093753,7.958705350040944e-08,0.24325402009272232,0.5744980004575883,ExchangeRate,raw,1944,2040,raw:1944:4,low,high
5,0.5993849505425968,0.47616497433186633,0.36548798738699134,0.125,0.7281101462519147,1.0000005571093753,7.958705350040944e-08,0.4803459707538182,0.2843700752796561,ExchangeRate,raw,1944,2040,raw:1944:5,high,low
6,0.8852003058796776,0.1415369197341127,0.2492756417927753,0.25,0.9263317930627725,1.0000005571093753,7.958705350040944e-08,0.4253376224688552,0.39211062421660864,ExchangeRate,raw,1944,2040,raw:1944:6,high,mid
7,0.8988958218058916,0.10763704660912683,0.7779969639757364,0.25,0.7048937370078667,1.0000005571093753,7.958705350040944e-08,0.5948432774635849,0.31829793886497343,ExchangeRate,raw,1944,2040,raw:1944:7,high,low
0,0.9072074969991534,0.13666527734477935,0.10989949001850469,0.25,0.7059837966378931,1.000000453688148,6.48125924701093e-08,0.3845907547874791,0.3186612871501619,ExchangeRate,raw,1968,2064,raw:1968:0,mid,low
1,0.35620270574483837,0.05573117944446941,0.24450586489860118,0.0,0.5857322770741128,1.000000453688148,6.48125924701093e-08,0.218813250029303,0.1952441139622351,ExchangeRate,raw,1968,2064,raw:1968:1,low,low
2,0.8629141116561543,0.07620506377011882,0.25662990660093327,0.0,0.5863207716923262,1.000000453688148,6.48125924701093e-08,0.3985830273424021,0.19544027883497292,ExchangeRate,raw,1968,2064,raw:1968:2,mid,low
3,0.5255407614779177,0.07681418494674035,0.11007386966498578,0.25,0.75820426868955,1.000000453688148,6.48125924701093e-08,0.23747627202988128,0.33606811116738083,ExchangeRate,raw,1968,2064,raw:1968:3,low,low
4,0.0,0.19325459797263966,0.999999999999911,1.0,0.7830063268753098,1.000000453688148,6.48125924701093e-08,0.3977515326575169,0.5943354638959674,ExchangeRate,raw,1968,2064,raw:1968:4,mid,high
5,0.6733233064053129,0.2348928853017272,0.4198150830619907,0.25,0.8951738667692285,1.000000453688148,6.48125924701093e-08,0.44267709158967694,0.381724643860607,ExchangeRate,raw,1968,2064,raw:1968:5,high,mid
6,0.5472760890302273,0.09469707542272374,0.36720213070577595,0.125,0.5073888611336992,1.000000453688148,6.48125924701093e-08,0.33639176505290896,0.2107963086487639,ExchangeRate,raw,1968,2064,raw:1968:6,low,low
7,0.8718068234908869,0.12903372257322904,0.02838569821876079,0.375,0.8097948610917436,1.000000453688148,6.48125924701093e-08,0.3430754147609589,0.394931641968112,ExchangeRate,raw,1968,2064,raw:1968:7,low,mid
0,0.7880857588535339,0.5412337291635084,0.05688069447730788,0.25,0.8573251651917675,1.0000003318381872,4.7405455239546366e-08,0.4620667274981167,0.36910840419907426,ExchangeRate,raw,1992,2088,raw:1992:0,high,mid
1,0.7986296826909067,0.1311168532947169,0.21445868167779267,0.25,0.7449402738812007,1.0000003318381872,4.7405455239546366e-08,0.3814017392211388,0.3316467737622186,ExchangeRate,raw,1992,2088,raw:1992:1,mid,low
2,0.8107147991675541,0.28739352583030314,0.22382164600353036,0.75,0.9337562927227392,1.0000003318381872,4.7405455239546366e-08,0.44064332366712916,0.5612521133760648,ExchangeRate,raw,1992,2088,raw:1992:2,high,high
3,0.637069149544869,0.09976589503951819,0.36589922928797614,0.25,0.7289879657654182,1.0000003318381872,4.7405455239546366e-08,0.3675780912907878,0.3263293377236245,ExchangeRate,raw,1992,2088,raw:1992:3,mid,low
4,0.0,0.5036652039023934,0.0,1.0,0.7729599122568319,1.0000003318381872,4.7405455239546366e-08,0.16788840130079782,0.5909866532207625,ExchangeRate,raw,1992,2088,raw:1992:4,low,high
5,0.8384585955703231,0.07341321145641427,0.08010251855917735,0.375,0.874747101268148,1.0000003318381872,4.7405455239546366e-08,0.33065810852863825,0.41658238289120114,ExchangeRate,raw,1992,2088,raw:1992:5,low,mid
6,0.8963329746386798,0.16573870103289692,0.03001543512380345,0.25,0.9038259422370069,1.0000003318381872,4.7405455239546366e-08,0.3640290369317934,0.3846086632141541,ExchangeRate,raw,1992,2088,raw:1992:6,mid,mid
7,0.8732406481172156,0.14201784687133528,0.024961268108311136,0.25,0.774194279031539,1.0000003318381872,4.7405455239546366e-08,0.3467399210322873,0.34139810881233146,ExchangeRate,raw,1992,2088,raw:1992:7,mid,low
0,0.7415829926028323,0.11278767542707313,0.3228938775456481,0.0,0.7797037236808154,1.00000089254899,1.2750699839644736e-07,0.39242151519185114,0.2599012837292713,ExchangeRate,raw,2016,2112,raw:2016:0,mid,low
1,0.10613235860008685,0.42584733248045525,0.21593666644962892,0.125,0.7549376941886822,1.00000089254899,1.2750699839644736e-07,0.249305452510057,0.2933126072318935,ExchangeRate,raw,2016,2112,raw:2016:1,low,low
2,0.8250078287490038,0.2594396778531244,0.009849853514261778,0.125,0.8164508924981109,1.00000089254899,1.2750699839644736e-07,0.3647657867054633,0.31381700666836976,ExchangeRate,raw,2016,2112,raw:2016:2,mid,low
3,0.634263002394003,0.11133494272254355,0.2794425045330936,0.125,0.7003568468923521,1.00000089254899,1.2750699839644736e-07,0.3416801498832134,0.2751189914664502,ExchangeRate,raw,2016,2112,raw:2016:3,low,low
4,0.0,0.37307618602772485,0.0,0.25,0.796448891255059,1.00000089254899,1.2750699839644736e-07,0.12435872867590829,0.3488163395873524,ExchangeRate,raw,2016,2112,raw:2016:4,low,low
5,0.7390685622240063,0.3290579998857063,0.4224104970619835,0.25,0.9267014752988715,1.00000089254899,1.2750699839644736e-07,0.4968456863905653,0.39223386760195655,ExchangeRate,raw,2016,2112,raw:2016:5,high,mid
6,0.7880378428111136,0.4973114170228199,0.818228127156431,0.375,0.9130626726653962,1.00000089254899,1.2750699839644736e-07,0.7011924623301216,0.4293542667241315,ExchangeRate,raw,2016,2112,raw:2016:6,high,mid
7,0.8260737638926849,0.13464383162606447,0.4274039185519308,0.25,0.8285462853538468,1.00000089254899,1.2750699839644736e-07,0.4627071713568934,0.359515470953615,ExchangeRate,raw,2016,2112,raw:2016:7,high,low
0,0.61445321200937,0.046826628995490116,0.564196440600696,0.25,0.7632196280186144,1.0000046342246995,6.620320989885417e-07,0.40849209386851876,0.3377400966835711,ExchangeRate,raw,2040,2136,raw:2040:0,mid,low
1,0.7231355971012228,0.22764321468001253,0.19352476850058642,0.25,0.8050249306500386,1.0000046342246995,6.620320989885417e-07,0.3814345267606072,0.35167519756071247,ExchangeRate,raw,2040,2136,raw:2040:1,mid,low
2,0.8657115228323413,0.09513596161917748,0.12584177937555605,0.25,0.8269530928132053,1.0000046342246995,6.620320989885417e-07,0.36222975460902496,0.3589845849484347,ExchangeRate,raw,2040,2136,raw:2040:2,mid,low
3,0.2565174964255088,0.026477525802784768,0.3982263327804968,0.0,0.4167278618404258,1.0000046342246995,6.620320989885417e-07,0.22707378500293016,0.13890950795750825,ExchangeRate,raw,2040,2136,raw:2040:3,low,low
4,0.0,0.4638967074749786,0.0,0.0,0.7873009760170139,1.0000046342246995,6.620320989885417e-07,0.15463223582499286,0.2624338793497043,ExchangeRate,raw,2040,2136,raw:2040:4,low,low
5,0.6820680777667582,0.338290057137567,0.3806338841893594,0.0,0.7120290416460034,1.0000046342246995,6.620320989885417e-07,0.4669973396978948,0.23734323455936748,ExchangeRate,raw,2040,2136,raw:2040:5,high,low
6,0.6429258847703729,0.5274490750644902,0.019437305049427325,0.25,0.8963538894126506,1.0000046342246995,6.620320989885417e-07,0.3966040882947635,0.3821181838149165,ExchangeRate,raw,2040,2136,raw:2040:6,mid,mid
7,0.4975770947095468,0.09653431031758397,0.463014727123651,0.5,0.7659780604500143,1.0000046342246995,6.620320989885417e-07,0.35237537738359387,0.4219929074940378,ExchangeRate,raw,2040,2136,raw:2040:7,mid,mid
0,0.6732931509275165,0.0845106078989642,0.15414027928567467,0.0,0.6576295768246525,1.0000003066421366,4.3806019447650115e-08,0.30398134603738514,0.21920987354355734,ExchangeRate,raw,2064,2160,raw:2064:0,low,low
1,0.7423682967576015,0.1530367830542008,0.4858879555546041,0.375,0.7745867511808295,1.0000003066421366,4.3806019447650115e-08,0.46043101178880214,0.38319559832894967,ExchangeRate,raw,2064,2160,raw:2064:1,high,mid
2,0.8206051304591053,0.3383807883362252,0.08284372308380418,0.0,0.8289770865282883,1.0000003066421366,4.3806019447650115e-08,0.4139432139597115,0.2763257101114359,ExchangeRate,raw,2064,2160,raw:2064:2,mid,low
3,0.9581187724733504,0.12189949887089101,0.45683097361012115,0.125,0.7303751959731434,1.0000003066421366,4.3806019447650115e-08,0.5122830816514542,0.28512507992638764,ExchangeRate,raw,2064,2160,raw:2064:3,high,low
4,1.0,0.049108244418448764,0.0,0.0,0.6369181117222131,1.0000003066421366,4.3806019447650115e-08,0.34970274813948293,0.2123060518427442,ExchangeRate,raw,2064,2160,raw:2064:4,mid,low
5,0.8229403540413289,0.057012688898013544,0.6728885838572005,0.125,0.5024912913707914,1.0000003066421366,4.3806019447650115e-08,0.5176138755988476,0.2091637783922703,ExchangeRate,raw,2064,2160,raw:2064:5,high,low
6,0.6614138217738215,0.11455116192702355,0.1361676340233798,0.0,0.3455182438312967,1.0000003066421366,4.3806019447650115e-08,0.30404420590807496,0.11517276254577204,ExchangeRate,raw,2064,2160,raw:2064:6,low,low
7,0.6623270696049833,0.15293472428718177,0.11265740391415834,0.25,0.7979601566987189,1.0000003066421366,4.3806019447650115e-08,0.3093063992687745,0.3493200668349128,ExchangeRate,raw,2064,2160,raw:2064:7,low,low
0,0.8114777732911991,0.252518430521689,0.5675199601185542,0.125,0.7979161194556349,1.2490592856728073,0.03557989790242976,0.5438387213104807,0.3194986724526882,ExchangeRate,raw,2088,2184,raw:2088:0,high,low
1,0.4639649359622584,0.06576282404019998,0.036870066673806295,0.0,0.6024154091109813,1.2490592856728073,0.03557989790242976,0.18886594222542155,0.2126651023378037,ExchangeRate,raw,2088,2184,raw:2088:1,low,low
2,0.7495288584998712,0.25674055867160306,0.5175946123175846,0.25,0.810516381817157,1.2490592856728073,0.03557989790242976,0.507954676496353,0.3653654265731956,ExchangeRate,raw,2088,2184,raw:2088:2,high,mid
3,0.8777508857561254,0.033321138760753516,0.13349140610009938,0.0,0.5566495476567391,1.2490592856728073,0.03557989790242976,0.3481878102056594,0.19740981518638964,ExchangeRate,raw,2088,2184,raw:2088:3,mid,low
4,1.0,0.009969751067814519,0.2650268574712883,0.25,0.7822753705071928,1.2490592856728073,0.03557989790242976,0.4249988695130343,0.35595175613654084,ExchangeRate,raw,2088,2184,raw:2088:4,high,low
5,0.9414438055089555,0.21437032194668437,0.28646235294591477,0.25,0.7694999748157221,1.2490592856728073,0.03557989790242976,0.4807588268005181,0.3516932909060506,ExchangeRate,raw,2088,2184,raw:2088:5,high,low
6,0.8939117650070321,0.049471055685282275,0.20163419694898657,0.125,0.7954541440797012,1.2490592856728073,0.03557989790242976,0.38167233921376703,0.31867801399404366,ExchangeRate,raw,2088,2184,raw:2088:6,mid,low
7,0.7155160815138573,0.07949055479479819,0.5808308560913534,0.125,0.8654143640124116,1.2490592856728073,0.03557989790242976,0.45861249746666966,0.3419980873049471,ExchangeRate,raw,2088,2184,raw:2088:7,high,low
0,0.8060845908290819,0.19816962373908453,0.05719060631404844,0.0,0.6529218895932042,1.0699793026514917,0.00999704322164589,0.35381494029407157,0.22097297760495002,ExchangeRate,raw,2112,2208,raw:2112:0,mid,low
1,0.7191448423621132,0.1617614367627812,0.16145939996774722,0.375,0.7553797811449073,1.0699793026514917,0.00999704322164589,0.3474552263642139,0.38012560812218443,ExchangeRate,raw,2112,2208,raw:2112:1,mid,mid
2,0.3350593617005848,0.17262882824515396,0.3481610742520047,0.375,0.8405555802509506,1.0699793026514917,0.00999704322164589,0.2852830880659145,0.40851754115753214,ExchangeRate,raw,2112,2208,raw:2112:2,low,mid
3,0.6432949201151021,0.26055191394623833,0.6954488132934423,0.125,0.7261451839635082,1.0699793026514917,0.00999704322164589,0.5330985491182609,0.28704740906171805,ExchangeRate,raw,2112,2208,raw:2112:3,high,low
4,0.7772465027201942,0.06942175568889208,0.10761351396821402,0.0,0.6300694407660351,1.0699793026514917,0.00999704322164589,0.3180939241257668,0.21335549466256032,ExchangeRate,raw,2112,2208,raw:2112:4,low,low
5,0.8471523045840101,0.13842231546808637,0.1536222043364812,0.25,0.7959004341562913,1.0699793026514917,0.00999704322164589,0.3797322747961926,0.35196582579264574,ExchangeRate,raw,2112,2208,raw:2112:5,mid,low
6,0.9036043776606294,0.0843123189616574,0.09951124050791527,0.0,0.38966234733649324,1.0699793026514917,0.00999704322164589,0.3624759790434007,0.13321979685271304,ExchangeRate,raw,2112,2208,raw:2112:6,mid,low
7,0.7404144607292706,0.4629368207180149,0.062262060610723605,0.375,0.8564764773881958,1.0699793026514917,0.00999704322164589,0.42187111401933636,0.41382450686994726,ExchangeRate,raw,2112,2208,raw:2112:7,high,mid
0,0.3753190574944577,0.04717534628972414,0.18175540598665305,0.25,0.8305650135483289,2.138857209147599,0.16269388678866573,0.20141660325694496,0.4144196334456649,ExchangeRate,raw,2136,2232,raw:2136:0,low,mid
1,0.44262259977525364,0.22212104179323944,0.7981204774973324,0.25,0.8570243001633292,2.138857209147599,0.16269388678866573,0.4876213730219418,0.42323939565066504,ExchangeRate,raw,2136,2232,raw:2136:1,high,mid
2,0.8084612774696598,0.22608186517850926,0.7218322102154964,0.375,0.8654937529492035,2.138857209147599,0.16269388678866573,0.5854584509545552,0.46772921324595645,ExchangeRate,raw,2136,2232,raw:2136:2,high,high
3,0.26951865843129263,0.24476531126182272,0.5497747501953436,0.5,0.7502565327249495,2.138857209147599,0.16269388678866573,0.35468623996281967,0.4709834731712051,ExchangeRate,raw,2136,2232,raw:2136:3,mid,high
4,0.9306015984972165,0.3697143462775596,0.4571825580881371,1.0,0.7664365622749554,2.138857209147599,0.16269388678866573,0.5858328342876377,0.6430434830212071,ExchangeRate,raw,2136,2232,raw:2136:4,high,high
5,0.7500493438695458,0.06522629438037694,0.16625549211524854,0.375,0.6603973332015762,2.138857209147599,0.16269388678866573,0.3271770434550571,0.39936373999674735,ExchangeRate,raw,2136,2232,raw:2136:5,low,mid
6,0.7357728204808935,0.15910427414185555,0.49366392349300037,0.25,0.8647981636955169,2.138857209147599,0.16269388678866573,0.46284700603858314,0.4258306834947276,ExchangeRate,raw,2136,2232,raw:2136:6,high,mid
7,0.5604569672900009,0.030136172954262207,0.4665776843157089,0.25,0.819449420415277,2.138857209147599,0.16269388678866573,0.352390274853324,0.41071443573464755,ExchangeRate,raw,2136,2232,raw:2136:7,mid,mid
0,0.5814290723919473,0.2541508378905089,0.2415199249133289,0.375,0.7620300837714082,3.172585372144939,0.3103693384344637,0.359033278398595,0.482466474068624,ExchangeRate,raw,2160,2256,raw:2160:0,mid,high
1,0.7777091924600856,0.056056345191160234,0.1696231033030798,0.5,0.8824303686676777,3.172585372144939,0.3103693384344637,0.3344628803181085,0.564266569034047,ExchangeRate,raw,2160,2256,raw:2160:1,low,high
2,0.731289817172804,0.2960356586644024,0.4020269625656046,0.375,0.8789479000069729,3.172585372144939,0.3103693384344637,0.476450812800937,0.5214390794804789,ExchangeRate,raw,2160,2256,raw:2160:2,high,high
3,0.769681519877733,0.09062140867766627,0.7498059630515704,0.125,0.7499251650393892,3.172585372144939,0.3103693384344637,0.53670296386899,0.39509816782461765,ExchangeRate,raw,2160,2256,raw:2160:3,high,mid
4,0.8164164727063266,0.19119657338448315,0.5730932204730482,1.0,0.7937488148302263,3.172585372144939,0.3103693384344637,0.5269020888546193,0.7013727177548966,ExchangeRate,raw,2160,2256,raw:2160:4,high,high
5,0.136792214899623,0.052405337429617574,0.13689509356251903,0.0,0.6399131694458071,3.172585372144939,0.3103693384344637,0.10869754863058652,0.31676083596009025,ExchangeRate,raw,2160,2256,raw:2160:5,low,low
6,0.8751159714141548,0.1715203775521218,0.06395088822620247,0.625,0.950168908651869,3.172585372144939,0.3103693384344637,0.3701957457308264,0.6285127490287775,ExchangeRate,raw,2160,2256,raw:2160:6,mid,high
7,0.5237763451554929,0.08298748417584845,0.05975033646228552,0.375,0.7382227743419284,3.172585372144939,0.3103693384344637,0.22217138859787564,0.47453070425879734,ExchangeRate,raw,2160,2256,raw:2160:7,low,high
0,0.6243330865107164,0.12675275597366012,0.4853726045197676,0.25,0.8702087518159014,3.5228976751230823,0.3604139530741347,0.41215281566804807,0.493540901630012,ExchangeRate,raw,2184,2280,raw:2184:0,mid,high
1,0.8671217445678143,0.040495312992760234,0.20693689141401048,0.5,0.9030798539556056,3.5228976751230823,0.3604139530741347,0.37151798299152833,0.5878312690099134,ExchangeRate,raw,2184,2280,raw:2184:1,mid,high
2,0.5087461846687653,0.14980989811123457,0.09891658685356683,0.375,0.8293084114005067,3.5228976751230823,0.3604139530741347,0.25249088987785556,0.5215741214915471,ExchangeRate,raw,2184,2280,raw:2184:2,low,high
3,0.8734423182814289,0.4287813542818919,0.08647997652631942,0.875,0.9811488114109759,3.5228976751230823,0.3604139530741347,0.46290121636321335,0.7388542548283702,ExchangeRate,raw,2184,2280,raw:2184:3,high,high
4,0.2992812448708877,0.36327250110539433,0.5114942553198027,1.0,0.7534721000738088,3.5228976751230823,0.3604139530741347,0.3913493337653616,0.7046286843826478,ExchangeRate,raw,2184,2280,raw:2184:4,mid,high
5,0.8090992482338484,0.05496358857850413,0.18614866894685866,0.375,0.8717944724309435,3.5228976751230823,0.3604139530741347,0.35007050191973704,0.535736141835026,ExchangeRate,raw,2184,2280,raw:2184:5,mid,high
6,0.8705307592895903,0.11342893453636751,0.2511690339933751,0.125,0.7521191574304755,3.5228976751230823,0.3604139530741347,0.4117095759397776,0.4125110368348701,ExchangeRate,raw,2184,2280,raw:2184:6,mid,mid
7,0.6127508415076139,0.06416245435474846,0.47744067832565856,0.25,0.8314902855941492,3.5228976751230823,0.3604139530741347,0.38478465806267365,0.4806347462227613,ExchangeRate,raw,2184,2280,raw:2184:7,mid,high
0,0.7881240391013511,0.14760790546506128,0.7014623274688152,0.25,0.7481375689197831,3.750478743300284,0.3929255341958613,0.5457314240117426,0.4636877010385481,ExchangeRate,raw,2208,2304,raw:2208:0,high,mid
1,0.7554987000266542,0.10553231765928467,0.35970262610823067,0.375,0.8524778380727952,3.750478743300284,0.3929255341958613,0.4069112145980565,0.5401344574228855,ExchangeRate,raw,2208,2304,raw:2208:1,mid,high
2,0.7711429763407472,0.035255972769893104,0.42339781292027245,0.0,0.6481337107401013,3.750478743300284,0.3929255341958613,0.4099322540103043,0.3470197483119875,ExchangeRate,raw,2208,2304,raw:2208:2,mid,low
3,0.8825727942565154,0.05329468938218958,0.08253294907396715,0.25,0.8817658571964577,3.750478743300284,0.3929255341958613,0.33946681090422404,0.5082304637974396,ExchangeRate,raw,2208,2304,raw:2208:3,low,high
4,0.3632478351791043,0.294620474711462,0.5356479332923892,1.0,0.6858897361969595,3.750478743300284,0.3929255341958613,0.3978387477276519,0.6929384234642736,ExchangeRate,raw,2208,2304,raw:2208:4,mid,high
5,0.821779147997548,0.249412794879089,0.18755905607549506,0.5,0.8348126896553282,3.750478743300284,0.3929255341958613,0.41958366631737737,0.5759127412837298,ExchangeRate,raw,2208,2304,raw:2208:5,mid,high
6,0.4211615648065089,0.04000068432456122,0.022907135342904592,0.125,0.6432938476563412,3.750478743300284,0.3929255341958613,0.1613564614913249,0.3870731272840675,ExchangeRate,raw,2208,2304,raw:2208:6,low,mid
7,0.679817610267549,0.021425788506560486,0.7372688905405821,0.25,0.743388874719806,3.750478743300284,0.3929255341958613,0.4795040964382305,0.46210480297188905,ExchangeRate,raw,2208,2304,raw:2208:7,high,mid
0,0.8477900779597644,0.19455747543551902,0.20342404030733063,0.25,0.8236259957805281,4.0651288248256,0.4378755457781207,0.4152571979008713,0.5038338471862163,ExchangeRate,raw,2232,2328,raw:2232:0,mid,high
1,0.5780482063658333,0.1428617898286366,0.5801354930337451,0.25,0.9136096174093629,4.0651288248256,0.4378755457781207,0.43368182974273833,0.5338283877291612,ExchangeRate,raw,2232,2328,raw:2232:1,high,high
2,0.8638932336533658,0.06302928013570491,0.15668602840880055,0.125,0.8428625778089883,4.0651288248256,0.4378755457781207,0.36120284739929037,0.4685793745290363,ExchangeRate,raw,2232,2328,raw:2232:2,mid,high
3,0.7281991903648595,0.30470424731342227,0.052404073453764716,1.0,0.9564468807183129,4.0651288248256,0.4378755457781207,0.36176917037734885,0.7981074754988112,ExchangeRate,raw,2232,2328,raw:2232:3,mid,high
4,0.37169894242663537,0.21678368691997094,0.5215775710391576,1.0,0.7395853187521467,4.0651288248256,0.4378755457781207,0.3700200667952546,0.7258202881767559,ExchangeRate,raw,2232,2328,raw:2232:4,mid,high
5,0.5937117412288644,0.1551357766040404,0.34624396567288707,0.5,0.8651699908104316,4.0651288248256,0.4378755457781207,0.36503049450193065,0.6010151788628507,ExchangeRate,raw,2232,2328,raw:2232:5,mid,high
6,0.5603292016047456,0.1052095220545318,0.0577186731153368,0.375,0.647704504227631,4.0651288248256,0.4378755457781207,0.24108579892487145,0.4868600166685839,ExchangeRate,raw,2232,2328,raw:2232:6,low,high
7,0.3487048265487481,0.11285412113692178,0.37546075709969623,0.0,0.6644371483114898,4.0651288248256,0.4378755457781207,0.2790065682617887,0.3674375646965369,ExchangeRate,raw,2232,2328,raw:2232:7,low,mid
0,0.7108089993646393,0.1886948338942191,0.4538342275305739,0.125,0.736430007121654,4.161270582710861,0.45161008259925145,0.4511126869298107,0.43768002990696847,ExchangeRate,raw,2256,2352,raw:2256:0,high,mid
1,0.8333158515318244,0.22462767839417103,0.2045420705436553,0.25,0.650022954405351,4.161270582710861,0.45161008259925145,0.4208285334898836,0.4505443456682008,ExchangeRate,raw,2256,2352,raw:2256:1,high,mid
2,0.5115069568756118,0.05756805874539646,0.4750307458935605,0.0,0.49764143664460275,4.161270582710861,0.45161008259925145,0.3480352538381896,0.31641717308128475,ExchangeRate,raw,2256,2352,raw:2256:2,mid,low
3,0.6378631330866069,0.1825612416981333,0.10691806323589403,0.125,0.7290694721183242,4.161270582710861,0.45161008259925145,0.3091141460068781,0.4352265182391919,ExchangeRate,raw,2256,2352,raw:2256:3,low,mid
4,0.13392270319294564,0.3179864258546843,0.525900589178728,1.0,0.6647729638495967,4.161270582710861,0.45161008259925145,0.3259365727421193,0.7054610154829494,ExchangeRate,raw,2256,2352,raw:2256:4,low,high
5,0.3504584152022062,0.09516164961798634,0.509722696242033,0.125,0.6626341003805856,4.161270582710861,0.45161008259925145,0.3184475870207419,0.41308139432661234,ExchangeRate,raw,2256,2352,raw:2256:5,low,mid
6,0.7958611567114207,0.4132840280566494,0.1794087624606541,0.25,0.8219370242891026,4.161270582710861,0.45161008259925145,0.4628513157429081,0.5078490356294514,ExchangeRate,raw,2256,2352,raw:2256:6,high,high
7,0.8508877494210665,0.5517826614310596,0.07277171910525218,0.0,0.6841310969261538,4.161270582710861,0.45161008259925145,0.4918140433191261,0.3785803931751351,ExchangeRate,raw,2256,2352,raw:2256:7,high,mid
0,0.5355684846522191,0.295327298439656,0.269175808470573,0.5,0.8590239803262524,4.362920743914007,0.48041724844426204,0.36669053052081607,0.6131470762568382,ExchangeRate,raw,2280,2376,raw:2280:0,mid,high
1,0.26057701086164187,0.10296076442386817,0.15942662895648735,0.125,0.6763783713851901,4.362920743914007,0.48041724844426204,0.17432146808066581,0.4272652066098173,ExchangeRate,raw,2280,2376,raw:2280:1,low,mid
2,0.767773782176994,0.2918604794636933,0.3130795628424821,0.5,0.9089102677037809,4.362920743914007,0.48041724844426204,0.45757127482772314,0.6297758387160144,ExchangeRate,raw,2280,2376,raw:2280:2,high,high
3,0.18267459615760817,0.09921714286102232,0.059136999696585486,0.0,0.7490734030007445,4.362920743914007,0.48041724844426204,0.11367624623840533,0.4098302171483355,ExchangeRate,raw,2280,2376,raw:2280:3,low,mid
4,0.32061418918472206,0.23548158922016754,0.4452284950314041,1.0,0.7042106843483321,4.362920743914007,0.48041724844426204,0.3337747578120979,0.7282093109308647,ExchangeRate,raw,2280,2376,raw:2280:4,low,high
5,0.9276237668301687,0.13262085651209454,0.21480596801273488,0.125,0.5550015982815272,4.362920743914007,0.48041724844426204,0.42501686378499937,0.38680628224192976,ExchangeRate,raw,2280,2376,raw:2280:5,high,mid
6,0.6620939187346108,0.04159874638999598,0.030834490765335152,0.125,0.7113548341061039,4.362920743914007,0.48041724844426204,0.24484238529664729,0.43892402751678866,ExchangeRate,raw,2280,2376,raw:2280:6,low,mid
7,0.6778842294497716,0.35229447827354166,0.22485215283245763,0.5,0.8452043379316649,4.362920743914007,0.48041724844426204,0.4183436201852569,0.6085405287919756,ExchangeRate,raw,2280,2376,raw:2280:7,mid,high
0,0.5933573413365185,0.13857331129459594,0.28137200938971124,0.375,0.8406603917485597,5.2718140405797245,0.6102591477824476,0.33776755400694186,0.6086398465103358,ExchangeRate,raw,2304,2400,raw:2304:0,low,high
1,0.4768713565147853,0.06488843762020993,0.1351069651437063,0.0,0.6578411923181311,5.2718140405797245,0.6102591477824476,0.2256222530929005,0.4227001133668596,ExchangeRate,raw,2304,2400,raw:2304:1,low,mid
2,0.2638150801818323,0.10742259361892291,0.5355584877732913,0.0,0.7017302058099364,5.2718140405797245,0.6102591477824476,0.3022653871913488,0.43732978453079463,ExchangeRate,raw,2304,2400,raw:2304:2,low,mid
3,0.4807029841106525,0.053768677522324095,0.07448419925045427,0.375,0.5315737615111729,5.2718140405797245,0.6102591477824476,0.2029852869611436,0.5056109697645401,ExchangeRate,raw,2304,2400,raw:2304:3,low,high
4,0.0983432378326764,0.28794175923463133,0.4965347348359231,1.0,0.7009925785172958,5.2718140405797245,0.6102591477824476,0.2942732439677436,0.7704172420999145,ExchangeRate,raw,2304,2400,raw:2304:4,low,high
5,0.9430597292519018,0.1547137897959011,0.08589736344726615,0.25,0.8380317470547111,5.2718140405797245,0.6102591477824476,0.39455696083168973,0.5660969649457196,ExchangeRate,raw,2304,2400,raw:2304:5,mid,high
6,0.7335542581496123,0.2844600206978264,0.01623145703829898,0.25,0.7862986967000073,5.2718140405797245,0.6102591477824476,0.34474857862857916,0.548852614827485,ExchangeRate,raw,2304,2400,raw:2304:6,low,high
7,0.6699001511067482,0.23347810440818323,0.5283209713173606,0.5,0.8779174398322832,5.2718140405797245,0.6102591477824476,0.47723307561076406,0.6627255292049102,ExchangeRate,raw,2304,2400,raw:2304:7,high,high
0,0.2499307803713836,0.29214356250550205,0.8063536483735757,0.375,0.8682080116765504,5.044045615312672,0.577720801362209,0.4494759970834871,0.6069762710129198,ExchangeRate,raw,2328,2424,raw:2328:0,high,high
1,0.6783067629606689,0.14502989737597544,0.2532809656592731,0.125,0.6640828524952266,5.044045615312672,0.577720801362209,0.35887254199863916,0.4556012179524786,ExchangeRate,raw,2328,2424,raw:2328:1,mid,mid
2,0.8730126531661413,0.1506187339751996,0.06462938924146559,0.375,0.8014438695653725,5.044045615312672,0.577720801362209,0.36275359212760216,0.5847215569758605,ExchangeRate,raw,2328,2424,raw:2328:2,mid,high
3,0.3765590454561756,0.1323132711187558,0.05413016997667939,0.25,0.6220610667919005,5.044045615312672,0.577720801362209,0.1876674955172036,0.48326062271803655,ExchangeRate,raw,2328,2424,raw:2328:3,low,high
4,0.10686669035553276,0.33404336884068586,0.5225981125458828,1.0,0.6242873376407043,5.044045615312672,0.577720801362209,0.3211693905807005,0.7340027130009711,ExchangeRate,raw,2328,2424,raw:2328:4,low,high
5,0.9433745075132774,0.06565269942643405,0.07005786771407982,0.125,0.6416736229666787,5.044045615312672,0.577720801362209,0.3596950248845971,0.44813147477629595,ExchangeRate,raw,2328,2424,raw:2328:5,mid,mid
6,0.45554561326705423,0.11195907303848734,0.5736321214184535,0.25,0.75628986281072,5.044045615312672,0.577720801362209,0.3803789359079984,0.5280035547243097,ExchangeRate,raw,2328,2424,raw:2328:6,mid,high
7,0.6773793796812517,0.28100305381532775,0.569857693630444,0.625,0.9287821432025547,5.044045615312672,0.577720801362209,0.5094133757090078,0.7105009815215878,ExchangeRate,raw,2328,2424,raw:2328:7,high,high
0,0.6378574948151884,0.09151213418003512,0.8564683149140075,0.125,0.8286163854701425,4.491131985838628,0.4987331401216138,0.5286126479697436,0.4841165085305854,ExchangeRate,raw,2352,2448,raw:2352:0,high,high
1,0.39732292056305385,0.14543073231543416,0.13883168125052456,0.0,0.5650484140308064,4.491131985838628,0.4987331401216138,0.22719511137633752,0.35459385138414007,ExchangeRate,raw,2352,2448,raw:2352:1,low,low
2,0.6044469116393499,0.11807100711917201,0.7513593709768167,0.5,0.8417756154491682,4.491131985838628,0.4987331401216138,0.49129242991177957,0.613502918523594,ExchangeRate,raw,2352,2448,raw:2352:2,high,high
3,0.595996278975754,0.1941419014483691,0.6730334692955361,0.0,0.71304620963425,4.491131985838628,0.4987331401216138,0.4877238832398864,0.40392644991862126,ExchangeRate,raw,2352,2448,raw:2352:3,high,mid
4,0.31601980239931393,0.2012568992314632,0.53135550391119,1.0,0.7390750155464804,4.491131985838628,0.4987331401216138,0.349544068513989,0.7459360518893647,ExchangeRate,raw,2352,2448,raw:2352:4,mid,high
5,0.7060463567660339,0.5425286966472384,0.0662410453019034,0.125,0.8880104168079868,4.491131985838628,0.4987331401216138,0.4382720329050585,0.5039145189765335,ExchangeRate,raw,2352,2448,raw:2352:5,high,high
6,0.7452497872831609,0.0738921083966676,0.1436484284383371,0.25,0.7731758860591412,4.491131985838628,0.4987331401216138,0.32093010803938854,0.5073030087269184,ExchangeRate,raw,2352,2448,raw:2352:6,low,high
7,0.7827929989959641,0.13373121926510773,0.13506327918191258,0.75,0.8472089252467181,4.491131985838628,0.4987331401216138,0.35052916581432814,0.6986473551227773,ExchangeRate,raw,2352,2448,raw:2352:7,mid,high
0,0.5466071424728518,0.08656359327877494,0.17034608931185943,0.125,0.7772511856886675,4.5895815888755385,0.512797369106795,0.26783894168782874,0.4716828515984875,ExchangeRate,raw,2376,2472,raw:2376:0,low,high
1,0.4548624505371277,0.09395744492569154,0.23882367129497828,0.25,0.7588986048342486,4.5895815888755385,0.512797369106795,0.2625478555859325,0.5072319913136812,ExchangeRate,raw,2376,2472,raw:2376:1,low,high
2,0.82265390494055,0.14365380129885175,0.725158062508891,0.125,0.8182842032292063,4.5895815888755385,0.512797369106795,0.5638219229160976,0.4853605241120004,ExchangeRate,raw,2376,2472,raw:2376:2,high,high
3,0.8399144056882709,0.08195816633695543,0.2496759922582516,0.125,0.5141943648559539,4.5895815888755385,0.512797369106795,0.3905161880944927,0.38399724465424967,ExchangeRate,raw,2376,2472,raw:2376:3,mid,mid
4,0.37611923706267736,0.17207585703841644,0.49872504334730183,1.0,0.7805392704488083,4.5895815888755385,0.512797369106795,0.3489733791494652,0.7644455465185344,ExchangeRate,raw,2376,2472,raw:2376:4,mid,high
5,0.6864410182253493,0.39143058811040765,0.43041831560401156,0.25,0.8627916656070659,4.5895815888755385,0.512797369106795,0.5027633073132561,0.5418630115712869,ExchangeRate,raw,2376,2472,raw:2376:5,high,high
6,0.3427968769412232,0.15804620256117097,0.5574611746186128,0.125,0.7767380745192745,4.5895815888755385,0.512797369106795,0.3527680847070023,0.4715118145420232,ExchangeRate,raw,2376,2472,raw:2376:6,mid,high
7,0.4451952860348056,0.2665600259409405,0.30883996346480524,0.375,0.9151029797209232,4.5895815888755385,0.512797369106795,0.34019842514685045,0.6009667829425727,ExchangeRate,raw,2376,2472,raw:2376:7,low,high
0,0.8285518976692097,0.0701261302211588,0.47542450251326096,0.125,0.7071716922220858,3.207947500841639,0.31542107109820405,0.4580341768012098,0.3825309211067633,ExchangeRate,raw,2400,2496,raw:2400:0,high,mid
1,0.5699331447663815,0.11705754014956203,0.5772061772657022,0.375,0.8492521053427146,3.207947500841639,0.31542107109820405,0.42139895406054856,0.5132243921469728,ExchangeRate,raw,2400,2496,raw:2400:1,high,high
2,0.8929340489202968,0.10869424368447533,0.34431677035560665,0.375,0.6818771897752037,3.207947500841639,0.31542107109820405,0.4486483543201263,0.45743275362446917,ExchangeRate,raw,2400,2496,raw:2400:2,high,mid
3,0.6128993219904899,0.19982588553828323,0.47335314266564854,0.5,0.8987555662384543,3.207947500841639,0.31542107109820405,0.4286927833981406,0.5713922124455527,ExchangeRate,raw,2400,2496,raw:2400:3,high,high
4,0.27605909905212433,0.1480243276023126,0.4817475630557644,1.0,0.7562540854915892,3.207947500841639,0.31542107109820405,0.3019436632367338,0.690558385529931,ExchangeRate,raw,2400,2496,raw:2400:4,low,high
5,0.6315662090527299,0.09089523983959191,0.4619720194775152,0.125,0.5774155684481533,3.207947500841639,0.31542107109820405,0.394811156123279,0.3392788798487858,ExchangeRate,raw,2400,2496,raw:2400:5,mid,low
6,0.8661551314189445,0.3158449239295993,0.5588029147880327,0.0,0.7011605059610736,3.207947500841639,0.31542107109820405,0.5802676567121922,0.3388605256864259,ExchangeRate,raw,2400,2496,raw:2400:6,high,low
7,0.8632824457470842,0.4752717193295641,0.4992667147066803,0.25,0.758962934794083,3.207947500841639,0.31542107109820405,0.6126069599277763,0.441461335297429,ExchangeRate,raw,2400,2496,raw:2400:7,high,mid
0,0.7306230606745712,0.17947440951558907,0.15016357824053542,0.0,0.6196719491524534,3.184700296692192,0.31210004193874163,0.3534203494768986,0.310590663697065,ExchangeRate,raw,2424,2520,raw:2424:0,mid,low
1,0.7237402757175329,0.1583584143441706,0.2811052707774332,0.25,0.784942735428038,3.184700296692192,0.31210004193874163,0.38773465361304554,0.4490142591222599,ExchangeRate,raw,2424,2520,raw:2424:1,mid,mid
2,0.7958931688737947,0.1265734698019695,0.10404445699878345,0.125,0.7233315812370255,3.184700296692192,0.31210004193874163,0.34217036522484917,0.386810541058589,ExchangeRate,raw,2424,2520,raw:2424:2,low,mid
3,0.8079672958712019,0.21221877650988852,0.07884292857392293,0.5,0.8973776573489691,3.184700296692192,0.31210004193874163,0.3663430003183377,0.5698258997625703,ExchangeRate,raw,2424,2520,raw:2424:3,mid,high
4,0.3684457501900116,0.22325224659347062,0.46221640868451186,1.0,0.7449347512827202,3.184700296692192,0.31210004193874163,0.3513048018226647,0.6856782644071538,ExchangeRate,raw,2424,2520,raw:2424:4,mid,high
5,0.6404600256142801,0.12407948732737656,0.08211198004488914,0.125,0.6974138528811539,3.184700296692192,0.31210004193874163,0.2822171643288486,0.37817129827329854,ExchangeRate,raw,2424,2520,raw:2424:5,low,mid
6,0.9119476642009713,0.15945144010517479,0.1385583146045594,0.25,0.7413707183563379,3.184700296692192,0.31210004193874163,0.40331913963690186,0.43449025343169323,ExchangeRate,raw,2424,2520,raw:2424:6,mid,mid
7,0.8370197619953973,0.06029395366387204,0.02428212420759909,0.25,0.7165695356305145,3.184700296692192,0.31210004193874163,0.30719861328895615,0.42622319252308544,ExchangeRate,raw,2424,2520,raw:2424:7,low,mid
0,0.8359569072650328,0.31726906910736286,0.08012186992038621,0.25,0.9081369597050112,4.647454218069803,0.5210648875513078,0.41111594876426066,0.5597339490854397,ExchangeRate,raw,2448,2544,raw:2448:0,mid,high
1,0.8274300458505965,0.1633399514758767,0.04443649539332686,0.25,0.784367346191771,4.647454218069803,0.5210648875513078,0.34506883090660007,0.5184774112476929,ExchangeRate,raw,2448,2544,raw:2448:1,mid,high
2,0.8712448510798461,0.18123885783317323,0.40258650931320555,0.25,0.8947049061583278,4.647454218069803,0.5210648875513078,0.4850234060754082,0.5552565979032119,ExchangeRate,raw,2448,2544,raw:2448:2,high,high
3,0.5959936421699946,0.2834033722154211,0.0215256140324814,0.25,0.7828255730198572,4.647454218069803,0.5210648875513078,0.3003075428059657,0.517963486857055,ExchangeRate,raw,2448,2544,raw:2448:3,low,high
4,0.48269560606058093,0.2966369787427534,0.47646913610562114,1.0,0.8213359320035162,4.647454218069803,0.5210648875513078,0.41860057363631853,0.7808002731849412,ExchangeRate,raw,2448,2544,raw:2448:4,mid,high
5,0.7476417123813222,0.0706311863021686,0.3509837756323763,0.25,0.8201331706205727,4.647454218069803,0.5210648875513078,0.38975222477195565,0.5303993527239601,ExchangeRate,raw,2448,2544,raw:2448:5,mid,high
6,0.8562520584780638,0.10944581209390572,0.20458820164840666,0.125,0.5556081367125357,4.647454218069803,0.5210648875513078,0.3900953574067921,0.40055767475461446,ExchangeRate,raw,2448,2544,raw:2448:6,mid,mid
7,0.4799791134205096,0.06191035437734646,0.24482929830760422,0.125,0.6973280851791551,4.647454218069803,0.5210648875513078,0.2622395887018201,0.447797657576821,ExchangeRate,raw,2448,2544,raw:2448:7,low,mid
0,0.6939555912691346,0.06553338631494288,0.03626846100673156,0.375,0.8172811263700897,4.617123755702732,0.5167319643622017,0.2652524795302697,0.5696710302440972,ExchangeRate,raw,2472,2568,raw:2472:0,low,high
1,0.9008634136835602,0.36503665137884567,0.16552829204262842,0.125,0.7178790778145119,4.617123755702732,0.5167319643622017,0.4771427857016781,0.4532036807255712,ExchangeRate,raw,2472,2568,raw:2472:1,high,mid
2,0.9170533533988541,0.14625303263677153,0.39035446303262855,0.375,0.774728928791031,4.617123755702732,0.5167319643622017,0.4845536163560847,0.5554869643844108,ExchangeRate,raw,2472,2568,raw:2472:2,high,high
3,0.6484767657089103,0.2808083880742489,0.474464727430329,0.25,0.7760103413458866,4.617123755702732,0.5167319643622017,0.46791662707116277,0.5142474352360294,ExchangeRate,raw,2472,2568,raw:2472:3,high,high
4,0.49606444585176357,0.3731802557365595,0.4998299369856565,1.0,0.9147647991419937,4.617123755702732,0.5167319643622017,0.4563582128579932,0.8104989211680652,ExchangeRate,raw,2472,2568,raw:2472:4,high,high
5,0.30196176816210174,0.07309347103913674,0.2606994205903263,0.125,0.7682327324313544,4.617123755702732,0.5167319643622017,0.21191821993052162,0.46998823226451875,ExchangeRate,raw,2472,2568,raw:2472:5,low,high
6,0.5482462563130681,0.2170984383135331,0.5564866681242587,0.25,0.634488051240056,4.617123755702732,0.5167319643622017,0.44061045425028667,0.4670733385340859,ExchangeRate,raw,2472,2568,raw:2472:6,high,mid
7,0.8512104720299599,0.1187922972451419,0.2410426191622684,0.0,0.6977267460066549,4.617123755702732,0.5167319643622017,0.4036817961457901,0.4048195701229522,ExchangeRate,raw,2472,2568,raw:2472:7,mid,mid
0,0.4823568107774493,0.09201625698004054,0.11035068340411863,0.0,0.5601039074108441,3.949747685899636,0.42139252595510157,0.2282412503872028,0.3271654777886486,ExchangeRate,raw,2496,2592,raw:2496:0,low,low
1,0.9606406557684064,0.09560345838804676,0.034326465300111665,0.25,0.6665930210622286,3.949747685899636,0.42139252595510157,0.3635235264855216,0.4459951823391101,ExchangeRate,raw,2496,2592,raw:2496:1,mid,mid
2,0.6208521474237878,0.26234620048309776,0.16235522665093916,0.25,0.7915542481688775,3.949747685899636,0.42139252595510157,0.3485178581859416,0.4876489247079931,ExchangeRate,raw,2496,2592,raw:2496:2,mid,high
3,0.3140528626915663,0.019218622851398852,0.08172325186518783,0.125,0.6591797357802054,3.949747685899636,0.42139252595510157,0.13833157913605099,0.4018574205784356,ExchangeRate,raw,2496,2592,raw:2496:3,low,mid
4,0.2880571896768096,0.3752709961205114,0.3637891944806168,1.0,0.8790679739880043,3.949747685899636,0.42139252595510157,0.34237246009264594,0.7668201666477019,ExchangeRate,raw,2496,2592,raw:2496:4,low,high
5,0.4313964861760854,0.16121721201776518,0.14199666870203959,0.375,0.7988628428742474,3.949747685899636,0.42139252595510157,0.24487012229863003,0.5317517896097831,ExchangeRate,raw,2496,2592,raw:2496:5,low,high
6,0.793965487415029,0.06467847377913155,0.10728786786365035,0.375,0.6837701880680865,3.949747685899636,0.42139252595510157,0.32197727635260365,0.4933875713410627,ExchangeRate,raw,2496,2592,raw:2496:6,low,high
7,0.809217086650695,0.06792121062122522,0.1590558025410033,0.25,0.6543449637553014,3.949747685899636,0.42139252595510157,0.3453980332709745,0.44191249657013437,ExchangeRate,raw,2496,2592,raw:2496:7,mid,mid
0,0.404844106927581,0.072782633508744,0.0865183386489932,0.125,0.6186213492686526,4.057559626779737,0.4367942317731135,0.18804835969510605,0.3934718603472554,ExchangeRate,raw,2520,2616,raw:2520:0,low,mid
1,0.8501976192598449,0.3313597474610464,0.12102066298223602,0.0,0.5954235788653375,4.057559626779737,0.4367942317731135,0.43419267656770916,0.3440726035461503,ExchangeRate,raw,2520,2616,raw:2520:1,high,low
2,0.5693807187108124,0.5263337539837945,0.15495102693399218,0.125,0.8507085751099104,4.057559626779737,0.4367942317731135,0.4168884998761997,0.47083426896100794,ExchangeRate,raw,2520,2616,raw:2520:2,mid,high
3,0.4703520760402815,0.07326623653763957,0.05923595813638371,0.125,0.7508645229303181,4.057559626779737,0.4367942317731135,0.20095142357143492,0.43755291823447723,ExchangeRate,raw,2520,2616,raw:2520:3,low,mid
4,0.519472623466342,0.2698755469122361,0.3699314192202912,1.0,0.9059188015681138,4.057559626779737,0.4367942317731135,0.3864265298662897,0.7809043444470758,ExchangeRate,raw,2520,2616,raw:2520:4,mid,high
5,0.49572543154213866,0.08646937651873389,0.5607870037752076,0.25,0.7360428148067982,4.057559626779737,0.4367942317731135,0.3809939372786934,0.47427901552663726,ExchangeRate,raw,2520,2616,raw:2520:5,mid,high
6,0.390866579642857,0.04354194067821926,0.4935649186907287,0.125,0.7669089782672083,4.057559626779737,0.4367942317731135,0.30932447967060167,0.4429010700134406,ExchangeRate,raw,2520,2616,raw:2520:6,low,mid
7,0.726075661419469,0.46558393743018567,0.41376854718171496,0.125,0.6633506931156528,4.057559626779737,0.4367942317731135,0.5351427153437899,0.40838164162958873,ExchangeRate,raw,2520,2616,raw:2520:7,high,mid
0,0.5135703788449578,0.11164544439321408,0.40532565870639464,0.0,0.6053082088072543,4.064122413473599,0.43773177272804015,0.3435138273148555,0.3476799938450981,ExchangeRate,raw,2544,2640,raw:2544:0,low,low
1,0.7613872621460499,0.08015371102286721,0.7650360922082331,0.0,0.5833879390430782,4.064122413473599,0.43773177272804015,0.53552568845905,0.34037323725703944,ExchangeRate,raw,2544,2640,raw:2544:1,high,low
2,0.37728722128411285,0.3969570744229764,0.44503783327885327,0.5,0.8871926865148257,4.064122413473599,0.43773177272804015,0.4064273763286475,0.6083081530809552,ExchangeRate,raw,2544,2640,raw:2544:2,mid,high
3,0.7070882588865761,0.05237182003551294,0.2862139324435927,0.0,0.5363335446764029,4.064122413473599,0.43773177272804015,0.34855800378856056,0.3246884391348144,ExchangeRate,raw,2544,2640,raw:2544:3,mid,low
4,0.1548252891006816,0.20996104403026344,0.47837726144192916,1.0,0.8374745324573911,4.064122413473599,0.43773177272804015,0.2810545315242914,0.7584021017284771,ExchangeRate,raw,2544,2640,raw:2544:4,low,high
5,0.43059464675036807,0.09709631541426167,0.30707270536984016,0.25,0.7280582464115518,4.064122413473599,0.43773177272804015,0.2782545558448233,0.471930006379864,ExchangeRate,raw,2544,2640,raw:2544:5,low,high
6,0.6701643224471447,0.21866171926402347,0.1532311999311841,0.25,0.580588213190569,4.064122413473599,0.43773177272804015,0.34735241388078414,0.42277332863953637,ExchangeRate,raw,2544,2640,raw:2544:6,mid,mid
7,0.7837343267036394,0.10274942991391371,0.1329998017152299,0.0,0.598962884128241,4.064122413473599,0.43773177272804015,0.33982785277759436,0.34556488561876036,ExchangeRate,raw,2544,2640,raw:2544:7,low,low
0,0.9152932307658429,0.15568584222667609,0.40035900837734645,0.25,0.8153565741245529,4.598882291421343,0.5141260408971546,0.4904460271232885,0.5264942050072358,ExchangeRate,raw,2568,2664,raw:2568:0,high,high
1,0.9177055408350289,0.09799079161966825,0.30153379145555953,0.25,0.677872186689567,4.598882291421343,0.5141260408971546,0.4390767079700855,0.4806660758622405,ExchangeRate,raw,2568,2664,raw:2568:1,high,high
2,0.685830732878799,0.21595269080453122,0.5628437391298025,0.25,0.8194509813306371,4.598882291421343,0.5141260408971546,0.4882090542710442,0.5278590074092638,ExchangeRate,raw,2568,2664,raw:2568:2,high,high
3,0.8138496994227225,0.20248386187157763,0.026729878662018976,0.375,0.8576328566941589,4.598882291421343,0.5141260408971546,0.347687813318773,0.5822529658637712,ExchangeRate,raw,2568,2664,raw:2568:3,mid,high
4,0.5822922273303207,0.24619287971687753,0.4591292481086585,1.0,0.7655258373899206,4.598882291421343,0.5141260408971546,0.42920478505195225,0.7598839594290251,ExchangeRate,raw,2568,2664,raw:2568:4,high,high
5,0.4006015324522437,0.0711500970925286,0.4983870311128154,0.25,0.663682567381387,4.598882291421343,0.5141260408971546,0.32337955355252923,0.4759362027595138,ExchangeRate,raw,2568,2664,raw:2568:5,low,high
6,0.4042088906867539,0.06751216824097495,0.08204221019898865,0.0,0.573528176543437,4.598882291421343,0.5141260408971546,0.18458775637557248,0.36255140581353057,ExchangeRate,raw,2568,2664,raw:2568:6,low,mid
7,0.9179278877739696,0.2603815738444988,0.30060188477522887,0.375,0.9560933485967554,4.598882291421343,0.5141260408971546,0.49297044879789914,0.6150731298313034,ExchangeRate,raw,2568,2664,raw:2568:7,high,high
0,0.9513848367046625,0.09736354366117264,0.016109637923260582,0.375,0.8903859848115585,4.43381309420857,0.4905447270433032,0.3549526727630319,0.5853102372849539,ExchangeRate,raw,2592,2688,raw:2592:0,mid,high
1,0.7081557326370633,0.4939748300269827,0.1325880339465398,0.25,0.7841348418514602,4.43381309420857,0.4905447270433032,0.4449061988701952,0.5082265229649211,ExchangeRate,raw,2592,2688,raw:2592:1,high,high
2,0.9130023355602331,0.1255174788560046,0.32221389662695965,0.375,0.6947884800203532,4.43381309420857,0.4905447270433032,0.4535779036810658,0.5201110690212188,ExchangeRate,raw,2592,2688,raw:2592:2,high,high
3,0.5734093414504144,0.06986964915569216,0.39512463895580713,0.25,0.8872515127572116,4.43381309420857,0.4905447270433032,0.3461345431873046,0.5425987466001716,ExchangeRate,raw,2592,2688,raw:2592:3,mid,high
4,0.17424192799675853,0.1566978334328179,0.5784111240999389,1.0,0.7343805851495266,4.43381309420857,0.4905447270433032,0.3031169618431718,0.7416417707309432,ExchangeRate,raw,2592,2688,raw:2592:4,low,high
5,0.4783954682755409,0.32741068209441077,0.39326403324039994,0.125,0.777398742263667,4.43381309420857,0.4905447270433032,0.3996900612034506,0.4643144897689901,ExchangeRate,raw,2592,2688,raw:2592:5,mid,mid
6,0.8290937770791974,0.14804380469883618,0.112894747800132,0.125,0.6343916802507277,4.43381309420857,0.4905447270433032,0.36334410985938853,0.4166454690980103,ExchangeRate,raw,2592,2688,raw:2592:6,mid,mid
7,0.9730351094575398,0.16506663941264463,0.014424717254822797,0.0,0.579494505711605,4.43381309420857,0.4905447270433032,0.38417548870833573,0.35667974425163607,ExchangeRate,raw,2592,2688,raw:2592:7,mid,low
0,0.40217412829112487,0.16311609989126208,0.050584293704612135,0.0,0.3575982536048313,3.0658913303078648,0.29512733247951306,0.20529150729566636,0.21757519536144812,ExchangeRate,raw,2616,2712,raw:2616:0,low,low
1,0.5680696676177782,0.38233863319847083,0.6820702966835643,0.125,0.6953617203381139,3.0658913303078648,0.29512733247951306,0.5441595324999379,0.3718296842725423,ExchangeRate,raw,2616,2712,raw:2616:1,high,mid
2,0.7363362336344834,0.06779023479071913,0.12420885732454384,0.125,0.6564708295454681,3.0658913303078648,0.29512733247951306,0.3094451085832488,0.35886605400832705,ExchangeRate,raw,2616,2712,raw:2616:2,low,low
3,0.577468752803924,0.4959746336600018,0.14013426508360874,0.0,0.6127776039567164,3.0658913303078648,0.29512733247951306,0.40452588384917815,0.3026349788120765,ExchangeRate,raw,2616,2712,raw:2616:3,mid,low
4,0.6367293082465499,0.21509994800897497,0.4585323353259024,1.0,0.7692985780220388,3.0658913303078648,0.29512733247951306,0.4367871971938091,0.6881419701671839,ExchangeRate,raw,2616,2712,raw:2616:4,high,high
5,0.8439784365041162,0.39337713971670274,0.41084695756228506,0.25,0.8306173747903035,3.0658913303078648,0.29512733247951306,0.549400844594368,0.45858156908993886,ExchangeRate,raw,2616,2712,raw:2616:5,high,mid
6,0.15034409680753968,0.09748363538186458,0.521640591887823,0.125,0.6342414516811282,3.0658913303078648,0.29512733247951306,0.25648944135907575,0.3514562613868804,ExchangeRate,raw,2616,2712,raw:2616:6,low,low
7,0.26966720161487767,0.08409306378558397,0.16589077382958803,0.0,0.3287585971124325,3.0658913303078648,0.29512733247951306,0.17321701307668322,0.20796197653064852,ExchangeRate,raw,2616,2712,raw:2616:7,low,low
0,0.8250621102471247,0.11313562771683083,0.507757790161593,0.375,0.7937935977106719,3.0932731607330295,0.29903902253466275,0.4819851760418495,0.4892775400817782,ExchangeRate,raw,2640,2736,raw:2640:0,high,high
1,0.4606338028245791,0.14743975581580682,0.878296366236104,0.125,0.7190825238659783,3.0932731607330295,0.29903902253466275,0.49545664162549663,0.38104051546688034,ExchangeRate,raw,2640,2736,raw:2640:1,high,mid
2,0.5310390239820271,0.10058261703854687,0.1779111170560599,0.125,0.5113629974017608,3.0932731607330295,0.29903902253466275,0.2698442526922113,0.3118006733121412,ExchangeRate,raw,2640,2736,raw:2640:2,low,low
3,0.8733573248742593,0.1354903503636421,0.3504303402677562,0.0,0.7093311549517356,3.0932731607330295,0.29903902253466275,0.45309267183521923,0.3361233924954661,ExchangeRate,raw,2640,2736,raw:2640:3,high,low
4,0.39930048409178054,0.17533730834025094,0.4098097512461371,1.0,0.7941684845466711,3.0932731607330295,0.29903902253466275,0.3281491812260562,0.697735835693778,ExchangeRate,raw,2640,2736,raw:2640:4,low,high
5,0.9421503474435012,0.05956156578743696,0.07208185284407578,0.25,0.7669932243244761,3.0932731607330295,0.29903902253466275,0.35793125535833803,0.4386774156197129,ExchangeRate,raw,2640,2736,raw:2640:5,mid,mid
6,0.8265147825088002,0.6650038728283216,0.5227892103554015,0.5,0.8031006389339408,3.0932731607330295,0.29903902253466275,0.6714359552308412,0.5340465538228679,ExchangeRate,raw,2640,2736,raw:2640:6,high,high
7,0.9817992253861875,0.11060599537265237,0.37093703450301657,0.375,0.7797271098679804,3.0932731607330295,0.29903902253466275,0.48778075175395214,0.484588710800881,ExchangeRate,raw,2640,2736,raw:2640:7,high,high
0,0.40908637718686736,0.09148532446568834,0.05181472248320178,0.0,0.373759080899627,2.8086281086226745,0.2583754437198457,0.18412880804525247,0.2107115082064909,ExchangeRate,raw,2664,2760,raw:2664:0,low,low
1,0.6417993930809068,0.13795167475731657,0.05102664346133263,0.0,0.672651390384907,2.8086281086226745,0.2583754437198457,0.27692590376651866,0.3103422780349176,ExchangeRate,raw,2664,2760,raw:2664:1,low,low
2,0.5042297610189789,0.10623936317440225,0.012497566008439865,0.0,0.6376427467027518,2.8086281086226745,0.2583754437198457,0.20765556340060698,0.2986727301408658,ExchangeRate,raw,2664,2760,raw:2664:2,low,low
3,0.8731870299634202,0.13516848462656897,0.007648246114212702,0.0,0.5047146418287444,2.8086281086226745,0.2583754437198457,0.33866792023473397,0.25436336184953,ExchangeRate,raw,2664,2760,raw:2664:3,low,low
4,0.3610614889593349,0.3633935870260755,0.43589826895312656,1.0,0.8037244677415853,2.8086281086226745,0.2583754437198457,0.3867844483128457,0.6873666371538104,ExchangeRate,raw,2664,2760,raw:2664:4,mid,high
5,0.9409251081741535,0.31085076207233775,0.07084430578014939,0.25,0.7718384062257576,2.8086281086226745,0.2583754437198457,0.44087339200888015,0.4267379499818678,ExchangeRate,raw,2664,2760,raw:2664:5,high,mid
6,0.4163813282156813,0.1590626760771972,0.42663348619670893,0.125,0.7806354588174713,2.8086281086226745,0.2583754437198457,0.3340258301631958,0.3880036341791057,ExchangeRate,raw,2664,2760,raw:2664:6,low,mid
7,0.7714676316805882,0.09820853149149414,0.03945201500737388,0.0,0.40362684012398165,2.8086281086226745,0.2583754437198457,0.3030427260598187,0.22066742794794245,ExchangeRate,raw,2664,2760,raw:2664:7,low,low
0,0.8917596206386827,0.10921124445193778,0.41848545582075164,0.0,0.6383550370435743,3.2046717747518314,0.31495311022890005,0.4731521069704574,0.31776938242415814,ExchangeRate,raw,2688,2784,raw:2688:0,high,low
1,0.6309353404264937,0.2837754402798536,0.497145714314369,0.25,0.8648540258157793,3.2046717747518314,0.31495311022890005,0.47061883167357205,0.4766023786815598,ExchangeRate,raw,2688,2784,raw:2688:1,high,high
2,0.7388204193170498,0.046413447580641226,0.840862858261652,0.0,0.5448408719149159,3.2046717747518314,0.31495311022890005,0.542032241719781,0.2865979940479387,ExchangeRate,raw,2688,2784,raw:2688:2,high,low
3,0.48139181677732856,0.1686710136145456,0.4629349982879313,0.125,0.7566292373509721,3.2046717747518314,0.31495311022890005,0.37099927622660184,0.3988607825266241,ExchangeRate,raw,2688,2784,raw:2688:3,mid,mid
4,0.37793368900220703,0.16315755542905885,0.4035081697128632,1.0,0.746463551591812,3.2046717747518314,0.31495311022890005,0.31486647138137636,0.6871388872735708,ExchangeRate,raw,2688,2784,raw:2688:4,low,high
5,0.6208345821647594,0.09692013468414822,0.2151517377334745,0.125,0.7091470707738614,3.2046717747518314,0.31495311022890005,0.31096881819412736,0.38303339366758715,ExchangeRate,raw,2688,2784,raw:2688:5,low,mid
6,0.9121840538405094,0.14910482658595306,0.28689534617543627,0.0,0.49828249049022527,3.2046717747518314,0.31495311022890005,0.44939474220063286,0.27107853357304174,ExchangeRate,raw,2688,2784,raw:2688:6,high,low
7,0.764479251088934,0.11141973791896961,0.5971039771368586,0.0,0.5646205992695029,3.2046717747518314,0.31495311022890005,0.4910009887149207,0.29319123649946766,ExchangeRate,raw,2688,2784,raw:2688:7,high,low
0,0.7320515638771752,0.13359708098729406,0.10795357285064824,0.0,0.5077948497982574,3.9278419931243946,0.4182631412773947,0.3245340725717058,0.3086859970252174,ExchangeRate,raw,2712,2808,raw:2712:0,low,low
1,0.8473223061581976,0.1507658731844677,0.4366595166669675,0.5,0.9329517972579742,3.9278419931243946,0.4182631412773947,0.47824923200321096,0.6170716461784563,ExchangeRate,raw,2712,2808,raw:2712:1,high,high
2,0.8076482084275158,0.16463951048029685,0.09820849742099501,0.0,0.5663803245048509,3.9278419931243946,0.4182631412773947,0.35683207210960255,0.32821448859408187,ExchangeRate,raw,2712,2808,raw:2712:2,mid,low
3,0.8214559111392219,0.21863886202845778,0.3575518734671719,0.5,0.8900259806126822,3.9278419931243946,0.4182631412773947,0.4658822155449505,0.6027630406300256,ExchangeRate,raw,2712,2808,raw:2712:3,high,high
4,0.4257246341944988,0.28402007826046605,0.536527484324615,1.0,0.794003201504272,3.9278419931243946,0.4182631412773947,0.4154240655931933,0.7374221142605556,ExchangeRate,raw,2712,2808,raw:2712:4,mid,high
5,0.949916870228748,0.04464483911476465,0.15265843464277076,0.125,0.6744547108872494,3.9278419931243946,0.4182631412773947,0.38240671466209447,0.40590595072154806,ExchangeRate,raw,2712,2808,raw:2712:5,mid,mid
6,0.981091893191445,0.09429913667942302,0.169888473226006,0.25,0.7450178388222972,3.9278419931243946,0.4182631412773947,0.415093167698958,0.47109366003323067,ExchangeRate,raw,2712,2808,raw:2712:6,mid,high
7,0.7386730357240621,0.4669120705671066,0.15135896733520024,0.125,0.789574947838372,3.9278419931243946,0.4182631412773947,0.45231469120878964,0.4442793630385889,ExchangeRate,raw,2712,2808,raw:2712:7,high,mid
0,0.7350714706214387,0.20436568556642315,0.4774906955434521,0.0,0.6094301502122096,3.459716755589103,0.3513881074393174,0.47230928391043797,0.32027275255050897,ExchangeRate,raw,2736,2832,raw:2736:0,high,low
1,0.5250003574346247,0.11412526373235389,0.3247815630258458,0.625,0.8863074243475102,3.459716755589103,0.3513881074393174,0.32130239473094147,0.6208985105956092,ExchangeRate,raw,2736,2832,raw:2736:1,low,high
2,0.6402926421725068,0.2994772640054531,0.2289444201075898,0.0,0.5520955832111123,3.459716755589103,0.3513881074393174,0.38957144209518324,0.3011612302168099,ExchangeRate,raw,2736,2832,raw:2736:2,mid,low
3,0.5306066535348325,0.4459493504963894,0.14140534674695177,0.375,0.8480395218407546,3.459716755589103,0.3513881074393174,0.37265378359272455,0.524809209760024,ExchangeRate,raw,2736,2832,raw:2736:3,mid,high
4,0.23219401061730593,0.298077884018197,0.49743340783996876,1.0,0.7855962425550799,3.459716755589103,0.3513881074393174,0.34256843415849053,0.7123281166647991,ExchangeRate,raw,2736,2832,raw:2736:4,low,high
5,0.7988448425621073,0.14871505702562005,0.13371727580674894,0.0,0.5492449630445644,3.459716755589103,0.3513881074393174,0.3604257251314921,0.3002110234946273,ExchangeRate,raw,2736,2832,raw:2736:5,mid,low
6,0.9612565530933567,0.05040435638715204,0.01305528622880094,0.125,0.4675289652887563,3.459716755589103,0.3513881074393174,0.3415720652364365,0.31463902424269125,ExchangeRate,raw,2736,2832,raw:2736:6,low,low
7,0.5591951139656659,0.05090990784893677,0.05000763028964419,0.0,0.6524611270296911,3.459716755589103,0.3513881074393174,0.22003755070141562,0.3346164114896695,ExchangeRate,raw,2736,2832,raw:2736:7,low,low
0,0.6542450630746617,0.1999405304721214,0.05936787571986846,0.125,0.783267821368993,5.387642375220416,0.6268060527074794,0.3045178230888838,0.5116912913588241,ExchangeRate,raw,2760,2856,raw:2760:0,low,high
1,0.7458027767729409,0.1428514303726081,0.4585344443677296,0.5,0.8741777905841374,5.387642375220416,0.6268060527074794,0.4490628838377595,0.6669946144305389,ExchangeRate,raw,2760,2856,raw:2760:1,high,high
2,0.6208249145463622,0.08752696828673134,0.14716281930085642,0.5,0.9437367363579974,5.387642375220416,0.6268060527074794,0.2851715673779833,0.6901809296884922,ExchangeRate,raw,2760,2856,raw:2760:2,low,high
3,0.8354561798017623,0.18943548363456386,0.20806437678038087,0.25,0.899914098373734,5.387642375220416,0.6268060527074794,0.41098534673890236,0.5922400503604045,ExchangeRate,raw,2760,2856,raw:2760:3,mid,high
4,0.40793179894102893,0.1905113826360576,0.49317104943242757,1.0,0.6977565890973849,5.387642375220416,0.6268060527074794,0.36387141033650466,0.7748542139349547,ExchangeRate,raw,2760,2856,raw:2760:4,mid,high
5,0.25037289451989486,0.1726019842736925,0.5358675793416633,0.25,0.8166396405950929,5.387642375220416,0.6268060527074794,0.3196141527117502,0.5644818977675241,ExchangeRate,raw,2760,2856,raw:2760:5,low,high
6,0.5482684513279958,0.2322530221264737,0.7863161960744527,0.25,0.8231040285293468,5.387642375220416,0.6268060527074794,0.5222792231763074,0.5666366937456088,ExchangeRate,raw,2760,2856,raw:2760:6,high,high
7,0.30986416099284086,0.2425165113844548,0.18932199672140101,0.125,0.8154632576028741,5.387642375220416,0.6268060527074794,0.2472342230328989,0.5224231034367844,ExchangeRate,raw,2760,2856,raw:2760:7,low,high
0,0.1557821797172867,0.220060323875377,0.5248946579683411,0.625,0.9188139340914153,3.819127945746818,0.40273256310278466,0.30024572052033494,0.6488488323980667,ExchangeRate,raw,2784,2880,raw:2784:0,low,high
1,0.2689700114010771,0.11315772186756015,0.10380873962919177,0.125,0.6593627757348977,3.819127945746818,0.40273256310278466,0.16197882429927635,0.39569844627922746,ExchangeRate,raw,2784,2880,raw:2784:1,low,mid
2,0.3680790945677027,0.34075812125511734,0.402001519492413,0.25,0.7635944097475179,3.819127945746818,0.40273256310278466,0.370279578438411,0.4721089909501009,ExchangeRate,raw,2784,2880,raw:2784:2,mid,high
3,0.4046496100422763,0.024775306877840818,0.09003410491257292,0.0,0.2846754975336929,3.819127945746818,0.40273256310278466,0.17315300727756333,0.2291360202121592,ExchangeRate,raw,2784,2880,raw:2784:3,low,low
4,0.3169521250745545,0.41276486181251426,0.5155979463345016,1.0,0.7270833383032007,3.819127945746818,0.40273256310278466,0.4151049777405234,0.7099386338019951,ExchangeRate,raw,2784,2880,raw:2784:4,mid,high
5,0.68082663067474,0.12933236620791924,0.176658514930138,0.25,0.8812809065186757,3.819127945746818,0.40273256310278466,0.32893917060426575,0.5113378232071535,ExchangeRate,raw,2784,2880,raw:2784:5,low,high
6,0.7760665798704562,0.5029417772283211,0.3732202486875297,0.0,0.5019378683011665,3.819127945746818,0.40273256310278466,0.5507428685954356,0.3015568104679837,ExchangeRate,raw,2784,2880,raw:2784:6,high,low
7,0.34350935287071604,0.08868516400789953,0.34349348287816084,0.0,0.7933685794342236,3.819127945746818,0.40273256310278466,0.2585626665855921,0.39870038084566944,ExchangeRate,raw,2784,2880,raw:2784:7,low,mid
0,0.3896792647886985,0.46807456312851,0.27419841034195286,0.25,0.7660589163713263,4.083439121344088,0.44049130241988216,0.3773174127530538,0.4855167395970695,ExchangeRate,raw,2808,2904,raw:2808:0,mid,high
1,0.8189819167076398,0.18398659078328755,0.20292112880152088,0.125,0.8117392405237941,4.083439121344088,0.44049130241988216,0.40196321209748276,0.4590768476478921,ExchangeRate,raw,2808,2904,raw:2808:1,mid,mid
2,0.39300571707848264,0.05288533101600525,0.800470904179399,0.125,0.6562537002631897,4.083439121344088,0.44049130241988216,0.41545398409129564,0.40724833422769063,ExchangeRate,raw,2808,2904,raw:2808:2,mid,mid
3,0.9351338015956147,0.2978197981556828,0.07563489971583415,0.0,0.8308221276837974,4.083439121344088,0.44049130241988216,0.43619616648904386,0.4237711433678932,ExchangeRate,raw,2808,2904,raw:2808:3,high,mid
4,0.15182788708643213,0.2910636763978967,0.4950733804368351,1.0,0.726787218894245,4.083439121344088,0.44049130241988216,0.31265498130705466,0.7224261737713756,ExchangeRate,raw,2808,2904,raw:2808:4,low,high
5,0.6462041193420867,0.20762704273352328,0.3336056898558175,0.0,0.5650999148160339,4.083439121344088,0.44049130241988216,0.3958122839771425,0.335197072411972,ExchangeRate,raw,2808,2904,raw:2808:5,mid,low
6,0.9548697882874793,0.03026611349056105,0.7271028649155611,0.0,0.7244679071794974,4.083439121344088,0.44049130241988216,0.5707462555645338,0.3883197365331265,ExchangeRate,raw,2808,2904,raw:2808:6,high,mid
7,0.7086868850573222,0.20252502827189095,0.5306239591835364,0.125,0.7443072409972423,4.083439121344088,0.44049130241988216,0.48061195750424984,0.43659951447237483,ExchangeRate,raw,2808,2904,raw:2808:7,high,mid
0,0.574390324165092,0.08068542856721964,0.4591050769205068,0.125,0.6069798707775946,3.265095774771442,0.32358511021937014,0.3713936098842728,0.3518549936656549,ExchangeRate,raw,2832,2928,raw:2832:0,mid,low
1,0.7716255807437343,0.2880747329426262,0.06283410494780932,0.0,0.7893634369414314,3.265095774771442,0.32358511021937014,0.3741781395447233,0.3709828490536005,ExchangeRate,raw,2832,2928,raw:2832:1,mid,mid
2,0.8754738014882717,0.43648058426390535,0.2713212538126836,0.25,0.8289064975803732,3.265095774771442,0.32358511021937014,0.5277585465216202,0.46749720259991445,ExchangeRate,raw,2832,2928,raw:2832:2,high,high
3,0.7911951078350825,0.12215782308948324,0.13077261864346504,0.25,0.7736525143773564,3.265095774771442,0.32358511021937014,0.3480418498560103,0.44907920819890884,ExchangeRate,raw,2832,2928,raw:2832:3,mid,mid
4,0.5342814847438059,0.2518881157380425,0.3349714138062988,1.0,0.7697245317816159,3.265095774771442,0.32358511021937014,0.37371367142938244,0.6977698806669954,ExchangeRate,raw,2832,2928,raw:2832:4,mid,high
5,0.8435900723818714,0.16359206691541145,0.03296665735421387,0.125,0.7212817393243485,3.265095774771442,0.32358511021937014,0.3467162655504989,0.38995561651457283,ExchangeRate,raw,2832,2928,raw:2832:5,mid,mid
6,0.7586742852661208,0.028920125626348103,0.004482259166334613,0.0,0.30888824921487856,3.265095774771442,0.32358511021937014,0.2640255566862678,0.21082445314474954,ExchangeRate,raw,2832,2928,raw:2832:6,low,low
7,0.24182411101209444,0.06396166297158207,0.19760717269404268,0.0,0.5599946367424975,3.265095774771442,0.32358511021937014,0.16779764889257306,0.2945265823206225,ExchangeRate,raw,2832,2928,raw:2832:7,low,low
0,0.5028905577766873,0.09378701607008255,0.09315239975522231,0.125,0.6454971098905397,3.510499959498115,0.35864285084452663,0.22994332453399738,0.3763799869116888,ExchangeRate,raw,2856,2952,raw:2856:0,low,mid
1,0.19546592881153546,0.22813085486776014,0.1317069452433102,0.125,0.5824882298933601,3.510499959498115,0.35864285084452663,0.18510124297420194,0.3553770269126289,ExchangeRate,raw,2856,2952,raw:2856:1,low,low
2,0.6972244662656275,0.17421782241285333,0.16105813003434202,0.25,0.841818928619468,3.510499959498115,0.35864285084452663,0.3441668062376076,0.4834872598213315,ExchangeRate,raw,2856,2952,raw:2856:2,low,high
3,0.7359189201454892,0.12348393999788401,0.2213880808511775,0.125,0.6524460649875915,3.510499959498115,0.35864285084452663,0.36026364699818353,0.3786963052773727,ExchangeRate,raw,2856,2952,raw:2856:3,mid,mid
4,0.694577450043363,0.2844200278258019,0.5696705146853174,1.0,0.8803274724423545,3.510499959498115,0.35864285084452663,0.5162226641848274,0.746323441095627,ExchangeRate,raw,2856,2952,raw:2856:4,high,high
5,0.6054469503256915,0.11386604639152667,0.7925797130422809,0.0,0.5967435537411716,3.510499959498115,0.35864285084452663,0.5039642365864997,0.3184621348618994,ExchangeRate,raw,2856,2952,raw:2856:5,high,low
6,0.9318796256315723,0.16494559923138552,0.30522063392768206,0.0,0.7039179769617937,3.510499959498115,0.35864285084452663,0.46734861959688007,0.35418694260210676,ExchangeRate,raw,2856,2952,raw:2856:6,high,low
7,0.8608555842184156,0.5063636897903036,0.05608222680881944,0.125,0.5209566036444874,3.510499959498115,0.35864285084452663,0.47443383360584623,0.33486648482967135,ExchangeRate,raw,2856,2952,raw:2856:7,high,low
0,0.8325264820387136,0.13065436152715915,0.3030196093478233,0.125,0.6857618662052416,4.365929506557801,0.48084707167847585,0.4220668176378987,0.4305363126279058,ExchangeRate,raw,2880,2976,raw:2880:0,high,mid
1,0.44780334982645675,0.07762029995008154,0.47863228358593635,0.125,0.8213804266289503,4.365929506557801,0.48084707167847585,0.33468531112082484,0.47574249943580876,ExchangeRate,raw,2880,2976,raw:2880:1,low,high
2,0.7668549634519561,0.3239355624546183,0.21060004835652654,0.25,0.7607974610099499,4.365929506557801,0.48084707167847585,0.4337968580877003,0.49721484422947526,ExchangeRate,raw,2880,2976,raw:2880:2,high,high
3,0.8111372031505573,0.4175269176378648,0.31424035303594955,0.375,0.8283110626289434,4.365929506557801,0.48084707167847585,0.5143014912747906,0.5613860447691398,ExchangeRate,raw,2880,2976,raw:2880:3,high,high
4,0.9147849262492984,0.3752028938495818,0.1900711281249124,1.0,0.9470968869283575,4.365929506557801,0.48084707167847585,0.49335298274126416,0.8093146528689444,ExchangeRate,raw,2880,2976,raw:2880:4,high,high
5,0.8655205845675904,0.12601570988304325,0.4077734245955895,0.125,0.72088180119923,4.365929506557801,0.48084707167847585,0.4664365730154077,0.44224295762590193,ExchangeRate,raw,2880,2976,raw:2880:5,high,mid
6,0.9625961923938319,0.18108115079177184,0.017540817553559674,0.0,0.6201250977937314,4.365929506557801,0.48084707167847585,0.3870727202463878,0.3669907231574024,ExchangeRate,raw,2880,2976,raw:2880:6,mid,mid
7,0.637124485468354,0.059171767973680095,0.4993029755972564,0.125,0.6857432874602618,4.365929506557801,0.48084707167847585,0.39853307634643015,0.43053011971291255,ExchangeRate,raw,2880,2976,raw:2880:7,mid,mid
0,0.337514653724986,0.15510760579486466,0.3680809741934859,0.375,0.88885109440721,3.1347939882720297,0.30497056931747485,0.2869010779044455,0.522940554574895,ExchangeRate,raw,2904,3000,raw:2904:0,low,high
1,0.38005147126568006,0.39752996367538385,0.4961884991465452,0.25,0.7741946587348727,3.1347939882720297,0.30497056931747485,0.42458997802920306,0.4430550760174492,ExchangeRate,raw,2904,3000,raw:2904:1,high,mid
2,0.761398405801005,0.1846790823028866,0.61736413374435,0.25,0.6051105357977368,3.1347939882720297,0.30497056931747485,0.5211472072827471,0.3866937017050705,ExchangeRate,raw,2904,3000,raw:2904:2,high,mid
3,0.5279759935434467,0.23447344058492,0.6772222545472827,0.5,0.9356325896400388,3.1347939882720297,0.30497056931747485,0.4798905628918832,0.5802010529858379,ExchangeRate,raw,2904,3000,raw:2904:3,high,high
4,0.9302666612781921,0.1663941566343367,0.23294933874315737,0.0,0.9478179962391583,3.1347939882720297,0.30497056931747485,0.44320338555189537,0.4175961885188777,ExchangeRate,raw,2904,3000,raw:2904:4,high,mid
5,0.9492093762227263,0.20932291558531305,0.07859924740853014,0.375,0.8579981984356102,3.1347939882720297,0.30497056931747485,0.4123771797388565,0.512656255917695,ExchangeRate,raw,2904,3000,raw:2904:5,mid,high
6,0.7794113196577874,0.18163634091856454,0.07958584332831463,0.25,0.7896089298376309,3.1347939882720297,0.30497056931747485,0.34687783463488886,0.4481931663850352,ExchangeRate,raw,2904,3000,raw:2904:6,mid,mid
7,0.4755877944905187,0.08377039092707939,0.298808213117498,0.375,0.794621018300437,3.1347939882720297,0.30497056931747485,0.28605546617836536,0.4915305292059706,ExchangeRate,raw,2904,3000,raw:2904:7,low,high
0,0.27156916124438135,0.16452535837508941,0.4372255832040142,0.25,0.9334266948439798,4.874443684929537,0.5534919541992311,0.29110670094116164,0.5789728830144036,ExchangeRate,raw,2928,3024,raw:2928:0,low,high
1,0.7125157323288314,0.2477877738427835,0.5605797091662273,0.25,0.7177951058966721,4.874443684929537,0.5534919541992311,0.5069610717792807,0.5070956866986344,ExchangeRate,raw,2928,3024,raw:2928:1,high,high
2,0.23707908068072037,0.2203233852886881,0.5222438316361422,0.375,0.84852976051389,4.874443684929537,0.5534919541992311,0.3265487658685169,0.5923405715710404,ExchangeRate,raw,2928,3024,raw:2928:2,low,high
3,0.8160160677387607,0.3278288689706716,0.21427733654008935,0.25,0.9217429289876822,4.874443684929537,0.5534919541992311,0.45270742441650724,0.5750782943956377,ExchangeRate,raw,2928,3024,raw:2928:3,high,high
4,0.41670401534785484,0.19500052596387182,0.34846082532513867,0.25,0.8880274107573398,4.874443684929537,0.5534919541992311,0.32005512221228843,0.563839788318857,ExchangeRate,raw,2928,3024,raw:2928:4,low,high
5,0.9187032234820464,0.04912951657722364,0.04479022612780864,0.0,0.41275732347215316,4.874443684929537,0.5534919541992311,0.3375409887290262,0.3220830925571281,ExchangeRate,raw,2928,3024,raw:2928:5,low,low
6,0.39707989748779526,0.1418297263040267,0.5529024595686756,0.25,0.817532443291919,4.874443684929537,0.5534919541992311,0.3639373611201659,0.5403414658303834,ExchangeRate,raw,2928,3024,raw:2928:6,mid,high
7,0.7350323380581749,0.11891397464350921,0.2984591332048596,0.375,0.7127285038826936,4.874443684929537,0.5534919541992311,0.3841351486355145,0.5470734860273082,ExchangeRate,raw,2928,3024,raw:2928:7,mid,high
0,0.7029528755116952,0.08980244614280648,0.7940719077971569,0.375,0.7778766970620038,3.7160810493731553,0.38801157792757707,0.5289424098172195,0.5136294249965269,ExchangeRate,raw,2952,3048,raw:2952:0,high,high
1,0.6510292862190037,0.043268100163866424,0.24814330104052257,0.125,0.669358405461969,3.7160810493731553,0.38801157792757707,0.31414689580779753,0.3941233277965153,ExchangeRate,raw,2952,3048,raw:2952:1,low,mid
2,0.381038197751134,0.4453730697066284,0.6083425179052495,0.125,0.8314581137796428,3.7160810493731553,0.38801157792757707,0.47825126178767063,0.4481565639024066,ExchangeRate,raw,2952,3048,raw:2952:2,high,mid
3,0.47550525326611204,0.09633386457693255,0.21843218782021723,0.25,0.678735214054416,3.7160810493731553,0.38801157792757707,0.2634237685544206,0.43891559732733104,ExchangeRate,raw,2952,3048,raw:2952:3,low,mid
4,0.878053005440644,0.14564791501329444,0.5769230758207111,0.125,0.9348563118850974,3.7160810493731553,0.38801157792757707,0.5335413320915499,0.48262262993755817,ExchangeRate,raw,2952,3048,raw:2952:4,high,high
5,0.09776612021300413,0.41591348599178707,0.46993275531216705,0.125,0.7513497621791033,3.7160810493731553,0.38801157792757707,0.32787078717231943,0.42145378003556017,ExchangeRate,raw,2952,3048,raw:2952:5,low,mid
6,0.6294063162898123,0.10821180203629746,0.18241692800137388,0.25,0.7194935548381581,3.7160810493731553,0.38801157792757707,0.30667834877582784,0.45250171092191177,ExchangeRate,raw,2952,3048,raw:2952:6,low,mid
7,0.8559225070341645,0.06583795204178935,0.9076574353081656,0.125,0.7905312405248688,3.7160810493731553,0.38801157792757707,0.6098059647947065,0.43451427281748195,ExchangeRate,raw,2952,3048,raw:2952:7,high,mid
0,0.8757126819948389,0.06987919351747657,0.04196700565623772,0.625,0.8554873965494358,3.465721263606377,0.3522458942977026,0.329186293722851,0.6109110969490462,ExchangeRate,raw,2976,3072,raw:2976:0,low,high
1,0.7975041551463768,0.38105116215743284,0.2640295188436234,0.25,0.790926885508953,3.465721263606377,0.3522458942977026,0.4808616120491444,0.46439092660221853,ExchangeRate,raw,2976,3072,raw:2976:1,high,mid
2,0.8446672622682909,0.35875023540803064,0.844521841315499,0.125,0.7867778713998551,3.465721263606377,0.3522458942977026,0.6826464463306068,0.42134125523251925,ExchangeRate,raw,2976,3072,raw:2976:2,high,mid
3,0.8685194270455676,0.09302346037140233,0.1826701721906102,0.125,0.7122435040000978,3.465721263606377,0.3522458942977026,0.3814043532025267,0.39649646609926686,ExchangeRate,raw,2976,3072,raw:2976:3,mid,mid
4,0.7400741967166862,0.1181446128016162,0.16928392403990297,0.75,0.9632065965280827,3.465721263606377,0.3522458942977026,0.3425009111860684,0.6884841636085951,ExchangeRate,raw,2976,3072,raw:2976:4,low,high
5,0.8394997647178642,0.21040073955925143,0.7831055150511917,0.125,0.84716859092209,3.465721263606377,0.3522458942977026,0.6110020064427691,0.44147149507326416,ExchangeRate,raw,2976,3072,raw:2976:5,high,mid
6,0.8671545810522622,0.563768844925804,0.5094908042326846,0.125,0.7662179084240289,3.465721263606377,0.3522458942977026,0.6468047434035835,0.41448793424057717,ExchangeRate,raw,2976,3072,raw:2976:6,high,mid
7,0.8649840393178931,0.13971021970379757,0.02269184151704126,0.375,0.7183917046565035,3.465721263606377,0.3522458942977026,0.34246203351291066,0.48187919965140197,ExchangeRate,raw,2976,3072,raw:2976:7,low,high
0,0.8373419516950238,0.42036962095909736,0.09361733557777129,0.25,0.8688618235412847,2.762874544267486,0.25183922024987054,0.4504429694106307,0.4569003479303851,ExchangeRate,raw,3000,3096,raw:3000:0,high,mid
1,0.8715791910453184,0.06656144439018882,0.0816735404573624,0.125,0.6287585553954049,2.762874544267486,0.25183922024987054,0.33993805863095655,0.33519925854842514,ExchangeRate,raw,3000,3096,raw:3000:1,low,low
2,0.936469178167552,0.29507655545516837,0.014476281228962933,0.25,0.9067184551761149,2.762874544267486,0.25183922024987054,0.4153406716172278,0.4695192251419951,ExchangeRate,raw,3000,3096,raw:3000:2,mid,high
3,0.9361959707533701,0.14834370776919736,0.19438441164348802,0.0,0.8095579554733895,2.762874544267486,0.25183922024987054,0.42630803005535184,0.35379905857442,ExchangeRate,raw,3000,3096,raw:3000:3,high,low
4,0.4902204751912079,0.22808063102940324,0.37196521933970095,1.0,0.9514195898130975,2.762874544267486,0.25183922024987054,0.3634221085201041,0.7344196033543228,ExchangeRate,raw,3000,3096,raw:3000:4,mid,high
5,0.8659826746444432,0.41666138471775727,0.042791339313162535,0.125,0.7784944145313629,2.762874544267486,0.25183922024987054,0.4418117995584543,0.3851112115937445,ExchangeRate,raw,3000,3096,raw:3000:5,high,mid
6,0.8707276365936601,0.6049445284321555,0.04531109492609506,0.125,0.7828997141861916,2.762874544267486,0.25183922024987054,0.5069944199839702,0.38657964481202073,ExchangeRate,raw,3000,3096,raw:3000:6,high,mid
7,0.8627779578097994,0.19737334477713744,0.022155805411642616,0.0,0.8014990925913961,2.762874544267486,0.25183922024987054,0.36076903599952653,0.35111277094708887,ExchangeRate,raw,3000,3096,raw:3000:7,mid,low
0,0.7618381180804685,0.08579108208538822,0.0801880803392291,0.0,0.505067136741139,3.120607593625392,0.3029439415137075,0.3092724268350286,0.26933702608494886,ExchangeRate,raw,3024,3120,raw:3024:0,low,low
1,0.9260098870655262,0.15740768002524974,0.139489525755448,0.125,0.7521745698427029,3.120607593625392,0.3029439415137075,0.407635697615408,0.39337283711880344,ExchangeRate,raw,3024,3120,raw:3024:1,mid,mid
2,0.611139654324099,0.03599855317170151,0.032044767800469026,0.0,0.5432090625603282,3.120607593625392,0.3029439415137075,0.22639432509875654,0.2820510013580119,ExchangeRate,raw,3024,3120,raw:3024:2,low,low
3,0.835518813233749,0.4689109230379058,0.034296450664244645,0.375,0.8865027484689337,3.120607593625392,0.3029439415137075,0.4462420623119665,0.5214822299942137,ExchangeRate,raw,3024,3120,raw:3024:3,high,high
4,0.4892172397977257,0.3527787277813319,0.10833112317258346,1.0,0.8778315279094211,3.120607593625392,0.3029439415137075,0.3167756969172137,0.7269251564743762,ExchangeRate,raw,3024,3120,raw:3024:4,low,high
5,0.7902345837585902,0.3710873502389073,0.013943065730156273,0.375,0.7510638298508576,3.120607593625392,0.3029439415137075,0.39175499990921797,0.47633592378818834,ExchangeRate,raw,3024,3120,raw:3024:5,mid,high
6,0.6704357246286649,0.20468805418818253,0.020701432797142833,0.5,0.830858502085493,3.120607593625392,0.3029439415137075,0.2986084038713301,0.5446008145330667,ExchangeRate,raw,3024,3120,raw:3024:6,low,high
7,0.9414109331502492,0.0643351313272457,0.08435514770899821,0.0,0.5739286271717908,3.120607593625392,0.3029439415137075,0.363367070728831,0.29229085622849943,ExchangeRate,raw,3024,3120,raw:3024:7,mid,low
0,0.6967863723426174,0.050240574708679216,0.5049814960533958,0.0,0.6285819616687938,3.404359265139697,0.3434798945292712,0.4173361477015642,0.32402061873268834,ExchangeRate,raw,3048,3144,raw:3048:0,mid,low
1,0.9764977843071904,0.0325676944761409,0.09927855888770468,0.125,0.5933133531407513,3.404359265139697,0.3434798945292712,0.36944801255701204,0.35393108255667416,ExchangeRate,raw,3048,3144,raw:3048:1,mid,low
2,0.5584031966031218,0.03533891750504463,0.6104075446094753,0.125,0.5972775356071847,3.404359265139697,0.3434798945292712,0.40138321957254725,0.35525247671215193,ExchangeRate,raw,3048,3144,raw:3048:2,mid,low
3,0.8835958099654628,0.13125975772419612,0.06820726544329417,0.0,0.6296628817807886,3.404359265139697,0.3434798945292712,0.36102094437765103,0.32438092543668656,ExchangeRate,raw,3048,3144,raw:3048:3,mid,low
4,0.7440490360486876,0.27382687413966783,0.3496845001967073,1.0,0.9315920911330934,3.404359265139697,0.3434798945292712,0.45585347012835425,0.7583573285541215,ExchangeRate,raw,3048,3144,raw:3048:4,high,high
5,0.8236373809510751,0.1684009374811248,0.130356151599499,0.125,0.7619244428242976,3.404359265139697,0.3434798945292712,0.37413149001056634,0.41013477911785623,ExchangeRate,raw,3048,3144,raw:3048:5,mid,mid
6,0.8828399272623635,0.17364429732340997,0.18003212250573195,0.125,0.8884382729567828,3.404359265139697,0.3434798945292712,0.4121721156971685,0.45230605582868466,ExchangeRate,raw,3048,3144,raw:3048:6,mid,mid
7,0.7692863815716959,0.06542474074992276,0.06707624669053724,0.0,0.49037763931261485,3.404359265139697,0.3434798945292712,0.30059578967071865,0.2779525112806287,ExchangeRate,raw,3048,3144,raw:3048:7,low,low
0,0.8750955535907812,0.21270185657260493,0.0539501828743307,0.0,0.6468646856237805,1.9833245497071124,0.14047493547176615,0.3805825310125723,0.2624465403651822,ExchangeRate,raw,3072,3168,raw:3072:0,mid,low
1,0.7793262852879976,0.5025298556200231,0.7882733887848077,0.125,0.6311690781452264,1.9833245497071124,0.14047493547176615,0.6900431765642762,0.29888133787233084,ExchangeRate,raw,3072,3168,raw:3072:1,high,low
2,0.7246751817818056,0.3678402447831749,0.04303531826209115,0.375,0.5859160261653706,1.9833245497071124,0.14047493547176615,0.3785169149423571,0.3671303205457123,ExchangeRate,raw,3072,3168,raw:3072:2,mid,mid
3,0.7142580946876287,0.656373404765711,0.7193375540280303,0.125,0.7467579416491127,1.9833245497071124,0.14047493547176615,0.6966563511604567,0.33741095904029295,ExchangeRate,raw,3072,3168,raw:3072:3,high,low
4,0.16629279016401266,0.12459666679117812,0.49781532443650195,1.0,0.857657696197065,1.9833245497071124,0.14047493547176615,0.26290159379723094,0.666044210556277,ExchangeRate,raw,3072,3168,raw:3072:4,low,high
5,0.30294337456128395,0.0835933150820736,0.433498247766381,0.125,0.5121058567018444,1.9833245497071124,0.14047493547176615,0.2733449791365795,0.2591935973912035,ExchangeRate,raw,3072,3168,raw:3072:5,low,low
6,0.19793670076717418,0.03133177997787574,0.4045490379254366,0.0,0.525968080008457,1.9833245497071124,0.14047493547176615,0.2112725062234955,0.22214767182674103,ExchangeRate,raw,3072,3168,raw:3072:6,low,low
7,0.8464028409695648,0.0801660335831988,0.06540649893719044,0.125,0.6467853779615822,1.9833245497071124,0.14047493547176615,0.33065845782998465,0.30408677114444943,ExchangeRate,raw,3072,3168,raw:3072:7,low,low
0,0.352997171373723,0.1551106296657088,0.5821396891298931,0.125,0.7803983387490709,2.0256825830306817,0.14652608308077442,0.3634158300564416,0.35064147394328177,ExchangeRate,raw,3096,3192,raw:3096:0,mid,low
1,0.5798572780265275,0.2838627340225761,0.5843573513923975,0.125,0.8397915135616137,2.0256825830306817,0.14652608308077442,0.4826924544805004,0.370439198880796,ExchangeRate,raw,3096,3192,raw:3096:1,high,mid
2,0.5847598666752578,0.12243148097833714,0.0724021114632487,0.25,0.7778283499385349,2.0256825830306817,0.14652608308077442,0.2598644863722812,0.3914514776731031,ExchangeRate,raw,3096,3192,raw:3096:2,low,mid
3,0.1733406441437101,0.17651921322674996,0.242486382129315,0.25,0.8213974840646528,2.0256825830306817,0.14652608308077442,0.19744874649992503,0.40597452238180914,ExchangeRate,raw,3096,3192,raw:3096:3,low,mid
4,0.8365782834641737,0.1806976378188878,0.502772125739843,0.375,0.8876856854756972,2.0256825830306817,0.14652608308077442,0.5066826823409681,0.4697372561854905,ExchangeRate,raw,3096,3192,raw:3096:4,high,high
5,0.7953900819872536,0.4153317333753819,0.11008742467263312,0.125,0.8292426673057405,2.0256825830306817,0.14652608308077442,0.4402697466784229,0.366922916795505,ExchangeRate,raw,3096,3192,raw:3096:5,high,mid
6,0.7644940578489825,0.4952416197828118,0.10251074142290947,0.375,0.8334849349840151,2.0256825830306817,0.14652608308077442,0.45408213968490124,0.4516703393549298,ExchangeRate,raw,3096,3192,raw:3096:6,high,mid
7,0.7953858467559016,0.07752466808785605,0.5369710300112153,0.0,0.6229329723119476,2.0256825830306817,0.14652608308077442,0.4699605149516577,0.256486351797574,ExchangeRate,raw,3096,3192,raw:3096:7,high,low
0,0.8436317933002251,0.2245089000820285,0.19289635693577414,0.375,0.8380723281532302,1.2279457399277924,0.03256367708602224,0.4203456834393426,0.41521200174641754,ExchangeRate,raw,3120,3216,raw:3120:0,mid,mid
1,0.690066498288595,0.347282704679429,0.4098363754404151,0.375,0.7810223066760983,1.2279457399277924,0.03256367708602224,0.482395192802813,0.3961953279207069,ExchangeRate,raw,3120,3216,raw:3120:1,high,mid
2,0.5727660387390987,0.2379824126846167,0.383956201312152,0.125,0.852356606536042,1.2279457399277924,0.03256367708602224,0.39823488424528913,0.33664009454068805,ExchangeRate,raw,3120,3216,raw:3120:2,mid,low
3,0.8681590954695526,0.39754183672723187,0.3137674959462272,0.125,0.7951876315860306,1.2279457399277924,0.03256367708602224,0.5264894760476705,0.31758376955735096,ExchangeRate,raw,3120,3216,raw:3120:3,high,low
4,0.9988555181289748,0.3625615154989774,0.24111312027607612,0.625,0.8623778959577448,1.2279457399277924,0.03256367708602224,0.5341767179680095,0.506647191014589,ExchangeRate,raw,3120,3216,raw:3120:4,high,high
5,0.4026584939383814,0.551701415862506,0.036184027412526416,0.125,0.7211050449281169,1.2279457399277924,0.03256367708602224,0.3301813124044713,0.29288957400471305,ExchangeRate,raw,3120,3216,raw:3120:5,low,low
6,0.5860147664140247,0.28776433471281604,0.6239982352616968,0.0,0.5619600102678695,1.2279457399277924,0.03256367708602224,0.4992591121295125,0.19817456245129725,ExchangeRate,raw,3120,3216,raw:3120:6,high,low
7,0.9454278102559793,0.31452376605728144,0.07419984261758782,0.125,0.8614222457598844,1.2279457399277924,0.03256367708602224,0.4447171396436162,0.33966197428196887,ExchangeRate,raw,3120,3216,raw:3120:7,high,low
0,0.8169462362750799,0.40215567128883645,0.040828161973225294,0.25,0.8112033113688825,1.042813537421967,0.006116219622972104,0.41997668984571385,0.3557731769972849,ExchangeRate,raw,3144,3240,raw:3144:0,mid,low
1,0.8431234167533048,0.07655232118576318,0.6591664146873166,0.25,0.79114000139038,1.042813537421967,0.006116219622972104,0.5262807175421282,0.3490854070044507,ExchangeRate,raw,3144,3240,raw:3144:1,high,low
2,0.8127703176063695,0.47671657360162345,0.16724724843747457,0.25,0.8340344246957074,1.042813537421967,0.006116219622972104,0.48557804654848913,0.3633835481062265,ExchangeRate,raw,3144,3240,raw:3144:2,high,mid
3,0.9140340475966435,0.21087332548846,0.3496574833757154,0.125,0.7276964593137,1.042813537421967,0.006116219622972104,0.49152161882027295,0.2862708929788907,ExchangeRate,raw,3144,3240,raw:3144:3,high,low
4,0.9966388814197166,0.24546963937937558,0.0,0.625,0.8835482784092532,1.042813537421967,0.006116219622972104,0.41403617359969735,0.5048881660107417,ExchangeRate,raw,3144,3240,raw:3144:4,mid,high
5,0.6499934221318104,0.1997737651795688,0.6663836863279147,0.125,0.6986789389709045,1.042813537421967,0.006116219622972104,0.5053836245464313,0.2765983861979589,ExchangeRate,raw,3144,3240,raw:3144:5,high,low
6,0.7834775898342288,0.21599872019640887,0.21341243653899616,0.375,0.8464883469220381,1.042813537421967,0.006116219622972104,0.40429624885654464,0.40920152218167005,ExchangeRate,raw,3144,3240,raw:3144:6,mid,mid
7,0.8270985884745226,0.35510040738139115,0.07921809692262628,0.125,0.8056847614435357,1.042813537421967,0.006116219622972104,0.4204723642595134,0.312266993688836,ExchangeRate,raw,3144,3240,raw:3144:7,mid,low
0,0.9660389727183422,0.6022931085846785,0.13889786661484213,0.25,0.861922701679786,1.2230867697541483,0.03186953849077899,0.5690766493059543,0.381264080056855,ExchangeRate,raw,3168,3264,raw:3168:0,high,mid
1,0.4129024059649653,0.4337622330165592,0.1697948660933768,0.125,0.7074422749518058,1.2230867697541483,0.03186953849077899,0.3388198350249671,0.2881039378141949,ExchangeRate,raw,3168,3264,raw:3168:1,low,low
2,0.9023155678204103,0.11378099682133333,0.2544975923869086,0.125,0.6614423964971444,1.2230867697541483,0.03186953849077899,0.42353138567621745,0.2727706449959745,ExchangeRate,raw,3168,3264,raw:3168:2,high,low
3,0.9407830209968822,0.0643554626247801,0.03836364854928076,0.125,0.7971159223312081,1.2230867697541483,0.03186953849077899,0.3478340440569811,0.31799515360732905,ExchangeRate,raw,3168,3264,raw:3168:3,mid,low
4,0.9990854964053858,0.16758948582073066,0.4999999999969023,0.375,0.9446603612621464,1.2230867697541483,0.03186953849077899,0.5555583274076729,0.4505099665843084,ExchangeRate,raw,3168,3264,raw:3168:4,high,mid
5,0.7549885221924976,0.09721992969847246,0.1367022210419955,0.125,0.6421586975737772,1.2230867697541483,0.03186953849077899,0.3296368909776552,0.2663427453548521,ExchangeRate,raw,3168,3264,raw:3168:5,low,low
6,0.6741895694491717,0.07917213591219265,0.12775829502519997,0.125,0.7184451606518553,1.2230867697541483,0.03186953849077899,0.29370666679552143,0.2917715663808781,ExchangeRate,raw,3168,3264,raw:3168:6,low,low
7,0.9857052943973903,0.11224693246230721,0.05751433415711424,0.125,0.779509155223456,1.2230867697541483,0.03186953849077899,0.38515552033893724,0.3121262312380783,ExchangeRate,raw,3168,3264,raw:3168:7,mid,low
0,0.669610126619935,0.22303415049268235,0.23857165483797158,0.25,0.6964774055036795,2.0324702329494504,0.147495747353499,0.377071977316863,0.3646577176190595,ExchangeRate,raw,3192,3288,raw:3192:0,mid,mid
1,0.3809873716087323,0.11657610215432314,0.10063029074504339,0.25,0.8539408288134287,2.0324702329494504,0.147495747353499,0.1993979215026996,0.4171455253889759,ExchangeRate,raw,3192,3288,raw:3192:1,low,mid
2,0.8264412310101374,0.1254785078697978,0.2201724978663706,0.0,0.689381815149819,2.0324702329494504,0.147495747353499,0.3906974122487686,0.278959187501106,ExchangeRate,raw,3192,3288,raw:3192:2,mid,low
3,0.3670823578930835,0.06510483066328676,0.24168442583229283,0.125,0.8160167403461124,2.0324702329494504,0.147495747353499,0.22462387146288773,0.3628374958998704,ExchangeRate,raw,3192,3288,raw:3192:3,low,mid
4,0.9982075133934265,0.17775248098422708,0.3049985084069998,0.125,0.965139875194884,2.0324702329494504,0.147495747353499,0.4936528342615511,0.4125452075161276,ExchangeRate,raw,3192,3288,raw:3192:4,high,mid
5,0.46080096828017825,0.02674524636023853,0.37240033439586884,0.25,0.7841342267608833,2.0324702329494504,0.147495747353499,0.28664884967876186,0.39387665803812744,ExchangeRate,raw,3192,3288,raw:3192:5,low,mid
6,0.5864504961592145,0.03184924986761317,0.744384797168874,0.25,0.7536639039620268,2.0324702329494504,0.147495747353499,0.4542281810652338,0.3837198837718419,ExchangeRate,raw,3192,3288,raw:3192:6,high,mid
7,0.7694360840984318,0.04621677232025445,0.16663997070556238,0.125,0.6782209612934896,2.0324702329494504,0.147495747353499,0.3274309423747495,0.31690556954899624,ExchangeRate,raw,3192,3288,raw:3192:7,low,low
0,0.9591867463018399,0.17257277567499768,0.09659684017310982,0.25,0.7458433989125163,2.6649941802632173,0.23785631112637917,0.4094521207166491,0.4112332366796318,ExchangeRate,raw,3216,3312,raw:3216:0,mid,mid
1,0.454919076838588,0.09493529234103425,0.06877476243444793,0.0,0.45878679453859095,2.6649941802632173,0.23785631112637917,0.2062097105380234,0.23221436855499003,ExchangeRate,raw,3216,3312,raw:3216:1,low,low
2,0.925884374919984,0.1251887418526596,0.06290193432564563,0.375,0.8244834965336283,2.6649941802632173,0.23785631112637917,0.3713250170327631,0.47911326922000247,ExchangeRate,raw,3216,3312,raw:3216:2,mid,high
3,0.8475932758053305,0.35900366606358286,0.5477009711635935,0.25,0.745532681166599,2.6649941802632173,0.23785631112637917,0.5847659710108356,0.4111296640976594,ExchangeRate,raw,3216,3312,raw:3216:3,high,mid
4,0.7025897079390594,0.40678271624399076,0.5606733606005491,0.5,0.8916944546066615,2.6649941802632173,0.23785631112637917,0.5566819282611997,0.5431835885776802,ExchangeRate,raw,3216,3312,raw:3216:4,high,high
5,0.2804708727178581,0.13271857453375313,0.4264593092995918,0.25,0.6843151699594486,2.6649941802632173,0.23785631112637917,0.279882918850401,0.39072382702860925,ExchangeRate,raw,3216,3312,raw:3216:5,low,mid
6,0.3219978706592572,0.31704664982547237,0.08209299835825573,0.0,0.6409344898424707,2.6649941802632173,0.23785631112637917,0.24037917294766178,0.2929302669896166,ExchangeRate,raw,3216,3312,raw:3216:6,low,low
7,0.9041483214810351,0.1352838250264855,0.736113682519376,0.25,0.7067849823126411,2.6649941802632173,0.23785631112637917,0.5918486096756322,0.39821376447967344,ExchangeRate,raw,3216,3312,raw:3216:7,high,mid
0,0.9279645840147,0.10114803004145775,0.011900997700379246,0.25,0.7161430378201581,2.9816955995128818,0.28309937095455545,0.347004537252179,0.41641413625823787,ExchangeRate,raw,3240,3336,raw:3240:0,mid,mid
1,0.7450977363877577,0.09848266484257032,0.03316031329747022,0.0,0.7261610414469222,2.9816955995128818,0.28309937095455545,0.2922469048425994,0.3364201374671592,ExchangeRate,raw,3240,3336,raw:3240:1,low,low
2,0.8647694114167355,0.05221729591777583,0.0903629805454074,0.125,0.541729331997065,2.9816955995128818,0.28309937095455545,0.33578322929330623,0.3166095676505401,ExchangeRate,raw,3240,3336,raw:3240:2,low,low
3,0.31911491589793706,0.09601469649565414,0.12069563390952591,0.125,0.6574397372856297,2.9816955995128818,0.28309937095455545,0.17860841543437236,0.35517970274672833,ExchangeRate,raw,3240,3336,raw:3240:3,low,low
4,0.380998285065525,0.14533127840466814,0.16496587616065672,0.25,0.7888450108600653,2.9816955995128818,0.28309937095455545,0.2304318132102833,0.4406481272715403,ExchangeRate,raw,3240,3336,raw:3240:4,low,mid
5,0.573463796355931,0.35482762468357976,0.3769527706833111,0.5,0.8516629385360173,2.9816955995128818,0.28309937095455545,0.43508139724094064,0.5449207698301909,ExchangeRate,raw,3240,3336,raw:3240:5,high,high
6,0.34560536800322017,0.07809097393545378,0.037789627536628415,0.125,0.6050270522648206,2.9816955995128818,0.28309937095455545,0.15382865649176744,0.337708807739792,ExchangeRate,raw,3240,3336,raw:3240:6,low,low
7,0.8833601481265897,0.3985596114886809,0.041971673892173565,0.25,0.7674202456415038,2.9816955995128818,0.28309937095455545,0.44129714450248136,0.4335065388653531,ExchangeRate,raw,3240,3336,raw:3240:7,high,mid
0,0.49025591386718703,0.10474193546509991,0.30477027120662536,0.25,0.5153782001027134,2.6350740919725126,0.2335820128052418,0.2999227068463041,0.3329867376359851,ExchangeRate,raw,3264,3360,raw:3264:0,low,low
1,0.5651556675842511,0.09128812960610216,0.10408909462469466,0.0,0.4857303159676714,2.6350740919725126,0.2335820128052418,0.25351096393834927,0.23977077625763774,ExchangeRate,raw,3264,3360,raw:3264:1,low,low
2,0.6549148399824942,0.03555524796011206,0.3880501981388498,0.125,0.6097449718103944,2.6350740919725126,0.2335820128052418,0.359506762027152,0.3227756615385454,ExchangeRate,raw,3264,3360,raw:3264:2,mid,low
3,0.6654946605317943,0.13392726391415502,0.22325857942007205,0.0,0.670235651094053,2.6350740919725126,0.2335820128052418,0.3408935012886738,0.30127255463309827,ExchangeRate,raw,3264,3360,raw:3264:3,low,low
4,0.5544711934359268,0.112444859967852,0.45098361135953824,0.5,0.909950455356316,2.6350740919725126,0.2335820128052418,0.37263322158777235,0.5478441560538526,ExchangeRate,raw,3264,3360,raw:3264:4,mid,high
5,0.4277694825010424,0.1115249949261225,0.48188253371636386,0.125,0.83178550119271,2.6350740919725126,0.2335820128052418,0.34039233704784294,0.39678917133265057,ExchangeRate,raw,3264,3360,raw:3264:5,low,mid
6,0.8572998267351702,0.37265914724094407,0.21221736508773256,0.0,0.7245190997135319,2.6350740919725126,0.2335820128052418,0.4807254463546156,0.3193670375062579,ExchangeRate,raw,3264,3360,raw:3264:6,high,low
7,0.5196195980855361,0.13931515317413515,0.27242087308752055,0.25,0.7001164932544379,2.6350740919725126,0.2335820128052418,0.3104518747823973,0.39456616868655986,ExchangeRate,raw,3264,3360,raw:3264:7,low,mid
0,0.6292213828258981,0.11992162545056739,0.2390434569027485,0.125,0.6930557443839397,2.6521761099867853,0.23602515823236198,0.32939548839307137,0.3513603008721005,ExchangeRate,raw,3288,3384,raw:3288:0,low,low
1,0.5294637719152859,0.09396038743256503,0.14989464373407455,0.125,0.6200612534648198,2.6521761099867853,0.23602515823236198,0.25777293436064186,0.3270288038990606,ExchangeRate,raw,3288,3384,raw:3288:1,low,low
2,0.34878130235483473,0.04243905669177958,0.025707057397454547,0.0,0.5468994683478223,2.6521761099867853,0.23602515823236198,0.1389758054813563,0.2609748755267281,ExchangeRate,raw,3288,3384,raw:3288:2,low,low
3,0.43827292288074515,0.046640499772280866,0.21606038173346678,0.0,0.5433108607138716,2.6521761099867853,0.23602515823236198,0.2336579347954976,0.25977867298207785,ExchangeRate,raw,3288,3384,raw:3288:3,low,low
4,0.31844898116803166,0.2785246628995655,0.3755147064690432,0.25,0.8914163389199693,2.6521761099867853,0.23602515823236198,0.32416278351221345,0.4591471657174438,ExchangeRate,raw,3288,3384,raw:3288:4,low,mid
5,0.8827021872024198,0.12878345831862786,0.11974502773429609,0.0,0.41155409160717066,2.6521761099867853,0.23602515823236198,0.3770768910851146,0.2158597499465109,ExchangeRate,raw,3288,3384,raw:3288:5,mid,low
6,0.48477821762093576,0.1878646205790219,0.06468433521114285,0.0,0.6406594612745106,2.6521761099867853,0.23602515823236198,0.2457757244703668,0.2922282065022908,ExchangeRate,raw,3288,3384,raw:3288:6,low,low
7,0.676423899146109,0.3360075492779649,0.4701794966642691,0.5,0.8986122043401396,2.6521761099867853,0.23602515823236198,0.494203648362781,0.5448791208575005,ExchangeRate,raw,3288,3384,raw:3288:7,high,high
0,0.9166292142720835,0.20448413386170644,0.5536009783065043,0.125,0.5722890984155857,3.4537440492615956,0.35053486367946385,0.5582381088134315,0.3492746540316832,ExchangeRate,raw,3312,3408,raw:3312:0,high,low
1,0.8040508844849624,0.24366978047667714,0.5923576510491559,0.125,0.6540698473113512,3.4537440492615956,0.35053486367946385,0.5466927720035984,0.37653490366360504,ExchangeRate,raw,3312,3408,raw:3312:1,high,mid
2,0.9100149150089618,0.14619370104760543,0.1828192746148806,0.0,0.7701109897668199,3.4537440492615956,0.35053486367946385,0.41300929689048266,0.3735486178154279,ExchangeRate,raw,3312,3408,raw:3312:2,mid,mid
3,0.6131101869187747,0.12795571526207183,0.6961635651211927,0.25,0.6326502962253531,3.4537440492615956,0.35053486367946385,0.47907648910067974,0.4110617199682723,ExchangeRate,raw,3312,3408,raw:3312:3,high,mid
4,0.2859959830105756,0.4319684207895779,0.7117604220508575,0.25,0.9055066405303749,3.4537440492615956,0.35053486367946385,0.47657494195033706,0.5020138347366129,ExchangeRate,raw,3312,3408,raw:3312:4,high,high
5,0.9884116836548619,0.05546011941953808,0.3622178499628207,0.375,0.766335829614522,3.4537440492615956,0.35053486367946385,0.4686965510124068,0.49729023109799525,ExchangeRate,raw,3312,3408,raw:3312:5,high,high
6,0.8694406765218825,0.1350201595020627,0.46371148513508775,0.5,0.8250501133837644,3.4537440492615956,0.35053486367946385,0.4893907737196776,0.5585283256877428,ExchangeRate,raw,3312,3408,raw:3312:6,high,high
7,0.8835573300939379,0.1680456765773141,0.6842894441306911,0.125,0.4856726943547,3.4537440492615956,0.35053486367946385,0.578630816933981,0.3204025193447213,ExchangeRate,raw,3312,3408,raw:3312:7,high,low
0,0.8463134850400944,0.27808327679327544,0.012417703716274927,0.25,0.6228223161193688,4.001187816709966,0.428741116060365,0.37893815518321494,0.4338544773932446,ExchangeRate,raw,3336,3432,raw:3336:0,mid,mid
1,0.6697445286514347,0.032585912318710136,0.08901653776048749,0.125,0.5259230818478556,4.001187816709966,0.428741116060365,0.2637823262435441,0.35988806596940687,ExchangeRate,raw,3336,3432,raw:3336:1,low,low
2,0.8682385470769431,0.17701943294445616,0.11128902710578013,0.25,0.8016096891575976,4.001187816709966,0.428741116060365,0.3855156690423931,0.49345026840598755,ExchangeRate,raw,3336,3432,raw:3336:2,mid,high
3,0.6140515602790362,0.06512339957546728,0.7990327176096423,0.25,0.6456771044768457,4.001187816709966,0.428741116060365,0.49273589248804867,0.4414727401790703,ExchangeRate,raw,3336,3432,raw:3336:3,high,mid
4,0.6651711606622115,0.3678908828932709,0.15597199773114936,0.625,0.9286094140446526,4.001187816709966,0.428741116060365,0.39634468042887727,0.6607835100350058,ExchangeRate,raw,3336,3432,raw:3336:4,mid,high
5,0.9233308328859816,0.13494053873579878,0.05373141745477506,0.0,0.6422761907926277,4.001187816709966,0.428741116060365,0.3706675963588519,0.35700576895099756,ExchangeRate,raw,3336,3432,raw:3336:5,mid,low
6,0.7636086847264499,0.18497645243588434,0.28080370448792547,0.625,0.854955123464337,4.001187816709966,0.428741116060365,0.4097962805500866,0.6362320798415673,ExchangeRate,raw,3336,3432,raw:3336:6,mid,high
7,0.8885197634584013,0.42428829277965313,0.02244466929738856,0.25,0.8111095801068863,4.001187816709966,0.428741116060365,0.44508424184514767,0.49661689872241704,ExchangeRate,raw,3336,3432,raw:3336:7,high,high
0,0.8443255736744988,0.17287948320151386,0.03587114615700321,0.5,0.847798759605296,3.3274657820997207,0.33249511125353853,0.35102540101100527,0.5600979569529448,ExchangeRate,raw,3360,3456,raw:3360:0,mid,high
1,0.9354891165288602,0.4989835820932651,0.088809633525879,0.125,0.8452525063478711,3.3274657820997207,0.33249511125353853,0.5077607773826681,0.43424920586713656,ExchangeRate,raw,3360,3456,raw:3360:1,high,mid
2,0.12587523950587265,0.12252031150883351,0.39948046679130783,0.375,0.8476371719411016,3.3274657820997207,0.33249511125353853,0.21595867260200466,0.5183774277315467,ExchangeRate,raw,3360,3456,raw:3360:2,low,high
3,0.8619039471153925,0.09861186491634269,0.11405011952444723,0.25,0.7584455549481139,3.3274657820997207,0.33249511125353853,0.3581886438520608,0.4469802220672175,ExchangeRate,raw,3360,3456,raw:3360:3,mid,mid
4,0.3325855803341812,0.25742673142637995,0.5169901545050056,0.625,0.8907005398705606,3.3274657820997207,0.33249511125353853,0.3690008220885222,0.6160652170413664,ExchangeRate,raw,3360,3456,raw:3360:4,mid,high
5,0.7346166298132952,0.08195234175226866,0.10732739734678029,0.375,0.7955269578429995,3.3274657820997207,0.33249511125353853,0.3079654563041147,0.5010073563655127,ExchangeRate,raw,3360,3456,raw:3360:5,low,high
6,0.7896031752794785,0.256563982549329,0.04756747242029202,0.625,0.8256683654679503,3.3274657820997207,0.33249511125353853,0.3645782100830332,0.5943878255738296,ExchangeRate,raw,3360,3456,raw:3360:6,mid,high
7,0.739169632401226,0.2599343511267246,0.010068056240698222,0.5,0.7368125957251954,3.3274657820997207,0.33249511125353853,0.3363906799228829,0.5231025689929113,ExchangeRate,raw,3360,3456,raw:3360:7,low,high
0,0.6226030834948257,0.19519536152498151,0.11177796821714645,0.0,0.6034483541318194,3.723741327996557,0.38910590344364254,0.3098588044123179,0.33085141919182065,ExchangeRate,raw,3384,3480,raw:3384:0,low,low
1,0.8803373120502452,0.13983262073703318,0.024037843945669327,0.0,0.6121256784075068,3.723741327996557,0.38910590344364254,0.3480692589109826,0.33374386061704975,ExchangeRate,raw,3384,3480,raw:3384:1,mid,low
2,0.6362279814857472,0.1976788805810759,0.38005670519407164,0.375,0.8876613205433729,3.723741327996557,0.38910590344364254,0.40465452242029826,0.5505890746623384,ExchangeRate,raw,3384,3480,raw:3384:2,mid,high
3,0.602455276716134,0.1078912721349836,0.12728869285863034,0.125,0.4212944167953817,3.723741327996557,0.38910590344364254,0.27921174723658265,0.3118001067463414,ExchangeRate,raw,3384,3480,raw:3384:3,low,low
4,0.6796827920210184,0.45680532755075476,0.4047256574427285,1.0,0.9395157523156168,3.723741327996557,0.38910590344364254,0.5137379256715006,0.7762072185864198,ExchangeRate,raw,3384,3480,raw:3384:4,high,high
5,0.5388441490294924,0.25170571077165077,0.14057962047790593,0.125,0.74474649662263,3.723741327996557,0.38910590344364254,0.3103764934263497,0.41961746668875755,ExchangeRate,raw,3384,3480,raw:3384:5,low,mid
6,0.6071459075638023,0.1594881498963438,0.09134244246894214,0.25,0.8040302231302052,3.723741327996557,0.38910590344364254,0.2859921666430294,0.48104537552461596,ExchangeRate,raw,3384,3480,raw:3384:6,low,high
7,0.7679557939416362,0.5020945445304944,0.17939670438344482,0.0,0.621277584271895,3.723741327996557,0.38910590344364254,0.4831490142851918,0.3367944959051792,ExchangeRate,raw,3384,3480,raw:3384:7,high,low
0,0.5415717400863533,0.14721848522447387,0.3013227419710177,0.0,0.6612005177128165,3.249029461742833,0.3212899226471334,0.330037655760615,0.32749681345331666,ExchangeRate,raw,3408,3504,raw:3408:0,low,low
1,0.609631221362832,0.1489712346508212,0.23516358892734027,0.125,0.5328049696668588,3.249029461742833,0.3212899226471334,0.3312553483136645,0.32636496410466403,ExchangeRate,raw,3408,3504,raw:3408:1,low,low
2,0.4817698031667751,0.27855420225139443,0.3341980656332225,0.25,0.7805458645832506,3.249029461742833,0.3212899226471334,0.36484069035046396,0.45061192907679465,ExchangeRate,raw,3408,3504,raw:3408:2,mid,mid
3,0.7475059018722049,0.26168775178195897,0.208093398346039,0.25,0.8977039082734704,3.249029461742833,0.3212899226471334,0.4057623506667343,0.48966461030686786,ExchangeRate,raw,3408,3504,raw:3408:3,mid,high
4,0.4902204751892356,0.22466300287547508,0.6211360368525133,1.0,0.8751653595035449,3.249029461742833,0.3212899226471334,0.44533983830574125,0.7321517607168927,ExchangeRate,raw,3408,3504,raw:3408:4,high,high
5,0.7692201943536433,0.04570097424965702,0.17307378432756393,0.125,0.5464795764280969,3.249029461742833,0.3212899226471334,0.32933165097695477,0.33092316635841007,ExchangeRate,raw,3408,3504,raw:3408:5,low,low
6,0.4304471539186735,0.24364669929054528,0.36206130646924617,0.125,0.6745517837193096,3.249029461742833,0.3212899226471334,0.34538505322615504,0.3736139021221477,ExchangeRate,raw,3408,3504,raw:3408:6,mid,mid
7,0.44077489410178705,0.22198851015772494,0.4310901481116149,0.0,0.5100107150319915,3.249029461742833,0.3212899226471334,0.3646178507903756,0.2771002125597083,ExchangeRate,raw,3408,3504,raw:3408:7,mid,low
0,0.8479468415982729,0.2643225482583593,0.27745881884250934,0.5,0.8837390074000001,3.580902603924579,0.3687003714625107,0.4632427362330472,0.5841464596208369,ExchangeRate,raw,3432,3528,raw:3432:0,high,high
1,0.5431407950151617,0.25761474082689984,0.40454742737789134,0.25,0.8004339256413133,3.580902603924579,0.3687003714625107,0.4017676544066509,0.4730447657012747,ExchangeRate,raw,3432,3528,raw:3432:1,mid,high
2,0.7489849433195808,0.13702993020407608,0.41446449937448054,0.25,0.6865834771349063,3.580902603924579,0.3687003714625107,0.43349312429937914,0.435094616199139,ExchangeRate,raw,3432,3528,raw:3432:2,high,mid
3,0.3679656808233458,0.09830794981877167,0.1376731958904392,0.0,0.6716482463352794,3.580902603924579,0.3687003714625107,0.20131560884418556,0.3467828725992634,ExchangeRate,raw,3432,3528,raw:3432:3,low,low
4,0.5544711934343695,0.4403747208476062,0.28114304669334367,0.625,0.9273319181456205,3.580902603924579,0.3687003714625107,0.4253296536584397,0.6403440965360437,ExchangeRate,raw,3432,3528,raw:3432:4,high,high
5,0.6340649856383351,0.205918398891351,0.44721490542062564,0.125,0.5213053092217884,3.580902603924579,0.3687003714625107,0.4290660966501039,0.33833522689476636,ExchangeRate,raw,3432,3528,raw:3432:5,high,low
6,0.46406477073584174,0.18451492267603997,0.3475427607398869,0.25,0.7226271767086311,3.580902603924579,0.3687003714625107,0.33204081805058955,0.4471091827237139,ExchangeRate,raw,3432,3528,raw:3432:6,low,mid
7,0.8926921542886349,0.16356735865714148,0.13406543689090564,0.625,0.8856841447858921,3.580902603924579,0.3687003714625107,0.396774983278894,0.6264615054161343,ExchangeRate,raw,3432,3528,raw:3432:7,mid,high
0,0.7360848949867524,0.19385195467737817,0.12140763079398792,0.125,0.7071608226041599,3.1036861769218556,0.3005265962737985,0.35044816015270613,0.37756247295931944,ExchangeRate,raw,3456,3552,raw:3456:0,mid,mid
1,0.750344814529592,0.30211734483157193,0.8265706865144177,0.125,0.8422971137873637,3.1036861769218556,0.3005265962737985,0.6263442819585272,0.4226079033537207,ExchangeRate,raw,3456,3552,raw:3456:1,high,mid
2,0.24205029548771106,0.03029231500634655,0.23506129155548694,0.0,0.543391280504429,3.1036861769218556,0.3005265962737985,0.16913463401651485,0.28130595892607585,ExchangeRate,raw,3456,3552,raw:3456:2,low,low
3,0.7240685625778286,0.4251475244862003,0.4182862714053117,0.5,0.9434705888470497,3.1036861769218556,0.3005265962737985,0.5225007861564469,0.5813323950402828,ExchangeRate,raw,3456,3552,raw:3456:3,high,high
4,0.7025897079356299,0.3010441305919982,0.32402588855099745,0.625,0.9236533220784819,3.1036861769218556,0.3005265962737985,0.4425532423595418,0.6163933061174268,ExchangeRate,raw,3456,3552,raw:3456:4,high,high
5,0.5393192157438784,0.04719959004866203,0.18312003474816943,0.125,0.5823750638617521,3.1036861769218556,0.3005265962737985,0.2565462801802366,0.33596722004518353,ExchangeRate,raw,3456,3552,raw:3456:5,low,low
6,0.7817189231150545,0.35425703122981744,0.37215529037579353,0.125,0.6265528464150224,3.1036861769218556,0.3005265962737985,0.5027104149068885,0.3506931475629403,ExchangeRate,raw,3456,3552,raw:3456:6,high,low
7,0.6490161158666141,0.19784047372078709,0.16112866180978314,0.0,0.6085759825734893,3.1036861769218556,0.3005265962737985,0.33599508379906146,0.30303419294909595,ExchangeRate,raw,3456,3552,raw:3456:7,low,low
0,0.4926958756187255,0.3522824162890681,0.4420525806650815,0.25,0.8560124771291634,3.184954927775184,0.3121364178076886,0.42901029085762504,0.47271629831228407,ExchangeRate,raw,3480,3576,raw:3480:0,high,high
1,0.6297653617591854,0.12722803919355147,0.2609718044079365,0.25,0.8821632136588934,3.184954927775184,0.3121364178076886,0.33932173512022445,0.48143321048886073,ExchangeRate,raw,3480,3576,raw:3480:1,low,high
2,0.8632122564173597,0.155448470437932,0.22266765150791212,0.375,0.8989518430055977,3.184954927775184,0.3121364178076886,0.4137761261210679,0.528696086937762,ExchangeRate,raw,3480,3576,raw:3480:2,mid,high
3,0.45999888075138373,0.24896601256794465,0.156192866869439,0.125,0.7406778396478692,3.184954927775184,0.3121364178076886,0.28838592006292246,0.3926047524851859,ExchangeRate,raw,3480,3576,raw:3480:3,low,mid
4,0.5544711934316222,0.11067881661597814,0.11383115654265684,0.375,0.8353513146618429,3.184954927775184,0.3121364178076886,0.2596603888634191,0.5074959108231772,ExchangeRate,raw,3480,3576,raw:3480:4,low,high
5,0.221384575652944,0.06841796198987149,0.23140683907898787,0.125,0.6678226875563626,3.184954927775184,0.3121364178076886,0.17373645890726777,0.3683197017880171,ExchangeRate,raw,3480,3576,raw:3480:5,low,mid
6,0.7096579976390044,0.1240160544212005,0.5266529560496875,0.25,0.8808521812310413,3.184954927775184,0.3121364178076886,0.4534423360366308,0.48099619967957663,ExchangeRate,raw,3480,3576,raw:3480:6,high,high
7,0.6846899321868121,0.2820610492921264,0.2936357539967272,0.375,0.9077548292119264,3.184954927775184,0.3121364178076886,0.4201289118252219,0.531630415673205,ExchangeRate,raw,3480,3576,raw:3480:7,mid,high
0,0.16245298119690088,0.24019951324188793,0.5439073406209977,0.375,0.8814488807074052,1.0002034866655805,2.9069523612822764e-05,0.3155199450199288,0.4188259834103394,ExchangeRate,raw,3504,3600,raw:3504:0,low,mid
1,0.7526172897849202,0.29542443484230674,0.5639960165555007,0.5,0.9246723925028946,1.0002034866655805,2.9069523612822764e-05,0.5373459137275759,0.47490048734216916,ExchangeRate,raw,3504,3600,raw:3504:1,high,high
2,0.7464820063407727,0.4615497850333093,0.09285581458297351,1.0,0.8696027404981641,1.0002034866655805,2.9069523612822764e-05,0.4336292019856851,0.6232106033405923,ExchangeRate,raw,3504,3600,raw:3504:2,high,high
3,0.5732899460421176,0.38738362737192905,0.11693020574261725,0.625,0.926407630828842,1.0002034866655805,2.9069523612822764e-05,0.359201259718888,0.5171455667841517,ExchangeRate,raw,3504,3600,raw:3504:3,mid,high
4,0.0,0.5125094385944604,0.34536577368456917,0.5,0.7149667526377239,1.0002034866655805,2.9069523612822764e-05,0.2859584040930099,0.4049986073871123,ExchangeRate,raw,3504,3600,raw:3504:4,low,mid
5,0.48204418290321105,0.34637727602438745,0.09035279062103613,0.875,0.9011633944804038,1.0002034866655805,2.9069523612822764e-05,0.3062580831828782,0.5920641546680055,ExchangeRate,raw,3504,3600,raw:3504:5,low,high
6,0.5687724669390622,0.5663231282557709,0.3359935547526897,0.125,0.8209594435241814,1.0002034866655805,2.9069523612822764e-05,0.4903630499825076,0.3153295043492647,ExchangeRate,raw,3504,3600,raw:3504:6,high,low
7,0.607019785223985,0.2834684739249475,0.30925793904763316,0.375,0.9291492661157494,1.0002034866655805,2.9069523612822764e-05,0.3999153993988552,0.43472611187978744,ExchangeRate,raw,3504,3600,raw:3504:7,mid,mid
0,0.63864934487295,0.23020030539358016,0.4915389244734172,0.125,0.832499961270077,1.0000480302261034,6.8614608621187676e-06,0.4534628582466491,0.31916894091031306,ExchangeRate,raw,3528,3624,raw:3528:0,high,low
1,0.5795844073878933,0.2573221574843102,0.23003096711642926,0.25,0.9188796341759231,1.0000480302261034,6.8614608621187676e-06,0.3556458439962109,0.38962883187892844,ExchangeRate,raw,3528,3624,raw:3528:1,mid,mid
2,0.9140386307634891,0.40712085919862046,0.2961990636341931,0.625,0.8788445026272674,1.0000480302261034,6.8614608621187676e-06,0.5391195178654342,0.5012837880293765,ExchangeRate,raw,3528,3624,raw:3528:2,high,high
3,0.4568171526557526,0.18475742061286568,0.22916176288913773,0.125,0.8946836353955896,1.0000480302261034,6.8614608621187676e-06,0.2902454453859187,0.3398968322854839,ExchangeRate,raw,3528,3624,raw:3528:3,low,low
4,0.6796827920235674,0.5118106625658567,0.615835251718297,0.5,0.711438371763916,1.0000480302261034,6.8614608621187676e-06,0.6024429021025738,0.4038150777415927,ExchangeRate,raw,3528,3624,raw:3528:4,high,mid
5,0.3443901685263556,0.2196658995787159,0.4821125541461773,0.25,0.9430683748751307,1.0000480302261034,6.8614608621187676e-06,0.3487228740837496,0.397691745445331,ExchangeRate,raw,3528,3624,raw:3528:5,mid,mid
6,0.914484639231304,0.08638116839950502,0.2492915041122091,0.125,0.6820488810808388,1.0000480302261034,6.8614608621187676e-06,0.41671910391433936,0.2690185808472337,ExchangeRate,raw,3528,3624,raw:3528:6,mid,low
7,0.7161920634566559,0.2884759348032129,0.8313192516923735,0.375,0.9564757188034781,1.0000480302261034,6.8614608621187676e-06,0.6119957499840808,0.44382752675478016,ExchangeRate,raw,3528,3624,raw:3528:7,high,mid
0,0.86788160945412,0.11689742643085785,0.10616245504336806,0.125,0.8606270174849078,1.0000201720882553,2.8817268895021693e-06,0.363647163642782,0.32854329973726576,ExchangeRate,raw,3552,3648,raw:3552:0,mid,low
1,0.7405132871895483,0.22852483792727443,0.7825860922204477,0.0,0.810230743181458,1.0000201720882553,2.8817268895021693e-06,0.5838747391124235,0.2700778749694492,ExchangeRate,raw,3552,3648,raw:3552:1,high,low
2,0.920871578084582,0.43909404070362523,0.06955144734033114,1.0,0.9264143823027539,1.0000201720882553,2.8817268895021693e-06,0.47650568870951276,0.6421390880098811,ExchangeRate,raw,3552,3648,raw:3552:2,high,high
3,0.9393649179736718,0.2221501988524609,0.29710387402079047,0.125,0.770308001173215,1.0000201720882553,2.8817268895021693e-06,0.4862063302823078,0.29843696096670147,ExchangeRate,raw,3552,3648,raw:3552:3,high,low
4,0.9987737775616359,0.5057466181523735,0.2143483842703474,0.5,0.7083875945169309,1.0000201720882553,2.8817268895021693e-06,0.5729562599947856,0.4027968254146068,ExchangeRate,raw,3552,3648,raw:3552:4,high,mid
5,0.896359393409053,0.37225576107727465,0.5044645077693907,0.25,0.9192696037646688,1.0000201720882553,2.8817268895021693e-06,0.5910265540852394,0.3897574951638528,ExchangeRate,raw,3552,3648,raw:3552:5,high,mid
6,0.8493211963801442,0.22656846893155191,0.015098145938445601,0.375,0.951238939665199,1.0000201720882553,2.8817268895021693e-06,0.3636626037500472,0.4420806071306962,ExchangeRate,raw,3552,3648,raw:3552:6,mid,mid
7,0.7843235700194218,0.1909655377370986,0.11261336164737007,0.75,0.9398620199857969,1.0000201720882553,2.8817268895021693e-06,0.36263415646796343,0.5632883005708954,ExchangeRate,raw,3552,3648,raw:3552:7,mid,high
0,0.8509372677660811,0.3802390446093678,0.06932764508621388,0.125,0.7961874020057034,0.9999999906834227,0.0,0.4335013191538876,0.30706246733523446,ExchangeRate,raw,3576,3672,raw:3576:0,high,low
1,0.8861790631873707,0.4561491626379346,0.015297471091550366,0.25,0.8475896468386426,0.9999999906834227,0.0,0.4525418989722852,0.3658632156128809,ExchangeRate,raw,3576,3672,raw:3576:1,high,mid
2,0.6982287710104285,0.17942921868585854,0.05723955446312588,0.25,0.8987086185110155,0.9999999906834227,0.0,0.3116325147198043,0.38290287283700514,ExchangeRate,raw,3576,3672,raw:3576:2,low,mid
3,0.9486814640792817,0.1036672103670346,0.022056833052335634,1.0,0.9843504886439433,0.9999999906834227,0.0,0.3581351691662173,0.6614501628813144,ExchangeRate,raw,3576,3672,raw:3576:3,mid,high
4,0.9965716000478143,0.11229342712847654,0.0,1.0,0.7261325906871132,0.9999999906834227,0.0,0.36962167572543025,0.5753775302290377,ExchangeRate,raw,3576,3672,raw:3576:4,mid,high
5,0.860350322693268,0.06266358425954745,0.0468304097619136,1.0,0.9642230513137674,0.9999999906834227,0.0,0.3232814389049097,0.6547410171045892,ExchangeRate,raw,3576,3672,raw:3576:5,low,high
6,0.9015741793125344,0.3432823572661299,0.01443259516284001,1.0,0.7949727007167887,0.9999999906834227,0.0,0.4197630439138347,0.5983242335722628,ExchangeRate,raw,3576,3672,raw:3576:6,mid,high
7,0.8473957388457132,0.45421887203928757,0.10319285608016882,0.125,0.9558921125329936,0.9999999906834227,0.0,0.4682691556550565,0.36029737084433117,ExchangeRate,raw,3576,3672,raw:3576:7,high,low
0,0.7715898859853232,0.3526877636051553,0.4404515961671079,0.125,0.7314564523431191,0.9999999950500995,0.0,0.5215764152525287,0.285485484114373,ExchangeRate,raw,3600,3696,raw:3600:0,high,low
1,0.7797380116138664,0.056813262005934784,0.07002354293321977,0.0,0.4306746602606631,0.9999999950500995,0.0,0.3021916055176736,0.1435582200868877,ExchangeRate,raw,3600,3696,raw:3600:1,low,low
2,0.7216903277268104,0.4123271200657297,0.026933942041200885,0.0,0.9056218876067023,0.9999999950500995,0.0,0.386983796611247,0.3018739625355674,ExchangeRate,raw,3600,3696,raw:3600:2,mid,low
3,0.6568009218635699,0.1374697293542217,0.05551240749882418,0.125,0.5950636991511438,0.9999999950500995,0.0,0.28326101957220523,0.24002123305038126,ExchangeRate,raw,3600,3696,raw:3600:3,low,low
4,0.0,0.46356391876911984,0.0,0.375,0.7487965725847109,0.9999999950500995,0.0,0.15452130625637328,0.3745988575282369,ExchangeRate,raw,3600,3696,raw:3600:4,low,mid
5,0.7421553376993142,0.2742002021417787,0.1541538214347611,0.125,0.9403613884544357,0.9999999950500995,0.0,0.3901697870919513,0.35512046281814524,ExchangeRate,raw,3600,3696,raw:3600:5,mid,low
6,0.8284017437887068,0.480905871761257,0.15284890693360023,0.5,0.853927317640354,0.9999999950500995,0.0,0.4873855074945214,0.451309105880118,ExchangeRate,raw,3600,3696,raw:3600:6,high,mid
7,0.7450987963263302,0.1020017183807763,0.09489072370679671,0.25,0.8029111328064015,0.9999999950500995,0.0,0.3139970794713011,0.3509703776021338,ExchangeRate,raw,3600,3696,raw:3600:7,low,low
0,0.3943474947302623,0.16605268853893568,0.7355253428297586,0.125,0.8118516760262141,0.9999999946658875,0.0,0.43197517536631885,0.312283892008738,ExchangeRate,raw,3624,3720,raw:3624:0,high,low
1,0.6538175166846668,0.1699345996335464,0.36281333560755324,0.125,0.6618978693952935,0.9999999946658875,0.0,0.3955218173085888,0.26229928979843115,ExchangeRate,raw,3624,3720,raw:3624:1,mid,low
2,0.8207823624093585,0.33497200411264605,0.10622571469023831,1.0,0.9440202372572724,0.9999999946658875,0.0,0.4206600270707477,0.6480067457524241,ExchangeRate,raw,3624,3720,raw:3624:2,mid,high
3,0.7628770804052736,0.26142087587906376,0.12835916997779903,0.75,0.9899887344343515,0.9999999946658875,0.0,0.3842190420873788,0.5799962448114505,ExchangeRate,raw,3624,3720,raw:3624:3,mid,high
4,0.0,0.4607215935486806,0.0,0.25,0.749883145380261,0.9999999946658875,0.0,0.15357386451622687,0.33329438179342036,ExchangeRate,raw,3624,3720,raw:3624:4,low,low
5,0.2567239682325865,0.4891872260144135,0.4692769177694299,0.75,0.970076636107232,0.9999999946658875,0.0,0.4050627040054766,0.5733588787024106,ExchangeRate,raw,3624,3720,raw:3624:5,mid,high
6,0.590711812465673,0.43292286628823184,0.1574226148470339,1.0,0.8080779944577179,0.9999999946658875,0.0,0.39368576453364623,0.6026926648192393,ExchangeRate,raw,3624,3720,raw:3624:6,mid,high
7,0.34660719351458,0.1815205025180292,0.5412910642770312,0.5,0.9233456749275145,0.9999999946658875,0.0,0.35647292010321346,0.47444855830917154,ExchangeRate,raw,3624,3720,raw:3624:7,mid,high
0,0.8270451411796922,0.11721441677945153,0.4226496403695992,0.375,0.8834504432398642,0.9999999947825866,0.0,0.4556363994429143,0.41948348107995476,ExchangeRate,raw,3648,3744,raw:3648:0,high,mid
1,0.690441279450253,0.09664126598070374,0.40364617466093183,0.125,0.7519679177658601,0.9999999947825866,0.0,0.3969095733639629,0.29232263925528673,ExchangeRate,raw,3648,3744,raw:3648:1,mid,low
2,0.4295776623782174,0.24974083541876135,0.355549345549364,0.125,0.9698180745294425,0.9999999947825866,0.0,0.34495594778211425,0.3649393581764808,ExchangeRate,raw,3648,3744,raw:3648:2,mid,mid
3,0.4064013709010159,0.2083312280750604,0.09521724020076831,0.125,0.9771012395009512,0.9999999947825866,0.0,0.23664994639228154,0.3673670798336504,ExchangeRate,raw,3648,3744,raw:3648:3,low,mid
4,0.0,0.4906593051562441,0.0,0.125,0.7240533482970472,0.9999999947825866,0.0,0.16355310171874804,0.2830177827656824,ExchangeRate,raw,3648,3744,raw:3648:4,low,low
5,0.5807542163343987,0.3508638613098672,0.1407084406089225,0.375,0.9133678768171783,0.9999999947825866,0.0,0.3574421727510628,0.42945595893905947,ExchangeRate,raw,3648,3744,raw:3648:5,mid,mid
6,0.6855582702284293,0.7259823080997154,0.5481515158114609,1.0,0.8456858419888376,0.9999999947825866,0.0,0.6532306980465352,0.6152286139962792,ExchangeRate,raw,3648,3744,raw:3648:6,high,high
7,0.7491498706835091,0.13426621669310176,0.8131134976934367,0.375,0.8320115072293328,0.9999999947825866,0.0,0.5655098616900158,0.4023371690764443,ExchangeRate,raw,3648,3744,raw:3648:7,high,mid
0,0.5631100481452638,0.15461212963673188,0.10958684546611476,0.0,0.6330296701410549,2.5341034991584035,0.21915764242383243,0.2757696744160368,0.28406243752162913,ExchangeRate,raw,3672,3768,raw:3672:0,low,low
1,0.4925514968817425,0.12747497859524973,0.13915299605997145,0.375,0.7502274707871367,2.5341034991584035,0.21915764242383243,0.25305982384565456,0.448128371070323,ExchangeRate,raw,3672,3768,raw:3672:1,low,mid
2,0.6794762558847462,0.17290802992074567,0.46311852983006047,0.125,0.8144033901894597,2.5341034991584035,0.21915764242383243,0.4385009385451841,0.3861870108710974,ExchangeRate,raw,3672,3768,raw:3672:2,high,mid
3,0.4971901469433899,0.07521166730751166,0.41384165384823607,0.25,0.7043554976065125,2.5341034991584035,0.21915764242383243,0.32874782269971253,0.39117104667678165,ExchangeRate,raw,3672,3768,raw:3672:3,low,mid
4,0.0,0.0,0.0,0.0,-0.0,2.5341034991584035,0.21915764242383243,0.0,0.0730525474746108,ExchangeRate,raw,3672,3768,raw:3672:4,low,low
5,0.5883701763962532,0.08598159367322299,0.8224159281992959,0.125,0.49631535515196634,2.5341034991584035,0.21915764242383243,0.4989225660895907,0.2801576658585996,ExchangeRate,raw,3672,3768,raw:3672:5,high,low
6,0.725208609820625,0.18729364618916425,0.46273263135595744,0.125,0.7184427768341464,2.5341034991584035,0.21915764242383243,0.4584116291219155,0.35420013975265957,ExchangeRate,raw,3672,3768,raw:3672:6,high,low
7,0.2929289428831282,0.2693803318391993,0.1656312223259022,0.125,0.7616130755754298,2.5341034991584035,0.21915764242383243,0.2426468323494099,0.3685902393330874,ExchangeRate,raw,3672,3768,raw:3672:7,low,mid
0,0.6874664358279998,0.1357517327149536,0.09678893193239928,0.25,0.6971585675090656,2.6537097054573677,0.23624424329927504,0.3066690334917842,0.39446760360278016,ExchangeRate,raw,3696,3792,raw:3696:0,low,mid
1,0.4113292711935781,0.05178962152173561,0.24392100632077646,0.125,0.42385701252066504,2.6537097054573677,0.23624424329927504,0.2356799663453634,0.2617004186066467,ExchangeRate,raw,3696,3792,raw:3696:1,low,low
2,0.6316429077138188,0.3553171820744334,0.5837799110692016,0.125,0.654501953043925,2.6537097054573677,0.23624424329927504,0.523580000285818,0.33858206544773334,ExchangeRate,raw,3696,3792,raw:3696:2,high,low
3,0.8177300158779349,0.07009192388392117,0.1799935761060828,0.25,0.6458147382710558,2.6537097054573677,0.23624424329927504,0.355938505289313,0.37735299385677695,ExchangeRate,raw,3696,3792,raw:3696:3,mid,mid
4,0.0,0.0,0.0,0.0,-0.0,2.6537097054573677,0.23624424329927504,0.0,0.07874808109975835,ExchangeRate,raw,3696,3792,raw:3696:4,low,low
5,0.7630115570269093,0.13858283499412527,0.1677237250453069,0.125,0.5925373491949366,2.6537097054573677,0.23624424329927504,0.35643937235544715,0.3179271974980706,ExchangeRate,raw,3696,3792,raw:3696:5,mid,low
6,0.7257982534469276,0.04098995257367427,0.12781118067191155,0.25,0.6171029328286095,2.6537097054573677,0.23624424329927504,0.29819979556417114,0.3677823920426282,ExchangeRate,raw,3696,3792,raw:3696:6,low,mid
7,0.33398242650475796,0.03869817300521772,0.2388374549149179,0.25,0.5691219757272681,2.6537097054573677,0.23624424329927504,0.20383935147496454,0.3517887396755144,ExchangeRate,raw,3696,3792,raw:3696:7,low,low
0,0.613439966939838,0.10126730211157603,0.188926714356714,0.125,0.6592171602273089,2.156708925683144,0.1652441320043861,0.3012113278027093,0.31648709741056497,ExchangeRate,raw,3720,3816,raw:3720:0,low,low
1,0.63293421101697,0.09643999628772658,0.14205066104672168,0.0,0.6370127077551123,2.156708925683144,0.1652441320043861,0.2904749561171394,0.2674189465864995,ExchangeRate,raw,3720,3816,raw:3720:1,low,low
2,0.8337621265326525,0.13632193973386703,0.21452681250907799,0.25,0.8513815950235372,2.156708925683144,0.1652441320043861,0.3948702929251992,0.42220857567597436,ExchangeRate,raw,3720,3816,raw:3720:2,mid,mid
3,0.6654116398965961,0.20206468623396434,0.672127881208719,0.375,0.7780397942284213,2.156708925683144,0.1652441320043861,0.5132014024464265,0.4394279754109358,ExchangeRate,raw,3720,3816,raw:3720:3,high,mid
4,0.0,0.0,0.0,0.0,-0.0,2.156708925683144,0.1652441320043861,0.0,0.055081377334795366,ExchangeRate,raw,3720,3816,raw:3720:4,low,low
5,0.33232556250948964,0.10449358615583587,0.24644108628715153,0.125,0.5287724944030464,2.156708925683144,0.1652441320043861,0.22775341165082566,0.27300554213581085,ExchangeRate,raw,3720,3816,raw:3720:5,low,low
6,0.3892412261973742,0.12994284453019073,0.563489474936767,0.25,0.7009127124940895,2.156708925683144,0.1652441320043861,0.3608911818881107,0.3720522814994918,ExchangeRate,raw,3720,3816,raw:3720:6,mid,mid
7,0.5155710357907861,0.09938269657517051,0.32738181068067573,0.25,0.7077199718260957,2.156708925683144,0.1652441320043861,0.3141118476822108,0.37432136794349397,ExchangeRate,raw,3720,3816,raw:3720:7,low,mid
0,0.6550462462369268,0.0582848307126626,0.060679633896228095,0.375,0.5968907818349347,2.319773473733588,0.18853906740688534,0.25800357028193915,0.3868099497472734,ExchangeRate,raw,3744,3840,raw:3744:0,low,mid
1,0.9563888500349278,0.14912486803574437,0.01320902841821335,0.125,0.5091716433702518,2.319773473733588,0.18853906740688534,0.3729075821629619,0.274236903592379,ExchangeRate,raw,3744,3840,raw:3744:1,mid,low
2,0.33887524342239594,0.19932203268557847,0.34553983557185014,0.125,0.5919773144954348,2.319773473733588,0.18853906740688534,0.29457903722660816,0.30183879396744,ExchangeRate,raw,3744,3840,raw:3744:2,low,low
3,0.9352592101234809,0.41995910396676195,0.09728020186193628,0.125,0.7233607768464801,2.319773473733588,0.18853906740688534,0.48416617198405976,0.3456332814177885,ExchangeRate,raw,3744,3840,raw:3744:3,high,low
4,0.0,0.0,0.0,0.0,-0.0,2.319773473733588,0.18853906740688534,0.0,0.06284635580229511,ExchangeRate,raw,3744,3840,raw:3744:4,low,low
5,0.6430944702012793,0.2385805191230747,0.40145072046891916,0.0,0.633580297784815,2.319773473733588,0.18853906740688534,0.427708569931091,0.2740397883972334,ExchangeRate,raw,3744,3840,raw:3744:5,high,low
6,0.7256638947872229,0.2955535562339239,0.3656214260912107,0.125,0.7161430248340537,2.319773473733588,0.18853906740688534,0.4622796257041191,0.343227364080313,ExchangeRate,raw,3744,3840,raw:3744:6,high,low
7,0.6145332402258137,0.1800324635885614,0.04571084905756761,0.5,0.718639130645351,2.319773473733588,0.18853906740688534,0.2800921842906476,0.4690593993507455,ExchangeRate,raw,3744,3840,raw:3744:7,low,high
0,0.25776271105088544,0.08967727172675018,0.5422769717624644,0.25,0.6288199193133719,0.9999999957256325,0.0,0.2965723181800333,0.2929399731044573,ExchangeRate,raw,3768,3864,raw:3768:0,low,low
1,0.7253542043808039,0.11033849116292087,0.23570719872389567,0.25,0.5958330274691958,0.9999999957256325,0.0,0.3571332980892068,0.28194434248973194,ExchangeRate,raw,3768,3864,raw:3768:1,mid,low
2,0.722951303919948,0.41700345896197943,0.3443926384846844,0.25,0.904944430253702,0.9999999957256325,0.0,0.49478246712220386,0.384981476751234,ExchangeRate,raw,3768,3864,raw:3768:2,high,mid
3,0.8790834694624262,0.19563202280184797,0.061473889384813796,0.25,0.838285486865049,0.9999999957256325,0.0,0.37872979388302924,0.36276182895501635,ExchangeRate,raw,3768,3864,raw:3768:3,mid,mid
4,0.0,0.03163378073779748,0.0,0.0,0.727230171851836,0.9999999957256325,0.0,0.010544593579265828,0.24241005728394535,ExchangeRate,raw,3768,3864,raw:3768:4,low,low
5,0.8099673552374924,0.1618622819850679,0.12364758947191636,0.25,0.8577748238107497,0.9999999957256325,0.0,0.3651590755648256,0.36925827460358324,ExchangeRate,raw,3768,3864,raw:3768:5,mid,mid
6,0.6536815758008288,0.06913491601452998,0.10611957967870811,0.0,0.8023739967794207,0.9999999957256325,0.0,0.2763120238313556,0.26745799892647354,ExchangeRate,raw,3768,3864,raw:3768:6,low,low
7,0.8028930630764215,0.2968439483170416,0.6219139657481678,0.25,0.6694767681209572,0.9999999957256325,0.0,0.5738836590472103,0.3064922560403191,ExchangeRate,raw,3768,3864,raw:3768:7,high,low
0,0.25158298497045073,0.18808805046892618,0.08478938679280217,0.125,0.6666343909770825,1.0000000037955692,5.422241695507549e-10,0.1748201407440597,0.26387813050643555,ExchangeRate,raw,3792,3888,raw:3792:0,low,low
1,0.8926031711903548,0.32388189153004615,0.13502360494636917,0.0,0.6406298207656994,1.0000000037955692,5.422241695507549e-10,0.4505028892222567,0.21354327376930785,ExchangeRate,raw,3792,3888,raw:3792:1,high,low
2,0.7036658331360905,0.2644000325215208,0.08735354522274114,0.375,0.8078710664133071,1.0000000037955692,5.422241695507549e-10,0.35180647029345086,0.3942903556518438,ExchangeRate,raw,3792,3888,raw:3792:2,mid,mid
3,0.22228767535058103,0.11984800623057859,0.06143297557230379,0.0,0.4580350165272013,1.0000000037955692,5.422241695507549e-10,0.13452288571782112,0.15267833902314182,ExchangeRate,raw,3792,3888,raw:3792:3,low,low
4,0.9999999999996264,0.017221044639580907,0.0,0.125,0.7361393065888733,1.0000000037955692,5.422241695507549e-10,0.33907368154640244,0.2870464357103658,ExchangeRate,raw,3792,3888,raw:3792:4,low,low
5,0.7225809114493733,0.10872214917622498,0.022625210283376704,0.0,0.6966144336501948,1.0000000037955692,5.422241695507549e-10,0.28464275696965835,0.23220481139747298,ExchangeRate,raw,3792,3888,raw:3792:5,low,low
6,0.282869896312246,0.1911566828021242,0.2610832570831854,0.125,0.7514940778229301,1.0000000037955692,5.422241695507549e-10,0.2450366120658519,0.29216469278838475,ExchangeRate,raw,3792,3888,raw:3792:6,low,low
7,0.6758837818328245,0.2724247668834235,0.02045338537124145,0.125,0.7092646676250774,1.0000000037955692,5.422241695507549e-10,0.32292064469582976,0.2780882227224339,ExchangeRate,raw,3792,3888,raw:3792:7,low,low
0,0.41924858670582543,0.3058046376962126,0.38224128998985224,0.125,0.8029619915638708,2.6066746833579844,0.22952495443753354,0.3690981714639634,0.3858289820004681,ExchangeRate,raw,3816,3912,raw:3816:0,mid,mid
1,0.7986620665302631,0.1520165670017298,0.2430824653921324,0.0,0.7562569214651202,2.6066746833579844,0.22952495443753354,0.39792036630804173,0.3285939586342179,ExchangeRate,raw,3816,3912,raw:3816:1,mid,low
2,0.8002010676422158,0.45233614676347095,0.15002925483718613,0.5,0.8446658815242422,2.6066746833579844,0.22952495443753354,0.467522156414291,0.5247302786539252,ExchangeRate,raw,3816,3912,raw:3816:2,high,high
3,0.604796987965752,0.11724181788816765,0.09949995814998394,0.25,0.836981292227715,2.6066746833579844,0.22952495443753354,0.27384625466796786,0.4388354155550829,ExchangeRate,raw,3816,3912,raw:3816:3,low,mid
4,1.0,0.014288323138391778,0.0006661621308810169,0.0,0.7499474740243957,2.6066746833579844,0.22952495443753354,0.3383181617564242,0.32649080948730974,ExchangeRate,raw,3816,3912,raw:3816:4,low,low
5,0.38613646440939076,0.09014671292203344,0.44282826827943117,0.375,0.8766052993898604,2.6066746833579844,0.22952495443753354,0.3063704818702851,0.49371008460913135,ExchangeRate,raw,3816,3912,raw:3816:5,low,high
6,0.5104406496148667,0.13533451610254305,0.08725458608697285,0.0,0.7240272115675115,2.6066746833579844,0.22952495443753354,0.2443432506014609,0.3178507220016817,ExchangeRate,raw,3816,3912,raw:3816:6,low,low
7,0.6990024900932483,0.2985098452058661,0.23888321518063596,0.125,0.7690222561955578,2.6066746833579844,0.22952495443753354,0.41213185015991677,0.37451573687769707,ExchangeRate,raw,3816,3912,raw:3816:7,mid,mid
0,0.21443647932658805,0.2129416947319876,0.45006151855650606,0.125,0.8635403354822745,1.4450675746765496,0.06358108200581981,0.29247989753836057,0.35070713916269813,ExchangeRate,raw,3840,3936,raw:3840:0,low,low
1,0.5881774691813958,0.0660909382775201,0.04157865946579333,0.0,0.4800874679930006,1.4450675746765496,0.06358108200581981,0.2319490223082364,0.1812228499996068,ExchangeRate,raw,3840,3936,raw:3840:1,low,low
2,0.8423652543678601,0.11683141496387082,0.09348967579913028,0.25,0.8882340386731566,1.4450675746765496,0.06358108200581981,0.35089544837695374,0.4006050402263255,ExchangeRate,raw,3840,3936,raw:3840:2,mid,mid
3,0.6196148692016721,0.07863013903530891,0.15980634463534238,0.0,0.6224182680614385,1.4450675746765496,0.06358108200581981,0.2860171176241078,0.22866645002241945,ExchangeRate,raw,3840,3936,raw:3840:3,low,low
4,0.9300014595830288,0.0615951418899049,0.014526384326467376,0.0,0.7575694270302378,1.4450675746765496,0.06358108200581981,0.3353743285998004,0.27371683634535254,ExchangeRate,raw,3840,3936,raw:3840:4,low,low
5,0.6667143820344461,0.06564764434197765,0.22841236129274242,0.0,0.4178367782703433,1.4450675746765496,0.06358108200581981,0.3202581292230554,0.16047262009205437,ExchangeRate,raw,3840,3936,raw:3840:5,low,low
6,0.7166414873258694,0.31107402587921823,0.06915388607126746,0.25,0.7987374110358464,1.4450675746765496,0.06358108200581981,0.3656231330921184,0.3707728310138887,ExchangeRate,raw,3840,3936,raw:3840:6,mid,mid
7,0.5454097211500242,0.1377171222029692,0.0906523410377683,0.25,0.771571753717438,1.4450675746765496,0.06358108200581981,0.25792639479692053,0.3617176119077526,ExchangeRate,raw,3840,3936,raw:3840:7,low,mid
0,0.621395295869183,0.10115643452877641,0.13683851647243278,0.25,0.8203951002949793,3.62838905811551,0.37548415062295265,0.28646341562346406,0.4819597503059774,ExchangeRate,raw,3864,3960,raw:3864:0,low,high
1,0.7632936936423008,0.0920593789091276,0.011743784723944488,0.125,0.6487630743414843,3.62838905811551,0.37548415062295265,0.28903228575845763,0.383082408321479,ExchangeRate,raw,3864,3960,raw:3864:1,low,mid
2,0.4501913319785388,0.1664368948533918,0.13757688330944223,0.125,0.6666635467122334,3.62838905811551,0.37548415062295265,0.2514017033804576,0.389049232445062,ExchangeRate,raw,3864,3960,raw:3864:2,low,mid
3,0.6993963288595684,0.06505438846285982,0.07331722759600036,0.25,0.6868559280324579,3.62838905811551,0.37548415062295265,0.2792559816394762,0.4374466928851368,ExchangeRate,raw,3864,3960,raw:3864:3,low,mid
4,0.7804508875248408,0.40154270202954456,0.06845593114932179,0.625,0.9470132299301748,3.62838905811551,0.37548415062295265,0.41681650690123573,0.6491657935177092,ExchangeRate,raw,3864,3960,raw:3864:4,mid,high
5,0.8822807221642868,0.15619930332781384,0.03662561479824262,0.375,0.9184802485988344,3.62838905811551,0.37548415062295265,0.3583685467634478,0.5563214664072623,ExchangeRate,raw,3864,3960,raw:3864:5,mid,high
6,0.785693776020415,0.3239632282696234,0.08978054710374936,0.375,0.8782283337342,3.62838905811551,0.37548415062295265,0.3998125171312626,0.5429041614523842,ExchangeRate,raw,3864,3960,raw:3864:6,mid,high
7,0.35555288544536334,0.13684576369889606,0.2726938224488656,0.5,0.7365984895263544,3.62838905811551,0.37548415062295265,0.255030823864375,0.537360880049769,ExchangeRate,raw,3864,3960,raw:3864:7,low,high
0,0.6221378393148416,0.2784848950272825,0.2144188614369811,0.125,0.7700099012801261,2.8575404829395126,0.2653629257551262,0.37168053192636835,0.38679094234508415,ExchangeRate,raw,3888,3984,raw:3888:0,mid,mid
1,0.6106971652415508,0.054633113997802275,0.5811979640560501,0.125,0.5342131849441493,2.8575404829395126,0.2653629257551262,0.415509414431801,0.3081920368997585,ExchangeRate,raw,3888,3984,raw:3888:1,mid,low
2,0.5729405673310812,0.21907045306968165,0.5471284281809864,0.25,0.8024083718871393,2.8575404829395126,0.2653629257551262,0.4463798161939165,0.4392570992140885,ExchangeRate,raw,3888,3984,raw:3888:2,high,mid
3,0.7740678947250414,0.09204324404302694,0.7035752499243075,0.25,0.6537148612267732,2.8575404829395126,0.2653629257551262,0.523228796230792,0.38969259566063313,ExchangeRate,raw,3888,3984,raw:3888:3,high,mid
4,0.8492566380915567,0.24467895206085333,0.24712138033342826,0.5,0.8800630325919225,2.8575404829395126,0.2653629257551262,0.44701899016194613,0.5484753194490163,ExchangeRate,raw,3888,3984,raw:3888:4,high,high
5,0.8361210033854277,0.10347258582132644,0.05090023189227772,0.5,0.9651963571932498,2.8575404829395126,0.2653629257551262,0.33016460703301065,0.5768530943161253,ExchangeRate,raw,3888,3984,raw:3888:5,low,high
6,0.4741942451307004,0.26976497710662367,0.1664474629364704,0.125,0.7034708421071042,2.8575404829395126,0.2653629257551262,0.3034688950579315,0.3646112559540768,ExchangeRate,raw,3888,3984,raw:3888:6,low,mid
7,0.38083790067459067,0.11117735728283318,0.2691441248346177,0.25,0.6944338017742115,2.8575404829395126,0.2653629257551262,0.25371979426401386,0.40326557584311257,ExchangeRate,raw,3888,3984,raw:3888:7,low,mid
0,0.3432183392470899,0.1952811267792146,0.01703050170882741,0.0,0.730861777675459,3.27981774315771,0.3256882485572611,0.18517665591171062,0.35218334207757335,ExchangeRate,raw,3912,4008,raw:3912:0,low,low
1,0.6840276774682128,0.1628753537133839,0.05708888016531922,0.25,0.7878772430317921,3.27981774315771,0.3256882485572611,0.3013306371156386,0.4545218305296843,ExchangeRate,raw,3912,4008,raw:3912:1,low,mid
2,0.6890314271357236,0.2790672948484585,0.5728576574171641,0.125,0.8385269586237152,3.27981774315771,0.3256882485572611,0.5136521264671154,0.4297384023936588,ExchangeRate,raw,3912,4008,raw:3912:2,high,mid
3,0.6006381056167542,0.18996695215221143,0.06797065667305423,0.125,0.8641703991957984,3.27981774315771,0.3256882485572611,0.28619190481400664,0.4382862159176865,ExchangeRate,raw,3912,4008,raw:3912:3,low,mid
4,0.8554999356366505,0.3808958242598378,0.22468694266966113,1.0,0.7935477534654979,3.27981774315771,0.3256882485572611,0.48702756752204984,0.7064120006742529,ExchangeRate,raw,3912,4008,raw:3912:4,high,high
5,0.4940774254917122,0.1472960976181334,0.05097923748512046,0.0,0.55576649100337,3.27981774315771,0.3256882485572611,0.23078425353165535,0.2938182465202103,ExchangeRate,raw,3912,4008,raw:3912:5,low,low
6,0.8386828225943891,0.1243649432896585,0.4861542705340774,0.0,0.3773118309165822,3.27981774315771,0.3256882485572611,0.48306734547270835,0.23433335982461445,ExchangeRate,raw,3912,4008,raw:3912:6,high,low
7,0.474149625759395,0.0442553753086392,0.12161130501834154,0.125,0.538676333025965,3.27981774315771,0.3256882485572611,0.21333876869545856,0.32978819386107533,ExchangeRate,raw,3912,4008,raw:3912:7,low,low
0,0.5984446045492005,0.1594255172311151,0.6597264842613415,0.375,0.730049577852422,3.1510321778129105,0.3072903106771439,0.4725322020138856,0.4707799628431886,ExchangeRate,raw,3936,4032,raw:3936:0,high,high
1,0.7553076589138239,0.234327023097541,0.061095294072830035,0.25,0.8009470864116108,3.1510321778129105,0.3072903106771439,0.3502433253613983,0.4527457990295849,ExchangeRate,raw,3936,4032,raw:3936:1,mid,mid
2,0.632372200799699,0.2255215204080069,0.2565523615529241,0.25,0.5906051560008027,3.1510321778129105,0.3072903106771439,0.37148202758687665,0.3826318222259822,ExchangeRate,raw,3936,4032,raw:3936:2,mid,mid
3,0.7626005188237879,0.18437027890992702,0.10316573201869775,0.375,0.8416648822954919,3.1510321778129105,0.3072903106771439,0.3500455099174709,0.507985064324212,ExchangeRate,raw,3936,4032,raw:3936:3,mid,high
4,0.8284689372073056,0.2798113368277185,0.04772692073728139,1.0,0.7524712130728866,3.1510321778129105,0.3072903106771439,0.38533573159076856,0.6865871745833435,ExchangeRate,raw,3936,4032,raw:3936:4,mid,high
5,0.6315542554169471,0.05784604641983483,0.6055311586212245,0.25,0.8221258769082976,3.1510321778129105,0.3072903106771439,0.43164382015266883,0.45980539586181385,ExchangeRate,raw,3936,4032,raw:3936:5,high,mid
6,0.9608315258240244,0.0905206386600387,0.1909319210275195,0.25,0.7533384718710354,3.1510321778129105,0.3072903106771439,0.41409469517052755,0.43687626084939307,ExchangeRate,raw,3936,4032,raw:3936:6,mid,mid
7,0.690310332809005,0.6234392347668893,0.7795677120982856,0.375,0.6402652725425618,3.1510321778129105,0.3072903106771439,0.6977724265580599,0.4408518610732352,ExchangeRate,raw,3936,4032,raw:3936:7,high,mid
0,0.34869681450817136,0.31020741882591857,0.10076344004145543,0.125,0.7293179099861052,3.2966433672250637,0.3280919091348778,0.2532225577918485,0.39413660637366105,ExchangeRate,raw,3960,4056,raw:3960:0,low,mid
1,0.5446689060986852,0.3184031584551468,0.14131482412687188,0.125,0.7560340463932099,3.2966433672250637,0.3280919091348778,0.3347956295602346,0.40304198517602924,ExchangeRate,raw,3960,4056,raw:3960:1,low,mid
2,0.585244116359353,0.43385569249192696,0.5175045268122042,0.75,0.9031816337581985,3.2966433672250637,0.3280919091348778,0.5122014452211614,0.660424514297692,ExchangeRate,raw,3960,4056,raw:3960:2,high,high
3,0.5400526388145372,0.506850123505184,0.15076690479064483,0.125,0.7291923387855257,3.2966433672250637,0.3280919091348778,0.39922322237012203,0.39409474930680116,ExchangeRate,raw,3960,4056,raw:3960:3,mid,mid
4,0.8618452861317958,0.23635387874063105,0.10193810473619697,1.0,0.8852746458770705,3.2966433672250637,0.3280919091348778,0.4000457565362079,0.7377888516706493,ExchangeRate,raw,3960,4056,raw:3960:4,mid,high
5,0.4704714243975354,0.07234170323558324,0.02736057783616939,0.125,0.7279417666127576,3.2966433672250637,0.3280919091348778,0.190057901823096,0.3936778919158785,ExchangeRate,raw,3960,4056,raw:3960:5,low,mid
6,0.9683134989815804,0.1913476457083022,0.011058377966568984,0.125,0.5982472456256356,3.2966433672250637,0.3280919091348778,0.39023984088548386,0.3504463849201711,ExchangeRate,raw,3960,4056,raw:3960:6,mid,low
7,0.5156582358470184,0.05138543750036169,0.44593705292893837,0.25,0.6917113550316428,3.2966433672250637,0.3280919091348778,0.33766024209210616,0.42326775472217354,ExchangeRate,raw,3960,4056,raw:3960:7,low,mid
0,0.7072875326296577,0.10722277093624566,0.03299732742138939,0.125,0.7958344823371662,3.4767712066130096,0.3538244575821093,0.28250254366243094,0.4248863133064252,ExchangeRate,raw,3984,4080,raw:3984:0,low,mid
1,0.8259282110304491,0.26248735640134846,0.025116483172883983,0.25,0.7392458131466036,3.4767712066130096,0.3538244575821093,0.3711773502015605,0.44769009024290435,ExchangeRate,raw,3984,4080,raw:3984:1,mid,mid
2,0.3534335334895038,0.15955620314798058,0.3560521609622842,0.25,0.8890099926345818,3.4767712066130096,0.3538244575821093,0.2896806325332562,0.49761148340556366,ExchangeRate,raw,3984,4080,raw:3984:2,low,high
3,0.801967526804211,0.19667271635697087,0.04490497307848805,0.25,0.7735718084038216,3.4767712066130096,0.3538244575821093,0.3478484054132233,0.45913208866197697,ExchangeRate,raw,3984,4080,raw:3984:3,mid,mid
4,0.8323866948043837,0.15048725414183933,0.20166462007699887,1.0,0.9035603646194837,3.4767712066130096,0.3538244575821093,0.3948461896744073,0.752461607400531,ExchangeRate,raw,3984,4080,raw:3984:4,mid,high
5,0.6975223725929147,0.1787363307578489,0.04952290571590249,0.375,0.8002969969213591,3.4767712066130096,0.3538244575821093,0.3085938696888887,0.5097071515011561,ExchangeRate,raw,3984,4080,raw:3984:5,low,high
6,0.645001906686815,0.5315323803124046,0.13269652342900085,0.125,0.7230220410687108,3.4767712066130096,0.3538244575821093,0.43641027014274014,0.40061549955027337,ExchangeRate,raw,3984,4080,raw:3984:6,high,mid
7,0.8909826964017478,0.09635754545258321,0.058929224919942264,0.0,0.6192609111704543,3.4767712066130096,0.3538244575821093,0.3487564889247578,0.3243617895841879,ExchangeRate,raw,3984,4080,raw:3984:7,mid,low
0,0.6753608700410976,0.19214377779234748,0.2999451054743121,0.125,0.6928684549301131,2.8942421232492097,0.2706060172204499,0.38914991776925234,0.3628248240501877,ExchangeRate,raw,4008,4104,raw:4008:0,mid,mid
1,0.4081094033546001,0.21485515547708622,0.4477927714120171,0.25,0.773633962122677,2.8942421232492097,0.2706060172204499,0.3569191100812345,0.4314133264477089,ExchangeRate,raw,4008,4104,raw:4008:1,mid,mid
2,0.5883563420363593,0.620920913738751,0.5297620461763697,0.375,0.7991658251985384,2.8942421232492097,0.2706060172204499,0.57967976731716,0.4815906141396627,ExchangeRate,raw,4008,4104,raw:4008:2,high,high
3,0.16321773922572336,0.26614940522595487,0.5272716675388527,0.125,0.7048793975848763,2.8942421232492097,0.2706060172204499,0.3188796039968436,0.3668284716017754,ExchangeRate,raw,4008,4104,raw:4008:3,low,mid
4,0.7622225238072553,0.18543810266657168,0.3360271054405255,1.0,0.8851436088236783,2.8942421232492097,0.2706060172204499,0.4278959106381175,0.718583208681376,ExchangeRate,raw,4008,4104,raw:4008:4,high,high
5,0.6004529899083593,0.41534363865045665,0.4367211963756186,0.25,0.7506761068689635,2.8942421232492097,0.2706060172204499,0.4841726083114782,0.4237607080298044,ExchangeRate,raw,4008,4104,raw:4008:5,high,mid
6,0.8290848690885388,0.15091950695476825,0.7895076674118858,0.125,0.7646041043282046,2.8942421232492097,0.2706060172204499,0.5898373478183977,0.38673670718288483,ExchangeRate,raw,4008,4104,raw:4008:6,high,mid
7,0.8870670854181554,0.23036441620196244,0.19520431564526095,0.25,0.7272079951390069,2.8942421232492097,0.2706060172204499,0.4375452724217929,0.4159380041198189,ExchangeRate,raw,4008,4104,raw:4008:7,high,mid
0,0.8713013185975018,0.11678504505293531,0.30362380924432597,0.0,0.5322243686988737,1.904937269532162,0.1292767526056278,0.4305700576315877,0.22050037376816714,ExchangeRate,raw,4032,4128,raw:4032:0,high,low
1,0.9524603378770227,0.11002838311840793,0.3473011752092292,0.0,0.34961708211686954,1.904937269532162,0.1292767526056278,0.46992996540155324,0.15963127824083245,ExchangeRate,raw,4032,4128,raw:4032:1,high,low
2,0.8531611575755104,0.06994131511065889,0.08444160950637644,0.0,0.5760909986169505,1.904937269532162,0.1292767526056278,0.33584802739751524,0.2351225837408594,ExchangeRate,raw,4032,4128,raw:4032:2,low,low
3,0.9327892699477844,0.20422322744860455,0.2571144274304536,0.0,0.46475772363645057,1.904937269532162,0.1292767526056278,0.4647089749422808,0.1980114920806928,ExchangeRate,raw,4032,4128,raw:4032:3,high,low
4,0.9254396552674834,0.24979004813527134,0.24558538459997717,1.0,0.968910779054752,1.904937269532162,0.1292767526056278,0.473605029334244,0.6993958438867933,ExchangeRate,raw,4032,4128,raw:4032:4,high,high
5,0.8817022671983448,0.29006956885993174,0.4669735030099762,0.125,0.6271696485912835,1.904937269532162,0.1292767526056278,0.5462484463560843,0.2938154670656371,ExchangeRate,raw,4032,4128,raw:4032:5,high,low
6,0.9009316615603858,0.25584092434089917,0.3075801253771998,0.125,0.8087130997971094,1.904937269532162,0.1292767526056278,0.4881175704261616,0.3543299508009124,ExchangeRate,raw,4032,4128,raw:4032:6,high,low
7,0.7866043694712715,0.07618978490742637,0.01081467285020147,0.0,0.48969100751269234,1.904937269532162,0.1292767526056278,0.2912029424096331,0.2063225867061067,ExchangeRate,raw,4032,4128,raw:4032:7,low,low
0,0.6317850729544218,0.06210643664748133,0.09324866505093594,0.125,0.726977635856464,2.9762699766005887,0.28232428196819226,0.26238005821761307,0.3781006392748854,ExchangeRate,raw,4056,4152,raw:4056:0,low,mid
1,0.9729886975260453,0.12157615479923886,0.23258052369063223,0.25,0.8237108013359837,2.9762699766005887,0.28232428196819226,0.4423817920053055,0.4520116944347253,ExchangeRate,raw,4056,4152,raw:4056:1,high,mid
2,0.909275031191849,0.2787051465147209,0.10738762760054467,0.25,0.9447257037250294,2.9762699766005887,0.28232428196819226,0.4317892684357049,0.4923499952310739,ExchangeRate,raw,4056,4152,raw:4056:2,high,high
3,0.9297477279263017,0.1454771101303554,0.2218958284722544,0.25,0.8971733098023158,2.9762699766005887,0.28232428196819226,0.43237355550963713,0.47649919725683604,ExchangeRate,raw,4056,4152,raw:4056:3,high,high
4,0.4526029775832917,0.09275506438201411,0.08753223722201978,0.5,0.9376220876542293,2.9762699766005887,0.28232428196819226,0.21096342639577517,0.5733154565408073,ExchangeRate,raw,4056,4152,raw:4056:4,low,high
5,0.9320911083933857,0.0365113778041165,0.0898158729153358,0.25,0.7461174498241346,2.9762699766005887,0.28232428196819226,0.35280611970427933,0.42614724393077563,ExchangeRate,raw,4056,4152,raw:4056:5,mid,mid
6,0.8455192692034786,0.21491647668048022,0.08747328385650271,0.125,0.794928026580058,2.9762699766005887,0.28232428196819226,0.3826363432468205,0.4007507695160834,ExchangeRate,raw,4056,4152,raw:4056:6,mid,mid
7,0.6362645771933343,0.7476126346849393,0.3064343650233729,0.25,0.8256153600417183,2.9762699766005887,0.28232428196819226,0.5634371923005489,0.45264654733663684,ExchangeRate,raw,4056,4152,raw:4056:7,high,mid
0,0.6722432038007764,0.07113073200495779,0.4760242969108772,0.0,0.625347594521143,2.4135049282280145,0.20192927517267453,0.40646607757220377,0.27575895656460586,ExchangeRate,raw,4080,4176,raw:4080:0,mid,low
1,0.8764449513445828,0.1828104736370014,0.22130605486734375,0.0,0.4981235117751972,2.4135049282280145,0.20192927517267453,0.42685382661630933,0.2333509289826239,ExchangeRate,raw,4080,4176,raw:4080:1,high,low
2,0.6472886385581791,0.2384569550943329,0.4284451512660002,0.125,0.6283382993378238,2.4135049282280145,0.20192927517267453,0.43806358163950404,0.3184225248368328,ExchangeRate,raw,4080,4176,raw:4080:2,high,low
3,0.8510691779847066,0.19588793738869592,0.26863646130384533,0.0,0.6018287424270647,2.4135049282280145,0.20192927517267453,0.4385311922257493,0.2679193391999131,ExchangeRate,raw,4080,4176,raw:4080:3,high,low
4,0.8080582850153157,0.4001845030173087,0.5286532029102081,0.75,0.9586067862845397,2.4135049282280145,0.20192927517267453,0.5789653303142774,0.6368453538190714,ExchangeRate,raw,4080,4176,raw:4080:4,high,high
5,0.691554650976755,0.09765327146195818,0.2645017746181273,0.0,0.4334303713059565,2.4135049282280145,0.20192927517267453,0.3512365656856135,0.21178654882621037,ExchangeRate,raw,4080,4176,raw:4080:5,mid,low
6,0.437255639594342,0.35430791122289385,0.49712444679615314,0.0,0.8374555589073203,2.4135049282280145,0.20192927517267453,0.4295626658711296,0.34646161135999826,ExchangeRate,raw,4080,4176,raw:4080:6,high,low
7,0.38619943002073,0.08264478193236656,0.2658754759285925,0.25,0.7434384123665608,2.4135049282280145,0.20192927517267453,0.24490656262722968,0.3984558958464118,ExchangeRate,raw,4080,4176,raw:4080:7,low,mid
0,0.32613073144524585,0.05417627390040452,0.056896483248085536,0.0,0.44307568440224,3.505906223862183,0.35798660289747386,0.14573449619791198,0.26702076243323797,ExchangeRate,raw,4104,4200,raw:4104:0,low,low
1,0.25525879847138855,0.21238415046161985,0.4125118783980441,0.375,0.9250853387255868,3.505906223862183,0.35798660289747386,0.2933849424436841,0.5526906472076869,ExchangeRate,raw,4104,4200,raw:4104:1,low,high
2,0.5888015877309086,0.22197287686620498,0.20811082540583678,1.0,0.955277492378478,3.505906223862183,0.35798660289747386,0.33962843000098347,0.7710880317586506,ExchangeRate,raw,4104,4200,raw:4104:2,low,high
3,0.4375689565092509,0.322984380598707,0.244394845378492,1.0,0.9455701607110442,3.505906223862183,0.35798660289747386,0.33498272749548325,0.7678522545361727,ExchangeRate,raw,4104,4200,raw:4104:3,low,high
4,0.7086814198619941,0.22061259689361223,0.0539420229581868,0.25,0.876986550046692,3.505906223862183,0.35798660289747386,0.32774534657126436,0.4949910509813886,ExchangeRate,raw,4104,4200,raw:4104:4,low,high
5,0.706985680664559,0.16290061904149966,0.05387845379347579,0.25,0.7926660812543409,3.505906223862183,0.35798660289747386,0.3079215844998448,0.4668842280506049,ExchangeRate,raw,4104,4200,raw:4104:5,low,mid
6,0.36229932261094,0.2819872350294612,0.2906014205921929,0.125,0.8711570327151209,3.505906223862183,0.35798660289747386,0.31162932607753135,0.4513812118708649,ExchangeRate,raw,4104,4200,raw:4104:6,low,mid
7,0.5132150698035545,0.3611735548794596,0.19988722285470217,0.0,0.7459720744323411,3.505906223862183,0.35798660289747386,0.35809194917923876,0.36798622577660495,ExchangeRate,raw,4104,4200,raw:4104:7,mid,mid
0,0.8792055789374301,0.09643665312264295,0.35158841569995064,0.25,0.7176965998432983,3.3307134211215903,0.3329590596845714,0.4424102159200079,0.43355188650928983,ExchangeRate,raw,4128,4224,raw:4128:0,high,mid
1,0.7534808820723856,0.3495498483562871,0.6735178340709354,0.0,0.9118622555290812,3.3307134211215903,0.3329590596845714,0.5921828548332027,0.4149404384045508,ExchangeRate,raw,4128,4224,raw:4128:1,high,mid
2,0.4898590697352887,0.29951536600442286,0.1905330587083389,0.125,0.7564463865804506,3.3307134211215903,0.3329590596845714,0.3266358314826835,0.404801815421674,ExchangeRate,raw,4128,4224,raw:4128:2,low,mid
3,0.4859850568295708,0.27059339354273315,0.4009726564663308,1.0,0.951578800714729,3.3307134211215903,0.3329590596845714,0.3858503689462116,0.7615126201331002,ExchangeRate,raw,4128,4224,raw:4128:3,mid,high
4,0.8120547944840137,0.1968309709974972,0.39546808704788894,0.875,0.9600470154570284,3.3307134211215903,0.3329590596845714,0.4681179508431333,0.7226686917138666,ExchangeRate,raw,4128,4224,raw:4128:4,high,high
5,0.6258804438186167,0.130363091789948,0.10229520677311117,0.25,0.8538888366109825,3.3307134211215903,0.3329590596845714,0.286179580793892,0.47894929876518466,ExchangeRate,raw,4128,4224,raw:4128:5,low,high
6,0.7236979398724297,0.2060582590685297,0.38966430793464063,1.0,0.9527589212403835,3.3307134211215903,0.3329590596845714,0.4398068356252,0.7619059936416517,ExchangeRate,raw,4128,4224,raw:4128:6,high,high
7,0.42851476979815284,0.15272027266596744,0.3698648500837309,0.0,0.5279610766837639,3.3307134211215903,0.3329590596845714,0.3170332975159504,0.2869733787894451,ExchangeRate,raw,4128,4224,raw:4128:7,low,low
0,0.6682572469836945,0.14535993654286716,0.09164747638423112,0.0,0.5104708753667223,3.6113376118810074,0.3730482297357893,0.3017548866369309,0.2945063683675039,ExchangeRate,raw,4152,4248,raw:4152:0,low,low
1,0.8008087163388066,0.14644268747018419,0.017221525487447445,0.25,0.7573422391757004,3.6113376118810074,0.3730482297357893,0.3214909764321461,0.46013015630383,ExchangeRate,raw,4152,4248,raw:4152:1,low,mid
2,0.4319476841178175,0.055752101076302074,0.37127630604799683,0.25,0.7964516889659654,3.6113376118810074,0.3730482297357893,0.2863253637473721,0.4731666395672516,ExchangeRate,raw,4152,4248,raw:4152:2,low,high
3,0.2926210006837088,0.46943530689815216,0.6687509208134925,0.375,0.8210953491329006,3.6113376118810074,0.3730482297357893,0.47693574279845113,0.5230478596228966,ExchangeRate,raw,4152,4248,raw:4152:3,high,high
4,0.8247307071710377,0.14243895413998017,0.3561292044209135,0.375,0.8528414019099368,3.6113376118810074,0.3730482297357893,0.4410996219106438,0.533629877215242,ExchangeRate,raw,4152,4248,raw:4152:4,high,high
5,0.7185337021743399,0.43338003608594144,0.21123700599702458,0.25,0.8131596280896904,3.6113376118810074,0.3730482297357893,0.45438358141910196,0.4787359526084933,ExchangeRate,raw,4152,4248,raw:4152:5,high,high
6,0.327376857143989,0.20625843320524803,0.416752099209826,0.125,0.7942524619813915,3.6113376118810074,0.3730482297357893,0.3167957965196877,0.4307668972390603,ExchangeRate,raw,4152,4248,raw:4152:6,low,mid
7,0.8150534193731527,0.42473714494006565,0.03452685611711923,0.5,0.8047490108123392,3.6113376118810074,0.3730482297357893,0.4247724734767792,0.5592657468493761,ExchangeRate,raw,4152,4248,raw:4152:7,high,high
0,0.737407146119196,0.3622199103287412,0.5276732194949277,0.75,0.9223015205276874,3.3272774021664655,0.3324681998345405,0.5424334253142883,0.6682565734540761,ExchangeRate,raw,4176,4272,raw:4176:0,high,high
1,0.5171708652652096,0.10142179900020803,0.22410276906103233,0.375,0.7962144747720689,3.3272774021664655,0.3324681998345405,0.2808984777754833,0.5012275582022031,ExchangeRate,raw,4176,4272,raw:4176:1,low,high
2,0.4995433524571613,0.06759848400091756,0.7546409439846328,0.125,0.6692659266371561,3.3272774021664655,0.3324681998345405,0.4405942601475705,0.3755780421572322,ExchangeRate,raw,4176,4272,raw:4176:2,high,mid
3,0.8093788769696668,0.1719599765599631,0.3550901973873535,0.5,0.8926945408106791,3.3272774021664655,0.3324681998345405,0.44547635030566113,0.5750542468817398,ExchangeRate,raw,4176,4272,raw:4176:3,high,high
4,0.9834215813831109,0.22494178989688057,0.025278029446969004,0.375,0.8240216718445353,3.3272774021664655,0.3324681998345405,0.4112138002423202,0.5104966238930252,ExchangeRate,raw,4176,4272,raw:4176:4,mid,high
5,0.588438075581146,0.1757263781087606,0.2875530662498367,0.5,0.854697957965876,3.3272774021664655,0.3324681998345405,0.3505725066465811,0.5623887192668054,ExchangeRate,raw,4176,4272,raw:4176:5,mid,high
6,0.5191746152360521,0.40354303234834554,0.24920115519790045,0.5,0.9414403266036353,3.3272774021664655,0.3324681998345405,0.3906396009274327,0.5913028421460585,ExchangeRate,raw,4176,4272,raw:4176:6,mid,high
7,0.9101544394619716,0.0769251415663095,0.3622222885375386,0.375,0.8475716929979494,3.3272774021664655,0.3324681998345405,0.4497672898552732,0.5183466309441633,ExchangeRate,raw,4176,4272,raw:4176:7,high,high
0,0.4774883730353351,0.11574230570136591,0.22021273423273993,0.125,0.593528265664531,3.3340087685179376,0.33342982359766277,0.27114780432314695,0.35065269642073127,ExchangeRate,raw,4200,4296,raw:4200:0,low,low
1,0.25161248487439913,0.42718848246813046,0.6456550934493445,0.25,0.8217518505695329,3.3340087685179376,0.33342982359766277,0.44148535359729135,0.46839389138906523,ExchangeRate,raw,4200,4296,raw:4200:1,high,high
2,0.6397923053235541,0.2871998497048582,0.412554975693578,0.25,0.7012640936457374,3.3340087685179376,0.33342982359766277,0.44651571024066344,0.42823130574780005,ExchangeRate,raw,4200,4296,raw:4200:2,high,mid
3,0.40422498945246566,0.18570256825276993,0.268209038418854,0.125,0.8103783413168013,3.3340087685179376,0.33342982359766277,0.28604553204136324,0.422936054971488,ExchangeRate,raw,4200,4296,raw:4200:3,low,mid
4,0.6898732044570187,0.13132659581188308,0.002396525438083581,0.25,0.8495933259692202,3.3340087685179376,0.33342982359766277,0.2745321085689951,0.47767438318896094,ExchangeRate,raw,4200,4296,raw:4200:4,low,high
5,0.6170080753864204,0.5115638952643996,0.2330442338983543,0.125,0.8707049359183745,3.3340087685179376,0.33342982359766277,0.45387206818305814,0.44304491983867905,ExchangeRate,raw,4200,4296,raw:4200:5,high,mid
6,0.7540864366303769,0.037830633023656024,0.12284682584628505,0.0,0.5151611577704914,3.3340087685179376,0.33342982359766277,0.304921298500106,0.28286366045605144,ExchangeRate,raw,4200,4296,raw:4200:6,low,low
7,0.8388906870445025,0.03876049332974271,0.25259647805577373,0.25,0.8297152831337469,3.3340087685179376,0.33342982359766277,0.376749219476673,0.47104836891046986,ExchangeRate,raw,4200,4296,raw:4200:7,mid,high
0,0.8149685959114992,0.27446244993537056,0.017967085677233898,0.125,0.7238807478029929,2.412287683239264,0.20175538303167287,0.3691327105080345,0.3502120436115553,ExchangeRate,raw,4224,4320,raw:4224:0,mid,low
1,0.8157488525379386,0.16054926995023144,0.03843415920412011,0.125,0.7007076813233969,2.412287683239264,0.20175538303167287,0.33824409389743004,0.34248768811835656,ExchangeRate,raw,4224,4320,raw:4224:1,low,low
2,0.8109382152085288,0.11042052693658572,0.4141235514316751,0.5,0.8788425083461664,2.412287683239264,0.20175538303167287,0.4451607645255966,0.5268659637926131,ExchangeRate,raw,4224,4320,raw:4224:2,high,high
3,0.7303121044200663,0.04047551517613604,0.5270118030050874,0.25,0.5817411054235926,2.412287683239264,0.20175538303167287,0.4325998075337633,0.34449882948508853,ExchangeRate,raw,4224,4320,raw:4224:3,high,low
4,0.8939962682746183,0.18401864748200986,0.1936389039550984,0.125,0.6503863184498273,2.412287683239264,0.20175538303167287,0.4238846065705755,0.32571390049383336,ExchangeRate,raw,4224,4320,raw:4224:4,high,low
5,0.4121934490991983,0.08701002820214263,0.462624208019614,0.25,0.8044954350272059,2.412287683239264,0.20175538303167287,0.3206092284403183,0.418750272686293,ExchangeRate,raw,4224,4320,raw:4224:5,low,mid
6,0.855882889200047,0.19018709506631154,0.060806247144832556,0.25,0.8491048955955443,2.412287683239264,0.20175538303167287,0.36895874380373034,0.43362009287573905,ExchangeRate,raw,4224,4320,raw:4224:6,mid,mid
7,0.7646031478333293,0.301157918532302,0.24236267718303717,0.5,0.8836316967974982,2.412287683239264,0.20175538303167287,0.43604124784955617,0.528462359943057,ExchangeRate,raw,4224,4320,raw:4224:7,high,high
0,0.848545878760476,0.1601982779806177,0.22309549630964423,0.125,0.7600439485707173,2.1071681263908757,0.15816687497274384,0.41061321768357933,0.3477369411811537,ExchangeRate,raw,4248,4344,raw:4248:0,mid,low
1,0.859617420532589,0.3783931313259866,0.3665695982734,0.375,0.8581932773582989,2.1071681263908757,0.15816687497274384,0.534860050043992,0.46378671744368094,ExchangeRate,raw,4248,4344,raw:4248:1,high,mid
2,0.8717969351471082,0.1396464787370475,0.3571497667502243,0.25,0.8616367004984262,2.1071681263908757,0.15816687497274384,0.4561977268781267,0.42326785849039,ExchangeRate,raw,4248,4344,raw:4248:2,high,mid
3,0.7985917266074678,0.3302046528959998,0.38419781365496203,0.0,0.8066632445753972,2.1071681263908757,0.15816687497274384,0.5043313977194765,0.32161003984938036,ExchangeRate,raw,4248,4344,raw:4248:3,high,low
4,0.9215933351263405,0.181117572771751,0.23504366536853574,0.25,0.8357581956622551,2.1071681263908757,0.15816687497274384,0.4459181910888757,0.4146416902116663,ExchangeRate,raw,4248,4344,raw:4248:4,high,mid
5,0.6436172751453583,0.0969441259521916,0.5138272509744479,0.125,0.6544114082055486,2.1071681263908757,0.15816687497274384,0.41812955069066593,0.31252609439276413,ExchangeRate,raw,4248,4344,raw:4248:5,mid,low
6,0.886329704772603,0.2116335587174386,0.19307912872373945,0.25,0.8735385873455559,2.1071681263908757,0.15816687497274384,0.43034746407126034,0.4272351541060999,ExchangeRate,raw,4248,4344,raw:4248:6,high,mid
7,0.9111927343949829,0.1071301038922939,0.17937653417988905,0.25,0.8944326798032634,2.1071681263908757,0.15816687497274384,0.39923312415572193,0.4341998515920024,ExchangeRate,raw,4248,4344,raw:4248:7,mid,mid
0,0.5709862241889652,0.22155247686315369,0.11118545732317635,0.125,0.6692674825354056,2.043184820608783,0.14902640273121698,0.3012413861250984,0.3144312950888742,ExchangeRate,raw,4272,4368,raw:4272:0,low,low
1,0.9206788623806605,0.38931446108194473,0.09148869252479783,0.125,0.7934436982333641,2.043184820608783,0.14902640273121698,0.467160671995801,0.35582336698819367,ExchangeRate,raw,4272,4368,raw:4272:1,high,low
2,0.8480364527923961,0.1278398068655882,0.06266346564245073,0.875,0.8831752301410941,2.043184820608783,0.14902640273121698,0.3461799084334784,0.6357338776241037,ExchangeRate,raw,4272,4368,raw:4272:2,mid,high
3,0.6669921286090469,0.023886288429164917,0.3158781906533028,0.0,0.4878696788847534,2.043184820608783,0.14902640273121698,0.33558553589717155,0.2122986938719901,ExchangeRate,raw,4272,4368,raw:4272:3,low,low
4,0.8236006641532116,0.25918079683636885,0.02053655035376399,0.5,0.8181602716403203,2.043184820608783,0.14902640273121698,0.3677726704477815,0.48906222479051237,ExchangeRate,raw,4272,4368,raw:4272:4,mid,high
5,0.8209483125353904,0.06552898358714034,0.10054461179040614,0.0,0.6229796788237068,2.043184820608783,0.14902640273121698,0.3290073026376456,0.2573353605183079,ExchangeRate,raw,4272,4368,raw:4272:5,low,low
6,0.950190518358834,0.044887443713577745,0.034097321273066986,0.125,0.7149103139185774,2.043184820608783,0.14902640273121698,0.34305842778182627,0.3296455722165981,ExchangeRate,raw,4272,4368,raw:4272:6,low,low
7,0.8202884430298063,0.2120528554167448,0.07293325200469132,0.125,0.6875110477363596,2.043184820608783,0.14902640273121698,0.36842485015041415,0.3205124834891922,ExchangeRate,raw,4272,4368,raw:4272:7,mid,low
0,0.5179112657582555,0.2484838954434687,0.5857654540739081,0.25,0.7904523892651656,3.6613505397951256,0.38019293371331375,0.45072020509187743,0.4735484409928265,ExchangeRate,raw,4296,4392,raw:4296:0,high,high
1,0.555609970519735,0.1513158379170444,0.30926304939120003,0.375,0.7992303980718213,3.6613505397951256,0.38019293371331375,0.33872961927599315,0.5181411105950451,ExchangeRate,raw,4296,4392,raw:4296:1,low,high
2,0.7926838834359203,0.10887428787908443,0.04555449151143857,0.125,0.6259925518649929,3.6613505397951256,0.38019293371331375,0.31570422094214773,0.37706182852610226,ExchangeRate,raw,4296,4392,raw:4296:2,low,mid
3,0.8420757553325158,0.12242714851077965,0.009085664489618776,0.125,0.7286835646125709,3.6613505397951256,0.38019293371331375,0.3245295227776381,0.4112921661086282,ExchangeRate,raw,4296,4392,raw:4296:3,low,mid
4,0.9313264777209153,0.1954341217277656,0.16198207766612632,0.625,0.8213735685296688,3.6613505397951256,0.38019293371331375,0.4295808923716024,0.6088555007476608,ExchangeRate,raw,4296,4392,raw:4296:4,high,high
5,0.8029993713359588,0.07262462558230082,0.05803470053298076,0.125,0.6664573179410516,3.6613505397951256,0.38019293371331375,0.3112195658170801,0.39055008388478846,ExchangeRate,raw,4296,4392,raw:4296:5,low,mid
6,0.6176709925473258,0.3088812215373047,0.29530996731887516,0.25,0.8601038048112886,3.6613505397951256,0.38019293371331375,0.4072873938011686,0.4967655795082007,ExchangeRate,raw,4296,4392,raw:4296:6,mid,high
7,0.541495675886673,0.3389719920573868,0.28586718970378205,0.25,0.8253973369788993,3.6613505397951256,0.38019293371331375,0.3887782858826139,0.4851967568974043,ExchangeRate,raw,4296,4392,raw:4296:7,mid,high
0,0.7006855021711023,0.13008144017573112,0.35000296552428406,0.25,0.5985673728653427,2.839497488689294,0.26278535515163437,0.39358996929037243,0.37045090933899233,ExchangeRate,raw,4320,4416,raw:4320:0,mid,mid
1,0.5174222247741134,0.1722939033735136,0.5008730233440465,0.5,0.808996519449484,2.839497488689294,0.26278535515163437,0.39686305049722453,0.5239272915337061,ExchangeRate,raw,4320,4416,raw:4320:1,mid,high
2,0.49142363238437836,0.13078984964927773,0.4569693341481389,0.0,0.6753849301089472,2.839497488689294,0.26278535515163437,0.3597276053939316,0.31272342842019385,ExchangeRate,raw,4320,4416,raw:4320:2,mid,low
3,0.6955094179451153,0.12014753340989956,0.4941446152576957,0.0,0.5547346227717286,2.839497488689294,0.26278535515163437,0.4366005222042369,0.27250665930778767,ExchangeRate,raw,4320,4416,raw:4320:3,high,low
4,0.8850823544638936,0.164493856378617,0.0415726177830842,0.25,0.756465790347726,2.839497488689294,0.26278535515163437,0.3637162762085316,0.42308371516645343,ExchangeRate,raw,4320,4416,raw:4320:4,mid,mid
5,0.3634119424056854,0.07013094256324034,0.5491620274765605,0.125,0.7169454320543995,2.839497488689294,0.26278535515163437,0.3275683041484954,0.36824359573534465,ExchangeRate,raw,4320,4416,raw:4320:5,low,mid
6,0.9014366222071346,0.07987096995162844,0.39818349989502944,0.125,0.7665715646310024,2.839497488689294,0.26278535515163437,0.4598303640179308,0.38478563992754555,ExchangeRate,raw,4320,4416,raw:4320:6,high,mid
7,0.7292796193674235,0.17525692542835647,0.38812065197142565,0.25,0.7838147514216746,2.839497488689294,0.26278535515163437,0.4308857322557352,0.43220003552443637,ExchangeRate,raw,4320,4416,raw:4320:7,high,mid
0,0.86955893988451,0.28701049014273117,0.35580156421285725,0.25,0.7799991736205738,3.2801668005340665,0.32573811389666935,0.5041236647466995,0.45191242917241436,ExchangeRate,raw,4344,4440,raw:4344:0,high,mid
1,0.7267227900621562,0.13917118023470382,0.10126255347732788,0.125,0.7488476072819685,3.2801668005340665,0.32573811389666935,0.3223855079247293,0.39986190705954594,ExchangeRate,raw,4344,4440,raw:4344:1,low,mid
2,0.937569427167646,0.16740735232823428,0.37616569591043925,0.0,0.45868781727502705,3.2801668005340665,0.32573811389666935,0.49371415846877315,0.26147531039056543,ExchangeRate,raw,4344,4440,raw:4344:2,high,low
3,0.8879934967118266,0.17580906740478938,0.23105402172214193,0.25,0.8706638647221204,3.2801668005340665,0.32573811389666935,0.43161886194625265,0.48213399287292996,ExchangeRate,raw,4344,4440,raw:4344:3,high,high
4,0.6487986307254359,0.1680591453120337,0.08027310262533663,0.5,0.9789584896339701,3.2801668005340665,0.32573811389666935,0.2990436262209354,0.6015655345102132,ExchangeRate,raw,4344,4440,raw:4344:4,low,high
5,0.6744714601881487,0.03671656764549443,0.394402128275965,0.0,0.6397738252411697,3.2801668005340665,0.32573811389666935,0.36853005203653605,0.32183731304594637,ExchangeRate,raw,4344,4440,raw:4344:5,mid,low
6,0.9032137859613238,0.37672896977950027,0.1508403968176139,0.25,0.9568580861375621,3.2801668005340665,0.32573811389666935,0.4769277175194793,0.5108654000114105,ExchangeRate,raw,4344,4440,raw:4344:6,high,high
7,0.8644534553017588,0.4338466162645529,0.406639155256963,0.25,0.779458354484584,3.2801668005340665,0.32573811389666935,0.5683130756077582,0.4517321561270844,ExchangeRate,raw,4344,4440,raw:4344:7,high,mid
0,0.7999400810229689,0.0985192977562026,0.012627048686118462,0.25,0.6575919149718628,2.987492208357094,0.28392745793111707,0.3036954758217633,0.3971731243009933,ExchangeRate,raw,4368,4464,raw:4368:0,low,mid
1,0.6737151256853992,0.11048490366172799,0.010773123965131765,0.25,0.6124171358093428,2.987492208357094,0.28392745793111707,0.26499105110408633,0.3821148645801533,ExchangeRate,raw,4368,4464,raw:4368:1,low,mid
2,0.9551757444122824,0.23329753881191473,0.0751154450834798,0.0,0.7378455618155263,2.987492208357094,0.28392745793111707,0.4211962427692257,0.3405910065822145,ExchangeRate,raw,4368,4464,raw:4368:2,high,low
3,0.10946071082534625,0.12280180011963114,0.23742219253688202,0.125,0.8312245679226038,2.987492208357094,0.28392745793111707,0.15656156782728647,0.413384008617907,ExchangeRate,raw,4368,4464,raw:4368:3,low,mid
4,0.9377659804093074,0.13343645124135106,0.15559247327238732,0.0,0.5647396665722287,2.987492208357094,0.28392745793111707,0.40893163497434853,0.28288904150111527,ExchangeRate,raw,4368,4464,raw:4368:4,mid,low
5,0.5703687985048151,0.09126232165884082,0.46753098072768945,0.125,0.7192671921133211,2.987492208357094,0.28392745793111707,0.37638736696378183,0.3760648833481461,ExchangeRate,raw,4368,4464,raw:4368:5,mid,mid
6,0.290602330858759,0.04279674685463418,0.16652178671805848,0.125,0.8348828856001621,2.987492208357094,0.28392745793111707,0.16664028814381723,0.41460344784375974,ExchangeRate,raw,4368,4464,raw:4368:6,low,mid
7,0.728809368557018,0.1944998333784988,0.003532568153176804,0.25,0.5570420364247208,2.987492208357094,0.28392745793111707,0.3089472566962312,0.3636564981186126,ExchangeRate,raw,4368,4464,raw:4368:7,low,mid
0,0.7625019935559899,0.1729464539669559,0.3570777579198481,0.125,0.705186473936781,2.739249996113831,0.24846428480416974,0.4308420684809313,0.3595502529136503,ExchangeRate,raw,4392,4488,raw:4392:0,high,low
1,0.7278919382053995,0.052572540585275176,0.586092543317189,0.125,0.5295452930127496,2.739249996113831,0.24846428480416974,0.4555190073692879,0.30100319260563974,ExchangeRate,raw,4392,4488,raw:4392:1,high,low
2,0.9027738622563911,0.12481436248202468,0.06961484355820942,0.125,0.6642417378982274,2.739249996113831,0.24846428480416974,0.36573435609887506,0.3459020075674657,ExchangeRate,raw,4392,4488,raw:4392:2,mid,low
3,0.581246195148047,0.17880500919830067,0.3885109895885779,0.25,0.8333569659758382,2.739249996113831,0.24846428480416974,0.3828540646449752,0.44394041692666936,ExchangeRate,raw,4392,4488,raw:4392:3,mid,mid
4,0.967867998132223,0.10329805161488356,0.009291121799104185,0.375,0.9282214157934893,2.739249996113831,0.24846428480416974,0.36015239051540354,0.5172285668658864,ExchangeRate,raw,4392,4488,raw:4392:4,mid,high
5,0.53210495996392,0.13518565129201876,0.03639541706319903,0.0,0.6309623026974087,2.739249996113831,0.24846428480416974,0.23456200943971262,0.2931421958338595,ExchangeRate,raw,4392,4488,raw:4392:5,low,low
6,0.5312373960105277,0.16339227603258977,0.435870076507425,0.25,0.7404639361505054,2.739249996113831,0.24846428480416974,0.37683324951684743,0.4129760736515584,ExchangeRate,raw,4392,4488,raw:4392:6,mid,mid
7,0.7507335024933672,0.16884039646595606,0.4081396666975643,0.125,0.7369277792360728,2.739249996113831,0.24846428480416974,0.4425711885522959,0.37013068801341414,ExchangeRate,raw,4392,4488,raw:4392:7,high,mid
0,0.5919320744287709,0.07573341482153287,0.12029982415403216,0.0,0.6863093876922322,2.9998766451192145,0.2856966631803211,0.26265510446811197,0.32400201695751774,ExchangeRate,raw,4416,4512,raw:4416:0,low,low
1,0.7113930264379043,0.1133532703432167,0.15643934653006608,0.25,0.7595161658160635,2.9998766451192145,0.2856966631803211,0.327061881103729,0.43173760966546154,ExchangeRate,raw,4416,4512,raw:4416:1,low,mid
2,0.7679765890130557,0.06274823594927126,0.1045440260989439,0.25,0.8486553366541137,2.9998766451192145,0.2856966631803211,0.31175628368709024,0.4614506666114783,ExchangeRate,raw,4416,4512,raw:4416:2,low,mid
3,0.8183860172263692,0.1522423323100499,0.045943413948959524,0.375,0.7972123047349888,2.9998766451192145,0.2856966631803211,0.3388572544951262,0.48596965597176994,ExchangeRate,raw,4416,4512,raw:4416:3,low,high
4,0.8918558233744278,0.26908710474736897,0.03403670725913546,0.125,0.7778893532955249,2.9998766451192145,0.2856966631803211,0.39832654512697735,0.39619533882528196,ExchangeRate,raw,4416,4512,raw:4416:4,mid,mid
5,0.8140559378200862,0.0934342912271689,0.3537610380909922,0.125,0.5272312347623272,2.9998766451192145,0.2856966631803211,0.4204170890460824,0.3126426326475495,ExchangeRate,raw,4416,4512,raw:4416:5,mid,low
6,0.5174508335116312,0.06631179618556798,0.14685442847068939,0.375,0.6823769472489731,2.9998766451192145,0.2856966631803211,0.2435390193892962,0.4476912034764314,ExchangeRate,raw,4416,4512,raw:4416:6,low,mid
7,0.7331582785564985,0.029771374824589882,0.04720182253031645,0.0,0.5772959265912562,2.9998766451192145,0.2856966631803211,0.2700438253038016,0.2876641965905258,ExchangeRate,raw,4416,4512,raw:4416:7,low,low
0,0.70515309669577,0.10382049012663834,0.1570434625509669,0.0,0.6397814365454103,2.385108899352617,0.19787269962484144,0.3220056831244584,0.27921804539008394,ExchangeRate,raw,4440,4536,raw:4440:0,low,low
1,0.5862961214317142,0.4866662555195689,0.3998065148376237,0.25,0.718382911544155,2.385108899352617,0.19787269962484144,0.4909229639296356,0.38875187038966547,ExchangeRate,raw,4440,4536,raw:4440:1,high,mid
2,0.8963472913059536,0.20138750016436613,0.5850214462072991,0.0,0.5165660148854185,2.385108899352617,0.19787269962484144,0.5609187458925396,0.23814623817008665,ExchangeRate,raw,4440,4536,raw:4440:2,high,low
3,0.6665719979773441,0.12868274007592423,0.11130566058601217,0.375,0.8070821677824738,2.385108899352617,0.19787269962484144,0.30218679954642685,0.4599849558024384,ExchangeRate,raw,4440,4536,raw:4440:3,low,mid
4,0.9046597873612023,0.06506758234640689,0.4110430870448082,0.125,0.5322665633157118,2.385108899352617,0.19787269962484144,0.46025681891747244,0.2850464209801844,ExchangeRate,raw,4440,4536,raw:4440:4,high,low
5,0.9107285839582038,0.0822778619936021,0.03877424781543298,0.125,0.8043720841045261,2.385108899352617,0.19787269962484144,0.343926897922413,0.3757482612431225,ExchangeRate,raw,4440,4536,raw:4440:5,low,mid
6,0.7652114818174245,0.2862929149767641,0.27078421387965096,0.0,0.5616347871450053,2.385108899352617,0.19787269962484144,0.4407628702246132,0.25316916225661557,ExchangeRate,raw,4440,4536,raw:4440:6,high,low
7,0.5126747941609664,0.06826293589860016,0.028773548797646598,0.125,0.6380183904323246,2.385108899352617,0.19787269962484144,0.2032370929524044,0.32029703001905535,ExchangeRate,raw,4440,4536,raw:4440:7,low,low
0,0.7971476526493058,0.16138817281570544,0.09352353967893583,0.0,0.7772733285654352,2.154657782029447,0.16495111148284797,0.3506864550479823,0.3140748133494277,ExchangeRate,raw,4464,4560,raw:4464:0,mid,low
1,0.4856162491824598,0.04087475208492236,0.4849592668368726,0.125,0.8003322535117293,2.154657782029447,0.16495111148284797,0.33715008936808494,0.3634277883315258,ExchangeRate,raw,4464,4560,raw:4464:1,low,mid
2,0.9468138587867599,0.1151508386340201,0.019767084673292044,0.125,0.8358014286791198,2.154657782029447,0.16495111148284797,0.36057726069802404,0.3752508467206559,ExchangeRate,raw,4464,4560,raw:4464:2,mid,mid
3,0.9311184057767511,0.08087597902314304,0.031392976797932806,0.0,0.6345422986562407,2.154657782029447,0.16495111148284797,0.3477957871992757,0.26649780337969625,ExchangeRate,raw,4464,4560,raw:4464:3,mid,low
4,0.8562963801847991,0.051761375529419965,0.012567368652586118,0.125,0.6813523614449668,2.154657782029447,0.16495111148284797,0.30687504145560174,0.3237678243092716,ExchangeRate,raw,4464,4560,raw:4464:4,low,low
5,0.283943373842263,0.0890299915050533,0.21776425933181154,0.25,0.8778105424767697,2.154657782029447,0.16495111148284797,0.19691254155970928,0.43092055131987256,ExchangeRate,raw,4464,4560,raw:4464:5,low,mid
6,0.9586042598517436,0.092074403098481,0.21966621567856745,0.125,0.6576837186383611,2.154657782029447,0.16495111148284797,0.42344829287626395,0.31587827670706964,ExchangeRate,raw,4464,4560,raw:4464:6,high,low
7,0.8936757644521384,0.446608984656534,0.06123619436782131,0.125,0.6770723224895115,2.154657782029447,0.16495111148284797,0.4671736478254979,0.32234114465745317,ExchangeRate,raw,4464,4560,raw:4464:7,high,low
0,0.7670329715850681,0.10811173725438193,0.19585981764727622,0.0,0.35742296951861596,2.688969113922716,0.24128130164427183,0.35700150882890874,0.19956809038762927,ExchangeRate,raw,4488,4584,raw:4488:0,mid,low
1,0.6610277566797143,0.21359682217620674,0.3535596595776025,0.25,0.6681895413309772,2.688969113922716,0.24128130164427183,0.4093947461445078,0.38649028099174965,ExchangeRate,raw,4488,4584,raw:4488:1,mid,mid
2,0.44491813507672384,0.01562840809338491,0.18761761737468985,0.0,0.4148334913072479,2.688969113922716,0.24128130164427183,0.21605472018159952,0.21870493098383992,ExchangeRate,raw,4488,4584,raw:4488:2,low,low
3,0.8260482429704917,0.25255611308867815,0.2418500932063721,0.125,0.5951151537380598,2.688969113922716,0.24128130164427183,0.440151483088514,0.3204654851274439,ExchangeRate,raw,4488,4584,raw:4488:3,high,low
4,0.959242948584667,0.6551343660998203,0.25892978222378144,0.25,0.8612679756998367,2.688969113922716,0.24128130164427183,0.624435698969423,0.4508497591147029,ExchangeRate,raw,4488,4584,raw:4488:4,high,mid
5,0.841572821670438,0.1064278254519262,0.24118653544809024,0.125,0.7227199716772806,2.688969113922716,0.24128130164427183,0.39639572752348484,0.36300042444051744,ExchangeRate,raw,4488,4584,raw:4488:5,mid,mid
6,0.9640743431953122,0.1383259881903436,0.048485832103362846,0.0,0.44036089923600125,2.688969113922716,0.24128130164427183,0.3836287211630062,0.22721406696009103,ExchangeRate,raw,4488,4584,raw:4488:6,mid,low
7,0.8609534558483304,0.37981217077535956,0.30177568432871466,0.25,0.788312627292057,2.688969113922716,0.24128130164427183,0.5141804369841348,0.4265313096454429,ExchangeRate,raw,4488,4584,raw:4488:7,high,mid
0,0.7124258436552081,0.2256043347326115,0.11907217617171428,0.25,0.9416082041182263,3.108820444243847,0.3012600630330352,0.35236745151984455,0.4976227557170872,ExchangeRate,raw,4512,4608,raw:4512:0,mid,high
1,0.8144303248023468,0.055097884015876675,0.604939288431875,0.125,0.6328818671862997,3.108820444243847,0.3012600630330352,0.4914891657500329,0.3530473100731116,ExchangeRate,raw,4512,4608,raw:4512:1,high,low
2,0.7395081525452003,0.5630224732885534,0.13370791908230267,0.375,0.7571293352784632,3.108820444243847,0.3012600630330352,0.4787461816386855,0.4777964661038328,ExchangeRate,raw,4512,4608,raw:4512:2,high,high
3,0.7170097141852224,0.08898912514597813,0.23188744280104304,0.125,0.4423049774023038,3.108820444243847,0.3012600630330352,0.34596209404408124,0.289521680145113,ExchangeRate,raw,4512,4608,raw:4512:3,mid,low
4,0.9147508475642653,0.10433048391960456,0.016113908111469916,0.0,0.6855825014333533,3.108820444243847,0.3012600630330352,0.3450650798651132,0.3289475214887962,ExchangeRate,raw,4512,4608,raw:4512:4,mid,low
5,0.7051728647473658,0.02913784839621692,0.13858574820461111,0.125,0.522699526910694,3.108820444243847,0.3012600630330352,0.2909654871160646,0.3163198633145764,ExchangeRate,raw,4512,4608,raw:4512:5,low,low
6,0.6506323193263076,0.20051921641782838,0.07753976461243114,0.375,0.9253958952898529,3.108820444243847,0.3012600630330352,0.3095637667855224,0.5338853194409627,ExchangeRate,raw,4512,4608,raw:4512:6,low,high
7,0.4869597549779924,0.2815213022450038,0.3039905380312862,0.75,0.7673693376509192,3.108820444243847,0.3012600630330352,0.3574905317514275,0.6062098002279849,ExchangeRate,raw,4512,4608,raw:4512:7,mid,high
0,0.5634145404239974,0.14389931997599115,0.5246699826656325,0.0,0.545240891573966,2.944971574440363,0.27785308166597605,0.41066128102187366,0.27436465774664737,ExchangeRate,raw,4536,4632,raw:4536:0,mid,low
1,0.898656977507416,0.058238000282097115,0.055603628993282236,0.125,0.8001747058183394,2.944971574440363,0.27785308166597605,0.33749953559426515,0.4010092624947718,ExchangeRate,raw,4536,4632,raw:4536:1,low,mid
2,0.7354646752233206,0.15243189309480057,0.1519587053655586,0.0,0.7440473562438522,2.944971574440363,0.27785308166597605,0.34661842456122655,0.3406334793032761,ExchangeRate,raw,4536,4632,raw:4536:2,mid,low
3,0.8098142202710975,0.35876117021171927,0.3545495950575555,0.25,0.8266559622796561,2.944971574440363,0.27785308166597605,0.5077083285134575,0.4515030146485441,ExchangeRate,raw,4536,4632,raw:4536:3,high,mid
4,0.9326928407070835,0.3836870655024856,0.06848453515821586,0.5,0.8358245346827282,2.944971574440363,0.27785308166597605,0.4616214804559284,0.5378925387829014,ExchangeRate,raw,4536,4632,raw:4536:4,high,high
5,0.8689279149241204,0.30772481920793465,0.354837909924501,0.125,0.6694684949035624,2.944971574440363,0.27785308166597605,0.5104968813521853,0.35744052552317945,ExchangeRate,raw,4536,4632,raw:4536:5,high,low
6,0.9269367545645218,0.048961673838428525,0.11543640133324923,0.25,0.6848011852547217,2.944971574440363,0.27785308166597605,0.3637782765787332,0.40421808897356587,ExchangeRate,raw,4536,4632,raw:4536:6,mid,mid
7,0.7895701346038381,0.516503521216082,0.3073555815792919,0.5,0.9237387950674265,2.944971574440363,0.27785308166597605,0.5378097457997374,0.5671972922444676,ExchangeRate,raw,4536,4632,raw:4536:7,high,high
0,0.9058369788870833,0.311963816985244,0.20355765084585023,0.5,0.8841881099195513,3.325211151346966,0.33217302114646224,0.47378614890605913,0.5721203770220045,ExchangeRate,raw,4560,4656,raw:4560:0,high,high
1,0.17782498577783656,0.037466775100722584,0.43224962551628104,0.25,0.6795107056095372,3.325211151346966,0.33217302114646224,0.21584712879828005,0.4205612422519998,ExchangeRate,raw,4560,4656,raw:4560:1,low,mid
2,0.2230527355432712,0.23123961390713427,0.564311174680448,0.375,0.8387936912775169,3.325211151346966,0.33217302114646224,0.33953450804361784,0.5153222374746597,ExchangeRate,raw,4560,4656,raw:4560:2,low,high
3,0.861327773307061,0.3674854354473642,0.3945675467648637,0.125,0.7942103016773215,3.325211151346966,0.33217302114646224,0.5411269185064297,0.41712777427459463,ExchangeRate,raw,4560,4656,raw:4560:3,high,mid
4,0.7191572639297366,0.1946967163180271,0.0015319865286011042,0.5,0.8593840892138329,3.325211151346966,0.33217302114646224,0.3051286555921216,0.5638523701200984,ExchangeRate,raw,4560,4656,raw:4560:4,low,high
5,0.693866669049116,0.0997402063277438,0.09293918018262518,0.25,0.7533783211442938,3.325211151346966,0.33217302114646224,0.29551535185316163,0.4451837807635854,ExchangeRate,raw,4560,4656,raw:4560:5,low,mid
6,0.9137118445963514,0.21330770059694104,0.019198024801902386,0.375,0.8786466894587424,3.325211151346966,0.33217302114646224,0.38207252333173164,0.5286065702017348,ExchangeRate,raw,4560,4656,raw:4560:6,mid,high
7,0.7748691291569867,0.2329979303097775,0.122596260941277,0.5,0.9588174251839892,3.325211151346966,0.33217302114646224,0.3768211068026804,0.5969968154434838,ExchangeRate,raw,4560,4656,raw:4560:7,mid,high
0,0.7479755966974238,0.3707105853982985,0.07034909325132946,0.375,0.874197988248578,3.207778785358511,0.31539696888636304,0.3963450917823506,0.5215316523783137,ExchangeRate,raw,4584,4680,raw:4584:0,mid,high
1,0.3667870671671143,0.14216119622086607,0.22686414692076376,0.5,0.9069629744655923,3.207778785358511,0.31539696888636304,0.24527080343624805,0.5741199811173184,ExchangeRate,raw,4584,4680,raw:4584:1,low,high
2,0.45607665007101883,0.11547369174511168,0.46711405201249284,0.375,0.924989933724237,3.207778785358511,0.31539696888636304,0.3462214646095411,0.5384623008702,ExchangeRate,raw,4584,4680,raw:4584:2,mid,high
3,0.9637531620763287,0.05962736003884439,0.08056817758215194,0.0,0.6414332185285999,3.207778785358511,0.31539696888636304,0.3679828998991083,0.31894339580498765,ExchangeRate,raw,4584,4680,raw:4584:3,mid,low
4,0.9598481566085412,0.6407452799567397,0.055143055852326095,0.25,0.8360063839350445,3.207778785358511,0.31539696888636304,0.5519121641392023,0.4671344509404691,ExchangeRate,raw,4584,4680,raw:4584:4,high,mid
5,0.8891683379635493,0.22343643985942574,0.20387860511424272,0.0,0.6501071370510202,3.207778785358511,0.31539696888636304,0.4388277943124059,0.3218347019791277,ExchangeRate,raw,4584,4680,raw:4584:5,high,low
6,0.735215340563302,0.08059480903574989,0.02037937569419985,0.5,0.9381155506426981,3.207778785358511,0.31539696888636304,0.27872984176441723,0.5845041731763537,ExchangeRate,raw,4584,4680,raw:4584:6,low,high
7,0.39630345811182877,0.22233033718229345,0.4531392002971747,0.125,0.6877871090548765,3.207778785358511,0.31539696888636304,0.35725766519709895,0.3760613593137465,ExchangeRate,raw,4584,4680,raw:4584:7,mid,mid
0,0.638883571052077,0.20874307978196405,0.1933514112014283,0.375,0.5767981085759701,3.154984654203471,0.3078549501607031,0.3469926873451565,0.4198843529122244,ExchangeRate,raw,4608,4704,raw:4608:0,mid,mid
1,0.5547045471193133,0.4873282171063926,0.6135029923947727,0.125,0.8250407869895499,3.154984654203471,0.3078549501607031,0.5518452522068262,0.4192985790500843,ExchangeRate,raw,4608,4704,raw:4608:1,high,mid
2,0.09837666026687375,0.13414304444183636,0.23947855092912199,0.375,0.7879025140965248,3.154984654203471,0.3078549501607031,0.15733275187927737,0.4902524880857426,ExchangeRate,raw,4608,4704,raw:4608:2,low,high
3,0.7550252397952496,0.24372275469331195,0.21435044531885172,0.0,0.5154371931208076,3.154984654203471,0.3078549501607031,0.40436614660247105,0.2744307144271702,ExchangeRate,raw,4608,4704,raw:4608:3,mid,low
4,0.8781987860879716,0.0893332974523588,0.01730855194810362,0.0,0.69873020083409,3.154984654203471,0.3078549501607031,0.32828021182947803,0.335528383664931,ExchangeRate,raw,4608,4704,raw:4608:4,low,low
5,0.7830856384607525,0.5903045802388461,0.26202528406220865,0.0,0.5870725606343256,3.154984654203471,0.3078549501607031,0.5451385009206023,0.2983091702650095,ExchangeRate,raw,4608,4704,raw:4608:5,high,low
6,0.863927753843361,0.1800164698403716,0.03166352132013675,0.125,0.633392777018261,3.154984654203471,0.3078549501607031,0.35853591500128984,0.3554159090596547,ExchangeRate,raw,4608,4704,raw:4608:6,mid,low
7,0.5489323736760641,0.35820325690628585,0.30380522060592563,0.5,0.9115100662795305,3.154984654203471,0.3078549501607031,0.40364695039609183,0.5731216721467446,ExchangeRate,raw,4608,4704,raw:4608:7,mid,high
0,0.8799386652536436,0.16505710870036433,0.362545665335831,0.375,0.8785494253174202,4.136340349935071,0.44804862077922636,0.46918047976327965,0.5671993486988822,ExchangeRate,raw,4632,4728,raw:4632:0,high,high
1,0.28493940729151257,0.17044424313384232,0.1483549418821154,0.0,0.8319303616022715,4.136340349935071,0.44804862077922636,0.20124619743582342,0.4266596607938326,ExchangeRate,raw,4632,4728,raw:4632:1,low,mid
2,0.3006727767286477,0.17905715396896907,0.4491961749804057,0.375,0.761495735545431,4.136340349935071,0.44804862077922636,0.3096420352260075,0.5281814521082192,ExchangeRate,raw,4632,4728,raw:4632:2,low,high
3,0.6521280455699902,0.15580013329015577,0.14947380453686418,0.25,0.7945997721137509,4.136340349935071,0.44804862077922636,0.31913399446567003,0.49754946429765906,ExchangeRate,raw,4632,4728,raw:4632:3,low,high
4,0.915357164802993,0.18937451507138775,0.3732726835561883,0.125,0.8629183123692556,4.136340349935071,0.44804862077922636,0.49266812114352304,0.47865564438282737,ExchangeRate,raw,4632,4728,raw:4632:4,high,high
5,0.7631222390174643,0.16412022424164446,0.3599598073887652,0.5,0.9331502343132967,4.136340349935071,0.44804862077922636,0.42906742354929134,0.6270662850308409,ExchangeRate,raw,4632,4728,raw:4632:5,high,high
6,0.7876689477174976,0.13492988904173317,0.4226839098473981,0.375,0.8279328780380215,4.136340349935071,0.44804862077922636,0.4484275822022097,0.550327166272416,ExchangeRate,raw,4632,4728,raw:4632:6,high,high
7,0.777689416640294,0.28185821644992926,0.20707804806877825,0.25,0.8672741625740356,4.136340349935071,0.44804862077922636,0.42220856038633375,0.5217742611177539,ExchangeRate,raw,4632,4728,raw:4632:7,high,high
0,0.4998885315166005,0.08838406361839424,0.3784989005711237,0.0,0.5694571629108159,1.8563618505878516,0.12233740705206822,0.3222571652353728,0.23059818998762804,ExchangeRate,raw,4656,4752,raw:4656:0,low,low
1,0.4413512919052254,0.31040904053882445,0.5613864708824843,0.125,0.7478271840131824,1.8563618505878516,0.12233740705206822,0.4377156011088447,0.3317215303550835,ExchangeRate,raw,4656,4752,raw:4656:1,high,low
2,0.4621849037758151,0.06035246618636766,0.23770934271698296,0.125,0.71780378871065,1.8563618505878516,0.12233740705206822,0.2534155708930553,0.3217137319209061,ExchangeRate,raw,4656,4752,raw:4656:2,low,low
3,0.423388836421439,0.1638905129482161,0.5132787551877546,0.25,0.8219522875305134,1.8563618505878516,0.12233740705206822,0.36685270151913657,0.39809656486086054,ExchangeRate,raw,4656,4752,raw:4656:3,mid,mid
4,0.9649552547031487,0.1449353605965033,0.07208982669131524,0.0,0.7542562960169955,1.8563618505878516,0.12233740705206822,0.39399348066365575,0.29219790102302123,ExchangeRate,raw,4656,4752,raw:4656:4,mid,low
5,0.7091790580140469,0.34361755717983034,0.03000156837528459,0.375,0.7977351224650816,1.8563618505878516,0.12233740705206822,0.36093272785638725,0.4316908431723832,ExchangeRate,raw,4656,4752,raw:4656:5,mid,mid
6,0.5306618338470148,0.4349759178510605,0.22567039076254117,0.0,0.7131093434518989,1.8563618505878516,0.12233740705206822,0.3971027141535388,0.27848225016798905,ExchangeRate,raw,4656,4752,raw:4656:6,mid,low
7,0.7886977438228377,0.22315091146479593,0.018027974433546607,0.375,0.7918574791197688,1.8563618505878516,0.12233740705206822,0.34329220990706005,0.42973162872394566,ExchangeRate,raw,4656,4752,raw:4656:7,low,mid
0,0.9779989671112087,0.12540083822068124,0.8157796201664181,0.0,0.5144238210981501,2.1835635634487747,0.1690805088225671,0.6397264751661026,0.22783477664023907,ExchangeRate,raw,4680,4776,raw:4680:0,high,low
1,0.9441551300473688,0.15250850009923528,0.11278001891173083,0.0,0.5861685946731595,2.1835635634487747,0.1690805088225671,0.403147883019445,0.2517497011652422,ExchangeRate,raw,4680,4776,raw:4680:1,mid,low
2,0.7956953135472493,0.299898218591267,0.6046144794573766,0.375,0.7741958273494816,2.1835635634487747,0.1690805088225671,0.5667360038652977,0.4394254453906829,ExchangeRate,raw,4680,4776,raw:4680:2,high,mid
3,0.8744852697278341,0.1174856338131743,0.6675930079574175,0.125,0.7286209191502517,2.1835635634487747,0.1690805088225671,0.5531879704994753,0.3409004759909396,ExchangeRate,raw,4680,4776,raw:4680:3,high,low
4,0.8619240215727383,0.2529936023664381,0.017148784661916886,0.0,0.5375581431162859,2.1835635634487747,0.1690805088225671,0.3773554695336978,0.235546217312951,ExchangeRate,raw,4680,4776,raw:4680:4,mid,low
5,0.5729997981585695,0.08084558291778718,0.18349652598997776,0.125,0.750575231639387,2.1835635634487747,0.1690805088225671,0.2791139690221115,0.3482185801539847,ExchangeRate,raw,4680,4776,raw:4680:5,low,low
6,0.9607255743610437,0.11464658289807822,0.8495539264216282,0.0,0.6299139902707296,2.1835635634487747,0.1690805088225671,0.6416420278935834,0.26633149969776554,ExchangeRate,raw,4680,4776,raw:4680:6,high,low
7,0.9324934278506649,0.32526185258634666,0.28295401976501405,0.5,0.887500758231093,2.1835635634487747,0.1690805088225671,0.5135697667340086,0.51886042235122,ExchangeRate,raw,4680,4776,raw:4680:7,high,high
0,0.9512993658333615,0.09341352276137885,0.024046547537368373,0.125,0.8355276111377484,2.4035044107508354,0.20050062982083272,0.3562531453773696,0.38700941365286035,ExchangeRate,raw,4704,4800,raw:4704:0,mid,mid
1,0.9638250346986982,0.13993476123540552,0.07876770119568893,0.25,0.6377056870730821,2.4035044107508354,0.20050062982083272,0.39417583237659753,0.3627354389646382,ExchangeRate,raw,4704,4800,raw:4704:1,mid,mid
2,0.8617298912996152,0.05994813648372456,0.16184184347395242,0.25,0.6901711325285437,2.4035044107508354,0.20050062982083272,0.3611732904190974,0.38022392078312545,ExchangeRate,raw,4704,4800,raw:4704:2,mid,mid
3,0.8455346328229784,0.3171337130285763,0.027262650129826885,0.375,0.8232521413054688,2.4035044107508354,0.20050062982083272,0.3966436653271272,0.46625092370876714,ExchangeRate,raw,4704,4800,raw:4704:3,mid,mid
4,0.7041551349086779,0.5608951049651734,0.24408524311595847,0.25,0.6795829338701208,2.4035044107508354,0.20050062982083272,0.5030451609966032,0.3766945212303178,ExchangeRate,raw,4704,4800,raw:4704:4,high,mid
5,0.7756588738752885,0.1502577981261225,0.18937753400103624,0.0,0.5807283704570165,2.4035044107508354,0.20050062982083272,0.3717647353341491,0.26040966675928306,ExchangeRate,raw,4704,4800,raw:4704:5,mid,low
6,0.9441411060568442,0.16819098081994382,0.02555042831348849,0.125,0.6733048672158699,2.4035044107508354,0.20050062982083272,0.37929417173009217,0.33293516567890086,ExchangeRate,raw,4704,4800,raw:4704:6,mid,low
7,0.8933230716706605,0.09148331442641425,0.041953695061662015,0.5,0.8972570085536025,2.4035044107508354,0.20050062982083272,0.3422533603862456,0.5325858794581451,ExchangeRate,raw,4704,4800,raw:4704:7,low,high
0,0.9211856132177106,0.07280788592570925,0.29468568776972026,0.375,0.8409321482034665,2.72387110868368,0.24626730088871532,0.4295597289710467,0.48739981636406055,ExchangeRate,raw,4728,4824,raw:4728:0,high,high
1,0.7932639902782594,0.15871266547753105,0.21701256285898182,0.25,0.8309456639010997,2.72387110868368,0.24626730088871532,0.3896630728715908,0.442404321596605,ExchangeRate,raw,4728,4824,raw:4728:1,mid,mid
2,0.95054297196246,0.09937725688792132,0.5210340480511559,0.25,0.8005234610801152,2.72387110868368,0.24626730088871532,0.5236514256338457,0.43226358732294345,ExchangeRate,raw,4728,4824,raw:4728:2,high,mid
3,0.8314290000560295,0.2261106709253888,0.35826241398242864,0.25,0.8553678948397405,2.72387110868368,0.24626730088871532,0.4719340283212823,0.4505450652428186,ExchangeRate,raw,4728,4824,raw:4728:3,high,mid
4,0.4393771312412218,0.21712209327087306,0.7914290483615064,0.75,0.8982914497510613,2.72387110868368,0.24626730088871532,0.48264275762453374,0.6315195835465922,ExchangeRate,raw,4728,4824,raw:4728:4,high,high
5,0.953269658467179,0.33556250987072256,0.2865929910721005,0.375,0.8579788855295583,2.72387110868368,0.24626730088871532,0.525141719803334,0.4930820621394245,ExchangeRate,raw,4728,4824,raw:4728:5,high,high
6,0.8207848650698666,0.3446911023913978,0.32487083693719654,0.5,0.7976547321181592,2.72387110868368,0.24626730088871532,0.4967822681328203,0.5146406776689582,ExchangeRate,raw,4728,4824,raw:4728:6,high,high
7,0.8694346620882641,0.1033609846184804,0.2734957133932706,0.5,0.9283854470939663,2.72387110868368,0.24626730088871532,0.4154304533666717,0.5582175826608938,ExchangeRate,raw,4728,4824,raw:4728:7,mid,high
0,0.8791136255657324,0.04993345783011425,0.02308766104295946,0.125,0.5352402355432142,2.8137442111826454,0.25910631551308316,0.3173782481462687,0.3064488503520991,ExchangeRate,raw,4752,4848,raw:4752:0,low,low
1,0.9787300782870522,0.06910603881823318,0.033514498068323045,0.25,0.8513420902880819,2.8137442111826454,0.25910631551308316,0.36045020505786945,0.45348280193372165,ExchangeRate,raw,4752,4848,raw:4752:1,mid,mid
2,0.9749607355913981,0.05077980977989592,0.0490060991583571,0.25,0.7276664154937496,2.8137442111826454,0.25910631551308316,0.3582488815098837,0.41225757700227755,ExchangeRate,raw,4752,4848,raw:4752:2,mid,mid
3,0.7116184439509918,0.30260663126806,0.1911255685223064,0.0,0.5992305249991672,2.8137442111826454,0.25910631551308316,0.40178354791378607,0.28611228017075013,ExchangeRate,raw,4752,4848,raw:4752:3,mid,low
4,0.4396989577358579,0.2427982810657673,0.45619550609836773,0.5,0.9086617939909615,2.8137442111826454,0.25910631551308316,0.37956424829999763,0.5559227031680148,ExchangeRate,raw,4752,4848,raw:4752:4,mid,high
5,0.81638611406321,0.1853082954004735,0.03669484767323823,0.625,0.8907038697331071,2.8137442111826454,0.25910631551308316,0.3461297523789739,0.5916033950820635,ExchangeRate,raw,4752,4848,raw:4752:5,mid,high
6,0.7910363836850475,0.11400447648701942,0.0967002992179325,0.125,0.5444573065964717,2.8137442111826454,0.25910631551308316,0.33391371979666645,0.3095212073698516,ExchangeRate,raw,4752,4848,raw:4752:6,low,low
7,0.8621589135299997,0.20903988709323157,0.041193481994553596,0.25,0.7107342154191306,2.8137442111826454,0.25910631551308316,0.37079742753926165,0.40661351031073795,ExchangeRate,raw,4752,4848,raw:4752:7,mid,mid
0,0.4170408167435905,0.09273430468566296,0.1360997990468959,0.25,0.9100837215519567,3.0998964639230593,0.2999852087033153,0.21529164015871646,0.48668964341842397,ExchangeRate,raw,4776,4872,raw:4776:0,low,high
1,0.8824397670472475,0.4531482098710389,0.06430244229661405,0.125,0.750723039785876,3.0998964639230593,0.2999852087033153,0.46663013973830014,0.3919027494963971,ExchangeRate,raw,4776,4872,raw:4776:1,high,mid
2,0.7827193011921856,0.18220061094988416,0.030176936192420834,0.25,0.8358159967134291,3.0998964639230593,0.2999852087033153,0.3316989494448302,0.4619337351389148,ExchangeRate,raw,4776,4872,raw:4776:2,low,mid
3,0.3171750916869378,0.0477247181273193,0.36940836243126424,0.25,0.6528418454723282,3.0998964639230593,0.2999852087033153,0.24476939074850712,0.4009423513918811,ExchangeRate,raw,4776,4872,raw:4776:3,low,mid
4,0.4918104328630748,0.19206533705784873,0.380933649421238,0.75,0.9065864551971433,3.0998964639230593,0.2999852087033153,0.3549364731140538,0.6521905546334862,ExchangeRate,raw,4776,4872,raw:4776:4,mid,high
5,0.922371022133672,0.3463424385990155,0.05909531332834192,0.375,0.9013921157398905,3.0998964639230593,0.2999852087033153,0.4426029246870098,0.5254591081477352,ExchangeRate,raw,4776,4872,raw:4776:5,high,high
6,0.24990493729096164,0.12015584726110427,0.5972548056025765,0.125,0.6745746390706719,3.0998964639230593,0.2999852087033153,0.3224385300515475,0.36651994925799575,ExchangeRate,raw,4776,4872,raw:4776:6,low,mid
7,0.527270520467848,0.15661714959109807,0.0209590450017329,0.125,0.8303135848341313,3.0998964639230593,0.2999852087033153,0.23494890502022633,0.41843293117914887,ExchangeRate,raw,4776,4872,raw:4776:7,low,mid
0,0.7292527366538535,0.3321929995315463,0.8330130166170708,0.0,0.83717268564069,3.3679130852519386,0.33827329740988654,0.6314862509341569,0.3918153276835255,ExchangeRate,raw,4800,4896,raw:4800:0,high,mid
1,0.6868952560617387,0.12025785393049732,0.24462991788506966,0.375,0.7207176333362076,3.3679130852519386,0.33827329740988654,0.35059434262576855,0.4779969769153647,ExchangeRate,raw,4800,4896,raw:4800:1,mid,high
2,0.6418219288301608,0.19440347539401037,0.3794683721096039,0.25,0.9040981705443006,3.3679130852519386,0.33827329740988654,0.405231258777925,0.4974571559847291,ExchangeRate,raw,4800,4896,raw:4800:2,mid,high
3,0.7002529026715261,0.1915136021102094,0.012552480327052935,0.0,0.6095056940521154,3.3679130852519386,0.33827329740988654,0.30143966170292946,0.315926330487334,ExchangeRate,raw,4800,4896,raw:4800:3,low,low
4,0.8173919306822592,0.35538735709459224,0.8088042692548243,0.25,0.8421037304236442,3.3679130852519386,0.33827329740988654,0.6605278523438919,0.47679234261117687,ExchangeRate,raw,4800,4896,raw:4800:4,high,high
5,0.3255206523732278,0.02632004779298365,0.4085430784646803,0.0,0.4010695613853399,3.3679130852519386,0.33827329740988654,0.2534612595436306,0.2464476195984088,ExchangeRate,raw,4800,4896,raw:4800:5,low,low
6,0.5191294363110592,0.38067180453743943,0.42259095786569456,0.0,0.7134605254192874,3.3679130852519386,0.33827329740988654,0.4407973995713978,0.350577940943058,ExchangeRate,raw,4800,4896,raw:4800:6,high,low
7,0.7843327313923529,0.431295226973018,0.6381443310125019,0.125,0.7166179689266602,3.3679130852519386,0.33827329740988654,0.6179240964592909,0.3932970887788489,ExchangeRate,raw,4800,4896,raw:4800:7,high,mid
0,0.4622396982983027,0.06363073986290907,0.275893044874049,0.25,0.6766593532393776,3.293495660333766,0.32764223672247766,0.2672544943450869,0.4181005299872851,ExchangeRate,raw,4824,4920,raw:4824:0,low,mid
1,0.450157367958012,0.17485402889306229,0.10043278886241813,0.375,0.8366343065771654,3.293495660333766,0.32764223672247766,0.24181472857116412,0.5130921810998811,ExchangeRate,raw,4824,4920,raw:4824:1,low,high
2,0.5979853629313399,0.22185767754066524,0.1403728241329006,0.375,0.9122148875956568,3.293495660333766,0.32764223672247766,0.3200719548683019,0.5382857081060448,ExchangeRate,raw,4824,4920,raw:4824:2,low,high
3,0.6986027486016833,0.13578590762086123,0.1489618469914525,0.25,0.791891313955102,3.293495660333766,0.32764223672247766,0.3277835010713323,0.45651118355919323,ExchangeRate,raw,4824,4920,raw:4824:3,low,mid
4,0.6436952576240503,0.4220802499257365,0.2948859313711765,0.375,0.9193127822297437,3.293495660333766,0.32764223672247766,0.45355381297365444,0.5406516729840738,ExchangeRate,raw,4824,4920,raw:4824:4,high,high
5,0.9370886972717666,0.1944560246905891,0.3301619261856224,0.25,0.8342106752414822,3.293495660333766,0.32764223672247766,0.4872355493826593,0.47061763732131995,ExchangeRate,raw,4824,4920,raw:4824:5,high,high
6,0.7218790711771572,0.18655254726783566,0.2318923902100885,0.375,0.9371096289708679,3.293495660333766,0.32764223672247766,0.38010800288502716,0.5465839552311151,ExchangeRate,raw,4824,4920,raw:4824:6,mid,high
7,0.26772149656377553,0.03468352667243866,0.16487500365458194,0.125,0.5930214698658637,3.293495660333766,0.32764223672247766,0.15576000896359873,0.34855456886278047,ExchangeRate,raw,4824,4920,raw:4824:7,low,low
0,0.9176702711597551,0.08151313409524641,0.3750915805866144,0.125,0.6594538669109746,2.48299511875146,0.2118564452332708,0.4580916619472053,0.3321034373814151,ExchangeRate,raw,4848,4944,raw:4848:0,high,low
1,0.6136432026108796,0.1664481287839811,0.5341066232249396,0.25,0.7457229331098653,2.48299511875146,0.2118564452332708,0.4380659848732667,0.40252645944771204,ExchangeRate,raw,4848,4944,raw:4848:1,high,mid
2,0.5708336767068161,0.05993391923968364,0.6535684960090272,0.25,0.555134339966782,2.48299511875146,0.2118564452332708,0.4281120306518423,0.3389969284000176,ExchangeRate,raw,4848,4944,raw:4848:2,high,low
3,0.6229890296348565,0.0947943370366546,0.6522771537832186,0.125,0.7380848208202724,2.48299511875146,0.2118564452332708,0.4566868401515765,0.35831375535118104,ExchangeRate,raw,4848,4944,raw:4848:3,high,low
4,0.8101064568912071,0.11736106784097247,0.4233623210750383,0.5,0.9073518533801568,2.48299511875146,0.2118564452332708,0.45027661526907264,0.5397360995378092,ExchangeRate,raw,4848,4944,raw:4848:4,high,high
5,0.8361314086375429,0.08469694512400973,0.061693901820159595,0.0,0.5602368870139809,2.48299511875146,0.2118564452332708,0.32750741852723736,0.2573644440824172,ExchangeRate,raw,4848,4944,raw:4848:5,low,low
6,0.22634716677377908,0.09372259233617979,0.9946970101627471,0.125,0.5955519562602616,2.48299511875146,0.2118564452332708,0.4382555897575687,0.3108028004978441,ExchangeRate,raw,4848,4944,raw:4848:6,high,low
7,0.8427587080052626,0.11573368391798644,0.3542959685498995,0.0,0.7402626057908454,2.48299511875146,0.2118564452332708,0.43759612015771615,0.3173730170080387,ExchangeRate,raw,4848,4944,raw:4848:7,high,low
0,0.8916597797300875,0.17018144710956234,0.057111833191174195,0.375,0.9366480239175073,3.228014722935008,0.3182878171074471,0.37298435334360797,0.5433119470083182,ExchangeRate,raw,4872,4968,raw:4872:0,mid,high
1,0.9064731395078947,0.14912891436775524,0.11817551639180716,0.25,0.7971483534726014,3.228014722935008,0.3182878171074471,0.3912591900891524,0.4551453901933495,ExchangeRate,raw,4872,4968,raw:4872:1,mid,mid
2,0.8901330558409266,0.21648176315649065,0.3025051769722112,0.25,0.8802219729699247,3.228014722935008,0.3182878171074471,0.4697066653232094,0.48283659669245726,ExchangeRate,raw,4872,4968,raw:4872:2,high,high
3,0.8438404645996911,0.7069678834497579,0.3035638111044564,0.5,0.8807233139996141,3.228014722935008,0.3182878171074471,0.6181240530513018,0.5663370437023537,ExchangeRate,raw,4872,4968,raw:4872:3,high,high
4,0.6740360834457889,0.3176548708789899,0.28044501798235666,0.125,0.8284954885639289,3.228014722935008,0.3182878171074471,0.4240453241023785,0.4239277685571253,ExchangeRate,raw,4872,4968,raw:4872:4,high,mid
5,0.3672497302778619,0.10774967693833692,0.5947563799664478,0.25,0.8425588306334058,3.228014722935008,0.3182878171074471,0.35658526239421556,0.4702822159136176,ExchangeRate,raw,4872,4968,raw:4872:5,mid,high
6,0.945186579038125,0.4398702736238587,0.2234204948552725,0.625,0.9816965362795402,3.228014722935008,0.3182878171074471,0.5361591158390854,0.6416614511289958,ExchangeRate,raw,4872,4968,raw:4872:6,high,high
7,0.817373450372169,0.17867408651354144,0.03340967070144438,0.125,0.7016523659472527,3.228014722935008,0.3182878171074471,0.3431524025290516,0.3816467276848999,ExchangeRate,raw,4872,4968,raw:4872:7,low,mid
0,0.9272801376485753,0.22186010553236976,0.07413697707157411,0.0,0.7478387591205757,3.1485819403143167,0.30694027674927343,0.40775907341750633,0.3515930119566164,ExchangeRate,raw,4896,4992,raw:4896:0,mid,low
1,0.9848933510514337,0.13896343585677495,0.07406789225445747,0.125,0.7502712685282993,3.1485819403143167,0.30694027674927343,0.3993082263875554,0.3940705150925243,ExchangeRate,raw,4896,4992,raw:4896:1,mid,mid
2,0.7231178468078644,0.11891961970462243,0.06068007797379881,0.125,0.6623479570374445,3.1485819403143167,0.30694027674927343,0.3009058481620952,0.3647627445955726,ExchangeRate,raw,4896,4992,raw:4896:2,low,mid
3,0.9177424221630247,0.13359493147427254,0.06216515682629998,0.125,0.8187262758970659,3.1485819403143167,0.30694027674927343,0.3711675034878657,0.41688885088211314,ExchangeRate,raw,4896,4992,raw:4896:3,mid,mid
4,0.8184470004838001,0.07498572178330183,0.47854646641714,0.125,0.7114922150073387,3.1485819403143167,0.30694027674927343,0.4573263962280807,0.3811441639188707,ExchangeRate,raw,4896,4992,raw:4896:4,high,mid
5,0.5892753343826809,0.09306266236105257,0.4099071531572232,0.5,0.8277919905101828,3.1485819403143167,0.30694027674927343,0.36408171663365224,0.5449107557531521,ExchangeRate,raw,4896,4992,raw:4896:5,mid,high
6,0.8772911769316325,0.04840997018335134,0.04342005255360426,0.0,0.6571999789263225,3.1485819403143167,0.30694027674927343,0.3230403998895294,0.3213800852251987,ExchangeRate,raw,4896,4992,raw:4896:6,low,low
7,0.8821306542063344,0.22641094455761243,0.08557295657651663,0.25,0.8849463183030116,3.1485819403143167,0.30694027674927343,0.3980381851134878,0.4806288650174284,ExchangeRate,raw,4896,4992,raw:4896:7,mid,high
0,0.7065838681676953,0.09096050670528205,0.8604954510372983,0.125,0.7205698041924921,3.1246978919406256,0.3035282698436204,0.552679941970092,0.3830326913453708,ExchangeRate,raw,4920,5016,raw:4920:0,high,mid
1,0.8480432169839841,0.22404883536559508,0.5282167998573531,0.0,0.6502568751911131,3.1246978919406256,0.3035282698436204,0.5334362840689774,0.3179283816782445,ExchangeRate,raw,4920,5016,raw:4920:1,high,low
2,0.7595022134812955,0.02034735532712562,0.8054829530192579,0.125,0.4287127737104792,3.1246978919406256,0.3035282698436204,0.5284441739425597,0.2857470145180332,ExchangeRate,raw,4920,5016,raw:4920:2,high,low
3,0.6234896106037526,0.22371911797230026,0.704043257008247,0.25,0.8705744047262398,3.1246978919406256,0.3035282698436204,0.5170839951947667,0.4747008915232867,ExchangeRate,raw,4920,5016,raw:4920:3,high,high
4,0.8720454942457645,0.16420775095873336,0.1349990909220503,0.0,0.7869422249839613,3.1246978919406256,0.3035282698436204,0.3904174453755161,0.3634901649425272,ExchangeRate,raw,4920,5016,raw:4920:4,mid,mid
5,0.7446508139640431,0.42652284038846816,0.4563642174288762,0.5,0.8614258632101712,3.1246978919406256,0.3035282698436204,0.5425126239271292,0.5549847110179306,ExchangeRate,raw,4920,5016,raw:4920:5,high,high
6,0.6986153092527355,0.10113780598472809,0.8334192641200523,0.375,0.7178762867151072,3.1246978919406256,0.3035282698436204,0.5443907931191719,0.46546818551957586,ExchangeRate,raw,4920,5016,raw:4920:6,high,mid
7,0.6459027962704441,0.15042704570548632,0.8346992244927385,0.25,0.8619643960430317,3.1246978919406256,0.3035282698436204,0.5436763554895563,0.471830888628884,ExchangeRate,raw,4920,5016,raw:4920:7,high,high
0,0.90096521325251,0.05997954898354757,0.14842159361052218,0.125,0.7719332231308053,3.704620959995169,0.38637442230448926,0.3697887852821933,0.4277692151450982,ExchangeRate,raw,4944,5040,raw:4944:0,mid,mid
1,0.5878794590875516,0.5150990116450715,0.48696012647259473,0.5,0.9061422589884885,3.704620959995169,0.38637442230448926,0.5299795324017392,0.5975055604309926,ExchangeRate,raw,4944,5040,raw:4944:1,high,high
2,0.8668725553328382,0.24814574249836283,0.11024149508438119,0.125,0.614226617119786,3.704620959995169,0.38637442230448926,0.4084199309718608,0.3752003464747584,ExchangeRate,raw,4944,5040,raw:4944:2,mid,mid
3,0.5756321045880255,0.25062780073022,0.42303274316402917,0.625,0.9754575021832709,3.704620959995169,0.38637442230448926,0.41643088282742485,0.6622773081625867,ExchangeRate,raw,4944,5040,raw:4944:3,mid,high
4,0.49327458983890593,0.10017064695702962,0.3422302907204766,0.375,0.8035526356428327,3.704620959995169,0.38637442230448926,0.3118918425054707,0.5216423526491073,ExchangeRate,raw,4944,5040,raw:4944:4,low,high
5,0.26168893386309544,0.11072799417679943,0.6454987390443574,0.25,0.8134701718437635,3.704620959995169,0.38637442230448926,0.3393052223614174,0.4832815313827508,ExchangeRate,raw,4944,5040,raw:4944:5,low,high
6,0.8093998280218349,0.0938472156815397,0.14117709325388184,0.25,0.7067504471331003,3.704620959995169,0.38637442230448926,0.34814137898575215,0.4477082898125298,ExchangeRate,raw,4944,5040,raw:4944:6,mid,mid
7,0.7862237611229721,0.278411986068253,0.13642789750766116,0.625,0.9444086848996713,3.704620959995169,0.38637442230448926,0.40035454823296207,0.6519277024013869,ExchangeRate,raw,4944,5040,raw:4944:7,mid,high
0,0.7929342114920903,0.44792070801413586,0.09481980606653606,0.375,0.8811119640732575,3.070897737827973,0.2958425335527925,0.4452249085242541,0.51731816587535,ExchangeRate,raw,4968,5064,raw:4968:0,high,high
1,0.6168820313495766,0.11899984270450217,0.48250806843134136,0.125,0.7931802286088863,3.070897737827973,0.2958425335527925,0.40612998082847335,0.40467425405389296,ExchangeRate,raw,4968,5064,raw:4968:1,mid,mid
2,0.5876860538310533,0.5368147981549152,0.2823102937261433,0.375,0.8357719449807093,3.070897737827973,0.2958425335527925,0.4689370485707039,0.5022048261778339,ExchangeRate,raw,4968,5064,raw:4968:2,high,high
3,0.8581868073680337,0.13499703756165432,0.08722588824745144,0.375,0.9361085578892919,3.070897737827973,0.2958425335527925,0.3601365777257131,0.5356503638140282,ExchangeRate,raw,4968,5064,raw:4968:3,mid,high
4,0.8270769454663821,0.1167042024752076,0.10906534607217909,0.25,0.8799712172325338,3.070897737827973,0.2958425335527925,0.35094883133792293,0.47527125026177547,ExchangeRate,raw,4968,5064,raw:4968:4,mid,high
5,0.8876059769652503,0.22062313587236473,0.12540135314294729,0.0,0.6602900450184007,3.070897737827973,0.2958425335527925,0.4112101553268541,0.31871085952373107,ExchangeRate,raw,4968,5064,raw:4968:5,mid,low
6,0.8325737055654484,0.16205635609559485,0.5939238313914065,0.125,0.8703585227641497,3.070897737827973,0.2958425335527925,0.5295179643508167,0.4304003521056474,ExchangeRate,raw,4968,5064,raw:4968:6,high,mid
7,0.7485142073846438,0.16879024940084641,0.03906468207396188,0.625,0.9722421077753703,3.070897737827973,0.2958425335527925,0.3187897129531507,0.6310282137760543,ExchangeRate,raw,4968,5064,raw:4968:7,low,high
0,0.9509173382724757,0.05229854119890353,0.07088566793002474,0.125,0.8948616035084203,3.2022916869064644,0.31461309768004764,0.3580338491338013,0.44482490039615596,ExchangeRate,raw,4992,5088,raw:4992:0,mid,mid
1,0.5012739727545001,0.15671852208381498,0.435615892167521,0.375,0.7913429238800413,3.2022916869064644,0.31461309768004764,0.3645361290019454,0.49365200718669633,ExchangeRate,raw,4992,5088,raw:4992:1,mid,high
2,0.7369389643131733,0.07786684834651303,0.42289044456352015,0.25,0.8564120688266174,3.2022916869064644,0.31461309768004764,0.41256541907440214,0.4736750555022217,ExchangeRate,raw,4992,5088,raw:4992:2,mid,high
3,0.8680123760922681,0.20371006368543293,0.0420958809586009,0.625,0.8856272827846399,3.2022916869064644,0.31461309768004764,0.3712727735787673,0.6084134601548958,ExchangeRate,raw,4992,5088,raw:4992:3,mid,high
4,0.8289325112326339,0.07963784904215954,0.0654938546185832,0.25,0.9120263890099681,3.2022916869064644,0.31461309768004764,0.32468807163112556,0.4922131622300053,ExchangeRate,raw,4992,5088,raw:4992:4,low,high
5,0.7923966668314654,0.13024277737300138,0.00873466019050536,0.125,0.7829259543968103,3.2022916869064644,0.31461309768004764,0.31045803479832407,0.4075130173589527,ExchangeRate,raw,4992,5088,raw:4992:5,low,mid
6,0.9604819666776582,0.1716839038975067,0.0870093765440942,0.375,0.8730257761685757,3.2022916869064644,0.31461309768004764,0.40639174903975306,0.5208796246162078,ExchangeRate,raw,4992,5088,raw:4992:6,mid,high
7,0.874119587609697,0.11752378530125052,0.08464607037112612,0.625,0.9296352643398186,3.2022916869064644,0.31461309768004764,0.3587631477606912,0.6230827873399555,ExchangeRate,raw,4992,5088,raw:4992:7,mid,high
0,0.8838282748668282,0.29479866956877365,0.03305556736195025,0.25,0.8637083255225319,3.759539699781781,0.39421995654851166,0.40389417059918403,0.5026427606903479,ExchangeRate,raw,5016,5112,raw:5016:0,mid,high
1,0.5769922968919002,0.1234584560278417,0.36461380190808845,0.0,0.7030883655630554,3.759539699781781,0.39421995654851166,0.35502151827594347,0.3657694407038557,ExchangeRate,raw,5016,5112,raw:5016:1,mid,mid
2,0.7169781931865287,0.3411148649076555,0.22653689541026,0.125,0.7741624750013204,3.759539699781781,0.39421995654851166,0.42820998450148134,0.4311274771832774,ExchangeRate,raw,5016,5112,raw:5016:2,high,mid
3,0.802499093437238,0.15242746120773776,0.1599777121982741,0.375,0.8726840002538723,3.759539699781781,0.39421995654851166,0.3716347556144166,0.5473013189341279,ExchangeRate,raw,5016,5112,raw:5016:3,mid,high
4,0.7083670771147247,0.17818696420068858,0.1808883273403435,0.25,0.7505072490839423,3.759539699781781,0.39421995654851166,0.35581412288525227,0.46490906854415126,ExchangeRate,raw,5016,5112,raw:5016:4,mid,mid
5,0.7444353624614324,0.10195009486410594,0.4619345597831098,0.125,0.8551003307683128,3.759539699781781,0.39421995654851166,0.4361066723695493,0.4581067624389415,ExchangeRate,raw,5016,5112,raw:5016:5,high,mid
6,0.8922666486298756,0.07531965604513002,0.056841338511257,0.125,0.7823063655118146,3.759539699781781,0.39421995654851166,0.34147588106208754,0.43384210735344214,ExchangeRate,raw,5016,5112,raw:5016:6,low,mid
7,0.6905584146588446,0.10969197017416467,0.06958274397801978,0.125,0.7293482301276771,3.759539699781781,0.39421995654851166,0.28994437627034303,0.41618939555872964,ExchangeRate,raw,5016,5112,raw:5016:7,low,mid
0,0.7734239053451737,0.16096420277528328,0.39777352559577867,0.0,0.6937593453530507,3.9077248243559097,0.4153892600288596,0.4440538779054119,0.36971620179397013,ExchangeRate,raw,5040,5136,raw:5040:0,high,mid
1,0.6723775670337113,0.09866434019721859,0.24819516780149936,0.25,0.8603077627544404,3.9077248243559097,0.4153892600288596,0.3397456916774764,0.5085656742611,ExchangeRate,raw,5040,5136,raw:5040:1,low,high
2,0.6633430901794153,0.33927807116827946,0.8156493067831432,0.25,0.7024349708227062,3.9077248243559097,0.4153892600288596,0.6060901560436126,0.45594141028385526,ExchangeRate,raw,5040,5136,raw:5040:2,high,mid
3,0.595471213518624,0.07740411513393994,0.39315081361457804,0.125,0.8217753225654151,3.9077248243559097,0.4153892600288596,0.3553420474223807,0.45405486086475827,ExchangeRate,raw,5040,5136,raw:5040:3,mid,mid
4,0.37961676186495663,0.4487651467118644,0.27489859324146154,0.625,0.872999293480195,3.9077248243559097,0.4153892600288596,0.36776016727276084,0.6377961845030181,ExchangeRate,raw,5040,5136,raw:5040:4,mid,high
5,0.5767433820060563,0.07287514384484257,0.5088113754965479,0.25,0.7583277693292865,3.9077248243559097,0.4153892600288596,0.38614330044914896,0.474572343119382,ExchangeRate,raw,5040,5136,raw:5040:5,mid,high
6,0.8304767788924831,0.07768357277172422,0.39907320296230264,0.125,0.8312456701257807,3.9077248243559097,0.4153892600288596,0.43574451820883664,0.4572116433848801,ExchangeRate,raw,5040,5136,raw:5040:6,high,mid
7,0.35145868119407575,0.12230714916579188,0.5289219974678211,0.125,0.8082485828846139,3.9077248243559097,0.4153892600288596,0.3342292759425629,0.4495459476378245,ExchangeRate,raw,5040,5136,raw:5040:7,low,mid
0,0.41341645888090617,0.2537388917285703,0.636410096497293,0.25,0.8816961595470262,4.011868304214209,0.4302668999873629,0.4345218157022565,0.5206543531781297,ExchangeRate,raw,5064,5160,raw:5064:0,high,high
1,0.6260259797512973,0.10344612576581352,0.703602072728017,0.125,0.6201251906346641,4.011868304214209,0.4302668999873629,0.4776913927483759,0.3917973635406757,ExchangeRate,raw,5064,5160,raw:5064:1,high,mid
2,0.42770189851977214,0.22319080174182304,0.5348646187265385,0.25,0.8373862889334234,4.011868304214209,0.4302668999873629,0.39525243966271123,0.5058843963069287,ExchangeRate,raw,5064,5160,raw:5064:2,mid,high
3,0.7620751594762415,0.4341938931488022,0.3826300535111933,0.25,0.8773720975927937,4.011868304214209,0.4302668999873629,0.5262997020454123,0.5192129991933855,ExchangeRate,raw,5064,5160,raw:5064:3,high,high
4,0.3011023097219555,0.1897824333989016,0.3961616760303508,0.625,0.9172699008990484,4.011868304214209,0.4302668999873629,0.2956821397170693,0.657512266962137,ExchangeRate,raw,5064,5160,raw:5064:4,low,high
5,0.6609164890734238,0.09032564290501918,0.12935233567513393,0.125,0.6433323055267769,4.011868304214209,0.4302668999873629,0.293531489217859,0.3995330685047132,ExchangeRate,raw,5064,5160,raw:5064:5,low,mid
6,0.5070088313391419,0.15376642150175918,0.16326988696359596,0.125,0.7592701372122064,4.011868304214209,0.4302668999873629,0.27468171326816565,0.4381790123998564,ExchangeRate,raw,5064,5160,raw:5064:6,low,mid
7,0.43625119422518255,0.2115495633494504,0.25866218327831203,0.25,0.8233375694659245,4.011868304214209,0.4302668999873629,0.30215431361764833,0.5012014898177625,ExchangeRate,raw,5064,5160,raw:5064:7,low,high
0,0.6890531393921433,0.41583520573092503,0.2842017359534205,0.125,0.49677247117281076,3.723173692578048,0.3890248126696857,0.4630300270254963,0.3369324279474988,ExchangeRate,raw,5088,5184,raw:5088:0,high,low
1,0.7537174394930537,0.16824549616568985,0.10068610525037916,0.25,0.8211388660420763,3.723173692578048,0.3890248126696857,0.34088301363637424,0.486721226237254,ExchangeRate,raw,5088,5184,raw:5088:1,low,high
2,0.6304800863659014,0.37204071223688706,0.27294600230992516,0.25,0.7597881501834742,3.723173692578048,0.3890248126696857,0.4251556003042379,0.46627098761771996,ExchangeRate,raw,5088,5184,raw:5088:2,high,mid
3,0.6562950703202723,0.10289108390159343,0.023336279895405952,0.125,0.4680557080528876,3.723173692578048,0.3890248126696857,0.26084081137242393,0.32736017357419106,ExchangeRate,raw,5088,5184,raw:5088:3,low,low
4,0.818783932724455,0.27470061861823597,0.48626906366786515,1.0,0.9487223648039458,3.723173692578048,0.3890248126696857,0.526584538336852,0.7792490591578772,ExchangeRate,raw,5088,5184,raw:5088:4,high,high
5,0.6697952251730854,0.11982722415972805,0.26360551445873753,0.375,0.7716725804997252,3.723173692578048,0.3890248126696857,0.351075987930517,0.5118991310564703,ExchangeRate,raw,5088,5184,raw:5088:5,mid,high
6,0.8193228357868583,0.08346188992374913,0.1664671966591014,0.125,0.3983660311684435,3.723173692578048,0.3890248126696857,0.3564173074565696,0.3041302812793764,ExchangeRate,raw,5088,5184,raw:5088:6,mid,low
7,0.45559218155866665,0.2991729361446255,0.3455015124940487,0.375,0.6343866730915776,3.723173692578048,0.3890248126696857,0.36675554339911365,0.46613716192042115,ExchangeRate,raw,5088,5184,raw:5088:7,mid,mid
0,0.4534029543885252,0.07991562433268971,0.1428148975696581,0.125,0.4426842424536554,3.8316801820639945,0.40452573971696243,0.22537782543029103,0.3240699940568726,ExchangeRate,raw,5112,5208,raw:5112:0,low,low
1,0.7629202636634453,0.11205313048155159,0.5281832949663785,0.125,0.8265939801701772,3.8316801820639945,0.40452573971696243,0.46771889637045855,0.45203990662904653,ExchangeRate,raw,5112,5208,raw:5112:1,high,mid
2,0.3153111545833598,0.11855411253518888,0.3096051935143195,0.125,0.7166053456445886,3.8316801820639945,0.40452573971696243,0.2478234868776227,0.4153770284538503,ExchangeRate,raw,5112,5208,raw:5112:2,low,mid
3,0.7603030312594792,0.04577102251647336,0.4988862673539235,0.125,0.657359071348044,3.8316801820639945,0.40452573971696243,0.43498677370995864,0.3956282703550022,ExchangeRate,raw,5112,5208,raw:5112:3,high,mid
4,0.719341052505589,0.2600965031962924,0.1422738062171395,0.375,0.8375115683266253,3.8316801820639945,0.40452573971696243,0.3739037873063403,0.5390124360145293,ExchangeRate,raw,5112,5208,raw:5112:4,mid,high
5,0.6160991276429171,0.3058017551308559,0.452298161713763,0.0,0.7197370522743903,3.8316801820639945,0.40452573971696243,0.45806634816251196,0.3747542639971176,ExchangeRate,raw,5112,5208,raw:5112:5,high,mid
6,0.742286804697343,0.10734730715464116,0.26935725688330503,0.125,0.41177181194009255,3.8316801820639945,0.40452573971696243,0.37299712291176307,0.3137658505523517,ExchangeRate,raw,5112,5208,raw:5112:6,mid,low
7,0.655091936616629,0.2512740233715925,0.21844657414571642,0.125,0.7359060925674011,3.8316801820639945,0.40452573971696243,0.3749375113779793,0.42181061076145454,ExchangeRate,raw,5112,5208,raw:5112:7,mid,mid
0,0.17503319393340788,0.22350010919817936,0.28872642701261103,0.125,0.6024138999489937,2.6392966963515523,0.23418524200138569,0.22908657671473276,0.32053304731679316,ExchangeRate,raw,5136,5232,raw:5136:0,low,low
1,0.9201441648879558,0.25284947199026586,0.012439717399571906,0.0,0.7478691498087995,2.6392966963515523,0.23418524200138569,0.3951444514259312,0.32735146393672837,ExchangeRate,raw,5136,5232,raw:5136:1,mid,low
2,0.47556091472305584,0.1304467490948537,0.26051343474013394,0.0,0.6578823007267758,2.6392966963515523,0.23418524200138569,0.28884036618601444,0.2973558475760538,ExchangeRate,raw,5136,5232,raw:5136:2,low,low
3,0.9249346858761083,0.07223349019572126,0.05221415025391642,0.0,0.7181905452549796,2.6392966963515523,0.23418524200138569,0.3497941087752487,0.31745859575212176,ExchangeRate,raw,5136,5232,raw:5136:3,mid,low
4,0.6663670277315838,0.22024956830212927,0.4921405497825839,0.125,0.8003605690227824,2.6392966963515523,0.23418524200138569,0.459585715272099,0.3865152703413894,ExchangeRate,raw,5136,5232,raw:5136:4,high,mid
5,0.7364112412522125,0.38105032491634255,0.019860781038140846,0.5,0.9273403709751689,2.6392966963515523,0.23418524200138569,0.3791074490688986,0.5538418709921848,ExchangeRate,raw,5136,5232,raw:5136:5,mid,high
6,0.43177789067433336,0.054481087704043724,0.20560955616144877,0.25,0.6056666958707354,2.6392966963515523,0.23418524200138569,0.23062284484660864,0.36328397929070705,ExchangeRate,raw,5136,5232,raw:5136:6,low,mid
7,0.7775671792191646,0.24083816089950044,0.04267238308302131,0.125,0.7386072881804222,2.6392966963515523,0.23418524200138569,0.3536925744005621,0.36593084339393595,ExchangeRate,raw,5136,5232,raw:5136:7,mid,mid
0,0.7067927609143843,0.3700144779985223,0.18809016738651888,0.125,0.7625397265130833,2.6370395828375783,0.23386279721413578,0.42163246876647514,0.37380084124240637,ExchangeRate,raw,5160,5256,raw:5160:0,high,mid
1,0.7705161626968463,0.05199380964912347,0.01067146941465478,0.125,0.49258493252315594,2.6370395828375783,0.23386279721413578,0.27772714725354153,0.2838159099124306,ExchangeRate,raw,5160,5256,raw:5160:1,low,low
2,0.7573531493875573,0.35503651573658535,0.1682224738216905,0.25,0.8611618237587652,2.6370395828375783,0.23386279721413578,0.4268707129819444,0.44834154032430035,ExchangeRate,raw,5160,5256,raw:5160:2,high,mid
3,0.5773085535259701,0.2575060347822923,0.23289278798811466,0.0,0.613053163420497,2.6370395828375783,0.23386279721413578,0.35590245876545906,0.28230532021154425,ExchangeRate,raw,5160,5256,raw:5160:3,mid,low
4,0.5501734899585794,0.29881043443508043,0.4648514733383974,0.25,0.8161373841728157,2.6370395828375783,0.23386279721413578,0.4379451325773524,0.4333333937956505,ExchangeRate,raw,5160,5256,raw:5160:4,high,mid
5,0.7714276437087926,0.36543994994635653,0.5704235059935154,0.25,0.7838280938797754,2.6370395828375783,0.23386279721413578,0.5690970332162215,0.422563630364637,ExchangeRate,raw,5160,5256,raw:5160:5,high,mid
6,0.7035972071260931,0.06183000953561685,0.2758020102598462,0.25,0.6068341216992391,2.6370395828375783,0.23386279721413578,0.34707640897385206,0.3635656396377916,ExchangeRate,raw,5160,5256,raw:5160:6,mid,mid
7,0.6448653563990576,0.17765894945201477,0.5149299786705938,0.0,0.7400506075977673,2.6370395828375783,0.23386279721413578,0.4458180948405554,0.3246378016039677,ExchangeRate,raw,5160,5256,raw:5160:7,high,low
0,0.8296658039962825,0.06997250205788066,0.22661246502697854,0.125,0.7682029995099042,3.2966200582606766,0.32808857928282725,0.37541692369371393,0.40709719293091046,ExchangeRate,raw,5184,5280,raw:5184:0,mid,mid
1,0.570052377405398,0.05685966042436153,0.2635297422252163,0.0,0.796656972378155,3.2966200582606766,0.32808857928282725,0.29681392668499196,0.37491518388699413,ExchangeRate,raw,5184,5280,raw:5184:1,low,mid
2,0.679030000605515,0.09572584548870977,0.14266385008620047,0.0,0.7543153902525551,3.2966200582606766,0.32808857928282725,0.3058065653934751,0.3608013231784608,ExchangeRate,raw,5184,5280,raw:5184:2,low,low
3,0.5557759065062886,0.0872227145397582,0.2955923365415536,0.25,0.6969737175088272,3.2966200582606766,0.32808857928282725,0.3128636525292001,0.4250207655972182,ExchangeRate,raw,5184,5280,raw:5184:3,low,mid
4,0.7031585781054617,0.10857162471423551,0.5404615640313603,0.375,0.9206053804890151,3.2966200582606766,0.32808857928282725,0.4507305889503525,0.5412313199239475,ExchangeRate,raw,5184,5280,raw:5184:4,high,high
5,0.9265062997200794,0.18111974727333863,0.0778752164970967,0.25,0.8490785536760895,3.2966200582606766,0.32808857928282725,0.39516708783017157,0.4757223776529722,ExchangeRate,raw,5184,5280,raw:5184:5,mid,high
6,0.7832647780391053,0.22822795714016228,0.2379684011412056,0.125,0.6047337066312507,3.2966200582606766,0.32808857928282725,0.4164870454401577,0.352607428638026,ExchangeRate,raw,5184,5280,raw:5184:6,mid,low
7,0.6490290415966669,0.10948155055238759,0.13452803619767428,0.75,0.8579938628182512,3.2966200582606766,0.32808857928282725,0.2976795427822429,0.6453608140336927,ExchangeRate,raw,5184,5280,raw:5184:7,low,high
0,0.8856788166781778,0.12614879053743683,0.2222153298896818,0.0,0.4450268982448919,2.487795162001243,0.21254216569654588,0.4113476457017655,0.21918968798047925,ExchangeRate,raw,5208,5304,raw:5208:0,mid,low
1,0.7403455852027088,0.21634666211098358,0.052217954118421964,0.0,0.55268404607055,2.487795162001243,0.21254216569654588,0.33630340047737145,0.2550754039223653,ExchangeRate,raw,5208,5304,raw:5208:1,low,low
2,0.7121628683951747,0.08153169481180497,0.4415408267241452,0.125,0.5660693410496429,2.487795162001243,0.21254216569654588,0.41174512997704166,0.30120383558206293,ExchangeRate,raw,5208,5304,raw:5208:2,mid,low
3,0.9322033632266462,0.19836126933741455,0.5116385387249988,0.0,0.3787187667406499,2.487795162001243,0.21254216569654588,0.5474010570963532,0.19708697747906526,ExchangeRate,raw,5208,5304,raw:5208:3,high,low
4,0.6749044841053602,0.201624670949482,0.48802857013272677,0.25,0.9556536090002904,2.487795162001243,0.21254216569654588,0.45485257506252297,0.47273192489894544,ExchangeRate,raw,5208,5304,raw:5208:4,high,high
5,0.3042123717195673,0.01705938973624592,0.4900078740221431,0.125,0.6000369260224201,2.487795162001243,0.21254216569654588,0.2704265451593188,0.312526363906322,ExchangeRate,raw,5208,5304,raw:5208:5,low,low
6,0.8595693405138211,0.10356177420902965,0.005574086872994223,0.0,0.6246883385677311,2.487795162001243,0.21254216569654588,0.32290173386528165,0.279076834754759,ExchangeRate,raw,5208,5304,raw:5208:6,low,low
7,0.8009322951032884,0.31388012420253353,0.43214959186170243,0.0,0.6302794980791662,2.487795162001243,0.21254216569654588,0.5156540037225081,0.280940554591904,ExchangeRate,raw,5208,5304,raw:5208:7,high,low
0,0.9637487179134536,0.11303784277751379,0.22486475311872375,0.125,0.7774767626004934,1.5087472898316663,0.07267818415784064,0.4338837712698971,0.32505164891944466,ExchangeRate,raw,5232,5328,raw:5232:0,high,low
1,0.9086978642952767,0.08476337138855419,0.1601759616854628,0.125,0.7969046572616142,1.5087472898316663,0.07267818415784064,0.3845457324564312,0.33152761380648493,ExchangeRate,raw,5232,5328,raw:5232:1,mid,low
2,0.6540278910466244,0.14595200177681783,0.33593742263640775,0.25,0.8457595118869892,1.5087472898316663,0.07267818415784064,0.37863910515328336,0.3894792320149432,ExchangeRate,raw,5232,5328,raw:5232:2,mid,mid
3,0.9384933987318094,0.11201749829573848,0.14702563520301457,0.0,0.6604701772254742,1.5087472898316663,0.07267818415784064,0.39917884407685417,0.24438278712777162,ExchangeRate,raw,5232,5328,raw:5232:3,mid,low
4,0.9088405319569335,0.12497472683607833,0.22395455154532987,0.0,0.8454892446408653,1.5087472898316663,0.07267818415784064,0.4192566034461139,0.30605580959956863,ExchangeRate,raw,5232,5328,raw:5232:4,mid,low
5,0.6681584243806732,0.19746762714392335,0.3379481424103913,0.375,0.7867795290879757,1.5087472898316663,0.07267818415784064,0.40119139797832926,0.4114859044152721,ExchangeRate,raw,5232,5328,raw:5232:5,mid,mid
6,0.580807700545038,0.11075984509161935,0.4007748244167896,0.25,0.7280633029380913,1.5087472898316663,0.07267818415784064,0.36411412335114895,0.35024716236531067,ExchangeRate,raw,5232,5328,raw:5232:6,mid,low
7,0.8639224311354563,0.09265472149065569,0.4543154749556989,0.25,0.7118062449651936,1.5087472898316663,0.07267818415784064,0.47029754252727035,0.3448281430410114,ExchangeRate,raw,5232,5328,raw:5232:7,high,low
0,0.8209693413516483,0.39524205813508706,0.02724602025239588,0.125,0.5704322666907505,1.7820225888910148,0.11171751253911996,0.4144858065797104,0.26904992640995684,ExchangeRate,raw,5256,5352,raw:5256:0,mid,low
1,0.5728279451309859,0.11698328730704699,0.1053748781953021,0.0,0.357410227344295,1.7820225888910148,0.11171751253911996,0.26506203687777835,0.15637591329447165,ExchangeRate,raw,5256,5352,raw:5256:1,low,low
2,0.5603884301498308,0.3409172942349949,0.42239631223274854,0.5,0.8591366879619118,1.7820225888910148,0.11171751253911996,0.44123401220585806,0.4902847335003439,ExchangeRate,raw,5256,5352,raw:5256:2,high,high
3,0.4122278868549327,0.02664915284910304,0.04382411368458998,0.0,0.17586062658196797,1.7820225888910148,0.11171751253911996,0.16090038446287525,0.0958593797070293,ExchangeRate,raw,5256,5352,raw:5256:3,low,low
4,0.9892889129740899,0.09409500427127596,0.3961634661947303,0.0,0.493376923766309,1.7820225888910148,0.11171751253911996,0.4931824611466988,0.20169814543514297,ExchangeRate,raw,5256,5352,raw:5256:4,high,low
5,0.7040318564006209,0.2698886766763793,0.11706076170952616,0.625,0.8495614669243979,1.7820225888910148,0.11171751253911996,0.36366043159550876,0.5287596598211726,ExchangeRate,raw,5256,5352,raw:5256:5,mid,high
6,0.5442466388994762,0.1917492760974548,0.04121328900864852,0.0,0.5506203251147099,1.7820225888910148,0.11171751253911996,0.2590697346685265,0.2207792792179433,ExchangeRate,raw,5256,5352,raw:5256:6,low,low
7,0.43354472062731864,0.5769746354099683,0.081090164789377,0.0,0.6802842226875182,1.7820225888910148,0.11171751253911996,0.36386984027555463,0.2640005784088794,ExchangeRate,raw,5256,5352,raw:5256:7,mid,low
0,0.6641467678071653,0.18209651320753165,0.4776073296865777,0.25,0.9115261301789448,2.5815678004817726,0.22593825688891286,0.4412835369004249,0.4624881290226192,ExchangeRate,raw,5280,5376,raw:5280:0,high,mid
1,0.9029435833594275,0.18070745187416143,0.0262102470464821,0.75,0.9519501689253829,2.5815678004817726,0.22593825688891286,0.3699537607600236,0.6426294752714319,ExchangeRate,raw,5280,5376,raw:5280:1,mid,high
2,0.3367521276470997,0.2814162517078505,0.28636474867117667,0.5,0.803006221964023,2.5815678004817726,0.22593825688891286,0.3015110426753756,0.5096481596176453,ExchangeRate,raw,5280,5376,raw:5280:2,low,high
3,0.9888561711902566,0.11635666353150552,0.047851927000443106,0.125,0.8448528850212103,2.5815678004817726,0.22593825688891286,0.3843549205740684,0.39859704730337436,ExchangeRate,raw,5280,5376,raw:5280:3,mid,mid
4,0.9995093319205745,0.1971955413003031,0.14183075449465068,0.125,0.8353735116209622,2.5815678004817726,0.22593825688891286,0.44617854257184275,0.39543725616995834,ExchangeRate,raw,5280,5376,raw:5280:4,high,mid
5,0.867151292258393,0.5580400077895691,0.05861281613391938,0.375,0.8323872066822554,2.5815678004817726,0.22593825688891286,0.4946013720606272,0.47777515452372277,ExchangeRate,raw,5280,5376,raw:5280:5,high,high
6,0.7013245211370802,0.2391857410754204,0.28564173769229884,0.125,0.9306999436589005,2.5815678004817726,0.22593825688891286,0.4087173333015998,0.42721273351593775,ExchangeRate,raw,5280,5376,raw:5280:6,mid,mid
7,0.6962353277266624,0.1809462717199971,0.3729524469262505,0.5,0.9156151772638378,2.5815678004817726,0.22593825688891286,0.41671134879097,0.5471844780509169,ExchangeRate,raw,5280,5376,raw:5280:7,mid,high
0,0.7465230905830159,0.48597498272354656,0.08982481261718497,0.5,0.8412034579168411,2.996359175700194,0.2851941675497503,0.44077429530791584,0.5421325418221971,ExchangeRate,raw,5304,5400,raw:5304:0,high,high
1,0.8306896836884845,0.19879960451473372,0.17219806908812463,0.0,0.5770550945564455,2.996359175700194,0.2851941675497503,0.40056245243044764,0.2874164207020653,ExchangeRate,raw,5304,5400,raw:5304:1,mid,low
2,0.04869977573240292,0.3332975267837235,0.45486164795864054,0.375,0.8249485360497887,2.996359175700194,0.2851941675497503,0.278952983491589,0.49504756786651294,ExchangeRate,raw,5304,5400,raw:5304:2,low,high
3,0.8059763118309247,0.15127995811542888,0.06419229400405066,0.125,0.6305509840730714,2.996359175700194,0.2851941675497503,0.3404828546501348,0.3469150505409406,ExchangeRate,raw,5304,5400,raw:5304:3,low,low
4,0.166725671378683,0.03518909824686418,0.1976524876876365,0.125,0.4397103363561311,2.996359175700194,0.2851941675497503,0.13318908577106123,0.28330150130196047,ExchangeRate,raw,5304,5400,raw:5304:4,low,low
5,0.7677355111275178,0.24695448693894176,0.11742853629328091,0.375,0.9383269183157814,2.996359175700194,0.2851941675497503,0.37737284478658023,0.5328403619551773,ExchangeRate,raw,5304,5400,raw:5304:5,mid,high
6,0.8316170346875889,0.4038044590849291,0.12178010989181519,0.25,0.8944981116412745,2.996359175700194,0.2851941675497503,0.45240053455477774,0.4765640930636749,ExchangeRate,raw,5304,5400,raw:5304:6,high,high
7,0.4530108813641499,0.714755608096387,0.21322250070952536,0.375,0.851264735305845,2.996359175700194,0.2851941675497503,0.46032966339002074,0.5038196342851985,ExchangeRate,raw,5304,5400,raw:5304:7,high,high
0,0.6421689506686074,0.06825968581616186,0.6584533264359977,0.25,0.795829416921991,2.7202660672935353,0.2457522949765732,0.45629398764025564,0.4305272372995214,ExchangeRate,raw,5328,5424,raw:5328:0,high,mid
1,0.6916704513243046,0.0713485947459522,0.43236715310563745,0.125,0.6978677258862894,2.7202660672935353,0.2457522949765732,0.39846206639196474,0.3562066736209542,ExchangeRate,raw,5328,5424,raw:5328:1,mid,low
2,0.1928743710586508,0.18089867538865162,0.5312816982037913,0.375,0.8682650521705835,2.7202660672935353,0.2457522949765732,0.3016849148836979,0.49633911571571887,ExchangeRate,raw,5328,5424,raw:5328:2,low,high
3,0.900832471657013,0.06060753490865273,0.1910197199038549,0.0,0.7820191830772018,2.7202660672935353,0.2457522949765732,0.3841532421565068,0.3425904926845917,ExchangeRate,raw,5328,5424,raw:5328:3,mid,low
4,0.8912112054309083,0.3077841213971063,0.16938446663928985,0.0,0.45709649986651946,2.7202660672935353,0.2457522949765732,0.45612659782243475,0.2342829316143642,ExchangeRate,raw,5328,5424,raw:5328:4,high,low
5,0.7209431220522811,0.24609511802019696,0.08411888620847767,0.875,0.9560916307947268,2.7202660672935353,0.2457522949765732,0.35038570876031855,0.6922813085904335,ExchangeRate,raw,5328,5424,raw:5328:5,mid,high
6,0.6484845715450267,0.0533454663393015,0.11190007640306968,0.75,0.9025151605993398,2.7202660672935353,0.2457522949765732,0.27124337142913263,0.6327558185253043,ExchangeRate,raw,5328,5424,raw:5328:6,low,high
7,0.21142884544478746,0.0731519580133386,0.4668223031158208,0.5,0.8106191121627871,2.7202660672935353,0.2457522949765732,0.2504677021913156,0.5187904690464534,ExchangeRate,raw,5328,5424,raw:5328:7,low,high
0,0.9319259254062615,0.10619883733944471,0.11867631053638118,0.0,0.6711258821144096,2.3090459011898905,0.18700655704568928,0.38560035776069584,0.2860441463866996,ExchangeRate,raw,5352,5448,raw:5352:0,mid,low
1,0.5811010451603795,0.1055322184160325,0.33005544103475537,0.25,0.765473693506647,2.3090459011898905,0.18700655704568928,0.33889623487038917,0.40082675018411207,ExchangeRate,raw,5352,5448,raw:5352:1,low,mid
2,0.6564610481387723,0.20112292965475592,0.23549274489001656,0.125,0.8015083623905849,2.3090459011898905,0.18700655704568928,0.36435890756118156,0.3711716398120914,ExchangeRate,raw,5352,5448,raw:5352:2,mid,mid
3,0.8675637965213514,0.10640053632672439,0.0922897555963366,0.5,0.9373892470806303,2.3090459011898905,0.18700655704568928,0.35541802948147083,0.5414652680421065,ExchangeRate,raw,5352,5448,raw:5352:3,mid,high
4,0.9159356831267074,0.2158426813376672,0.3987135928167822,0.125,0.5785955969806543,2.3090459011898905,0.18700655704568928,0.5101639857603856,0.2968673846754479,ExchangeRate,raw,5352,5448,raw:5352:4,high,low
5,0.7201524413690699,0.5504540443514176,0.3634716224720271,0.25,0.8722949546392088,2.3090459011898905,0.18700655704568928,0.5446927027308383,0.43643383722829937,ExchangeRate,raw,5352,5448,raw:5352:5,high,mid
6,0.9043564056361824,0.07746454151896529,0.14247179960508094,0.125,0.722335404317803,2.3090459011898905,0.18700655704568928,0.3747642489200762,0.3447806537878308,ExchangeRate,raw,5352,5448,raw:5352:6,mid,low
7,0.5482774165232724,0.07025236936933132,0.2636950052590434,0.125,0.6804081008176913,2.3090459011898905,0.18700655704568928,0.2940749303838824,0.33080488595446017,ExchangeRate,raw,5352,5448,raw:5352:7,low,low
0,0.9410833198464964,0.22183991141718218,0.03677317929166081,0.125,0.700292156054036,3.374899686464054,0.3392713832959058,0.3998988035184465,0.3881878464499806,ExchangeRate,raw,5376,5472,raw:5376:0,mid,mid
1,0.787260914603316,0.5716900190710998,0.06261475113914282,0.375,0.8898895435164887,3.374899686464054,0.3392713832959058,0.47385522827118626,0.5347203089374649,ExchangeRate,raw,5376,5472,raw:5376:1,high,high
2,0.6908588672090471,0.22248174400189002,0.15404944324462194,0.625,0.9513724853247971,3.374899686464054,0.3392713832959058,0.35579668481851967,0.638547956206901,ExchangeRate,raw,5376,5472,raw:5376:2,mid,high
3,0.7701830405112016,0.042494580620476785,0.07640058483261115,0.0,0.6255938110777497,3.374899686464054,0.3392713832959058,0.2963594019880965,0.32162173145788514,ExchangeRate,raw,5376,5472,raw:5376:3,low,low
4,0.9105503856158278,0.082022480469755,0.04808683042992609,0.125,0.7173421144543574,3.374899686464054,0.3392713832959058,0.3468865655051696,0.3938711659167544,ExchangeRate,raw,5376,5472,raw:5376:4,mid,mid
5,0.873240921971885,0.1266013222675595,0.2097429751045553,0.375,0.779063210629691,3.374899686464054,0.3392713832959058,0.40319507311466657,0.4977781979751989,ExchangeRate,raw,5376,5472,raw:5376:5,mid,high
6,0.9317401125971457,0.06574907367978368,0.01986863842884895,0.125,0.8228987241537068,3.374899686464054,0.3392713832959058,0.3391192749019261,0.42905670248320416,ExchangeRate,raw,5376,5472,raw:5376:6,low,mid
7,0.7187753767763847,0.24396069427341194,0.1031989544077051,0.375,0.7538582259413943,3.374899686464054,0.3392713832959058,0.35531167515250056,0.48937653641243334,ExchangeRate,raw,5376,5472,raw:5376:7,mid,high
0,0.7237794520486505,0.07828526002348149,0.34170448593693165,0.125,0.7093703249665354,2.5047302947606926,0.21496147037301114,0.3812563993363545,0.34977726511318213,ExchangeRate,raw,5400,5496,raw:5400:0,mid,low
1,0.48501986821703236,0.1683599647261418,0.48825297323884165,0.25,0.7363873316394391,2.5047302947606926,0.21496147037301114,0.3805442687273386,0.40044960067081675,ExchangeRate,raw,5400,5496,raw:5400:1,mid,mid
2,0.6742241334528354,0.0683715551994789,0.49805403249719754,0.5,0.9010828343745247,2.5047302947606926,0.21496147037301114,0.41354990704983724,0.5386814349158453,ExchangeRate,raw,5400,5496,raw:5400:2,mid,high
3,0.450555319108108,0.10652426334240783,0.5575435505565011,0.125,0.7921305459111464,2.5047302947606926,0.21496147037301114,0.3715410443356723,0.3773640054280525,ExchangeRate,raw,5400,5496,raw:5400:3,mid,mid
4,0.7651744567768408,0.1676659267722873,0.18985275947600694,0.125,0.7456107821862596,2.5047302947606926,0.21496147037301114,0.374231047675045,0.3618574175197569,ExchangeRate,raw,5400,5496,raw:5400:4,mid,mid
5,0.5268598658013928,0.0826231647734871,0.16556053004569085,0.0,0.4556340142785143,2.5047302947606926,0.21496147037301114,0.25834785354019024,0.22353182821717513,ExchangeRate,raw,5400,5496,raw:5400:5,low,low
6,0.5834283975151977,0.09302910951227253,0.32150353622548,0.0,0.43942909420569193,2.5047302947606926,0.21496147037301114,0.33265368108431675,0.218130188192901,ExchangeRate,raw,5400,5496,raw:5400:6,low,low
7,0.571564797131331,0.07874136636887694,0.4298432368710043,0.125,0.7166033617970551,2.5047302947606926,0.21496147037301114,0.3600498001237374,0.35218827739002206,ExchangeRate,raw,5400,5496,raw:5400:7,mid,low
0,0.5284135311675853,0.2588669949170284,0.5343273641747874,0.375,0.8743329285494332,3.313052516382421,0.33043607329686575,0.44053596341980034,0.5265896672820997,ExchangeRate,raw,5424,5520,raw:5424:0,high,high
1,0.7548822782459075,0.35722103391653826,0.4289924023762443,0.25,0.8138385701394354,3.313052516382421,0.33043607329686575,0.5136985715128967,0.464758214478767,ExchangeRate,raw,5424,5520,raw:5424:1,high,mid
2,0.37683366395940043,0.14629601128763478,0.4729125227194203,0.125,0.8684438868147784,3.313052516382421,0.33043607329686575,0.3320140659888185,0.4412933200372147,ExchangeRate,raw,5424,5520,raw:5424:2,low,mid
3,0.2743069627822805,0.15510871573849067,0.30636883206676574,0.375,0.6723530763133749,3.313052516382421,0.33043607329686575,0.24526150352917897,0.4592630498700802,ExchangeRate,raw,5424,5520,raw:5424:3,low,mid
4,0.49112911128260783,0.32609981038128877,0.4024484338805678,0.125,0.8491572034273546,3.313052516382421,0.33043607329686575,0.40655911851482146,0.4348644255747401,ExchangeRate,raw,5424,5520,raw:5424:4,mid,mid
5,0.7751277697782171,0.14729642184336994,0.05844287461749102,0.0,0.8311634373896013,3.313052516382421,0.33043607329686575,0.32695568874635933,0.38719983689548904,ExchangeRate,raw,5424,5520,raw:5424:5,low,mid
6,0.595850200320549,0.12169238062548987,0.4933036291845242,0.25,0.8634228055155687,3.313052516382421,0.33043607329686575,0.4036154033768544,0.48128629293747816,ExchangeRate,raw,5424,5520,raw:5424:6,mid,high
7,0.4631247738595695,0.10137380632277859,0.7417956160244591,0.5,0.7975911202611421,3.313052516382421,0.33043607329686575,0.4354313987356024,0.5426757311860025,ExchangeRate,raw,5424,5520,raw:5424:7,high,high
0,0.43215681800032524,0.10400011147844068,0.686790891220675,0.5,0.7949703525234597,3.1731376060505685,0.310448228992298,0.4076492735664803,0.5351395271719193,ExchangeRate,raw,5448,5544,raw:5448:0,mid,high
1,0.5943878569368757,0.031855501785026774,0.295907470909204,0.125,0.5973182430208797,3.1731376060505685,0.310448228992298,0.3073836098770355,0.34425549067105926,ExchangeRate,raw,5448,5544,raw:5448:1,low,low
2,0.617314780932621,0.21929373693261112,0.7220264243575143,0.125,0.868373090861176,3.1731376060505685,0.310448228992298,0.5195449807409155,0.4346071066178247,ExchangeRate,raw,5448,5544,raw:5448:2,high,mid
3,0.7479475446143815,0.16096022022413087,0.23835964836328874,0.5,0.7316361666569037,3.1731376060505685,0.310448228992298,0.38242247106726707,0.5140281318830673,ExchangeRate,raw,5448,5544,raw:5448:3,mid,high
4,0.8204529273305108,0.2630198898509555,0.6278825823368612,0.25,0.8525182531242097,3.1731376060505685,0.310448228992298,0.5704517998394425,0.47098882737216924,ExchangeRate,raw,5448,5544,raw:5448:4,high,high
5,0.3252382939116387,0.35802663296987436,0.3550037352527932,0.125,0.7353883154149666,3.1731376060505685,0.310448228992298,0.34608955404476877,0.39027884813575486,ExchangeRate,raw,5448,5544,raw:5448:5,mid,mid
6,0.5301261395994797,0.274332305612213,0.6216798136488102,0.0,0.6453121656221598,3.1731376060505685,0.310448228992298,0.47537941962016766,0.3185867982048192,ExchangeRate,raw,5448,5544,raw:5448:6,high,low
7,0.2634432068526449,0.14339377517506086,0.4409792841908535,0.375,0.7963004954758288,3.1731376060505685,0.310448228992298,0.2826054220728531,0.49391624148937563,ExchangeRate,raw,5448,5544,raw:5448:7,low,high
0,0.4879789227308775,0.28874628918522316,0.3199455444688918,0.375,0.8794995411858952,3.779656797871652,0.397093827700102,0.36555691879499747,0.550531122961999,ExchangeRate,raw,5472,5568,raw:5472:0,mid,high
1,0.673549602522001,0.26876742320374664,0.5241489465371281,0.125,0.7679360393378608,3.779656797871652,0.397093827700102,0.4888219907542919,0.43000995567932093,ExchangeRate,raw,5472,5568,raw:5472:1,high,mid
2,0.8435313375028567,0.19891908048757534,0.08018485529655134,0.625,0.9035338217723993,3.779656797871652,0.397093827700102,0.37421175776232785,0.6418758831575004,ExchangeRate,raw,5472,5568,raw:5472:2,mid,high
3,0.4796453513596157,0.16346986785819184,0.638400694972852,0.25,0.8496823122173425,3.779656797871652,0.397093827700102,0.4271719713968865,0.4989253799724815,ExchangeRate,raw,5472,5568,raw:5472:3,high,high
4,0.9593332486866571,0.10253007653654443,0.1660767518807376,0.375,0.9505790025707925,3.779656797871652,0.397093827700102,0.40931335903464633,0.5742242767569649,ExchangeRate,raw,5472,5568,raw:5472:4,mid,high
5,0.46776037521996416,0.17727862472311548,0.16688554963482516,0.5,0.873846184703753,3.779656797871652,0.397093827700102,0.2706415165259683,0.5903133374679517,ExchangeRate,raw,5472,5568,raw:5472:5,low,high
6,0.8467902759237408,0.20965367188203948,0.10622310383951832,0.5,0.9476041504667355,3.779656797871652,0.397093827700102,0.3875556838817662,0.6148993260556125,ExchangeRate,raw,5472,5568,raw:5472:6,mid,high
7,0.5385479455208284,0.12830042739427477,0.28594897690689725,0.5,0.9270615572132643,3.779656797871652,0.397093827700102,0.3175991166073335,0.608051794971122,ExchangeRate,raw,5472,5568,raw:5472:7,low,high
0,0.7260706116942897,0.22272552397738385,0.3320669518954541,0.375,0.7281948701208102,4.535626871927676,0.5050895524109688,0.4269543625223759,0.536094807510593,ExchangeRate,raw,5496,5592,raw:5496:0,high,high
1,0.8999434194045082,0.13628121385179068,0.06396178503241655,0.375,0.8683453284592428,4.535626871927676,0.5050895524109688,0.3667288060962384,0.5828116269567372,ExchangeRate,raw,5496,5592,raw:5496:1,mid,high
2,0.6115314121496991,0.31497026365129877,0.5999139107421382,0.375,0.7383391043781511,4.535626871927676,0.5050895524109688,0.5088051955143786,0.5394762189297065,ExchangeRate,raw,5496,5592,raw:5496:2,high,high
3,0.8574558235406371,0.0585351664208312,0.21299060096685532,0.25,0.7932643330008035,4.535626871927676,0.5050895524109688,0.3763271969761079,0.5161179618039241,ExchangeRate,raw,5496,5592,raw:5496:3,mid,high
4,0.9159936884711266,0.09516543467558583,0.41737902127903564,0.25,0.8306419628151027,4.535626871927676,0.5050895524109688,0.47617938147524935,0.5285771717420239,ExchangeRate,raw,5496,5592,raw:5496:4,high,high
5,0.5215341523594279,0.12306140907079853,0.1912359367958247,0.375,0.8666021567090489,4.535626871927676,0.5050895524109688,0.2786104994086837,0.5822305697066725,ExchangeRate,raw,5496,5592,raw:5496:5,low,high
6,0.8016562185595724,0.15592398007450248,0.1549803140906505,0.5,0.8945861964287951,4.535626871927676,0.5050895524109688,0.3708535042415751,0.6332252496132545,ExchangeRate,raw,5496,5592,raw:5496:6,mid,high
7,0.41127783874061574,0.07321638392046495,0.41726116522505197,0.125,0.6123555687148248,4.535626871927676,0.5050895524109688,0.30058512929537756,0.4141483737085978,ExchangeRate,raw,5496,5592,raw:5496:7,low,mid
0,0.6806105185949353,0.5836909187028232,0.16668513283125258,0.375,0.8032358912640538,3.662128268068541,0.3803040377522144,0.47699552337633705,0.5195133096720894,ExchangeRate,raw,5520,5616,raw:5520:0,high,high
1,0.5742597144962422,0.10870048390562576,0.26425356354324103,0.25,0.8054340247655696,3.662128268068541,0.3803040377522144,0.3157379206483697,0.4785793541725947,ExchangeRate,raw,5520,5616,raw:5520:1,low,high
2,0.8381453053836315,0.16452826619033056,0.29645167394537886,0.375,0.8199459234686095,3.662128268068541,0.3803040377522144,0.433041748506447,0.5250833204069413,ExchangeRate,raw,5520,5616,raw:5520:2,high,high
3,0.7821423409212042,0.09101041897787886,0.07832755089261587,0.25,0.6738124312353966,3.662128268068541,0.3803040377522144,0.31716010359723296,0.434705489662537,ExchangeRate,raw,5520,5616,raw:5520:3,low,mid
4,0.7317315578038129,0.12959214177007966,0.032082124637729435,0.75,0.9637654883076577,3.662128268068541,0.3803040377522144,0.297801941403874,0.6980231753532907,ExchangeRate,raw,5520,5616,raw:5520:4,low,high
5,0.6862997054599533,0.12210195884091296,0.10927660047838206,0.25,0.7754128589558766,3.662128268068541,0.3803040377522144,0.3058927549264161,0.468572298902697,ExchangeRate,raw,5520,5616,raw:5520:5,low,high
6,0.7834546499051797,0.10177170491629159,0.19879556213111585,1.0,0.9421592952549064,3.662128268068541,0.3803040377522144,0.3613406389841957,0.774154444335707,ExchangeRate,raw,5520,5616,raw:5520:6,mid,high
7,0.7324591457227889,0.16019318679254999,0.265775437754473,0.0,0.6771548686850316,3.662128268068541,0.3803040377522144,0.38614259008993734,0.35248630214574866,ExchangeRate,raw,5520,5616,raw:5520:7,mid,low
0,0.9373206436406537,0.0754741628759995,0.4224695345094608,0.125,0.6745144502275516,3.509623321907646,0.35851761690320993,0.4784214470087047,0.3860106890435872,ExchangeRate,raw,5544,5640,raw:5544:0,high,mid
1,0.7214910905483578,0.34992703166367684,0.8516052649015646,0.375,0.9253478015874815,3.509623321907646,0.35851761690320993,0.6410077957045331,0.5529551394968971,ExchangeRate,raw,5544,5640,raw:5544:1,high,high
2,0.8240437794724403,0.12208074774094256,0.11590076086926138,0.375,0.8289264956405832,3.509623321907646,0.35851761690320993,0.3540084293608814,0.5208147041812644,ExchangeRate,raw,5544,5640,raw:5544:2,mid,high
3,0.6894715009974717,0.3366164962249747,0.09249538330402048,0.25,0.7594300136067643,3.509623321907646,0.35851761690320993,0.3728611268421556,0.4559825435033247,ExchangeRate,raw,5544,5640,raw:5544:3,mid,mid
4,0.9383647238689875,0.2538543872500637,0.3103285495115963,0.125,0.7625656486918092,3.509623321907646,0.35851761690320993,0.5008492202102158,0.41536108853167303,ExchangeRate,raw,5544,5640,raw:5544:4,high,mid
5,0.4764903759718573,0.1565939214745397,0.22874756763818493,0.25,0.6129390886076881,3.509623321907646,0.35851761690320993,0.2872772883615273,0.40715223517029936,ExchangeRate,raw,5544,5640,raw:5544:5,low,mid
6,0.9136615721668943,0.33286463338941596,0.06150264395579033,0.25,0.7669733941138419,3.509623321907646,0.35851761690320993,0.4360096165040335,0.45849700367235063,ExchangeRate,raw,5544,5640,raw:5544:6,high,mid
7,0.6436985825490216,0.07000829372575372,0.8093024149972194,0.0,0.49216075536404674,3.509623321907646,0.35851761690320993,0.5076697637573315,0.2835594574224189,ExchangeRate,raw,5544,5640,raw:5544:7,high,low
0,0.8929337069333924,0.03934260571461209,0.058760294128892436,0.125,0.7252206346865678,2.9007807142730204,0.2715401016510885,0.33034553559229896,0.3739202454458854,ExchangeRate,raw,5568,5664,raw:5568:0,low,mid
1,0.49410457284795184,0.3034757039852525,0.36080295055569267,0.25,0.7946661016516534,2.9007807142730204,0.2715401016510885,0.38612774246296566,0.43873540110091397,ExchangeRate,raw,5568,5664,raw:5568:1,mid,mid
2,0.5528004006025634,0.07980716003619731,0.16607241853999563,0.0,0.6384047166027639,2.9007807142730204,0.2715401016510885,0.2662266597262521,0.3033149394179508,ExchangeRate,raw,5568,5664,raw:5568:2,low,low
3,0.7941513966311372,0.05868909231719222,0.04657088755904929,0.25,0.6367248568482818,2.9007807142730204,0.2715401016510885,0.2998037921691262,0.3860883194997901,ExchangeRate,raw,5568,5664,raw:5568:3,low,mid
4,0.9889707557950418,0.14857987120188526,0.19439051753237863,0.5,0.8514618956111782,2.9007807142730204,0.2715401016510885,0.44398038150976854,0.5410006657540889,ExchangeRate,raw,5568,5664,raw:5568:4,high,high
5,0.7504520790266094,0.08139601771836233,0.380799684045704,0.125,0.7059720232839921,2.9007807142730204,0.2715401016510885,0.40421592693022523,0.36750404164502687,ExchangeRate,raw,5568,5664,raw:5568:5,mid,mid
6,0.9116072666517465,0.4779400351931806,0.05853803372026147,0.125,0.7421045998832781,2.9007807142730204,0.2715401016510885,0.48269511185506286,0.37954823384478886,ExchangeRate,raw,5568,5664,raw:5568:6,high,mid
7,0.8742173188022894,0.041505337273422746,0.02413455924104308,0.125,0.6135632032715505,2.9007807142730204,0.2715401016510885,0.31328573843891844,0.33670110164087963,ExchangeRate,raw,5568,5664,raw:5568:7,low,low
0,0.718714752450934,0.19895159611058463,0.5519723847728083,0.0,0.6604956916678032,2.602849602160328,0.22897851426722038,0.4898795777781089,0.2964914019783412,ExchangeRate,raw,5592,5688,raw:5592:0,high,low
1,0.5253412471002091,0.1618930405942627,0.4369677518558623,0.0,0.744784255703117,2.602849602160328,0.22897851426722038,0.3747340131834447,0.32458758999011245,ExchangeRate,raw,5592,5688,raw:5592:1,mid,low
2,0.8513496549138642,0.49856461579405437,0.24294130036598421,0.25,0.797559168114963,2.602849602160328,0.22897851426722038,0.5309518570246342,0.42551256079406113,ExchangeRate,raw,5592,5688,raw:5592:2,high,mid
3,0.7815167859656231,0.11074521284152838,0.7122949988355395,0.125,0.5505744354183408,2.602849602160328,0.22897851426722038,0.5348523325475637,0.3015176498951871,ExchangeRate,raw,5592,5688,raw:5592:3,high,low
4,0.8625017222152118,0.3979924097760522,0.05910815690005914,0.125,0.8441974405582338,2.602849602160328,0.22897851426722038,0.43986742963044106,0.3993919849418181,ExchangeRate,raw,5592,5688,raw:5592:4,high,mid
5,0.7690123478214368,0.4450124083523198,0.1408048185658142,0.25,0.7474647552795133,2.602849602160328,0.22897851426722038,0.4516098582465236,0.40881442318224454,ExchangeRate,raw,5592,5688,raw:5592:5,high,mid
6,0.8739460492671732,0.4364878528675638,0.7777790838151663,0.0,0.70605862685911,2.602849602160328,0.22897851426722038,0.6960709953166345,0.31167904704211014,ExchangeRate,raw,5592,5688,raw:5592:6,high,low
7,0.6564680242195899,0.07210972891807951,0.764226505027982,0.125,0.6284306805082094,2.602849602160328,0.22897851426722038,0.4976014193885505,0.3274697315918099,ExchangeRate,raw,5592,5688,raw:5592:7,high,low
0,0.13797422397159886,0.13835443971469225,0.5149664232605379,0.5,0.909573136434834,3.530384700425576,0.3614835281158201,0.26376502898227633,0.5903522215168847,ExchangeRate,raw,5616,5712,raw:5616:0,low,high
1,0.6357195916842394,0.34623867832714006,0.5878659599124957,0.625,0.7771186950713488,3.530384700425576,0.3614835281158201,0.5232747433079584,0.5878674077290563,ExchangeRate,raw,5616,5712,raw:5616:1,high,high
2,0.21266510223684265,0.0806734221084004,0.10528897183993614,0.25,0.6240224548301164,3.530384700425576,0.3614835281158201,0.1328758320617264,0.4118353276486455,ExchangeRate,raw,5616,5712,raw:5616:2,low,mid
3,0.9250967741347889,0.05631676605979853,0.03605534274404603,0.125,0.6106936427009759,3.530384700425576,0.3614835281158201,0.3391562943128778,0.3657257236055987,ExchangeRate,raw,5616,5712,raw:5616:3,low,mid
4,0.9235704793847583,0.32467782796920597,0.07485076724931321,1.0,0.8665885442179709,3.530384700425576,0.3614835281158201,0.4410330248677592,0.7426906907779304,ExchangeRate,raw,5616,5712,raw:5616:4,high,high
5,0.681894777964017,0.04664989205683812,0.27691873001534556,0.375,0.8611388524011417,3.530384700425576,0.3614835281158201,0.33515446667873355,0.532540793505654,ExchangeRate,raw,5616,5712,raw:5616:5,low,high
6,0.6483745348639274,0.11727483207308445,0.2846097214363026,0.375,0.8817958092527731,3.530384700425576,0.3614835281158201,0.35008636279110483,0.5394264457895311,ExchangeRate,raw,5616,5712,raw:5616:6,mid,high
7,0.7014800014821341,0.07829016829609942,0.0827025976467277,0.25,0.7395645647316957,3.530384700425576,0.3614835281158201,0.2874909224749871,0.4503493642825053,ExchangeRate,raw,5616,5712,raw:5616:7,low,mid
0,0.6564318269610527,0.3795259486640289,0.42126055816912117,0.375,0.8071750912673166,3.2490181522839143,0.3212883070101473,0.4857394445980676,0.5011544660924879,ExchangeRate,raw,5640,5736,raw:5640:0,high,high
1,0.46185505126116444,0.1329036926143729,0.011774658673612307,0.125,0.7437456475799175,3.2490181522839143,0.3212883070101473,0.2021778008497165,0.396677984863355,ExchangeRate,raw,5640,5736,raw:5640:1,low,mid
2,0.85810203243487,0.27982014652722986,0.6496291169495758,0.25,0.8702858189367318,3.2490181522839143,0.3212883070101473,0.5958504319705585,0.4805247086489597,ExchangeRate,raw,5640,5736,raw:5640:2,high,high
3,0.7643399288410042,0.03920863767879686,0.43601876033014303,0.0,0.8102694151055745,3.2490181522839143,0.3212883070101473,0.41318910894998134,0.37718590737190727,ExchangeRate,raw,5640,5736,raw:5640:3,mid,mid
4,0.7719685943014697,0.13958997768295422,0.19711662648826447,1.0,0.9478480665932805,3.2490181522839143,0.3212883070101473,0.36955839949089614,0.7563787912011426,ExchangeRate,raw,5640,5736,raw:5640:4,mid,high
5,0.8597467550703385,0.5391696356930069,0.8611679238239435,0.0,0.8107248102211966,3.2490181522839143,0.3212883070101473,0.7533614381957631,0.3773377057437813,ExchangeRate,raw,5640,5736,raw:5640:5,high,mid
6,0.9172810474018467,0.24333842540173067,0.40619803063210413,0.25,0.9290817678146228,3.2490181522839143,0.3212883070101473,0.5222725011452272,0.5001233582749234,ExchangeRate,raw,5640,5736,raw:5640:6,high,high
7,0.6665948068326522,0.11815814297097729,0.36749615887541415,0.125,0.648207859929605,3.2490181522839143,0.3212883070101473,0.3840830362263479,0.36483205564658405,ExchangeRate,raw,5640,5736,raw:5640:7,mid,mid
0,0.6951673319741054,0.12752669552959428,0.5016949231370101,0.25,0.8127392376946466,3.1218667587162248,0.3031238222407124,0.4414629835469033,0.4552876866451197,ExchangeRate,raw,5664,5760,raw:5664:0,high,mid
1,0.6571517104186027,0.20231486418750233,0.4571062351194896,0.375,0.9227447221977482,3.1218667587162248,0.3031238222407124,0.4388576032418649,0.5336228481461535,ExchangeRate,raw,5664,5760,raw:5664:1,high,high
2,0.49950069772489103,0.10887330576609537,0.008231206219824176,0.0,0.627107731339375,3.1218667587162248,0.3031238222407124,0.2055350699036035,0.3100771845266958,ExchangeRate,raw,5664,5760,raw:5664:2,low,low
3,0.9440274975102774,0.11732219768567384,0.17286685565344687,0.25,0.8802892348742468,3.1218667587162248,0.3031238222407124,0.4114055169497994,0.4778043523716531,ExchangeRate,raw,5664,5760,raw:5664:3,mid,high
4,0.9659688208708785,0.3164052741073442,0.16742987638265944,0.25,0.928967490432092,3.1218667587162248,0.3031238222407124,0.4832679904536274,0.49403043755760145,ExchangeRate,raw,5664,5760,raw:5664:4,high,high
5,0.9820568087231694,0.32465994993025465,0.07714189966556001,0.25,0.8660168686022914,3.1218667587162248,0.3031238222407124,0.46128621943966136,0.473046896947668,ExchangeRate,raw,5664,5760,raw:5664:5,high,high
6,0.7939188711054785,0.3353304536538199,0.1428837090256881,0.375,0.9350361049293067,3.1218667587162248,0.3031238222407124,0.4240443445949955,0.5377199757233397,ExchangeRate,raw,5664,5760,raw:5664:6,high,high
7,0.3448487557185492,0.13927637302030213,0.13241991615806092,0.125,0.748348133377081,3.1218667587162248,0.3031238222407124,0.20551501496563743,0.39215731853926444,ExchangeRate,raw,5664,5760,raw:5664:7,low,mid
0,0.7039458588594495,0.039553806203255104,0.04864988870184542,0.375,0.779519860745087,2.3797242424165463,0.1971034629207874,0.26404985125485,0.4505411078886247,ExchangeRate,raw,5688,5784,raw:5688:0,low,mid
1,0.7138582368105757,0.05615253129482819,0.3730736130675152,0.125,0.5493422007789551,2.3797242424165463,0.1971034629207874,0.38102812705763967,0.2904818878999142,ExchangeRate,raw,5688,5784,raw:5688:1,mid,low
2,0.7739150768073678,0.16331862323587815,0.034318673182948144,0.375,0.870311912553731,2.3797242424165463,0.1971034629207874,0.32385079107539805,0.4808051251581727,ExchangeRate,raw,5688,5784,raw:5688:2,low,high
3,0.6110195942231966,0.12081605229902079,0.07363472819335973,0.0,0.42475148009607755,2.3797242424165463,0.1971034629207874,0.26849012490519236,0.20728498100562165,ExchangeRate,raw,5688,5784,raw:5688:3,low,low
4,0.9367624919009352,0.3588792488023673,0.0014460123567681838,0.625,0.9608569562187296,2.3797242424165463,0.1971034629207874,0.4323625843533569,0.5943201397131723,ExchangeRate,raw,5688,5784,raw:5688:4,high,high
5,0.956690009042176,0.20608243200760018,0.0169914239799405,0.25,0.6283879549928193,2.3797242424165463,0.1971034629207874,0.3932546216765722,0.3584971393045356,ExchangeRate,raw,5688,5784,raw:5688:5,mid,low
6,0.8297406397882728,0.06674202991738623,0.4038961461107004,0.125,0.5588203660448403,2.3797242424165463,0.1971034629207874,0.4334596052721198,0.2936412763218759,ExchangeRate,raw,5688,5784,raw:5688:6,high,low
7,0.6333816596069801,0.0776717951112576,0.2903461391265537,0.25,0.7460554357518093,2.3797242424165463,0.1971034629207874,0.33379986461493044,0.3977196328908656,ExchangeRate,raw,5688,5784,raw:5688:7,low,mid
0,0.5549383877603413,0.0928604951017277,0.2799126097628607,0.25,0.56859642780813,3.148104362839309,0.3068720513957983,0.3092371642083099,0.3751561597346427,ExchangeRate,raw,5712,5808,raw:5712:0,low,mid
1,0.910209728691295,0.1592070708001312,0.11259919318274234,0.125,0.5011670801726589,3.148104362839309,0.3068720513957983,0.39400533089138956,0.3110130438561524,ExchangeRate,raw,5712,5808,raw:5712:1,mid,low
2,0.8199077847261838,0.05455287076058667,0.41000254949815806,0.375,0.7441660717547551,3.148104362839309,0.3068720513957983,0.4281544016616428,0.47534604105018446,ExchangeRate,raw,5712,5808,raw:5712:2,high,high
3,0.9501476745377543,0.04253442105555755,0.03130144106443437,0.5,0.8188438305044516,3.148104362839309,0.3068720513957983,0.34132784555258205,0.54190529396675,ExchangeRate,raw,5712,5808,raw:5712:3,low,high
4,0.5647433552701192,0.31044551294272443,0.5808899627539421,0.375,0.8740250248826669,3.148104362839309,0.3068720513957983,0.48535961032226194,0.5186323587594884,ExchangeRate,raw,5712,5808,raw:5712:4,high,high
5,0.22378018424552415,0.0649623349315295,0.3491999659168322,0.125,0.8887688365971224,3.148104362839309,0.3068720513957983,0.2126474950312953,0.4402136293309736,ExchangeRate,raw,5712,5808,raw:5712:5,low,mid
6,0.9788002833025029,0.09130545876113844,0.2323428246692885,0.125,0.5545953294103904,3.148104362839309,0.3068720513957983,0.4341495222443099,0.3288224602687296,ExchangeRate,raw,5712,5808,raw:5712:6,high,low
7,0.8163462823306238,0.06172451592046608,0.37177778961337465,0.125,0.5456266064398451,3.148104362839309,0.3068720513957983,0.4166161959548215,0.3258328859452145,ExchangeRate,raw,5712,5808,raw:5712:7,mid,low
0,0.5972820986741942,0.14581406152941057,0.5557863320015235,0.125,0.6599498913152658,2.822174351485551,0.2603106212689207,0.43296083073504277,0.3484201708613955,ExchangeRate,raw,5736,5832,raw:5736:0,high,low
1,0.7065487905587456,0.25672683977399335,0.6042541380543629,0.125,0.5732162057589242,2.822174351485551,0.2603106212689207,0.5225099227957006,0.31950894234261495,ExchangeRate,raw,5736,5832,raw:5736:1,high,low
2,0.8327514744495662,0.20471146715163874,0.15625288958487135,0.375,0.8500200153150731,2.822174351485551,0.2603106212689207,0.39790527706202544,0.4951102121946646,ExchangeRate,raw,5736,5832,raw:5736:2,mid,high
3,0.7657535480416133,0.15832651072883142,0.49861067437657497,0.0,0.6948996954799231,2.822174351485551,0.2603106212689207,0.4742302443823399,0.31840343891628126,ExchangeRate,raw,5736,5832,raw:5736:3,high,low
4,0.8523061462853203,0.19614890215086844,0.0871945894575981,0.625,0.8274927020017993,2.822174351485551,0.2603106212689207,0.37854987929792894,0.57093444109024,ExchangeRate,raw,5736,5832,raw:5736:4,mid,high
5,0.8971827008822252,0.22334848695390128,0.5507283201006618,0.75,0.929952937388898,2.822174351485551,0.2603106212689207,0.5570865026455961,0.6467545195526062,ExchangeRate,raw,5736,5832,raw:5736:5,high,high
6,0.8999764621337163,0.11428867742427196,0.1996470594102021,0.125,0.7039502541740074,2.822174351485551,0.2603106212689207,0.4046373996560635,0.363086958480976,ExchangeRate,raw,5736,5832,raw:5736:6,mid,mid
7,0.8100126504393416,0.06228298938528622,0.2500755929484442,0.375,0.7932971578530219,2.822174351485551,0.2603106212689207,0.3741237442576906,0.4762025930406475,ExchangeRate,raw,5736,5832,raw:5736:7,mid,high
0,0.5972916606559003,0.1632123381166113,0.5192313916300499,0.25,0.803835067799725,2.3772437830912128,0.1967491115891031,0.4265784634675205,0.4168613931296094,ExchangeRate,raw,5760,5856,raw:5760:0,high,mid
1,0.6746734160044107,0.3092489257361172,0.15028940091856402,0.375,0.8092516570415736,2.3772437830912128,0.1967491115891031,0.37807058088636397,0.46033358954355896,ExchangeRate,raw,5760,5856,raw:5760:1,mid,mid
2,0.4140682459588968,0.3387450732893255,0.6320905230378159,0.5,0.8819891569457448,2.3772437830912128,0.1967491115891031,0.46163461409534606,0.526246089511616,ExchangeRate,raw,5760,5856,raw:5760:2,high,high
3,0.7742234971985968,0.0825297110682392,0.07995606507679956,0.25,0.8455000125953266,2.3772437830912128,0.1967491115891031,0.3122364244478785,0.43074970806147655,ExchangeRate,raw,5760,5856,raw:5760:3,low,mid
4,0.6616301124602092,0.13359140743433034,0.6072118754079282,0.5,0.844765124219847,2.3772437830912128,0.1967491115891031,0.467477798434156,0.5138380786029834,ExchangeRate,raw,5760,5856,raw:5760:4,high,high
5,0.6060271527473111,0.1656426914972515,0.3402788066484965,0.25,0.8711954784227732,2.3772437830912128,0.1967491115891031,0.37064955029768637,0.4393148633372921,ExchangeRate,raw,5760,5856,raw:5760:5,mid,mid
6,0.5244728016086989,0.23570918263857424,0.6585947805924433,0.25,0.8584116725007944,2.3772437830912128,0.1967491115891031,0.47292558827990544,0.4350535946966325,ExchangeRate,raw,5760,5856,raw:5760:6,high,mid
7,0.2685733714623293,0.24085916545762343,0.4696650848974649,0.125,0.7150863007612447,2.3772437830912128,0.1967491115891031,0.32636587393913924,0.3456118041167826,ExchangeRate,raw,5760,5856,raw:5760:7,low,low
0,0.874493169500328,0.20658862238092982,0.2773750435807752,0.125,0.8321488806438831,2.717913349489387,0.24541619243360357,0.452818945154011,0.4008550243591622,ExchangeRate,raw,5784,5880,raw:5784:0,high,mid
1,0.28436991140274404,0.06585659270503288,0.31619799127244824,0.125,0.6241697047911546,2.717913349489387,0.24541619243360357,0.22214149846007505,0.33152863240825275,ExchangeRate,raw,5784,5880,raw:5784:1,low,low
2,0.7338123658355973,0.11836177403090603,0.6589324629778203,0.125,0.852986413029408,2.717913349489387,0.24541619243360357,0.5037022009481079,0.40780086848767055,ExchangeRate,raw,5784,5880,raw:5784:2,high,mid
3,0.4262358261240946,0.09324978780743892,0.3005785251204854,0.0,0.5169593241866507,2.717913349489387,0.24541619243360357,0.27335471301733966,0.2541251722067514,ExchangeRate,raw,5784,5880,raw:5784:3,low,low
4,0.9262224885457632,0.37126672867520333,0.02598289400875074,0.25,0.8706950647089294,2.717913349489387,0.24541619243360357,0.4411573704099057,0.45537041904751097,ExchangeRate,raw,5784,5880,raw:5784:4,high,mid
5,0.7816169787518603,0.4296785025592833,0.2308991897365006,0.0,0.7274268654624702,2.717913349489387,0.24541619243360357,0.48073155701588144,0.32428101929869124,ExchangeRate,raw,5784,5880,raw:5784:5,high,low
6,0.7816662311226719,0.1309973933030546,0.5337157934448882,0.125,0.7637622764557752,2.717913349489387,0.24541619243360357,0.4821264726235382,0.3780594896297929,ExchangeRate,raw,5784,5880,raw:5784:6,high,mid
7,0.9002490823244249,0.1784212403767794,0.16387912738820368,0.125,0.7587660687885336,2.717913349489387,0.24541619243360357,0.4141831500298026,0.3763940870740457,ExchangeRate,raw,5784,5880,raw:5784:7,mid,mid
0,0.7781161981728477,0.09868766476262361,0.008037577730249615,0.0,0.6395828943602304,3.375709056201995,0.33938700754401785,0.29494714688857365,0.3263233006347494,ExchangeRate,raw,5808,5904,raw:5808:0,low,low
1,0.8354678662060587,0.1930251215344334,0.06015231533791489,0.375,0.8744367105517064,3.375709056201995,0.33938700754401785,0.3628817676928023,0.5296079060319081,ExchangeRate,raw,5808,5904,raw:5808:1,mid,high
2,0.8953864122236637,0.16807223899836357,0.015967769668662892,0.25,0.9170730836924147,3.375709056201995,0.33938700754401785,0.3598088069635634,0.5021533637454775,ExchangeRate,raw,5808,5904,raw:5808:2,mid,high
3,0.8049794883629368,0.085486643523362,0.05944948860639635,0.375,0.8551696163260362,3.375709056201995,0.33938700754401785,0.3166385401642317,0.5231855412900179,ExchangeRate,raw,5808,5904,raw:5808:3,low,high
4,0.7688199081846822,0.19168431475268688,0.27038412411354584,0.125,0.8481505119498625,3.375709056201995,0.33938700754401785,0.4102961156836383,0.4375125064979601,ExchangeRate,raw,5808,5904,raw:5808:4,mid,mid
5,0.8973535596950313,0.12724304366521605,0.4040593505325841,0.0,0.45597876326872355,3.375709056201995,0.33938700754401785,0.4762186512976105,0.26512192360424713,ExchangeRate,raw,5808,5904,raw:5808:5,high,low
6,0.9372395314269812,0.17603702803142315,0.04136492634786261,0.125,0.8055698808396974,3.375709056201995,0.33938700754401785,0.3848804952687557,0.4233189627945717,ExchangeRate,raw,5808,5904,raw:5808:6,mid,mid
7,0.8919041516210295,0.08371130778020448,0.004611959584943425,0.0,0.602514090069014,3.375709056201995,0.33938700754401785,0.3267424729953925,0.31396703253767727,ExchangeRate,raw,5808,5904,raw:5808:7,low,low
0,0.6370878348450463,0.15078177795813102,0.6787584698245893,0.0,0.5726391296168926,2.701545884755868,0.2430779831892983,0.4888760275425888,0.2719057042687303,ExchangeRate,raw,5832,5928,raw:5832:0,high,low
1,0.7463889535890904,0.3244239929513452,0.7959978099156055,0.375,0.8694006849764324,2.701545884755868,0.2430779831892983,0.6222702521520137,0.4958262227219102,ExchangeRate,raw,5832,5928,raw:5832:1,high,high
2,0.5812561313271983,0.0856027513854914,0.437664846223906,0.125,0.7721085923782233,2.701545884755868,0.2430779831892983,0.36817457631219863,0.3800621918558405,ExchangeRate,raw,5832,5928,raw:5832:2,mid,mid
3,0.5664204433880715,0.06192668040855258,0.5388299825758134,0.125,0.8295685862203759,2.701545884755868,0.2430779831892983,0.38905903545747916,0.3992155231365581,ExchangeRate,raw,5832,5928,raw:5832:3,mid,mid
4,0.3168418782296828,0.14320887824367373,0.4623629148036698,0.125,0.7212216232379413,2.701545884755868,0.2430779831892983,0.30747122375900876,0.36309986880907985,ExchangeRate,raw,5832,5928,raw:5832:4,low,mid
5,0.9508983721661082,0.041520133113138756,0.01819008071317005,0.0,0.5885808323921474,2.701545884755868,0.2430779831892983,0.336869528664139,0.2772196051938152,ExchangeRate,raw,5832,5928,raw:5832:5,low,low
6,0.6786588873552708,0.22760643445005996,0.6924060951548102,0.125,0.7970806569952852,2.701545884755868,0.2430779831892983,0.532890472320047,0.3883862133948612,ExchangeRate,raw,5832,5928,raw:5832:6,high,mid
7,0.7613574573333861,0.3942123827841697,0.4818817545716775,0.0,0.6505491140412075,2.701545884755868,0.2430779831892983,0.5458171982297445,0.29787569907683525,ExchangeRate,raw,5832,5928,raw:5832:7,high,low
0,0.7692755758810036,0.36602473724676077,0.05593566228289523,0.25,0.7555810083864332,2.9630867283097295,0.2804409607864743,0.3970786584702199,0.42867398972430254,ExchangeRate,raw,5856,5952,raw:5856:0,mid,mid
1,0.7999994134288946,0.1395428714122548,0.3433189046248015,0.5,0.8110814326037855,2.9630867283097295,0.2804409607864743,0.4276203964886503,0.5305074644634199,ExchangeRate,raw,5856,5952,raw:5856:1,high,high
2,0.4727631337118039,0.24273115266918868,0.45948491226539334,0.25,0.8236119998759481,2.9630867283097295,0.2804409607864743,0.3916597328821287,0.4513509868874741,ExchangeRate,raw,5856,5952,raw:5856:2,mid,mid
3,0.4688318282348384,0.28013024056835545,0.35519071554775045,0.125,0.7722008181802317,2.9630867283097295,0.2804409607864743,0.3680509281169814,0.39254725965556864,ExchangeRate,raw,5856,5952,raw:5856:3,mid,mid
4,0.4180811276107008,0.09633978522674362,0.460060604083184,0.25,0.7495158132230535,2.9630867283097295,0.2804409607864743,0.32482717230687613,0.42665225800317597,ExchangeRate,raw,5856,5952,raw:5856:4,low,mid
5,0.5643711263040384,0.0825468484278557,0.07168728339383108,0.0,0.41336715763095333,2.9630867283097295,0.2804409607864743,0.2395350860419084,0.2312693728058092,ExchangeRate,raw,5856,5952,raw:5856:5,low,low
6,0.6600346119871872,0.4483817731742117,0.5084215356889744,0.5,0.8765809617258503,2.9630867283097295,0.2804409607864743,0.5389459736167911,0.5523406408374415,ExchangeRate,raw,5856,5952,raw:5856:6,high,high
7,0.5442207005751634,0.563773068253896,0.16117685546863816,0.0,0.6866064133300691,2.9630867283097295,0.2804409607864743,0.42305687476589915,0.32234912470551447,ExchangeRate,raw,5856,5952,raw:5856:7,high,low
0,0.8476998085582975,0.4171480446104776,0.312622098173225,0.125,0.6745463291552469,2.501773861612826,0.2145391227810621,0.5258233171140001,0.33802848397876967,ExchangeRate,raw,5880,5976,raw:5880:0,high,low
1,0.8420854655578451,0.28435592415419947,0.1815864773280792,0.0,0.5661646496058772,2.501773861612826,0.2145391227810621,0.4360092890133746,0.2602345907956464,ExchangeRate,raw,5880,5976,raw:5880:1,high,low
2,0.9256158960541083,0.3743799698418715,0.2191206699370917,0.125,0.7314676867009844,2.501773861612826,0.2145391227810621,0.5063721786110239,0.3570022698273488,ExchangeRate,raw,5880,5976,raw:5880:2,high,low
3,0.904016822175078,0.20065855094075566,0.28058939326832333,0.125,0.6966869734658504,2.501773861612826,0.2145391227810621,0.4617549221280523,0.34540869874897084,ExchangeRate,raw,5880,5976,raw:5880:3,high,low
4,0.8806958637530219,0.08921320632496324,0.5580464576504081,0.0,0.5039081400171953,2.501773861612826,0.2145391227810621,0.5093185092427978,0.2394824209327525,ExchangeRate,raw,5880,5976,raw:5880:4,high,low
5,0.898751681081699,0.1715131705590495,0.25952569148610577,0.375,0.9217365072527761,2.501773861612826,0.2145391227810621,0.44326351437561806,0.5037585433446127,ExchangeRate,raw,5880,5976,raw:5880:5,high,high
6,0.8379904763196375,0.13142681521326516,0.2222327880928535,0.0,0.6381356129251518,2.501773861612826,0.2145391227810621,0.3972166932085854,0.2842249119020713,ExchangeRate,raw,5880,5976,raw:5880:6,mid,low
7,0.9552732227290105,0.15578410140301463,0.34167593559560533,0.125,0.7068804044484146,2.501773861612826,0.2145391227810621,0.4842444199092102,0.34880650907649224,ExchangeRate,raw,5880,5976,raw:5880:7,high,low
0,0.7371147046680361,0.029021848411757135,0.019454349692298416,0.0,0.4885418162996376,2.4517308665134476,0.20739012349136376,0.26186363425736386,0.2319773132636671,ExchangeRate,raw,5904,6000,raw:5904:0,low,low
1,0.8321495103900949,0.2278262905353888,0.11369526033554521,0.125,0.6438287682991682,2.4517308665134476,0.20739012349136376,0.3912236870870096,0.32540629726351067,ExchangeRate,raw,5904,6000,raw:5904:1,mid,low
2,0.8294973171874286,0.04063879947162245,0.04562664912131076,0.0,0.6851648260728035,2.4517308665134476,0.20739012349136376,0.30525425526012057,0.2975183165213891,ExchangeRate,raw,5904,6000,raw:5904:2,low,low
3,0.8754577457663133,0.173645384720453,0.03006497899624022,0.125,0.6842968425445775,2.4517308665134476,0.20739012349136376,0.3597227031610022,0.33889565534531374,ExchangeRate,raw,5904,6000,raw:5904:3,mid,low
4,0.9434176984628411,0.04287104611355612,0.18536531677077422,0.25,0.7326216440219732,2.4517308665134476,0.20739012349136376,0.3905513537823904,0.39667058917111236,ExchangeRate,raw,5904,6000,raw:5904:4,mid,mid
5,0.7677784911575789,0.23230659532709771,0.2319253312270743,0.0,0.7457904437074935,2.4517308665134476,0.20739012349136376,0.4106701392372503,0.3177268557329524,ExchangeRate,raw,5904,6000,raw:5904:5,mid,low
6,0.6321658953650346,0.10947678441978298,0.08965900903067639,0.125,0.7193879601435821,2.4517308665134476,0.20739012349136376,0.277100562938498,0.35059269454498193,ExchangeRate,raw,5904,6000,raw:5904:6,low,low
7,0.6042929716636328,0.012784079517806201,0.012835671584888688,0.0,0.40973219653003423,2.4517308665134476,0.20739012349136376,0.20997090758877593,0.20570744000713267,ExchangeRate,raw,5904,6000,raw:5904:7,low,low
0,0.6612675505353407,0.1605589401896085,0.24377768256158405,0.0,0.7351899045001283,2.1411337221428033,0.1630191029303732,0.355201391095511,0.2994030024768339,ExchangeRate,raw,5928,6024,raw:5928:0,mid,low
1,0.776944429291906,0.20445980327634233,0.27269696823622863,0.0,0.613144801188762,2.1411337221428033,0.1630191029303732,0.4180337336014923,0.2587213013730451,ExchangeRate,raw,5928,6024,raw:5928:1,mid,low
2,0.5181661921147127,0.1001867228761881,0.5003182978940581,0.0,0.4903612949612661,2.1411337221428033,0.1630191029303732,0.3728904042949863,0.21779346596387975,ExchangeRate,raw,5928,6024,raw:5928:2,mid,low
3,0.8602496106366013,0.11081471534944501,0.325682952161485,0.125,0.6907001632842121,2.1411337221428033,0.1630191029303732,0.4322490927158438,0.3262397554048618,ExchangeRate,raw,5928,6024,raw:5928:3,high,low
4,0.8574988365420408,0.10171885637416195,0.06588081435506811,0.125,0.6698923099693153,2.1411337221428033,0.1630191029303732,0.341699502423757,0.31930380429989613,ExchangeRate,raw,5928,6024,raw:5928:4,low,low
5,0.6394009642919015,0.2348060102595142,0.5279563438445495,0.25,0.7545461651860955,2.1411337221428033,0.1630191029303732,0.46738777279865507,0.38918842270548953,ExchangeRate,raw,5928,6024,raw:5928:5,high,mid
6,0.5445662854584707,0.04141899627494018,0.385816812636714,0.0,0.5387358274727986,2.1411337221428033,0.1630191029303732,0.3239340314567083,0.2339183101343906,ExchangeRate,raw,5928,6024,raw:5928:6,low,low
7,0.8360908555282662,0.4648285789174995,0.103959915063164,0.25,0.7577219164155289,2.1411337221428033,0.1630191029303732,0.4682931165029766,0.390247006448634,ExchangeRate,raw,5928,6024,raw:5928:7,high,mid
0,0.8520216829078449,0.20363885583100483,0.07679854328561231,0.125,0.6970267773783249,3.3642942695922526,0.3377563237449556,0.3774863606748206,0.38659436704109346,ExchangeRate,raw,5952,6048,raw:5952:0,mid,mid
1,0.46113417949800417,0.2464668967194626,0.46357744362346,0.25,0.8761400133580813,3.3642942695922526,0.3377563237449556,0.39039283994697555,0.4879654457010123,ExchangeRate,raw,5952,6048,raw:5952:1,mid,high
2,0.8878617362156034,0.3367686636534015,0.16614625695899007,0.625,0.9769833273122388,3.3642942695922526,0.3377563237449556,0.46359221894266495,0.6465798836857315,ExchangeRate,raw,5952,6048,raw:5952:2,high,high
3,0.4862963941147185,0.07505727574793214,0.07015256103793674,0.25,0.6838561379706521,3.3642942695922526,0.3377563237449556,0.2105020769668625,0.42387082057186926,ExchangeRate,raw,5952,6048,raw:5952:3,low,mid
4,0.4609024877445389,0.22512581500226714,0.5193779576616747,0.25,0.7396134880678588,3.3642942695922526,0.3377563237449556,0.4018020868028269,0.4424566039376048,ExchangeRate,raw,5952,6048,raw:5952:4,mid,mid
5,0.7846627130697759,0.1762216884403428,0.08685122761898333,0.25,0.7348387931896595,3.3642942695922526,0.3377563237449556,0.3492452097097007,0.440865038978205,ExchangeRate,raw,5952,6048,raw:5952:5,mid,mid
6,0.8621236389484294,0.46990708285460353,0.07815027695461674,0.5,0.8294135669802069,3.3642942695922526,0.3377563237449556,0.47006033291921656,0.5557232969083875,ExchangeRate,raw,5952,6048,raw:5952:6,high,high
7,0.7533435325108684,0.11809036526393718,0.38091202306136723,0.25,0.8276415391963194,3.3642942695922526,0.3377563237449556,0.41744864027872425,0.4717992876470917,ExchangeRate,raw,5952,6048,raw:5952:7,mid,high
0,0.4014071982194283,0.20143377772540247,0.16744586223218655,0.0,0.7008954564107612,3.825729062086224,0.4036755797213526,0.25676227939233914,0.3681903453773712,ExchangeRate,raw,5976,6072,raw:5976:0,low,mid
1,0.91039515203781,0.19537529011643193,0.2662337858040803,0.125,0.8751718643395812,3.825729062086224,0.4036755797213526,0.457334742652774,0.46794914802031123,ExchangeRate,raw,5976,6072,raw:5976:1,high,high
2,0.8849595311267594,0.24344731973086536,0.010615387317895332,0.25,0.8889178331845451,3.825729062086224,0.4036755797213526,0.37967407939184006,0.5141978043019658,ExchangeRate,raw,5976,6072,raw:5976:2,mid,high
3,0.9070923518457314,0.06082805353815064,0.38017951684956497,0.25,0.7033114118073581,3.825729062086224,0.4036755797213526,0.44936664074448235,0.4523289971762369,ExchangeRate,raw,5976,6072,raw:5976:3,high,mid
4,0.8856348469072657,0.1704827786314661,0.07599171246849988,0.0,0.619383266615721,3.825729062086224,0.4036755797213526,0.37736977933574395,0.3410196154456912,ExchangeRate,raw,5976,6072,raw:5976:4,mid,low
5,0.6715240770469482,0.1667025822581621,0.3474887485873,0.375,0.7853212602696681,3.825729062086224,0.4036755797213526,0.39523846929747003,0.5213322799970069,ExchangeRate,raw,5976,6072,raw:5976:5,mid,high
6,0.804015100137603,0.1004101555687624,0.06264952841236021,0.25,0.6305046865999377,3.825729062086224,0.4036755797213526,0.32235826137290857,0.4280600887737635,ExchangeRate,raw,5976,6072,raw:5976:6,low,mid
7,0.6064180967761441,0.14326523881209663,0.09184024937530226,0.375,0.6766051699243476,3.825729062086224,0.4036755797213526,0.2805078616545143,0.48509358321523344,ExchangeRate,raw,5976,6072,raw:5976:7,low,high
0,0.5157716791966289,0.2305974118820755,0.4620983285822279,0.5,0.8440064934408917,3.5901048140751097,0.37001497291070856,0.4028224732203108,0.5713404887838668,ExchangeRate,raw,6000,6096,raw:6000:0,mid,high
1,0.8346434192214649,0.06225209359520998,0.005032466564966696,0.0,0.5901921553337617,3.5901048140751097,0.37001497291070856,0.30064265979388055,0.32006904274815673,ExchangeRate,raw,6000,6096,raw:6000:1,low,low
2,0.4893464563690464,0.1785236530383618,0.042783883409854964,0.0,0.43317159074948713,3.5901048140751097,0.37001497291070856,0.23688466427242105,0.26772885455339857,ExchangeRate,raw,6000,6096,raw:6000:2,low,low
3,0.911211904671119,0.13846110606557308,0.008947999084630944,0.125,0.6390826878476921,3.5901048140751097,0.37001497291070856,0.35287366994044095,0.3780325535861335,ExchangeRate,raw,6000,6096,raw:6000:3,mid,mid
4,0.9379240114324161,0.23265007665919174,0.07770765322645083,0.375,0.9832435135259326,3.5901048140751097,0.37001497291070856,0.41609391377268623,0.5760861621455471,ExchangeRate,raw,6000,6096,raw:6000:4,mid,high
5,0.7406574836821131,0.17816897577936788,0.6358128635596524,0.125,0.7600598478412746,3.5901048140751097,0.37001497291070856,0.5182131076737111,0.41835827358399436,ExchangeRate,raw,6000,6096,raw:6000:5,high,mid
6,0.9430230611667308,0.14379408969229818,0.01168016653404917,0.25,0.6194151764932803,3.5901048140751097,0.37001497291070856,0.3661657724643594,0.4131433831346629,ExchangeRate,raw,6000,6096,raw:6000:6,mid,mid
7,0.7088901357775684,0.13326970346866063,0.16754953793966784,0.375,0.7572701726487989,3.5901048140751097,0.37001497291070856,0.336569792395299,0.5007617151865025,ExchangeRate,raw,6000,6096,raw:6000:7,low,high
0,0.5420036431721281,0.1455371214116193,0.5586897852203138,0.375,0.8728645486047105,3.195092051134993,0.31358457828559244,0.41541018326802037,0.5204830422967676,ExchangeRate,raw,6024,6120,raw:6024:0,mid,high
1,0.6743262938153365,0.09244612978848271,0.5403220820910768,0.125,0.6842235878876373,3.195092051134993,0.31358457828559244,0.4356981685649653,0.3742693887244099,ExchangeRate,raw,6024,6120,raw:6024:1,high,mid
2,0.817427249295572,0.15578513507863545,0.24867460142515677,0.25,0.8361578417467509,3.195092051134993,0.31358457828559244,0.4072956619331214,0.4665808066774478,ExchangeRate,raw,6024,6120,raw:6024:2,mid,mid
3,0.4863201665980088,0.07334910699159376,0.09865810327449692,0.25,0.707015584916378,3.195092051134993,0.31358457828559244,0.21944245895469985,0.42353338773399013,ExchangeRate,raw,6024,6120,raw:6024:3,low,mid
4,0.9384479416956493,0.13790181791854939,0.048816440596331674,0.5,0.8779193073849095,3.195092051134993,0.31358457828559244,0.37505540007017674,0.563834628556834,ExchangeRate,raw,6024,6120,raw:6024:4,mid,high
5,0.9238607302707739,0.06213949005419685,0.24658193737736567,0.25,0.65284049445221,3.195092051134993,0.31358457828559244,0.4108607192341121,0.4054750242459342,ExchangeRate,raw,6024,6120,raw:6024:5,mid,mid
6,0.8780436098561728,0.1436484571975567,0.060500901566053845,0.125,0.6647240180491881,3.195092051134993,0.31358457828559244,0.36073098953992777,0.3677695321115935,ExchangeRate,raw,6024,6120,raw:6024:6,mid,mid
7,0.5989761710439656,0.10747376116147689,0.6074937128483425,0.375,0.8030806031769802,3.195092051134993,0.31358457828559244,0.43798121501792836,0.49722172715419083,ExchangeRate,raw,6024,6120,raw:6024:7,high,high
0,0.534005893372775,0.09766090903014177,0.6156685959495412,0.125,0.8341385902642731,3.9421779654257834,0.42031113731752456,0.415778466117486,0.4598165758605992,ExchangeRate,raw,6048,6144,raw:6048:0,mid,mid
1,0.10794473451899234,0.20629072855987318,0.03454106832849684,0.0,0.6934599895924531,3.9421779654257834,0.42031113731752456,0.11625884380245412,0.3712570423033259,ExchangeRate,raw,6048,6144,raw:6048:1,low,mid
2,0.6766369968969128,0.09988715529102725,0.037821867464087694,0.125,0.660828999669251,3.9421779654257834,0.42031113731752456,0.27144867321734256,0.40204671232892525,ExchangeRate,raw,6048,6144,raw:6048:2,low,mid
3,0.6496773600423866,0.08505359847810438,0.2398253859413968,0.125,0.8078285465345754,3.9421779654257834,0.42031113731752456,0.32485211482062926,0.4510465612840333,ExchangeRate,raw,6048,6144,raw:6048:3,low,mid
4,0.9211986692000982,0.12605592894234258,0.018002651319926243,0.125,0.7063948922603418,3.9421779654257834,0.42031113731752456,0.35508574982078905,0.4172353431926221,ExchangeRate,raw,6048,6144,raw:6048:4,mid,mid
5,0.8334775208549434,0.37270353773949016,0.17625107796738482,0.25,0.7861142152637415,3.9421779654257834,0.42031113731752456,0.4608107121872728,0.48547511752708866,ExchangeRate,raw,6048,6144,raw:6048:5,high,high
6,0.5897809250640826,0.08848529941400417,0.6464947391791502,0.375,0.8958477528901595,3.9421779654257834,0.42031113731752456,0.4415869878857457,0.563719630069228,ExchangeRate,raw,6048,6144,raw:6048:6,high,high
7,0.6114298920148656,0.12702809061693873,0.3545383934261248,0.25,0.8152996594967963,3.9421779654257834,0.42031113731752456,0.36433212535264303,0.49520359893810695,ExchangeRate,raw,6048,6144,raw:6048:7,mid,high
0,0.574478437123825,0.16836950418845986,0.18721456597806466,0.375,0.8441633606043741,3.672287090577098,0.38175529810850645,0.3100208357634498,0.5336395529042935,ExchangeRate,raw,6072,6168,raw:6072:0,low,high
1,0.534807838801826,0.04929853970123414,0.4030853303511348,0.0,0.7858551547038718,3.672287090577098,0.38175529810850645,0.3290639029513983,0.38920348427079277,ExchangeRate,raw,6072,6168,raw:6072:1,low,mid
2,0.5828184601700381,0.3312568087614427,0.14763097422966026,0.25,0.9234827513668631,3.672287090577098,0.38175529810850645,0.3539020810537137,0.5184126831584565,ExchangeRate,raw,6072,6168,raw:6072:2,mid,high
3,0.5482771386448019,0.06463679914325496,0.44565041301090835,0.125,0.8139276984777201,3.672287090577098,0.38175529810850645,0.352854783599655,0.4402276655287422,ExchangeRate,raw,6072,6168,raw:6072:3,mid,mid
4,0.272092809930345,0.17525633277660077,0.6503819503399235,0.625,0.8895075228519592,3.672287090577098,0.38175529810850645,0.36591036434895646,0.6320876069868219,ExchangeRate,raw,6072,6168,raw:6072:4,mid,high
5,0.83585372670972,0.36778690330184727,0.1676460339675824,0.125,0.8350331868207981,3.672287090577098,0.38175529810850645,0.45709555465971663,0.44726282830976816,ExchangeRate,raw,6072,6168,raw:6072:5,high,mid
6,0.6723780800018757,0.17753263623806478,0.5871550278380638,0.25,0.876248698399493,3.672287090577098,0.38175529810850645,0.47902191469266814,0.5026679988359998,ExchangeRate,raw,6072,6168,raw:6072:6,high,high
7,0.7279841877982197,0.20800982009600621,0.217170427308602,0.375,0.6969872820798312,3.672287090577098,0.38175529810850645,0.38438814506760927,0.4845808600627792,ExchangeRate,raw,6072,6168,raw:6072:7,mid,high
0,0.603242771774511,0.19314392161127591,0.5240232607224641,0.0,0.7413019305953326,3.9564687765840634,0.42235268176579094,0.440136651369417,0.3878848707870412,ExchangeRate,raw,6096,6192,raw:6096:0,high,mid
1,0.8151109902163318,0.19830637703464177,0.6060826420393157,0.0,0.4829871248260392,3.9564687765840634,0.42235268176579094,0.5398333364300965,0.30177993553061006,ExchangeRate,raw,6096,6192,raw:6096:1,high,low
2,0.6168162582817408,0.24647245375886767,0.23198837288486612,0.125,0.6869765052975761,3.9564687765840634,0.42235268176579094,0.3650923616418249,0.41144306235445566,ExchangeRate,raw,6096,6192,raw:6096:2,mid,mid
3,0.42179513768255905,0.12497845949885379,0.4369306428243095,0.375,0.7881578668923277,3.9564687765840634,0.42235268176579094,0.32790141333524075,0.5285035162193729,ExchangeRate,raw,6096,6192,raw:6096:3,low,high
4,0.5385401427083771,0.2147656637301325,0.4086242268753273,0.125,0.8480759598063644,3.9564687765840634,0.42235268176579094,0.38731001110461233,0.4651428805240518,ExchangeRate,raw,6096,6192,raw:6096:4,mid,mid
5,0.9209402399606034,0.42406269398809393,0.019210304879010032,0.375,0.9085144437304539,3.9564687765840634,0.42235268176579094,0.4547377462759024,0.568622375165415,ExchangeRate,raw,6096,6192,raw:6096:5,high,high
6,0.9466994517715174,0.12500327164374087,0.14974624823829438,0.125,0.8071226258087186,3.9564687765840634,0.42235268176579094,0.40714965721785085,0.4514917691915032,ExchangeRate,raw,6096,6192,raw:6096:6,mid,mid
7,0.8760676495290803,0.3990385703467718,0.12266590737843011,0.375,0.7952613037665568,3.9564687765840634,0.42235268176579094,0.46592404241809415,0.5308713285107826,ExchangeRate,raw,6096,6192,raw:6096:7,high,high
0,0.6777311548460894,0.15407645304817427,0.16748386559720618,0.25,0.7113793052432466,4.021208266766152,0.43160118035002004,0.33309715783048993,0.46432682853108886,ExchangeRate,raw,6120,6216,raw:6120:0,low,mid
1,0.9627410102972258,0.11082968915203009,0.06709028911810554,0.375,0.8629540076039216,4.021208266766152,0.43160118035002004,0.3802203295224538,0.5565183959846473,ExchangeRate,raw,6120,6216,raw:6120:1,mid,high
2,0.9187625327733322,0.05364040566008284,0.11899590464733673,0.25,0.6830465213171284,4.021208266766152,0.43160118035002004,0.3637996143602506,0.45488256722238285,ExchangeRate,raw,6120,6216,raw:6120:2,mid,mid
3,0.6748939140402519,0.45863223399626485,0.22615779072199405,0.25,0.8231337337488888,4.021208266766152,0.43160118035002004,0.4532279795861702,0.5015783046996362,ExchangeRate,raw,6120,6216,raw:6120:3,high,high
4,0.2428490350225747,0.1026250182340062,0.6876089390011683,0.25,0.8331955947594741,4.021208266766152,0.43160118035002004,0.3443609974192497,0.5049322583698314,ExchangeRate,raw,6120,6216,raw:6120:4,low,high
5,0.926048523657359,0.1653998420296943,0.12011026779354851,0.125,0.6965915632884376,4.021208266766152,0.43160118035002004,0.4038528778268673,0.4177309145461526,ExchangeRate,raw,6120,6216,raw:6120:5,mid,mid
6,0.8842706329829411,0.32265084738498395,0.061898655402766393,0.5,0.7408058083898345,4.021208266766152,0.43160118035002004,0.42294004525689705,0.5574689962466182,ExchangeRate,raw,6120,6216,raw:6120:6,high,high
7,0.567670834899977,0.14222084153422182,0.6351722482114217,0.25,0.8591863773591916,4.021208266766152,0.43160118035002004,0.4483546415485402,0.5135958525697372,ExchangeRate,raw,6120,6216,raw:6120:7,high,high
0,0.437900239778947,0.08422410790035972,0.2367927879318631,0.0,0.45075407586136645,3.3310235081833346,0.33300335783618584,0.2529723785370566,0.2612524778991841,ExchangeRate,raw,6144,6240,raw:6144:0,low,low
1,0.9456198742276912,0.3680554667779215,0.0233213249073077,0.0,0.5555093337621765,3.3310235081833346,0.33300335783618584,0.4456655553043068,0.2961708971994541,ExchangeRate,raw,6144,6240,raw:6144:1,high,low
2,0.7982609302791647,0.3943342043226206,0.05356947778251471,0.0,0.5809888649163392,3.3310235081833346,0.33300335783618584,0.4153882041281,0.3046640742508417,ExchangeRate,raw,6144,6240,raw:6144:2,mid,low
3,0.7691633596583473,0.10550104535460006,0.23975847913729276,0.125,0.8166350081766167,3.3310235081833346,0.33300335783618584,0.37147429471674664,0.4248794553376009,ExchangeRate,raw,6144,6240,raw:6144:3,mid,mid
4,0.5857679414649166,0.2696099326077357,0.8071831434360623,0.0,0.5826274344800165,3.3310235081833346,0.33300335783618584,0.5541870058362383,0.3052102641054008,ExchangeRate,raw,6144,6240,raw:6144:4,high,low
5,0.7797766383194198,0.29075403252425347,0.21276201350347246,0.375,0.8854630045186138,3.3310235081833346,0.33300335783618584,0.42776422811571524,0.5311554541182666,ExchangeRate,raw,6144,6240,raw:6144:5,high,high
6,0.4877032098434516,0.0922892570533455,0.3851174497624729,0.0,0.7068938747636717,3.3310235081833346,0.33300335783618584,0.32170330555309,0.34663241086661917,ExchangeRate,raw,6144,6240,raw:6144:6,low,low
7,0.7588802493402023,0.40153949642914377,0.45495453027012067,0.25,0.864841098608097,3.3310235081833346,0.33300335783618584,0.5384580920131555,0.4826148188147609,ExchangeRate,raw,6144,6240,raw:6144:7,high,high
0,0.5347959119051433,0.15229252605501037,0.2752597612741113,0.375,0.8779021784215733,2.8941135333858523,0.27058764723999656,0.3207827330780883,0.50782994188719,ExchangeRate,raw,6168,6264,raw:6168:0,low,high
1,0.7473422652711332,0.18685940986665275,0.6398352503072859,0.0,0.4545518837716417,2.8941135333858523,0.27058764723999656,0.5246789751483573,0.2417131770038794,ExchangeRate,raw,6168,6264,raw:6168:1,high,low
2,0.5813658716775066,0.6038569732492618,0.7175789832669669,0.125,0.6138363355482832,2.8941135333858523,0.27058764723999656,0.6342672760645786,0.3364746609294266,ExchangeRate,raw,6168,6264,raw:6168:2,high,low
3,0.6287678037535499,0.09495169737312137,0.15390779144050082,0.125,0.5881350876441259,2.8941135333858523,0.27058764723999656,0.292542430855724,0.32790757829470746,ExchangeRate,raw,6168,6264,raw:6168:3,low,low
4,0.872953024888331,0.1150019105484799,0.03142912143819741,0.0,0.7585890791624802,2.8941135333858523,0.27058764723999656,0.33979468562500276,0.34305890880082557,ExchangeRate,raw,6168,6264,raw:6168:4,low,low
5,0.8927781077609751,0.13572070615287787,0.4781063810314507,0.25,0.7751705221803675,2.8941135333858523,0.27058764723999656,0.5022017316484345,0.43191938980678807,ExchangeRate,raw,6168,6264,raw:6168:5,high,mid
6,0.31221980136976335,0.3668220463891584,0.6115522263929338,0.125,0.6361634955023687,2.8941135333858523,0.27058764723999656,0.4301980247172852,0.34391704758078845,ExchangeRate,raw,6168,6264,raw:6168:6,high,low
7,0.5171307220725561,0.3023387096829326,0.9774819669402051,0.125,0.7843761527336439,2.8941135333858523,0.27058764723999656,0.5989837995652313,0.3933212666578802,ExchangeRate,raw,6168,6264,raw:6168:7,high,mid
0,0.8092262763596991,0.06096464252035839,0.7971720459731143,0.0,0.33959505862496536,2.239493544966342,0.17707050617080525,0.5557876549510573,0.17222185493192355,ExchangeRate,raw,6192,6288,raw:6192:0,high,low
1,0.6602968381996774,0.16264214874029947,0.10759506997919066,0.125,0.753521619152103,2.239493544966342,0.17707050617080525,0.31017801897305586,0.3518640417743028,ExchangeRate,raw,6192,6288,raw:6192:1,low,low
2,0.44852366120408493,0.05727213948546576,0.804805752786233,0.125,0.6948159785434991,2.239493544966342,0.17707050617080525,0.43686718449192785,0.3322954949047681,ExchangeRate,raw,6192,6288,raw:6192:2,high,low
3,0.6266121037964083,0.1100072289519816,0.19163301932585441,0.125,0.7631374330557317,2.239493544966342,0.17707050617080525,0.30941745069141474,0.3550693130755123,ExchangeRate,raw,6192,6288,raw:6192:3,low,low
4,0.9367825691676326,0.22289052260966116,0.1267287610474773,0.25,0.8463121222045741,2.239493544966342,0.17707050617080525,0.428800617608257,0.4244608761251265,ExchangeRate,raw,6192,6288,raw:6192:4,high,mid
5,0.7555214438327014,0.12446114145387899,0.049231001332041446,0.25,0.6334242185466877,2.239493544966342,0.17707050617080525,0.30973786220620725,0.35349824157249765,ExchangeRate,raw,6192,6288,raw:6192:5,low,low
6,0.3066870935598357,0.10980589202419423,0.07922355105547106,0.125,0.6469182859922848,2.239493544966342,0.17707050617080525,0.16523884554650034,0.31632959738769667,ExchangeRate,raw,6192,6288,raw:6192:6,low,low
7,0.48567632054081,0.07300294529694645,0.5787240797101563,0.0,0.5160369279612014,2.239493544966342,0.17707050617080525,0.3791344485159709,0.23103581137733553,ExchangeRate,raw,6192,6288,raw:6192:7,mid,low
0,0.9460568401655705,0.4416770879843659,0.20844438728344894,0.0,0.8116223828640866,3.347892850128844,0.3354132638249588,0.5320594384777951,0.38234521556301515,ExchangeRate,raw,6216,6312,raw:6216:0,high,mid
1,0.6347478501081816,0.15601897861131803,0.5079295945383229,0.25,0.4902930091250739,3.347892850128844,0.3354132638249588,0.4328988077526075,0.3585687576500109,ExchangeRate,raw,6216,6312,raw:6216:1,high,low
2,0.6725216420729616,0.07512353885841395,0.12183116653358626,0.125,0.6541129513412272,3.347892850128844,0.3354132638249588,0.28982544915498726,0.3715087383887286,ExchangeRate,raw,6216,6312,raw:6216:2,low,mid
3,0.6892926199009092,0.29130164882210396,0.42363090505490186,0.125,0.5914475966299789,3.347892850128844,0.3354132638249588,0.46807505792597165,0.3506202868183126,ExchangeRate,raw,6216,6312,raw:6216:3,high,low
4,0.9507795290477951,0.2138332316641397,0.09340609713933434,0.25,0.8604295572301388,3.347892850128844,0.3354132638249588,0.41933961928375635,0.48194760701836586,ExchangeRate,raw,6216,6312,raw:6216:4,mid,high
5,0.5495037435864517,0.14260143895825184,0.38938656194001586,0.0,0.640762662454253,3.347892850128844,0.3354132638249588,0.36049724816157314,0.3253919754264039,ExchangeRate,raw,6216,6312,raw:6216:5,mid,low
6,0.8886150952292087,0.21399668454345439,0.6066834463501504,0.125,0.6967628159977968,3.347892850128844,0.3354132638249588,0.5697650753742711,0.3857253599409185,ExchangeRate,raw,6216,6312,raw:6216:6,high,mid
7,0.8598792879569876,0.5149572295680614,0.46539226983869314,0.0,0.7149926699742225,3.347892850128844,0.3354132638249588,0.6134095957879141,0.3501353112663938,ExchangeRate,raw,6216,6312,raw:6216:7,high,low
0,0.8752622826395823,0.19543877891193404,0.03040720701396487,0.5,0.9214922680441772,3.0719266604385718,0.2959895224969538,0.36703608952182704,0.572493930180377,ExchangeRate,raw,6240,6336,raw:6240:0,mid,high
1,0.3203008833962554,0.037971802435140124,0.6287175009080732,0.125,0.4795745928483732,3.0719266604385718,0.2959895224969538,0.3289967289131563,0.30018803844844233,ExchangeRate,raw,6240,6336,raw:6240:1,low,low
2,0.5505958450092423,0.057741164819539254,0.6750546765171743,0.125,0.5856584757280776,3.0719266604385718,0.2959895224969538,0.42779722878198534,0.33554933274167714,ExchangeRate,raw,6240,6336,raw:6240:2,high,low
3,0.5289056034319477,0.02990880753145109,0.8424473694622886,0.125,0.5289933531549182,3.0719266604385718,0.2959895224969538,0.46708726014189583,0.316660958550624,ExchangeRate,raw,6240,6336,raw:6240:3,high,low
4,0.8662087331233335,0.26581310093986454,0.013962942837544954,0.375,0.8865784532234466,3.0719266604385718,0.2959895224969538,0.381994925633581,0.5191893252401335,ExchangeRate,raw,6240,6336,raw:6240:4,mid,high
5,0.12346273413255437,0.033711394898155625,0.6670981261649961,0.125,0.5608381161508281,3.0719266604385718,0.2959895224969538,0.27475741839856865,0.3272758795492607,ExchangeRate,raw,6240,6336,raw:6240:5,low,low
6,0.8375134981293395,0.16746502156216123,0.561094112688377,0.25,0.706414487959377,3.0719266604385718,0.2959895224969538,0.5220242107932925,0.4174680034854436,ExchangeRate,raw,6240,6336,raw:6240:6,high,mid
7,0.882385344947161,0.24342266070670404,0.038174454826903945,0.375,0.8724679654680513,3.0719266604385718,0.2959895224969538,0.3879941534935896,0.5144858293216683,ExchangeRate,raw,6240,6336,raw:6240:7,mid,high
0,0.8940174371360043,0.19876959642023403,0.033283396855613656,0.375,0.826481692517533,2.9805780231841394,0.2829397171935346,0.375356810137284,0.49480713657035585,ExchangeRate,raw,6264,6360,raw:6264:0,mid,high
1,0.4553087133838378,0.09260210794353711,0.2436984876421109,0.125,0.4616802645683986,2.9805780231841394,0.2829397171935346,0.2638697696564953,0.28987332725397774,ExchangeRate,raw,6264,6360,raw:6264:1,low,low
2,0.5395588644566139,0.3426654693329402,0.16792286273024745,0.125,0.6629558735721026,2.9805780231841394,0.2829397171935346,0.3500490655066005,0.35696519692187906,ExchangeRate,raw,6264,6360,raw:6264:2,mid,low
3,0.5251400348636889,0.07859380625242239,0.5189872813264493,0.25,0.4681830124031342,2.9805780231841394,0.2829397171935346,0.3742403741475202,0.333707576532223,ExchangeRate,raw,6264,6360,raw:6264:3,mid,low
4,0.09970085507374837,0.14967343924248183,0.9889153977381098,0.875,0.9854283471951252,2.9805780231841394,0.2829397171935346,0.41276323068478,0.7144560214628867,ExchangeRate,raw,6264,6360,raw:6264:4,mid,high
5,0.5256008975377915,0.18015136608301405,0.4029821603825939,0.125,0.6229762997801808,2.9805780231841394,0.2829397171935346,0.3695781413344665,0.34363867232457174,ExchangeRate,raw,6264,6360,raw:6264:5,mid,low
6,0.6900338810976188,0.10154532157058285,0.2372705901453162,0.25,0.8156996364879293,2.9805780231841394,0.2829397171935346,0.34294993093783926,0.4495464512271547,ExchangeRate,raw,6264,6360,raw:6264:6,low,mid
7,0.42828449706342897,0.13311079899196643,0.10646298803089198,0.125,0.6658109748471612,2.9805780231841394,0.2829397171935346,0.22261942802876244,0.35791689734689863,ExchangeRate,raw,6264,6360,raw:6264:7,low,low
0,0.5543946263471493,0.5648497899067897,0.4468378177907985,0.125,0.8887463145522891,3.625685047322078,0.37509786336729994,0.5220274113482458,0.46294805930652966,ExchangeRate,raw,6288,6384,raw:6288:0,high,mid
1,0.5836933189141327,0.20491242834607465,0.41600548018438643,0.0,0.5995796353264562,3.625685047322078,0.37509786336729994,0.4015370758148646,0.3248924995645854,ExchangeRate,raw,6288,6384,raw:6288:1,mid,low
2,0.3037891056330214,0.08610603487089125,0.24274419047187323,0.125,0.584355771486606,3.625685047322078,0.37509786336729994,0.2108797769919286,0.361484544951302,ExchangeRate,raw,6288,6384,raw:6288:2,low,low
3,0.6425386616609292,0.1696674132021901,0.09849782966588023,0.25,0.6466719401663603,3.625685047322078,0.37509786336729994,0.3035679681763332,0.4239232678445534,ExchangeRate,raw,6288,6384,raw:6288:3,low,mid
4,0.873357122211241,0.27294132746199434,0.23748298351589167,0.625,0.9739367180337238,3.625685047322078,0.37509786336729994,0.46126047772970896,0.6580115271336745,ExchangeRate,raw,6288,6384,raw:6288:4,high,high
5,0.6212951935925336,0.1435972223379359,0.30384644724555226,0.25,0.7975662222436325,3.625685047322078,0.37509786336729994,0.35624628772534056,0.47422136187031083,ExchangeRate,raw,6288,6384,raw:6288:5,mid,high
6,0.6997883395508568,0.3704370313276608,0.39902293213320095,0.25,0.8431775099355139,3.625685047322078,0.37509786336729994,0.48974943433723955,0.4894251244342713,ExchangeRate,raw,6288,6384,raw:6288:6,high,high
7,0.45157685091274713,0.3973977749623709,0.32895414177523924,0.375,0.8331632442872783,3.625685047322078,0.37509786336729994,0.3926429225501191,0.5277537025515261,ExchangeRate,raw,6288,6384,raw:6288:7,mid,high
0,0.6147340503456078,0.2924942406575832,0.6189061572918274,0.25,0.8151231394387279,3.3178542825455355,0.33112203989061645,0.5087114827650061,0.46541505977644815,ExchangeRate,raw,6312,6408,raw:6312:0,high,mid
1,0.749454439709629,0.6781430602054013,0.011369810910618158,0.375,0.8393112216967527,3.3178542825455355,0.33112203989061645,0.47965577027521616,0.515144420529123,ExchangeRate,raw,6312,6408,raw:6312:1,high,high
2,0.3299470303562211,0.11939114314843553,0.5929620775660079,0.125,0.6560356410126827,3.3178542825455355,0.33112203989061645,0.34743341702355485,0.3707192269677664,ExchangeRate,raw,6312,6408,raw:6312:2,mid,mid
3,0.5435724624717416,0.09012085030159175,0.15202026384418493,0.25,0.7228251426775149,3.3178542825455355,0.33112203989061645,0.26190452553917276,0.43464906085604377,ExchangeRate,raw,6312,6408,raw:6312:3,low,mid
4,0.964794453684402,0.1867576999906164,0.07487589536037718,1.0,0.9284826353317054,3.3178542825455355,0.33112203989061645,0.4088093496784652,0.7532015584074405,ExchangeRate,raw,6312,6408,raw:6312:4,mid,high
5,0.549376074854838,0.11841479363674688,0.26669831531760047,0.125,0.8465513164489219,3.3178542825455355,0.33112203989061645,0.3114963946030618,0.43422445211317945,ExchangeRate,raw,6312,6408,raw:6312:5,low,mid
6,0.5600654209349976,0.5250067971556007,0.45151195625245794,0.25,0.8371457995412607,3.3178542825455355,0.33112203989061645,0.5121947247810187,0.4727559464772924,ExchangeRate,raw,6312,6408,raw:6312:6,high,high
7,0.6633576927254032,0.416138620540588,0.3335646892603832,0.25,0.7108341110165489,3.3178542825455355,0.33112203989061645,0.47102033417545813,0.43065205030238846,ExchangeRate,raw,6312,6408,raw:6312:7,high,mid
0,0.7353080479325882,0.06848440083274081,0.1980968139017958,0.25,0.843037553788281,1.7259489745460708,0.10370699621557154,0.33396308755570825,0.3989148500012842,ExchangeRate,raw,6336,6432,raw:6336:0,low,mid
1,0.7861519523954543,0.1948695807329297,0.2630965361686639,0.125,0.7358081553677431,1.7259489745460708,0.10370699621557154,0.414706023099016,0.32150505052777156,ExchangeRate,raw,6336,6432,raw:6336:1,mid,low
2,0.801929095468422,0.27605701761561535,0.459797578251168,0.375,0.7989761562903392,1.7259489745460708,0.10370699621557154,0.5125945637784018,0.4258943841686369,ExchangeRate,raw,6336,6432,raw:6336:2,high,mid
3,0.7254357871438237,0.14108540127599148,0.7936269859867904,0.25,0.7860163949670513,1.7259489745460708,0.10370699621557154,0.5533827248022019,0.37990779706087424,ExchangeRate,raw,6336,6432,raw:6336:3,high,mid
4,0.439252077659253,0.3916562761642791,0.312539123472301,1.0,0.7791812972259119,1.7259489745460708,0.10370699621557154,0.3811491590986111,0.6276294311471611,ExchangeRate,raw,6336,6432,raw:6336:4,mid,high
5,0.07603016019706021,0.09987751573527609,0.45018872838133983,0.5,0.9174995058795655,1.7259489745460708,0.10370699621557154,0.20869880143789202,0.5070688340317123,ExchangeRate,raw,6336,6432,raw:6336:5,low,high
6,0.8429783631644217,0.2621662151521704,0.46453341335643816,0.125,0.6621691832769242,1.7259489745460708,0.10370699621557154,0.5232259972243435,0.2969587264974986,ExchangeRate,raw,6336,6432,raw:6336:6,high,low
7,0.872273020140129,0.23598915814927607,0.2750159634702483,0.125,0.7790321132452838,1.7259489745460708,0.10370699621557154,0.46109271391988443,0.33591303648695175,ExchangeRate,raw,6336,6432,raw:6336:7,high,low
0,0.8016668315156992,0.06382290707286994,0.08154693462950698,0.25,0.6968406563482387,2.153837951501742,0.16483399283620032,0.31567889107269204,0.37055821639481296,ExchangeRate,raw,6360,6456,raw:6360:0,low,mid
1,0.8081499015877809,0.18828714838604127,0.2260570049571698,0.125,0.6715812809732061,2.153837951501742,0.16483399283620032,0.40749801831033067,0.3204717579364688,ExchangeRate,raw,6360,6456,raw:6360:1,mid,low
2,0.4653206824260965,0.19045854302083676,0.4699873629588538,0.125,0.6896906720767666,2.153837951501742,0.16483399283620032,0.3752555294685957,0.32650822163765564,ExchangeRate,raw,6360,6456,raw:6360:2,mid,low
3,0.6585733592160508,0.09142033452328324,0.045725323187816136,0.125,0.6388809437087201,2.153837951501742,0.16483399283620032,0.26523967230905005,0.30957164551497346,ExchangeRate,raw,6360,6456,raw:6360:3,low,low
4,0.9640951610836087,0.12859817442754673,0.49475671326950366,1.0,0.8201170412443629,2.153837951501742,0.16483399283620032,0.5291500162602197,0.661650344693521,ExchangeRate,raw,6360,6456,raw:6360:4,high,high
5,0.33208346184003434,0.19427463016427207,0.2548043220284244,0.125,0.8747989906593315,2.153837951501742,0.16483399283620032,0.2603874713442436,0.3882109944985106,ExchangeRate,raw,6360,6456,raw:6360:5,low,mid
6,0.9363660727318884,0.05549467672061088,0.005974376246988056,0.375,0.7160093438147095,2.153837951501742,0.16483399283620032,0.3326117085664958,0.4186144455503033,ExchangeRate,raw,6360,6456,raw:6360:6,low,mid
7,0.8830316341011296,0.06585587802693663,0.09312815748810752,0.25,0.6912613188272775,2.153837951501742,0.16483399283620032,0.3473385565387246,0.36869843722115925,ExchangeRate,raw,6360,6456,raw:6360:7,mid,mid
0,0.6139230241539371,0.1209559222538456,0.37366130690195376,0.0,0.38618392285587616,3.1637415531363007,0.30910593572074874,0.36951341776991214,0.23176328619220832,ExchangeRate,raw,6384,6480,raw:6384:0,mid,low
1,0.38012661197315945,0.4393770341344868,0.6616484808061808,0.25,0.8570792521666635,3.1637415531363007,0.30910593572074874,0.4937173756379423,0.4720617292958041,ExchangeRate,raw,6384,6480,raw:6384:1,high,high
2,0.8973375402509902,0.1749133992228884,0.017311230506825502,0.125,0.8851341667404954,3.1637415531363007,0.30910593572074874,0.36318738999356803,0.4397467008204147,ExchangeRate,raw,6384,6480,raw:6384:2,mid,mid
3,0.2834949920546259,0.32893461856339146,0.3540358514628262,0.25,0.8281437746557644,3.1637415531363007,0.30910593572074874,0.32215515402694783,0.4624165701255043,ExchangeRate,raw,6384,6480,raw:6384:3,low,mid
4,0.9689626456126185,0.4077922455870575,0.4693504624295421,1.0,0.9236857889258285,3.1637415531363007,0.30910593572074874,0.6153684512097394,0.7442639082155257,ExchangeRate,raw,6384,6480,raw:6384:4,high,high
5,0.7157753409305023,0.07787576463767125,0.7738506340237232,0.0,0.33230585611820157,3.1637415531363007,0.30910593572074874,0.5225005798639656,0.21380393061298344,ExchangeRate,raw,6384,6480,raw:6384:5,high,low
6,0.31603500217106806,0.11526616379279059,0.02457596444230214,0.0,0.4646001592273318,3.1637415531363007,0.30910593572074874,0.15195904346872027,0.25790203164936015,ExchangeRate,raw,6384,6480,raw:6384:6,low,low
7,0.5364552341112385,0.11915867476946707,0.14031656815272311,0.25,0.7562727448839273,3.1637415531363007,0.30910593572074874,0.2653101590111429,0.4384595602015587,ExchangeRate,raw,6384,6480,raw:6384:7,low,mid
0,0.9199412264625635,0.10385653133605852,0.40803305914216725,0.375,0.8864892719795623,4.430762921425034,0.4901089880748491,0.4772769389802631,0.5838660866848038,ExchangeRate,raw,6408,6504,raw:6408:0,high,high
1,0.8604587275866646,0.2687565768857008,0.2344528210748356,0.375,0.8937577945435867,4.430762921425034,0.4901089880748491,0.454556041849067,0.5862889275394786,ExchangeRate,raw,6408,6504,raw:6408:1,high,high
2,0.937686682796288,0.4457883411942395,0.21751775205345766,0.25,0.8950974431326367,4.430762921425034,0.4901089880748491,0.5336642586813284,0.5450688104024952,ExchangeRate,raw,6408,6504,raw:6408:2,high,high
3,0.7148848299385834,0.09789187293540341,0.4340142476213368,0.375,0.8081805406024027,4.430762921425034,0.4901089880748491,0.4155969834984412,0.5577631762257506,ExchangeRate,raw,6408,6504,raw:6408:3,mid,high
4,0.7564621423827408,0.29958771621375624,0.35339073724226694,1.0,0.9158823388970527,4.430762921425034,0.4901089880748491,0.46981353194625464,0.8019971089906339,ExchangeRate,raw,6408,6504,raw:6408:4,high,high
5,0.8991290730417751,0.39308068600023904,0.14654828594342212,0.5,0.9232289764310293,4.430762921425034,0.4901089880748491,0.47958601499514547,0.6377793215019595,ExchangeRate,raw,6408,6504,raw:6408:5,high,high
6,0.8306648539522382,0.09666589780303474,0.4386542199292939,0.125,0.7942283721599597,4.430762921425034,0.4901089880748491,0.45532832389485556,0.46977912007826955,ExchangeRate,raw,6408,6504,raw:6408:6,high,high
7,0.6400976426915346,0.10531272630811143,0.43268844930238765,0.5,0.7879860728800072,4.430762921425034,0.4901089880748491,0.39269960610067783,0.5926983536516187,ExchangeRate,raw,6408,6504,raw:6408:7,mid,high
0,0.9186828197067982,0.07347453910245541,0.03089226483684742,0.125,0.8292525334876765,4.526544143674775,0.5037920198052649,0.341016541215367,0.48601485109764714,ExchangeRate,raw,6432,6528,raw:6432:0,low,high
1,0.8486754545560891,0.17925461530701373,0.05344417440370388,0.375,0.8831786105692142,4.526544143674775,0.5037920198052649,0.36045808142226893,0.5873235434581597,ExchangeRate,raw,6432,6528,raw:6432:1,mid,high
2,0.7852476021570854,0.3364827128829303,0.08478100731027917,0.125,0.7344095182999725,4.526544143674775,0.5037920198052649,0.40217044078343167,0.4544005127017458,ExchangeRate,raw,6432,6528,raw:6432:2,mid,mid
3,0.46522519897147097,0.16771004859743616,0.05556985199581318,0.0,0.8120273909988349,4.526544143674775,0.5037920198052649,0.2295016998549068,0.4386064702680333,ExchangeRate,raw,6432,6528,raw:6432:3,low,mid
4,0.7172179986676542,0.45097335587438875,0.4845646688848458,1.0,0.7858017297047791,4.526544143674775,0.5037920198052649,0.5509186744756296,0.7631979165033479,ExchangeRate,raw,6432,6528,raw:6432:4,high,high
5,0.907267373217188,0.06476438759378433,0.036107811453474165,0.0,0.49471098680636066,4.526544143674775,0.5037920198052649,0.3360465240881488,0.33283433553720854,ExchangeRate,raw,6432,6528,raw:6432:5,low,low
6,0.8023879598193182,0.08568790633172114,0.23319819556381208,0.375,0.7832780078324222,4.526544143674775,0.5037920198052649,0.37375802057161717,0.5540233425458957,ExchangeRate,raw,6432,6528,raw:6432:6,mid,high
7,0.10285393653412944,0.1415698237962368,0.5156591716983409,0.25,0.9342655649282616,4.526544143674775,0.5037920198052649,0.25336097734290236,0.5626858615778422,ExchangeRate,raw,6432,6528,raw:6432:7,low,high
0,0.2759830919989298,0.11716331014313523,0.48636298904173964,0.0,0.6832104713034788,5.167625055549907,0.5953750070851653,0.2931697970612682,0.4261951594628814,ExchangeRate,raw,6456,6552,raw:6456:0,low,mid
1,0.6234055194873068,0.1386439322753258,0.2134550226340103,0.125,0.6565076663129837,5.167625055549907,0.5953750070851653,0.3251681581322143,0.4589608911327163,ExchangeRate,raw,6456,6552,raw:6456:1,low,mid
2,0.9822418173076346,0.05428241524084161,0.3900272716885612,0.125,0.6156951770071926,5.167625055549907,0.5953750070851653,0.47551716807901245,0.44535672803078596,ExchangeRate,raw,6456,6552,raw:6456:2,high,mid
3,0.35002815814960986,0.21696396840366022,0.1850426599640514,0.375,0.9001091185189697,5.167625055549907,0.5953750070851653,0.25067826217244044,0.6234947085347117,ExchangeRate,raw,6456,6552,raw:6456:3,low,high
4,0.46667314342495725,0.25121518370411755,0.4242041063496532,1.0,0.8410112025965392,5.167625055549907,0.5953750070851653,0.38069747782624264,0.8121287365605682,ExchangeRate,raw,6456,6552,raw:6456:4,mid,high
5,0.5846426265989532,0.07571615808959908,0.09989762182971242,0.125,0.4897221962853856,5.167625055549907,0.5953750070851653,0.25341880217275486,0.40336573445685026,ExchangeRate,raw,6456,6552,raw:6456:5,low,mid
6,0.6185888004699147,0.1295913292854411,0.05819339415289316,0.125,0.6463508599787388,5.167625055549907,0.5953750070851653,0.268791174636083,0.45557528902130134,ExchangeRate,raw,6456,6552,raw:6456:6,low,mid
7,0.5546994138026768,0.21615772087030619,0.22543728976179164,0.125,0.705691922986542,5.167625055549907,0.5953750070851653,0.3320981414782582,0.47535564335723574,ExchangeRate,raw,6456,6552,raw:6456:7,low,high
0,0.41042193640769575,0.22163775641462044,0.38995702039291574,0.5,0.7268908001903989,3.7446725896825805,0.3920960836802314,0.34067223773841065,0.5396622946235434,ExchangeRate,raw,6480,6576,raw:6480:0,low,high
1,0.7594724694574582,0.30160380926137775,0.7317510398461138,0.625,0.7822201694432661,3.7446725896825805,0.3920960836802314,0.5976091061883165,0.5997720843744992,ExchangeRate,raw,6480,6576,raw:6480:1,high,high
2,0.9479228972838618,0.29322114817930334,0.040448733582094325,0.0,0.6293060799500751,3.7446725896825805,0.3920960836802314,0.4271975930150864,0.34046738787676883,ExchangeRate,raw,6480,6576,raw:6480:2,high,low
3,0.5745892975538136,0.1367206818789013,0.14456859375746817,0.0,0.5508475178772022,3.7446725896825805,0.3920960836802314,0.285292857730061,0.3143145338524779,ExchangeRate,raw,6480,6576,raw:6480:3,low,low
4,0.5398847284824835,0.2864426391430199,0.5645212455954851,0.375,0.8126516668942988,3.7446725896825805,0.3920960836802314,0.4636162044069962,0.5265825835248433,ExchangeRate,raw,6480,6576,raw:6480:4,high,high
5,0.8393419744333268,0.10244399392389089,0.24247155415103439,0.5,0.8486106328665037,3.7446725896825805,0.3920960836802314,0.3947525075027507,0.5802355721822451,ExchangeRate,raw,6480,6576,raw:6480:5,mid,high
6,0.6038857139117566,0.09623250603516736,0.2369471360026522,0.125,0.7900895918233748,3.7446725896825805,0.3920960836802314,0.3123551186498587,0.43572855850120207,ExchangeRate,raw,6480,6576,raw:6480:6,low,mid
7,0.7061291308302191,0.06988786892218221,0.2512040668787554,0.25,0.7810668883994656,3.7446725896825805,0.3920960836802314,0.3424070222103856,0.474387657359899,ExchangeRate,raw,6480,6576,raw:6480:7,low,high
0,0.47947678134813343,0.1049038842071959,0.41207613503601737,0.25,0.7182982838285714,4.130318601741664,0.4471883710385401,0.33215226686378224,0.4718288849557038,ExchangeRate,raw,6504,6600,raw:6504:0,low,high
1,0.6542681690150854,0.3943244748147256,0.15326375144210125,0.25,0.853562786197352,4.130318601741664,0.4471883710385401,0.4006187984239708,0.5169170524119641,ExchangeRate,raw,6504,6600,raw:6504:1,mid,high
2,0.6051684386309302,0.11209150683255088,0.18107498705274752,0.25,0.7250126474858345,4.130318601741664,0.4471883710385401,0.2994449775054095,0.4740670061747915,ExchangeRate,raw,6504,6600,raw:6504:2,low,high
3,0.7410336267133314,0.490979094316663,0.11272933451916764,0.25,0.846162523400342,4.130318601741664,0.4471883710385401,0.4482473518497207,0.5144502981462941,ExchangeRate,raw,6504,6600,raw:6504:3,high,high
4,0.9486320706115647,0.16541746217010286,0.24625365717009712,0.125,0.8823664958275637,4.130318601741664,0.4471883710385401,0.4534343966505882,0.4848516222887012,ExchangeRate,raw,6504,6600,raw:6504:4,high,high
5,0.18309289186936006,0.30783545760122794,0.5206851411818848,0.25,0.8706831477019833,4.130318601741664,0.4471883710385401,0.3372044968841576,0.5226238395801744,ExchangeRate,raw,6504,6600,raw:6504:5,low,high
6,0.5127893082159993,0.0706387149081785,0.377868599272832,0.125,0.6178366178991002,4.130318601741664,0.4471883710385401,0.32043220746566997,0.3966749963125467,ExchangeRate,raw,6504,6600,raw:6504:6,low,mid
7,0.9138262329791689,0.20150184058473136,0.3394120261783036,0.25,0.8270857017875456,4.130318601741664,0.4471883710385401,0.4849133665807346,0.5080913576086953,ExchangeRate,raw,6504,6600,raw:6504:7,high,high
0,0.8662691318290635,0.5122671216066623,0.1816877108187555,1.0,0.7851214284876193,4.920231535783077,0.5600330757403923,0.5200746547514937,0.7817181680760039,ExchangeRate,raw,6528,6624,raw:6528:0,high,high
1,0.49210669350774106,0.14456910876882073,0.5474028430730982,0.25,0.8374783013268055,4.920231535783077,0.5600330757403923,0.39469288178322,0.5491704590223992,ExchangeRate,raw,6528,6624,raw:6528:1,mid,high
2,0.5669529953975532,0.09409872197711121,0.4050629077520373,0.375,0.9017089277102586,4.920231535783077,0.5600330757403923,0.35537154170890056,0.6122473344835503,ExchangeRate,raw,6528,6624,raw:6528:2,mid,high
3,0.7979099158408807,0.32765461300090526,0.7981624208724314,0.125,0.8037825820462311,4.920231535783077,0.5600330757403923,0.6412423165714057,0.49627188592887445,ExchangeRate,raw,6528,6624,raw:6528:3,high,high
4,0.9643648789229589,0.2049347821501569,0.04446101876428179,0.25,0.9351682358610247,4.920231535783077,0.5600330757403923,0.4045868932791325,0.5817337705338056,ExchangeRate,raw,6528,6624,raw:6528:4,mid,high
5,0.5781395953926756,0.13479407824931822,0.8810520022760476,0.375,0.8329689710290448,4.920231535783077,0.5600330757403923,0.5313285586393471,0.5893340155898125,ExchangeRate,raw,6528,6624,raw:6528:5,high,high
6,0.8806264160094573,0.1619932800910585,0.6510901632653056,0.125,0.8460595674468584,4.920231535783077,0.5600330757403923,0.5645699531219405,0.5103642143957502,ExchangeRate,raw,6528,6624,raw:6528:6,high,high
7,0.8056773875673597,0.3864434646133853,0.09980367202106541,0.0,0.7990747241531375,4.920231535783077,0.5600330757403923,0.43064150806727014,0.4530359332978433,ExchangeRate,raw,6528,6624,raw:6528:7,high,mid
0,0.8351440464595675,0.3893444893922243,0.007676087961006911,0.375,0.865330779054448,5.1671271409468345,0.5953038764276851,0.4107215412709329,0.6118782184940444,ExchangeRate,raw,6552,6648,raw:6552:0,mid,high
1,0.8634181610215106,0.10462755547614574,0.13289101476056284,0.25,0.8310473630975764,5.1671271409468345,0.5953038764276851,0.3669789104194064,0.5587837465084204,ExchangeRate,raw,6552,6648,raw:6552:1,mid,high
2,0.7854593971032233,0.1807585613726855,0.12649181376433752,0.125,0.7113699891916986,5.1671271409468345,0.5953038764276851,0.3642365907467488,0.4772246218731279,ExchangeRate,raw,6552,6648,raw:6552:2,mid,high
3,0.26928092643241597,0.16856511448448142,0.0844141491877002,0.25,0.7860182599324931,5.1671271409468345,0.5953038764276851,0.17408673003486586,0.5437740454533927,ExchangeRate,raw,6552,6648,raw:6552:3,low,high
4,0.8690717085711088,0.09250456881799951,0.09029298945176639,0.25,0.7885582573517094,5.1671271409468345,0.5953038764276851,0.3506230889469582,0.5446207112597982,ExchangeRate,raw,6552,6648,raw:6552:4,mid,high
5,0.6539942153239235,0.3056336264934736,0.15598353501032994,0.25,0.8371903001576367,5.1671271409468345,0.5953038764276851,0.3718704589425757,0.5608313921951072,ExchangeRate,raw,6552,6648,raw:6552:5,mid,high
6,0.8860567241280717,0.21765709587378962,0.024026174853550405,0.5,0.8803339544856589,5.1671271409468345,0.5953038764276851,0.37591333161847057,0.6585459436377813,ExchangeRate,raw,6552,6648,raw:6552:6,mid,high
7,0.6387830148101787,0.17318808093848004,0.2544368723886779,0.125,0.7283480993030199,5.1671271409468345,0.5953038764276851,0.3554693227124455,0.482883991910235,ExchangeRate,raw,6552,6648,raw:6552:7,mid,high
0,0.5259239478511111,0.5014424247847988,0.8074430880992518,1.0,0.8505293949611519,4.366946861247852,0.48099240806256116,0.6116031535783872,0.7771739343412376,ExchangeRate,raw,6576,6672,raw:6576:0,high,high
1,0.7206585203916349,0.13324683678047117,0.27556324765550305,0.125,0.8714581628530474,4.366946861247852,0.48099240806256116,0.37648953494253634,0.49248352363853626,ExchangeRate,raw,6576,6672,raw:6576:1,mid,high
2,0.8642621090703009,0.03775309464909454,0.05492752563857714,0.375,0.9105182883694288,4.366946861247852,0.48099240806256116,0.31898090978599086,0.5888368988106634,ExchangeRate,raw,6576,6672,raw:6576:2,low,high
3,0.8057719734227614,0.11777827068551777,0.8030100073915949,0.25,0.8453421036883145,4.366946861247852,0.48099240806256116,0.5755200838332913,0.5254448372502919,ExchangeRate,raw,6576,6672,raw:6576:3,high,high
4,0.6424991584569573,0.10644242976191988,0.24808938318878537,0.25,0.8795983983630683,4.366946861247852,0.48099240806256116,0.3323436571358875,0.5368636021418766,ExchangeRate,raw,6576,6672,raw:6576:4,low,high
5,0.4949761903555294,0.46770441548140773,0.2158859642962375,0.375,0.8794081762549146,4.366946861247852,0.48099240806256116,0.3928555233777249,0.5784668614391586,ExchangeRate,raw,6576,6672,raw:6576:5,mid,high
6,0.7791702835818544,0.056157510040710845,0.02921570068294371,0.125,0.8101023136361606,4.366946861247852,0.48099240806256116,0.2881811647685029,0.47203157389957395,ExchangeRate,raw,6576,6672,raw:6576:6,low,high
7,0.24761007012984415,0.5805241633093967,0.6541618282405732,0.5,0.8291915995899376,4.366946861247852,0.48099240806256116,0.49409868722660466,0.6033946692174995,ExchangeRate,raw,6576,6672,raw:6576:7,high,high
0,0.7571000729407257,0.35542614554406693,0.714687640108903,1.0,0.7789642235457853,1.2751972262521154,0.039313889408425215,0.6090712861978985,0.6060927043180702,ExchangeRate,raw,6600,6696,raw:6600:0,high,high
1,0.8901995911914116,0.12491803159608926,0.366484540983438,0.125,0.7182693010933534,1.2751972262521154,0.039313889408425215,0.46053405459031294,0.2941943968339262,ExchangeRate,raw,6600,6696,raw:6600:1,high,low
2,0.7344825016098818,0.42775994908060944,0.6879314589346736,0.125,0.7552265047468968,1.2751972262521154,0.039313889408425215,0.6167246365417216,0.30651346471844065,ExchangeRate,raw,6600,6696,raw:6600:2,high,low
3,0.8371113514820248,0.09240804061520931,0.04211353106986903,0.0,0.7214262103476973,1.2751972262521154,0.039313889408425215,0.32387764105570105,0.2535800332520408,ExchangeRate,raw,6600,6696,raw:6600:3,low,low
4,0.6605780559331775,0.39396554237979375,0.34193929524575756,0.125,0.7360302248093799,1.2751972262521154,0.039313889408425215,0.4654942978529097,0.3001147047392683,ExchangeRate,raw,6600,6696,raw:6600:4,high,low
5,0.11946806286501599,0.29813269043021196,0.5473119076588645,0.5,0.8486498773765729,1.2751972262521154,0.039313889408425215,0.32163755365136415,0.4626545889283327,ExchangeRate,raw,6600,6696,raw:6600:5,low,mid
6,0.5260779724828284,0.11276261946630112,0.48942931564592934,0.375,0.7692374400270466,1.2751972262521154,0.039313889408425215,0.37608996919835297,0.39451710981182403,ExchangeRate,raw,6600,6696,raw:6600:6,mid,mid
7,0.6591678978369726,0.18488708706680995,0.20353878683564036,0.0,0.6907598984730473,1.2751972262521154,0.039313889408425215,0.34919792391314103,0.24335792929382416,ExchangeRate,raw,6600,6696,raw:6600:7,mid,low
0,0.6484494755425265,0.15580673175197887,0.21875055426245868,0.375,0.8947209981009605,1.255025828012291,0.03643226109256691,0.34100225385232136,0.4353844197311758,ExchangeRate,raw,6624,6720,raw:6624:0,low,mid
1,0.8385751939241094,0.04725551308133987,0.09850544422614306,0.125,0.7040556748195994,1.255025828012291,0.03643226109256691,0.32811205041053076,0.2884959786373888,ExchangeRate,raw,6624,6720,raw:6624:1,low,low
2,0.8652590368755942,0.20911986043713293,0.2514724962485131,0.0,0.6359865639540835,1.255025828012291,0.03643226109256691,0.44195046452041337,0.22413960834888347,ExchangeRate,raw,6624,6720,raw:6624:2,high,low
3,0.6542739220259034,0.23277904951633482,0.5103753280429189,0.25,0.8696944590706653,1.255025828012291,0.03643226109256691,0.46580943319505236,0.38537557338774414,ExchangeRate,raw,6624,6720,raw:6624:3,high,mid
4,0.8430831272256288,0.505839990117889,0.3120070427077119,0.375,0.745289794844321,1.255025828012291,0.03643226109256691,0.5536433866837432,0.38557401864562935,ExchangeRate,raw,6624,6720,raw:6624:4,high,mid
5,0.452814049401844,0.1248762672153414,0.42511238530683737,0.5,0.8354136421165766,1.255025828012291,0.03643226109256691,0.3342675673080076,0.45728196773638125,ExchangeRate,raw,6624,6720,raw:6624:5,low,mid
6,0.7879137437540172,0.08624114389052775,0.22636771133881117,0.375,0.8834913883043891,1.255025828012291,0.03643226109256691,0.36684086632778534,0.431641216465652,ExchangeRate,raw,6624,6720,raw:6624:6,mid,mid
7,0.5385947605397718,0.045088393188795914,0.18110302364228484,0.0,0.5927407169194561,1.255025828012291,0.03643226109256691,0.2549287257902842,0.20972432600400767,ExchangeRate,raw,6624,6720,raw:6624:7,low,low
0,0.6350117920199589,0.19078062277662605,0.7230936548012665,0.25,0.9093333448006883,1.4415784431964362,0.06308263465222999,0.5162953565326172,0.4074719931509727,ExchangeRate,raw,6648,6744,raw:6648:0,high,mid
1,0.6384957101061426,0.04300637348228205,0.5014831180139899,0.0,0.272199347267213,1.4415784431964362,0.06308263465222999,0.39432840053413826,0.11176066063981434,ExchangeRate,raw,6648,6744,raw:6648:1,mid,low
2,0.779193611190572,0.11608853743204514,0.45454567832116205,0.0,0.5761397107742994,1.4415784431964362,0.06308263465222999,0.4499426089812597,0.21307411514217645,ExchangeRate,raw,6648,6744,raw:6648:2,high,low
3,0.852836129798336,0.45980392898564937,0.22218743157966112,0.125,0.7567323111158187,1.4415784431964362,0.06308263465222999,0.5116091634545488,0.31493831525601623,ExchangeRate,raw,6648,6744,raw:6648:3,high,low
4,0.7680605566771993,0.4869029765662419,0.0823129353364551,0.375,0.7521188000136081,1.4415784431964362,0.06308263465222999,0.44575882285996543,0.39673381155527937,ExchangeRate,raw,6648,6744,raw:6648:4,high,mid
5,0.7354211633710139,0.12258973472214434,0.06763453475334277,0.0,0.5907837550555004,1.4415784431964362,0.06308263465222999,0.30854847761550036,0.2179554632359101,ExchangeRate,raw,6648,6744,raw:6648:5,low,low
6,0.3842566308560549,0.10807303278803182,0.1860523023696061,0.0,0.5909989170332125,1.4415784431964362,0.06308263465222999,0.22612732200456429,0.2180271838951475,ExchangeRate,raw,6648,6744,raw:6648:6,low,low
7,0.7164628439600158,0.1758664814424084,0.46335963687071785,0.0,0.4797055568468944,1.4415784431964362,0.06308263465222999,0.451896320757714,0.1809293971663748,ExchangeRate,raw,6648,6744,raw:6648:7,high,low
0,0.8483546301803024,0.13887389928020422,0.06651405105424586,0.0,0.6321483650419778,1.2166446690131292,0.030949238386233827,0.35124752683825083,0.22103253447607055,ExchangeRate,raw,6672,6768,raw:6672:0,mid,low
1,0.9104726111934746,0.08204203523488732,0.0444140620146244,0.25,0.874657415052722,1.2166446690131292,0.030949238386233827,0.3456429028143288,0.38520221781298525,ExchangeRate,raw,6672,6768,raw:6672:1,mid,mid
2,0.758497669025494,0.216310753962065,0.08693560398167037,0.25,0.8207683698342123,1.2166446690131292,0.030949238386233827,0.35391467565640977,0.3672392027401487,ExchangeRate,raw,6672,6768,raw:6672:2,mid,mid
3,0.8515761880526033,0.3869547455679657,0.07149415848709578,0.125,0.7321261555077133,1.2166446690131292,0.030949238386233827,0.4366750307025549,0.2960251312979824,ExchangeRate,raw,6672,6768,raw:6672:3,high,low
4,0.9757423011402182,0.45609032026220125,0.021031501899014586,0.375,0.7254108723045853,1.2166446690131292,0.030949238386233827,0.484288041100478,0.3771200368969397,ExchangeRate,raw,6672,6768,raw:6672:4,high,mid
5,0.9424732387541754,0.07086863699859881,0.1759069449569629,0.0,0.34446487598297754,1.2166446690131292,0.030949238386233827,0.3964162735699124,0.12513803812307045,ExchangeRate,raw,6672,6768,raw:6672:5,mid,low
6,0.6734688287220594,0.05750763011185993,0.7687275400807534,0.0,0.576950833838689,1.2166446690131292,0.030949238386233827,0.49990133297155753,0.2026333574083076,ExchangeRate,raw,6672,6768,raw:6672:6,high,low
7,0.7481695920726875,0.1752851676854716,0.008228146029443693,0.25,0.731279319796406,1.2166446690131292,0.030949238386233827,0.31056096859586757,0.33740951939421326,ExchangeRate,raw,6672,6768,raw:6672:7,low,low
0,0.9947750459207297,0.07664092242023078,0.4998055664178077,0.25,0.6825464927844552,3.3611687743922873,0.33730982443131274,0.5237405115862561,0.4232854390719227,ExchangeRate,raw,6696,6792,raw:6696:0,high,mid
1,0.875489645251528,0.37444170457041426,0.10113698250813091,0.375,0.909384176363928,3.3611687743922873,0.33730982443131274,0.4503561107766911,0.540564666931747,ExchangeRate,raw,6696,6792,raw:6696:1,high,high
2,0.8681351311892747,0.16089170882016493,0.44320113783267134,0.375,0.8377757299847322,3.3611687743922873,0.33730982443131274,0.49074265928070365,0.5166951848053483,ExchangeRate,raw,6696,6792,raw:6696:2,high,high
3,0.9480418244316247,0.18202053688560704,0.03585769831436644,0.25,0.732337820751663,3.3611687743922873,0.33730982443131274,0.38864001987719937,0.4398825483943252,ExchangeRate,raw,6696,6792,raw:6696:3,mid,mid
4,0.8316734386616214,0.08028566311173119,0.052432661044691325,0.125,0.7128580241797624,3.3611687743922873,0.33730982443131274,0.321463920939348,0.39172261620369175,ExchangeRate,raw,6696,6792,raw:6696:4,low,mid
5,0.9238099071165665,0.08285075876463863,0.09512532967836253,0.125,0.5959339451361756,3.3611687743922873,0.33730982443131274,0.3672619985198559,0.3527479231891628,ExchangeRate,raw,6696,6792,raw:6696:5,mid,low
6,0.9442522939705158,0.06983219511479873,0.22421325312612428,0.25,0.7802221889076677,3.3611687743922873,0.33730982443131274,0.4127659140704796,0.4558440044463268,ExchangeRate,raw,6696,6792,raw:6696:6,mid,mid
7,0.9158944825931454,0.04909627815600367,0.14654010999445896,0.25,0.6206437812178974,3.3611687743922873,0.33730982443131274,0.37051029024786936,0.4026512018830701,ExchangeRate,raw,6696,6792,raw:6696:7,mid,mid
0,0.9661125547783587,0.15122239211361993,0.009230204025709616,0.125,0.7192269198522436,3.943268598067891,0.42046694198046025,0.3755217169725627,0.42156462061090133,ExchangeRate,raw,6720,6816,raw:6720:0,mid,mid
1,0.8457375638533648,0.1675351689427178,0.209992196869455,0.375,0.9105385697523813,3.943268598067891,0.42046694198046025,0.40775497655517917,0.5686685039109473,ExchangeRate,raw,6720,6816,raw:6720:1,mid,high
2,0.8847976889371153,0.11709822321788232,0.015913271748100408,0.5,0.892732109271589,3.943268598067891,0.42046694198046025,0.3392697279676993,0.6043996837506831,ExchangeRate,raw,6720,6816,raw:6720:2,low,high
3,0.8278258110895201,0.0829252241492922,0.0787784620256356,0.125,0.7013866193823771,3.943268598067891,0.42046694198046025,0.329843165754816,0.41561785378761246,ExchangeRate,raw,6720,6816,raw:6720:3,low,mid
4,0.7870231183044188,0.4760766990001817,0.5745166369884812,0.375,0.822174849527445,3.943268598067891,0.42046694198046025,0.6125388180976938,0.5392139305026351,ExchangeRate,raw,6720,6816,raw:6720:4,high,high
5,0.5491236189426779,0.11117546453705976,0.018138169624622533,0.125,0.5376570508661104,3.943268598067891,0.42046694198046025,0.22614575103478674,0.3610413309488569,ExchangeRate,raw,6720,6816,raw:6720:5,low,low
6,0.8425252185003915,0.03517165052848135,0.02473669700114595,0.25,0.7313980642188985,3.943268598067891,0.42046694198046025,0.30081118867667295,0.46728833539978626,ExchangeRate,raw,6720,6816,raw:6720:6,low,mid
7,0.9116386216269732,0.0951841581543037,0.0029735029766122826,0.25,0.7053084586018299,3.943268598067891,0.42046694198046025,0.3365987609192964,0.45859180019409673,ExchangeRate,raw,6720,6816,raw:6720:7,low,mid
0,0.7041113096897345,0.24890015460904338,0.5824481138103546,0.5,0.9084902090107914,3.409171729565443,0.3441673894462527,0.5118198593697109,0.5842191994856814,ExchangeRate,raw,6744,6840,raw:6744:0,high,high
1,0.8349748686918013,0.49055949325636744,0.329573320001079,0.625,0.868270564649475,3.409171729565443,0.3441673894462527,0.5517025606497493,0.6124793180319092,ExchangeRate,raw,6744,6840,raw:6744:1,high,high
2,0.6131115682042461,0.22032069569476742,0.3195627762739615,0.625,0.9541911883218703,3.409171729565443,0.3441673894462527,0.38433168005765833,0.6411195259227077,ExchangeRate,raw,6744,6840,raw:6744:2,mid,high
3,0.8707348329531401,0.4184908470095138,0.29089506520619807,0.375,0.6655940407300427,3.409171729565443,0.3441673894462527,0.526706915056284,0.46158714339209844,ExchangeRate,raw,6744,6840,raw:6744:3,high,mid
4,0.7124869361087672,0.0859010223882333,0.1526823004990196,0.0,0.6301751987651039,3.409171729565443,0.3441673894462527,0.31702341966534003,0.32478086273711887,ExchangeRate,raw,6744,6840,raw:6744:4,low,low
5,0.9251609366510603,0.17241529977950965,0.408227961768889,0.0,0.5771364453105937,3.409171729565443,0.3441673894462527,0.501934732733153,0.3071012782522821,ExchangeRate,raw,6744,6840,raw:6744:5,high,low
6,0.8884701208010894,0.31421039847476484,0.38580033448029755,0.375,0.8666562990293313,3.409171729565443,0.3441673894462527,0.5294936179187173,0.528607896158528,ExchangeRate,raw,6744,6840,raw:6744:6,high,high
7,0.6918200113466828,0.11476018509578112,0.28159316678244567,0.25,0.7218056438339152,3.409171729565443,0.3441673894462527,0.3627244544083032,0.438657677760056,ExchangeRate,raw,6744,6840,raw:6744:7,mid,mid
0,0.9348343370819915,0.16055620482996955,0.31382598059941985,0.125,0.5891080965008245,3.799708099199101,0.39995829931421684,0.46973884083712697,0.37135546527168045,ExchangeRate,raw,6768,6864,raw:6768:0,high,mid
1,0.8652517380667906,0.07740937894205419,0.006975189486571386,0.25,0.6718349182240514,3.799708099199101,0.39995829931421684,0.3165454354984721,0.44059773917942274,ExchangeRate,raw,6768,6864,raw:6768:1,low,mid
2,0.8635774326597875,0.1456219636447328,0.5928938693818292,0.25,0.8120939070647064,3.799708099199101,0.39995829931421684,0.5340310885621165,0.4873507354596411,ExchangeRate,raw,6768,6864,raw:6768:2,high,high
3,0.5715873468828028,0.1287087528303465,0.31418797945868776,0.375,0.7842033250939275,3.799708099199101,0.39995829931421684,0.3381613597239457,0.5197205414693814,ExchangeRate,raw,6768,6864,raw:6768:3,low,high
4,0.9323977837398669,0.05217221752602092,0.45738059355137795,0.0,0.3573356661286262,3.799708099199101,0.39995829931421684,0.480650198272422,0.252431321814281,ExchangeRate,raw,6768,6864,raw:6768:4,high,low
5,0.9560806247994234,0.11801866667154011,0.022216060593441125,0.125,0.767922988711391,3.799708099199101,0.39995829931421684,0.3654384506881349,0.43096042934186923,ExchangeRate,raw,6768,6864,raw:6768:5,mid,mid
6,0.9195637084901198,0.29865408641078456,0.02360715147188734,0.5,0.7966512733314459,3.799708099199101,0.39995829931421684,0.4139416487909306,0.5655365242152209,ExchangeRate,raw,6768,6864,raw:6768:6,mid,high
7,0.3601516844174283,0.1652907504686171,0.342309375580323,0.25,0.8644350565402328,3.799708099199101,0.39995829931421684,0.28925060348878945,0.5047977852848166,ExchangeRate,raw,6768,6864,raw:6768:7,low,high
0,0.9403895164314248,0.21263371172725432,0.02927742568897523,0.25,0.7910883020866548,2.8729765480276055,0.2675680779074178,0.3941002179492181,0.43621879333135755,ExchangeRate,raw,6792,6888,raw:6792:0,mid,mid
1,0.8881164107266946,0.06079465646501646,0.3047643895220985,0.25,0.7986210030736256,2.8729765480276055,0.2675680779074178,0.4178918189046032,0.4387296936603478,ExchangeRate,raw,6792,6888,raw:6792:1,mid,mid
2,0.9020417811507623,0.08667673183190888,0.0904574185764456,0.125,0.6432491590219307,2.8729765480276055,0.2675680779074178,0.3597253105197056,0.34527241230978284,ExchangeRate,raw,6792,6888,raw:6792:2,mid,low
3,0.9227497402154339,0.08452776479333998,0.49960697167409923,0.0,0.7843003821708683,2.8729765480276055,0.2675680779074178,0.5022948255609577,0.3506228200260954,ExchangeRate,raw,6792,6888,raw:6792:3,high,low
4,0.9715849752899648,0.09697303053351303,0.03970662223463607,0.125,0.6328737234646541,2.8729765480276055,0.2675680779074178,0.36942154268603794,0.34181393379069064,ExchangeRate,raw,6792,6888,raw:6792:4,mid,low
5,0.7153985772847187,0.22470214960232593,0.1274168766320321,0.125,0.5335298097646285,2.8729765480276055,0.2675680779074178,0.3558392011730256,0.30869929589068207,ExchangeRate,raw,6792,6888,raw:6792:5,mid,low
6,0.7760975543230823,0.17134529468359494,0.08624261265497189,0.625,0.8298979484627841,2.8729765480276055,0.2675680779074178,0.344561820553883,0.5741553421234007,ExchangeRate,raw,6792,6888,raw:6792:6,low,high
7,0.6389999913660596,0.10674761791678489,0.2300863924296652,0.375,0.8614279975962933,2.8729765480276055,0.2675680779074178,0.32527800057083656,0.5013320251679038,ExchangeRate,raw,6792,6888,raw:6792:7,low,high
0,0.899232109142331,0.051214059973978945,0.5569560779675786,0.125,0.5488116189694849,3.726812798397101,0.3895446849288078,0.5024674156946295,0.3544521012994309,ExchangeRate,raw,6816,6912,raw:6816:0,high,low
1,0.9165540975159184,0.08768097821127756,0.045708304384508174,0.125,0.6935718668959218,3.726812798397101,0.3895446849288078,0.3499811267039014,0.40270551727490983,ExchangeRate,raw,6816,6912,raw:6816:1,mid,mid
2,0.9713560803837705,0.23628760743676008,0.03396257141971693,0.25,0.7656843605514757,3.726812798397101,0.3895446849288078,0.4138687530800825,0.4684096818267611,ExchangeRate,raw,6816,6912,raw:6816:2,mid,high
3,0.875033037979138,0.04539440078390769,0.5620472935785932,0.125,0.7498981556014984,3.726812798397101,0.3895446849288078,0.4941582441138796,0.42148094684343534,ExchangeRate,raw,6816,6912,raw:6816:3,high,mid
4,0.8664351041963063,0.21276926290048287,0.3458043030037372,0.125,0.6924185268153353,3.726812798397101,0.3895446849288078,0.4750028900335088,0.40232107058138106,ExchangeRate,raw,6816,6912,raw:6816:4,high,mid
5,0.5341113419218,0.3984320826791621,0.44896385870804884,0.25,0.9003524079273855,3.726812798397101,0.3895446849288078,0.4605024277696703,0.5132990309520644,ExchangeRate,raw,6816,6912,raw:6816:5,high,high
6,0.8457807629302159,0.1476599997744204,0.056810869009479965,0.75,0.8225903926496155,3.726812798397101,0.3895446849288078,0.35008387723803874,0.6540450258594744,ExchangeRate,raw,6816,6912,raw:6816:6,mid,high
7,0.8420759135195935,0.28635614395897696,0.7522813138915709,0.25,0.5793524422803962,3.726812798397101,0.3895446849288078,0.6269044571233805,0.40629904240306797,ExchangeRate,raw,6816,6912,raw:6816:7,high,mid
0,0.9478988150882598,0.08832544111464405,0.0066316576275833325,0.125,0.6419237147667752,4.000033978830295,0.42857628207779036,0.34761863794349573,0.39849999894818855,ExchangeRate,raw,6840,6936,raw:6840:0,mid,mid
1,0.24133433557641837,0.06331693934668946,0.5556438360713676,0.125,0.6978228477765173,4.000033978830295,0.42857628207779036,0.2867650369981585,0.41713304328476924,ExchangeRate,raw,6840,6936,raw:6840:1,low,mid
2,0.9339843874918554,0.10873036304978403,0.056216415432721975,0.0,0.6843657948472561,4.000033978830295,0.42857628207779036,0.3663103886581205,0.3709806923083488,ExchangeRate,raw,6840,6936,raw:6840:2,mid,mid
3,0.45774807071207513,0.010973757331930022,0.08919620237231692,0.125,0.7055018276178464,4.000033978830295,0.42857628207779036,0.1859726768054407,0.4196927032318789,ExchangeRate,raw,6840,6936,raw:6840:3,low,mid
4,0.8430404905558606,0.15885294931928173,0.01801741855579607,0.375,0.8213112935879244,4.000033978830295,0.42857628207779036,0.33997028614364616,0.5416291918885715,ExchangeRate,raw,6840,6936,raw:6840:4,low,high
5,0.4314895382819516,0.1736806006692223,0.3947269354147759,0.125,0.7176905760991544,4.000033978830295,0.42857628207779036,0.3332990247886499,0.42375561939231493,ExchangeRate,raw,6840,6936,raw:6840:5,low,mid
6,0.7771258397745437,0.28483265319318785,0.04856404968198421,0.25,0.8882437282417213,4.000033978830295,0.42857628207779036,0.3701741808832386,0.5222733367731706,ExchangeRate,raw,6840,6936,raw:6840:6,mid,high
7,0.9177916943419127,0.1244586418442352,0.016908283059291877,0.125,0.674637950240315,4.000033978830295,0.42857628207779036,0.35305287308181327,0.4094047441060351,ExchangeRate,raw,6840,6936,raw:6840:7,mid,mid
0,0.5265101718003735,0.2758476611969691,0.5683307698187939,0.25,0.7854648725419516,2.965852522398192,0.28083607422711876,0.45689620093871214,0.43876698225635685,ExchangeRate,raw,6864,6960,raw:6864:0,high,mid
1,0.7300963403617906,0.20225846422476063,0.12104760277090602,0.0,0.6368384195900407,2.965852522398192,0.28083607422711876,0.3511341357858191,0.3058914979390532,ExchangeRate,raw,6864,6960,raw:6864:1,mid,low
2,0.5405785133571517,0.13599931477169364,0.7611437733557289,0.0,0.7578108712950734,2.965852522398192,0.28083607422711876,0.4792405338281914,0.34621564850739733,ExchangeRate,raw,6864,6960,raw:6864:2,high,low
3,0.7442272177626515,0.2912860371887621,0.026013434740873923,0.25,0.8372410747122454,2.965852522398192,0.28083607422711876,0.35384222989742925,0.4560257163131214,ExchangeRate,raw,6864,6960,raw:6864:3,mid,mid
4,0.6991509546267227,0.10185093612916467,0.3429185431735405,0.125,0.470389606926518,2.965852522398192,0.28083607422711876,0.38130681130980926,0.29207522705121225,ExchangeRate,raw,6864,6960,raw:6864:4,mid,low
5,0.6480347880644266,0.4388571515969405,0.1987340945207501,0.5,0.8493640115748323,2.965852522398192,0.28083607422711876,0.428542011394039,0.5434000286006503,ExchangeRate,raw,6864,6960,raw:6864:5,high,high
6,0.627236483337106,0.21694366621496655,0.1827418577845822,0.0,0.6998331424192148,2.965852522398192,0.28083607422711876,0.3423073357788849,0.3268897388821112,ExchangeRate,raw,6864,6960,raw:6864:6,low,low
7,0.5657766800425708,0.1140163112794027,0.5172443705970796,0.0,0.7272134399452033,2.965852522398192,0.28083607422711876,0.3990124539730177,0.3360165047241073,ExchangeRate,raw,6864,6960,raw:6864:7,mid,low
0,0.5245462715606704,0.15352165313997201,0.7466712994881448,0.125,0.8692147843168099,2.9231971049640553,0.2747424431738044,0.47491307472959576,0.42298574249687143,ExchangeRate,raw,6888,6984,raw:6888:0,high,mid
1,0.7093347560998731,0.05385142924969864,0.08673927491544274,0.125,0.6653101812139818,2.9231971049640553,0.2747424431738044,0.2833084867550048,0.3550175414625954,ExchangeRate,raw,6888,6984,raw:6888:1,low,low
2,0.6299532007700789,0.11488631416531385,0.7143486769222288,0.0,0.6149250997247596,2.9231971049640553,0.2747424431738044,0.4863960639525405,0.2965558476328547,ExchangeRate,raw,6888,6984,raw:6888:2,high,low
3,0.6967794904614535,0.1725865103928632,0.20335567130379148,0.0,0.5170287594887216,2.9231971049640553,0.2747424431738044,0.35757389071936935,0.26392373422084203,ExchangeRate,raw,6888,6984,raw:6888:3,mid,low
4,0.9664902204512816,0.1700754063540464,0.08158232880112082,0.125,0.7252684945673162,2.9231971049640553,0.2747424431738044,0.406049318535483,0.3750036459137069,ExchangeRate,raw,6888,6984,raw:6888:4,mid,mid
5,0.4679027164454792,0.13784622650167294,0.622591737375425,0.125,0.8287803524893893,2.9231971049640553,0.2747424431738044,0.40944689344085905,0.4095075985543979,ExchangeRate,raw,6888,6984,raw:6888:5,mid,mid
6,0.684874950396695,0.035382626556926575,0.5124277432921456,0.125,0.44138703000425816,2.9231971049640553,0.2747424431738044,0.4108951067485891,0.2803764910593542,ExchangeRate,raw,6888,6984,raw:6888:6,mid,low
7,0.7688600294199377,0.5701522245237082,0.16837954441059322,0.375,0.7138062894426366,2.9231971049640553,0.2747424431738044,0.5024639327847464,0.45451624420548026,ExchangeRate,raw,6888,6984,raw:6888:7,high,mid
0,0.5569418599776284,0.3305726957599616,0.7540943392427002,0.5,0.8991812002787879,2.922639106324743,0.274662729082588,0.54720296499343,0.5579479764537919,ExchangeRate,raw,6912,7008,raw:6912:0,high,high
1,0.6758053863912812,0.13499081987531955,0.8747333430533424,0.25,0.6743769563671022,2.922639106324743,0.274662729082588,0.5618431831066477,0.3996798951498967,ExchangeRate,raw,6912,7008,raw:6912:1,high,mid
2,0.8762873797595406,0.14357913315919366,0.4900374059973872,0.25,0.8775165930385205,2.922639106324743,0.274662729082588,0.5033013063053738,0.4673931073737028,ExchangeRate,raw,6912,7008,raw:6912:2,high,high
3,0.5845504323931049,0.24388002565469566,0.4778571641123732,0.25,0.8338586589432403,2.922639106324743,0.274662729082588,0.4354292073867246,0.45284046267527606,ExchangeRate,raw,6912,7008,raw:6912:3,high,mid
4,0.8534345293012764,0.0807780589563602,0.45676343889021576,0.0,0.6112648036450761,2.922639106324743,0.274662729082588,0.4636586757159508,0.29530917757588804,ExchangeRate,raw,6912,7008,raw:6912:4,high,low
5,0.2587178205928258,0.11711316322364423,0.47216432705941735,0.25,0.7725836107578469,2.922639106324743,0.274662729082588,0.2826651036252958,0.43241544661347836,ExchangeRate,raw,6912,7008,raw:6912:5,low,mid
6,0.7234738020750369,0.12125074726760088,0.5702187515626165,0.375,0.8957438242371366,2.922639106324743,0.274662729082588,0.47164776696841804,0.5151355177732416,ExchangeRate,raw,6912,7008,raw:6912:6,high,high
7,0.6410405761476459,0.053857133240486,0.6655410656931489,0.25,0.7032679426417102,2.922639106324743,0.274662729082588,0.45347959169376023,0.4093102239080994,ExchangeRate,raw,6912,7008,raw:6912:7,high,mid
0,0.16561027174110243,0.0958039460216717,0.3636832836312215,0.125,0.7715849623593188,2.8659549637965034,0.2665649944472648,0.20836583379799856,0.38771665226886115,ExchangeRate,raw,6936,7032,raw:6936:0,low,mid
1,0.849559332740278,0.10492277090606698,0.23920079951844533,0.125,0.6707603429699516,2.8659549637965034,0.2665649944472648,0.39789430105493007,0.3541084458057388,ExchangeRate,raw,6936,7032,raw:6936:1,mid,low
2,0.5461671136621787,0.07778092762892569,0.154161526403941,0.0,0.6013995428217296,2.8659549637965034,0.2665649944472648,0.2593698558983485,0.28932151242299814,ExchangeRate,raw,6936,7032,raw:6936:2,low,low
3,0.7004142903695945,0.1259429782168996,0.08295866001911992,0.25,0.8277162848210728,2.8659549637965034,0.2665649944472648,0.30310530953520465,0.44809375975611254,ExchangeRate,raw,6936,7032,raw:6936:3,low,mid
4,0.6052896943499781,0.451972209337675,0.23559178003656692,0.75,0.9506137153208671,2.8659549637965034,0.2665649944472648,0.4309512279080734,0.6557262365893773,ExchangeRate,raw,6936,7032,raw:6936:4,high,high
5,0.9137298587430355,0.08164263860502499,0.6443643803336176,0.125,0.7393511527552404,2.8659549637965034,0.2665649944472648,0.546578959227226,0.37697204906750176,ExchangeRate,raw,6936,7032,raw:6936:5,high,mid
6,0.7053472386567905,0.10264191611479373,0.21630525910350326,0.0,0.6762640233233232,2.8659549637965034,0.2665649944472648,0.3414314712916959,0.31427633925686266,ExchangeRate,raw,6936,7032,raw:6936:6,low,low
7,0.9348121179344608,0.1352899812284046,0.17323069029643381,0.0,0.5290458620902434,2.8659549637965034,0.2665649944472648,0.41444426315309973,0.26520361884583604,ExchangeRate,raw,6936,7032,raw:6936:7,mid,low
0,0.5500020442154891,0.04011855528968116,0.13630900274646454,0.25,0.7320547661715712,3.0487541532052065,0.29267916432548785,0.24214320075054493,0.42491131016568634,ExchangeRate,raw,6960,7056,raw:6960:0,low,mid
1,0.5481333211699495,0.05672421030327683,0.6382639541231994,0.25,0.6632078552358788,3.0487541532052065,0.29267916432548785,0.4143738285321419,0.4019623398537889,ExchangeRate,raw,6960,7056,raw:6960:1,mid,mid
2,0.6641110046467257,0.06795200276254236,0.021308751354919966,0.125,0.6174846517492667,3.0487541532052065,0.29267916432548785,0.2511239195880626,0.3450546053582515,ExchangeRate,raw,6960,7056,raw:6960:2,low,low
3,0.5390666743884116,0.07140422034794168,0.46902734716438427,0.125,0.756291326373037,3.0487541532052065,0.29267916432548785,0.35983274730024584,0.3913234968995083,ExchangeRate,raw,6960,7056,raw:6960:3,mid,mid
4,0.9059053903933393,0.27442433007955536,0.35548645802320994,0.75,0.8151234382594847,3.0487541532052065,0.29267916432548785,0.5119387261653682,0.6192675341949908,ExchangeRate,raw,6960,7056,raw:6960:4,high,high
5,0.8744924304719186,0.055896520145900415,0.04173371873959023,0.25,0.7412315896949165,3.0487541532052065,0.29267916432548785,0.3240408897858031,0.42797025134013483,ExchangeRate,raw,6960,7056,raw:6960:5,low,mid
6,0.7357987691346881,0.05297308842198305,0.13810800427916908,0.25,0.7228162350601852,3.0487541532052065,0.29267916432548785,0.3089599539452801,0.42183179979522434,ExchangeRate,raw,6960,7056,raw:6960:6,low,mid
7,0.7978167857826937,0.5619780354021109,0.016175549461177167,1.0,0.9389932533701127,3.0487541532052065,0.29267916432548785,0.4586567902153273,0.7438908058985336,ExchangeRate,raw,6960,7056,raw:6960:7,high,high
0,0.8464267885397646,0.06811200970412867,0.18372278905616227,0.25,0.6139352484572527,1.2985123673800787,0.042644623850518926,0.3660871957666852,0.3021932907692572,ExchangeRate,raw,6984,7080,raw:6984:0,mid,low
1,0.8293876047787863,0.37616257256679614,0.23135337294192226,0.25,0.5559376402592922,1.2985123673800787,0.042644623850518926,0.4789678500958348,0.2828607547032704,ExchangeRate,raw,6984,7080,raw:6984:1,high,low
2,0.8447221681693667,0.14673824265959265,0.3079383026557557,0.125,0.6870494925664349,1.2985123673800787,0.042644623850518926,0.43313290449490505,0.2848980388056513,ExchangeRate,raw,6984,7080,raw:6984:2,high,low
3,0.7759564136626642,0.10495599789532607,0.4472110297191878,0.125,0.7843620495559354,1.2985123673800787,0.042644623850518926,0.4427078137590594,0.31733555780215145,ExchangeRate,raw,6984,7080,raw:6984:3,high,low
4,0.9637202453526921,0.47657637326885427,0.5303297888976485,0.75,0.8367853708557678,1.2985123673800787,0.042644623850518926,0.656875469173065,0.5431433315687623,ExchangeRate,raw,6984,7080,raw:6984:4,high,high
5,0.7338921439706549,0.43048056068508433,0.5821489732319526,0.25,0.772595429932232,1.2985123673800787,0.042644623850518926,0.5821738926292306,0.35508001792758365,ExchangeRate,raw,6984,7080,raw:6984:5,high,low
6,0.7849035099850741,0.2006606944405009,0.3501409191604885,0.25,0.8973324514046851,1.2985123673800787,0.042644623850518926,0.4452350411953545,0.39665902508506806,ExchangeRate,raw,6984,7080,raw:6984:6,high,mid
7,0.9145250868671015,0.20701578230662487,0.07448754749689246,0.125,0.8007799918397162,1.2985123673800787,0.042644623850518926,0.39867613889020626,0.32280820523007836,ExchangeRate,raw,6984,7080,raw:6984:7,mid,low
0,0.8781135052670024,0.05938676727001754,0.041447543381965046,0.125,0.5676517455643872,1.0367266461712108,0.005246663731249166,0.3263159386396617,0.23263280309854548,ExchangeRate,raw,7008,7104,raw:7008:0,low,low
1,0.4453594503975391,0.10048744952765688,0.5849764513225225,0.25,0.5358563806717203,1.0367266461712108,0.005246663731249166,0.3769411170825728,0.2637010148009898,ExchangeRate,raw,7008,7104,raw:7008:1,mid,low
2,0.9408580046235245,0.18155766252352207,0.009069213291438415,0.25,0.8480200007473764,1.0367266461712108,0.005246663731249166,0.3771616268128284,0.36775555482620853,ExchangeRate,raw,7008,7104,raw:7008:2,mid,mid
3,0.7863771305906946,0.09874657916234127,0.025645922403600453,0.375,0.834942492004708,1.0367266461712108,0.005246663731249166,0.30358987738554544,0.4050630519119857,ExchangeRate,raw,7008,7104,raw:7008:3,low,mid
4,0.9959113952769428,0.03522314409576076,0.01644085903080636,0.0,0.647847261808717,1.0367266461712108,0.005246663731249166,0.3491917994678366,0.2176979751799887,ExchangeRate,raw,7008,7104,raw:7008:4,mid,low
5,0.4625345161805351,0.15980491691426885,0.06028048266655581,0.25,0.9089900691094178,1.0367266461712108,0.005246663731249166,0.22753997192045328,0.388078910946889,ExchangeRate,raw,7008,7104,raw:7008:5,low,mid
6,0.943273965288622,0.09614829989078615,0.028815541912706088,0.125,0.7542643802794853,1.0367266461712108,0.005246663731249166,0.3560792690307047,0.2948370146702448,ExchangeRate,raw,7008,7104,raw:7008:6,mid,low
7,0.8935423857174053,0.12493536888224054,0.02373742658208961,0.0,0.8326730060687645,1.0367266461712108,0.005246663731249166,0.3474050603939118,0.27930655660000453,ExchangeRate,raw,7008,7104,raw:7008:7,mid,low
0,0.7916474994859787,0.08218307955147572,0.5209785429596202,0.25,0.6163417008712427,4.266356555112165,0.4666223643494202,0.4649363739990249,0.4443213550735543,ExchangeRate,raw,7032,7128,raw:7032:0,high,mid
1,0.8589176593036318,0.29692536759421556,0.7308061526751334,0.375,0.8640481122949166,4.266356555112165,0.4666223643494202,0.6288830598576602,0.5685568255481123,ExchangeRate,raw,7032,7128,raw:7032:1,high,high
2,0.8976322399083023,0.1464927358557833,0.17887065077567324,0.125,0.7094257581161705,4.266356555112165,0.4666223643494202,0.40766520884658625,0.4336827074885303,ExchangeRate,raw,7032,7128,raw:7032:2,mid,mid
3,0.6601887579590818,0.2518809537014308,0.20326322001888983,0.25,0.8549885161509647,4.266356555112165,0.4666223643494202,0.37177764389313417,0.5238702935001284,ExchangeRate,raw,7032,7128,raw:7032:3,mid,high
4,0.9999984640547052,0.009081248112295734,0.23545395395344376,0.25,0.7243784664028474,4.266356555112165,0.4666223643494202,0.4148445553734816,0.4803336102507559,ExchangeRate,raw,7032,7128,raw:7032:4,mid,high
5,0.9134070103633396,0.08811362653227585,0.4665248385764876,0.125,0.7711246255332085,4.266356555112165,0.4666223643494202,0.48934849182403434,0.4542489966275429,ExchangeRate,raw,7032,7128,raw:7032:5,high,mid
6,0.9186518316949142,0.3488671249256769,0.059673701365646065,0.25,0.821623717231116,4.266356555112165,0.4666223643494202,0.4423975526620791,0.5127486938601787,ExchangeRate,raw,7032,7128,raw:7032:6,high,high
7,0.7401121170374408,0.241903658232533,0.23801621757999988,0.375,0.8169210734456039,4.266356555112165,0.4666223643494202,0.4066773309499912,0.5528478125983415,ExchangeRate,raw,7032,7128,raw:7032:7,mid,high
0,0.775304019580622,0.13225005719668945,0.07945378944239435,0.125,0.7053327786822841,3.2736376632317046,0.3248053799976644,0.3290026220732353,0.38504605289331617,ExchangeRate,raw,7056,7152,raw:7056:0,low,mid
1,0.703971283795838,0.12371235333322184,0.16804370023032283,0.25,0.792239287577623,3.2736376632317046,0.3248053799976644,0.33190911245312754,0.4556815558584291,ExchangeRate,raw,7056,7152,raw:7056:1,low,mid
2,0.4828196374605044,0.1486874052753243,0.1950480819815705,0.0,0.6965793846181719,3.2736376632317046,0.3248053799976644,0.2755183749057997,0.3404615882052788,ExchangeRate,raw,7056,7152,raw:7056:2,low,low
3,0.4296813399689945,0.05697002670539649,0.13041681882004402,0.25,0.7431982841648771,3.2736376632317046,0.3248053799976644,0.20568939516481166,0.43933455472084715,ExchangeRate,raw,7056,7152,raw:7056:3,low,mid
4,0.8885882794769193,0.03422517523059926,0.21292463500101555,0.0,0.5819009891815105,3.2736376632317046,0.3248053799976644,0.3785793632361781,0.30223545639305827,ExchangeRate,raw,7056,7152,raw:7056:4,mid,low
5,0.9783330874868676,0.17163337841642512,0.08006819162913485,0.25,0.8148579316032103,3.2736376632317046,0.3248053799976644,0.41001155251080923,0.46322110386695825,ExchangeRate,raw,7056,7152,raw:7056:5,mid,mid
6,0.3262138827570906,0.1825251050014151,0.039777028181236004,0.125,0.645852428176984,3.2736376632317046,0.3248053799976644,0.1828386719799139,0.3652192693915495,ExchangeRate,raw,7056,7152,raw:7056:6,low,mid
7,0.7967150358241005,0.148095039394069,0.036934674305894845,0.0,0.5917322510290505,3.2736376632317046,0.3248053799976644,0.32724824984135475,0.3055125436755716,ExchangeRate,raw,7056,7152,raw:7056:7,low,low
0,0.25921233602853144,0.08554073356748168,0.048689972400839714,0.125,0.732632605594554,3.6901214618378515,0.38430306542783155,0.13114768066561763,0.41397855700746183,ExchangeRate,raw,7080,7176,raw:7080:0,low,mid
1,0.4704318754525645,0.34630049367616744,0.11051005534526402,0.375,0.8244521326058311,3.6901214618378515,0.38430306542783155,0.30908080815799865,0.5279183993445543,ExchangeRate,raw,7080,7176,raw:7080:1,low,high
2,0.7751600509711993,0.30771681103715054,0.5384502250289736,0.125,0.8134636800926128,3.6901214618378515,0.38430306542783155,0.5404423623457745,0.4409222485068148,ExchangeRate,raw,7080,7176,raw:7080:2,high,mid
3,0.6880066167053911,0.5762390948940039,0.3613924647174436,0.375,0.7486136329866221,3.6901214618378515,0.38430306542783155,0.5418793921056129,0.5026388994714845,ExchangeRate,raw,7080,7176,raw:7080:3,high,high
4,0.8255825252039074,0.13726073633489216,0.15417727691980243,0.125,0.897225065958378,3.6901214618378515,0.38430306542783155,0.3723401794862007,0.4688427104620699,ExchangeRate,raw,7080,7176,raw:7080:4,mid,high
5,0.10991980860642558,0.09331262665215603,0.16793494557614924,0.125,0.6959114739658742,3.6901214618378515,0.38430306542783155,0.12372246027824363,0.4017381797979019,ExchangeRate,raw,7080,7176,raw:7080:5,low,mid
6,0.68317361466387,0.5418898975610951,0.2684634491104647,0.125,0.7027855637602846,3.6901214618378515,0.38430306542783155,0.49784232044514326,0.4040295430627054,ExchangeRate,raw,7080,7176,raw:7080:6,high,mid
7,0.7727244788802226,0.07984940392526142,0.626230950106065,0.0,0.6922995158287016,3.6901214618378515,0.38430306542783155,0.4929349443038496,0.35886752708551106,ExchangeRate,raw,7080,7176,raw:7080:7,high,low
0,0.599940914243264,0.3778384512231405,0.2739156542473996,0.375,0.7832202705859167,3.224789176730911,0.31782702479323444,0.4172316732379347,0.49201576512638373,ExchangeRate,raw,7104,7200,raw:7104:0,mid,high
1,0.4298841976130665,0.05718600481357758,0.6718689598535645,0.375,0.8790040371504911,3.224789176730911,0.31782702479323444,0.38631305409340283,0.5239436873145752,ExchangeRate,raw,7104,7200,raw:7104:1,mid,high
2,0.7191557893810356,0.15532973494378788,0.46109545560621484,0.125,0.6950084361187333,3.224789176730911,0.31782702479323444,0.44519365997701277,0.37927848697065586,ExchangeRate,raw,7104,7200,raw:7104:2,high,mid
3,0.8780366684068339,0.061042067040416516,0.44261421454288813,0.125,0.8268030650191073,3.224789176730911,0.31782702479323444,0.4605643166633795,0.4232100299374473,ExchangeRate,raw,7104,7200,raw:7104:3,high,mid
4,0.677612120844154,0.09781068856591822,0.5390002219467054,0.125,0.5233417965128245,3.224789176730911,0.31782702479323444,0.4381410104522592,0.32205627376868634,ExchangeRate,raw,7104,7200,raw:7104:4,high,low
5,0.9542393358142974,0.11701655505644326,0.25515824956931904,0.25,0.888412622484472,3.224789176730911,0.31782702479323444,0.44213804681335317,0.48541321575923546,ExchangeRate,raw,7104,7200,raw:7104:5,high,high
6,0.34788756607501203,0.2021302301130242,0.13191451469722743,0.125,0.7145058646524286,3.224789176730911,0.31782702479323444,0.22731077029508792,0.38577762981522107,ExchangeRate,raw,7104,7200,raw:7104:6,low,mid
7,0.7179992449815995,0.03284155723402849,0.008489526057432549,0.0,0.6152912653654257,3.224789176730911,0.31782702479323444,0.2531101094243535,0.3110394300528867,ExchangeRate,raw,7104,7200,raw:7104:7,low,low
0,0.6478952054548441,0.3567202743789837,0.33761604131068557,0.375,0.7945653539649012,3.4213706572820257,0.345910093403275,0.4474105070481711,0.5051584824560588,ExchangeRate,raw,7128,7224,raw:7128:0,high,high
1,0.6085948860668647,0.1973980046790537,0.14657374076586424,0.375,0.8820977452440167,3.4213706572820257,0.345910093403275,0.31752221050392754,0.5343359462157639,ExchangeRate,raw,7128,7224,raw:7128:1,low,high
2,0.7475709788646174,0.2100375147773912,0.022448821471932175,0.25,0.886058441457392,3.4213706572820257,0.345910093403275,0.3266857717046469,0.49398951162022237,ExchangeRate,raw,7128,7224,raw:7128:2,low,high
3,0.584724479997232,0.037803754051247654,0.09918432830394923,0.0,0.6012941655746605,3.4213706572820257,0.345910093403275,0.24057085411747628,0.31573475299264514,ExchangeRate,raw,7128,7224,raw:7128:3,low,low
4,0.9603088290243739,0.08967365018208018,0.1043863674178823,0.0,0.49031774583770404,3.4213706572820257,0.345910093403275,0.3847896155414454,0.27874261308032633,ExchangeRate,raw,7128,7224,raw:7128:4,mid,low
5,0.6269863786270827,0.058929854668638496,0.10436925688485714,0.125,0.5429775371674491,3.4213706572820257,0.345910093403275,0.2634284967268595,0.3379625435235747,ExchangeRate,raw,7128,7224,raw:7128:5,low,low
6,0.7902409960777349,0.22560538097330254,0.04484172076126978,0.125,0.6356114005768819,3.4213706572820257,0.345910093403275,0.35356269927076905,0.36884049799338564,ExchangeRate,raw,7128,7224,raw:7128:6,mid,mid
7,0.1462017087806946,0.14665468482094862,0.2584689816425418,0.125,0.8041459659954489,3.4213706572820257,0.345910093403275,0.183775125081395,0.4250186864662413,ExchangeRate,raw,7128,7224,raw:7128:7,low,mid
0,0.5822565502081953,0.07577631785239869,0.4474021556951487,0.125,0.6859919977328306,3.1129273953137124,0.3018467703278921,0.3684783412519142,0.37094625602024084,ExchangeRate,raw,7152,7248,raw:7152:0,mid,mid
1,0.7859744634831636,0.22822571895823612,0.34841201874728533,0.125,0.7219750651376756,3.1129273953137124,0.3018467703278921,0.45420406706289507,0.3829406118218559,ExchangeRate,raw,7152,7248,raw:7152:1,high,mid
2,0.9607407534475341,0.2371617492089384,0.17742007103278878,0.25,0.9159777322561062,3.1129273953137124,0.3018467703278921,0.45844085789642036,0.48927483419466605,ExchangeRate,raw,7152,7248,raw:7152:2,high,high
3,0.5044224546209447,0.2070456703444269,0.08346410483699454,0.375,0.7969825995427318,3.1129273953137124,0.3018467703278921,0.26497740993412205,0.49127645662354125,ExchangeRate,raw,7152,7248,raw:7152:3,low,high
4,0.8581436728422136,0.12159189672322698,0.15530513108794647,0.25,0.8175860099010243,3.1129273953137124,0.3018467703278921,0.3783469002177957,0.4564775934096388,ExchangeRate,raw,7152,7248,raw:7152:4,mid,mid
5,0.9119758209656371,0.10790998772277238,0.17997444906574317,0.125,0.5897196116284853,3.1129273953137124,0.3018467703278921,0.3999534192513842,0.33885546065212574,ExchangeRate,raw,7152,7248,raw:7152:5,mid,low
6,0.4519536222965991,0.05495810650275496,0.4469664986301467,0.25,0.6924234303608675,3.1129273953137124,0.3018467703278921,0.31795940914316695,0.41475673356291987,ExchangeRate,raw,7152,7248,raw:7152:6,low,mid
7,0.7278363273258092,0.056840883640906045,0.30746527464812123,0.0,0.6699603800915092,3.1129273953137124,0.3018467703278921,0.36404749520494545,0.3239357168064671,ExchangeRate,raw,7152,7248,raw:7152:7,mid,low
0,0.7270075447343747,0.448837869305824,0.563060800249582,0.25,0.8146733646763277,2.978433936983773,0.2826334191653484,0.5796354047632603,0.4491022612805587,ExchangeRate,raw,7176,7272,raw:7176:0,high,mid
1,0.8544045351415503,0.2906062321055999,0.10493230527993412,0.25,0.6867057734575187,2.978433936983773,0.2826334191653484,0.4166476908423615,0.40644639754095574,ExchangeRate,raw,7176,7272,raw:7176:1,mid,mid
2,0.6822100782079275,0.02376370758418,0.18126064186396615,0.0,0.5580285721544631,2.978433936983773,0.2826334191653484,0.29574480921869123,0.2802206637732705,ExchangeRate,raw,7176,7272,raw:7176:2,low,low
3,0.18145424969906265,0.07483755848575657,0.3723820183660778,0.25,0.6855205262409791,2.978433936983773,0.2826334191653484,0.20955794218363236,0.4060513151354425,ExchangeRate,raw,7176,7272,raw:7176:3,low,mid
4,0.9900194657292823,0.060853329469100534,0.24534385933290964,0.125,0.6940804343516467,2.978433936983773,0.2826334191653484,0.4320722181770975,0.36723795117233166,ExchangeRate,raw,7176,7272,raw:7176:4,high,mid
5,0.8049891649371682,0.21554247245488867,0.24112816848494154,0.125,0.6567908036716674,2.978433936983773,0.2826334191653484,0.42055326862566617,0.35480807427900524,ExchangeRate,raw,7176,7272,raw:7176:5,mid,low
6,0.8132433700020075,0.2551903273649215,0.4256176582334122,0.125,0.7442207099904763,2.978433936983773,0.2826334191653484,0.49801711853344705,0.3839513763852749,ExchangeRate,raw,7176,7272,raw:7176:6,high,mid
7,0.6189681736728669,0.13147819088540355,0.7672593876582682,0.125,0.698003173206316,2.978433936983773,0.2826334191653484,0.5059019174055129,0.3685455307905548,ExchangeRate,raw,7176,7272,raw:7176:7,high,mid
0,0.5560507644986133,0.08597759895462925,0.3579017870612394,0.125,0.5820586844749988,2.335849992608347,0.19083571295714144,0.333310050171494,0.2992981324773801,ExchangeRate,raw,7200,7296,raw:7200:0,low,low
1,0.7696898585485412,0.2526540349648392,0.06475427568621986,0.125,0.7075494245068086,2.335849992608347,0.19083571295714144,0.36236605639986674,0.34112837915465,ExchangeRate,raw,7200,7296,raw:7200:1,mid,low
2,0.4686819492160248,0.05220337327565547,0.3793924434155061,0.0,0.4582297700797698,2.335849992608347,0.19083571295714144,0.3000925886357288,0.21635516101230376,ExchangeRate,raw,7200,7296,raw:7200:2,low,low
3,0.5513942839540298,0.17346505351877473,0.07717241182663102,0.0,0.7862404677518006,2.335849992608347,0.19083571295714144,0.2673439164331452,0.325692060236314,ExchangeRate,raw,7200,7296,raw:7200:3,low,low
4,0.4508188732763402,0.13068167054913116,0.009311226669676894,0.125,0.4261700674454512,2.335849992608347,0.19083571295714144,0.19693725683171606,0.24733526013419752,ExchangeRate,raw,7200,7296,raw:7200:4,low,low
5,0.909316329167157,0.28322941898798226,0.7286745167857441,0.25,0.6447732099923056,2.335849992608347,0.19083571295714144,0.6404067549802944,0.361869640983149,ExchangeRate,raw,7200,7296,raw:7200:5,high,mid
6,0.6570352322067237,0.6185171845658586,0.1294763375235988,0.125,0.6320472058718505,2.335849992608347,0.19083571295714144,0.468342918098727,0.3159609729429973,ExchangeRate,raw,7200,7296,raw:7200:6,high,low
7,0.807195700252124,0.3235626198749124,0.05728450319962974,0.0,0.6409073130155226,2.335849992608347,0.19083571295714144,0.396014274442222,0.27724767532422134,ExchangeRate,raw,7200,7296,raw:7200:7,mid,low
0,0.9021208097112523,0.20562567585651298,0.2172882198629772,0.375,0.9427102387162937,3.4412198969857153,0.34874569907117975,0.4416782351435808,0.5554853125958245,ExchangeRate,raw,7224,7320,raw:7224:0,high,high
1,0.45814887647649627,0.08349585468474335,0.40255296644809857,0.375,0.7198585967489691,3.4412198969857153,0.34874569907117975,0.3147325658697794,0.48120143194004966,ExchangeRate,raw,7224,7320,raw:7224:1,low,high
2,0.8081808065519435,0.35565687890030273,0.12461813423293648,0.5,0.9770502331910124,3.4412198969857153,0.34874569907117975,0.4294852732283942,0.6085986440873974,ExchangeRate,raw,7224,7320,raw:7224:2,high,high
3,0.5017537074198319,0.06301680316641388,0.1723249005297895,0.5,0.717503553446856,3.4412198969857153,0.34874569907117975,0.24569847037201176,0.5220830841726786,ExchangeRate,raw,7224,7320,raw:7224:3,low,high
4,0.9778151098018101,0.21040496844587145,0.02632856044688209,0.625,0.9582321052246606,3.4412198969857153,0.34874569907117975,0.4048495462315212,0.6439926014319468,ExchangeRate,raw,7224,7320,raw:7224:4,mid,high
5,0.8410590020165756,0.10493686225171951,0.02826900277922215,0.625,0.710404254095713,3.4412198969857153,0.34874569907117975,0.32475495568250573,0.5613833177222975,ExchangeRate,raw,7224,7320,raw:7224:5,low,high
6,0.817860868672569,0.17801733774533626,0.018900933935018106,0.5,0.899983716160862,3.4412198969857153,0.34874569907117975,0.33825971345097444,0.5829098050773472,ExchangeRate,raw,7224,7320,raw:7224:6,low,high
7,0.6278216475009113,0.39571770905133863,0.15354655968466782,0.375,0.8687049697271838,3.4412198969857153,0.34874569907117975,0.3923619720789726,0.5308168895994545,ExchangeRate,raw,7224,7320,raw:7224:7,mid,high
0,0.9339531976081812,0.32074443782499623,0.04228815605997058,0.375,0.9354905641135597,3.8351745127862853,0.4050249298194337,0.43232859716438266,0.5718384979776644,ExchangeRate,raw,7248,7344,raw:7248:0,high,high
1,0.2049703147658306,0.09907572409983201,0.5393098556684173,0.5,0.8792011737203638,3.8351745127862853,0.4050249298194337,0.28111863151135996,0.5947420345132658,ExchangeRate,raw,7248,7344,raw:7248:1,low,high
2,0.7445656531771154,0.18867441656897876,0.09381597721267004,0.75,0.8512955542075257,3.8351745127862853,0.4050249298194337,0.3423520156529214,0.6687734946756532,ExchangeRate,raw,7248,7344,raw:7248:2,low,high
3,0.8369745341576812,0.04178292590981921,0.2657960652603152,0.5,0.6675065923275844,3.8351745127862853,0.4050249298194337,0.38151784177593856,0.524177174049006,ExchangeRate,raw,7248,7344,raw:7248:3,mid,high
4,0.8635455864943727,0.12806682711688727,0.1495759930816533,0.5,0.9334926915042406,3.8351745127862853,0.4050249298194337,0.38039613556430446,0.6128392071078915,ExchangeRate,raw,7248,7344,raw:7248:4,mid,high
5,0.7585965460321858,0.36733774537479835,0.3349441588271618,0.375,0.8248823639986865,3.8351745127862853,0.4050249298194337,0.486959483411382,0.5349690979393734,ExchangeRate,raw,7248,7344,raw:7248:5,high,high
6,0.9550226056305746,0.21995921634497165,0.13552804064880242,0.625,0.9161356022725402,3.8351745127862853,0.4050249298194337,0.4368366208747829,0.6487201773639913,ExchangeRate,raw,7248,7344,raw:7248:6,high,high
7,0.879877852427383,0.2599020488540055,0.29114708119771254,0.625,0.7725438445344206,3.8351745127862853,0.4050249298194337,0.47697566082636705,0.6008562581179514,ExchangeRate,raw,7248,7344,raw:7248:7,high,high
0,0.5186045558000492,0.09933347905665896,0.48078298628806804,0.0,0.46501450508142894,2.690737066917385,0.24153386635743518,0.366240340381592,0.2355161238129547,ExchangeRate,raw,7272,7368,raw:7272:0,mid,low
1,0.5152632124205447,0.18914953860632372,0.3092207363777772,0.625,0.8572386858757021,2.690737066917385,0.24153386635743518,0.3378778291348819,0.5745908507443791,ExchangeRate,raw,7272,7368,raw:7272:1,low,high
2,0.6609739809103723,0.1563484367036809,0.24321533335126314,0.0,0.7102186055022008,2.690737066917385,0.24153386635743518,0.35351258365510546,0.31725082395321197,ExchangeRate,raw,7272,7368,raw:7272:2,mid,low
3,0.5938163837745871,0.15460846429972422,0.04030158293220841,0.25,0.6312233772593917,2.690737066917385,0.24153386635743518,0.26290881033550656,0.3742524145389423,ExchangeRate,raw,7272,7368,raw:7272:3,low,mid
4,0.2799609813592401,0.07975504722013745,0.10638659484408766,0.125,0.5866896694902172,2.690737066917385,0.24153386635743518,0.15536754114115506,0.31774117861588413,ExchangeRate,raw,7272,7368,raw:7272:4,low,low
5,0.8298018866228611,0.08028762975219236,0.006251591891448525,0.25,0.856022338537353,2.690737066917385,0.24153386635743518,0.305447036088834,0.4491854016315961,ExchangeRate,raw,7272,7368,raw:7272:5,low,mid
6,0.5323581275565156,0.10916097044340836,0.10659635828203329,0.0,0.5036770398242915,2.690737066917385,0.24153386635743518,0.2493718187606524,0.2484036353939089,ExchangeRate,raw,7272,7368,raw:7272:6,low,low
7,0.4285009072978726,0.4704083200074999,0.3170569847792191,0.125,0.8679947922049044,2.690737066917385,0.24153386635743518,0.40532207069486387,0.4115095528541132,ExchangeRate,raw,7272,7368,raw:7272:7,mid,mid
0,0.7780732593903781,0.0536946195134072,0.4156364377134113,0.25,0.7907136420376765,2.8410426991163096,0.2630060994980355,0.4158014388723988,0.43457324717857065,ExchangeRate,raw,7296,7392,raw:7296:0,mid,mid
1,0.6284363844718559,0.09374545862658853,0.08464715227289012,0.25,0.8812323609173703,2.8410426991163096,0.2630060994980355,0.2689429984571115,0.464746153471802,ExchangeRate,raw,7296,7392,raw:7296:1,low,mid
2,0.5392968800729261,0.08254507572167818,0.6621985391330227,0.125,0.7828711443518129,2.8410426991163096,0.2630060994980355,0.428013498309209,0.3902924146166162,ExchangeRate,raw,7296,7392,raw:7296:2,high,mid
3,0.44700578599337903,0.25376581016948485,0.30705775283104564,0.125,0.7753837307683895,2.8410426991163096,0.2630060994980355,0.33594311633130314,0.38779661008880834,ExchangeRate,raw,7296,7392,raw:7296:3,low,mid
4,0.8918744019049584,0.16986983480521367,0.27454159510919685,0.25,0.736626885711536,2.8410426991163096,0.2630060994980355,0.4454286106064562,0.4165443284031905,ExchangeRate,raw,7296,7392,raw:7296:4,high,mid
5,0.4542885445939434,0.4326808573821838,0.012882429928280825,0.375,0.8234513727735319,2.8410426991163096,0.2630060994980355,0.29995061063480266,0.48715249075718914,ExchangeRate,raw,7296,7392,raw:7296:5,low,high
6,0.7398116591130302,0.3230808320112326,0.3803575040856344,0.25,0.8535182794639516,2.8410426991163096,0.2630060994980355,0.48108333173663237,0.4555081263206624,ExchangeRate,raw,7296,7392,raw:7296:6,high,mid
7,0.361327603809495,0.3480523683173607,0.2833845782217039,0.375,0.8759105068770618,2.8410426991163096,0.2630060994980355,0.3309215167828532,0.5046388687916991,ExchangeRate,raw,7296,7392,raw:7296:7,low,high
0,0.7253885782413818,0.23548251243308177,0.0029768596808204,0.0,0.5125494638770408,2.9640016435909784,0.2805716629693231,0.321282650118428,0.264373708948788,ExchangeRate,raw,7320,7416,raw:7320:0,low,low
1,0.7631788370583237,0.07322962677339961,0.1862603161210111,0.0,0.6159625132781449,2.9640016435909784,0.2805716629693231,0.3408895933175781,0.2988447254158227,ExchangeRate,raw,7320,7416,raw:7320:1,low,low
2,0.529523055424196,0.19714378502408925,0.09286399531701336,0.5,0.7319050263488478,2.9640016435909784,0.2805716629693231,0.27317694525509956,0.5041588964393903,ExchangeRate,raw,7320,7416,raw:7320:2,low,high
3,0.29948974784087123,0.261218941747945,0.241758696883011,0.375,0.7501844771018122,2.9640016435909784,0.2805716629693231,0.26748912882394243,0.4685853800237118,ExchangeRate,raw,7320,7416,raw:7320:3,low,high
4,0.7857140456319684,0.11884946185093781,0.061591679828025464,0.125,0.8219762819741969,2.9640016435909784,0.2805716629693231,0.32205172910364394,0.4091826483145067,ExchangeRate,raw,7320,7416,raw:7320:4,low,mid
5,0.8662709448834293,0.24012074320822407,0.31847860341248735,0.0,0.7761945188698804,2.9640016435909784,0.2805716629693231,0.4749567638347136,0.3522553939464012,ExchangeRate,raw,7320,7416,raw:7320:5,high,low
6,0.598950025040533,0.10253399044954029,0.023211479171096554,0.125,0.6678687672324923,2.9640016435909784,0.2805716629693231,0.2415651648870566,0.3578134767339385,ExchangeRate,raw,7320,7416,raw:7320:6,low,low
7,0.7036360442364631,0.17549055497141666,0.2418480538707351,0.125,0.6516218261249949,2.9640016435909784,0.2805716629693231,0.3736582176928716,0.352397829698106,ExchangeRate,raw,7320,7416,raw:7320:7,mid,low
0,0.7217968671761591,0.3937354106992804,0.2786238483322861,0.625,0.8790650552144064,2.862703598397987,0.26610051367671167,0.46471870873590854,0.5900551896303726,ExchangeRate,raw,7344,7440,raw:7344:0,high,high
1,0.9930218109324344,0.057101722044597264,0.46364312854115,0.25,0.8104693547794649,2.862703598397987,0.26610051367671167,0.5045888871727272,0.4421899561520588,ExchangeRate,raw,7344,7440,raw:7344:1,high,mid
2,0.5420614884495112,0.25308936219357775,0.4788693862996662,0.375,0.8817692718593825,2.862703598397987,0.26610051367671167,0.4246734123142517,0.5076232618453647,ExchangeRate,raw,7344,7440,raw:7344:2,high,high
3,0.5071868311756906,0.11027444764900435,0.11451882726256685,0.125,0.5639205731628353,2.862703598397987,0.26610051367671167,0.24399336869575391,0.318340362279849,ExchangeRate,raw,7344,7440,raw:7344:3,low,low
4,0.7670294758491112,0.18172943226005192,0.18649717901326315,0.125,0.6829779032005759,2.862703598397987,0.26610051367671167,0.3784186957074754,0.3580261389590959,ExchangeRate,raw,7344,7440,raw:7344:4,mid,low
5,0.7404140559459635,0.09312360272811131,0.09374554502959931,0.25,0.6285241254736288,2.862703598397987,0.26610051367671167,0.30909440123455806,0.38154154638344684,ExchangeRate,raw,7344,7440,raw:7344:5,low,mid
6,0.8187674086385722,0.2426504652344561,0.06347783424018644,0.25,0.787850232294598,2.862703598397987,0.26610051367671167,0.37496523603773824,0.43465024865710317,ExchangeRate,raw,7344,7440,raw:7344:6,mid,mid
7,0.790084707637961,0.08987304220567055,0.08732783608844943,0.375,0.8220735569634725,2.862703598397987,0.26610051367671167,0.322428528644027,0.4877246902133947,ExchangeRate,raw,7344,7440,raw:7344:7,low,high
0,0.8718709679970864,0.15182998728376357,0.04936429622764744,0.5,0.9012076195159203,3.4324359891191927,0.3474908550920406,0.3576884171694992,0.582899491535987,ExchangeRate,raw,7368,7464,raw:7368:0,mid,high
1,0.9732995815855082,0.07102414849339644,0.015522994192317513,0.125,0.7287980081108002,3.4324359891191927,0.3474908550920406,0.3532822414237408,0.40042962106761354,ExchangeRate,raw,7368,7464,raw:7368:1,mid,mid
2,0.3520888210536304,0.21602202039896315,0.6201016285009662,0.25,0.8576947777127837,3.4324359891191927,0.3474908550920406,0.3960708233178532,0.48506187760160807,ExchangeRate,raw,7368,7464,raw:7368:2,mid,high
3,0.3479030441678429,0.09857043919696848,0.14198844791600307,0.25,0.7944474316527042,3.4324359891191927,0.3474908550920406,0.19615397709360483,0.4639794289149149,ExchangeRate,raw,7368,7464,raw:7368:3,low,mid
4,0.73118825407829,0.04704736886215946,0.014961722500754681,0.0,0.5709964423798023,3.4324359891191927,0.3474908550920406,0.26439911514706804,0.3061624324906143,ExchangeRate,raw,7368,7464,raw:7368:4,low,low
5,0.5883667824436305,0.07527319650107317,0.6276592771057263,0.375,0.7411896997793493,3.4324359891191927,0.3474908550920406,0.4304330853501433,0.48789351829046335,ExchangeRate,raw,7368,7464,raw:7368:5,high,high
6,0.42641215169224356,0.06639903455303546,0.3875573986373819,0.25,0.8290386369108519,3.4324359891191927,0.3474908550920406,0.293456194960887,0.4755098306676308,ExchangeRate,raw,7368,7464,raw:7368:6,low,high
7,0.6337447168185442,0.08264855870058557,0.5332850735407216,0.25,0.8493789093060253,3.4324359891191927,0.3474908550920406,0.4165594496866172,0.48228992146602195,ExchangeRate,raw,7368,7464,raw:7368:7,mid,high
0,0.5548707105747818,0.2709290245233108,0.1922939243221502,0.125,0.9190015101625746,3.459930035811583,0.35141857604248533,0.3393645531400809,0.46514002873502,ExchangeRate,raw,7392,7488,raw:7392:0,low,mid
1,0.38673074732309665,0.22655836363250478,0.34680471641457555,0.125,0.8798688236431986,3.459930035811583,0.35141857604248533,0.320031275790059,0.45209579989522797,ExchangeRate,raw,7392,7488,raw:7392:1,low,mid
2,0.36502793741174744,0.19153353096074155,0.2329739558550578,0.375,0.8941538949815733,3.459930035811583,0.35141857604248533,0.2631784747425156,0.5401908236746862,ExchangeRate,raw,7392,7488,raw:7392:2,low,high
3,0.3848370035932732,0.2458200464054212,0.3235494110214813,0.375,0.875889987975197,3.459930035811583,0.35141857604248533,0.31806882034005857,0.5341028546725608,ExchangeRate,raw,7392,7488,raw:7392:3,low,high
4,0.6839816838366601,0.19756317398620596,0.6203817035247625,0.25,0.7947589350393963,3.459930035811583,0.35141857604248533,0.5006421871158762,0.46539250369396057,ExchangeRate,raw,7392,7488,raw:7392:4,high,mid
5,0.6900647294284774,0.10809273635018198,0.20167658130414878,0.375,0.6986049028389747,3.459930035811583,0.35141857604248533,0.3332780156942694,0.47500782629382,ExchangeRate,raw,7392,7488,raw:7392:5,low,high
6,0.6287434881781606,0.21804543157131448,0.8299762298136004,0.375,0.9196725445855353,3.459930035811583,0.35141857604248533,0.5589217165210252,0.5486970402093402,ExchangeRate,raw,7392,7488,raw:7392:6,high,high
7,0.7972508085150399,0.1835314280340376,0.19480468740868193,0.375,0.8798056548046038,3.459930035811583,0.35141857604248533,0.3918623079859198,0.5354080769490297,ExchangeRate,raw,7392,7488,raw:7392:7,mid,high
0,0.43917004831234707,0.1983477689120572,0.3494861091913853,0.375,0.8096469391563054,3.4155877827578602,0.3450839684724315,0.3290013088052632,0.5099103025429123,ExchangeRate,raw,7416,7512,raw:7416:0,low,high
1,0.8227989977194818,0.21265979287386494,0.5685296351831348,0.125,0.6708026553899699,3.4155877827578602,0.3450839684724315,0.5346628085921605,0.3802955412874671,ExchangeRate,raw,7416,7512,raw:7416:1,high,mid
2,0.7418543693476709,0.2768004265820251,0.6359719181452869,0.25,0.864151738624343,3.4155877827578602,0.3450839684724315,0.5515422380249944,0.4864119023655915,ExchangeRate,raw,7416,7512,raw:7416:2,high,high
3,0.3153204226500784,0.0927018887621454,0.4769356399109963,0.25,0.8441730664833406,3.4155877827578602,0.3450839684724315,0.2949859837744067,0.4797523449852574,ExchangeRate,raw,7416,7512,raw:7416:3,low,high
4,0.8006709547815493,0.1575559949382086,0.07852047611379438,0.125,0.8440069063362198,3.4155877827578602,0.3450839684724315,0.34558247527785074,0.43803029160288376,ExchangeRate,raw,7416,7512,raw:7416:4,mid,mid
5,0.36848928941620795,0.04271594839996694,0.4540283398973937,0.25,0.7147831127620381,3.4155877827578602,0.3450839684724315,0.2884111925711896,0.43662236041148983,ExchangeRate,raw,7416,7512,raw:7416:5,low,mid
6,0.7498187685856144,0.1899456620693139,0.12884789427417329,0.25,0.8434473672416136,3.4155877827578602,0.3450839684724315,0.3562041083097005,0.47951044523801506,ExchangeRate,raw,7416,7512,raw:7416:6,mid,high
7,0.5664823679560378,0.03743097200482938,0.28696632419019197,0.125,0.6757906046550314,3.4155877827578602,0.3450839684724315,0.29695988805035306,0.3819581910424876,ExchangeRate,raw,7416,7512,raw:7416:7,low,mid
0,0.37141338592296247,0.18050960730937465,0.33393487298393604,0.375,0.9339177399625919,3.9655016207036766,0.4236430880667494,0.29528595540542435,0.5775202760097804,ExchangeRate,raw,7440,7536,raw:7440:0,low,high
1,0.9022160852284087,0.022935581449317392,0.2908672158807079,0.125,0.675677916195311,3.9655016207036766,0.4236430880667494,0.405339627519478,0.40810700142068684,ExchangeRate,raw,7440,7536,raw:7440:1,mid,mid
2,0.6321842914814086,0.07480284760488978,0.3387412185945913,0.375,0.8393893718049225,3.9655016207036766,0.4236430880667494,0.34857611922696324,0.546010819957224,ExchangeRate,raw,7440,7536,raw:7440:2,mid,high
3,0.5782393718432891,0.4715604130474763,0.20615235655534278,0.25,0.7090445475023757,3.9655016207036766,0.4236430880667494,0.4186507138153694,0.4608958785230417,ExchangeRate,raw,7440,7536,raw:7440:3,mid,mid
4,0.9014986484235143,0.5052182846874096,0.5244366759828909,0.125,0.860745120219572,3.9655016207036766,0.4236430880667494,0.6437178696979383,0.4697960694287738,ExchangeRate,raw,7440,7536,raw:7440:4,high,high
5,0.6429861250452574,0.19515397741629054,0.2384557505907018,0.375,0.7723769109584061,3.9655016207036766,0.4236430880667494,0.35886528435075,0.5236733330083851,ExchangeRate,raw,7440,7536,raw:7440:5,mid,high
6,0.7293398668210023,0.4313447018081498,0.2522162403243874,0.375,0.8515799293230258,3.9655016207036766,0.4236430880667494,0.4709669363178464,0.5500743391299251,ExchangeRate,raw,7440,7536,raw:7440:6,high,high
7,0.68555143201059,0.14725810516587587,0.6531504425868996,0.25,0.8828165044344611,3.9655016207036766,0.4236430880667494,0.49531999325445514,0.5188198641670702,ExchangeRate,raw,7440,7536,raw:7440:7,high,high
0,0.5951256187517926,0.11764344485334481,0.3601456170496054,0.25,0.7684068961697781,2.916035060313834,0.27371929393952016,0.35763822688491426,0.43070873003643273,ExchangeRate,raw,7464,7560,raw:7464:0,mid,mid
1,0.8673260583710345,0.05703720485151505,0.005643122990830383,0.125,0.5421528812785238,2.916035060313834,0.27371929393952016,0.3100021287377933,0.31362405840601465,ExchangeRate,raw,7464,7560,raw:7464:1,low,low
2,0.8277358981356274,0.11468156655723682,0.45182238683027726,0.625,0.8713815037518039,2.916035060313834,0.27371929393952016,0.46474661717438054,0.5900335992304413,ExchangeRate,raw,7464,7560,raw:7464:2,high,high
3,0.8069494743290585,0.06458452820288635,0.11676434600288359,0.375,0.6674275561340753,2.916035060313834,0.27371929393952016,0.3294327828449428,0.43871561669119846,ExchangeRate,raw,7464,7560,raw:7464:3,low,mid
4,0.9729279171338318,0.081528565065278,0.12299037568548532,0.125,0.7177028560343969,2.916035060313834,0.27371929393952016,0.39248228596153173,0.3721407166579724,ExchangeRate,raw,7464,7560,raw:7464:4,mid,mid
5,0.8069051881907507,0.03189215949083768,0.030901413365448334,0.0,0.5507022384860588,2.916035060313834,0.27371929393952016,0.2898995870156789,0.274807177475193,ExchangeRate,raw,7464,7560,raw:7464:5,low,low
6,0.9443162017654461,0.07308734043639753,0.02655922739248058,0.25,0.8296622979804856,2.916035060313834,0.27371929393952016,0.3479875898647748,0.45112719730666856,ExchangeRate,raw,7464,7560,raw:7464:6,mid,mid
7,0.708155164317801,0.05908655797644855,0.19614646762356358,0.375,0.7366794257353653,2.916035060313834,0.27371929393952016,0.32112939663927104,0.4617995732249618,ExchangeRate,raw,7464,7560,raw:7464:7,low,mid
0,0.8630148871431127,0.06946869892856983,0.46226397606411973,0.5,0.7772360071486042,3.2605041974813616,0.32292917060743853,0.46491585404526736,0.5333883925853476,ExchangeRate,raw,7488,7584,raw:7488:0,high,high
1,0.4324448863339512,0.0918676912300852,0.3037871551556373,0.125,0.7560626732199963,3.2605041974813616,0.32292917060743853,0.27603324423989123,0.40133061460914493,ExchangeRate,raw,7488,7584,raw:7488:1,low,mid
2,0.5396354751050072,0.13277441987184788,0.0985729404214048,0.0,0.791602242970541,3.2605041974813616,0.32292917060743853,0.25699427846608663,0.37151047119265984,ExchangeRate,raw,7488,7584,raw:7488:2,low,mid
3,0.8958119566113945,0.3695948199240764,0.1344755344110296,0.125,0.6123411234168834,3.2605041974813616,0.32292917060743853,0.4666274369821668,0.3534234313414406,ExchangeRate,raw,7488,7584,raw:7488:3,high,low
4,0.8991793506727415,0.22118779534833327,0.20487468414516505,0.25,0.8131248091500686,3.2605041974813616,0.32292917060743853,0.44174727672207986,0.46201799325250237,ExchangeRate,raw,7488,7584,raw:7488:4,high,mid
5,0.9581026166006275,0.24644610880316092,0.1530887685698794,0.25,0.7789469164931303,3.2605041974813616,0.32292917060743853,0.4525458313245559,0.4506253623668563,ExchangeRate,raw,7488,7584,raw:7488:5,high,mid
6,0.8389308047631441,0.055353909852181346,0.018720708665924866,0.125,0.5894707978761529,3.2605041974813616,0.32292917060743853,0.3043351410937501,0.34579998949453045,ExchangeRate,raw,7488,7584,raw:7488:6,low,low
7,0.6021857495772147,0.15603359627362456,0.3230329544879866,0.25,0.717832984068759,3.2605041974813616,0.32292917060743853,0.3604174334462753,0.43025405155873253,ExchangeRate,raw,7488,7584,raw:7488:7,mid,mid
