channel,u_change,u_spectral,u_surprise,m_peak,m_band,channel_effective_rank,m_channel,U,M,dataset,segment,window_start,window_stop,unit_id,U_bucket,M_bucket
0,0.46727612464324697,0.43865253391455417,0.22917056345847758,0.5,0.9695545011530969,0.9999999900000781,0.0,0.3783664073387596,0.4898515003843656,ETTm2,raw,0,96,raw:0:0,mid,mid
1,0.43668662228346333,0.5115441057625337,0.40687322805324194,0.375,0.8958439178746651,0.9999999900000781,0.0,0.45170131869974633,0.423614639291555,ETTm2,raw,0,96,raw:0:1,high,mid
2,0.46790254812195153,0.5097575549039021,0.33349483075174935,0.375,0.9161135315898917,0.9999999900000781,0.0,0.4370516445925343,0.4303711771966306,ETTm2,raw,0,96,raw:0:2,high,mid
3,0.48531052990190005,0.5271178725554282,0.41172937196965514,0.5,0.873821960047434,0.9999999900000781,0.0,0.4747192581423278,0.45794065334914463,ETTm2,raw,0,96,raw:0:3,high,mid
4,0.9999999951044831,0.21083636244211992,0.3717927996944955,0.25,0.6548504642955536,0.9999999900000781,0.0,0.5275430524136996,0.3016168214318512,ETTm2,raw,0,96,raw:0:4,high,low
5,0.0,0.19266023246470593,0.0,0.0,0.8762711182730698,0.9999999900000781,0.0,0.06422007748823531,0.29209037275768995,ETTm2,raw,0,96,raw:0:5,low,low
6,0.9640353064563039,0.040040489444336996,0.020769944684469476,0.0,0.3972925906912269,0.9999999900000781,0.0,0.34161524686170347,0.1324308635637423,ETTm2,raw,0,96,raw:0:6,mid,low
0,0.3245328859004468,0.21993499525222776,0.39082788344609604,0.5,0.9411115069337158,0.9999999900000398,0.0,0.3117652548662569,0.48037050231123857,ETTm2,raw,96,192,raw:96:0,low,mid
1,0.30636530094639536,0.17960975895188014,0.09271524561430394,0.125,0.8332547602118676,0.9999999900000398,0.0,0.19289676850419313,0.31941825340395585,ETTm2,raw,96,192,raw:96:1,low,low
2,0.4744188001661265,0.19278868095867935,0.20732528324206692,0.25,0.9154311599191414,0.9999999900000398,0.0,0.29151092145562424,0.38847705330638044,ETTm2,raw,96,192,raw:96:2,low,mid
3,0.4456644385678572,0.20942581962875512,0.08400580779633292,0.125,0.8118140755629881,0.9999999900000398,0.0,0.24636535533098172,0.312271358520996,ETTm2,raw,96,192,raw:96:3,low,low
4,0.935937741698078,0.17864157390390312,0.0,1.0,0.9674599623182306,0.9999999900000398,0.0,0.37152643853399364,0.6558199874394103,ETTm2,raw,96,192,raw:96:4,mid,high
5,0.0,0.3480862730927914,0.0,0.875,0.8746680271384939,0.9999999900000398,0.0,0.11602875769759713,0.5832226757128313,ETTm2,raw,96,192,raw:96:5,low,high
6,0.9206772822234972,0.0413568560792821,0.1543365224879637,0.125,0.7484418777743457,0.9999999900000398,0.0,0.3721235535969143,0.29114729259144856,ETTm2,raw,96,192,raw:96:6,mid,low
0,0.7518686607015362,0.23643233076256914,0.06373784628858717,0.75,0.9352686620740354,0.9999999900015314,0.0,0.35067961258423086,0.5617562206913451,ETTm2,raw,288,384,raw:288:0,mid,high
1,0.23512229647667449,0.24288284934971288,0.4789629405636813,0.625,0.876201707023655,0.9999999900015314,0.0,0.3189893621300229,0.500400569007885,ETTm2,raw,288,384,raw:288:1,low,mid
2,0.6412026731265567,0.21355333163914447,0.09748057721580942,0.25,0.9257029165896996,0.9999999900015314,0.0,0.31741219399383686,0.3919009721965665,ETTm2,raw,288,384,raw:288:2,low,mid
3,0.22320572979993758,0.33688072491653354,0.5466720982509939,0.5,0.8857263543305759,0.9999999900015314,0.0,0.3689195176558217,0.46190878477685865,ETTm2,raw,288,384,raw:288:3,mid,mid
4,0.9801298808816441,0.33345150696389225,0.0,0.125,0.900986551212464,0.9999999900015314,0.0,0.43786046261517875,0.3419955170708213,ETTm2,raw,288,384,raw:288:4,high,low
5,0.0,0.2910443646334656,0.0,0.25,0.9231753416790599,0.9999999900015314,0.0,0.09701478821115521,0.39105844722635325,ETTm2,raw,288,384,raw:288:5,low,mid
6,0.959526730270498,0.012653519232403213,0.007369350172731218,0.0,0.5159378563535606,0.9999999900015314,0.0,0.3265165332252108,0.17197928545118688,ETTm2,raw,288,384,raw:288:6,mid,low
0,0.5475335044153866,0.2424182088913307,0.08047311145826079,0.5,0.9224711771537191,0.9999999900021671,0.0,0.2901416082549927,0.47415705905123967,ETTm2,raw,384,480,raw:384:0,low,mid
1,0.4553579906565819,0.32440708662874407,0.15159535572358884,0.75,0.9351159571028486,0.9999999900021671,0.0,0.31045347766963827,0.5617053190342829,ETTm2,raw,384,480,raw:384:1,low,high
2,0.5329620239605026,0.20697640203184758,0.042829949908849745,0.375,0.8819024644686457,0.9999999900021671,0.0,0.26092279196706664,0.41896748815621526,ETTm2,raw,384,480,raw:384:2,low,mid
3,0.5057696069286662,0.24655981138983843,0.18003294559594232,0.625,0.9441079581872523,0.9999999900021671,0.0,0.310787454638149,0.5230359860624175,ETTm2,raw,384,480,raw:384:3,low,mid
4,0.6874984580979757,0.2947923717627594,0.4494919266942004,1.0,0.9805841560603048,0.9999999900021671,0.0,0.4772609188516452,0.6601947186867683,ETTm2,raw,384,480,raw:384:4,high,high
5,0.0,0.3393090413735418,0.0,0.5,0.8583467829136374,0.9999999900021671,0.0,0.1131030137911806,0.4527822609712125,ETTm2,raw,384,480,raw:384:5,low,mid
6,0.9350296276184358,0.33450992240772903,0.28120825948200434,0.125,0.5727155049395092,0.9999999900021671,0.0,0.516915936502723,0.23257183497983638,ETTm2,raw,384,480,raw:384:6,high,low
0,0.7772916491263283,0.3258661985191098,0.15974678647976653,0.75,0.9778819418586874,0.9999999900000612,0.0,0.4209682113750683,0.5759606472862292,ETTm2,raw,576,672,raw:576:0,high,high
1,0.7305426009178505,0.2369280577974926,0.3227566254854392,0.375,0.8770160787991792,0.9999999900000612,0.0,0.43007576140026077,0.41733869293305975,ETTm2,raw,576,672,raw:576:1,high,mid
2,0.83311036567684,0.3021048887840383,0.1430414062388418,1.0,0.9685755731620109,0.9999999900000612,0.0,0.42608555356657335,0.6561918577206703,ETTm2,raw,576,672,raw:576:2,high,high
3,0.7939338349479121,0.2272243381071577,0.36823189300044873,0.5,0.8366234414779458,0.9999999900000612,0.0,0.46313002201850617,0.4455411471593152,ETTm2,raw,576,672,raw:576:3,high,mid
4,0.9999622008383661,0.30430795734537996,0.45872264011929176,1.0,0.9753543006220672,0.9999999900000612,0.0,0.5876642661010125,0.658451433540689,ETTm2,raw,576,672,raw:576:4,high,high
5,0.0,0.10955393172565905,0.0,1.0,0.8718266070743587,0.9999999900000612,0.0,0.03651797724188635,0.6239422023581196,ETTm2,raw,576,672,raw:576:5,low,high
6,0.9588198672902084,0.007831090876115731,0.04486408559231572,0.0,0.569408636006774,0.9999999900000612,0.0,0.33717168125288,0.18980287866892467,ETTm2,raw,576,672,raw:576:6,mid,low
0,0.7897068790238017,0.17088774268038914,0.04509737029696805,0.25,0.9127384958966486,2.335273405923474,0.22254556728300304,0.3352306640003863,0.46176135439321725,ETTm2,raw,672,768,raw:672:0,mid,mid
1,0.7368755833838591,0.14430843577506766,0.09840903406456215,0.375,0.8815827498927492,2.335273405923474,0.22254556728300304,0.32653101774116294,0.49304277239191735,ETTm2,raw,672,768,raw:672:1,mid,mid
2,0.8356720098289536,0.1910495190657056,0.042004733302451754,0.375,0.9054200470994517,2.335273405923474,0.22254556728300304,0.356242087399037,0.5009885381274849,ETTm2,raw,672,768,raw:672:2,mid,mid
3,0.8026766511133787,0.14911584852909882,0.08654674959373099,0.25,0.8730138760427764,2.335273405923474,0.22254556728300304,0.34611308307873623,0.44851981444192646,ETTm2,raw,672,768,raw:672:3,mid,mid
4,0.9318270852803313,0.278057763461337,0.5232183751135367,1.0,0.9271648050709476,2.335273405923474,0.22254556728300304,0.5777010746184016,0.7165701241179835,ETTm2,raw,672,768,raw:672:4,high,high
5,0.0,0.0,0.0,0.0,-0.0,2.335273405923474,0.22254556728300304,0.0,0.07418185576100102,ETTm2,raw,672,768,raw:672:5,low,low
6,0.9184106115147748,0.012394652547968073,0.005390490677816208,0.0,0.5365374642474161,2.335273405923474,0.22254556728300304,0.31206525158018633,0.25302767717680635,ETTm2,raw,672,768,raw:672:6,low,low
0,0.8493415105535802,0.2510380522344479,0.1443464269604229,0.25,0.9558235686292172,0.9999999900030283,0.0,0.41490866324948367,0.4019411895430724,ETTm2,raw,864,960,raw:864:0,high,mid
1,0.8992186316942281,0.14165498308378024,0.2958047867795129,0.375,0.9441262311924183,0.9999999900030283,0.0,0.44555946718584044,0.4397087437308061,ETTm2,raw,864,960,raw:864:1,high,mid
2,0.870214734678907,0.25306810832809745,0.15526268694316173,0.375,0.9354994755362012,0.9999999900030283,0.0,0.426181843316722,0.43683315851206705,ETTm2,raw,864,960,raw:864:2,high,mid
3,0.9668306595769994,0.09588367257251333,0.3004125942631772,0.375,0.9188313452662489,0.9999999900030283,0.0,0.4543756421375633,0.4312771150887496,ETTm2,raw,864,960,raw:864:3,high,mid
4,0.9999999706423703,0.16313429905004717,0.5238459412440378,1.0,0.8719554403832364,0.9999999900030283,0.0,0.5623267369788185,0.6239851467944121,ETTm2,raw,864,960,raw:864:4,high,high
5,0.0,0.2326526504222548,0.0,1.0,0.8255551868761135,0.9999999900030283,0.0,0.07755088347408494,0.6085183956253711,ETTm2,raw,864,960,raw:864:5,low,high
6,0.8020861970329611,0.055560835082259695,0.11103369789409809,0.125,0.6451028619062358,0.9999999900030283,0.0,0.322893576669773,0.25670095396874526,ETTm2,raw,864,960,raw:864:6,low,low
0,0.8003650962929764,0.1068637264324658,0.4291732744661514,0.25,0.9134165625193382,1.8987496041657081,0.14979160044463202,0.4454673657305312,0.4377360543213234,ETTm2,raw,960,1056,raw:960:0,high,mid
1,0.6877358387400221,0.19531102455920057,0.7367918803365131,0.125,0.7562603176672468,1.8987496041657081,0.14979160044463202,0.5399462478785786,0.34368397270395956,ETTm2,raw,960,1056,raw:960:1,high,low
2,0.804448205242271,0.15739789378049826,0.39673065542110086,0.25,0.8852857600880072,1.8987496041657081,0.14979160044463202,0.45285891814795676,0.42835912017754646,ETTm2,raw,960,1056,raw:960:2,high,mid
3,0.7021292559974707,0.2025565574152159,0.7360872796498263,0.25,0.7204206315634992,1.8987496041657081,0.14979160044463202,0.5469243643541709,0.3734040773360438,ETTm2,raw,960,1056,raw:960:3,high,mid
4,0.9654295613382825,0.14594104386649837,0.2484676405859474,0.125,0.7334556053511467,1.8987496041657081,0.14979160044463202,0.4532794152635761,0.33608240193192623,ETTm2,raw,960,1056,raw:960:4,high,low
5,0.0,0.0,0.0,0.0,-0.0,1.8987496041657081,0.14979160044463202,0.0,0.049930533481544005,ETTm2,raw,960,1056,raw:960:5,low,low
6,0.7031443977322778,0.11866814431908007,0.6778935004258154,0.125,0.5189248048856958,1.8987496041657081,0.14979160044463202,0.4999020141590577,0.2645721351101093,ETTm2,raw,960,1056,raw:960:6,high,low
0,0.907243169658015,0.15269756066709034,0.07517388723812297,0.625,0.9625112726181919,1.8713944505122786,0.14523240817665908,0.37837153918774274,0.5775812269316171,ETTm2,raw,1056,1152,raw:1056:0,mid,high
1,0.6077472033197531,0.21570733099380174,0.2920987490097515,0.625,0.9110902816406207,1.8713944505122786,0.14523240817665908,0.37185109444110215,0.56044089660576,ETTm2,raw,1056,1152,raw:1056:1,mid,high
2,0.8889924673332634,0.1644173382218842,0.04635627996897882,0.25,0.9286682896594668,1.8713944505122786,0.14523240817665908,0.3665886951747088,0.44130023261204193,ETTm2,raw,1056,1152,raw:1056:2,mid,mid
3,0.49043645242778044,0.26474836020691117,0.3037159317137533,0.375,0.9140553525870498,1.8713944505122786,0.14523240817665908,0.35296691478281494,0.47809592025456965,ETTm2,raw,1056,1152,raw:1056:3,mid,mid
4,0.5863955875152937,0.21800394704732923,0.728310564808738,0.125,0.8492785565458891,1.8713944505122786,0.14523240817665908,0.5109033664571203,0.3731703215741828,ETTm2,raw,1056,1152,raw:1056:4,high,mid
5,0.0,0.0,0.0,0.0,-0.0,1.8713944505122786,0.14523240817665908,0.0,0.04841080272555303,ETTm2,raw,1056,1152,raw:1056:5,low,low
6,0.9697372860740386,0.0036862215887466833,0.10579928474633223,0.0,0.5261887292025847,1.8713944505122786,0.14523240817665908,0.3597409308030392,0.22380704579308128,ETTm2,raw,1056,1152,raw:1056:6,mid,low
0,0.779764854954346,0.26180778347918426,0.04302730079187239,0.375,0.9445122435320928,2.034480793604768,0.17241346531343887,0.3615333130751342,0.49730856961517717,ETTm2,raw,1248,1344,raw:1248:0,mid,mid
1,0.31947979520456615,0.21219799134626063,0.5559092676145093,0.75,0.9502451987456279,2.034480793604768,0.17241346531343887,0.362529018055112,0.6242195546863555,ETTm2,raw,1248,1344,raw:1248:1,mid,high
2,0.8110269517354307,0.25433449379304507,0.060673675908682285,0.375,0.9400127678613909,2.034480793604768,0.17241346531343887,0.37534504047905265,0.4958087443916099,ETTm2,raw,1248,1344,raw:1248:2,mid,mid
3,0.6474255537913169,0.202427528804588,0.6361287790577975,0.625,0.9426114127123574,2.034480793604768,0.17241346531343887,0.4953272872179008,0.5800082926752654,ETTm2,raw,1248,1344,raw:1248:3,high,high
4,0.19064091768046143,0.28809604347886225,0.11353257647981255,0.75,0.9671518831023355,2.034480793604768,0.17241346531343887,0.19742317921304542,0.6298551161385915,ETTm2,raw,1248,1344,raw:1248:4,low,high
5,0.0,0.0,0.0,0.0,-0.0,2.034480793604768,0.17241346531343887,0.0,0.05747115510447962,ETTm2,raw,1248,1344,raw:1248:5,low,low
6,0.8949560751172654,0.15412474849425745,0.07673996563245557,0.0,0.4638258736209721,2.034480793604768,0.17241346531343887,0.37527359641465946,0.21207977964480365,ETTm2,raw,1248,1344,raw:1248:6,mid,low
0,0.6818984347027328,0.057682774249069826,0.05757024928323834,0.25,0.7950201937368666,2.4178500998114427,0.23630834957472655,0.2657171527450137,0.4271095144371977,ETTm2,raw,1344,1440,raw:1344:0,low,mid
1,0.5452021045188744,0.08260548259430095,0.05211384888426606,0.25,0.8769786491034798,2.4178500998114427,0.23630834957472655,0.22664047866581383,0.454428999559402,ETTm2,raw,1344,1440,raw:1344:1,low,mid
2,0.6503075281809159,0.06284581477529594,0.041292882204439794,0.125,0.7240161230915577,2.4178500998114427,0.23630834957472655,0.2514820750535505,0.3617748242220948,ETTm2,raw,1344,1440,raw:1344:2,low,low
3,0.6764802727967872,0.08699083392505005,0.10547337304867295,0.5,0.8545680201859763,2.4178500998114427,0.23630834957472655,0.2896481599235034,0.5302921232535677,ETTm2,raw,1344,1440,raw:1344:3,low,mid
4,0.979581316850559,0.3806681462581729,0.49892112920452164,1.0,0.9877838339131806,2.4178500998114427,0.23630834957472655,0.6197235307710846,0.7413640611626358,ETTm2,raw,1344,1440,raw:1344:4,high,high
5,0.0,0.0,0.0,0.0,-0.0,2.4178500998114427,0.23630834957472655,0.0,0.07876944985824218,ETTm2,raw,1344,1440,raw:1344:5,low,low
6,0.3910786329446003,0.0367176843770039,0.031863856988505655,0.0,0.29041797611894016,2.4178500998114427,0.23630834957472655,0.15322005810336994,0.1755754418978889,ETTm2,raw,1344,1440,raw:1344:6,low,low
0,0.8548664877228043,0.34150546784057967,0.1162861829309464,0.5,0.9246819331090006,0.9999999900026955,0.0,0.43755271283144354,0.4748939777030002,ETTm2,raw,1536,1632,raw:1536:0,high,mid
1,0.7301795002601611,0.465467561744273,0.4324864477661468,0.75,0.8571339395709144,0.9999999900026955,0.0,0.542711169923527,0.5357113131903048,ETTm2,raw,1536,1632,raw:1536:1,high,mid
2,0.881211804088521,0.33397135026762226,0.0812763027287521,0.375,0.9179789479949079,0.9999999900026955,0.0,0.43215315236163176,0.43099298266496927,ETTm2,raw,1536,1632,raw:1536:2,high,mid
3,0.71913385251034,0.3895802788413739,0.37799200372485775,0.625,0.8331700970503338,0.9999999900026955,0.0,0.4955687116921905,0.486056699016778,ETTm2,raw,1536,1632,raw:1536:3,high,mid
4,0.9999998674319635,0.39468665438703676,0.2794404145231262,0.75,0.9366549359587976,0.9999999900026955,0.0,0.5580423121140421,0.5622183119862658,ETTm2,raw,1536,1632,raw:1536:4,high,high
5,0.0,0.13407117763324833,0.0,1.0,0.8419266758963841,0.9999999900026955,0.0,0.04469039254441611,0.613975558632128,ETTm2,raw,1536,1632,raw:1536:5,low,high
6,0.9820730443415627,0.008774728698938559,0.04623292088109442,0.0,0.4781450972783943,0.9999999900026955,0.0,0.3456935646405319,0.15938169909279812,ETTm2,raw,1536,1632,raw:1536:6,mid,low
0,0.7993278601095966,0.3047941219522548,0.050394119707110024,0.875,0.961875188611773,0.9999999900018154,0.0,0.3848387005896538,0.6122917295372576,ETTm2,raw,1632,1728,raw:1632:0,mid,high
1,0.7768563443288291,0.24711200238289416,0.3212106575481168,0.75,0.9376729056987454,0.9999999900018154,0.0,0.4483930014199467,0.5625576352329151,ETTm2,raw,1632,1728,raw:1632:1,high,high
2,0.8186822485702359,0.24071157653148723,0.019745185238158384,0.5,0.9245325935722729,0.9999999900018154,0.0,0.35971300344662716,0.47484419785742427,ETTm2,raw,1632,1728,raw:1632:2,mid,mid
3,0.8384064236499462,0.2724769118805056,0.3966948992327622,0.75,0.953613387739839,0.9999999900018154,0.0,0.5025260782544047,0.567871129246613,ETTm2,raw,1632,1728,raw:1632:3,high,high
4,0.9588662396032144,0.13663070767590313,0.02942613269777366,0.125,0.7240006732198775,0.9999999900018154,0.0,0.37497435999229706,0.2830002244066258,ETTm2,raw,1632,1728,raw:1632:4,mid,low
5,0.0,0.492794046336819,0.0,0.125,0.7229403917835895,0.9999999900018154,0.0,0.164264682112273,0.2826467972611965,ETTm2,raw,1632,1728,raw:1632:5,low,low
6,0.8639382475789237,0.08666384726278052,0.35643262807616305,0.125,0.6827823214299623,0.9999999900018154,0.0,0.43567824097262237,0.2692607738099874,ETTm2,raw,1632,1728,raw:1632:6,high,low
0,0.7104711156220578,0.4051173622749505,0.4347725600092884,0.75,0.9129491175168939,0.999999990000537,0.0,0.5167870126354323,0.5543163725056313,ETTm2,raw,1728,1824,raw:1728:0,high,mid
1,0.6919843378567441,0.2694920125681294,0.5292197292057198,0.5,0.8671095546213713,0.999999990000537,0.0,0.49689869321019775,0.4557031848737904,ETTm2,raw,1728,1824,raw:1728:1,high,mid
2,0.655961699553361,0.3335742706212434,0.4397212049318762,0.25,0.9226508294694891,0.999999990000537,0.0,0.47641905836882686,0.390883609823163,ETTm2,raw,1728,1824,raw:1728:2,high,mid
3,0.729117883785062,0.39636440039937665,0.5606563492777689,0.25,0.8556850498146422,0.999999990000537,0.0,0.5620462111540693,0.3685616832715474,ETTm2,raw,1728,1824,raw:1728:3,high,mid
4,0.9248750372931509,0.18113942027548136,0.15420037153427965,0.125,0.6749143468364835,0.999999990000537,0.0,0.4200716097009707,0.26663811561216116,ETTm2,raw,1728,1824,raw:1728:4,high,low
5,0.0,0.5708544214816835,0.0,1.0,0.6793548491963126,0.999999990000537,0.0,0.19028480716056118,0.5597849497321042,ETTm2,raw,1728,1824,raw:1728:5,low,high
6,0.7156797631214886,0.12356122987146408,0.3327044374728998,0.25,0.694583944865436,0.999999990000537,0.0,0.39064847682195086,0.3148613149551453,ETTm2,raw,1728,1824,raw:1728:6,mid,low
0,0.7630431852324022,0.14200031674039842,0.09580821664102158,0.375,0.9151570311664768,1.9882190932731516,0.16470318193768663,0.3336172395379408,0.4849534043680544,ETTm2,raw,1920,2016,raw:1920:0,mid,mid
1,0.08734869263262213,0.2153538991154142,0.40642606825029687,0.75,0.8870871426267745,1.9882190932731516,0.16470318193768663,0.2363762199994444,0.6005967748548203,ETTm2,raw,1920,2016,raw:1920:1,low,high
2,0.7347356711525248,0.17115089265373726,0.07061470953602894,0.25,0.94882544259251,1.9882190932731516,0.16470318193768663,0.3255004244474304,0.4545095415100655,ETTm2,raw,1920,2016,raw:1920:2,mid,mid
3,0.3859464126806128,0.3206000257421388,0.5318324643130978,0.75,0.9323233642113943,1.9882190932731516,0.16470318193768663,0.41279296757861644,0.6156755153830269,ETTm2,raw,1920,2016,raw:1920:3,high,high
4,0.8013716626658628,0.1413003013448048,0.38090652505873746,0.0,0.678762195388208,1.9882190932731516,0.16470318193768663,0.4411928296898016,0.2811551257752982,ETTm2,raw,1920,2016,raw:1920:4,high,low
5,0.0,0.0,0.0,0.0,-0.0,1.9882190932731516,0.16470318193768663,0.0,0.05490106064589554,ETTm2,raw,1920,2016,raw:1920:5,low,low
6,0.8620139081634978,0.011778803986490099,0.0111447944789986,0.0,0.5053206550722704,1.9882190932731516,0.16470318193768663,0.29497916887632886,0.22334127900331902,ETTm2,raw,1920,2016,raw:1920:6,low,low
0,0.912587799895968,0.42170314660473585,0.057000125802391916,0.375,0.9208285327734143,0.9999999900003362,0.0,0.4637636907676986,0.43194284425780477,ETTm2,raw,2016,2112,raw:2016:0,high,mid
1,0.8129018273378182,0.15304509711554007,0.1295150459692961,0.625,0.9540083586674503,0.9999999900003362,0.0,0.36515399014088484,0.5263361195558168,ETTm2,raw,2016,2112,raw:2016:1,mid,mid
2,0.9332288950470895,0.3187883794727778,0.040720883618321956,0.375,0.9108603896445229,0.9999999900003362,0.0,0.4309127193793964,0.4286201298815076,ETTm2,raw,2016,2112,raw:2016:2,high,mid
3,0.8463030511417827,0.11734193301223902,0.11392318937877238,0.875,0.9670416932966278,0.9999999900003362,0.0,0.35918939117759807,0.6140138977655426,ETTm2,raw,2016,2112,raw:2016:3,mid,high
4,0.9916499763305604,0.15632823392611228,0.23487743546815035,0.125,0.7425410856417799,0.9999999900003362,0.0,0.46095188190827435,0.2891803618805933,ETTm2,raw,2016,2112,raw:2016:4,high,low
5,0.0,0.4887682850837375,0.0,0.25,0.7255595126045773,0.9999999900003362,0.0,0.16292276169457917,0.3251865042015258,ETTm2,raw,2016,2112,raw:2016:5,low,low
6,0.9226963720729671,0.00912781143761493,0.005665164584895543,0.0,0.5244792197406457,0.9999999900003362,0.0,0.3124964493651592,0.17482640658021523,ETTm2,raw,2016,2112,raw:2016:6,low,low
0,0.6950768599755768,0.16772265932977748,0.06741978371720195,0.25,0.7775257460200203,0.999999990000303,0.0,0.3100731010075187,0.3425085820066734,ETTm2,raw,2208,2304,raw:2208:0,low,low
1,0.4726783106610942,0.1097425546603926,0.41147697785415727,0.625,0.8336771764719833,0.999999990000303,0.0,0.33129928105854806,0.48622572549066106,ETTm2,raw,2208,2304,raw:2208:1,mid,mid
2,0.6815300221534621,0.20719182250432372,0.07204744277898416,0.125,0.8029900279977792,0.999999990000303,0.0,0.32025642914559,0.3093300093325931,ETTm2,raw,2208,2304,raw:2208:2,low,low
3,0.36828942479187055,0.1117928554258112,0.482721343847085,0.625,0.8415542593585585,0.999999990000303,0.0,0.3209345413549222,0.4888514197861862,ETTm2,raw,2208,2304,raw:2208:3,low,mid
4,0.9065932705054512,0.28469110055708663,0.8346142227624185,0.875,0.9767659232811133,0.999999990000303,0.0,0.6752995312749853,0.6172553077603711,ETTm2,raw,2208,2304,raw:2208:4,high,high
5,0.0,0.17666268967499013,0.0,0.75,0.8551825603030743,0.999999990000303,0.0,0.05888756322499671,0.535060853434358,ETTm2,raw,2208,2304,raw:2208:5,low,mid
6,0.8728979764306615,0.019050332672254727,0.0027122714268406276,0.0,0.528678168612934,0.999999990000303,0.0,0.29822019350991896,0.17622605620431134,ETTm2,raw,2208,2304,raw:2208:6,low,low
0,0.6147571481942097,0.24388793462703276,0.24060779726326192,0.5,0.7177753345663244,0.9999999900000421,0.0,0.36641762669483474,0.40592511152210814,ETTm2,raw,2304,2400,raw:2304:0,mid,mid
1,0.4646334146926371,0.3558079020836499,0.497466577107336,0.25,0.8628318711009877,0.9999999900000421,0.0,0.439302631294541,0.37094395703366256,ETTm2,raw,2304,2400,raw:2304:1,high,mid
2,0.5984728074601838,0.24263240837835082,0.18016171560471428,0.5,0.770202037997491,0.9999999900000421,0.0,0.340422310481083,0.423400679332497,ETTm2,raw,2304,2400,raw:2304:2,mid,mid
3,0.34317572255834794,0.37581122120967725,0.5964023730339375,0.5,0.9343022409117272,0.9999999900000421,0.0,0.4384631056006542,0.47810074697057575,ETTm2,raw,2304,2400,raw:2304:3,high,mid
4,0.5459560260566625,0.13641692942432143,0.3239887041184868,0.0,0.7442128884332873,0.9999999900000421,0.0,0.3354538865331569,0.24807096281109575,ETTm2,raw,2304,2400,raw:2304:4,mid,low
5,0.0,0.14747579390895166,0.0,0.125,0.8851400018460495,0.9999999900000421,0.0,0.04915859796965055,0.33671333394868314,ETTm2,raw,2304,2400,raw:2304:5,low,low
6,0.8441694798526466,0.008000969505596239,0.004099759314123132,0.0,0.5146300171199412,0.9999999900000421,0.0,0.28542340289078866,0.1715433390399804,ETTm2,raw,2304,2400,raw:2304:6,low,low
0,0.8012382280779123,0.3434552825143942,0.3521698138381876,0.5,0.9510966376602544,0.9999999900000525,0.0,0.49895444147683143,0.48369887922008487,ETTm2,raw,2496,2592,raw:2496:0,high,mid
1,0.5637544393437249,0.2931365060490373,0.4215347468028994,0.75,0.952335616099629,0.9999999900000525,0.0,0.42614189739855385,0.567445205366543,ETTm2,raw,2496,2592,raw:2496:1,high,high
2,0.8316578871262107,0.3225105969837125,0.32081797209982604,0.625,0.9426040881152827,0.9999999900000525,0.0,0.4916621520699164,0.5225346960384276,ETTm2,raw,2496,2592,raw:2496:2,high,mid
3,0.7129096026172068,0.14971287934064903,0.38234307487551644,0.625,0.9269672315358228,0.9999999900000525,0.0,0.4149885189444575,0.5173224105119409,ETTm2,raw,2496,2592,raw:2496:3,high,mid
4,0.9999999987678463,0.11205482155221999,0.17896301122575706,0.0,0.654625610349608,0.9999999900000525,0.0,0.43033927718194104,0.21820853678320265,ETTm2,raw,2496,2592,raw:2496:4,high,low
5,0.0,0.08130749241458562,0.0,0.375,0.9143907003793442,0.9999999900000525,0.0,0.02710249747152854,0.4297969001264481,ETTm2,raw,2496,2592,raw:2496:5,low,mid
6,0.8535277981203658,0.06842758393227866,0.008723039714200078,0.0,0.6201915378228614,0.9999999900000525,0.0,0.3102261405889482,0.20673051260762046,ETTm2,raw,2496,2592,raw:2496:6,low,low
0,0.9108494068624328,0.2170769092791847,0.031669635532363745,0.125,0.7804856208051963,0.9999999900005966,0.0,0.3865319838913271,0.3018285402683988,ETTm2,raw,2592,2688,raw:2592:0,mid,low
1,0.8175413650308628,0.14858692495651935,0.06868172012259625,0.375,0.8738443484417078,0.9999999900005966,0.0,0.34493667003665945,0.4162814494805693,ETTm2,raw,2592,2688,raw:2592:1,mid,mid
2,0.8364920745423854,0.18749846736818077,0.02233088623207996,0.125,0.7880587889294042,0.9999999900005966,0.0,0.34877380938088204,0.3043529296431347,ETTm2,raw,2592,2688,raw:2592:2,mid,low
3,0.8290788282192048,0.11045047321359047,0.13183619601025953,0.5,0.8892346301982517,0.9999999900005966,0.0,0.3571218324810183,0.4630782100660839,ETTm2,raw,2592,2688,raw:2592:3,mid,mid
4,0.6629049850292548,0.10280977108998648,0.9544801348724944,0.125,0.832422237171367,0.9999999900005966,0.0,0.5733982969972452,0.319140745723789,ETTm2,raw,2592,2688,raw:2592:4,high,low
5,0.0,0.13395512159769146,0.0,0.0,0.9085951418050221,0.9999999900005966,0.0,0.044651707199230485,0.3028650472683407,ETTm2,raw,2592,2688,raw:2592:5,low,low
6,0.8810042766374367,0.014186347810876616,0.00443676294881536,0.0,0.5480287730377884,0.9999999900005966,0.0,0.2998757957990429,0.1826762576792628,ETTm2,raw,2592,2688,raw:2592:6,low,low
0,0.7488791687129945,0.27623529769975885,0.023466618233228903,0.75,0.9150860306949445,0.9999999900000477,0.0,0.3495270282153274,0.5550286768983148,ETTm2,raw,2688,2784,raw:2688:0,mid,mid
1,0.5559831098693837,0.281214168929212,0.3068597355039571,1.0,0.9764960105382406,0.9999999900000477,0.0,0.38135233810085095,0.6588320035127468,ETTm2,raw,2688,2784,raw:2688:1,mid,high
2,0.7684236799576138,0.20691636855871384,0.020015171199997465,0.375,0.8644748294985828,0.9999999900000477,0.0,0.3317850732387751,0.4131582764995276,ETTm2,raw,2688,2784,raw:2688:2,mid,mid
3,0.5857215526866185,0.34165558459546264,0.3986981195755341,0.625,0.9174291219034796,0.9999999900000477,0.0,0.4420250856192051,0.5141430406344932,ETTm2,raw,2688,2784,raw:2688:3,high,mid
4,0.9598976111451861,0.15713091992421763,0.13546112868122165,0.25,0.7886691127483014,0.9999999900000477,0.0,0.41749655325020846,0.3462230375827671,ETTm2,raw,2688,2784,raw:2688:4,high,low
5,0.0,0.24297288149979568,0.0,0.875,0.8739943455973768,0.9999999900000477,0.0,0.08099096049993189,0.5829981151991256,ETTm2,raw,2688,2784,raw:2688:5,low,high
6,0.8219319470383949,0.024321701218470444,0.008168880032971833,0.0,0.5506505260534483,0.9999999900000477,0.0,0.2848075094299457,0.18355017535114945,ETTm2,raw,2688,2784,raw:2688:6,low,low
0,0.0,0.0,0.0,0.0,-0.0,1.0,0.0,0.0,0.0,ETTm2,raw,2880,2976,raw:2880:0,low,low
1,0.0,0.0,0.0,0.0,-0.0,1.0,0.0,0.0,0.0,ETTm2,raw,2880,2976,raw:2880:1,low,low
2,0.0,0.0,0.0,0.0,-0.0,1.0,0.0,0.0,0.0,ETTm2,raw,2880,2976,raw:2880:2,low,low
3,0.0,0.0,0.0,0.0,-0.0,1.0,0.0,0.0,0.0,ETTm2,raw,2880,2976,raw:2880:3,low,low
4,0.0,0.0,0.0,0.0,-0.0,1.0,0.0,0.0,0.0,ETTm2,raw,2880,2976,raw:2880:4,low,low
5,0.0,0.0,0.0,0.0,-0.0,1.0,0.0,0.0,0.0,ETTm2,raw,2880,2976,raw:2880:5,low,low
6,0.0,0.0,0.0,0.0,-0.0,1.0,0.0,0.0,0.0,ETTm2,raw,2880,2976,raw:2880:6,low,low
0,0.896311372759763,0.26497455980142104,0.026730685083153842,0.375,0.8681038839356708,0.9999999900003573,0.0,0.3960055392147794,0.4143679613118903,ETTm2,raw,2976,3072,raw:2976:0,mid,mid
1,0.8196472586278994,0.28342795303117996,0.16691355485457912,0.625,0.98981906535376,0.9999999900003573,0.0,0.42332958883788613,0.5382730217845867,ETTm2,raw,2976,3072,raw:2976:1,high,mid
2,0.9022339282450385,0.19782592406249744,0.02281703183936133,0.25,0.8422332157691206,0.9999999900003573,0.0,0.3742922947156324,0.3640777385897069,ETTm2,raw,2976,3072,raw:2976:2,mid,low
3,0.6828946871507311,0.47877077346242747,0.18966188634819434,0.75,0.9761696363765224,0.9999999900003573,0.0,0.45044244898711755,0.5753898787921742,ETTm2,raw,2976,3072,raw:2976:3,high,high
4,0.9999999999998959,0.5039751027885233,0.5061843951088141,0.375,0.9627054042661611,0.9999999900003573,0.0,0.6700531659657445,0.4459018014220537,ETTm2,raw,2976,3072,raw:2976:4,high,mid
5,0.0,0.1372861918281922,0.0,1.0,0.8668559874106778,0.9999999900003573,0.0,0.04576206394273074,0.6222853291368926,ETTm2,raw,2976,3072,raw:2976:5,low,high
6,0.8094825431541124,0.026004383725368188,0.0024060501304160957,0.0,0.5728596979838665,0.9999999900003573,0.0,0.2792976590032989,0.19095323266128883,ETTm2,raw,2976,3072,raw:2976:6,low,low
0,0.5932753745508554,0.16951128054869133,0.19093456191417543,0.375,0.9217176781824492,0.999999990000207,0.0,0.31790707233790744,0.4322392260608164,ETTm2,raw,3168,3264,raw:3168:0,low,mid
1,0.5704895042312244,0.18448497998497476,0.292903877925408,0.375,0.8469633870229335,0.999999990000207,0.0,0.34929278738053576,0.40732112900764444,ETTm2,raw,3168,3264,raw:3168:1,mid,mid
2,0.7039998996601662,0.174705903229524,0.30924478658145915,0.625,0.9241212439392895,0.999999990000207,0.0,0.39598352982371643,0.5163737479797632,ETTm2,raw,3168,3264,raw:3168:2,mid,mid
3,0.5368396589711206,0.16103492876257672,0.3193949347252342,0.375,0.8292866080146077,0.999999990000207,0.0,0.3390898408196439,0.4014288693382026,ETTm2,raw,3168,3264,raw:3168:3,mid,mid
4,0.9765630762184903,0.2870612319975375,0.07176676542304647,0.125,0.8382984256030279,0.999999990000207,0.0,0.44513035787969146,0.3210994752010093,ETTm2,raw,3168,3264,raw:3168:4,high,low
5,0.0,0.41206118857166296,0.0,0.125,0.8181427114748369,0.999999990000207,0.0,0.13735372952388766,0.3143809038249456,ETTm2,raw,3168,3264,raw:3168:5,low,low
6,0.7556489739295176,0.026940043329189214,0.22017788441604944,0.0,0.4312129080089951,0.999999990000207,0.0,0.3342556338915854,0.14373763600299835,ETTm2,raw,3168,3264,raw:3168:6,mid,low
0,0.9048663983119358,0.0867768590299881,0.041301573310298476,0.5,0.8738084959912268,0.9999999900000505,0.0,0.3443149435507408,0.4579361653304089,ETTm2,raw,3264,3360,raw:3264:0,mid,mid
1,0.8213038753893491,0.04131993859059213,0.2001569448764444,0.375,0.9016805034720335,0.9999999900000505,0.0,0.35426025295212854,0.42556016782401124,ETTm2,raw,3264,3360,raw:3264:1,mid,mid
2,0.8639688405549129,0.08179463705825718,0.03218195698628898,0.25,0.7599788182147464,0.9999999900000505,0.0,0.32598181153315303,0.33665960607158213,ETTm2,raw,3264,3360,raw:3264:2,mid,low
3,0.8015427639201749,0.04938047267425431,0.24209916384087635,0.25,0.8876254968875587,0.9999999900000505,0.0,0.36434080014510184,0.3792084989625195,ETTm2,raw,3264,3360,raw:3264:3,mid,mid
4,0.028191318685881428,0.18777210867843763,0.13398022530488335,0.0,0.5961782322083836,0.9999999900000505,0.0,0.11664788422306747,0.19872607740279455,ETTm2,raw,3264,3360,raw:3264:4,low,low
5,0.0,0.2640757133103301,0.0,0.0,0.9115973952162616,0.9999999900000505,0.0,0.08802523777011002,0.30386579840542055,ETTm2,raw,3264,3360,raw:3264:5,low,low
6,0.9546867554951664,0.053467617066384296,0.049653327801518786,0.0,0.5452226852731142,0.9999999900000505,0.0,0.3526025667876898,0.18174089509103808,ETTm2,raw,3264,3360,raw:3264:6,mid,low
0,0.6528346702198538,0.12366998513668462,0.36890872606246905,1.0,0.9890094246366419,0.9999999900000599,0.0,0.3818044604730025,0.6630031415455473,ETTm2,raw,3360,3456,raw:3360:0,mid,high
1,0.669707448868697,0.19145754900411172,0.3075823672879622,1.0,0.9851603163938956,0.9999999900000599,0.0,0.3895824550535903,0.6617201054646319,ETTm2,raw,3360,3456,raw:3360:1,mid,high
2,0.658114148356369,0.119279795361695,0.16475812417086266,0.75,0.9897397649062369,0.9999999900000599,0.0,0.3140506892963089,0.5799132549687457,ETTm2,raw,3360,3456,raw:3360:2,low,high
3,0.7181117370499452,0.23766567884675177,0.30362273943186,1.0,0.9834907440739385,0.9999999900000599,0.0,0.4198000517761857,0.6611635813579796,ETTm2,raw,3360,3456,raw:3360:3,high,high
4,0.827541418399025,0.12452121970341612,0.02902205568069639,0.0,0.5946194491658515,0.9999999900000599,0.0,0.3270282312610458,0.19820648305528385,ETTm2,raw,3360,3456,raw:3360:4,mid,low
5,0.0,0.11281946880478169,0.0,1.0,0.8711484376596315,0.9999999900000599,0.0,0.0376064896015939,0.6237161458865438,ETTm2,raw,3360,3456,raw:3360:5,low,high
6,0.8254706993616991,0.11952138774654879,0.2650377744562707,0.25,0.7018955681212677,0.9999999900000599,0.0,0.40334328718817286,0.31729852270708925,ETTm2,raw,3360,3456,raw:3360:6,mid,low
0,0.47953072649763917,0.13728169219317826,0.2923587999807106,0.75,0.8639902808931232,0.9999999900046355,0.0,0.30305707289050937,0.5379967602977077,ETTm2,raw,3552,3648,raw:3552:0,low,mid
1,0.43772465655825965,0.2163986194476666,0.47114373199549675,0.625,0.8618609813958001,0.9999999900046355,0.0,0.375089002667141,0.49562032713193344,ETTm2,raw,3552,3648,raw:3552:1,mid,mid
2,0.5749016105284885,0.12505443289835033,0.2352379431061878,0.5,0.8422880158887672,0.9999999900046355,0.0,0.31173132884434224,0.44742933862958906,ETTm2,raw,3552,3648,raw:3552:2,low,mid
3,0.30752487889956925,0.206800490350819,0.4269460641056647,0.625,0.8296906756122169,0.9999999900046355,0.0,0.31375714445201763,0.484896891870739,ETTm2,raw,3552,3648,raw:3552:3,low,mid
4,0.9018684380417697,0.34846528812228783,0.0,1.0,0.9401595754089391,0.9999999900046355,0.0,0.41677790872135256,0.6467198584696464,ETTm2,raw,3552,3648,raw:3552:4,high,high
5,0.0,0.35348141166969316,0.0,1.0,0.9117485139786798,0.9999999900046355,0.0,0.11782713722323106,0.63724950465956,ETTm2,raw,3552,3648,raw:3552:5,low,high
6,0.8450196639382628,0.014999119892991769,0.003348312119743797,0.0,0.5388277592731512,0.9999999900046355,0.0,0.2877890319836661,0.17960925309105039,ETTm2,raw,3552,3648,raw:3552:6,low,low
0,0.8978738262229151,0.3882406324347689,0.040479629418320194,0.25,0.9333188317984326,0.9999999900002392,0.0,0.4421980293586681,0.3944396105994776,ETTm2,raw,3648,3744,raw:3648:0,high,mid
1,0.7398769227511147,0.1662280064395787,0.2574214351950535,0.375,0.8907653716104292,0.9999999900002392,0.0,0.38784212146191566,0.4219217905368097,ETTm2,raw,3648,3744,raw:3648:1,mid,mid
2,0.8827658358677294,0.23997797046397762,0.025596326673294516,0.375,0.9206951273384436,0.9999999900002392,0.0,0.3827800443350005,0.4318983757794812,ETTm2,raw,3648,3744,raw:3648:2,mid,mid
3,0.7041131430061647,0.20020206931534465,0.2309859029758772,0.5,0.9023236906581653,0.9999999900002392,0.0,0.3784337050991289,0.46744123021938844,ETTm2,raw,3648,3744,raw:3648:3,mid,mid
4,0.99999999999998,0.08776766827309453,0.014696033365635368,0.125,0.5046450772339249,0.9999999900002392,0.0,0.36748790054623665,0.2098816924113083,ETTm2,raw,3648,3744,raw:3648:4,mid,low
5,0.0,0.496793023255639,0.0,0.0,0.7231052919939801,0.9999999900002392,0.0,0.16559767441854634,0.2410350973313267,ETTm2,raw,3648,3744,raw:3648:5,low,low
6,0.8004969918818757,0.036789547690821184,0.020794489607145496,0.125,0.5843675275353294,0.9999999900002392,0.0,0.28602700972661416,0.23645584251177645,ETTm2,raw,3648,3744,raw:3648:6,low,low
0,0.9999999998768293,0.1440625585031656,0.027486053469842387,0.125,0.6814574944715859,0.9999999900003423,0.0,0.39051620394994574,0.268819164823862,ETTm2,raw,3840,3936,raw:3840:0,mid,low
1,0.999999999999998,0.056271745647653096,0.19024943043050352,0.25,0.7803651785168301,0.9999999900003423,0.0,0.41550705869271826,0.34345505950561,ETTm2,raw,3840,3936,raw:3840:1,high,low
2,0.8046470447402078,0.12648757036334682,0.030514458621055823,0.125,0.7682985345656279,0.9999999900003423,0.0,0.3205496912415368,0.2977661781885426,ETTm2,raw,3840,3936,raw:3840:2,low,low
3,0.8199876437835408,0.41857997421129406,0.2859372000085597,0.25,0.7679624649172416,0.9999999900003423,0.0,0.5081682726677982,0.33932082163908056,ETTm2,raw,3840,3936,raw:3840:3,high,low
4,1.0,0.17390701122149937,0.05927503401775556,0.125,0.674969259383948,0.9999999900003423,0.0,0.41106068174641824,0.2666564197946493,ETTm2,raw,3840,3936,raw:3840:4,high,low
5,0.0,0.39580382512736345,0.0,1.0,0.900237340060174,0.9999999900003423,0.0,0.13193460837578783,0.6334124466867247,ETTm2,raw,3840,3936,raw:3840:5,low,high
6,0.9232488098666062,0.11879783456324115,0.05817702976446523,0.0,0.6299201415118578,0.9999999900003423,0.0,0.3667412247314375,0.20997338050395262,ETTm2,raw,3840,3936,raw:3840:6,mid,low
0,0.999999996362004,0.07180860836723194,0.5570995523121361,0.75,0.9626336869878424,0.9999999900012211,0.0,0.5429693856804573,0.5708778956626142,ETTm2,raw,3936,4032,raw:3936:0,high,high
1,0.9999999999999816,0.048963385414209595,0.033826081832597214,0.25,0.7374849194109361,0.9999999900012211,0.0,0.3609298224155961,0.3291616398036454,ETTm2,raw,3936,4032,raw:3936:1,mid,low
2,0.9394283440048015,0.16517474996009388,0.04849162507799879,0.25,0.9453641474743695,0.9999999900012211,0.0,0.3843649063476314,0.3984547158247898,ETTm2,raw,3936,4032,raw:3936:2,mid,mid
3,0.9151213731359836,0.10834007149984513,0.11049887455514341,0.25,0.9430273648973899,0.9999999900012211,0.0,0.3779867730636574,0.39767578829913,ETTm2,raw,3936,4032,raw:3936:3,mid,mid
4,0.9453538351196262,0.17561235355730756,0.03111851844722006,0.125,0.5350241844621989,0.9999999900012211,0.0,0.3840282357080513,0.22000806148739963,ETTm2,raw,3936,4032,raw:3936:4,mid,low
5,0.0,0.22753973277051281,0.0,0.875,0.9320987186582296,0.9999999900012211,0.0,0.07584657759017094,0.6023662395527433,ETTm2,raw,3936,4032,raw:3936:5,low,high
6,0.8857248603419619,0.015754999513800563,0.004161550565113941,0.0,0.5342741152823443,0.9999999900012211,0.0,0.3018804701402921,0.1780913717607814,ETTm2,raw,3936,4032,raw:3936:6,low,low
0,0.8649929389894933,0.2633375684815509,0.11873179504322436,0.375,0.866122902381687,0.9999999900000206,0.0,0.4156874341714228,0.413707634127229,ETTm2,raw,4128,4224,raw:4128:0,high,mid
1,0.6241033819181807,0.3130934418158591,0.29994131692770637,0.5,0.9482082050447681,0.9999999900000206,0.0,0.412379380220582,0.482736068348256,ETTm2,raw,4128,4224,raw:4128:1,high,mid
2,0.8259686888232876,0.34266693579006774,0.16364254646207535,0.125,0.8297504768186434,0.9999999900000206,0.0,0.44409272369181024,0.31825015893954783,ETTm2,raw,4128,4224,raw:4128:2,high,low
3,0.6903686449545848,0.44180769869666214,0.3545973177794685,0.125,0.9504256706034777,0.9999999900000206,0.0,0.4955912204769051,0.35847522353449257,ETTm2,raw,4128,4224,raw:4128:3,high,low
4,0.9999999943635527,0.09097418089943438,0.452331079519717,0.0,0.6006644561607564,0.9999999900000206,0.0,0.5144350849275681,0.20022148538691878,ETTm2,raw,4128,4224,raw:4128:4,high,low
5,0.0,0.1547577057307698,0.0,0.875,0.8783652009868367,0.9999999900000206,0.0,0.0515859019102566,0.5844550669956122,ETTm2,raw,4128,4224,raw:4128:5,low,high
6,0.9676568548456976,0.011615500943497776,0.008213931441122911,0.0,0.5299582536027082,0.9999999900000206,0.0,0.3291620957434394,0.17665275120090274,ETTm2,raw,4128,4224,raw:4128:6,mid,low
0,0.7637095895059571,0.45949446181657033,0.10750259168133637,0.375,0.9148562386317285,0.9999999900000419,0.0,0.44356888100128794,0.4299520795439095,ETTm2,raw,4224,4320,raw:4224:0,high,mid
1,0.5189392057414861,0.39422211805382196,0.5989219653579826,0.375,0.9478215341719319,0.9999999900000419,0.0,0.5040277630510969,0.44094051139064394,ETTm2,raw,4224,4320,raw:4224:1,high,mid
2,0.7840243471498473,0.3379925919043136,0.08677725271293452,0.125,0.8756282213062677,0.9999999900000419,0.0,0.40293139725569843,0.3335427404354226,ETTm2,raw,4224,4320,raw:4224:2,mid,low
3,0.3493662369212758,0.5113420255537764,0.6501863907630892,0.75,0.9390297187195636,0.9999999900000419,0.0,0.5036315510793804,0.5630099062398545,ETTm2,raw,4224,4320,raw:4224:3,high,high
4,0.6398372306193405,0.17208585007773178,0.11778074110587913,0.125,0.7718827078261036,0.9999999900000419,0.0,0.30990127393431716,0.2989609026087012,ETTm2,raw,4224,4320,raw:4224:4,low,low
5,0.0,0.09430366179762745,0.0,0.5,0.9026367341843062,0.9999999900000419,0.0,0.031434553932542485,0.46754557806143543,ETTm2,raw,4224,4320,raw:4224:5,low,mid
6,0.8596040239768427,0.020626815885624594,0.10107069821123393,0.0,0.5496762664356956,0.9999999900000419,0.0,0.3271005126912337,0.18322542214523185,ETTm2,raw,4224,4320,raw:4224:6,mid,low
0,0.863600377562153,0.31377616253218027,0.014231436334680238,0.5,0.9071547994412056,0.9999999900000149,0.0,0.39720265880967115,0.4690515998137352,ETTm2,raw,4320,4416,raw:4320:0,mid,mid
1,0.7691626566897919,0.18666089658130858,0.03147569922668787,0.5,0.9335010530080636,0.9999999900000149,0.0,0.3290997508325961,0.4778336843360212,ETTm2,raw,4320,4416,raw:4320:1,mid,mid
2,0.8962663590044714,0.2234684701146872,0.011807649597504032,0.25,0.8850203460588856,0.9999999900000149,0.0,0.3771808262388876,0.3783401153529618,ETTm2,raw,4320,4416,raw:4320:2,mid,mid
3,0.8625554221107944,0.1397714132506967,0.029714146708362196,0.375,0.9273165459782822,0.9999999900000149,0.0,0.3440136606899511,0.43410551532609404,ETTm2,raw,4320,4416,raw:4320:3,mid,mid
4,0.4186379994903723,0.060504089137354417,0.020125249130084087,0.0,0.45293199345782137,0.9999999900000149,0.0,0.16642244591927025,0.1509773311526071,ETTm2,raw,4320,4416,raw:4320:4,low,low
5,0.0,0.21562153504973622,0.0,1.0,0.8784251195779441,0.9999999900000149,0.0,0.07187384501657874,0.6261417065259813,ETTm2,raw,4320,4416,raw:4320:5,low,high
6,0.8512858576201674,0.023369526803732554,0.0361221229870093,0.0,0.549298803442571,0.9999999900000149,0.0,0.3035925024703031,0.18309960114752366,ETTm2,raw,4320,4416,raw:4320:6,low,low
0,0.8534884257744063,0.07228208610570805,0.10702163531765256,0.25,0.7827542774068839,0.999999990000032,0.0,0.34426404906592234,0.3442514258022946,ETTm2,raw,4512,4608,raw:4512:0,mid,low
1,0.6988054632651793,0.18081346609970483,0.3291045747459382,0.25,0.8427750303779374,0.999999990000032,0.0,0.40290783470360747,0.3642583434593125,ETTm2,raw,4512,4608,raw:4512:1,mid,low
2,0.8680874371628966,0.08128547023270721,0.09544174551499114,0.125,0.650987930445377,0.999999990000032,0.0,0.34827155097019835,0.2586626434817923,ETTm2,raw,4512,4608,raw:4512:2,mid,low
3,0.6202089605864123,0.15505968699351252,0.34510063356295545,0.0,0.7290752070176253,0.999999990000032,0.0,0.37345642704762677,0.2430250690058751,ETTm2,raw,4512,4608,raw:4512:3,mid,low
4,0.5853103337855914,0.21621192685527446,0.20259601447760153,0.0,0.6445199388642089,0.999999990000032,0.0,0.3347060917061558,0.21483997962140297,ETTm2,raw,4512,4608,raw:4512:4,mid,low
5,0.0,0.2690918870520135,0.0,1.0,0.8189559556604933,0.999999990000032,0.0,0.08969729568400449,0.6063186518868311,ETTm2,raw,4512,4608,raw:4512:5,low,high
6,0.9440617928043525,0.009943438728406053,0.0026269300936053366,0.0,0.5133129510692939,0.999999990000032,0.0,0.318877387208788,0.17110431702309795,ETTm2,raw,4512,4608,raw:4512:6,low,low
0,0.8342244195955839,0.15804693046203883,0.05042605217830153,0.125,0.8723258214210783,0.9999999900000175,0.0,0.34756580074530813,0.33244194047369274,ETTm2,raw,4608,4704,raw:4608:0,mid,low
1,0.7789492713809018,0.141351413263627,0.2676396440398325,0.375,0.8631169298083208,0.9999999900000175,0.0,0.39598010956145374,0.41270564326944026,ETTm2,raw,4608,4704,raw:4608:1,mid,mid
2,0.8988266819552391,0.15139105623652502,0.044511714058616134,0.125,0.8402333919634917,0.9999999900000175,0.0,0.36490981741679346,0.3217444639878306,ETTm2,raw,4608,4704,raw:4608:2,mid,low
3,0.7557439204820922,0.15678255712175151,0.28425535003145913,0.25,0.8627046350575523,0.9999999900000175,0.0,0.3989272758784343,0.3709015450191841,ETTm2,raw,4608,4704,raw:4608:3,mid,mid
4,0.2561420054622524,0.0750466283395402,0.20261504444128764,0.375,0.7978728146806451,0.9999999900000175,0.0,0.1779345594143601,0.39095760489354836,ETTm2,raw,4608,4704,raw:4608:4,low,mid
5,0.0,0.15698647728856058,0.0,1.0,0.8647411472099193,0.9999999900000175,0.0,0.052328825762853526,0.6215803824033065,ETTm2,raw,4608,4704,raw:4608:5,low,high
6,0.9126488246699402,0.024657159381518884,0.006206396073801046,0.0,0.5640860051801654,0.9999999900000175,0.0,0.31450412670842004,0.18802866839338847,ETTm2,raw,4608,4704,raw:4608:6,low,low
0,0.3121574823771007,0.5268689226542549,0.30050977052165034,0.125,0.8515497877771077,0.9999999900000716,0.0,0.379845391851002,0.32551659592570253,ETTm2,raw,4800,4896,raw:4800:0,mid,low
1,0.32387445031094586,0.2655787801815441,0.4114831498772723,0.25,0.916658921194822,0.9999999900000716,0.0,0.3336454601232541,0.38888630706494065,ETTm2,raw,4800,4896,raw:4800:1,mid,mid
2,0.5102435811599457,0.3488692123413729,0.20896240442773048,0.125,0.8044859876048379,0.9999999900000716,0.0,0.3560250659763497,0.30982866253494595,ETTm2,raw,4800,4896,raw:4800:2,mid,low
3,0.39048110814484993,0.20496462135229107,0.26578789614767423,0.25,0.8635996452824851,0.9999999900000716,0.0,0.2870778752149384,0.37119988176082835,ETTm2,raw,4800,4896,raw:4800:3,low,mid
4,0.4563909049028265,0.14063317609093925,0.2647891003697752,0.375,0.911898543280171,0.9999999900000716,0.0,0.28727106045451367,0.4289661810933903,ETTm2,raw,4800,4896,raw:4800:4,low,mid
5,0.0,0.2285343160371204,0.0,0.875,0.7658068350582905,0.9999999900000716,0.0,0.0761781053457068,0.5469356116860968,ETTm2,raw,4800,4896,raw:4800:5,low,mid
6,0.7343403055301134,0.047556167502619984,0.6336046101356222,0.125,0.6084525308672948,0.9999999900000716,0.0,0.4718336943894519,0.24448417695576494,ETTm2,raw,4800,4896,raw:4800:6,high,low
0,0.8724576486585263,0.36831038009299444,0.034769959471247544,0.25,0.9117388526702589,2.295841904790445,0.21597365043845143,0.42517932940758946,0.45923750103623684,ETTm2,raw,4896,4992,raw:4896:0,high,mid
1,0.8969802139596008,0.22082532172934907,0.0647459299305073,0.375,0.9171681545490408,2.295841904790445,0.21597365043845143,0.3941838218731524,0.5027139349958308,ETTm2,raw,4896,4992,raw:4896:1,mid,mid
2,0.9399460417554545,0.25972922468576687,0.03190667425958349,0.25,0.8835354571808881,2.295841904790445,0.21597365043845143,0.41052731356693495,0.4498363692064465,ETTm2,raw,4896,4992,raw:4896:2,high,mid
3,0.8594904751307268,0.11814562944305967,0.06303117742651226,0.25,0.8360679582396475,2.295841904790445,0.21597365043845143,0.34688909400009954,0.4340138695593663,ETTm2,raw,4896,4992,raw:4896:3,mid,mid
4,0.9999999989290176,0.08964610289073988,0.4923908890629672,0.25,0.8515760024723278,2.295841904790445,0.21597365043845143,0.5273456636275748,0.4391832176369264,ETTm2,raw,4896,4992,raw:4896:4,high,mid
5,0.0,0.0,0.0,0.0,-0.0,2.295841904790445,0.21597365043845143,0.0,0.07199121681281714,ETTm2,raw,4896,4992,raw:4896:5,low,low
6,0.9359338464188198,0.026147284904505096,0.010461046619117636,0.125,0.6389964821529829,2.295841904790445,0.21597365043845143,0.3241807259808142,0.32665671086381143,ETTm2,raw,4896,4992,raw:4896:6,mid,low
0,0.9211520294858948,0.19058313323737489,0.07685589146093802,0.5,0.9267141215426714,1.5194286149077953,0.08657143567368017,0.39619701806140256,0.5044285190721173,ETTm2,raw,4992,5088,raw:4992:0,mid,mid
1,0.7440555238664177,0.1712008056151717,0.12217986783838497,0.75,0.9387512012559973,1.5194286149077953,0.08657143567368017,0.3458120657733248,0.5917742123098925,ETTm2,raw,4992,5088,raw:4992:1,mid,high
2,0.92678997570173,0.13123441969369903,0.05622806161278035,0.25,0.9057481840165809,1.5194286149077953,0.08657143567368017,0.3714174856694032,0.41410653989675367,ETTm2,raw,4992,5088,raw:4992:2,mid,mid
3,0.7647891147841837,0.25499090139041086,0.12133735108769857,0.875,0.9259661669324453,1.5194286149077953,0.08657143567368017,0.38037245575409767,0.6291792008687085,ETTm2,raw,4992,5088,raw:4992:3,mid,high
4,0.999999998007618,0.3618190748642625,0.0,0.75,0.9261552031941026,1.5194286149077953,0.08657143567368017,0.4539396909572935,0.5875755462892609,ETTm2,raw,4992,5088,raw:4992:4,high,high
5,0.0,0.0,0.0,0.0,-0.0,1.5194286149077953,0.08657143567368017,0.0,0.028857145224560055,ETTm2,raw,4992,5088,raw:4992:5,low,low
6,0.9325843241786977,0.017464574394708623,0.050842021623440134,0.0,0.6289976385197247,1.5194286149077953,0.08657143567368017,0.33363030673228217,0.23852302473113496,ETTm2,raw,4992,5088,raw:4992:6,mid,low
0,0.7004420708391346,0.1690426257709763,0.06029606983826762,0.375,0.896266018376038,2.1077082546695958,0.1846180421372359,0.3099269221494595,0.48529468683775795,ETTm2,raw,5184,5280,raw:5184:0,low,mid
1,0.6387563342874528,0.19391659550904844,0.8378816405171331,0.375,0.9024081855463506,2.1077082546695958,0.1846180421372359,0.556851523437878,0.4873420758945288,ETTm2,raw,5184,5280,raw:5184:1,high,mid
2,0.8058688074411092,0.07782426382291828,0.09742946458359551,0.375,0.866146051681913,2.1077082546695958,0.1846180421372359,0.327040845282541,0.4752546979397163,ETTm2,raw,5184,5280,raw:5184:2,mid,mid
3,0.798554895932183,0.21234032654977264,0.44016466861452186,0.375,0.9119835601525946,2.1077082546695958,0.1846180421372359,0.4836866303654925,0.49053386742994354,ETTm2,raw,5184,5280,raw:5184:3,high,mid
4,0.496961828239582,0.1797758159409334,0.12703815400816965,0.375,0.8527634961084422,2.1077082546695958,0.1846180421372359,0.267925266062895,0.47079384608189273,ETTm2,raw,5184,5280,raw:5184:4,low,mid
5,0.0,0.0,0.0,0.0,-0.0,2.1077082546695958,0.1846180421372359,0.0,0.06153934737907863,ETTm2,raw,5184,5280,raw:5184:5,low,low
6,0.8788360162656809,0.013181679102685698,0.02264203406849924,0.0,0.5368133370268824,2.1077082546695958,0.1846180421372359,0.3048865764789553,0.24047712638803942,ETTm2,raw,5184,5280,raw:5184:6,low,low
0,0.9420004785689642,0.18534693348283332,0.019959195335117565,0.375,0.8933463864289667,2.0645307160362156,0.17742178571033296,0.3824355357956383,0.48192272404643327,ETTm2,raw,5280,5376,raw:5280:0,mid,mid
1,0.9368034520809796,0.2766824500361511,0.061935128299297294,0.625,0.9495427075532564,2.0645307160362156,0.17742178571033296,0.42514034347214263,0.5839881644211965,ETTm2,raw,5280,5376,raw:5280:1,high,high
2,0.9484770675144877,0.1393275186671747,0.016192202624366235,0.25,0.8694792274332392,2.0645307160362156,0.17742178571033296,0.3679989296020095,0.43230033771452403,ETTm2,raw,5280,5376,raw:5280:2,mid,mid
3,0.952329855312962,0.2809861041614711,0.06243820074741712,0.375,0.9488330484543428,2.0645307160362156,0.17742178571033296,0.43191805340728334,0.5004182780548919,ETTm2,raw,5280,5376,raw:5280:3,high,mid
4,0.09700575095754627,0.14793805533703608,0.07576687848742006,0.0,0.6125987796668314,2.0645307160362156,0.17742178571033296,0.10690356159400079,0.26334018845905477,ETTm2,raw,5280,5376,raw:5280:4,low,low
5,0.0,0.0,0.0,0.0,-0.0,2.0645307160362156,0.17742178571033296,0.0,0.05914059523677765,ETTm2,raw,5280,5376,raw:5280:5,low,low
6,0.8693003819327382,0.029499426351943796,0.003240189959439232,0.0,0.5630776447026201,2.0645307160362156,0.17742178571033296,0.3006799994147071,0.24683314347098437,ETTm2,raw,5280,5376,raw:5280:6,low,low
0,0.9158211147237514,0.08336909345686708,0.33926196565815736,0.625,0.9570591730147124,2.6097089062275174,0.26828481725744485,0.44615072461292526,0.6167813300907191,ETTm2,raw,5472,5568,raw:5472:0,high,high
1,0.7663304781795459,0.24898533481969795,0.5443830259728512,0.375,0.9398250179298309,2.6097089062275174,0.26828481725744485,0.5198996129906983,0.5277032783957586,ETTm2,raw,5472,5568,raw:5472:1,high,mid
2,0.8834979642969959,0.09209411101487194,0.2760669639810122,0.75,0.9590963760545309,2.6097089062275174,0.26828481725744485,0.41721967976429336,0.6591270644373252,ETTm2,raw,5472,5568,raw:5472:2,high,high
3,0.7301272748790926,0.15581518725146945,0.5045693360220603,0.375,0.9066088339277828,2.6097089062275174,0.26828481725744485,0.46350393271754076,0.5166312170617425,ETTm2,raw,5472,5568,raw:5472:3,high,mid
4,0.9999999972929651,0.2018237168438784,0.2691244468574087,0.125,0.6517815581360755,2.6097089062275174,0.26828481725744485,0.4903160536647508,0.3483554584645068,ETTm2,raw,5472,5568,raw:5472:4,high,low
5,0.0,0.0,0.0,0.0,-0.0,2.6097089062275174,0.26828481725744485,0.0,0.08942827241914829,ETTm2,raw,5472,5568,raw:5472:5,low,low
6,0.9197849580000139,0.0038548761672385213,0.03240269938733623,0.0,0.535441830344231,2.6097089062275174,0.26828481725744485,0.3186808445181962,0.26790888253389195,ETTm2,raw,5472,5568,raw:5472:6,low,low
0,0.33528344490582074,0.24111531174961698,0.17846901118186811,0.5,0.8579449886540811,1.6728159230615676,0.11213598699003462,0.2516225892791019,0.49002699188137194,ETTm2,raw,5568,5664,raw:5568:0,low,mid
1,0.536659433786354,0.14433132843155133,0.4369326216829881,0.25,0.741982570408639,1.6728159230615676,0.11213598699003462,0.3726411279669644,0.3680395191328912,ETTm2,raw,5568,5664,raw:5568:1,mid,mid
2,0.3383569642700234,0.2085703400685026,0.13587720628082905,0.25,0.7976181086081888,1.6728159230615676,0.11213598699003462,0.227601503539785,0.3865846985327412,ETTm2,raw,5568,5664,raw:5568:2,low,mid
3,0.7352794847069528,0.21740833212907393,0.48609328328634893,0.25,0.7229264860957197,1.6728159230615676,0.11213598699003462,0.47959370004079194,0.3616874910285848,ETTm2,raw,5568,5664,raw:5568:3,high,low
4,0.9999999973940114,0.17734684190045485,0.18257699963507715,0.125,0.7362622263962371,1.6728159230615676,0.11213598699003462,0.4533079463098478,0.3244660711287572,ETTm2,raw,5568,5664,raw:5568:4,high,low
5,0.0,0.0,0.0,0.0,-0.0,1.6728159230615676,0.11213598699003462,0.0,0.03737866233001154,ETTm2,raw,5568,5664,raw:5568:5,low,low
6,0.8413349516225808,0.02537396614610809,0.01440322653771404,0.0,0.5383939699792184,1.6728159230615676,0.11213598699003462,0.2937040481021343,0.21684331898975098,ETTm2,raw,5568,5664,raw:5568:6,low,low
0,0.609329115014525,0.17217807549307368,0.18462501945983686,0.25,0.8431202001701368,2.0555236043936316,0.17592060043907093,0.3220440699891452,0.4230136002030693,ETTm2,raw,5760,5856,raw:5760:0,low,mid
1,0.1871151903641176,0.13919041706947086,0.06106929783582504,0.5,0.8274221713035472,2.0555236043936316,0.17592060043907093,0.12912496842313784,0.5011142572475394,ETTm2,raw,5760,5856,raw:5760:1,low,mid
2,0.6531799020502103,0.22555974060769032,0.41457561416813415,0.625,0.8755768845024702,2.0555236043936316,0.17592060043907093,0.4311050856086783,0.5588324949805137,ETTm2,raw,5760,5856,raw:5760:2,high,high
3,0.36852738363665727,0.14639301315513104,0.2124094858982547,0.5,0.7626567190247315,2.0555236043936316,0.17592060043907093,0.24244329423001434,0.4795257731546008,ETTm2,raw,5760,5856,raw:5760:3,low,mid
4,0.9575226735791804,0.11404412051231708,0.047195379696690666,0.0,0.5368365043765156,2.0555236043936316,0.17592060043907093,0.3729207245960627,0.23758570160519552,ETTm2,raw,5760,5856,raw:5760:4,mid,low
5,0.0,0.0,0.0,0.0,-0.0,2.0555236043936316,0.17592060043907093,0.0,0.05864020014635698,ETTm2,raw,5760,5856,raw:5760:5,low,low
6,0.8473665304306649,0.02096842726449049,0.013969990212898799,0.0,0.5198004689185695,2.0555236043936316,0.17592060043907093,0.29410164930268473,0.23190702311921343,ETTm2,raw,5760,5856,raw:5760:6,low,low
0,0.0,0.0,0.0,0.0,-0.0,1.0,0.0,0.0,0.0,ETTm2,raw,5856,5952,raw:5856:0,low,low
1,0.0,0.0,0.0,0.0,-0.0,1.0,0.0,0.0,0.0,ETTm2,raw,5856,5952,raw:5856:1,low,low
2,0.0,0.0,0.0,0.0,-0.0,1.0,0.0,0.0,0.0,ETTm2,raw,5856,5952,raw:5856:2,low,low
3,0.0,0.0,0.0,0.0,-0.0,1.0,0.0,0.0,0.0,ETTm2,raw,5856,5952,raw:5856:3,low,low
4,0.0,0.0,0.0,0.0,-0.0,1.0,0.0,0.0,0.0,ETTm2,raw,5856,5952,raw:5856:4,low,low
5,0.0,0.0,0.0,0.0,-0.0,1.0,0.0,0.0,0.0,ETTm2,raw,5856,5952,raw:5856:5,low,low
6,0.0,0.0,0.0,0.0,-0.0,1.0,0.0,0.0,0.0,ETTm2,raw,5856,5952,raw:5856:6,low,low
0,0.8368229419625339,0.239291685385709,0.24515337502213794,0.5,0.9677597134329454,2.422138976452365,0.23702316234702225,0.44042266745679365,0.5682609585933226,ETTm2,raw,5952,6048,raw:5952:0,high,high
1,0.7177028344812053,0.20217110225820906,0.42049148085161464,0.5,0.9179215400953016,2.422138976452365,0.23702316234702225,0.44678847253034304,0.5516482341474412,ETTm2,raw,5952,6048,raw:5952:1,high,mid
2,0.86065392973335,0.19668356093615014,0.16897796117450864,0.5,0.9787040498479398,2.422138976452365,0.23702316234702225,0.4087718172813362,0.571909070731654,ETTm2,raw,5952,6048,raw:5952:2,high,high
3,0.7509189412391453,0.2857481021781232,0.3052281575373803,0.5,0.9128268926599301,2.422138976452365,0.23702316234702225,0.44729840031821627,0.5499500183356508,ETTm2,raw,5952,6048,raw:5952:3,high,mid
4,0.8735510520627929,0.10496471097799295,0.0552642855897832,0.125,0.814484396427673,2.422138976452365,0.23702316234702225,0.344593349543523,0.3921691862582318,ETTm2,raw,5952,6048,raw:5952:4,mid,mid
5,0.0,0.0,0.0,0.0,-0.0,2.422138976452365,0.23702316234702225,0.0,0.07900772078234075,ETTm2,raw,5952,6048,raw:5952:5,low,low
6,0.9120717814044191,0.009663614699059152,0.004351416252418126,0.0,0.525547492146899,2.422138976452365,0.23702316234702225,0.3086956041186321,0.25419021816464044,ETTm2,raw,5952,6048,raw:5952:6,low,low
0,0.6195904219571612,0.18161422097796315,0.16549288516988012,1.0,0.9850062346063718,0.9999999900005213,0.0,0.3222325093683348,0.6616687448687907,ETTm2,raw,6144,6240,raw:6144:0,low,high
1,0.39805187954475074,0.12302725726605912,0.34871309670269784,0.875,0.9551259150597731,0.9999999900005213,0.0,0.28993074450450257,0.610041971686591,ETTm2,raw,6144,6240,raw:6144:1,low,high
2,0.6076599037976815,0.20391560275315335,0.10993028840136417,0.625,0.9733942495678336,0.9999999900005213,0.0,0.3071685983173997,0.5327980831892779,ETTm2,raw,6144,6240,raw:6144:2,low,mid
3,0.5156403422252065,0.09699962095820366,0.22924597850764158,0.375,0.9456869262568145,0.9999999900005213,0.0,0.2806286472303506,0.4402289754189382,ETTm2,raw,6144,6240,raw:6144:3,low,mid
4,0.9999999975023437,0.11242910371332543,0.0037892183000816397,0.125,0.6764100552532389,0.9999999900005213,0.0,0.3720727731719169,0.26713668508441296,ETTm2,raw,6144,6240,raw:6144:4,mid,low
5,0.0,8.209418309106726e-07,0.0,1.0,0.7285501983463586,0.9999999900005213,0.0,2.736472769702242e-07,0.5761833994487863,ETTm2,raw,6144,6240,raw:6144:5,low,high
6,0.8940213391099868,0.022508857101400923,0.0032025030763211705,0.0,0.5368431976948546,0.9999999900005213,0.0,0.30657756642923634,0.17894773256495153,ETTm2,raw,6144,6240,raw:6144:6,low,low
0,0.3705922256004166,0.3569570294669526,0.5804712623273494,0.875,0.9328442028005336,2.158933643839871,0.19315560698471915,0.43600683913157284,0.6669999365950843,ETTm2,raw,6240,6336,raw:6240:0,high,high
1,0.5283963249532623,0.3077980213555086,0.6850004229309249,0.625,0.9538187914542837,2.158933643839871,0.19315560698471915,0.5070649230798986,0.590658132813001,ETTm2,raw,6240,6336,raw:6240:1,high,high
2,0.545578923409723,0.32061047876144144,0.4318247850567178,0.875,0.9749420666966302,2.158933643839871,0.19315560698471915,0.4326713957426274,0.6810325578937831,ETTm2,raw,6240,6336,raw:6240:2,high,high
3,0.6819152763986809,0.2574586935532083,0.4046987124236435,0.5,0.9455838465257469,2.158933643839871,0.19315560698471915,0.4480242274585109,0.5462464845034887,ETTm2,raw,6240,6336,raw:6240:3,high,mid
4,0.4385455856935736,0.11942208599563749,0.06209312421103134,0.125,0.6999123305903932,2.158933643839871,0.19315560698471915,0.20668693196674748,0.33935597919170407,ETTm2,raw,6240,6336,raw:6240:4,low,low
5,0.0,0.0,0.0,0.0,-0.0,2.158933643839871,0.19315560698471915,0.0,0.06438520232823972,ETTm2,raw,6240,6336,raw:6240:5,low,low
6,0.8615384241068952,0.026106793516010376,0.02539366568082052,0.0,0.5233892699607646,2.158933643839871,0.19315560698471915,0.3043462944345754,0.23884829231516125,ETTm2,raw,6240,6336,raw:6240:6,low,low
0,0.33404584291204487,0.22635976661784818,0.5055605118523235,0.625,0.879961628878776,0.9999999900001119,0.0,0.3553220404607389,0.5016538762929253,ETTm2,raw,6432,6528,raw:6432:0,mid,mid
1,0.3872296914673945,0.3219348593205944,0.39382676653744675,0.625,0.9338723095077069,0.9999999900001119,0.0,0.36766377244181186,0.5196241031692357,ETTm2,raw,6432,6528,raw:6432:1,mid,mid
2,0.2750505706070808,0.3227047381458659,0.4947874487825465,0.875,0.906671754768813,0.9999999900001119,0.0,0.36418091917849776,0.5938905849229377,ETTm2,raw,6432,6528,raw:6432:2,mid,high
3,0.6189242777106319,0.37855160804905597,0.27405988602337955,0.75,0.9423613517244177,0.9999999900001119,0.0,0.42384525726102246,0.5641204505748059,ETTm2,raw,6432,6528,raw:6432:3,high,high
4,0.5041060402852751,0.13648733025473087,0.668605404110587,0.0,0.9147016907123308,0.9999999900001119,0.0,0.43639959155019764,0.30490056357077694,ETTm2,raw,6432,6528,raw:6432:4,high,low
5,0.0,0.10247210251042585,0.0,0.625,0.8491850663441153,0.9999999900001119,0.0,0.03415736750347528,0.49139502211470515,ETTm2,raw,6432,6528,raw:6432:5,low,mid
6,0.7562828451199441,0.4287212634519827,0.14190471727025036,0.25,0.6209540891844506,0.9999999900001119,0.0,0.44230294194739234,0.2903180297281502,ETTm2,raw,6432,6528,raw:6432:6,high,low
0,0.591193146563266,0.28785586908570476,0.2776029404117719,1.0,0.9701241431213569,0.9999999900000591,0.0,0.3855506520202476,0.6567080477071189,ETTm2,raw,6528,6624,raw:6528:0,mid,high
1,0.6767775614672289,0.13381450210365572,0.5624414416088149,0.875,0.9545987541475169,0.9999999900000591,0.0,0.45767783505989984,0.6098662513825056,ETTm2,raw,6528,6624,raw:6528:1,high,high
2,0.8372470004060562,0.3987584077914126,0.17583124728269264,0.875,0.9854678510351896,0.9999999900000591,0.0,0.47061221849338714,0.6201559503450632,ETTm2,raw,6528,6624,raw:6528:2,high,high
3,0.7375652059220218,0.17810720090712595,0.4451753975075907,1.0,0.947417407703803,0.9999999900000591,0.0,0.4536159347789128,0.6491391359012676,ETTm2,raw,6528,6624,raw:6528:3,high,high
4,0.9926825698974899,0.19770794825320478,0.12903873119132858,0.125,0.8294101875824119,0.9999999900000591,0.0,0.4398097497806744,0.3181367291941373,ETTm2,raw,6528,6624,raw:6528:4,high,low
5,0.0,0.21153704978209206,0.0,1.0,0.8741259754920616,0.9999999900000591,0.0,0.07051234992736402,0.6247086584973539,ETTm2,raw,6528,6624,raw:6528:5,low,high
6,0.9056195666989761,0.13510390442707254,0.08100474692572956,0.0,0.5264918102918457,0.9999999900000591,0.0,0.3739094060172594,0.1754972700972819,ETTm2,raw,6528,6624,raw:6528:6,mid,low
0,0.7849005886690852,0.2884187206950627,0.14655912282935957,0.75,0.9753503298927768,0.9999999900001019,0.0,0.4066261440645024,0.5751167766309256,ETTm2,raw,6624,6720,raw:6624:0,high,high
1,0.5868264945813795,0.11661706681129569,0.6401127456473646,0.75,0.8794010188570304,0.9999999900001019,0.0,0.44785210234667994,0.5431336729523434,ETTm2,raw,6624,6720,raw:6624:1,high,mid
2,0.7957207587235681,0.3301123718194573,0.10311787006993275,0.5,0.9578381471177546,0.9999999900001019,0.0,0.4096503335376527,0.48594604903925154,ETTm2,raw,6624,6720,raw:6624:2,high,mid
3,0.5885515757200777,0.07436603035666983,0.38251697945339597,0.625,0.7918728458405989,0.9999999900001019,0.0,0.34847819517671447,0.472290948613533,ETTm2,raw,6624,6720,raw:6624:3,mid,mid
4,0.999999993855987,0.13504841519265157,0.22408048365475502,0.5,0.8433031391776842,0.9999999900001019,0.0,0.4530429642344645,0.4477677130592281,ETTm2,raw,6624,6720,raw:6624:4,high,mid
5,0.0,0.187574550315351,0.0,1.0,0.8519639900645702,0.9999999900001019,0.0,0.062524850105117,0.6173213300215235,ETTm2,raw,6624,6720,raw:6624:5,low,high
6,0.9403627195497063,0.017369048800660418,0.011469995964456412,0.0,0.5346896607320636,0.9999999900001019,0.0,0.3230672547716077,0.17822988691068786,ETTm2,raw,6624,6720,raw:6624:6,low,low
0,0.6923185296305621,0.1416587240851893,0.08904782457983808,0.5,0.9219501393344515,0.999999990000043,0.0,0.3076750260985298,0.47398337977815047,ETTm2,raw,6816,6912,raw:6816:0,low,mid
1,0.8302672099558526,0.49523905381657485,0.5030817456103577,0.25,0.8539729370648929,0.999999990000043,0.0,0.6095293364609283,0.36799097902163097,ETTm2,raw,6816,6912,raw:6816:1,high,mid
2,0.7859019522429708,0.0927990986141971,0.07048841059292459,0.25,0.9352383481805181,0.999999990000043,0.0,0.3163964871500308,0.3950794493935061,ETTm2,raw,6816,6912,raw:6816:2,low,mid
3,0.8766898490268646,0.5158714087489632,0.5308395563962602,0.25,0.8582287647279887,0.999999990000043,0.0,0.6411336047240294,0.3694095882426629,ETTm2,raw,6816,6912,raw:6816:3,high,mid
4,0.9706107354908869,0.11177611895097792,0.06416458984551017,0.0,0.7321624246548859,0.999999990000043,0.0,0.38218381476245833,0.24405414155162863,ETTm2,raw,6816,6912,raw:6816:4,mid,low
5,0.0,0.10868758486082411,0.0,0.625,0.8547492640921358,0.999999990000043,0.0,0.03622919495360804,0.4932497546973786,ETTm2,raw,6816,6912,raw:6816:5,low,mid
6,0.7904174209156621,0.0031129402451089876,0.17516954045467248,0.125,0.5029918257862946,0.999999990000043,0.0,0.32289996720514785,0.20933060859543154,ETTm2,raw,6816,6912,raw:6816:6,low,low
0,0.24795946861950613,0.2156422366175495,0.4874702115072357,1.0,0.927133906489356,0.9999999900000337,0.0,0.31702397224809714,0.6423779688297854,ETTm2,raw,6912,7008,raw:6912:0,low,high
1,0.30653125454032926,0.161462864564849,0.7342099417900253,1.0,0.925694373313366,0.9999999900000337,0.0,0.40073468696506787,0.6418981244377887,ETTm2,raw,6912,7008,raw:6912:1,mid,high
2,0.6470789734838354,0.22032583383439386,0.45049731969828366,0.625,0.9629791886609357,0.9999999900000337,0.0,0.43930070900550433,0.5293263962203119,ETTm2,raw,6912,7008,raw:6912:2,high,mid
3,0.5484657553399125,0.14937133842595407,0.46533592311324246,0.625,0.8949891835714255,0.9999999900000337,0.0,0.387724338959703,0.5066630611904751,ETTm2,raw,6912,7008,raw:6912:3,mid,mid
4,0.8576253367605149,0.17798020703320122,0.14661646721738048,0.25,0.8454446314839167,0.9999999900000337,0.0,0.39407400367036555,0.3651482104946389,ETTm2,raw,6912,7008,raw:6912:4,mid,low
5,0.0,0.1362963996375689,0.0,0.875,0.8963796117067118,0.9999999900000337,0.0,0.045432133212522964,0.5904598705689039,ETTm2,raw,6912,7008,raw:6912:5,low,high
6,0.8461666800432971,0.07535759900732364,0.5511659326482672,0.0,0.47147462094759995,0.9999999900000337,0.0,0.4908967372329626,0.15715820698253333,ETTm2,raw,6912,7008,raw:6912:6,high,low
0,0.7996602841860382,0.19232966342466162,0.555805782627821,0.375,0.8818467576084265,0.9999999900000246,0.0,0.5159319100795069,0.41894891920280886,ETTm2,raw,7104,7200,raw:7104:0,high,mid
1,0.5927442727701169,0.10595718850316291,0.3221021593481062,0.125,0.8867101282787896,0.9999999900000246,0.0,0.340267873540462,0.3372367094262632,ETTm2,raw,7104,7200,raw:7104:1,mid,low
2,0.814147785605176,0.28139094783306173,0.6164556740044248,0.75,0.9268747500364947,0.9999999900000246,0.0,0.5706648024808875,0.5589582500121649,ETTm2,raw,7104,7200,raw:7104:2,high,high
3,0.45661359782783173,0.14569033249850366,0.49421028103633446,0.5,0.9606102723925404,0.9999999900000246,0.0,0.36550473712088993,0.4868700907975135,ETTm2,raw,7104,7200,raw:7104:3,mid,mid
4,0.9393781332719374,0.05664310998372178,0.07794806439360487,0.0,0.6156286364996755,0.9999999900000246,0.0,0.35798976921642134,0.20520954549989182,ETTm2,raw,7104,7200,raw:7104:4,mid,low
5,0.9999999943948411,0.16407466103966312,0.0,0.375,0.7810105513660294,0.9999999900000246,0.0,0.38802488514483474,0.38533685045534316,ETTm2,raw,7104,7200,raw:7104:5,mid,mid
6,0.8840458758098426,0.0229723421118544,0.014149959776995362,0.0,0.5287381835073637,0.9999999900000246,0.0,0.30705605923289747,0.17624606116912123,ETTm2,raw,7104,7200,raw:7104:6,low,low
0,0.4345811349563755,0.17996522844194948,0.39165980544385226,0.5,0.9133517702821438,0.9999999900000396,0.0,0.3354020562807258,0.47111725676071464,ETTm2,raw,7200,7296,raw:7200:0,mid,mid
1,0.5603728897604584,0.17037401308607975,0.42735474998039436,0.375,0.8058966050418663,0.9999999900000396,0.0,0.3860338842756441,0.39363220168062213,ETTm2,raw,7200,7296,raw:7200:1,mid,mid
2,0.44628270811965653,0.15739655596915564,0.32760036692762207,0.375,0.9618453038870503,0.9999999900000396,0.0,0.3104265436721448,0.44561510129568344,ETTm2,raw,7200,7296,raw:7200:2,low,mid
3,0.5460295903161176,0.0863854791579552,0.41975973030965086,0.625,0.8867238095261485,0.9999999900000396,0.0,0.3507249332612412,0.5039079365087161,ETTm2,raw,7200,7296,raw:7200:3,mid,mid
4,0.5354088957239382,0.22067084098835482,0.5992253024469101,0.25,0.7736761569885224,0.9999999900000396,0.0,0.45176834638640107,0.34122538566284083,ETTm2,raw,7200,7296,raw:7200:4,high,low
5,0.0,0.1305496045203425,0.0,0.25,0.9433287405574683,0.9999999900000396,0.0,0.04351653484011417,0.39777624685248947,ETTm2,raw,7200,7296,raw:7200:5,low,mid
6,0.336042758539681,0.08408285209205887,0.5303281470444328,0.125,0.5035479308603643,0.9999999900000396,0.0,0.3168179192253909,0.20951597695345478,ETTm2,raw,7200,7296,raw:7200:6,low,low
0,0.6345453252898765,0.1587225118570638,0.2864736850620962,0.75,0.9526264094531217,0.9999999900000274,0.0,0.3599138407363455,0.5675421364843739,ETTm2,raw,7392,7488,raw:7392:0,mid,high
1,0.6223481283670937,0.19054590723539827,0.334010274626614,0.625,0.834722176282068,0.9999999900000274,0.0,0.38230143674303535,0.4865740587606893,ETTm2,raw,7392,7488,raw:7392:1,mid,mid
2,0.6320417220949883,0.23105271465901947,0.1564375453099165,0.5,0.913674485184658,0.9999999900000274,0.0,0.33984399402130805,0.47122482839488605,ETTm2,raw,7392,7488,raw:7392:2,mid,mid
3,0.7948586310480811,0.26266333780511547,0.20690149275263203,0.625,0.8603586070345982,0.9999999900000274,0.0,0.42147448720194286,0.49511953567819944,ETTm2,raw,7392,7488,raw:7392:3,high,mid
4,0.9999999941621106,0.16234097844786854,1.685047226311784e-24,0.0,0.6796057479536858,0.9999999900000274,0.0,0.38744699086999307,0.22653524931789526,ETTm2,raw,7392,7488,raw:7392:4,mid,low
5,0.0,0.24097750134751117,0.0,0.0,0.891375069567896,0.9999999900000274,0.0,0.08032583378250373,0.2971250231892987,ETTm2,raw,7392,7488,raw:7392:5,low,low
6,0.7857276316991317,0.014050525622744347,0.08084771215895518,0.0,0.38465118444842505,0.9999999900000274,0.0,0.2935419564936104,0.12821706148280834,ETTm2,raw,7392,7488,raw:7392:6,low,low
0,0.7855745309306414,0.29324401624906193,0.04099682143270298,0.625,0.939660890183722,0.9999999900000172,0.0,0.3732717895374688,0.5215536300612407,ETTm2,raw,7488,7584,raw:7488:0,mid,mid
1,0.6448289427781199,0.42265901770396563,0.19673360917053717,0.625,0.9602415359927301,0.9999999900000172,0.0,0.42140718988420756,0.5284138453309101,ETTm2,raw,7488,7584,raw:7488:1,high,mid
2,0.7025713528258659,0.25208632508436324,0.016307843056527705,0.5,0.966382333184746,0.9999999900000172,0.0,0.3236551736555856,0.48879411106158194,ETTm2,raw,7488,7584,raw:7488:2,low,mid
3,0.5420323072302897,0.2889446068925959,0.17385484661165973,0.375,0.9296893293589956,0.9999999900000172,0.0,0.3349439202448485,0.4348964431196652,ETTm2,raw,7488,7584,raw:7488:3,mid,mid
4,0.6430080761304844,0.08507517233070536,0.1127383389108413,0.125,0.8283356328923155,0.9999999900000172,0.0,0.2802738624573437,0.3177785442974385,ETTm2,raw,7488,7584,raw:7488:4,low,low
5,0.0,0.08612467451619467,0.0,0.875,0.9700051616959304,0.9999999900000172,0.0,0.028708224838731557,0.6150017205653101,ETTm2,raw,7488,7584,raw:7488:5,low,high
6,0.9792565341315869,0.043702956842133586,0.0021920147143895405,0.0,0.521124349912659,0.9999999900000172,0.0,0.34171716856270334,0.173708116637553,ETTm2,raw,7488,7584,raw:7488:6,mid,low
0,0.6705500026568563,0.49058144049649166,0.19865661797596273,1.0,0.9649742783874454,3.275222990229369,0.37920383107288846,0.4532626870431036,0.7813927031534446,ETTm2,raw,7584,7680,raw:7584:0,high,high
1,0.727822983630761,0.23219310962346523,0.2547629510865037,1.0,0.9460629404608417,3.275222990229369,0.37920383107288846,0.4049263481135767,0.7750889238445767,ETTm2,raw,7584,7680,raw:7584:1,mid,high
2,0.6236364958158627,0.3189824911672496,0.1026776104171672,0.75,0.9641485385247653,3.275222990229369,0.37920383107288846,0.3484321991334265,0.697784123199218,ETTm2,raw,7584,7680,raw:7584:2,mid,high
3,0.5195239146193762,0.29189456184660034,0.321730102409283,1.0,0.9510720143982749,3.275222990229369,0.37920383107288846,0.37771619295841985,0.7767586151570546,ETTm2,raw,7584,7680,raw:7584:3,mid,high
4,0.9414294806181068,0.13857695301601164,0.058851860229789825,0.0,0.7382300645562141,3.275222990229369,0.37920383107288846,0.37961943128796943,0.37247796520970083,ETTm2,raw,7584,7680,raw:7584:4,mid,mid
5,0.9999999985472705,0.18279374055144193,0.9999999824685649,0.25,0.8686850793880244,3.275222990229369,0.37920383107288846,0.7275979071890925,0.4992963034869709,ETTm2,raw,7584,7680,raw:7584:5,high,mid
6,0.8652094197508196,0.014099039218830116,0.002011351683321741,0.0,0.5139554228249483,3.275222990229369,0.37920383107288846,0.29377327021765715,0.2977197512992789,ETTm2,raw,7584,7680,raw:7584:6,low,low
0,0.6058306898942617,0.23617520699502903,0.311996374969917,0.625,0.9627985901685557,2.6549406934913455,0.27582344845551854,0.38466742395306924,0.6212073462080246,ETTm2,raw,7776,7872,raw:7776:0,mid,high
1,0.5093985797363778,0.20977680257676085,0.42949314486818757,0.5,0.9367485491525503,2.6549406934913455,0.27582344845551854,0.38288950906044206,0.5708573325360229,ETTm2,raw,7776,7872,raw:7776:1,mid,high
2,0.7871214035648099,0.4112164677340506,0.0986732995545461,0.75,0.964750012095146,2.6549406934913455,0.27582344845551854,0.4323370569511355,0.6635244868502216,ETTm2,raw,7776,7872,raw:7776:2,high,high
3,0.6540445056458954,0.1326996036259636,0.32884621645182327,0.625,0.8652463159047734,2.6549406934913455,0.27582344845551854,0.3718634419078941,0.5886899214534306,ETTm2,raw,7776,7872,raw:7776:3,mid,high
4,0.29701446120764596,0.10765857397662501,0.024866851572228333,0.0,0.6406887012815198,2.6549406934913455,0.27582344845551854,0.14317996225216645,0.3055040499123461,ETTm2,raw,7776,7872,raw:7776:4,low,low
5,0.6389293453306083,0.03757184967480357,0.0045436548098761066,0.0,0.5021698989909931,2.6549406934913455,0.27582344845551854,0.2270149499384293,0.2593311158155039,ETTm2,raw,7776,7872,raw:7776:5,low,low
6,0.8525843822941724,0.012796253142893904,0.0059090171399585065,0.0,0.48741117964583086,2.6549406934913455,0.27582344845551854,0.2904298841923416,0.2544115427004498,ETTm2,raw,7776,7872,raw:7776:6,low,low
0,0.6625971938139252,0.4245555413881671,0.1605878097225906,0.875,0.9420461802954178,1.196167462864678,0.03269457708962202,0.41591351497489426,0.6165802524616799,ETTm2,raw,7872,7968,raw:7872:0,high,high
1,0.7025301108264388,0.22458614552987838,0.30474604144177037,1.0,0.9443375238373354,1.196167462864678,0.03269457708962202,0.41062076593269586,0.6590107003089858,ETTm2,raw,7872,7968,raw:7872:1,high,high
2,0.7166653767494884,0.2119940260634882,0.08389317881019763,0.625,0.9448316082630879,1.196167462864678,0.03269457708962202,0.3375175272077247,0.53417539511757,ETTm2,raw,7872,7968,raw:7872:2,mid,mid
3,0.6796433421958101,0.3412037818218509,0.2515421008847574,0.75,0.9701625145529714,1.196167462864678,0.03269457708962202,0.42412974163413947,0.5842856972141979,ETTm2,raw,7872,7968,raw:7872:3,high,high
4,0.20916594696605073,0.07605170942395202,0.07720754398120762,0.0,0.7110404000581532,1.196167462864678,0.03269457708962202,0.12080840012373678,0.24791165904925838,ETTm2,raw,7872,7968,raw:7872:4,low,low
5,0.9476646238968974,0.11114649138642343,0.03202661840926303,0.0,0.6651833434445441,1.196167462864678,0.03269457708962202,0.36361257789752793,0.2326259735113887,ETTm2,raw,7872,7968,raw:7872:5,mid,low
6,0.9242958756729412,0.00847337869661166,0.007339244510265439,0.0,0.52761590844215,1.196167462864678,0.03269457708962202,0.31336949962660615,0.186770161843924,ETTm2,raw,7872,7968,raw:7872:6,low,low
0,0.6854957145781756,0.3600762224938631,0.09494539710803497,1.0,0.968354843912231,3.0665363747748438,0.34442272855510275,0.3801724447266912,0.7709258574891112,ETTm2,raw,8064,8160,raw:8064:0,mid,high
1,0.7745285956166592,0.25851313363122264,0.19021127898514859,0.5,0.9457238267731064,3.0665363747748438,0.34442272855510275,0.40775100274434356,0.5967155184427364,ETTm2,raw,8064,8160,raw:8064:1,high,high
2,0.8171390268446825,0.4760877245708579,0.047320211153366216,0.625,0.9627939379797364,3.0665363747748438,0.34442272855510275,0.44684898752296887,0.6440722221782798,ETTm2,raw,8064,8160,raw:8064:2,high,high
3,0.7192680194325534,0.18344443067859723,0.22705863062601442,0.5,0.8746472526348917,3.0665363747748438,0.34442272855510275,0.3765903602457217,0.5730233270633315,ETTm2,raw,8064,8160,raw:8064:3,mid,high
4,0.5485252282326345,0.09393953256316659,0.016281487873147225,0.125,0.7582921260989692,3.0665363747748438,0.34442272855510275,0.21958208288964942,0.40923828488469066,ETTm2,raw,8064,8160,raw:8064:4,low,mid
5,0.8118435576380288,0.16267620966202187,0.053491813270358374,0.125,0.7311767276682107,3.0665363747748438,0.34442272855510275,0.34267052685680305,0.4001998187411045,ETTm2,raw,8064,8160,raw:8064:5,mid,mid
6,0.9539516429397513,0.019808041873723196,0.02577378075543181,0.0,0.4904731503759415,3.0665363747748438,0.34442272855510275,0.3331778218563021,0.27829862631034813,ETTm2,raw,8064,8160,raw:8064:6,mid,low
0,0.7864818087808555,0.3012610704757924,0.04677479086805629,0.375,0.9771805455478616,1.52959563126322,0.0882659383967601,0.37817255670823474,0.4801488279815406,ETTm2,raw,8160,8256,raw:8160:0,mid,mid
1,0.7770456023546661,0.3724109207765154,0.2573620579523773,1.0,0.9672596302329975,1.52959563126322,0.0882659383967601,0.46893952702785296,0.6851751895432526,ETTm2,raw,8160,8256,raw:8160:1,high,high
2,0.7216506716942979,0.2490671568536977,0.04055003569825401,0.125,0.8697319719310923,1.52959563126322,0.0882659383967601,0.3370892880820832,0.3609993034426175,ETTm2,raw,8160,8256,raw:8160:2,mid,low
3,0.6641912598673066,0.5302631584276329,0.29779854442983555,0.5,0.9454553877594722,1.52959563126322,0.0882659383967601,0.49741765424159173,0.5112404420520774,ETTm2,raw,8160,8256,raw:8160:3,high,mid
4,0.24954472915415804,0.10819048228532524,0.12240402998857113,0.0,0.6020637707737474,1.52959563126322,0.0882659383967601,0.16004641380935147,0.23010990305683585,ETTm2,raw,8160,8256,raw:8160:4,low,low
5,1.0,0.2226418328088942,0.999999999827483,0.125,0.7947709530171073,1.52959563126322,0.0882659383967601,0.7408806108787923,0.3360122971379558,ETTm2,raw,8160,8256,raw:8160:5,high,low
6,0.9090218636382954,0.006540557547778799,0.003601227919182053,0.0,0.4981812689200957,1.52959563126322,0.0882659383967601,0.3063878830350854,0.1954824024389519,ETTm2,raw,8160,8256,raw:8160:6,low,low
0,0.6092280721928782,0.5366207206463636,0.07089734507783396,0.5,0.937820751578535,2.29874192792378,0.21645698762653506,0.40558204597235853,0.5514259130683566,ETTm2,raw,8256,8352,raw:8256:0,mid,mid
1,0.4502318009104158,0.4484540351601359,0.3402533594483251,0.25,0.8974942992956666,2.29874192792378,0.21645698762653506,0.41297973183962555,0.45465042897406716,ETTm2,raw,8256,8352,raw:8256:1,high,mid
2,0.5749885147291424,0.4471976323929734,0.06743390201179755,0.25,0.8374335444147956,2.29874192792378,0.21645698762653506,0.3632066830446378,0.4346301773471102,ETTm2,raw,8256,8352,raw:8256:2,mid,mid
3,0.521728043349257,0.37476353524367917,0.319638875973979,0.25,0.8083381093095506,2.29874192792378,0.21645698762653506,0.4053768181889717,0.42493169897869526,ETTm2,raw,8256,8352,raw:8256:3,mid,mid
4,0.8758046938554733,0.12002868745819588,0.0037804451214095438,0.0,0.7554399744980775,2.29874192792378,0.21645698762653506,0.3332046088116929,0.32396565404153754,ETTm2,raw,8256,8352,raw:8256:4,mid,low
5,0.9131320558298779,0.14430101422546257,0.03748035482971355,0.125,0.8099547736231688,2.29874192792378,0.21645698762653506,0.36497114162835137,0.38380392041656797,ETTm2,raw,8256,8352,raw:8256:5,mid,mid
6,0.8778222807244528,0.015896751430971308,0.0074424409789642584,0.0,0.5359495300508716,2.29874192792378,0.21645698762653506,0.3003871577114628,0.25080217255913556,ETTm2,raw,8256,8352,raw:8256:6,low,low
0,0.843135980516638,0.27472758263745345,0.1637431958051469,0.625,0.954267859776232,1.7165611900148514,0.11942686480343047,0.4272022529864128,0.5662315748598875,ETTm2,raw,8448,8544,raw:8448:0,high,high
1,0.8648975136646824,0.1005466160943007,0.6440225935776267,0.5,0.9044328239991665,1.7165611900148514,0.11942686480343047,0.5364889077788699,0.5079532296008656,ETTm2,raw,8448,8544,raw:8448:1,high,mid
2,0.8254340092978876,0.28670653549556324,0.05782546661301094,0.625,0.9790543589349818,1.7165611900148514,0.11942686480343047,0.38998867046882063,0.5744937412461374,ETTm2,raw,8448,8544,raw:8448:2,mid,high
3,0.8970328481634097,0.16205534102572483,0.5012766743476317,0.625,0.9801482191362599,1.7165611900148514,0.11942686480343047,0.5201216211789221,0.5748583613132302,ETTm2,raw,8448,8544,raw:8448:3,high,high
4,0.6961178214862684,0.09860029104401277,0.004705310908207358,0.0,0.7443493211523703,1.7165611900148514,0.11942686480343047,0.2664744744794962,0.28792539531860023,ETTm2,raw,8448,8544,raw:8448:4,low,low
5,0.9137913815184229,0.14418518834167562,0.015054983990954656,0.0,0.7572249391614596,1.7165611900148514,0.11942686480343047,0.3576771846170177,0.29221726798829667,ETTm2,raw,8448,8544,raw:8448:5,mid,low
6,0.840343679152165,0.03578730995910205,0.0008883073073783189,0.0,0.552791024348052,1.7165611900148514,0.11942686480343047,0.2923397654728818,0.22407262971716083,ETTm2,raw,8448,8544,raw:8448:6,low,low
0,0.5721704312446889,0.30890988141286413,0.2747702612922667,0.625,0.8860183642577913,2.5337404066942497,0.25562340068966927,0.3852835246499399,0.5888805883158202,ETTm2,raw,8544,8640,raw:8544:0,mid,high
1,0.13005198533397178,0.22107044346107013,0.4973790695799701,0.625,0.8903284161765394,2.5337404066942497,0.25562340068966927,0.2828338327916707,0.5903172722887362,ETTm2,raw,8544,8640,raw:8544:1,low,high
2,0.6249273312872299,0.3151794780889293,0.3448240890189529,0.625,0.9451181450634815,2.5337404066942497,0.25562340068966927,0.4283102994650374,0.6085805152510503,ETTm2,raw,8544,8640,raw:8544:2,high,high
3,0.3753000196167533,0.2858482475948414,0.48464559699990506,0.875,0.9711560421533573,2.5337404066942497,0.25562340068966927,0.3819312880704999,0.7005931476143422,ETTm2,raw,8544,8640,raw:8544:3,mid,high
4,0.9592890149686503,0.1344155057011671,0.0,0.0,0.714127269242648,2.5337404066942497,0.25562340068966927,0.36456817355660576,0.3232502233107724,ETTm2,raw,8544,8640,raw:8544:4,mid,low
5,0.9999999991220946,0.22954817893898274,0.01594701718499655,0.125,0.7843027563717139,2.5337404066942497,0.25562340068966927,0.4151650650820246,0.38830871902046105,ETTm2,raw,8544,8640,raw:8544:5,high,mid
6,0.9282484119144174,0.10817887939777213,0.0022929200256485995,0.125,0.6307221504366222,2.5337404066942497,0.25562340068966927,0.346240070445946,0.3371151837087638,ETTm2,raw,8544,8640,raw:8544:6,mid,low
0,0.4657433955148249,0.32017506557040104,0.3587327636570159,1.0,0.9680039953107378,0.9999999900000377,0.0,0.38155040824741393,0.6560013317702459,ETTm2,raw,8736,8832,raw:8736:0,mid,high
1,0.6846202853245087,0.2708870097758823,0.25417421883917757,1.0,0.9518157070379794,0.9999999900000377,0.0,0.40322717131318947,0.6506052356793265,ETTm2,raw,8736,8832,raw:8736:1,mid,high
2,0.5795407929915234,0.27646626826553133,0.14829543834787876,0.375,0.891351788637263,0.9999999900000377,0.0,0.33476749986831117,0.4221172628790877,ETTm2,raw,8736,8832,raw:8736:2,mid,mid
3,0.7647673737582461,0.25500817594396014,0.22802067632983944,0.875,0.9700040395671891,0.9999999900000377,0.0,0.4159320753440152,0.6150013465223964,ETTm2,raw,8736,8832,raw:8736:3,high,high
4,0.7998515716409234,0.17433793643280698,0.5599944549530502,0.125,0.7830153373308774,0.9999999900000377,0.0,0.5113946543422602,0.30267177911029247,ETTm2,raw,8736,8832,raw:8736:4,high,low
5,0.0,0.09764798976673933,0.0,0.75,0.9249575539783473,0.9999999900000377,0.0,0.03254932992224644,0.5583191846594491,ETTm2,raw,8736,8832,raw:8736:5,low,high
6,0.9862594434318084,0.04009531867747668,0.0061750510420196525,0.0,0.5798946796898955,0.9999999900000377,0.0,0.34417660438376824,0.1932982265632985,ETTm2,raw,8736,8832,raw:8736:6,mid,low
0,0.7708423960131076,0.4141625748265955,0.2040856319855643,0.875,0.8566357989106562,0.9999999900000228,0.0,0.4630302009417558,0.5772119329702187,ETTm2,raw,8832,8928,raw:8832:0,high,high
1,0.742623489136015,0.2548443984661516,0.17697819750168572,0.75,0.8924869497255509,0.9999999900000228,0.0,0.39148202836795076,0.547495649908517,ETTm2,raw,8832,8928,raw:8832:1,mid,mid
2,0.6317699191426911,0.3112797700107326,0.11112322869426776,0.625,0.9668834705980939,0.9999999900000228,0.0,0.3513909726158972,0.530627823532698,ETTm2,raw,8832,8928,raw:8832:2,mid,mid
3,0.7649580148736025,0.33250254271347474,0.12314403433002893,0.375,0.8753303839967524,0.9999999900000228,0.0,0.40686819730570206,0.4167767946655842,ETTm2,raw,8832,8928,raw:8832:3,high,mid
4,0.2181660810466438,0.17716184035628768,0.12476194443513552,0.0,0.7423403481069965,0.9999999900000228,0.0,0.17336328861268901,0.24744678270233214,ETTm2,raw,8832,8928,raw:8832:4,low,low
5,0.0,0.19831320240524514,0.0,1.0,0.9249850662457886,0.9999999900000228,0.0,0.06610440080174838,0.6416616887485962,ETTm2,raw,8832,8928,raw:8832:5,low,high
6,0.977110366757542,0.02941324868357867,0.26040418299911616,0.125,0.5391124569294168,0.9999999900000228,0.0,0.42230926614674563,0.22137081897647226,ETTm2,raw,8832,8928,raw:8832:6,high,low
0,0.5824098113677596,0.3041606295429185,0.041831378543728814,0.875,0.9516115947898567,0.9999999900000236,0.0,0.30946727315146894,0.6088705315966189,ETTm2,raw,9024,9120,raw:9024:0,low,high
1,0.6219388282373941,0.2851987137019175,0.111191322450891,0.625,0.9070645586967816,0.9999999900000236,0.0,0.3394429547967342,0.5106881862322605,ETTm2,raw,9024,9120,raw:9024:1,mid,mid
2,0.7314100878905068,0.3324844241896451,0.05174087033643566,0.75,0.9718180628145153,0.9999999900000236,0.0,0.3718784608055292,0.5739393542715051,ETTm2,raw,9024,9120,raw:9024:2,mid,high
3,0.6994438676548349,0.2871810437146656,0.10855852004673114,0.875,0.9284485938592842,0.9999999900000236,0.0,0.36506114380541055,0.6011495312864281,ETTm2,raw,9024,9120,raw:9024:3,mid,high
4,0.912054108717732,0.16291119826360928,0.10944328332691483,0.125,0.8048612285292759,0.9999999900000236,0.0,0.39480286343608534,0.30995374284309196,ETTm2,raw,9024,9120,raw:9024:4,mid,low
5,0.0,0.298278750024651,0.0,1.0,0.9481552465329213,0.9999999900000236,0.0,0.09942625000821699,0.6493850821776405,ETTm2,raw,9024,9120,raw:9024:5,low,high
6,0.9830109705982635,0.1079028996742906,0.05215675655447273,0.0,0.49752058719727105,0.9999999900000236,0.0,0.3810235422756756,0.16584019573242367,ETTm2,raw,9024,9120,raw:9024:6,mid,low
0,0.6155762385202287,0.4833992386934681,0.14466169838091789,0.625,0.9646586252580244,0.9999999900000534,0.0,0.41454572519820493,0.5298862084193415,ETTm2,raw,9120,9216,raw:9120:0,high,mid
1,0.6477079395662864,0.3685501997802352,0.28755603693598963,0.375,0.926360834183902,0.9999999900000534,0.0,0.4346047254275038,0.43378694472796736,ETTm2,raw,9120,9216,raw:9120:1,high,mid
2,0.5709378617640553,0.4859897991116673,0.11574211856376251,0.375,0.934379715918141,0.9999999900000534,0.0,0.3908899264798284,0.436459905306047,ETTm2,raw,9120,9216,raw:9120:2,mid,mid
3,0.6627903002709284,0.4274588528027855,0.3145703870243773,0.5,0.9217264442161344,0.9999999900000534,0.0,0.4682731800326971,0.47390881473871144,ETTm2,raw,9120,9216,raw:9120:3,high,mid
4,0.9999999990676324,0.3238686170403662,0.2711977469436866,0.125,0.8527617944634157,0.9999999900000534,0.0,0.531688787683895,0.3259205981544719,ETTm2,raw,9120,9216,raw:9120:4,high,low
5,0.0,0.047482232380203236,0.0,0.0,0.7998035179177138,0.9999999900000534,0.0,0.015827410793401078,0.26660117263923794,ETTm2,raw,9120,9216,raw:9120:5,low,low
6,0.7408938285466418,0.024917610507269934,0.0014349489416713294,0.0,0.48487914935774523,0.9999999900000534,0.0,0.2557487959985277,0.1616263831192484,ETTm2,raw,9120,9216,raw:9120:6,low,low
0,0.4330307899612147,0.21064968161801945,0.2794956492947736,1.0,0.9357145249628265,2.898294928752695,0.316382487598145,0.30772537362466923,0.7506990041869904,ETTm2,raw,9216,9312,raw:9216:0,low,high
1,0.4691494867469772,0.16804351718114302,0.4196652396461,1.0,0.9430075736063739,2.898294928752695,0.316382487598145,0.35228608119140675,0.7531300204015063,ETTm2,raw,9216,9312,raw:9216:1,mid,high
2,0.5566523089907642,0.2153483800412821,0.14883253464037083,0.75,0.9303356734108411,2.898294928752695,0.316382487598145,0.30694440789080574,0.6655727203363287,ETTm2,raw,9216,9312,raw:9216:2,low,high
3,0.464727822645875,0.3037652152759357,0.41283827738681467,0.875,0.9736521350317251,2.898294928752695,0.316382487598145,0.3937771051028751,0.72167820754329,ETTm2,raw,9216,9312,raw:9216:3,mid,high
4,0.8622587836514974,0.05895463907446491,0.027357946127819728,0.125,0.8586539364111894,2.898294928752695,0.316382487598145,0.316190456284594,0.4333454746697781,ETTm2,raw,9216,9312,raw:9216:4,low,mid
5,0.7802469482524089,0.136891673659165,0.0020695929507492253,0.125,0.7687935138173648,2.898294928752695,0.316382487598145,0.3064027382874411,0.4033920004718366,ETTm2,raw,9216,9312,raw:9216:5,low,mid
6,0.9621664821405954,0.0645141717209248,0.08768842080986904,0.0,0.46833808436958385,2.898294928752695,0.316382487598145,0.3714563582237964,0.26157352398924294,ETTm2,raw,9216,9312,raw:9216:6,mid,low
0,0.7787942605459941,0.2280621353762214,0.10838910418259894,0.75,0.9867507385993189,2.848609095435757,0.30810151539245695,0.3717485000349381,0.6816174179972586,ETTm2,raw,9408,9504,raw:9408:0,mid,high
1,0.38291939325897173,0.2019344524780225,0.4551840770796688,0.75,0.9073247911158892,2.848609095435757,0.30810151539245695,0.3466793076055543,0.6551421021694487,ETTm2,raw,9408,9504,raw:9408:1,mid,high
2,0.7375265426643768,0.31510103300285053,0.07196717560498617,1.0,0.9872803039018861,2.848609095435757,0.30810151539245695,0.3748649170907379,0.7651272730981143,ETTm2,raw,9408,9504,raw:9408:2,mid,high
3,0.423376732675244,0.12428492873177957,0.5070366170389549,0.125,0.7246377121695114,2.848609095435757,0.30810151539245695,0.35156609281532614,0.3859130758539895,ETTm2,raw,9408,9504,raw:9408:3,mid,mid
4,0.21848844734466077,0.1480484069229301,0.2644227704004958,0.125,0.8869312373663761,2.848609095435757,0.30810151539245695,0.2103198748893622,0.44001091758627764,ETTm2,raw,9408,9504,raw:9408:4,low,mid
5,0.528065957657817,0.2263757660599719,0.31780992527251894,0.375,0.9119827921565498,2.848609095435757,0.30810151539245695,0.3574172163301026,0.5316947691830022,ETTm2,raw,9408,9504,raw:9408:5,mid,mid
6,0.8919793421302693,0.05547410234342176,0.08011836327373333,0.125,0.5270182831916574,2.848609095435757,0.30810151539245695,0.3425239359158081,0.32003993286137145,ETTm2,raw,9408,9504,raw:9408:6,mid,low
0,0.7282293224844262,0.21940488476898112,0.09577303493154081,0.75,0.9333076859393549,3.490900435968059,0.4151500719694264,0.34780241406164936,0.6994859193029271,ETTm2,raw,9504,9600,raw:9504:0,mid,high
1,0.8687370537574,0.36622689920412466,0.12835328841220234,0.75,0.9461742557066353,3.490900435968059,0.4151500719694264,0.454439080457909,0.7037747758920205,ETTm2,raw,9504,9600,raw:9504:1,high,high
2,0.8075987194613812,0.12249386968392495,0.07630099854931552,0.5,0.870135272160792,3.490900435968059,0.4151500719694264,0.3354645292315406,0.5950951147100728,ETTm2,raw,9504,9600,raw:9504:2,mid,high
3,0.8439317811196619,0.33872933559909635,0.11990567018957456,0.875,0.9402027567919006,3.490900435968059,0.4151500719694264,0.4341889289694443,0.7434509429204423,ETTm2,raw,9504,9600,raw:9504:3,high,high
4,0.7195614899113708,0.0837971848643749,0.07744031436666704,0.25,0.9302225835579228,3.490900435968059,0.4151500719694264,0.2935996630474709,0.531790885175783,ETTm2,raw,9504,9600,raw:9504:4,low,mid
5,0.3341807988595237,0.09546472144378089,0.37151414477672545,0.75,0.9531300384775341,3.490900435968059,0.4151500719694264,0.26705322169334333,0.7060933701489868,ETTm2,raw,9504,9600,raw:9504:5,low,high
6,0.9582205854642654,0.1312800670021802,0.7851545747525266,0.0,0.47336797761354144,3.490900435968059,0.4151500719694264,0.6248850757396573,0.2961726831943226,ETTm2,raw,9504,9600,raw:9504:6,high,low
0,0.7076435334576314,0.4823109122444289,0.15159547503974236,1.0,0.9681750628211335,1.53693700442388,0.08948950058816416,0.4471833069139342,0.6858881878030992,ETTm2,raw,9696,9792,raw:9696:0,high,high
1,0.6493129753724414,0.2662691241117583,0.11509705989209376,0.5,0.9376561677504891,1.53693700442388,0.08948950058816416,0.3435597197920978,0.5090485561128845,ETTm2,raw,9696,9792,raw:9696:1,mid,mid
2,0.6860314479576902,0.41325097576494524,0.03006090419989576,0.75,0.9526903533597185,1.53693700442388,0.08948950058816416,0.3764477759741771,0.5973932846492942,ETTm2,raw,9696,9792,raw:9696:2,mid,high
3,0.6237774579140827,0.2745009389933072,0.1599128403708506,0.25,0.8413742437450435,1.53693700442388,0.08948950058816416,0.35273041242608016,0.39362124811106924,ETTm2,raw,9696,9792,raw:9696:3,mid,mid
4,0.4631695719255239,0.10033697187240802,0.1301259718957863,0.25,0.902063678565062,1.53693700442388,0.08948950058816416,0.23121083856457272,0.41385105971774205,ETTm2,raw,9696,9792,raw:9696:4,low,mid
5,0.7069130718087876,0.27460301452347463,0.24382951636407585,0.375,0.906470839689924,1.53693700442388,0.08948950058816416,0.4084485342321127,0.45698678009269605,ETTm2,raw,9696,9792,raw:9696:5,high,mid
6,0.8329013935066042,0.04460071561358121,0.01093326042089339,0.0,0.5600578692509907,1.53693700442388,0.08948950058816416,0.2961451231803596,0.21651578994638496,ETTm2,raw,9696,9792,raw:9696:6,low,low
0,0.7035757364981371,0.3226853097158922,0.1692429418416461,1.0,0.9752077645724314,1.6934863527288673,0.11558105859550945,0.3985013293518918,0.6969296077226469,ETTm2,raw,9792,9888,raw:9792:0,mid,high
1,0.7767788436214642,0.31590518763612435,0.220575847684787,1.0,0.9756268423901736,1.6934863527288673,0.11558105859550945,0.43775329298079185,0.6970693003285611,ETTm2,raw,9792,9888,raw:9792:1,high,high
2,0.6995275639622671,0.21244670604009044,0.09970379261375728,0.5,0.9440680123919695,1.6934863527288673,0.11558105859550945,0.3372260208720383,0.519883023662493,ETTm2,raw,9792,9888,raw:9792:2,mid,mid
3,0.6993891074535165,0.26930174452753675,0.19753355804322206,0.375,0.9364286996363781,1.6934863527288673,0.11558105859550945,0.3887414700080918,0.47566991941062914,ETTm2,raw,9792,9888,raw:9792:3,mid,mid
4,0.904820841094485,0.19709485303443053,0.08759253859241893,0.25,0.8855758831810427,1.6934863527288673,0.11558105859550945,0.3965027442404449,0.4170523139255174,ETTm2,raw,9792,9888,raw:9792:4,mid,mid
5,0.5856914645021136,0.2286752052035934,0.2803337403005193,0.625,0.9654513991891118,1.6934863527288673,0.11558105859550945,0.3649001366687421,0.5686774859282071,ETTm2,raw,9792,9888,raw:9792:5,mid,high
6,0.7406189262985299,0.04010716229407436,0.006364809192281315,0.0,0.5593468727665257,1.6934863527288673,0.11558105859550945,0.26236363259496187,0.2249759771206784,ETTm2,raw,9792,9888,raw:9792:6,low,low
0,0.601460279946334,0.28355720931387174,0.060061319417593385,0.375,0.9636609975255787,1.0210829972588946,0.0035138328706260484,0.3150262695592664,0.44739161013206824,ETTm2,raw,9888,9984,raw:9888:0,low,mid
1,0.6627806244030957,0.39498309274207877,0.2616469768356786,0.625,0.9774669724808279,1.0210829972588946,0.0035138328706260484,0.4398035646602843,0.5353269351171513,ETTm2,raw,9888,9984,raw:9888:1,high,mid
2,0.7463658616586348,0.22265179459225043,0.04434699115436601,0.375,0.9270494365798242,1.0210829972588946,0.0035138328706260484,0.3377882158017504,0.4351877564834834,ETTm2,raw,9888,9984,raw:9888:2,mid,mid
3,0.4693084062746463,0.4768683716932788,0.3055519195891674,0.375,0.9568057877569383,1.0210829972588946,0.0035138328706260484,0.4172428991856975,0.4451065402091881,ETTm2,raw,9888,9984,raw:9888:3,high,mid
4,0.8142378629257555,0.29324245591475623,0.7385880733701609,0.5,0.9618349828910001,1.0210829972588946,0.0035138328706260484,0.6153561307368909,0.48844960525387543,ETTm2,raw,9888,9984,raw:9888:4,high,mid
5,0.8417277833422894,0.1845139355100398,0.4979578529728525,1.0,0.8623941331263687,1.0210829972588946,0.0035138328706260484,0.5080665239417272,0.6219693219989982,ETTm2,raw,9888,9984,raw:9888:5,high,high
6,0.9551155306699237,0.010677519613405566,0.07263982567860434,0.0,0.688485664498594,1.0210829972588946,0.0035138328706260484,0.3461442919873112,0.23066649912307335,ETTm2,raw,9888,9984,raw:9888:6,mid,low
0,0.6048255055983458,0.431239598417396,0.2170437956847555,0.875,0.9938817675456691,1.9877173625189715,0.16461956014546264,0.4177029665668324,0.677833775897044,ETTm2,raw,10080,10176,raw:10080:0,high,high
1,0.6784794502316411,0.3978316183858563,0.27898397370028344,0.625,0.9598315582440209,1.9877173625189715,0.16461956014546264,0.451765014105927,0.5831503727964945,ETTm2,raw,10080,10176,raw:10080:1,high,high
2,0.6908889278738222,0.30631663989683433,0.13919928492186423,0.375,0.9442754228901505,1.9877173625189715,0.16461956014546264,0.3788016175641736,0.49463166101187106,ETTm2,raw,10080,10176,raw:10080:2,mid,mid
3,0.7093412154335557,0.3918476313911642,0.29100064539005377,0.375,0.9574631939804938,1.9877173625189715,0.16461956014546264,0.46406316407159115,0.4990275847086522,ETTm2,raw,10080,10176,raw:10080:3,high,mid
4,0.49902618579746727,0.09040816400582946,0.1172852533738801,0.5,0.8806499483827522,1.9877173625189715,0.16461956014546264,0.23557320105905896,0.5150898361760716,ETTm2,raw,10080,10176,raw:10080:4,low,mid
5,0.7484631456599065,0.21160828678147658,0.31592116220637645,1.0,0.9083100366732083,1.9877173625189715,0.16461956014546264,0.4253308648825865,0.6909765322728902,ETTm2,raw,10080,10176,raw:10080:5,high,high
6,0.6594695894306999,0.05557350607235721,0.21630602263148777,0.125,0.6779630831023483,1.9877173625189715,0.16461956014546264,0.3104497060448483,0.32252754774927034,ETTm2,raw,10080,10176,raw:10080:6,low,low
0,0.542325756529991,0.25583290560909244,0.3656931334211913,1.0,0.9465202407331544,2.4697836201295975,0.24496393627999302,0.38795059852009156,0.7304947256710491,ETTm2,raw,10176,10272,raw:10176:0,mid,high
1,0.44480917690732213,0.20800631826279786,0.3839874273003681,0.875,0.9139069430391003,2.4697836201295975,0.24496393627999302,0.34560097415682933,0.6779569597730312,ETTm2,raw,10176,10272,raw:10176:1,mid,high
2,0.5332786976708925,0.2268245615375703,0.15862001496694997,0.125,0.8590005599652629,2.4697836201295975,0.24496393627999302,0.3062410913918043,0.40965483208175196,ETTm2,raw,10176,10272,raw:10176:2,low,mid
3,0.6270329636225764,0.18961552456861963,0.2037018063759832,0.375,0.9459789392137024,2.4697836201295975,0.24496393627999302,0.3401167648557264,0.5219809584978985,ETTm2,raw,10176,10272,raw:10176:3,mid,mid
4,0.9498563107979405,0.15802383664265748,0.5164954371725419,0.0,0.7958556018716871,2.4697836201295975,0.24496393627999302,0.5414585282043799,0.34693984605056,ETTm2,raw,10176,10272,raw:10176:4,high,low
5,0.6790848959581187,0.22271712451033918,0.15460674975711597,0.25,0.8465776176080775,2.4697836201295975,0.24496393627999302,0.35213625674185794,0.44718051796269015,ETTm2,raw,10176,10272,raw:10176:5,mid,mid
6,0.9825639303615576,0.009025805068876078,0.0033292699814261406,0.25,0.6870277705843548,2.4697836201295975,0.24496393627999302,0.33163966847061993,0.39399723562144934,ETTm2,raw,10176,10272,raw:10176:6,mid,mid
0,0.634256501673067,0.37436650314806597,0.40213201424907635,0.375,0.9272236640911606,1.8733447273036408,0.14555745430801104,0.47025167302340304,0.48259370613305724,ETTm2,raw,10368,10464,raw:10368:0,high,mid
1,0.7338270640213214,0.4753657113784357,0.39869507551610056,0.625,0.9556309593805782,1.8733447273036408,0.14555745430801104,0.5359626169719526,0.5753961378961964,ETTm2,raw,10368,10464,raw:10368:1,high,high
2,0.6391039169154862,0.2577837555733631,0.3543770465819298,0.25,0.8298991208692087,1.8733447273036408,0.14555745430801104,0.4170882396902597,0.40848552505907315,ETTm2,raw,10368,10464,raw:10368:2,high,mid
3,0.7542965873443622,0.5137919870618891,0.44443264833383567,0.375,0.9079954094037083,1.8733447273036408,0.14555745430801104,0.570840407580029,0.47618428790390643,ETTm2,raw,10368,10464,raw:10368:3,high,mid
4,0.7693724633962883,0.09877483622829294,0.2028532766728759,0.25,0.8856514954246475,1.8733447273036408,0.14555745430801104,0.35700019209915235,0.4270696499108862,ETTm2,raw,10368,10464,raw:10368:4,mid,mid
5,0.491517311842511,0.25158560898134946,0.5192061126819268,0.875,0.9568966156069697,1.8733447273036408,0.14555745430801104,0.42076967783526237,0.6591513566383269,ETTm2,raw,10368,10464,raw:10368:5,high,high
6,0.7418833449765839,0.07870793040008471,0.1023675456255162,0.125,0.5806612604339821,1.8733447273036408,0.14555745430801104,0.3076529403340616,0.2837395715806644,ETTm2,raw,10368,10464,raw:10368:6,low,low
0,0.40839338576874573,0.1628135298396431,0.5182956304179737,1.0,0.9288963849862505,1.3764929040420293,0.06274881723575686,0.3631675153421208,0.6638817340740024,ETTm2,raw,10464,10560,raw:10464:0,mid,high
1,0.6079674447692114,0.17116428190221367,0.5597076236026752,0.75,0.9323400640954796,1.3764929040420293,0.06274881723575686,0.4462797834247001,0.5816962937770788,ETTm2,raw,10464,10560,raw:10464:1,high,high
2,0.5668526992215865,0.3257648422910684,0.3141748823691132,1.0,0.9732946734149559,1.3764929040420293,0.06274881723575686,0.4022641412939227,0.6786811635502376,ETTm2,raw,10464,10560,raw:10464:2,mid,high
3,0.4048035613394151,0.22416245433194107,0.6978504637680916,0.625,0.9309456010137254,1.3764929040420293,0.06274881723575686,0.4422721598131492,0.5395648060831607,ETTm2,raw,10464,10560,raw:10464:3,high,mid
4,0.27570092219966613,0.2587505248737888,0.4379725310452781,1.0,0.92554700843943,1.3764929040420293,0.06274881723575686,0.3241413260395777,0.6627652752250622,ETTm2,raw,10464,10560,raw:10464:4,mid,high
5,0.40949859706770075,0.3086573001829018,0.0,1.0,0.9072411094222474,1.3764929040420293,0.06274881723575686,0.2393852990835342,0.6566633088860014,ETTm2,raw,10464,10560,raw:10464:5,low,high
6,0.9412388088766152,0.029316424344393154,0.10254806994901845,0.0,0.5859644364196254,1.3764929040420293,0.06274881723575686,0.3577011010566756,0.21623775121846076,ETTm2,raw,10464,10560,raw:10464:6,mid,low
0,0.6907208550121587,0.16896114578507926,0.316419245844453,0.125,0.8210742905352367,1.8697652898007386,0.14496088139185498,0.3920337488805637,0.3636783906423639,ETTm2,raw,10656,10752,raw:10656:0,mid,low
1,0.4764865079348145,0.17059865334836138,0.058638526991012664,0.0,0.7746371242636322,1.8697652898007386,0.14496088139185498,0.2352412294247295,0.30653266855182904,ETTm2,raw,10656,10752,raw:10656:1,low,low
2,0.6867896363196576,0.2197890177096006,0.4228876378225365,0.125,0.8204808778871906,1.8697652898007386,0.14496088139185498,0.4431554306172649,0.36348058642634856,ETTm2,raw,10656,10752,raw:10656:2,high,low
3,0.5049681668335416,0.20554242417917357,0.04825013819607757,0.0,0.7854387610756649,1.8697652898007386,0.14496088139185498,0.2529202430695976,0.31013321415583994,ETTm2,raw,10656,10752,raw:10656:3,low,low
4,0.440573239214044,0.10436586823999178,0.9630779617761949,0.125,0.7653988315866002,1.8697652898007386,0.14496088139185498,0.5026723564100769,0.3451199043261517,ETTm2,raw,10656,10752,raw:10656:4,high,low
5,1.0,0.32893629790455947,0.46703874090320857,0.375,0.8618988529488675,1.8697652898007386,0.14496088139185498,0.598658346269256,0.46061991144690756,ETTm2,raw,10656,10752,raw:10656:5,high,mid
6,0.5476100366599274,0.037644458541150935,0.2794013638276969,0.125,0.35242611640682703,1.8697652898007386,0.14496088139185498,0.2882186196762584,0.20746233259956068,ETTm2,raw,10656,10752,raw:10656:6,low,low
0,0.5569549455220486,0.3878160577695219,0.13128651705045477,1.0,0.9931612291591947,3.13446036419253,0.3557433934391827,0.35868584011400845,0.7829682075327925,ETTm2,raw,10752,10848,raw:10752:0,mid,high
1,0.5503335051887122,0.39998468456659697,0.27523722106356496,1.0,0.9433758756799684,3.13446036419253,0.3557433934391827,0.408518470272958,0.7663730897063837,ETTm2,raw,10752,10848,raw:10752:1,high,high
2,0.6530987766783289,0.27734926783119773,0.08743349451424003,0.625,0.9263541232790038,3.13446036419253,0.3557433934391827,0.3392938463412556,0.6356991722393955,ETTm2,raw,10752,10848,raw:10752:2,mid,high
3,0.6641654175392635,0.4200769651124292,0.29935412725569494,0.875,0.9095406702434892,3.13446036419253,0.3557433934391827,0.4611988366357959,0.7134280212275573,ETTm2,raw,10752,10848,raw:10752:3,high,high
4,0.5997673576951961,0.10232683183069097,0.2573847435681896,0.25,0.8972218120127297,3.13446036419253,0.3557433934391827,0.31982631103135883,0.5009884018173041,ETTm2,raw,10752,10848,raw:10752:4,low,mid
5,0.9999999999999815,0.1566784177238934,0.5601583123390546,0.25,0.9150214010533307,3.13446036419253,0.3557433934391827,0.5722789100209765,0.5069215981641711,ETTm2,raw,10752,10848,raw:10752:5,high,mid
6,0.8051698567120459,0.06672780881942637,0.31123012215501267,0.125,0.7609061460573601,3.13446036419253,0.3557433934391827,0.3943759292288283,0.4138831798321809,ETTm2,raw,10752,10848,raw:10752:6,mid,mid
0,0.593602410137761,0.3959395599754447,0.13154431813770437,0.75,0.9923840794894077,2.5629762593157874,0.2604960427851378,0.37369542941697004,0.6676267074248484,ETTm2,raw,10848,10944,raw:10848:0,mid,high
1,0.34825326014736324,0.4289324005055255,0.4715197678451506,1.0,0.9368540357935928,2.5629762593157874,0.2604960427851378,0.4162351428326798,0.7324500261929102,ETTm2,raw,10848,10944,raw:10848:1,high,high
2,0.6759030517769355,0.29499749995968405,0.1096955317273305,0.75,0.9549768092844285,2.5629762593157874,0.2604960427851378,0.36019869448798336,0.6551576173565222,ETTm2,raw,10848,10944,raw:10848:2,mid,high
3,0.34626859880517447,0.3007844955339558,0.4593083615739806,0.75,0.9299324640416381,2.5629762593157874,0.2604960427851378,0.368787151971037,0.646809502275592,ETTm2,raw,10848,10944,raw:10848:3,mid,high
4,0.9234867003891911,0.37670860697815234,0.4296038814197156,0.25,0.8795724219373711,2.5629762593157874,0.2604960427851378,0.5765997295956864,0.4633561549075029,ETTm2,raw,10848,10944,raw:10848:4,high,mid
5,0.8691515702261076,0.1782226371825695,0.04647939280815457,0.375,0.8329180801946491,2.5629762593157874,0.2604960427851378,0.3646178667389439,0.48947137432659565,ETTm2,raw,10848,10944,raw:10848:5,mid,mid
6,0.8394231827198028,0.5626374156180364,0.036981084872172894,0.0,0.51571155506919,2.5629762593157874,0.2604960427851378,0.47968056107000406,0.2587358659514426,ETTm2,raw,10848,10944,raw:10848:6,high,low
0,0.5919144862536317,0.4640954231180402,0.47277930756103753,0.625,0.8983103701129628,1.7202779237070682,0.1200463204177675,0.5095964056442365,0.5477855635102434,ETTm2,raw,11040,11136,raw:11040:0,high,mid
1,0.31036912860227006,0.11672149531315597,0.5392927636880381,0.875,0.9710688356242254,1.7202779237070682,0.1200463204177675,0.3221277958678214,0.6553717186806644,ETTm2,raw,11040,11136,raw:11040:1,low,high
2,0.6407723873056551,0.4439396714349505,0.30230918122598976,0.375,0.9677400767087566,1.7202779237070682,0.1200463204177675,0.46234041332219844,0.48759546570884144,ETTm2,raw,11040,11136,raw:11040:2,high,mid
3,0.2089691271973566,0.24175752232192343,0.5030655513012252,1.0,0.9656258463721271,1.7202779237070682,0.1200463204177675,0.3179307336068351,0.6952240555966315,ETTm2,raw,11040,11136,raw:11040:3,low,high
4,0.7793817623998417,0.14150503108649343,0.26525486940334936,0.625,0.9608774717645034,1.7202779237070682,0.1200463204177675,0.39538055429656155,0.568641264060757,ETTm2,raw,11040,11136,raw:11040:4,mid,high
5,0.22820822962645537,0.35989102340689627,0.5548867872698999,0.875,0.9310825304464004,1.7202779237070682,0.1200463204177675,0.3809953467677505,0.642042950288056,ETTm2,raw,11040,11136,raw:11040:5,mid,high
6,0.8033469912956636,0.1005709065409636,0.0019825722707535226,0.0,0.484731891205242,1.7202779237070682,0.1200463204177675,0.3019668233691269,0.20159273720766982,ETTm2,raw,11040,11136,raw:11040:6,low,low
0,0.5520957982127858,0.2891851966620566,0.5355346405963696,0.5,0.8224792472561995,1.7146973848861886,0.11911623061583772,0.4589385451570706,0.4805318259573457,ETTm2,raw,11136,11232,raw:11136:0,high,mid
1,0.22673289765823723,0.16572401719601673,0.5740650556269309,0.75,0.8253996280698005,1.7146973848861886,0.11911623061583772,0.32217399016039494,0.5648386195618794,ETTm2,raw,11136,11232,raw:11136:1,low,high
2,0.4678981900682877,0.3893929197364606,0.453892252128605,0.625,0.9159680003904135,1.7146973848861886,0.11911623061583772,0.4370611206444511,0.5533614103354171,ETTm2,raw,11136,11232,raw:11136:2,high,mid
3,0.3267009793195891,0.19465042848035943,0.566795762598813,0.75,0.827582337131254,1.7146973848861886,0.11911623061583772,0.36271572346625386,0.5655661892490306,ETTm2,raw,11136,11232,raw:11136:3,mid,high
4,0.6101596972114605,0.3319481261752848,0.4723152919912784,0.5,0.9281955922929518,1.7146973848861886,0.11911623061583772,0.4714743717926746,0.5157706076362631,ETTm2,raw,11136,11232,raw:11136:4,high,mid
5,0.6540063735924273,0.2103348170262157,0.4600179248242671,0.875,0.8964151073513069,1.7146973848861886,0.11911623061583772,0.44145303848097006,0.6301771126557149,ETTm2,raw,11136,11232,raw:11136:5,high,high
6,0.9999999869521088,0.06346916409908321,0.0,0.125,0.8766551880952843,1.7146973848861886,0.11911623061583772,0.354489717017064,0.37359047290370734,ETTm2,raw,11136,11232,raw:11136:6,mid,mid
0,0.7024685716881303,0.16123923217742236,0.16888827921045976,0.5,0.9183143286565316,3.1390678574475572,0.35651130898040734,0.3441986943586708,0.5916085458789796,ETTm2,raw,11328,11424,raw:11328:0,mid,high
1,0.7181404733137666,0.1616043748678747,0.3633562998432066,0.5,0.959743311288851,3.1390678574475572,0.35651130898040734,0.414367049341616,0.6054182067564194,ETTm2,raw,11328,11424,raw:11328:1,high,high
2,0.6250367155100702,0.0833788267652576,0.10030100037746315,0.5,0.9152706986499201,3.1390678574475572,0.35651130898040734,0.26957218088426366,0.5905940025434425,ETTm2,raw,11328,11424,raw:11328:2,low,high
3,0.6690216379998837,0.24817165490934953,0.3404859030110461,0.625,0.9478342813834741,3.1390678574475572,0.35651130898040734,0.4192263986400931,0.6431151967879605,ETTm2,raw,11328,11424,raw:11328:3,high,high
4,0.20864592274134763,0.13736782061604788,0.23966602221074912,0.375,0.9251695364560871,3.1390678574475572,0.35651130898040734,0.1952265885227149,0.5522269484788315,ETTm2,raw,11328,11424,raw:11328:4,low,mid
5,0.595103435972014,0.17098162565356617,0.21847181856024997,0.625,0.9608336747694181,3.1390678574475572,0.35651130898040734,0.32818562672861,0.6474483279166084,ETTm2,raw,11328,11424,raw:11328:5,mid,high
6,0.9371388069127662,0.1515286219142113,0.18461870046953233,0.0,0.47217282092435475,3.1390678574475572,0.35651130898040734,0.4244287097655033,0.27622804330158734,ETTm2,raw,11328,11424,raw:11328:6,high,low
0,0.7387024662919083,0.2801610030020691,0.20303280037625537,1.0,0.9919730024097807,0.9999999900000168,0.0,0.40729875655674425,0.6639910008032602,ETTm2,raw,11424,11520,raw:11424:0,high,high
1,0.7191030342710012,0.23160442618505156,0.3423519622469958,1.0,0.9605261850511806,0.9999999900000168,0.0,0.4310198075676828,0.6535087283503935,ETTm2,raw,11424,11520,raw:11424:1,high,high
2,0.7460853073545903,0.1813602745031308,0.12097441608799031,0.625,0.9636793782582961,0.9999999900000168,0.0,0.34947333264857044,0.5295597927527654,ETTm2,raw,11424,11520,raw:11424:2,mid,mid
3,0.5021204448127436,0.16487620971677697,0.3483703302015313,0.875,0.9822762885844648,0.9999999900000168,0.0,0.33845566157701734,0.6190920961948216,ETTm2,raw,11424,11520,raw:11424:3,mid,high
4,0.3120062324422461,0.12180226432112531,0.2325143074289915,0.25,0.8972076565160436,0.9999999900000168,0.0,0.2221076013974543,0.3824025521720145,ETTm2,raw,11424,11520,raw:11424:4,low,mid
5,0.0,0.23490078811063686,0.0,0.625,0.8861650160597556,0.9999999900000168,0.0,0.07830026270354562,0.5037216720199186,ETTm2,raw,11424,11520,raw:11424:5,low,mid
6,0.8999298915513322,0.21139735916948665,0.038136188240546015,0.0,0.3813400533739928,0.9999999900000168,0.0,0.3831544796537883,0.12711335112466426,ETTm2,raw,11424,11520,raw:11424:6,mid,low
0,0.6634240189786802,0.1266216857649471,0.14928152546516976,0.625,0.9726572155624291,0.9999999900000356,0.0,0.3131090767362657,0.5325524051874764,ETTm2,raw,11520,11616,raw:11520:0,low,mid
1,0.6316068765969691,0.3284996199771204,0.26800209874202385,1.0,0.8877703636892252,0.9999999900000356,0.0,0.40936953177203783,0.6292567878964084,ETTm2,raw,11520,11616,raw:11520:1,high,high
2,0.6901983037875388,0.15593668779969772,0.09335955079124282,0.25,0.9428050874623469,0.9999999900000356,0.0,0.3131648474594931,0.39760169582078236,ETTm2,raw,11520,11616,raw:11520:2,low,mid
3,0.6563656037414979,0.19792772757541233,0.2919308850623153,1.0,0.9109676307147727,0.9999999900000356,0.0,0.3820747387930752,0.6369892102382576,ETTm2,raw,11520,11616,raw:11520:3,mid,high
4,0.9824327479591691,0.4342391849827672,0.5135422877139696,0.25,0.8478306430885372,0.9999999900000356,0.0,0.6434047402186353,0.36594354769617904,ETTm2,raw,11520,11616,raw:11520:4,high,low
5,0.0,0.19919126617413915,0.0,0.875,0.8994069099501777,0.9999999900000356,0.0,0.06639708872471305,0.5914689699833926,ETTm2,raw,11520,11616,raw:11520:5,low,high
6,0.9151496420880894,0.3034222026049239,0.05512359348550584,0.25,0.5817474655584047,0.9999999900000356,0.0,0.42456514605950635,0.2772491551861349,ETTm2,raw,11520,11616,raw:11520:6,high,low
0,0.0,0.0,0.0,0.0,-0.0,1.0,0.0,0.0,0.0,ETTm2,raw,11712,11808,raw:11712:0,low,low
1,0.0,0.0,0.0,0.0,-0.0,1.0,0.0,0.0,0.0,ETTm2,raw,11712,11808,raw:11712:1,low,low
2,0.0,0.0,0.0,0.0,-0.0,1.0,0.0,0.0,0.0,ETTm2,raw,11712,11808,raw:11712:2,low,low
3,0.0,0.0,0.0,0.0,-0.0,1.0,0.0,0.0,0.0,ETTm2,raw,11712,11808,raw:11712:3,low,low
4,0.0,0.0,0.0,0.0,-0.0,1.0,0.0,0.0,0.0,ETTm2,raw,11712,11808,raw:11712:4,low,low
5,0.0,0.0,0.0,0.0,-0.0,1.0,0.0,0.0,0.0,ETTm2,raw,11712,11808,raw:11712:5,low,low
6,0.0,0.0,0.0,0.0,-0.0,1.0,0.0,0.0,0.0,ETTm2,raw,11712,11808,raw:11712:6,low,low
0,0.5794055663507052,0.028089986912914873,0.009714560927887986,0.0,0.41027943695161523,1.419933423185062,0.06998890374752882,0.20573670473050268,0.1600894468997147,ETTm2,raw,11808,11904,raw:11808:0,low,low
1,0.9999999994299864,0.082403376859772,0.11991137212030505,0.125,0.6469359140182384,1.419933423185062,0.06998890374752882,0.4007715828033545,0.2806416059219224,ETTm2,raw,11808,11904,raw:11808:1,mid,low
2,0.7863085871439432,0.02265257751302753,0.00649738326772167,0.125,0.4555068965217312,1.419933423185062,0.06998890374752882,0.27181951597489745,0.2168319334230867,ETTm2,raw,11808,11904,raw:11808:2,low,low
3,0.8989898742103629,0.019391818288454404,0.034269317048318246,0.0,0.5551921972365624,1.419933423185062,0.06998890374752882,0.31755033651571185,0.20839370032803042,ETTm2,raw,11808,11904,raw:11808:3,low,low
4,0.562026160580877,0.23254443735738325,0.3581939663697444,0.125,0.8844700840400995,1.419933423185062,0.06998890374752882,0.3842548547693349,0.3598196625958761,ETTm2,raw,11808,11904,raw:11808:4,mid,low
5,0.8635391389736992,0.15048331076520402,0.5077518684546064,1.0,0.8323755693177073,1.419933423185062,0.06998890374752882,0.5072581060645032,0.6341214910217453,ETTm2,raw,11808,11904,raw:11808:5,high,high
6,0.8005767243252669,0.0033172225279452967,0.17744283821716328,0.125,0.5032216661978974,1.419933423185062,0.06998890374752882,0.3271122616901252,0.23273685664847543,ETTm2,raw,11808,11904,raw:11808:6,mid,low
0,0.9140844014956352,0.35620733216941064,0.37082580368596507,0.25,0.8331897363241728,1.034085669696471,0.005680944939943607,0.5470391791170036,0.3629568937547054,ETTm2,raw,12000,12096,raw:12000:0,high,low
1,0.9999999997054244,0.17540029198841278,0.42771395728226586,0.25,0.9195150177488844,1.034085669696471,0.005680944939943607,0.5343714163253678,0.39173198756294264,ETTm2,raw,12000,12096,raw:12000:1,high,mid
2,0.8620565477093249,0.3029881534460391,0.23376186120543485,0.375,0.8083591779026643,1.034085669696471,0.005680944939943607,0.46626885412026625,0.39634670761420265,ETTm2,raw,12000,12096,raw:12000:2,high,mid
3,0.9336054391397559,0.2413009484453429,0.4760908969080863,0.25,0.9012291843222162,1.034085669696471,0.005680944939943607,0.550332428164395,0.38563670975405323,ETTm2,raw,12000,12096,raw:12000:3,high,mid
4,0.2629643144202317,0.13898368373668393,0.14483522542914923,0.0,0.8261019533407952,1.034085669696471,0.005680944939943607,0.18226107452868825,0.2772609660935796,ETTm2,raw,12000,12096,raw:12000:4,low,low
5,0.5849093309473518,0.3035356881593766,0.1606223944937229,0.75,0.9786241704192448,1.034085669696471,0.005680944939943607,0.34968913786681705,0.5781017051197295,ETTm2,raw,12000,12096,raw:12000:5,mid,high
6,0.9520651507919893,0.018260790417800696,0.0018882994312644412,0.0,0.4611817962121144,1.034085669696471,0.005680944939943607,0.32407141354701813,0.15562091371735268,ETTm2,raw,12000,12096,raw:12000:6,mid,low
0,0.7896643814029605,0.09238149763127598,0.029068781306282116,0.25,0.8457949180514793,1.5021045262317911,0.08368408756582504,0.3037048867801729,0.3931596685391015,ETTm2,raw,12096,12192,raw:12096:0,low,mid
1,0.7485788541575333,0.1678991838201978,0.05887875350380451,0.25,0.7885408063981265,1.5021045262317911,0.08368408756582504,0.3251189304938452,0.37407496465465057,ETTm2,raw,12096,12192,raw:12096:1,mid,mid
2,0.8157527839806507,0.0794085058253123,0.01549929950813691,0.25,0.7646072562435845,1.5021045262317911,0.08368408756582504,0.3035535297713666,0.3660971146031365,ETTm2,raw,12096,12192,raw:12096:2,low,low
3,0.8025367135206687,0.185611518737552,0.03665649210298316,0.125,0.713464437010041,1.5021045262317911,0.08368408756582504,0.341601574787068,0.30738284152528866,ETTm2,raw,12096,12192,raw:12096:3,mid,low
4,0.8401935253039675,0.2094300454095704,0.555271141520667,0.25,0.8535688981964404,1.5021045262317911,0.08368408756582504,0.5349649040780683,0.3957509952540885,ETTm2,raw,12096,12192,raw:12096:4,high,mid
5,0.9999999999970953,0.37564990983633517,0.0,0.375,0.8954684317226471,1.5021045262317911,0.08368408756582504,0.45854996994447683,0.4513841730961574,ETTm2,raw,12096,12192,raw:12096:5,high,mid
6,0.9571013481245626,0.015702061387594453,0.007799941416834106,0.0,0.47025648003025444,1.5021045262317911,0.08368408756582504,0.32686778364299707,0.1846468558653598,ETTm2,raw,12096,12192,raw:12096:6,mid,low
0,0.9557576222052925,0.047749439973854,0.7030197897428041,0.0,0.8127706506006167,2.091055436876509,0.18184257250968056,0.5688422839739835,0.33153774103676575,ETTm2,raw,12288,12384,raw:12288:0,high,low
1,0.8620581968592911,0.11757581116134276,0.4880184884208711,0.125,0.8924892435168472,2.091055436876509,0.18184257250968056,0.489217498813835,0.3997772720088426,ETTm2,raw,12288,12384,raw:12288:1,high,mid
2,0.9144722686074642,0.09326838873112138,0.2670534192132676,0.25,0.8610490144130863,2.091055436876509,0.18184257250968056,0.4249313588506178,0.43096386230758893,ETTm2,raw,12288,12384,raw:12288:2,high,mid
3,0.8598957025664051,0.255201348880963,0.3500175356029574,0.5,0.9563477522888096,2.091055436876509,0.18184257250968056,0.48837152901677516,0.5460634415994967,ETTm2,raw,12288,12384,raw:12288:3,high,mid
4,0.6854984069163201,0.17047023656826724,0.08568765007137052,0.125,0.8636651507308393,2.091055436876509,0.18184257250968056,0.31388543118531925,0.3901692410801733,ETTm2,raw,12288,12384,raw:12288:4,low,mid
5,1.0,0.18151599185087852,0.09753110533305324,0.25,0.7890005850584301,2.091055436876509,0.18184257250968056,0.4263490323946439,0.4069477191893702,ETTm2,raw,12288,12384,raw:12288:5,high,mid
6,0.9134820018579567,0.013267552883546307,0.001393294846687283,0.0,0.5031674365029981,2.091055436876509,0.18184257250968056,0.30938094986273007,0.22833666967089292,ETTm2,raw,12288,12384,raw:12288:6,low,low
0,0.4804216103293114,0.2770191526842879,0.17500985792294857,1.0,0.9114902250386038,3.076583030733808,0.34609717121213934,0.31081687364551597,0.7525291320835811,ETTm2,raw,12384,12480,raw:12384:0,low,high
1,0.28487772627626184,0.3005518947055108,0.43955362236070206,0.625,0.9067211876378036,3.076583030733808,0.34609717121213934,0.34166108111415827,0.625939452949981,ETTm2,raw,12384,12480,raw:12384:1,mid,high
2,0.8610433883601583,0.37361375008298636,0.14977145868005942,0.25,0.8973249699411311,3.076583030733808,0.34609717121213934,0.461476199041068,0.49780738038442357,ETTm2,raw,12384,12480,raw:12384:2,high,mid
3,0.45160941142837363,0.3279051096648866,0.5217551511065052,0.375,0.8597694553804546,3.076583030733808,0.34609717121213934,0.4337565573999218,0.5269555421975314,ETTm2,raw,12384,12480,raw:12384:3,high,mid
4,0.4858300571521251,0.18849176988507269,0.21810078160355428,0.0,0.7165104903044573,3.076583030733808,0.34609717121213934,0.29747420288025067,0.35420255383886556,ETTm2,raw,12384,12480,raw:12384:4,low,low
5,1.0,0.04985017297301832,0.005663499618972329,0.0,0.6798904193913865,3.076583030733808,0.34609717121213934,0.3518378908639969,0.3419958635345086,ETTm2,raw,12384,12480,raw:12384:5,mid,low
6,0.9257403727937044,0.030194763464030022,0.7934750980381058,0.0,0.2626603464142228,3.076583030733808,0.34609717121213934,0.5831367447652801,0.20291917254212075,ETTm2,raw,12384,12480,raw:12384:6,high,low
0,0.857144219426166,0.15948988314575563,0.36256234525913605,0.25,0.8095333652752977,1.7617746621576966,0.12696244348134536,0.4597321492770192,0.395498602918881,ETTm2,raw,12480,12576,raw:12480:0,high,mid
1,0.8741085159969982,0.058178188231403284,0.49553933203912537,0.125,0.719833306390219,1.7617746621576966,0.12696244348134536,0.4759420120891756,0.3239319166238548,ETTm2,raw,12480,12576,raw:12480:1,high,low
2,0.8749713790304947,0.3323782702122774,0.40160498119314025,0.25,0.7848453163583223,1.7617746621576966,0.12696244348134536,0.5363182101453042,0.3872692532798893,ETTm2,raw,12480,12576,raw:12480:2,high,mid
3,0.8796306617130256,0.17634334869445226,0.36610965893199765,0.25,0.759515403583277,1.7617746621576966,0.12696244348134536,0.4740278897798252,0.3788259490215408,ETTm2,raw,12480,12576,raw:12480:3,high,mid
4,0.3550679729577698,0.19817476019216568,0.2466364225989332,0.125,0.8547045704409513,1.7617746621576966,0.12696244348134536,0.2666263852496229,0.36888900464076557,ETTm2,raw,12480,12576,raw:12480:4,low,mid
5,0.5060617983897615,0.1518227255318851,0.38511897266913797,0.375,0.8946548625444757,1.7617746621576966,0.12696244348134536,0.3476678321969282,0.46553910200860704,ETTm2,raw,12480,12576,raw:12480:5,mid,mid
6,0.46857422879964283,0.05487331264592786,0.03592548699587417,0.25,0.6231358219345183,1.7617746621576966,0.12696244348134536,0.18645767614714828,0.33336608847195454,ETTm2,raw,12480,12576,raw:12480:6,low,low
0,0.6677795704443887,0.4128876270877384,0.34420211098221715,0.75,0.9696991452832007,1.4087958326653203,0.06813263866399898,0.47495643617144806,0.5959439279823998,ETTm2,raw,12672,12768,raw:12672:0,high,high
1,0.8233008304604716,0.40697597262693164,0.4059698898629941,0.625,0.9772202873834887,1.4087958326653203,0.06813263866399898,0.5454155643167992,0.5567843086824958,ETTm2,raw,12672,12768,raw:12672:1,high,mid
2,0.6380793823400355,0.24813501600565283,0.21151053935096242,0.125,0.9280630390917313,1.4087958326653203,0.06813263866399898,0.36590831256555023,0.37373189258524336,ETTm2,raw,12672,12768,raw:12672:2,mid,mid
3,0.8264015379938805,0.45720806014613014,0.40392505578711513,0.25,0.9328789244399522,1.4087958326653203,0.06813263866399898,0.5625115513090418,0.4170038543679837,ETTm2,raw,12672,12768,raw:12672:3,high,mid
4,0.20088303929922202,0.4064129218381751,0.2766285951246508,0.125,0.8729770887165975,1.4087958326653203,0.06813263866399898,0.29464151875401595,0.35536990912686545,ETTm2,raw,12672,12768,raw:12672:4,low,low
5,0.9910436393515575,0.6452067336473711,0.49193999876045186,0.25,0.9197932108706699,1.4087958326653203,0.06813263866399898,0.7093967905864602,0.4126419498448896,ETTm2,raw,12672,12768,raw:12672:5,high,mid
6,0.8244720495733088,0.022373238787543832,0.23512657307979992,0.125,0.5108753200377623,1.4087958326653203,0.06813263866399898,0.3606572871468842,0.23466931956725376,ETTm2,raw,12672,12768,raw:12672:6,mid,low
0,0.8753397389005497,0.34741733537706,0.5404304320775144,0.5,0.8745633311310614,1.086368023811036,0.014394670611181555,0.5877291687850413,0.4629860005807476,ETTm2,raw,12768,12864,raw:12768:0,high,mid
1,0.43065945323170973,0.10662862139498468,0.13982993686698109,0.375,0.853602418244462,1.086368023811036,0.014394670611181555,0.22570600383122516,0.4143323629518812,ETTm2,raw,12768,12864,raw:12768:1,low,mid
2,0.7764756452131194,0.2312121426663638,0.3001749256881745,0.875,0.9466921014503635,1.086368023811036,0.014394670611181555,0.4359542378558859,0.612028924020515,ETTm2,raw,12768,12864,raw:12768:2,high,high
3,0.5300955581737421,0.10953840976645776,0.182050718742873,0.75,0.864732295261918,1.086368023811036,0.014394670611181555,0.2738948955610243,0.5430423219576999,ETTm2,raw,12768,12864,raw:12768:3,low,mid
4,0.5062067022948387,0.10820396763056742,0.22055400942971112,0.5,0.9198074859593733,1.086368023811036,0.014394670611181555,0.2783215597850391,0.47806738552351824,ETTm2,raw,12768,12864,raw:12768:4,low,mid
5,1.0,0.16104694173197942,0.12228543823308495,0.0,0.5943130840100377,1.086368023811036,0.014394670611181555,0.42777745998835476,0.20290258487373977,ETTm2,raw,12768,12864,raw:12768:5,high,low
6,0.932494328339032,0.014216102261152625,0.001750371352599875,0.0,0.4718243654371656,1.086368023811036,0.014394670611181555,0.3161536006509282,0.1620730120161157,ETTm2,raw,12768,12864,raw:12768:6,low,low
0,0.583127830838831,0.1956466727796119,0.31202426508463305,0.75,0.9390040023023407,2.827646404629481,0.304607733597234,0.363599589567692,0.6645372452998582,ETTm2,raw,12960,13056,raw:12960:0,mid,high
1,0.20517958848689843,0.16909633272287233,0.5535957941207713,0.875,0.9147800615451227,2.827646404629481,0.304607733597234,0.3092905717768473,0.6981292650474522,ETTm2,raw,12960,13056,raw:12960:1,low,high
2,0.3942814407535479,0.06263619882736945,0.18653964371406906,0.25,0.8816114847191432,2.827646404629481,0.304607733597234,0.21448576109832881,0.4787397394387924,ETTm2,raw,12960,13056,raw:12960:2,low,mid
3,0.5185483379988379,0.3638754948385501,0.43749497343989263,0.375,0.9132949851479888,2.827646404629481,0.304607733597234,0.4399729354257602,0.5309675729150742,ETTm2,raw,12960,13056,raw:12960:3,high,mid
4,0.4092469912722967,0.12439671012002176,0.11879964485644201,0.25,0.7884986370648509,2.827646404629481,0.304607733597234,0.21748111541625348,0.4477021235540282,ETTm2,raw,12960,13056,raw:12960:4,low,mid
5,0.0,0.0,0.0,0.0,-0.0,2.827646404629481,0.304607733597234,0.0,0.101535911199078,ETTm2,raw,12960,13056,raw:12960:5,low,low
6,0.959245079576619,0.014089951370109894,0.03802813117092721,0.0,0.5525615264612277,2.827646404629481,0.304607733597234,0.3371210540392187,0.2857230866861539,ETTm2,raw,12960,13056,raw:12960:6,mid,low
0,0.5485595018760554,0.40918152752062686,0.7818155745764641,0.25,0.7827855832380795,2.7488881403596883,0.29148135624081245,0.5798522013243822,0.44142231315963065,ETTm2,raw,13056,13152,raw:13056:0,high,mid
1,0.2764020776240922,0.2870519792894662,0.4145776013989302,0.25,0.7198020768986045,2.7488881403596883,0.29148135624081245,0.3260105527708295,0.4204278110464723,ETTm2,raw,13056,13152,raw:13056:1,mid,mid
2,0.4957851822707,0.38083297266447397,0.011843268190790441,0.25,0.8012788646188669,2.7488881403596883,0.29148135624081245,0.2961538077086548,0.4475867402865598,ETTm2,raw,13056,13152,raw:13056:2,low,mid
3,0.5634643694561914,0.7571166636463206,0.3607531407651918,0.25,0.7424243246326603,2.7488881403596883,0.29148135624081245,0.560444724622568,0.4279685602911576,ETTm2,raw,13056,13152,raw:13056:3,high,mid
4,0.1375715918960405,0.034766697536899344,0.004111792573346665,0.0,0.548318285307855,2.7488881403596883,0.29148135624081245,0.058816694002095514,0.27993321384955583,ETTm2,raw,13056,13152,raw:13056:4,low,low
5,0.206814950093137,0.06826971719358488,0.01594854848334831,0.125,0.6112163586097091,2.7488881403596883,0.29148135624081245,0.09701107192335673,0.34256590495017386,ETTm2,raw,13056,13152,raw:13056:5,low,low
6,0.91475989203109,0.005403730091684055,0.023843582018350188,0.0,0.5213291921692563,2.7488881403596883,0.29148135624081245,0.3146690680470414,0.2709368494700229,ETTm2,raw,13056,13152,raw:13056:6,low,low
0,0.758444535323606,0.41948440057763353,0.3083247653717865,0.5,0.9110219460747572,3.0255963163598545,0.3375993854973101,0.495417900424342,0.582873777190689,ETTm2,raw,13152,13248,raw:13152:0,high,high
1,0.5516458016114247,0.13405645587572046,0.19173937423210075,0.375,0.8508557844769363,3.0255963163598545,0.3375993854973101,0.2924805439064153,0.5211517233247488,ETTm2,raw,13152,13248,raw:13152:1,low,mid
2,0.7706349300428009,0.263259349184597,0.09255819634536053,0.5,0.9273598431118413,3.0255963163598545,0.3375993854973101,0.3754841585242528,0.5883197428697171,ETTm2,raw,13152,13248,raw:13152:2,mid,high
3,0.5954486342663987,0.16739758599305293,0.14117722407390165,0.375,0.8253896831757935,3.0255963163598545,0.3375993854973101,0.3013411481111178,0.5126630228910346,ETTm2,raw,13152,13248,raw:13152:3,low,mid
4,0.9806227134431258,0.12065259248007554,0.20334288538449038,0.25,0.8420358510468287,3.0255963163598545,0.3375993854973101,0.4348727304358972,0.47654507884804626,ETTm2,raw,13152,13248,raw:13152:4,high,mid
5,0.9999999996247063,0.4998449606865104,0.46004095714810683,0.375,0.8715548876689261,3.0255963163598545,0.3375993854973101,0.6532953058197745,0.5280514243887454,ETTm2,raw,13152,13248,raw:13152:5,high,mid
6,0.8142804495109097,0.031168295041378292,0.0705471359310446,0.0,0.4847216511424491,3.0255963163598545,0.3375993854973101,0.30533196016111086,0.27410701221325307,ETTm2,raw,13152,13248,raw:13152:6,low,low
0,0.7593445191507966,0.20629315293359102,0.14909100682795368,0.5,0.8824036160435775,3.5778660860806912,0.4296443469640413,0.37157622630411374,0.6040159876692063,ETTm2,raw,13344,13440,raw:13344:0,mid,high
1,0.6719815745367566,0.24864818390152083,0.4690189532373088,0.75,0.9230848391759333,3.5778660860806912,0.4296443469640413,0.4632162372251954,0.7009097287133249,ETTm2,raw,13344,13440,raw:13344:1,high,high
2,0.7910848755716612,0.16759942076624856,0.055016400859067324,0.25,0.8463156608105995,3.5778660860806912,0.4296443469640413,0.33790023239899236,0.5086533359248803,ETTm2,raw,13344,13440,raw:13344:2,mid,mid
3,0.8044380014821159,0.25975685523786224,0.39345659470909766,0.5,0.8664528180696252,3.5778660860806912,0.4296443469640413,0.48588381714302525,0.5986990550112221,ETTm2,raw,13344,13440,raw:13344:3,high,high
4,0.33178268296188174,0.11530083326846266,0.20252245673074493,0.125,0.8841866969461817,3.5778660860806912,0.4296443469640413,0.21653532432036307,0.47961034797007435,ETTm2,raw,13344,13440,raw:13344:4,low,mid
5,0.49708003302719483,0.13399599380227378,0.0026984001890307655,0.0,0.64467231805071,3.5778660860806912,0.4296443469640413,0.2112581423394998,0.3581055550049171,ETTm2,raw,13344,13440,raw:13344:5,low,low
6,0.9560572604019044,0.06396235613276197,0.0011779797409734723,0.125,0.6697601689268323,3.5778660860806912,0.4296443469640413,0.34039919875854663,0.4081348386302912,ETTm2,raw,13344,13440,raw:13344:6,mid,mid
0,0.5791654178277967,0.24110384368029641,0.3176186901861666,0.625,0.8744252335775976,2.6758384784944416,0.27930641261689626,0.37929598389808655,0.592910548731498,ETTm2,raw,13440,13536,raw:13440:0,mid,high
1,0.49706518367013186,0.18081108095401754,0.36319954711848174,0.375,0.8437383652981162,2.6758384784944416,0.27930641261689626,0.347025270580877,0.4993482593050042,ETTm2,raw,13440,13536,raw:13440:1,mid,mid
2,0.49973790087241343,0.3414098558683658,0.23728630560722452,0.75,0.8940387763846367,2.6758384784944416,0.27930641261689626,0.35947802078266794,0.641115063000511,ETTm2,raw,13440,13536,raw:13440:2,mid,high
3,0.6538221514663785,0.37613820425644284,0.4075558567237395,0.5,0.6734469489884767,2.6758384784944416,0.27930641261689626,0.47917207081552027,0.4842511205351243,ETTm2,raw,13440,13536,raw:13440:3,high,mid
4,0.33097104126010146,0.04173188344447094,0.039583780309313206,0.125,0.738526708301468,2.6758384784944416,0.27930641261689626,0.1374289016712952,0.3809443736394547,ETTm2,raw,13440,13536,raw:13440:4,low,mid
5,0.7836002002961593,0.12354641659917374,0.08759363762827721,0.125,0.8304777863062797,2.6758384784944416,0.27930641261689626,0.33158008484120344,0.41159473297439203,ETTm2,raw,13440,13536,raw:13440:5,mid,mid
6,0.9999999999906731,0.01829202229717651,0.060924302489719945,0.125,0.5388608055761733,2.6758384784944416,0.27930641261689626,0.3597387749258565,0.3143890727310232,ETTm2,raw,13440,13536,raw:13440:6,mid,low
0,0.700894476337327,0.22952504618103503,0.18820225568214188,0.625,0.9421408108816915,1.0766119048622684,0.012768650789096987,0.3728739260668346,0.5266364872235961,ETTm2,raw,13632,13728,raw:13632:0,mid,mid
1,0.4063332246575274,0.33939631442962853,0.30001976081874815,0.75,0.8891897269015672,1.0766119048622684,0.012768650789096987,0.3485830999686346,0.5506527925635547,ETTm2,raw,13632,13728,raw:13632:1,mid,mid
2,0.7596511485715827,0.11786824759323533,0.19387818401832002,0.25,0.9062970460845343,1.0766119048622684,0.012768650789096987,0.35713252672771273,0.38968856562454374,ETTm2,raw,13632,13728,raw:13632:2,mid,mid
3,0.3537443070781876,0.3979875425872479,0.46850266356205567,0.25,0.8962640952499124,1.0766119048622684,0.012768650789096987,0.4067448377424971,0.38634424867966977,ETTm2,raw,13632,13728,raw:13632:3,high,mid
4,0.26542414665989034,0.09677237469865174,0.15950241060444528,0.5,0.9493248486852515,1.0766119048622684,0.012768650789096987,0.17389964398766244,0.4873644998247828,ETTm2,raw,13632,13728,raw:13632:4,low,mid
5,0.9999999674046983,0.1063875480526851,0.4430178936653485,1.0,0.9372485665745776,1.0766119048622684,0.012768650789096987,0.5164684697075773,0.6500057391212248,ETTm2,raw,13632,13728,raw:13632:5,high,high
6,0.46180995247753387,0.015954159545576618,0.01510363517623769,0.125,0.45650546383982943,1.0766119048622684,0.012768650789096987,0.1642892490664494,0.19809137154297543,ETTm2,raw,13632,13728,raw:13632:6,low,low
0,0.7057416363791698,0.379703284990066,0.6030221319692152,0.5,0.8945115415346543,1.260260500342216,0.043376749984741426,0.5628223511128171,0.47929609717313193,ETTm2,raw,13728,13824,raw:13728:0,high,mid
1,0.4829710881589331,0.23969079268856855,0.43948566099844383,1.0,0.8838977731458844,1.260260500342216,0.043376749984741426,0.3873825139486485,0.6424248410435419,ETTm2,raw,13728,13824,raw:13728:1,mid,high
2,0.5971456775378925,0.20054811366289418,0.28050070992499887,0.375,0.9569483327417574,1.260260500342216,0.043376749984741426,0.35939816704192856,0.4584416942421663,ETTm2,raw,13728,13824,raw:13728:2,mid,mid
3,0.5861557729432796,0.3193831095714743,0.30010077454060724,1.0,0.9295548135692334,1.260260500342216,0.043376749984741426,0.4018798856851204,0.6576438545179916,ETTm2,raw,13728,13824,raw:13728:3,mid,high
4,0.2795645420452676,0.11377526546648646,0.009359748393988232,0.125,0.7550558626115351,1.260260500342216,0.043376749984741426,0.1342331853019141,0.3078108708654255,ETTm2,raw,13728,13824,raw:13728:4,low,low
5,0.8930929555188682,0.11726393689022062,1.4763284455265444e-06,0.0,0.7878840388633009,1.260260500342216,0.043376749984741426,0.3367861229125115,0.2770869296160141,ETTm2,raw,13728,13824,raw:13728:5,mid,low
6,0.7617482132878381,0.0768867452770916,0.3571935964980668,0.125,0.5032771521989702,1.260260500342216,0.043376749984741426,0.39860951835433217,0.22388463406123718,ETTm2,raw,13728,13824,raw:13728:6,mid,low
0,0.8372624119143068,0.21240497397142585,0.017007268399989856,0.125,0.7681389104227093,1.10523499561339,0.017539165906333056,0.3555582180952408,0.3035593587763475,ETTm2,raw,13920,14016,raw:13920:0,mid,low
1,0.7674698306332445,0.3999876508850705,0.37687169509370694,0.125,0.7805360996021179,1.10523499561339,0.017539165906333056,0.5147763922040073,0.30769175516948366,ETTm2,raw,13920,14016,raw:13920:1,high,low
2,0.8139292294141957,0.16643196168779584,0.017765278398219585,0.125,0.7346795918849016,1.10523499561339,0.017539165906333056,0.33270882316673706,0.29240625259707825,ETTm2,raw,13920,14016,raw:13920:2,mid,low
3,0.7035011279185068,0.39335238424223573,0.41904756377671387,0.25,0.7594635998519909,1.10523499561339,0.017539165906333056,0.5053003586458188,0.34233425525277467,ETTm2,raw,13920,14016,raw:13920:3,high,low
4,0.9951475652173661,0.1926860366748896,0.9999999785271676,0.375,0.8945597888546876,1.10523499561339,0.017539165906333056,0.7292778601398077,0.4290329849203402,ETTm2,raw,13920,14016,raw:13920:4,high,mid
5,1.0,0.458643560247021,0.36671186502504544,0.875,0.9350834618222882,1.10523499561339,0.017539165906333056,0.6084518084240221,0.609207542576207,ETTm2,raw,13920,14016,raw:13920:5,high,high
6,0.3443647029182436,0.049961901571052805,0.08817409498302357,0.0,0.5455599166397874,1.10523499561339,0.017539165906333056,0.16083356649077332,0.18769969418204016,ETTm2,raw,13920,14016,raw:13920:6,low,low
0,0.8421371929312748,0.43699396667897916,0.09400253919723503,1.0,0.9505402798507467,2.492126875989124,0.24868781225037434,0.45771123293582966,0.7330760307003737,ETTm2,raw,14016,14112,raw:14016:0,high,high
1,0.5997321152792653,0.11551466968008345,0.3213358110670401,0.75,0.8912831997266766,2.492126875989124,0.24868781225037434,0.34552753200879627,0.6299903373256837,ETTm2,raw,14016,14112,raw:14016:1,mid,high
2,0.7987325591486217,0.13501816459498123,0.035646671044459496,0.5,0.9261585752555652,2.492126875989124,0.24868781225037434,0.32313246492935416,0.5582821291686465,ETTm2,raw,14016,14112,raw:14016:2,low,high
3,0.4400306423720567,0.16162079991581801,0.41491055366547214,1.0,0.9380914519142258,2.492126875989124,0.24868781225037434,0.3388539986511156,0.7289264213882,ETTm2,raw,14016,14112,raw:14016:3,mid,high
4,0.702746401823749,0.18700046000862716,0.2950387636171201,0.125,0.8391571834531434,2.492126875989124,0.24868781225037434,0.3949285418164988,0.40428166523450587,ETTm2,raw,14016,14112,raw:14016:4,mid,mid
5,0.942111931221837,0.10035557894248015,0.005590091836511198,0.125,0.8647431767587551,2.492126875989124,0.24868781225037434,0.34935253400027616,0.4128103296697098,ETTm2,raw,14016,14112,raw:14016:5,mid,mid
6,0.8586960662284407,0.038446308933341916,0.01281533549154739,0.0,0.5629159939955077,2.492126875989124,0.24868781225037434,0.30331923688444334,0.27053460208196073,ETTm2,raw,14016,14112,raw:14016:6,low,low
0,0.790182218755979,0.3564349503719645,0.2347667036699939,0.25,0.7935995233031022,1.9184768267115115,0.1530794708634528,0.4604612909326458,0.3988929980555183,ETTm2,raw,14112,14208,raw:14112:0,high,mid
1,0.6467548512249632,0.12391500127135037,0.3001219654595493,0.375,0.9132268092432012,1.9184768267115115,0.1530794708634528,0.35693060598528764,0.480435426702218,ETTm2,raw,14112,14208,raw:14112:1,mid,mid
2,0.7624702726636813,0.36761123630331305,0.4435633766062788,0.625,0.8016679897322745,1.9184768267115115,0.1530794708634528,0.524548295191091,0.5265824868652424,ETTm2,raw,14112,14208,raw:14112:2,high,mid
3,0.7080572590837779,0.20821228601458172,0.39254578153309194,0.75,0.9457771147227597,1.9184768267115115,0.1530794708634528,0.43627177554381724,0.6162855285287375,ETTm2,raw,14112,14208,raw:14112:3,high,high
4,0.6436939375881781,0.34265457801138965,0.348405678094533,0.125,0.7876097154569349,1.9184768267115115,0.1530794708634528,0.44491806456470023,0.35522972877346254,ETTm2,raw,14112,14208,raw:14112:4,high,low
5,0.9999999838138792,0.15368449374498477,0.1717881414146194,0.75,0.9848894905585932,1.9184768267115115,0.1530794708634528,0.44182420632449443,0.629322987140682,ETTm2,raw,14112,14208,raw:14112:5,high,high
6,0.9955323221768215,0.055632534348208224,0.002232124917266313,0.0,0.6661656843968873,1.9184768267115115,0.1530794708634528,0.35113232714743203,0.27308171842011336,ETTm2,raw,14112,14208,raw:14112:6,mid,low
0,0.6434969122655652,0.4797563291747575,0.6522244794076727,0.625,0.9206173153598398,1.0651203315328015,0.010853388570711268,0.5918259069493318,0.5188235679768504,ETTm2,raw,14304,14400,raw:14304:0,high,mid
1,0.19728291311861568,0.14190894713079477,0.5120167283025922,0.5,0.8697710091744731,1.0651203315328015,0.010853388570711268,0.28373619618400087,0.46020813258172816,ETTm2,raw,14304,14400,raw:14304:1,low,mid
2,0.5997117043391333,0.5314959537180475,0.44883308715525616,0.875,0.9372070285398675,1.0651203315328015,0.010853388570711268,0.5266802484041456,0.6076868057035262,ETTm2,raw,14304,14400,raw:14304:2,high,high
3,0.1741754255725061,0.126062115917233,0.5026826652069935,0.75,0.8909315657490071,1.0651203315328015,0.010853388570711268,0.26764006889891084,0.5505949847732394,ETTm2,raw,14304,14400,raw:14304:3,low,mid
4,0.38313056464476003,0.07783866962418226,0.5566673641723036,0.5,0.9422210311407249,1.0651203315328015,0.010853388570711268,0.3392121994804153,0.484358139903812,ETTm2,raw,14304,14400,raw:14304:4,mid,mid
5,0.73810310741435,0.34932848829795393,0.4723325986901221,0.5,0.7728171819277917,1.0651203315328015,0.010853388570711268,0.5199213981341421,0.42789019016616764,ETTm2,raw,14304,14400,raw:14304:5,high,mid
6,0.9092662084786123,0.011190319258744436,0.00436673796348188,0.0,0.5100457919418003,1.0651203315328015,0.010853388570711268,0.30827442190027954,0.1736330601708372,ETTm2,raw,14304,14400,raw:14304:6,low,low
0,0.7295439863552433,0.1910611914174443,0.07572771874792096,0.5,0.9242528487750222,2.4196365493636174,0.2366060911662594,0.3321109655068695,0.553619646647094,ETTm2,raw,14400,14496,raw:14400:0,mid,mid
1,0.6079957147378683,0.14912809722678616,0.40067309985569,0.5,0.8484462180054578,2.4196365493636174,0.2366060911662594,0.3859323039401148,0.5283507697239057,ETTm2,raw,14400,14496,raw:14400:1,mid,mid
2,0.614597924927796,0.1367371981785192,0.03815156484465799,0.5,0.9368683480589555,2.4196365493636174,0.2366060911662594,0.26316222931699107,0.5578248130750717,ETTm2,raw,14400,14496,raw:14400:2,low,high
3,0.7303234109167144,0.37198943851860267,0.41388105092571514,0.375,0.8433177524475247,2.4196365493636174,0.2366060911662594,0.5053979667870108,0.48497461453792806,ETTm2,raw,14400,14496,raw:14400:3,high,mid
4,0.863572579532462,0.18005682028496856,0.14046484713817178,0.125,0.5837164906768487,2.4196365493636174,0.2366060911662594,0.39469808231853415,0.315107527281036,ETTm2,raw,14400,14496,raw:14400:4,mid,low
5,0.8075806802650449,0.1300828274132417,0.0015296778442872108,0.0,0.7501818212883408,2.4196365493636174,0.2366060911662594,0.3130643951741913,0.3289293041515334,ETTm2,raw,14400,14496,raw:14400:5,low,low
6,0.8631133358866772,0.014646582514596072,0.003120187072317532,0.0,0.5297730201102128,2.4196365493636174,0.2366060911662594,0.29362670182453027,0.25545970375882404,ETTm2,raw,14400,14496,raw:14400:6,low,low
0,0.6747483328636579,0.2918160270238929,0.09579699402864107,0.875,0.9637290838818114,2.192913658892259,0.1988189428173449,0.3541204513053973,0.6791826755663855,ETTm2,raw,14592,14688,raw:14592:0,mid,high
1,0.6413979495928079,0.38054339272774873,0.27253234827387174,0.625,0.9375052269261744,2.192913658892259,0.1988189428173449,0.43149123019814284,0.5871080565811732,ETTm2,raw,14592,14688,raw:14592:1,high,high
2,0.8306903355350301,0.20827340537181094,0.0698872224697206,0.25,0.9113030630335905,2.192913658892259,0.1988189428173449,0.36961698779218727,0.4533740019503118,ETTm2,raw,14592,14688,raw:14592:2,mid,mid
3,0.5519138085402241,0.5219570960972094,0.33693588623193166,0.75,0.9468263551232745,2.192913658892259,0.1988189428173449,0.4702689302897884,0.6318817659802064,ETTm2,raw,14592,14688,raw:14592:3,high,high
4,0.7467524761872877,0.15092957591448983,0.6466652840447832,0.25,0.8773800661289178,2.192913658892259,0.1988189428173449,0.5147824453821869,0.4420663363154209,ETTm2,raw,14592,14688,raw:14592:4,high,mid
5,0.8638488847388749,0.24456833709539214,0.5964761342816709,0.875,0.9169507547681789,2.192913658892259,0.1988189428173449,0.5682977853719793,0.6635898991951746,ETTm2,raw,14592,14688,raw:14592:5,high,high
6,0.8961649412247853,0.04919508280032511,0.07569030028408714,0.125,0.6200642816481214,2.192913658892259,0.1988189428173449,0.3403501081030658,0.31462774148848877,ETTm2,raw,14592,14688,raw:14592:6,mid,low
0,0.7216878485792275,0.18782372186980473,0.08435221999711072,0.875,0.9758811611614522,2.9047336526290612,0.31745560824241753,0.3312879301487143,0.7227789231346232,ETTm2,raw,14688,14784,raw:14688:0,mid,high
1,0.6486060590783798,0.07639888741209055,0.20550569875338556,1.0,0.968254468474811,2.9047336526290612,0.31745560824241753,0.3101702150812853,0.7619033589057428,ETTm2,raw,14688,14784,raw:14688:1,low,high
2,0.6025093233848174,0.16842946382092794,0.005695338263744529,1.0,0.9606510688787233,2.9047336526290612,0.31745560824241753,0.2588780418231633,0.7593688923737135,ETTm2,raw,14688,14784,raw:14688:2,low,high
3,0.6604730491671565,0.12360093284949415,0.400637130706946,0.75,0.9323070185977335,2.9047336526290612,0.31745560824241753,0.3949037042411989,0.6665875422800503,ETTm2,raw,14688,14784,raw:14688:3,mid,high
4,0.7830168241483232,0.1965315114529091,0.2566792647428704,0.0,0.6993486183207959,2.9047336526290612,0.31745560824241753,0.41207586678136754,0.3389347421877378,ETTm2,raw,14688,14784,raw:14688:4,high,low
5,0.9999999691478705,0.230255722093478,0.24329385580915083,0.125,0.8398749017444824,2.9047336526290612,0.31745560824241753,0.49118318235016645,0.4274435033289667,ETTm2,raw,14688,14784,raw:14688:5,high,mid
6,0.8700057898731275,0.014504258876121015,0.014448470971434157,0.0,0.5187105516441332,2.9047336526290612,0.31745560824241753,0.29965283990689423,0.27872205329551686,ETTm2,raw,14688,14784,raw:14688:6,low,low
0,0.47424731347579785,0.2781533344701927,0.41467038363221476,0.5,0.9510983987539943,2.5979862694245606,0.26633104446020833,0.3890236771927351,0.5724764810714008,ETTm2,raw,14784,14880,raw:14784:0,mid,high
1,0.5474998907300422,0.3891087225677037,0.7319474612851506,0.375,0.940468619179688,2.5979862694245606,0.26633104446020833,0.5561853581942988,0.5272665545466321,ETTm2,raw,14784,14880,raw:14784:1,high,mid
2,0.6807285679714913,0.29756814334756715,0.40510258935956184,0.75,0.8835170598538375,2.5979862694245606,0.26633104446020833,0.46113310022620674,0.6332827014380152,ETTm2,raw,14784,14880,raw:14784:2,high,high
3,0.6453354309415777,0.40240142525220113,0.6073332755432369,0.625,0.8938009125292704,2.5979862694245606,0.26633104446020833,0.5516900439123386,0.5950439856631596,ETTm2,raw,14784,14880,raw:14784:3,high,high
4,0.7772814684480985,0.08483606085940087,0.07396911390209339,0.0,0.773197280590557,2.5979862694245606,0.26633104446020833,0.31202888106986426,0.3465094416835885,ETTm2,raw,14784,14880,raw:14784:4,low,low
5,0.9999999996544947,0.3040653022376515,0.26159067169422967,0.625,0.930150039481707,2.5979862694245606,0.26633104446020833,0.521885324528792,0.6071603613139718,ETTm2,raw,14784,14880,raw:14784:5,high,high
6,0.8090358966107087,0.005438109829396367,0.007065717177780085,0.0,0.49844358912778997,2.5979862694245606,0.26633104446020833,0.27384657453929506,0.2549248778626661,ETTm2,raw,14784,14880,raw:14784:6,low,low
0,0.6064305130716902,0.08074273994793664,0.6352121000602351,0.75,0.9116424444270063,1.4712914426873822,0.07854857365031608,0.44079511769328733,0.5800636726924407,ETTm2,raw,14976,15072,raw:14976:0,high,high
1,0.49765924161324426,0.16349455460074608,0.5681307893864996,0.375,0.892859962233363,1.4712914426873822,0.07854857365031608,0.40976152853349673,0.4488028452945596,ETTm2,raw,14976,15072,raw:14976:1,high,mid
2,0.5262606944490875,0.09623922037954089,0.48832683076524286,0.625,0.8821303355075191,1.4712914426873822,0.07854857365031608,0.3702755818646238,0.528559636385945,ETTm2,raw,14976,15072,raw:14976:2,mid,mid
3,0.7002335237164692,0.25081181340120867,0.5624421216117212,0.5,0.8560102439245897,1.4712914426873822,0.07854857365031608,0.5044958195764664,0.4781862725249686,ETTm2,raw,14976,15072,raw:14976:3,high,mid
4,0.27947968486828745,0.3398848647127709,0.29935249535256164,0.25,0.9160737307217608,1.4712914426873822,0.07854857365031608,0.3062390149778733,0.4148741014573589,ETTm2,raw,14976,15072,raw:14976:4,low,mid
5,0.9536095029640403,0.2397496242319698,0.4952523212276495,0.625,0.9622736674321053,1.4712914426873822,0.07854857365031608,0.5628704828078867,0.555274080360807,ETTm2,raw,14976,15072,raw:14976:5,high,mid
6,0.9539607363581598,0.014852622698981735,0.0012817786319929327,0.0,0.5200623045415483,1.4712914426873822,0.07854857365031608,0.32336504589637816,0.19953695939728813,ETTm2,raw,14976,15072,raw:14976:6,low,low
0,0.7078052895765508,0.4671344062086158,0.510137067378104,0.625,0.9568189749624029,1.4437420503462624,0.07395700826778205,0.5616922543877568,0.551925327743395,ETTm2,raw,15072,15168,raw:15072:0,high,mid
1,0.44554437298221017,0.591499743804712,0.22314063701364129,0.5,0.9279838533977611,1.4437420503462624,0.07395700826778205,0.42006158460018783,0.5006469538885144,ETTm2,raw,15072,15168,raw:15072:1,high,mid
2,0.7320655738153786,0.5729587819863284,0.6046486665982387,0.375,0.9293010319009134,1.4437420503462624,0.07395700826778205,0.6365576741333153,0.45941934672289847,ETTm2,raw,15072,15168,raw:15072:2,high,mid
3,0.2034110733103276,0.5381880847508282,0.26377145582728745,0.625,0.9168408555066283,1.4437420503462624,0.07395700826778205,0.3351235379628144,0.5385992879248035,ETTm2,raw,15072,15168,raw:15072:3,mid,mid
4,0.7114891692753234,0.20361303212352755,0.9999999961841992,0.125,0.8327555789397872,1.4437420503462624,0.07395700826778205,0.63836739919435,0.3439041957358564,ETTm2,raw,15072,15168,raw:15072:4,high,low
5,0.9999999200938723,0.22422411578652746,0.9876384045472814,1.0,0.93096038836901,1.4437420503462624,0.07395700826778205,0.7372874801425603,0.6683057988789307,ETTm2,raw,15072,15168,raw:15072:5,high,high
6,0.8292164726536853,0.022123155050219154,0.01108876499813378,0.0,0.5199592615955977,1.4437420503462624,0.07395700826778205,0.2874761309006794,0.19797208995445992,ETTm2,raw,15072,15168,raw:15072:6,low,low
0,0.6236569972567803,0.2661311708634466,0.05352735609724825,0.625,0.9185923014329527,2.5055358158941243,0.2509226355641497,0.3144385080724917,0.5981716456657008,ETTm2,raw,15264,15360,raw:15264:0,low,high
1,0.7460719845958814,0.2575820178921385,0.285878964401644,0.375,0.9715120988556466,2.5055358158941243,0.2509226355641497,0.42984432229655467,0.5324782448065987,ETTm2,raw,15264,15360,raw:15264:1,high,mid
2,0.8320884425466774,0.24625350178552885,0.03759709283047659,0.5,0.9144818114119478,2.5055358158941243,0.2509226355641497,0.3719796790542276,0.5551348156586992,ETTm2,raw,15264,15360,raw:15264:2,mid,mid
3,0.7469790748854067,0.275988632192518,0.3706524038759607,0.375,0.8973152651542148,2.5055358158941243,0.2509226355641497,0.4645400369846284,0.5077459669061215,ETTm2,raw,15264,15360,raw:15264:3,high,mid
4,0.8789183770885134,0.13058404871577475,0.19775706639318089,0.0,0.6672849126274868,2.5055358158941243,0.2509226355641497,0.4024198307324897,0.3060691827305455,ETTm2,raw,15264,15360,raw:15264:4,mid,low
5,0.08166815329575128,0.09049140332175583,0.262445692669811,0.0,0.7882795793552916,2.5055358158941243,0.2509226355641497,0.14486841642910603,0.34640073830648044,ETTm2,raw,15264,15360,raw:15264:5,low,low
6,0.9316956162930252,0.018622155225452016,0.0037188492760037704,0.0,0.5485845710244596,2.5055358158941243,0.2509226355641497,0.3180122069314936,0.2665024021962031,ETTm2,raw,15264,15360,raw:15264:6,low,low
0,0.6327966269836145,0.27343433889135094,0.020606100692581442,0.625,0.9232575026127472,1.3474182043423923,0.05790303396056033,0.30894568885584894,0.5353868455244358,ETTm2,raw,15360,15456,raw:15360:0,low,mid
1,0.7296269999457525,0.31176090617373553,0.3824736955363737,0.375,0.9125856742002274,1.3474182043423923,0.05790303396056033,0.4746205338852873,0.44849623605359595,ETTm2,raw,15360,15456,raw:15360:1,high,mid
2,0.794917494206338,0.2585681120351012,0.04303552393077443,0.25,0.9155373649493368,1.3474182043423923,0.05790303396056033,0.36550704339073786,0.40781346630329907,ETTm2,raw,15360,15456,raw:15360:2,mid,mid
3,0.7464556511881222,0.42160034665442014,0.38055714316699846,0.625,0.8946095042934672,1.3474182043423923,0.05790303396056033,0.5162043803365136,0.5258375127513425,ETTm2,raw,15360,15456,raw:15360:3,high,mid
4,0.10282131464599686,0.1625039616201916,0.03375774065877721,0.0,0.6762338670455792,1.3474182043423923,0.05790303396056033,0.09969433897498854,0.24471230033537983,ETTm2,raw,15360,15456,raw:15360:4,low,low
5,0.6019153729090579,0.1375176394713067,0.5044161078502363,0.375,0.9422488874577449,1.3474182043423923,0.05790303396056033,0.41461637341020036,0.45838397380610174,ETTm2,raw,15360,15456,raw:15360:5,high,mid
6,0.8946884439407955,0.020739890429646156,0.003846224649812983,0.0,0.5525161277268141,1.3474182043423923,0.05790303396056033,0.30642485300675154,0.20347305389579148,ETTm2,raw,15360,15456,raw:15360:6,low,low
0,0.5950313582644591,0.3577799839057857,0.22226466211217133,1.0,0.9613520440683672,2.8429429139520805,0.3071571518134182,0.391692001427472,0.7561697319605951,ETTm2,raw,15552,15648,raw:15552:0,mid,high
1,0.424751200453408,0.3095645710152402,0.476945682744902,0.375,0.8643035268160103,2.8429429139520805,0.3071571518134182,0.40375381807118343,0.5154868928764762,ETTm2,raw,15552,15648,raw:15552:1,mid,mid
2,0.5680848258005564,0.21330121742518138,0.17407892556285962,0.75,0.9527303791078636,2.8429429139520805,0.3071571518134182,0.3184883229295325,0.669962510307094,ETTm2,raw,15552,15648,raw:15552:2,low,high
3,0.35381837041326036,0.47777969589578567,0.5491480304007104,0.625,0.905765559415457,2.8429429139520805,0.3071571518134182,0.46024869890325215,0.6126409037429584,ETTm2,raw,15552,15648,raw:15552:3,high,high
4,0.257454521505193,0.0761707642570007,0.059088690849390016,0.0,0.5814528064476859,2.8429429139520805,0.3071571518134182,0.1309046588705279,0.29620331942036804,ETTm2,raw,15552,15648,raw:15552:4,low,low
5,1.0,0.044139434330030085,0.9981236878415902,0.125,0.7459580113007559,2.8429429139520805,0.3071571518134182,0.6807543740572068,0.3927050543713914,ETTm2,raw,15552,15648,raw:15552:5,high,mid
6,0.911821822648142,0.07748001443399183,0.011103579129252902,0.125,0.7975094791801264,2.8429429139520805,0.3071571518134182,0.3334684720704622,0.40988887699784815,ETTm2,raw,15552,15648,raw:15552:6,mid,mid
0,0.6345189695941243,0.1302465190692185,0.03807312706787075,0.375,0.9483709144566225,1.477257590554788,0.07954293162655979,0.2676128719104045,0.4676379486943942,ETTm2,raw,15648,15744,raw:15648:0,low,mid
1,0.5281613277846222,0.1549234438596822,0.39436655777733914,0.25,0.9326861895519668,1.477257590554788,0.07954293162655979,0.3591504431405479,0.42074304039284227,ETTm2,raw,15648,15744,raw:15648:1,mid,mid
2,0.5162646261956705,0.13178243277534332,0.06895866045441525,0.25,0.8947202694629067,1.477257590554788,0.07954293162655979,0.239001906475143,0.4080877336964888,ETTm2,raw,15648,15744,raw:15648:2,low,mid
3,0.36364252073105396,0.2772751084967381,0.5078807725541807,0.5,0.9230412926983884,1.477257590554788,0.07954293162655979,0.38293280059399093,0.500861408108316,ETTm2,raw,15648,15744,raw:15648:3,mid,mid
4,0.9251663959103915,0.10074046146692037,0.1972945342812916,0.25,0.7859689393467675,1.477257590554788,0.07954293162655979,0.40773379721953446,0.37183729032444246,ETTm2,raw,15648,15744,raw:15648:4,high,mid
5,0.9998462265279296,0.5209745047154246,0.3862854926852908,0.625,0.7064665472141158,1.477257590554788,0.07954293162655979,0.6357020746428818,0.47033649294689184,ETTm2,raw,15648,15744,raw:15648:5,high,mid
6,0.8073607749608972,0.009918784775834785,0.09472862636446151,0.25,0.6626109692110576,1.477257590554788,0.07954293162655979,0.30400272870039785,0.33071796694587247,ETTm2,raw,15648,15744,raw:15648:6,low,low
0,0.7485469344985671,0.49000445841325874,0.13449247024176914,0.5,0.9793463157303113,3.0458475781674954,0.34097459579295825,0.45768128771786504,0.6067736371744231,ETTm2,raw,15744,15840,raw:15744:0,high,high
1,0.7444227922014265,0.30264748926542334,0.27982934815806865,0.5,0.9172497430598416,3.0458475781674954,0.34097459579295825,0.4422998765416395,0.5860747796175999,ETTm2,raw,15744,15840,raw:15744:1,high,high
2,0.8113629931691416,0.31048279832502007,0.04793274276103482,0.375,0.9260504236141487,3.0458475781674954,0.34097459579295825,0.3899261780850655,0.5473416731357023,ETTm2,raw,15744,15840,raw:15744:2,mid,mid
3,0.7802204200386018,0.4630750608098986,0.2576717593646084,0.5,0.8749843501594562,3.0458475781674954,0.34097459579295825,0.5003224134043696,0.5719863153174715,ETTm2,raw,15744,15840,raw:15744:3,high,high
4,0.7849965580656115,0.05425542635975775,0.00030618568459568943,0.0,0.6995046752847849,3.0458475781674954,0.34097459579295825,0.27985272336998834,0.34682642369258104,ETTm2,raw,15744,15840,raw:15744:4,low,low
5,1.0,0.228924943726337,0.10535245634728944,0.0,0.8023518170707462,3.0458475781674954,0.34097459579295825,0.4447591333578755,0.38110880428790145,ETTm2,raw,15744,15840,raw:15744:5,high,mid
6,0.9749924590037577,0.019161258189862865,0.012303985363495336,0.0,0.5557948113329174,3.0458475781674954,0.34097459579295825,0.335485900852372,0.2989231357086252,ETTm2,raw,15744,15840,raw:15744:6,mid,low
0,0.5978000929030614,0.3917241641386129,0.01859703510107684,0.5,0.9376167604684028,3.830235388639298,0.4717058973203732,0.3360404307142504,0.6364408859295919,ETTm2,raw,15936,16032,raw:15936:0,mid,high
1,0.5998744869271726,0.23275609594315474,0.2713210039604343,1.0,0.876381240611683,3.830235388639298,0.4717058973203732,0.36798386227692054,0.7826957126440187,ETTm2,raw,15936,16032,raw:15936:1,mid,high
2,0.46592634257043253,0.5905082945934744,0.023855025656956904,0.0,0.9095704808725144,3.830235388639298,0.4717058973203732,0.36009655427362125,0.4604254593976292,ETTm2,raw,15936,16032,raw:15936:2,mid,mid
3,0.6899274478679631,0.20281178866185867,0.38332270090162557,0.875,0.9271315811785127,3.830235388639298,0.4717058973203732,0.42535397914381584,0.7579458261662952,ETTm2,raw,15936,16032,raw:15936:3,high,high
4,0.6130742886429656,0.1536678458954715,0.12239748443305747,0.125,0.8302807384153515,3.830235388639298,0.4717058973203732,0.29637987299049817,0.4756622119119083,ETTm2,raw,15936,16032,raw:15936:4,low,mid
5,0.3378009025387827,0.25212388177590583,0.5750549508382268,1.0,0.9795232061187168,3.830235388639298,0.4717058973203732,0.38832657838430507,0.81707636781303,ETTm2,raw,15936,16032,raw:15936:5,mid,high
6,0.6922438762714873,0.033385672809181755,0.20610409269012933,0.125,0.5931748912280397,3.830235388639298,0.4717058973203732,0.3105778805902661,0.3966269295161376,ETTm2,raw,15936,16032,raw:15936:6,low,mid
0,0.6601550101417741,0.15659020226860682,0.04102921332758028,0.5,0.9692876560428432,2.294399922975523,0.21573332013636495,0.2859248085793204,0.5616736587264027,ETTm2,raw,16032,16128,raw:16032:0,low,high
1,0.7073584794977366,0.3226045486973043,0.11171705670686392,0.5,0.9803350417387863,2.294399922975523,0.21573332013636495,0.38056002830063496,0.5653561206250505,ETTm2,raw,16032,16128,raw:16032:1,mid,high
2,0.7476323171212118,0.18610437972580568,0.05231443670991086,0.625,0.9690505856954802,2.294399922975523,0.21573332013636495,0.3286837111856428,0.6032613019439484,ETTm2,raw,16032,16128,raw:16032:2,mid,high
3,0.7107543227988216,0.1809810236240133,0.08889857006578711,0.5,0.9484239880310064,2.294399922975523,0.21573332013636495,0.326877972162874,0.5547191027224571,ETTm2,raw,16032,16128,raw:16032:3,mid,mid
4,0.2247529276371757,0.18611846147482514,0.4276171038897873,0.625,0.893952814808785,2.294399922975523,0.21573332013636495,0.2794961643339294,0.5782287116483833,ETTm2,raw,16032,16128,raw:16032:4,low,high
5,0.9999981350400623,0.08447356778002843,0.22854593965793496,0.25,0.7449164176651084,2.294399922975523,0.21573332013636495,0.43767254749267526,0.4035499126004911,ETTm2,raw,16032,16128,raw:16032:5,high,mid
6,0.861466568575629,0.013305471060781733,0.012745096110970754,0.0,0.5291909673261369,2.294399922975523,0.21573332013636495,0.29583904524912713,0.24830809582083394,ETTm2,raw,16032,16128,raw:16032:6,low,low
0,0.8556215915530938,0.2060202335425098,0.25726130211754134,0.125,0.6653667320597754,2.1593988085002294,0.193233134427983,0.439634375737715,0.3278666221625861,ETTm2,raw,16224,16320,raw:16224:0,high,low
1,0.6051887206779532,0.2394023802114972,0.370454918053751,0.375,0.8392035483210918,2.1593988085002294,0.193233134427983,0.4050153396477338,0.46914556091635823,ETTm2,raw,16224,16320,raw:16224:1,mid,mid
2,0.8444834402554567,0.06068942115586787,0.07893777505277128,0.25,0.6218616369573237,2.1593988085002294,0.193233134427983,0.3280368788213653,0.3550315904617689,ETTm2,raw,16224,16320,raw:16224:2,mid,low
3,0.9053132537910922,0.07356143910460283,0.03015176534625467,0.125,0.6811664042085812,2.1593988085002294,0.193233134427983,0.33634215274731655,0.3331331795455214,ETTm2,raw,16224,16320,raw:16224:3,mid,low
4,0.7387285551830375,0.22122408492036288,0.45393624739358834,0.625,0.8698537156548173,2.1593988085002294,0.193233134427983,0.4712962958323296,0.5626956166942667,ETTm2,raw,16224,16320,raw:16224:4,high,high
5,0.9999999999551381,0.2677163745790514,0.4977184190809958,1.0,0.8480204352711327,2.1593988085002294,0.193233134427983,0.5884782645383951,0.6804178565663719,ETTm2,raw,16224,16320,raw:16224:5,high,high
6,0.9679297643375502,0.010206376605915682,0.006566298988285495,0.0,0.5304026971657154,2.1593988085002294,0.193233134427983,0.32823414664391715,0.24121194386456613,ETTm2,raw,16224,16320,raw:16224:6,mid,low
0,0.9999999999982236,0.16775764826805162,0.0010614765865935758,0.0,0.5410856811109185,3.045204462665475,0.34086740987613345,0.38960637495095624,0.29398436366235065,ETTm2,raw,16320,16416,raw:16320:0,mid,low
1,0.9999999997941976,0.14708514948560578,1.8709862299117032e-08,0.0,0.5174984909412084,3.045204462665475,0.34086740987613345,0.3823617226632219,0.28612196693911396,ETTm2,raw,16320,16416,raw:16320:1,mid,low
2,0.5669481373065361,0.07223843116833882,0.09170145915954299,0.25,0.8480264096261395,3.045204462665475,0.34086740987613345,0.24362934254480598,0.4796312731674244,ETTm2,raw,16320,16416,raw:16320:2,low,mid
3,0.34011729314527395,0.29262744083293735,0.28252998776772065,0.5,0.8601097763973778,3.045204462665475,0.34086740987613345,0.30509157391531067,0.5669923954245039,ETTm2,raw,16320,16416,raw:16320:3,low,high
4,0.8422500987725593,0.21272818479023836,0.4890085516351553,0.75,0.9265906729022102,3.045204462665475,0.34086740987613345,0.5146622783993177,0.6724860275927812,ETTm2,raw,16320,16416,raw:16320:4,high,high
5,0.862575517790062,0.3773064181979853,0.5391145696503552,0.375,0.8906909956005951,3.045204462665475,0.34086740987613345,0.5929988352128008,0.5355194684922429,ETTm2,raw,16320,16416,raw:16320:5,high,mid
6,0.8804707768099931,0.04494722162090939,0.003684658932016583,0.0,0.5718166906930925,3.045204462665475,0.34086740987613345,0.3097008857876397,0.3042280335230753,ETTm2,raw,16320,16416,raw:16320:6,low,low
0,0.7127045732804842,0.24301353038386353,0.23959377130393464,0.0,0.7798742131594733,2.3340195534478703,0.22233659187075072,0.3984372916560941,0.33407026834340803,ETTm2,raw,16416,16512,raw:16416:0,mid,low
1,0.7155843825228068,0.09866217822659112,0.19056818175740012,0.25,0.816187755382429,2.3340195534478703,0.22233659187075072,0.334938247502266,0.4295081157510599,ETTm2,raw,16416,16512,raw:16416:1,mid,mid
2,0.7922333803120875,0.18679232028801995,0.10433225442496598,0.0,0.7020927042094821,2.3340195534478703,0.22233659187075072,0.36111931834169114,0.30814309869341094,ETTm2,raw,16416,16512,raw:16416:2,mid,low
3,0.7763046856030084,0.051067418657222155,0.15089480729287053,0.25,0.7426932972201219,2.3340195534478703,0.22233659187075072,0.32608897051770036,0.40500996303029085,ETTm2,raw,16416,16512,raw:16416:3,mid,mid
4,0.8775655971264074,0.08284288758042022,0.442311685351784,0.5,0.9415823949816882,2.3340195534478703,0.22233659187075072,0.4675733900195372,0.5546396622841463,ETTm2,raw,16416,16512,raw:16416:4,high,mid
5,0.5546875435722702,0.09186919072964997,0.4430645427964898,0.75,0.9241296903048383,2.3340195534478703,0.22233659187075072,0.36320709236613663,0.632155427391863,ETTm2,raw,16416,16512,raw:16416:5,mid,high
6,0.9668964398083554,0.016929345169935033,0.0036411306007193413,0.0,0.5261991566892202,2.3340195534478703,0.22233659187075072,0.3291556385263366,0.249511916186657,ETTm2,raw,16416,16512,raw:16416:6,mid,low
0,0.6204358110120982,0.33153416972199135,0.07604804449386447,0.625,0.9088970085640692,2.24827039334723,0.20804506521112992,0.3426726750759847,0.5806473579250663,ETTm2,raw,16608,16704,raw:16608:0,mid,high
1,0.5878875302198512,0.46245214700524995,0.31743728374394165,0.75,0.9515312398354313,2.24827039334723,0.20804506521112992,0.4559256536563476,0.6365254350155204,ETTm2,raw,16608,16704,raw:16608:1,high,high
2,0.6743829036748086,0.2690086198358861,0.052389932116681324,0.25,0.869114489335222,2.24827039334723,0.20804506521112992,0.33192715187579197,0.4423865181821172,ETTm2,raw,16608,16704,raw:16608:2,mid,mid
3,0.5572898147377582,0.410288956427187,0.32558764985814703,0.5,0.9103876058213447,2.24827039334723,0.20804506521112992,0.4310554736743641,0.5394775570108249,ETTm2,raw,16608,16704,raw:16608:3,high,mid
4,0.5686962250654922,0.4385586375245919,0.5077990392521956,1.0,0.9197907966254218,2.24827039334723,0.20804506521112992,0.5050179672807599,0.709278620612184,ETTm2,raw,16608,16704,raw:16608:4,high,high
5,0.19870656422984778,0.37316488535081704,0.5371880484009974,1.0,0.6909666962983952,2.24827039334723,0.20804506521112992,0.3696864993272208,0.6330039205031751,ETTm2,raw,16608,16704,raw:16608:5,mid,high
6,0.9890654327497247,0.047925542658115466,0.3183034814429657,0.375,0.8417735146730084,2.24827039334723,0.20804506521112992,0.4517648189502686,0.4749395266280461,ETTm2,raw,16608,16704,raw:16608:6,high,mid
0,0.6840802063770941,0.30678267943520754,0.08361003417007713,0.625,0.9788446411639776,1.3293150936202853,0.054885848845237804,0.35815763999412625,0.5529101633364051,ETTm2,raw,16704,16800,raw:16704:0,mid,mid
1,0.6518104042629262,0.3623184152404222,0.23727613027662708,0.5,0.9462146123559358,1.3293150936202853,0.054885848845237804,0.4171349832599918,0.5003668204003912,ETTm2,raw,16704,16800,raw:16704:1,high,mid
2,0.8347987869479554,0.19398348092635395,0.07277311224573199,0.5,0.948048110118917,1.3293150936202853,0.054885848845237804,0.3671851267066804,0.5009779863213849,ETTm2,raw,16704,16800,raw:16704:2,mid,mid
3,0.5388708570382319,0.3378577332721538,0.34661616421546526,0.375,0.892384013121553,1.3293150936202853,0.054885848845237804,0.4077815848419503,0.4407566206555969,ETTm2,raw,16704,16800,raw:16704:3,high,mid
4,0.32591030402271814,0.2025983439230248,0.5066981905407392,1.0,0.8757287480938646,1.3293150936202853,0.054885848845237804,0.3450689461621607,0.6435381989797008,ETTm2,raw,16704,16800,raw:16704:4,mid,high
5,0.41933425491391907,0.16167473746440686,0.5038305716471001,0.875,0.5981274955709089,1.3293150936202853,0.054885848845237804,0.36161318800847536,0.5093377814720489,ETTm2,raw,16704,16800,raw:16704:5,mid,mid
6,0.9328914646920397,0.018820833539562917,0.07335775695931218,0.0,0.6292200154573668,1.3293150936202853,0.054885848845237804,0.34169001839697155,0.22803528810086823,ETTm2,raw,16704,16800,raw:16704:6,mid,low
0,0.6716295223961852,0.2841851584524192,0.3173136292793481,1.0,0.9592178726628233,1.7442350246672398,0.12403917057114135,0.42437610337598414,0.6944190144113215,ETTm2,raw,16896,16992,raw:16896:0,high,high
1,0.5908896250561474,0.2022105547113573,0.7661727179398076,0.625,0.8916776794202937,1.7442350246672398,0.12403917057114135,0.5197576325691041,0.5469056166638118,ETTm2,raw,16896,16992,raw:16896:1,high,mid
2,0.6295773664288473,0.3189976599366171,0.320751597755129,1.0,0.9503057987979592,1.7442350246672398,0.12403917057114135,0.4231088747068645,0.6914483231230335,ETTm2,raw,16896,16992,raw:16896:2,high,high
3,0.5563961275300319,0.28065651456317164,0.6442533340057127,0.5,0.8238431668271337,1.7442350246672398,0.12403917057114135,0.49376865869963876,0.482627445799425,ETTm2,raw,16896,16992,raw:16896:3,high,mid
4,0.7640768082503686,0.3867172274370282,0.6188796533948345,0.75,0.945727886188898,1.7442350246672398,0.12403917057114135,0.5898912296940771,0.6065890189200132,ETTm2,raw,16896,16992,raw:16896:4,high,high
5,0.9490149472855333,0.08560837711430613,0.4516198595859163,0.375,0.9528448391632994,1.7442350246672398,0.12403917057114135,0.4954143946619185,0.483961336578147,ETTm2,raw,16896,16992,raw:16896:5,high,mid
6,0.9491202457720855,0.2525978954768518,0.12162112817467056,0.0,0.590159737150018,1.7442350246672398,0.12403917057114135,0.4411130898078693,0.23806630257371977,ETTm2,raw,16896,16992,raw:16896:6,high,low
0,0.7232810643113223,0.1553332395280907,0.09988731921485343,1.0,0.9775247587296862,1.1929697340157035,0.03216162228234788,0.32616720768475543,0.6698954603373447,ETTm2,raw,16992,17088,raw:16992:0,mid,high
1,0.40235934383736616,0.2884015128174543,0.49773976927086033,0.875,0.971138169075833,1.1929697340157035,0.03216162228234788,0.39616687530856026,0.6260999304527269,ETTm2,raw,16992,17088,raw:16992:1,mid,high
2,0.6893009909085028,0.1352852438036566,0.08021939085226931,0.625,0.9603243588614224,1.1929697340157035,0.03216162228234788,0.3016018751881429,0.5391619937145901,ETTm2,raw,16992,17088,raw:16992:2,low,mid
3,0.3731369450714247,0.25531245755426074,0.4293713070784502,1.0,0.9560314846603202,1.1929697340157035,0.03216162228234788,0.3526069032347119,0.6627310356475561,ETTm2,raw,16992,17088,raw:16992:3,mid,high
4,0.9418855098757727,0.4290505646183535,0.5093314286764294,1.0,0.9264015354686435,1.1929697340157035,0.03216162228234788,0.6267558343901852,0.6528543859169972,ETTm2,raw,16992,17088,raw:16992:4,high,high
5,0.8163737584623778,0.22176779568224608,0.46438016718575464,0.875,0.8449329082300225,1.1929697340157035,0.03216162228234788,0.5008405737767928,0.5840315101707901,ETTm2,raw,16992,17088,raw:16992:5,high,high
6,0.7734488955369365,0.1132112831455244,0.07939283360957775,0.0,0.5151525559279173,1.1929697340157035,0.03216162228234788,0.3220176707640129,0.18243805940342173,ETTm2,raw,16992,17088,raw:16992:6,low,low
0,0.7386523130119451,0.22515083789450271,0.030404666761533583,0.875,0.9835921099900008,3.222520197837056,0.37042003235547594,0.33140260588932713,0.7430040474484922,ETTm2,raw,17184,17280,raw:17184:0,mid,high
1,0.7850885562229102,0.1632173653026574,0.2601446104211643,1.0,0.9555280948116004,3.222520197837056,0.37042003235547594,0.402816843982244,0.7753160423890254,ETTm2,raw,17184,17280,raw:17184:1,mid,high
2,0.8349550868803283,0.20407800908189558,0.01994990938663635,0.5,0.9625075719341379,3.222520197837056,0.37042003235547594,0.35299433511628675,0.6109758680965379,ETTm2,raw,17184,17280,raw:17184:2,mid,high
3,0.7362711037473586,0.17062023239819174,0.247945536646837,0.875,0.9201383434489667,3.222520197837056,0.37042003235547594,0.38494562426412915,0.7218527919348142,ETTm2,raw,17184,17280,raw:17184:3,mid,high
4,0.17709129408962743,0.10049626067926269,0.040081893538956734,0.0,0.7156640650889836,3.222520197837056,0.37042003235547594,0.10588981610261562,0.3620280324814866,ETTm2,raw,17184,17280,raw:17184:4,low,low
5,1.0,0.09133014739591937,0.42279483012758984,0.125,0.7696596904784894,3.222520197837056,0.37042003235547594,0.5047083258411698,0.42169324094465505,ETTm2,raw,17184,17280,raw:17184:5,high,mid
6,0.8312263132775393,0.014670458658585381,0.01541479122508666,0.0,0.5157277552754356,3.222520197837056,0.37042003235547594,0.2871038543870705,0.2953825958769705,ETTm2,raw,17184,17280,raw:17184:6,low,low
0,0.7859142346840935,0.21532473262626772,0.4588581109858956,0.75,0.900980085754095,1.6371131871128168,0.1061855310084936,0.48669902609875226,0.5857218722541963,ETTm2,raw,17280,17376,raw:17280:0,high,high
1,0.6428103997544079,0.13001720295615737,0.4265796627430478,0.375,0.8254059321053626,1.6371131871128168,0.1061855310084936,0.39980242181787107,0.4355304877046187,ETTm2,raw,17280,17376,raw:17280:1,mid,mid
2,0.6716892696367223,0.15744964924656474,0.4698056394763709,0.75,0.9163325863878268,1.6371131871128168,0.1061855310084936,0.4329815194532192,0.5908393724654402,ETTm2,raw,17280,17376,raw:17280:2,high,high
3,0.5912258227136129,0.16059461608566422,0.4465599812057239,0.375,0.7844738652295109,1.6371131871128168,0.1061855310084936,0.399460140001667,0.42188646541266817,ETTm2,raw,17280,17376,raw:17280:3,mid,mid
4,0.1604524873892582,0.20994971595535322,0.36645009161202713,0.25,0.8480954482965058,1.6371131871128168,0.1061855310084936,0.24561743165221284,0.4014269931016665,ETTm2,raw,17280,17376,raw:17280:4,low,mid
5,0.3228703137741561,0.19946537682947152,0.3835046431108387,1.0,0.9931969128294101,1.6371131871128168,0.1061855310084936,0.3019467779048221,0.6997941479459678,ETTm2,raw,17280,17376,raw:17280:5,low,high
6,0.8261745808010355,0.021376885981892683,0.006718092491022712,0.0,0.5877354744502346,1.6371131871128168,0.1061855310084936,0.2847565197579836,0.23130700181957606,ETTm2,raw,17280,17376,raw:17280:6,low,low
0,0.6896927346451467,0.306851431121691,0.017732651640445247,1.0,0.9797415920551391,1.294360972369383,0.049060161979796894,0.3380922724690943,0.6762672513449787,ETTm2,raw,17376,17472,raw:17376:0,mid,high
1,0.6652769992422027,0.31834445118145954,0.29969086248971133,0.625,0.9293783444937671,1.294360972369383,0.049060161979796894,0.4277707709711245,0.5344795021578547,ETTm2,raw,17376,17472,raw:17376:1,high,mid
2,0.8021199530606955,0.24792716763797884,0.006563604564917986,0.875,0.9588058621164958,1.294360972369383,0.049060161979796894,0.3522035750878641,0.6276220080320976,ETTm2,raw,17376,17472,raw:17376:2,mid,high
3,0.8024598745302944,0.31155362490151856,0.3496555563509714,0.875,0.9161614028426853,1.294360972369383,0.049060161979796894,0.4878896852609281,0.6134071882741606,ETTm2,raw,17376,17472,raw:17376:3,high,high
4,0.7001251972941619,0.18148583656191525,0.28686684519496775,0.25,0.8497082232316967,1.294360972369383,0.049060161979796894,0.38949262635034837,0.38292279507049787,ETTm2,raw,17376,17472,raw:17376:4,mid,mid
5,0.95166152405457,0.3236053674568937,0.3461497785402597,1.0,0.9727902741627228,1.294360972369383,0.049060161979796894,0.5404722233505744,0.6739501453808399,ETTm2,raw,17376,17472,raw:17376:5,high,high
6,0.8406744520531915,0.013625137862648257,0.02597223937903855,0.0,0.5342850256282615,1.294360972369383,0.049060161979796894,0.2934239430982928,0.1944483958693528,ETTm2,raw,17376,17472,raw:17376:6,low,low
0,0.0,0.0,0.0,0.0,-0.0,1.0,0.0,0.0,0.0,ETTm2,raw,17568,17664,raw:17568:0,low,low
1,0.0,0.0,0.0,0.0,-0.0,1.0,0.0,0.0,0.0,ETTm2,raw,17568,17664,raw:17568:1,low,low
2,0.0,0.0,0.0,0.0,-0.0,1.0,0.0,0.0,0.0,ETTm2,raw,17568,17664,raw:17568:2,low,low
3,0.0,0.0,0.0,0.0,-0.0,1.0,0.0,0.0,0.0,ETTm2,raw,17568,17664,raw:17568:3,low,low
4,0.0,0.0,0.0,0.0,-0.0,1.0,0.0,0.0,0.0,ETTm2,raw,17568,17664,raw:17568:4,low,low
5,0.0,0.0,0.0,0.0,-0.0,1.0,0.0,0.0,0.0,ETTm2,raw,17568,17664,raw:17568:5,low,low
6,0.0,0.0,0.0,0.0,-0.0,1.0,0.0,0.0,0.0,ETTm2,raw,17568,17664,raw:17568:6,low,low
0,0.6843460344317833,0.1949656269067464,0.48775747662189056,0.75,0.9675112107251942,1.571033905054169,0.09517231735040765,0.4556897126534734,0.6042278426918672,ETTm2,raw,17664,17760,raw:17664:0,high,high
1,0.4352315754864168,0.19048893874159134,0.386696550812834,0.625,0.9124311209101201,1.571033905054169,0.09517231735040765,0.33747235501361406,0.5442011460868427,ETTm2,raw,17664,17760,raw:17664:1,mid,mid
2,0.524769126532681,0.17689480509367467,0.4719397243044452,0.5,0.9202671472183069,1.571033905054169,0.09517231735040765,0.3912012186436003,0.5051464881895714,ETTm2,raw,17664,17760,raw:17664:2,mid,mid
3,0.4097838170581455,0.07443437753453479,0.5922319365315936,0.5,0.8363629587884704,1.571033905054169,0.09517231735040765,0.35881671037475793,0.47717842537962607,ETTm2,raw,17664,17760,raw:17664:3,mid,mid
4,0.9924750166519826,0.37502152478246864,0.1257994216923272,0.625,0.9322858372525659,1.571033905054169,0.09517231735040765,0.49776532104225946,0.5508193848676578,ETTm2,raw,17664,17760,raw:17664:4,high,mid
5,1.0,0.2507606111292082,0.250693438329241,1.0,0.9329752756953472,1.571033905054169,0.09517231735040765,0.5004846831528164,0.6760491976819183,ETTm2,raw,17664,17760,raw:17664:5,high,high
6,0.9278793481310816,0.02936956495966524,0.0028604282777084547,0.0,0.5945136640834737,1.571033905054169,0.09517231735040765,0.3200364471228185,0.22989532714462713,ETTm2,raw,17664,17760,raw:17664:6,low,low
0,0.8224921853134077,0.173296678908473,0.29682219801573184,0.5,0.9518217663444479,1.9480430830179318,0.15800718023964333,0.4308703540792042,0.5366096488613638,ETTm2,raw,17856,17952,raw:17856:0,high,mid
1,0.7445238966105092,0.15057441332725874,0.7288162989752053,0.25,0.8745430052922216,1.9480430830179318,0.15800718023964333,0.5413048696376578,0.42751672851062167,ETTm2,raw,17856,17952,raw:17856:1,high,mid
2,0.8239535438121754,0.22949557210828178,0.19530909179098543,0.5,0.9748496479877446,1.9480430830179318,0.15800718023964333,0.41625273590381423,0.5442856094091293,ETTm2,raw,17856,17952,raw:17856:2,high,mid
3,0.7204540424717372,0.16945322357358705,0.6879686872010243,0.25,0.8830489381767459,1.9480430830179318,0.15800718023964333,0.5259586510821163,0.4303520394721298,ETTm2,raw,17856,17952,raw:17856:3,high,mid
4,0.9938625590991478,0.08677213121507325,0.9999999570017402,0.125,0.7551549497479347,1.9480430830179318,0.15800718023964333,0.6935448824386538,0.3460540433291927,ETTm2,raw,17856,17952,raw:17856:4,high,low
5,0.999999887171051,0.19601160823010094,0.5073966616577741,0.375,0.9022237079818864,1.9480430830179318,0.15800718023964333,0.5678027190196421,0.4784102960738433,ETTm2,raw,17856,17952,raw:17856:5,high,mid
6,0.8546144138932487,0.0270509608580235,0.012732949419233665,0.125,0.5689500373756293,1.9480430830179318,0.15800718023964333,0.2981327747235019,0.2839857392050909,ETTm2,raw,17856,17952,raw:17856:6,low,low
0,0.5118037689402841,0.3289571747101411,0.10357998310925323,1.0,0.9500991033452371,3.302538783026391,0.3837564631981377,0.3147803089198928,0.7779518555144582,ETTm2,raw,17952,18048,raw:17952:0,low,high
1,0.45557918646723394,0.22896504991220878,0.2641074276491504,0.875,0.9146007635896736,3.302538783026391,0.3837564631981377,0.3162172213428644,0.7244524089292704,ETTm2,raw,17952,18048,raw:17952:1,low,high
2,0.6410882950368604,0.31921228636105264,0.05010163864208848,0.875,0.9711106327196624,3.302538783026391,0.3837564631981377,0.3368007400133339,0.7432890319726,ETTm2,raw,17952,18048,raw:17952:2,mid,high
3,0.7243926344899336,0.3208107013408111,0.2327001770497871,0.875,0.8902102810066541,3.302538783026391,0.3837564631981377,0.4259678376268439,0.716322248068264,ETTm2,raw,17952,18048,raw:17952:3,high,high
4,0.3346282487872092,0.17341355992544305,0.12403205100549197,0.25,0.8054669329931945,3.302538783026391,0.3837564631981377,0.21069128657271474,0.47974113206377744,ETTm2,raw,17952,18048,raw:17952:4,low,mid
5,0.167015901983951,0.2832451087466653,0.08643533063569132,0.125,0.6937086379444074,3.302538783026391,0.3837564631981377,0.17889878045543586,0.40082170038084836,ETTm2,raw,17952,18048,raw:17952:5,low,mid
6,0.4182737014593698,0.15069610786380738,0.14504774036757936,0.125,0.660327703581152,3.302538783026391,0.3837564631981377,0.23800584989691886,0.38969472225976326,ETTm2,raw,17952,18048,raw:17952:6,low,mid
0,0.6541435777872686,0.3490029316907055,0.021987581340418637,0.375,0.948313757979787,2.5642749895298484,0.2607124978204539,0.3417113636061309,0.5280087519334137,ETTm2,raw,18048,18144,raw:18048:0,mid,mid
1,0.6981741039865818,0.31222355959952863,0.2593764197294919,0.875,0.9485166540948683,2.5642749895298484,0.2607124978204539,0.4232580277718674,0.6947430506384408,ETTm2,raw,18048,18144,raw:18048:1,high,high
2,0.7978514323102607,0.25204555621917135,0.013181932365652928,0.25,0.8884569235427787,2.5642749895298484,0.2607124978204539,0.3543596402983617,0.46638980712107764,ETTm2,raw,18048,18144,raw:18048:2,mid,mid
3,0.543798369191755,0.34290819636345427,0.3211614714447062,0.5,0.9497021831269161,2.5642749895298484,0.2607124978204539,0.40262267899997184,0.5701382269824568,ETTm2,raw,18048,18144,raw:18048:3,mid,high
4,0.2602459450371877,0.13044241704014214,0.08435387290992885,0.25,0.8325308943572937,2.5642749895298484,0.2607124978204539,0.15834741166241956,0.4477477973925826,ETTm2,raw,18048,18144,raw:18048:4,low,mid
5,0.6012294548500134,0.1616838080339664,0.1467499994465532,0.25,0.8751167805275218,2.5642749895298484,0.2607124978204539,0.303221087443511,0.46194309278265866,ETTm2,raw,18048,18144,raw:18048:5,low,mid
6,0.9999999843819409,0.1024661780321399,0.1425940133969877,0.125,0.7742847758410454,2.5642749895298484,0.2607124978204539,0.41502005860368946,0.38666575788716645,ETTm2,raw,18048,18144,raw:18048:6,high,mid
0,0.7588232670919172,0.16098298271677497,0.10801989642872581,0.5,0.9548916129237799,3.178044155242054,0.3630073586019968,0.3426087154124726,0.6059663238419256,ETTm2,raw,18240,18336,raw:18240:0,mid,high
1,0.5789408084290619,0.27177891122658504,0.5170486441864633,0.5,0.9562519699099437,3.178044155242054,0.3630073586019968,0.4559227879473701,0.6064197761706468,ETTm2,raw,18240,18336,raw:18240:1,high,high
2,0.8994435496080604,0.08025486136021867,0.09305168137331034,0.25,0.8499963977362301,3.178044155242054,0.3630073586019968,0.3575833641138631,0.487667918779409,ETTm2,raw,18240,18336,raw:18240:2,mid,mid
3,0.7216678414285174,0.21464705086363614,0.4846723115982438,0.75,0.8967173969278112,3.178044155242054,0.3630073586019968,0.4736624012967991,0.6699082518432693,ETTm2,raw,18240,18336,raw:18240:3,high,high
4,0.5498111518223388,0.17865181628673404,0.056436051387600154,0.25,0.7690889036827162,3.178044155242054,0.3630073586019968,0.261633006498891,0.46069875409490435,ETTm2,raw,18240,18336,raw:18240:4,low,mid
5,0.846464946527987,0.500598460994761,0.20367045361501201,0.5,0.9348325239091496,3.178044155242054,0.3630073586019968,0.5169112870459199,0.5992799608370488,ETTm2,raw,18240,18336,raw:18240:5,high,high
6,0.9999999960174485,0.3834263203448905,0.07265493812957884,0.25,0.6830563749767438,3.178044155242054,0.3630073586019968,0.48536041816397263,0.43202124452624685,ETTm2,raw,18240,18336,raw:18240:6,high,mid
0,0.825644978559493,0.17614064421053743,0.14692516244210063,0.375,0.9740207672472245,2.547250454439576,0.2578750753101376,0.3829035950707104,0.5356319475191207,ETTm2,raw,18336,18432,raw:18336:0,mid,mid
1,0.6748344891509246,0.20737180012824014,0.3679054853688149,0.75,0.9554250101931127,2.547250454439576,0.2578750753101376,0.41670392488265984,0.6544333618344167,ETTm2,raw,18336,18432,raw:18336:1,high,high
2,0.822884626825745,0.17210249521805732,0.11084917789066122,0.375,0.9355922891946384,2.547250454439576,0.2578750753101376,0.36861209997815453,0.5228224548349253,ETTm2,raw,18336,18432,raw:18336:2,mid,mid
3,0.7561217189187539,0.23464523411071952,0.2069043174683259,0.75,0.9280063207753647,2.547250454439576,0.2578750753101376,0.39922375683259975,0.6452937986951675,ETTm2,raw,18336,18432,raw:18336:3,mid,high
4,0.9999999878587903,0.31631241532626103,0.060516311675100964,1.0,0.9581937058794399,2.547250454439576,0.2578750753101376,0.458942904953384,0.7386895937298591,ETTm2,raw,18336,18432,raw:18336:4,high,high
5,0.9999999999956689,0.12040737365059667,0.9999999996541722,1.0,0.9332045360820261,2.547250454439576,0.2578750753101376,0.7068024577668126,0.7303598704640546,ETTm2,raw,18336,18432,raw:18336:5,high,high
6,0.2869417176511825,0.05695629059634934,0.8117528680309359,0.0,0.3907200179679195,2.547250454439576,0.2578750753101376,0.3852169587594892,0.21619836442601903,ETTm2,raw,18336,18432,raw:18336:6,mid,low
0,0.701925756353897,0.22507814324552516,0.38724680472130696,0.625,0.9890613793952975,1.6247869640251829,0.10413116049731187,0.4380835681069097,0.5727308466308697,ETTm2,raw,18528,18624,raw:18528:0,high,high
1,0.7128881880730683,0.10278627829778961,0.620682031357112,0.75,0.9819605807255346,1.6247869640251829,0.10413116049731187,0.4787854992426566,0.6120305804076155,ETTm2,raw,18528,18624,raw:18528:1,high,high
2,0.8222105294049926,0.1653570384043202,0.270094732039133,0.75,0.9740817239758968,1.6247869640251829,0.10413116049731187,0.41922076661614854,0.6094042948244028,ETTm2,raw,18528,18624,raw:18528:2,high,high
3,0.5778635248602666,0.18647078685174046,0.4210059640252771,0.625,0.9519456330032962,1.6247869640251829,0.10413116049731187,0.3951134252457614,0.5603589311668694,ETTm2,raw,18528,18624,raw:18528:3,mid,high
4,0.360273694018701,0.10006438097975598,0.0764607140833636,0.25,0.8378421558899464,1.6247869640251829,0.10413116049731187,0.17893292969394023,0.3973244387957528,ETTm2,raw,18528,18624,raw:18528:4,low,mid
5,0.9999999969006887,0.14050175701626466,0.7654391140654678,0.0,0.8260876178960064,1.6247869640251829,0.10413116049731187,0.635313622660807,0.3100729261311061,ETTm2,raw,18528,18624,raw:18528:5,high,low
6,0.8885621349707082,0.027136951078554662,0.006547141501900777,0.125,0.7048812522187164,1.6247869640251829,0.10413116049731187,0.3074154091837212,0.31133747090534275,ETTm2,raw,18528,18624,raw:18528:6,low,low
0,0.6897190618000861,0.24067150732345316,0.019118165409980088,0.875,0.9582376011132635,1.8120469412680016,0.13534115665243168,0.3165029115111731,0.6561929192552317,ETTm2,raw,18624,18720,raw:18624:0,low,high
1,0.6360189516102188,0.1709344272456464,0.17787925318134828,1.0,0.9518434221731932,1.8120469412680016,0.13534115665243168,0.32827754401240444,0.6957281929418749,ETTm2,raw,18624,18720,raw:18624:1,mid,high
2,0.8324013837811917,0.23130901571647228,0.013290030498880182,0.625,0.9273737065539064,1.8120469412680016,0.13534115665243168,0.3590001433321814,0.5625716210687793,ETTm2,raw,18624,18720,raw:18624:2,mid,high
3,0.7479235978060119,0.16111082335505367,0.2566748520892688,1.0,0.9436034153121753,1.8120469412680016,0.13534115665243168,0.3885697577501115,0.6929815239882023,ETTm2,raw,18624,18720,raw:18624:3,mid,high
4,0.5441764701206397,0.1692385770637272,0.043943059317013346,0.625,0.866321409642619,1.8120469412680016,0.13534115665243168,0.2524527021671268,0.5422208554316835,ETTm2,raw,18624,18720,raw:18624:4,low,mid
5,0.9916151722354901,0.09346847119023077,0.010208440502942458,0.125,0.6163696110689587,1.8120469412680016,0.13534115665243168,0.3650973613095545,0.2922369225737968,ETTm2,raw,18624,18720,raw:18624:5,mid,low
6,0.9222399576922237,0.00851425748004006,0.04905002639480698,0.25,0.5689899260272968,1.8120469412680016,0.13534115665243168,0.32660141385569025,0.3181103608932428,ETTm2,raw,18624,18720,raw:18624:6,mid,low
0,0.6321424026821624,0.340350284985642,0.44171509973125594,0.625,0.9627615996807318,2.6604057950179234,0.2767342987084301,0.4714025957996868,0.6214986327963873,ETTm2,raw,18816,18912,raw:18816:0,high,high
1,0.37566604111518,0.35584202524781666,0.3455591263176744,0.75,0.9442682125028361,2.6604057950179234,0.2767342987084301,0.35902239756022364,0.657000837070422,ETTm2,raw,18816,18912,raw:18816:1,mid,high
2,0.6687616592451705,0.3241999556623497,0.3275312476846469,0.75,0.8679485903306768,2.6604057950179234,0.2767342987084301,0.4401642875307224,0.6315609630130357,ETTm2,raw,18816,18912,raw:18816:2,high,high
3,0.4149513334836509,0.301138188185012,0.27435733728594347,1.0,0.8505550781944335,2.6604057950179234,0.2767342987084301,0.3301489529848688,0.7090964589676213,ETTm2,raw,18816,18912,raw:18816:3,mid,high
4,0.6166202842604789,0.1344466312902185,0.2168030091351043,0.25,0.904607398111455,2.6604057950179234,0.2767342987084301,0.3226233082286006,0.47711389893996164,ETTm2,raw,18816,18912,raw:18816:4,low,mid
5,1.0,0.22667686475324766,0.48619906295151416,0.25,0.9492325479151232,2.6604057950179234,0.2767342987084301,0.5709586425682539,0.4919889488745178,ETTm2,raw,18816,18912,raw:18816:5,high,mid
6,0.8826182513093326,0.01361671542536217,0.11332861457596519,0.125,0.5472125182971513,2.6604057950179234,0.2767342987084301,0.33652119377021994,0.3163156056685272,ETTm2,raw,18816,18912,raw:18816:6,mid,low
0,0.7066031773769808,0.2227995907240459,0.5215209438382694,1.0,0.9587530184448894,1.713946747340848,0.11899112435848948,0.48364123731309866,0.6925813809344596,ETTm2,raw,18912,19008,raw:18912:0,high,high
1,0.3946039515038767,0.16913762077503797,0.34796253597271243,1.0,0.9446010338051719,1.713946747340848,0.11899112435848948,0.3039013694172091,0.6878640527212205,ETTm2,raw,18912,19008,raw:18912:1,low,high
2,0.5458597100131505,0.17574606451939623,0.16922305201961696,0.75,0.8903860955774575,1.713946747340848,0.11899112435848948,0.29694294218405454,0.5864590733119823,ETTm2,raw,18912,19008,raw:18912:2,low,high
3,0.38713250042343617,0.2649871781443369,0.3666858713543958,1.0,0.8544758075810954,1.713946747340848,0.11899112435848948,0.3396018499740563,0.6578223106465283,ETTm2,raw,18912,19008,raw:18912:3,mid,high
4,0.37734627564934875,0.13393421240943096,0.14051589002914786,0.0,0.7188154069759247,1.713946747340848,0.11899112435848948,0.21726545936264252,0.27926884377813804,ETTm2,raw,18912,19008,raw:18912:4,low,low
5,0.9999999707427129,0.1253957124239754,0.16919792470891984,0.25,0.8679956623624905,1.713946747340848,0.11899112435848948,0.4315312026252027,0.41232892890699335,ETTm2,raw,18912,19008,raw:18912:5,high,mid
6,0.7864066212812147,0.01585980865766946,0.005301112564075092,0.0,0.5121301819646312,1.713946747340848,0.11899112435848948,0.26918918083431975,0.21037376877437355,ETTm2,raw,18912,19008,raw:18912:6,low,low
0,0.9060835619590485,0.09865787744455183,0.5868524017433095,0.875,0.9722586751153323,3.246056310896461,0.37434271785883894,0.5305312803823033,0.740533797658057,ETTm2,raw,19008,19104,raw:19008:0,high,high
1,0.7335677279899318,0.24636769940023168,0.5997148518046472,0.875,0.8809765765699309,3.246056310896461,0.37434271785883894,0.5265500930649369,0.7101064314762566,ETTm2,raw,19008,19104,raw:19008:1,high,high
2,0.8848594028342956,0.06587110726621978,0.40441475754183465,1.0,0.9481039451101904,3.246056310896461,0.37434271785883894,0.4517150892141167,0.774148887656343,ETTm2,raw,19008,19104,raw:19008:2,high,high
3,0.6196793143391783,0.1583216162085298,0.48175142654578795,0.875,0.9083083277276326,3.246056310896461,0.37434271785883894,0.4199174523644987,0.7192170151954905,ETTm2,raw,19008,19104,raw:19008:3,high,high
4,0.44303910300243077,0.35266611610025267,0.41433774047389826,0.25,0.8741433982777803,3.246056310896461,0.37434271785883894,0.40334765319219396,0.49949537204553973,ETTm2,raw,19008,19104,raw:19008:4,mid,mid
5,0.8600106361454867,0.393099277243739,0.19648982488174274,0.0,0.7189572002669611,3.246056310896461,0.37434271785883894,0.4831999127569895,0.36443330604193336,ETTm2,raw,19008,19104,raw:19008:5,high,low
6,0.7431069834991105,0.011283453970677978,0.05093816257421695,0.0,0.544634555480066,3.246056310896461,0.37434271785883894,0.26844286668133516,0.306325757779635,ETTm2,raw,19008,19104,raw:19008:6,low,low
0,0.5459188261321473,0.040136898850981206,0.004379648505981285,0.125,0.2660011781687397,1.6195025685901696,0.10325042792627756,0.19681179116303657,0.16475053536500575,ETTm2,raw,19200,19296,raw:19200:0,low,low
1,0.7282423223108948,0.0892309325540237,0.5674267399337967,0.0,0.3898449360222966,1.6195025685901696,0.10325042792627756,0.46163333159957176,0.16436512131619138,ETTm2,raw,19200,19296,raw:19200:1,high,low
2,0.6106940453257085,0.02959399466505154,0.006999339862153496,0.125,0.3077732861213483,1.6195025685901696,0.10325042792627756,0.21576245995097118,0.1786745713492086,ETTm2,raw,19200,19296,raw:19200:2,low,low
3,0.767675672853264,0.07218348405836203,0.004736767908555693,0.0,0.44509940988616825,1.6195025685901696,0.10325042792627756,0.2815319749400606,0.18278327927081528,ETTm2,raw,19200,19296,raw:19200:3,low,low
4,0.6855813380666405,0.2208458057145265,0.19429210169502573,0.125,0.66987340943047,1.6195025685901696,0.10325042792627756,0.3669064151587309,0.2993746124522492,ETTm2,raw,19200,19296,raw:19200:4,mid,low
5,0.7467009135698157,0.24675641546756702,0.1372920321906156,0.625,0.8408394966677931,1.6195025685901696,0.10325042792627756,0.37691645374266614,0.5230299748646902,ETTm2,raw,19200,19296,raw:19200:5,mid,mid
6,0.8638327989107741,0.048395397133726675,0.11867634335605325,0.125,0.5962533323003011,1.6195025685901696,0.10325042792627756,0.34363484646685133,0.2748345867421929,ETTm2,raw,19200,19296,raw:19200:6,mid,low
0,0.7588906830504509,0.1777850609035365,0.07414809484911077,0.5,0.9599546740590971,1.041343925264311,0.006890654199234089,0.3369412796010327,0.4889484427527771,ETTm2,raw,19296,19392,raw:19296:0,mid,mid
1,0.8394616797266716,0.1949708312319908,0.37707157479592607,0.5,0.9397573552901672,1.041343925264311,0.006890654199234089,0.4705013619181962,0.4822160031631338,ETTm2,raw,19296,19392,raw:19296:1,high,mid
2,0.7077916992687492,0.163190970049566,0.06680186306163864,0.375,0.9355648719516235,1.041343925264311,0.006890654199234089,0.31259484412665123,0.43915184205028596,ETTm2,raw,19296,19392,raw:19296:2,low,mid
3,0.6093743293204315,0.2633082628863865,0.41507610757575764,0.5,0.9363678242275035,1.041343925264311,0.006890654199234089,0.4292528999275252,0.48108615947557926,ETTm2,raw,19296,19392,raw:19296:3,high,mid
4,0.9999999724372741,0.351380995724067,0.0,1.0,0.9485607766415164,1.041343925264311,0.006890654199234089,0.45046032272044706,0.6518171436135836,ETTm2,raw,19296,19392,raw:19296:4,high,high
5,0.587156091246726,0.217996244013289,0.4445593034527597,1.0,0.8595741144001231,1.041343925264311,0.006890654199234089,0.41657054623759154,0.6221549228664524,ETTm2,raw,19296,19392,raw:19296:5,high,high
6,0.4913651268982788,0.05192262878484398,0.018253194916101157,0.125,0.6809733641263827,1.041343925264311,0.006890654199234089,0.187180316866408,0.2709546727752056,ETTm2,raw,19296,19392,raw:19296:6,low,low
0,0.8374105027126091,0.30164604407614226,0.03757420338493719,0.875,0.9736512733581073,0.9999999900001335,0.0,0.3922102500578961,0.6162170911193691,ETTm2,raw,19488,19584,raw:19488:0,mid,high
1,0.7294242724717995,0.13350850925051122,0.19225612946301118,0.5,0.9046413586072677,0.9999999900001335,0.0,0.35172963706177396,0.46821378620242254,ETTm2,raw,19488,19584,raw:19488:1,mid,mid
2,0.8236584077104356,0.3262777530996986,0.044955401299931974,0.75,0.9672089517811749,0.9999999900001335,0.0,0.39829718737002207,0.5724029839270584,ETTm2,raw,19488,19584,raw:19488:2,mid,high
3,0.6876591207338036,0.13191313116281939,0.18609685246297963,0.375,0.8931844753547122,0.9999999900001335,0.0,0.3352230347865342,0.42272815845157075,ETTm2,raw,19488,19584,raw:19488:3,mid,mid
4,0.7138129757709853,0.27173495183678137,0.0017596125197123025,0.25,0.8818167587567489,0.9999999900001335,0.0,0.32910251337582636,0.3772722529189163,ETTm2,raw,19488,19584,raw:19488:4,mid,mid
5,0.9999999986566134,0.10730726998377327,0.5,0.125,0.898637217314172,0.9999999900001335,0.0,0.5357690895467956,0.3412124057713906,ETTm2,raw,19488,19584,raw:19488:5,high,low
6,0.7461939817941139,0.013123808176574707,0.027310579612993168,0.0,0.522234708421728,0.9999999900001335,0.0,0.2622094565278939,0.17407823614057602,ETTm2,raw,19488,19584,raw:19488:6,low,low
0,0.7058959290440809,0.24656937775174614,0.25512276757772884,0.875,0.9227911789421803,0.9999999900000465,0.0,0.4025293581245186,0.5992637263140601,ETTm2,raw,19584,19680,raw:19584:0,mid,high
1,0.6402322942896503,0.35669578897899434,0.3345112670836924,0.5,0.88261215988872,0.9999999900000465,0.0,0.44381311678411234,0.4608707199629067,ETTm2,raw,19584,19680,raw:19584:1,high,mid
2,0.7047225653021328,0.27651712255021504,0.18300251247521324,1.0,0.9421906660913082,0.9999999900000465,0.0,0.3880807334425204,0.6473968886971028,ETTm2,raw,19584,19680,raw:19584:2,mid,high
3,0.6239629891855293,0.2630972042228232,0.3490394288771845,0.875,0.866556657968817,0.9999999900000465,0.0,0.4120332074285123,0.5805188859896057,ETTm2,raw,19584,19680,raw:19584:3,high,high
4,0.5987080261963535,0.24298851066252797,0.16309156275100117,0.25,0.8053320307249398,0.9999999900000465,0.0,0.3349293665366276,0.35177734357498,ETTm2,raw,19584,19680,raw:19584:4,mid,low
5,0.0,0.25240965615025907,0.0,1.0,0.7784160741535787,0.9999999900000465,0.0,0.08413655205008636,0.5928053580511929,ETTm2,raw,19584,19680,raw:19584:5,low,high
6,0.8757759365374682,0.03295365299171396,0.006768746885283278,0.0,0.5732844868185988,0.9999999900000465,0.0,0.30516611213815514,0.19109482893953292,ETTm2,raw,19584,19680,raw:19584:6,low,low
0,0.6344072829181095,0.25416242782541065,0.35924587775939393,0.625,0.9168399071178249,1.0259605765961761,0.004326762758818083,0.4159385295009714,0.515388889958881,ETTm2,raw,19680,19776,raw:19680:0,high,mid
1,0.12887761869891567,0.32978193546339074,0.4822758688646841,0.5,0.9540401022729098,1.0259605765961761,0.004326762758818083,0.3136451410089968,0.4861222883439093,ETTm2,raw,19680,19776,raw:19680:1,low,mid
2,0.5687960857941794,0.2787022295885502,0.3167729943065646,0.875,0.9189824347331459,1.0259605765961761,0.004326762758818083,0.388090436563098,0.599436399163988,ETTm2,raw,19680,19776,raw:19680:2,mid,high
3,0.269479601579904,0.3163248055268437,0.4955116639339487,0.375,0.9322910066816952,1.0259605765961761,0.004326762758818083,0.3604386903468988,0.43720592314683776,ETTm2,raw,19680,19776,raw:19680:3,mid,mid
4,0.999999999808577,0.06430364934327087,0.0,0.0,0.7721850334830993,1.0259605765961761,0.004326762758818083,0.35476788305061596,0.25883726541397245,ETTm2,raw,19680,19776,raw:19680:4,mid,low
5,0.0,0.0,0.0,0.0,-0.0,1.0259605765961761,0.004326762758818083,0.0,0.0014422542529393609,ETTm2,raw,19680,19776,raw:19680:5,low,low
6,0.846443898054746,0.02211812353518655,0.019914524993459658,0.125,0.5386475317786928,1.0259605765961761,0.004326762758818083,0.29615884886113075,0.2226580981791703,ETTm2,raw,19680,19776,raw:19680:6,low,low
0,0.7549636288591148,0.2737540978996949,0.3190263709763779,1.0,0.9445751114499179,1.8435056983816547,0.14058428282930197,0.44924803257839585,0.6950531314264067,ETTm2,raw,19872,19968,raw:19872:0,high,high
1,0.3945663728458847,0.3189779775588226,0.6780692577035112,0.875,0.9784277353004549,1.8435056983816547,0.14058428282930197,0.46387120270273946,0.664670672709919,ETTm2,raw,19872,19968,raw:19872:1,high,high
2,0.742741810015579,0.30792853392735486,0.2616644779350333,1.0,0.9472156749691054,1.8435056983816547,0.14058428282930197,0.43744494062598904,0.6959333192661358,ETTm2,raw,19872,19968,raw:19872:2,high,high
3,0.2877351519360547,0.2815853501279725,0.6065267252668564,1.0,0.9814388048565614,1.8435056983816547,0.14058428282930197,0.3919490757769612,0.7073410292286212,ETTm2,raw,19872,19968,raw:19872:3,mid,high
4,0.0,0.0,0.0,0.0,-0.0,1.8435056983816547,0.14058428282930197,0.0,0.046861427609767324,ETTm2,raw,19872,19968,raw:19872:4,low,low
5,0.0,0.0,0.0,0.0,-0.0,1.8435056983816547,0.14058428282930197,0.0,0.046861427609767324,ETTm2,raw,19872,19968,raw:19872:5,low,low
6,0.8377945567297677,0.02318817227644549,0.13076628685005312,0.125,0.5146099765496928,1.8435056983816547,0.14058428282930197,0.3305830052854221,0.2600647531263316,ETTm2,raw,19872,19968,raw:19872:6,mid,low
0,0.7538053255249135,0.31507315151991877,0.09645122871904073,1.0,0.9600335156044033,2.2863465427176384,0.21439109009562124,0.3884432352546243,0.7248082019000082,ETTm2,raw,19968,20064,raw:19968:0,mid,high
1,0.5794263055403639,0.2540854495174023,0.4574998923753191,0.5,0.8838065868746571,2.2863465427176384,0.21439109009562124,0.4303372158110284,0.5327325589900928,ETTm2,raw,19968,20064,raw:19968:1,high,mid
2,0.7324362253637937,0.2999825360010804,0.1263064032422465,1.0,0.9732336452580223,2.2863465427176384,0.21439109009562124,0.38624172153570685,0.7292082451178811,ETTm2,raw,19968,20064,raw:19968:2,mid,high
3,0.5905961809490635,0.19334453635152576,0.5204299510684276,0.5,0.8379756026072075,2.2863465427176384,0.21439109009562124,0.4347902227896723,0.5174555642342762,ETTm2,raw,19968,20064,raw:19968:3,high,mid
4,0.0,0.0,0.0,0.0,-0.0,2.2863465427176384,0.21439109009562124,0.0,0.07146369669854041,ETTm2,raw,19968,20064,raw:19968:4,low,low
5,0.0,0.0,0.0,0.0,-0.0,2.2863465427176384,0.21439109009562124,0.0,0.07146369669854041,ETTm2,raw,19968,20064,raw:19968:5,low,low
6,0.9162373800022616,0.01572935613226098,0.02499154421841983,0.0,0.529607793056873,2.2863465427176384,0.21439109009562124,0.31898609345098083,0.24799962771749806,ETTm2,raw,19968,20064,raw:19968:6,low,low
0,0.7979016429068541,0.12610309751651716,0.017264426017120412,0.375,0.7770754811483254,2.197521256055668,0.1995868756766332,0.3137563888134972,0.45055411894165287,ETTm2,raw,20160,20256,raw:20160:0,low,mid
1,0.6421651500133885,0.1414394325615062,0.1314708616654259,0.25,0.7072603238989847,2.197521256055668,0.1995868756766332,0.3050251480801069,0.38561573319187264,ETTm2,raw,20160,20256,raw:20160:1,low,mid
2,0.8110268353432986,0.12692168167047044,0.010893059205305552,0.375,0.768319750382634,2.197521256055668,0.1995868756766332,0.3162805254063582,0.44763554201975575,ETTm2,raw,20160,20256,raw:20160:2,low,mid
3,0.6152760806272669,0.12824579874605516,0.1674370323498724,0.25,0.7155338069869424,2.197521256055668,0.1995868756766332,0.30365297057439816,0.3883735608878585,ETTm2,raw,20160,20256,raw:20160:3,low,mid
4,0.0,0.0,0.0,0.0,-0.0,2.197521256055668,0.1995868756766332,0.0,0.06652895855887773,ETTm2,raw,20160,20256,raw:20160:4,low,low
5,0.0,0.0,0.0,0.0,-0.0,2.197521256055668,0.1995868756766332,0.0,0.06652895855887773,ETTm2,raw,20160,20256,raw:20160:5,low,low
6,0.7917342296525158,0.0077907708731339235,0.008161737785964684,0.0,0.5660518778454582,2.197521256055668,0.1995868756766332,0.2692289127705381,0.25521291784069716,ETTm2,raw,20160,20256,raw:20160:6,low,low
0,0.38551754016138107,0.1033737038655777,0.4728051486128994,0.75,0.8654416199513835,1.810545380250469,0.13509089648326,0.3205654642132861,0.5835108388115479,ETTm2,raw,20256,20352,raw:20256:0,low,high
1,0.377794735395094,0.12586220885652194,0.4767691484880387,0.75,0.9250321641238844,1.810545380250469,0.13509089648326,0.3268086975798849,0.6033743535357149,ETTm2,raw,20256,20352,raw:20256:1,mid,high
2,0.2594101406988264,0.12021136404379165,0.4441895482280533,0.625,0.8692130424955757,1.810545380250469,0.13509089648326,0.2746036843235571,0.5431013129929453,ETTm2,raw,20256,20352,raw:20256:2,low,mid
3,0.22539125917207103,0.13602817606618225,0.45517426471033573,0.375,0.8976041699358484,1.810545380250469,0.13509089648326,0.272197899982863,0.46923168880636945,ETTm2,raw,20256,20352,raw:20256:3,low,mid
4,0.0,0.0,0.0,0.0,-0.0,1.810545380250469,0.13509089648326,0.0,0.045030298827753334,ETTm2,raw,20256,20352,raw:20256:4,low,low
5,0.0,0.0,0.0,0.0,-0.0,1.810545380250469,0.13509089648326,0.0,0.045030298827753334,ETTm2,raw,20256,20352,raw:20256:5,low,low
6,0.9888152883746457,0.018810357721969796,0.07649073263174974,0.0,0.5901895612723108,1.810545380250469,0.13509089648326,0.3613721262427884,0.24176015258519026,ETTm2,raw,20256,20352,raw:20256:6,mid,low
0,0.883244921300903,0.2825452566516195,0.09613101628835312,0.5,0.9709561376128142,2.225929773407667,0.2043216285607418,0.4206403980802919,0.558425922057852,ETTm2,raw,20448,20544,raw:20448:0,high,high
1,0.758732292332698,0.3610440258887301,0.17743963458894266,0.625,0.956466123728156,2.225929773407667,0.2043216285607418,0.43240531760345696,0.5952625840962993,ETTm2,raw,20448,20544,raw:20448:1,high,high
2,0.854686521494197,0.28558733556262345,0.08437944149812646,0.375,0.9702215738005628,2.225929773407667,0.2043216285607418,0.40821776618498234,0.5165144007871015,ETTm2,raw,20448,20544,raw:20448:2,high,mid
3,0.7637832931890827,0.30649533629861736,0.2210396216574617,0.625,0.9481958635056709,2.225929773407667,0.2043216285607418,0.43043941704838723,0.5925058306888042,ETTm2,raw,20448,20544,raw:20448:3,high,high
4,0.0,0.0,0.0,0.0,-0.0,2.225929773407667,0.2043216285607418,0.0,0.06810720952024726,ETTm2,raw,20448,20544,raw:20448:4,low,low
5,0.0,0.0,0.0,0.0,-0.0,2.225929773407667,0.2043216285607418,0.0,0.06810720952024726,ETTm2,raw,20448,20544,raw:20448:5,low,low
6,0.8517965348989729,0.00875444919451911,0.006282695985373554,0.125,0.47500589935615245,2.225929773407667,0.2043216285607418,0.2889445600262885,0.26810917597229805,ETTm2,raw,20448,20544,raw:20448:6,low,low
0,0.0,0.0,0.0,0.0,-0.0,1.0,0.0,0.0,0.0,ETTm2,raw,20544,20640,raw:20544:0,low,low
1,0.0,0.0,0.0,0.0,-0.0,1.0,0.0,0.0,0.0,ETTm2,raw,20544,20640,raw:20544:1,low,low
2,0.0,0.0,0.0,0.0,-0.0,1.0,0.0,0.0,0.0,ETTm2,raw,20544,20640,raw:20544:2,low,low
3,0.0,0.0,0.0,0.0,-0.0,1.0,0.0,0.0,0.0,ETTm2,raw,20544,20640,raw:20544:3,low,low
4,0.0,0.0,0.0,0.0,-0.0,1.0,0.0,0.0,0.0,ETTm2,raw,20544,20640,raw:20544:4,low,low
5,0.0,0.0,0.0,0.0,-0.0,1.0,0.0,0.0,0.0,ETTm2,raw,20544,20640,raw:20544:5,low,low
6,0.0,0.0,0.0,0.0,-0.0,1.0,0.0,0.0,0.0,ETTm2,raw,20544,20640,raw:20544:6,low,low
0,0.8272684278081224,0.16303363218969014,0.21311914599451368,0.375,0.9598611267811529,1.9078350328344917,0.15130583855357221,0.40114040199744205,0.4953889884449083,ETTm2,raw,20640,20736,raw:20640:0,mid,mid
1,0.6564187508787862,0.16612706673056216,0.45450250017601834,0.75,0.9131361266632995,1.9078350328344917,0.15130583855357221,0.4256827725951222,0.604813988405624,ETTm2,raw,20640,20736,raw:20640:1,high,high
2,0.8672249503581018,0.1587047813252345,0.22846959849493595,0.375,0.9609736541270233,1.9078350328344917,0.15130583855357221,0.41813311005942405,0.4957598308935318,ETTm2,raw,20640,20736,raw:20640:2,high,mid
3,0.6376145643414513,0.1465644801030222,0.46767546796719656,0.625,0.8823404453176178,1.9078350328344917,0.15130583855357221,0.41728483747055667,0.55288209462373,ETTm2,raw,20640,20736,raw:20640:3,high,mid
4,0.0,0.0,0.0,0.0,-0.0,1.9078350328344917,0.15130583855357221,0.0,0.0504352795178574,ETTm2,raw,20640,20736,raw:20640:4,low,low
5,0.0,0.0,0.0,0.0,-0.0,1.9078350328344917,0.15130583855357221,0.0,0.0504352795178574,ETTm2,raw,20640,20736,raw:20640:5,low,low
6,0.7213339661073448,0.06663362546485097,0.20334043065546198,0.0,0.6445252216667863,1.9078350328344917,0.15130583855357221,0.33043600740921925,0.26527702007345283,ETTm2,raw,20640,20736,raw:20640:6,mid,low
0,0.7937173160479614,0.09375571882369663,0.04867567062013913,0.125,0.8150608493750919,1.7876962832129266,0.1312827136500166,0.3120495684972657,0.3571145210083695,ETTm2,raw,20832,20928,raw:20832:0,low,low
1,0.7008876799713859,0.08832543530816651,0.25742019900428753,0.625,0.9063765707321587,1.7876962832129266,0.1312827136500166,0.3488777714279467,0.554219761460725,ETTm2,raw,20832,20928,raw:20832:1,mid,mid
2,0.7656192211973425,0.09113961985332925,0.04754843643978004,0.125,0.8186190548099361,1.7876962832129266,0.1312827136500166,0.3014357591634839,0.3583005894866509,ETTm2,raw,20832,20928,raw:20832:2,low,low
3,0.5860164383054219,0.08147250634067353,0.24984418828243857,0.625,0.9186991499231595,1.7876962832129266,0.1312827136500166,0.305777710976178,0.5583272878577253,ETTm2,raw,20832,20928,raw:20832:3,low,high
4,0.0,0.0,0.0,0.0,-0.0,1.7876962832129266,0.1312827136500166,0.0,0.04376090455000553,ETTm2,raw,20832,20928,raw:20832:4,low,low
5,0.0,0.0,0.0,0.0,-0.0,1.7876962832129266,0.1312827136500166,0.0,0.04376090455000553,ETTm2,raw,20832,20928,raw:20832:5,low,low
6,0.6979784895048751,0.05404610425665754,0.016443506165169403,0.0,0.5666682804104676,1.7876962832129266,0.1312827136500166,0.2561560333089007,0.23265033135349475,ETTm2,raw,20832,20928,raw:20832:6,low,low
0,0.8821251307165869,0.09359697102961517,0.0556799250138805,0.5,0.9046569217269157,1.8911310318130328,0.14852183838796906,0.3438006755866942,0.5177262533716283,ETTm2,raw,20928,21024,raw:20928:0,mid,mid
1,0.5485831764040681,0.524794227242354,0.2874752160708443,0.625,0.8840480663492437,1.8911310318130328,0.14852183838796906,0.45361753990575543,0.5525233015790709,ETTm2,raw,20928,21024,raw:20928:1,high,mid
2,0.8849155487664561,0.09912443419548549,0.056715208650302926,0.625,0.9163753414220793,1.8911310318130328,0.14852183838796906,0.34691839720408146,0.5632990599366828,ETTm2,raw,20928,21024,raw:20928:2,mid,high
3,0.45191348778941975,0.46010546432250976,0.3527391625057405,0.625,0.8305408205642392,1.8911310318130328,0.14852183838796906,0.42158603820589,0.5346875529840694,ETTm2,raw,20928,21024,raw:20928:3,high,mid
4,0.0,0.0,0.0,0.0,-0.0,1.8911310318130328,0.14852183838796906,0.0,0.04950727946265635,ETTm2,raw,20928,21024,raw:20928:4,low,low
5,0.0,0.0,0.0,0.0,-0.0,1.8911310318130328,0.14852183838796906,0.0,0.04950727946265635,ETTm2,raw,20928,21024,raw:20928:5,low,low
6,0.9755230911067316,0.016325228745952113,0.022517966293565988,0.125,0.6356889469500403,1.8911310318130328,0.14852183838796906,0.3381220953820832,0.30307026177933644,ETTm2,raw,20928,21024,raw:20928:6,mid,low
0,0.7749105031362302,0.23584511082536896,0.07773498849866942,0.75,0.966073851122926,2.542183419655028,0.2570305695141204,0.3628302008200895,0.6577014735456822,ETTm2,raw,21120,21216,raw:21120:0,mid,high
1,0.7283719110323704,0.17988740636208045,0.312281108832589,0.625,0.9051099661993173,2.542183419655028,0.2570305695141204,0.40684680874234663,0.5957135119044793,ETTm2,raw,21120,21216,raw:21120:1,high,high
2,0.8165605023934648,0.2633101491751876,0.07348979633253681,0.875,0.9639299833612971,2.542183419655028,0.2570305695141204,0.38445348263372975,0.698653517625139,ETTm2,raw,21120,21216,raw:21120:2,mid,high
3,0.6389723396327173,0.19987128534236653,0.30743867973661443,1.0,0.8966691558501403,2.542183419655028,0.2570305695141204,0.3820941015705661,0.7178999084547536,ETTm2,raw,21120,21216,raw:21120:3,mid,high
4,0.0,0.0,0.0,0.0,-0.0,2.542183419655028,0.2570305695141204,0.0,0.0856768565047068,ETTm2,raw,21120,21216,raw:21120:4,low,low
5,0.0,0.0,0.0,0.0,-0.0,2.542183419655028,0.2570305695141204,0.0,0.0856768565047068,ETTm2,raw,21120,21216,raw:21120:5,low,low
6,0.9462371055898073,0.028588686532298353,0.36965419657591375,0.0,0.5605427474668395,2.542183419655028,0.2570305695141204,0.44815999623267316,0.2725244389936533,ETTm2,raw,21120,21216,raw:21120:6,high,low
0,0.6868332840169404,0.3499042301223657,0.6011370512177854,0.25,0.8397221620904705,1.70446780617617,0.11741130083367617,0.5459581884523639,0.4023778209747155,ETTm2,raw,21216,21312,raw:21216:0,high,mid
1,0.25248242391383835,0.19471576711608854,0.07453068233171364,0.125,0.6856175079454099,1.70446780617617,0.11741130083367617,0.17390962445388017,0.30934293625969533,ETTm2,raw,21216,21312,raw:21216:1,low,low
2,0.6095716629367817,0.30982316329009507,0.5381653638010505,0.25,0.8057027470692301,1.70446780617617,0.11741130083367617,0.4858533966759757,0.39103801596763543,ETTm2,raw,21216,21312,raw:21216:2,high,mid
3,0.48016769683486304,0.17108807400410345,0.04837672791440785,0.25,0.6748244764904594,1.70446780617617,0.11741130083367617,0.23321083291779143,0.34741192577471186,ETTm2,raw,21216,21312,raw:21216:3,low,low
4,0.0,0.0,0.0,0.0,-0.0,1.70446780617617,0.11741130083367617,0.0,0.03913710027789206,ETTm2,raw,21216,21312,raw:21216:4,low,low
5,0.0,0.0,0.0,0.0,-0.0,1.70446780617617,0.11741130083367617,0.0,0.03913710027789206,ETTm2,raw,21216,21312,raw:21216:5,low,low
6,0.9134819683804062,0.2206239175424474,0.010121949312347183,0.25,0.6450296380799853,1.70446780617617,0.11741130083367617,0.3814092784117336,0.3374803129712205,ETTm2,raw,21216,21312,raw:21216:6,mid,low
0,0.9303831510231084,0.23162843789978718,0.032815544620756094,0.5,0.9634020845242793,0.9999999900000255,0.0,0.39827571118121724,0.48780069484142646,ETTm2,raw,21312,21408,raw:21312:0,mid,mid
1,0.8648557708319204,0.11809418404783589,0.1877982711763741,0.375,0.9589286297279362,0.9999999900000255,0.0,0.3902494086853768,0.44464287657597873,ETTm2,raw,21312,21408,raw:21312:1,mid,mid
2,0.9224121716894251,0.23966283769227043,0.03535231543478757,0.5,0.9636809318264079,0.9999999900000255,0.0,0.39914244160549445,0.48789364394213597,ETTm2,raw,21312,21408,raw:21312:2,mid,mid
3,0.791498409989811,0.1268241403409156,0.24631029032661955,0.625,0.9470965911982019,0.9999999900000255,0.0,0.388210946885782,0.5240321970660673,ETTm2,raw,21312,21408,raw:21312:3,mid,mid
4,1.0,0.06851860166781236,0.0,0.375,0.8930225753943489,0.9999999900000255,0.0,0.3561728672226041,0.42267419179811627,ETTm2,raw,21312,21408,raw:21312:4,mid,mid
5,0.0,0.0,0.0,0.0,-0.0,0.9999999900000255,0.0,0.0,0.0,ETTm2,raw,21312,21408,raw:21312:5,low,low
6,0.8404876285246426,0.2733052157704563,0.14474601232576215,0.0,0.44681980279296624,0.9999999900000255,0.0,0.41951295220695367,0.1489399342643221,ETTm2,raw,21312,21408,raw:21312:6,high,low
0,0.7680007764039484,0.27692329980833746,0.08324141658733548,1.0,0.9548730880148111,0.9999999900001529,0.0,0.3760551642665404,0.6516243626716037,ETTm2,raw,21504,21600,raw:21504:0,mid,high
1,0.5966521251030054,0.3382771257494447,0.3629764567828225,1.0,0.8889400330037508,0.9999999900001529,0.0,0.4326352358784242,0.6296466776679169,ETTm2,raw,21504,21600,raw:21504:1,high,high
2,0.6397014403453867,0.4445885860285663,0.06659076919049141,1.0,0.9766793675153549,0.9999999900001529,0.0,0.38362693185481483,0.6588931225051183,ETTm2,raw,21504,21600,raw:21504:2,mid,high
3,0.3784081391633777,0.24498527481227175,0.4379903540512679,1.0,0.8980556507259161,0.9999999900001529,0.0,0.3537945893423058,0.6326852169086387,ETTm2,raw,21504,21600,raw:21504:3,mid,high
4,0.9999999943012201,0.49877990899798785,0.49999999999410966,0.5,0.8563346192936666,0.9999999900001529,0.0,0.6662599677644392,0.4521115397645555,ETTm2,raw,21504,21600,raw:21504:4,high,mid
5,0.0,0.34998312697606215,0.0,1.0,0.803783090594513,0.9999999900001529,0.0,0.11666104232535406,0.601261030198171,ETTm2,raw,21504,21600,raw:21504:5,low,high
6,0.8045629880792471,0.024498143138382555,0.0032433689261842954,0.0,0.5352787048233062,0.9999999900001529,0.0,0.27743483338127134,0.17842623494110207,ETTm2,raw,21504,21600,raw:21504:6,low,low
0,0.3132044117140017,0.2234846493545134,0.11964387195121355,0.875,0.8854947783713947,1.4116793105320533,0.06861321830765352,0.21877764433990954,0.6097026655596828,ETTm2,raw,21600,21696,raw:21600:0,low,high
1,0.24559078223538544,0.19233512508967965,0.47408293316363775,0.625,0.8407701097653087,1.4116793105320533,0.06861321830765352,0.3040029468295676,0.5114611093576541,ETTm2,raw,21600,21696,raw:21600:1,low,mid
2,0.412771213367629,0.19316524264072482,0.13857588297782011,0.625,0.8676214953296069,1.4116793105320533,0.06861321830765352,0.24817077966205794,0.5204115712124201,ETTm2,raw,21600,21696,raw:21600:2,low,mid
3,0.18355619754267405,0.18025931194719244,0.635987113632412,0.5,0.829934516175755,1.4116793105320533,0.06861321830765352,0.3332675410407595,0.4661825781611362,ETTm2,raw,21600,21696,raw:21600:3,mid,mid
4,0.0,0.2581491302445006,1.0,0.125,0.9294064187231096,1.4116793105320533,0.06861321830765352,0.4193830434148335,0.3743398790102544,ETTm2,raw,21600,21696,raw:21600:4,high,mid
5,0.0,0.32314412686591315,0.40488281390304404,0.875,0.9158519589506816,1.4116793105320533,0.06861321830765352,0.24267564692298574,0.6198217257527784,ETTm2,raw,21600,21696,raw:21600:5,low,high
6,0.8839747742890391,0.02112296477824374,0.012555537227512263,0.0,0.5305129464824265,1.4116793105320533,0.06861321830765352,0.3058844254315984,0.19970872159669337,ETTm2,raw,21600,21696,raw:21600:6,low,low
0,0.3888134703554158,0.476537969459754,0.2234052037521073,0.375,0.9490736147217192,0.9999999900095611,0.0,0.3629188811890924,0.4413578715739064,ETTm2,raw,21792,21888,raw:21792:0,mid,mid
1,0.6809562724347593,0.39439660014921213,0.3239135362475621,0.75,0.8854472946494265,0.9999999900095611,0.0,0.4664221362771778,0.5451490982164755,ETTm2,raw,21792,21888,raw:21792:1,high,mid
2,0.42978646090974915,0.44551197487671007,0.18162701921188218,0.5,0.9352589531596623,0.9999999900095611,0.0,0.3523084849994471,0.4784196510532208,ETTm2,raw,21792,21888,raw:21792:2,mid,mid
3,0.5645570914448174,0.41574629951104575,0.3135492894521227,0.625,0.8405282886298878,0.9999999900095611,0.0,0.43128422680266193,0.48850942954329596,ETTm2,raw,21792,21888,raw:21792:3,high,mid
4,1.0,0.16656825041102735,0.8184224147689844,1.0,0.9649308399077592,0.9999999900095611,0.0,0.661663555060004,0.6549769466359198,ETTm2,raw,21792,21888,raw:21792:4,high,high
5,0.0,0.46384516819934335,0.5,0.125,0.7532832784278584,0.9999999900095611,0.0,0.32128172273311445,0.29276109280928614,ETTm2,raw,21792,21888,raw:21792:5,low,low
6,0.9066764980075812,0.023160545490037515,0.020599602628417653,0.0,0.5451943246911733,0.9999999900095611,0.0,0.3168122153753455,0.18173144156372445,ETTm2,raw,21792,21888,raw:21792:6,low,low
0,0.8567617300077865,0.36554757390330467,0.815277860465506,0.5,0.8979569218290603,0.9999999900000536,0.0,0.6791957214588656,0.4659856406096868,ETTm2,raw,21888,21984,raw:21888:0,high,mid
1,0.5612591879868286,0.32888960780084076,0.8487062186766304,0.5,0.9006122393192811,0.9999999900000536,0.0,0.5796183381547666,0.46687074643976034,ETTm2,raw,21888,21984,raw:21888:1,high,mid
2,0.7822671331394482,0.3637139997068139,0.7708749996049022,0.375,0.8810527197536364,0.9999999900000536,0.0,0.6389520441503881,0.4186842399178788,ETTm2,raw,21888,21984,raw:21888:2,high,mid
3,0.4967053017277109,0.4595889611704247,0.7311893521272091,0.25,0.9106027961588837,0.9999999900000536,0.0,0.5624945383417815,0.3868675987196279,ETTm2,raw,21888,21984,raw:21888:3,high,mid
4,0.9882823942150277,0.2129978853167966,0.3751947724167173,1.0,0.9185987634266147,0.9999999900000536,0.0,0.5254916839828472,0.6395329211422048,ETTm2,raw,21888,21984,raw:21888:4,high,high
5,0.0,0.3090131297621402,0.0,1.0,0.8579158888811133,0.9999999900000536,0.0,0.10300437658738006,0.6193052962937045,ETTm2,raw,21888,21984,raw:21888:5,low,high
6,0.817267852247852,0.04012669792109004,0.0002946535672137319,0.0,0.5620355532364351,0.9999999900000536,0.0,0.28589640124538523,0.187345184412145,ETTm2,raw,21888,21984,raw:21888:6,low,low
0,0.5096447199642364,0.3971354369579468,0.16494101228549557,0.5,0.9765683337817983,1.4739455408901085,0.07899092335003322,0.3572403897358929,0.5185197523772772,ETTm2,raw,22080,22176,raw:22080:0,mid,mid
1,0.5018899572405728,0.3987798465642749,0.2936022217681229,1.0,0.8985906191779661,1.4739455408901085,0.07899092335003322,0.39809067519099023,0.6591938475093332,ETTm2,raw,22080,22176,raw:22080:1,mid,high
2,0.46604611764079196,0.4639663782896483,0.13916959352350766,0.5,0.9726421332113853,1.4739455408901085,0.07899092335003322,0.3563940298179826,0.5172110188538062,ETTm2,raw,22080,22176,raw:22080:2,mid,mid
3,0.2739263675131143,0.38984559451808787,0.3691508159617077,1.0,0.9140156014075701,1.4739455408901085,0.07899092335003322,0.3443075926643033,0.6643355082525344,ETTm2,raw,22080,22176,raw:22080:3,mid,high
4,0.0,0.2347389483991527,0.0,0.0,0.9495443040253758,1.4739455408901085,0.07899092335003322,0.0782463161330509,0.34284507579180296,ETTm2,raw,22080,22176,raw:22080:4,low,low
5,0.9999999979212445,0.356614441771676,0.5,1.0,0.9447178411353218,1.4739455408901085,0.07899092335003322,0.6188714798976401,0.674569588161785,ETTm2,raw,22080,22176,raw:22080:5,high,high
6,0.921888527256398,0.01230392472059628,0.15227904432584788,0.125,0.6067471576209968,1.4739455408901085,0.07899092335003322,0.3621571654342807,0.27024602699034334,ETTm2,raw,22080,22176,raw:22080:6,mid,low
0,0.7297218982490032,0.11532841741457718,0.7840272213349582,0.25,0.9027014129764078,1.8661254916206846,0.14435424836285704,0.5430258456661795,0.43235188711308825,ETTm2,raw,22176,22272,raw:22176:0,high,mid
1,0.7238525139319325,0.20075511912295416,0.565622715479688,0.5,0.8574116864481042,1.8661254916206846,0.14435424836285704,0.4967434495115249,0.5005886449369871,ETTm2,raw,22176,22272,raw:22176:1,high,mid
2,0.7309166559189464,0.11959601832653649,0.7710339807257812,0.125,0.8905408801923897,1.8661254916206846,0.14435424836285704,0.5405155516570881,0.3866317095184156,ETTm2,raw,22176,22272,raw:22176:2,high,mid
3,0.7048469744287144,0.3247706164535623,0.523200724608088,0.5,0.846839879913053,1.8661254916206846,0.14435424836285704,0.517606105163455,0.49706470942530334,ETTm2,raw,22176,22272,raw:22176:3,high,mid
4,1.0,0.043949488728727754,0.0,0.0,0.803671586005984,1.8661254916206846,0.14435424836285704,0.3479831629095759,0.31600861145628034,ETTm2,raw,22176,22272,raw:22176:4,mid,low
5,0.9999999997599514,0.2785949305214896,0.4932087213902227,0.875,0.8709832040019685,1.8661254916206846,0.14435424836285704,0.5906012172238879,0.6301124841216085,ETTm2,raw,22176,22272,raw:22176:5,high,high
6,0.8918802839057812,0.09035254843024532,0.02729604800140075,0.125,0.6787211066528565,1.8661254916206846,0.14435424836285704,0.3365096267791425,0.31602511833857116,ETTm2,raw,22176,22272,raw:22176:6,mid,low
0,0.3758701596683114,0.2282255102542206,0.16705523166893183,0.25,0.8077235182623718,0.9999999900000276,0.0,0.2570503005304879,0.3525745060874573,ETTm2,raw,22272,22368,raw:22272:0,low,low
1,0.8908352723354618,0.17373209608906617,0.11603330234586208,0.0,0.6792872171256881,0.9999999900000276,0.0,0.3935335569234634,0.22642907237522936,ETTm2,raw,22272,22368,raw:22272:1,mid,low
2,0.5993048089984094,0.24344181604141396,0.15181019218571132,0.25,0.8282680088061333,0.9999999900000276,0.0,0.33151893907517826,0.3594226696020444,ETTm2,raw,22272,22368,raw:22272:2,mid,low
3,0.9462973906156071,0.1580301045530567,0.07644855841913596,0.125,0.7311855397991723,0.9999999900000276,0.0,0.39359201786259995,0.28539517993305746,ETTm2,raw,22272,22368,raw:22272:3,mid,low
4,0.8132498056266686,0.16106090040693918,0.3770235383256388,0.375,0.8643728242581494,0.9999999900000276,0.0,0.4504447481197489,0.41312427475271646,ETTm2,raw,22272,22368,raw:22272:4,high,mid
5,0.0,0.2811563890020691,0.5,0.75,0.9496538803437784,0.9999999900000276,0.0,0.2603854630006897,0.5665512934479261,ETTm2,raw,22272,22368,raw:22272:5,low,high
6,0.8832084816839956,0.01820300658765361,0.009248124819868015,0.125,0.5283121112936022,0.9999999900000276,0.0,0.3035532043638391,0.21777070376453408,ETTm2,raw,22272,22368,raw:22272:6,low,low
0,0.8247987777724519,0.34520455132580874,0.10677752560499702,0.625,0.9354261408055724,0.999999990000008,0.0,0.42559361823441916,0.5201420469351908,ETTm2,raw,22464,22560,raw:22464:0,high,mid
1,0.9252283561400146,0.48313242733093376,0.4564200697297244,0.375,0.9080314415327696,0.999999990000008,0.0,0.6215936177335576,0.4276771471775899,ETTm2,raw,22464,22560,raw:22464:1,high,mid
2,0.8276976887288958,0.30043779306303875,0.07850654841618429,0.75,0.9297594188620592,0.999999990000008,0.0,0.40221401006937296,0.559919806287353,ETTm2,raw,22464,22560,raw:22464:2,mid,high
3,0.8735197778103172,0.38159233356555955,0.5011913600497636,0.625,0.9504504205212922,0.999999990000008,0.0,0.5854344904752135,0.525150140173764,ETTm2,raw,22464,22560,raw:22464:3,high,mid
4,0.9987487816337608,0.21250645822125988,0.13562884406829587,0.5,0.9276697556515975,0.999999990000008,0.0,0.44896136130777214,0.47588991855053253,ETTm2,raw,22464,22560,raw:22464:4,high,mid
5,0.9999999995266197,0.35969923070509513,0.43745648885955557,0.25,0.898609813969857,0.999999990000008,0.0,0.5990519063637568,0.3828699379899523,ETTm2,raw,22464,22560,raw:22464:5,high,mid
6,0.8815556520133279,0.21237077350213876,0.0006276274383647331,0.0,0.4770743025430646,0.999999990000008,0.0,0.36485135098461047,0.15902476751435488,ETTm2,raw,22464,22560,raw:22464:6,mid,low
0,0.7347875351759234,0.1829682993174102,0.007538734398513657,0.0,0.7713974857995952,0.9999999900000128,0.0,0.3084315229639491,0.25713249526653176,ETTm2,raw,22560,22656,raw:22560:0,low,low
1,0.7149670355143116,0.2943494731510371,0.22552722931024613,0.25,0.9258098073992126,0.9999999900000128,0.0,0.41161457932519824,0.39193660246640416,ETTm2,raw,22560,22656,raw:22560:1,high,mid
2,0.6998247299318321,0.14458325398403615,0.0109095290745022,0.375,0.8689823840925256,0.9999999900000128,0.0,0.2851058376634568,0.41466079469750855,ETTm2,raw,22560,22656,raw:22560:2,low,mid
3,0.33720897418255813,0.2649502828104149,0.32728483398637453,0.625,0.8986033535214072,0.9999999900000128,0.0,0.30981469699311587,0.5078677845071358,ETTm2,raw,22560,22656,raw:22560:3,low,mid
4,0.334035416860059,0.08343098881494951,0.32110770443539033,0.25,0.7175925861713952,0.9999999900000128,0.0,0.2461913700367996,0.3225308620571317,ETTm2,raw,22560,22656,raw:22560:4,low,low
5,0.0,0.46383574457642307,0.48776176149014777,0.125,0.8583021988250483,0.9999999900000128,0.0,0.31719916868885695,0.32776739960834944,ETTm2,raw,22560,22656,raw:22560:5,low,low
6,0.950544231185229,0.03717105812016765,0.001277365143430849,0.0,0.7351231751067925,0.9999999900000128,0.0,0.32966421814960917,0.24504105836893084,ETTm2,raw,22560,22656,raw:22560:6,mid,low
0,0.8907837462717831,0.17226490825442511,0.03111380237803932,0.375,0.8600569486636926,0.9999999900000206,0.0,0.36472081896808256,0.4116856495545642,ETTm2,raw,22752,22848,raw:22752:0,mid,mid
1,0.8325781330241329,0.336537422764015,0.27532949815826996,0.375,0.9725651401906579,0.9999999900000206,0.0,0.4814816846488059,0.4491883800635526,ETTm2,raw,22752,22848,raw:22752:1,high,mid
2,0.9387457226945305,0.12893811979522538,0.011887924218826361,0.375,0.8299407845908419,0.9999999900000206,0.0,0.3598572555695274,0.40164692819694725,ETTm2,raw,22752,22848,raw:22752:2,mid,mid
3,0.6830625567928126,0.32419998766393754,0.20341685586099081,0.75,0.9697139917485789,0.9999999900000206,0.0,0.4035598001059137,0.5732379972495263,ETTm2,raw,22752,22848,raw:22752:3,mid,high
4,0.9934172669292061,0.27728458062531497,0.30680838821251966,1.0,0.8653635126471719,0.9999999900000206,0.0,0.5258367452556802,0.6217878375490573,ETTm2,raw,22752,22848,raw:22752:4,high,high
5,0.0,0.38175171659402396,0.7062479617282756,1.0,0.7269459520990421,0.9999999900000206,0.0,0.36266655944076653,0.5756486506996806,ETTm2,raw,22752,22848,raw:22752:5,mid,high
6,0.908546804001332,0.019082307550144034,0.013496929245487782,0.0,0.5773299126437076,0.9999999900000206,0.0,0.3137086802656546,0.1924433042145692,ETTm2,raw,22752,22848,raw:22752:6,low,low
0,0.7182144051687618,0.2814973425024213,0.1222086893461441,0.875,0.9370540168359617,3.2016707489169876,0.36694512420792275,0.37397347900577577,0.7263330470146282,ETTm2,raw,22848,22944,raw:22848:0,mid,high
1,0.786263442165708,0.33808033979998675,0.258902219892798,0.375,0.9535439181644055,3.2016707489169876,0.36694512420792275,0.46108200061949756,0.5651630141241094,ETTm2,raw,22848,22944,raw:22848:1,high,high
2,0.802259711456817,0.31810297792570397,0.07108439116458226,0.625,0.9382686274054701,3.2016707489169876,0.36694512420792275,0.39714902684903436,0.643404583871131,ETTm2,raw,22848,22944,raw:22848:2,mid,high
3,0.6859325059028063,0.30471387908762404,0.20891712853632724,0.5,0.9123697581953911,3.2016707489169876,0.36694512420792275,0.3998545045089192,0.5931049608011046,ETTm2,raw,22848,22944,raw:22848:3,mid,high
4,0.9014087832378441,0.23765734686503212,0.5722089410941019,1.0,0.9813267255727164,3.2016707489169876,0.36694512420792275,0.5704250237323261,0.7827572832602131,ETTm2,raw,22848,22944,raw:22848:4,high,high
5,1.0,0.3358020208464051,0.3316382584074748,1.0,0.9549174193408231,3.2016707489169876,0.36694512420792275,0.55581342641796,0.7739541811829153,ETTm2,raw,22848,22944,raw:22848:5,high,high
6,0.8978982843780137,0.033055644361729065,0.024841151313252475,0.0,0.5556099620962823,3.2016707489169876,0.36694512420792275,0.31859836001766506,0.3075183621014017,ETTm2,raw,22848,22944,raw:22848:6,low,low
0,0.5859072779112567,0.33600582478009977,0.37454017731380146,0.875,0.9507414980422702,2.4818858097376286,0.24698096787796983,0.4321510933350527,0.69090748864008,ETTm2,raw,22944,23040,raw:22944:0,high,high
1,0.22530190635900393,0.3042696153082448,0.6399082661352272,1.0,0.9255775423288697,2.4818858097376286,0.24698096787796983,0.3898265959341587,0.7241861700689465,ETTm2,raw,22944,23040,raw:22944:1,mid,high
2,0.6267909195735772,0.3684441960492393,0.2751940190883843,0.75,0.9403843357630249,2.4818858097376286,0.24698096787796983,0.42347637823706696,0.6457884345469982,ETTm2,raw,22944,23040,raw:22944:2,high,high
3,0.1758714836730244,0.191640486590612,0.6785339704195593,1.0,0.882873615215017,2.4818858097376286,0.24698096787796983,0.3486819802277319,0.7099515276976622,ETTm2,raw,22944,23040,raw:22944:3,mid,high
4,0.5371497953046565,0.2724676741274994,0.48928609612755,1.0,0.8108476168291475,2.4818858097376286,0.24698096787796983,0.4329678551865686,0.6859428615690392,ETTm2,raw,22944,23040,raw:22944:4,high,high
5,0.8231290650105794,0.2680553250449223,0.47545598194451566,1.0,0.8092188962328408,2.4818858097376286,0.24698096787796983,0.5222134573333391,0.6853999547036036,ETTm2,raw,22944,23040,raw:22944:5,high,high
6,0.8931970751913119,0.014234471270030068,0.03015129998732231,0.0,0.5232315831295381,2.4818858097376286,0.24698096787796983,0.3125276154828881,0.25673751700250264,ETTm2,raw,22944,23040,raw:22944:6,low,low
0,0.7262114312657372,0.14890482551394751,0.020937568379964817,0.5,0.9619862844742307,2.9720563990886935,0.3286760659669888,0.2986846083865498,0.5968874501470732,ETTm2,raw,23136,23232,raw:23136:0,low,high
1,0.5798747568070448,0.17249526118811795,0.10623772866646305,0.5,0.8966226320178771,2.9720563990886935,0.3286760659669888,0.28620258222054196,0.5750995659949553,ETTm2,raw,23136,23232,raw:23136:1,low,high
2,0.8296572325902034,0.14104218864568835,0.02855665864836793,0.5,0.9634314736680628,2.9720563990886935,0.3286760659669888,0.3330853599614199,0.5973691798783506,ETTm2,raw,23136,23232,raw:23136:2,mid,high
3,0.6469681516818483,0.17917128513604585,0.13520939412770117,0.625,0.9101134955625384,2.9720563990886935,0.3286760659669888,0.3204496103151984,0.6212631871765091,ETTm2,raw,23136,23232,raw:23136:3,low,high
4,0.9999999969291001,0.3106208416291065,0.4313459086640232,0.375,0.8914359632885717,2.9720563990886935,0.3286760659669888,0.5806555824074099,0.5317040097518534,ETTm2,raw,23136,23232,raw:23136:4,high,mid
5,0.20509154818719044,0.19301011466338064,0.16725958740349461,1.0,0.9523541713335282,2.9720563990886935,0.3286760659669888,0.18845375008468856,0.7603434124335057,ETTm2,raw,23136,23232,raw:23136:5,low,high
6,0.8373695601200402,0.028432218297564277,0.010848514370496828,0.125,0.5387831454399455,2.9720563990886935,0.3286760659669888,0.29221676426270043,0.3308197371356448,ETTm2,raw,23136,23232,raw:23136:6,low,low
0,0.7934068128994247,0.2132333753719371,0.1988855540286488,0.75,0.976479873456135,1.4379708293633466,0.07299513810556588,0.4018419141000035,0.5998250038539003,ETTm2,raw,23232,23328,raw:23232:0,mid,high
1,0.7263967203680265,0.2614520017102615,0.3830831639906629,1.0,0.9432530661611976,1.4379708293633466,0.07299513810556588,0.4569772953563169,0.6720827347555879,ETTm2,raw,23232,23328,raw:23232:1,high,high
2,0.7219881613272534,0.17226780548653012,0.07859525123149694,0.5,0.906531601088147,1.4379708293633466,0.07299513810556588,0.3242837393484268,0.4931755797312376,ETTm2,raw,23232,23328,raw:23232:2,mid,mid
3,0.597975486556357,0.2809954015121607,0.3230183207398586,0.75,0.8751041084187426,1.4379708293633466,0.07299513810556588,0.400663069602792,0.5660330821747696,ETTm2,raw,23232,23328,raw:23232:3,mid,high
4,0.626197466807292,0.2588600714789475,0.49867952291856465,1.0,0.9192922833913334,1.4379708293633466,0.07299513810556588,0.46124568706826813,0.6640958071656331,ETTm2,raw,23232,23328,raw:23232:4,high,high
5,0.5158629069806298,0.4346666178066642,0.5038787049110098,1.0,0.8069785710252597,1.4379708293633466,0.07299513810556588,0.48480274323276795,0.6266579030436085,ETTm2,raw,23232,23328,raw:23232:5,high,high
6,0.9218350839838314,0.03669762048470788,0.0009712903096314717,0.0,0.5535301318359164,1.4379708293633466,0.07299513810556588,0.31983466492605694,0.20884175664716076,ETTm2,raw,23232,23328,raw:23232:6,low,low
0,0.8524353910907694,0.39362179692380783,0.3947721075456627,1.0,0.9188134482715733,3.135917208902934,0.35598620089051203,0.5469430985200799,0.7582665497206951,ETTm2,raw,23424,23520,raw:23424:0,high,high
1,0.8085238086416027,0.38848137938465266,0.5222392043542572,0.875,0.9656512762220544,3.135917208902934,0.35598620089051203,0.5730814641268375,0.7322124923708554,ETTm2,raw,23424,23520,raw:23424:1,high,high
2,0.7868988130430437,0.30357788527986673,0.4096159752727539,1.0,0.9104833890256991,3.135917208902934,0.35598620089051203,0.5000308911985548,0.7554898633054038,ETTm2,raw,23424,23520,raw:23424:2,high,high
3,0.6017256521516454,0.35442080694117584,0.5467454404974005,0.875,0.9798512653179777,3.135917208902934,0.35598620089051203,0.5009639665300739,0.7369458220694965,ETTm2,raw,23424,23520,raw:23424:3,high,high
4,0.9690468550180685,0.23131675410750685,0.49764105599733555,1.0,0.8180796568740207,3.135917208902934,0.35598620089051203,0.5660015550409704,0.7246886192548443,ETTm2,raw,23424,23520,raw:23424:4,high,high
5,1.0,0.29662573042849855,0.14120021054532123,1.0,0.740562174473518,3.135917208902934,0.35598620089051203,0.4792753136579399,0.6988494584546766,ETTm2,raw,23424,23520,raw:23424:5,high,high
6,0.8247310618412862,0.014605161771487025,0.005404666647642489,0.0,0.5192982757050137,3.135917208902934,0.35598620089051203,0.2815802967534719,0.2917614921985086,ETTm2,raw,23424,23520,raw:23424:6,low,low
0,0.6789548556803031,0.23269822324385936,0.2262186360320591,1.0,0.9236729518554615,1.7484932993642004,0.12474888301945193,0.37929057165207386,0.6828072782916378,ETTm2,raw,23520,23616,raw:23520:0,mid,high
1,0.48075207808918696,0.29731762751359475,0.26337369805515903,1.0,0.92175146844266,1.7484932993642004,0.12474888301945193,0.3471478012193136,0.682166783820704,ETTm2,raw,23520,23616,raw:23520:1,mid,high
2,0.7778589334668228,0.3067636176531805,0.2837097672810323,1.0,0.9454394434699732,1.7484932993642004,0.12474888301945193,0.45611077280034523,0.6900627754964751,ETTm2,raw,23520,23616,raw:23520:2,high,high
3,0.4624161340589319,0.39561039098284,0.2775586660260505,1.0,0.9023499944078044,1.7484932993642004,0.12474888301945193,0.37852839702260743,0.6756996258090854,ETTm2,raw,23520,23616,raw:23520:3,mid,high
4,0.0,0.13936779806063124,0.0,0.125,0.8101879774479002,1.7484932993642004,0.12474888301945193,0.04645593268687708,0.3533122868224507,ETTm2,raw,23520,23616,raw:23520:4,low,low
5,0.0,0.3616368658751982,0.0,0.875,0.9203242329246408,1.7484932993642004,0.12474888301945193,0.12054562195839941,0.6400243719813642,ETTm2,raw,23520,23616,raw:23520:5,low,high
6,0.93596230589715,0.0532758980053771,0.05085869340484549,0.0,0.5936103824460642,1.7484932993642004,0.12474888301945193,0.3466989657691242,0.2394530884885054,ETTm2,raw,23520,23616,raw:23520:6,mid,low
0,0.7535277740955637,0.2670009070642184,0.04564364759676655,0.625,0.9790968752871152,1.8189480168903776,0.1364913359209107,0.35539077625218285,0.5801960704026753,ETTm2,raw,23712,23808,raw:23712:0,mid,high
1,0.3513399305603776,0.200241351769754,0.360034966570832,0.625,0.8732475840369401,1.8189480168903776,0.1364913359209107,0.30387208296698787,0.5449129733192837,ETTm2,raw,23712,23808,raw:23712:1,low,mid
2,0.7803786333694995,0.23949394764015014,0.027557730885929402,0.75,0.9864124015650897,1.8189480168903776,0.1364913359209107,0.3491434372985263,0.6243012458286669,ETTm2,raw,23712,23808,raw:23712:2,mid,high
3,0.42546654513171067,0.24137042337082662,0.4319680519671658,0.75,0.8610330847955509,1.8189480168903776,0.1364913359209107,0.3662683401565677,0.5825081402388206,ETTm2,raw,23712,23808,raw:23712:3,mid,high
4,0.0,0.22463677334493373,0.0,0.25,0.948931127606083,1.8189480168903776,0.1364913359209107,0.07487892444831125,0.4451408211756646,ETTm2,raw,23712,23808,raw:23712:4,low,mid
5,0.0,0.1771508347881958,0.5,1.0,0.8478412289367039,1.8189480168903776,0.1364913359209107,0.22571694492939862,0.6614441882858716,ETTm2,raw,23712,23808,raw:23712:5,low,high
6,0.9715583926539585,0.029635609342280607,0.0217800743793256,0.125,0.6231958704029874,1.8189480168903776,0.1364913359209107,0.3409913587918549,0.2948957354412994,ETTm2,raw,23712,23808,raw:23712:6,mid,low
0,0.6912650860849047,0.24057488702875662,0.10809246416471462,1.0,0.9778992448099371,0.9999999900000406,0.0,0.3466441457594586,0.6592997482699791,ETTm2,raw,23808,23904,raw:23808:0,mid,high
1,0.6737962383577267,0.18175464622108817,0.36591494410931164,0.875,0.8372197356800783,0.9999999900000406,0.0,0.40715527622937553,0.5707399118933595,ETTm2,raw,23808,23904,raw:23808:1,high,high
2,0.6656876281728412,0.30968352193598514,0.1043011964592648,1.0,0.9922906237252447,0.9999999900000406,0.0,0.3598907821893637,0.6640968745750816,ETTm2,raw,23808,23904,raw:23808:2,mid,high
3,0.5744032217934086,0.1654210177559928,0.3943470279767984,1.0,0.8715758090864781,0.9999999900000406,0.0,0.3780570891754,0.6238586030288261,ETTm2,raw,23808,23904,raw:23808:3,mid,high
4,1.0,0.07729231249438893,0.0,0.0,0.8030971661045383,0.9999999900000406,0.0,0.35909743749812967,0.26769905536817945,ETTm2,raw,23808,23904,raw:23808:4,mid,low
5,0.0,0.0,0.0,0.0,-0.0,0.9999999900000406,0.0,0.0,0.0,ETTm2,raw,23808,23904,raw:23808:5,low,low
6,0.8206674976295509,0.03358062177101081,0.006421549815538091,0.0,0.5651070698480126,0.9999999900000406,0.0,0.28688988973869994,0.18836902328267088,ETTm2,raw,23808,23904,raw:23808:6,low,low
0,0.8134947389275976,0.15414348163403777,0.6994805705685845,0.875,0.9459401715508607,1.2237444684315997,0.0372907446764487,0.5557062637100733,0.6194103054091032,ETTm2,raw,23904,24000,raw:23904:0,high,high
1,0.7004799034444756,0.3017733437107776,0.829477410649504,0.875,0.9451657289781387,1.2237444684315997,0.0372907446764487,0.6105768859349191,0.6191521578848624,ETTm2,raw,23904,24000,raw:23904:1,high,high
2,0.7870315177024341,0.191410223091589,0.6956676669576204,0.875,0.9638916819276391,1.2237444684315997,0.0372907446764487,0.5580364692505478,0.6253941422013626,ETTm2,raw,23904,24000,raw:23904:2,high,high
3,0.6047873007415732,0.15406044594123852,0.8383362463125702,0.625,0.8428059430969378,1.2237444684315997,0.0372907446764487,0.5323946643317939,0.5016988959244622,ETTm2,raw,23904,24000,raw:23904:3,high,mid
4,0.9999993868290316,0.05852755324506577,0.0,0.125,0.8853696585846983,1.2237444684315997,0.0372907446764487,0.35284231335803246,0.3492201344203823,ETTm2,raw,23904,24000,raw:23904:4,mid,low
5,0.0,0.0408669390908811,0.0,0.25,0.8719928601260452,1.2237444684315997,0.0372907446764487,0.0136223130302937,0.386427868267498,ETTm2,raw,23904,24000,raw:23904:5,low,mid
6,0.8973299888164776,0.022619092725887184,0.007051142717860305,0.0,0.5281858593321418,1.2237444684315997,0.0372907446764487,0.30900007475340835,0.18849220133619682,ETTm2,raw,23904,24000,raw:23904:6,low,low
0,0.5934036280369986,0.1748082278305764,0.6917313044068174,0.625,0.9060546994523734,1.7893850476738111,0.13156417439302823,0.4866477200914641,0.5542062912818005,ETTm2,raw,24096,24192,raw:24096:0,high,mid
1,0.26942988865205586,0.15378621740038306,0.6507232535506342,0.75,0.9275045187590955,1.7893850476738111,0.13156417439302823,0.3579797865343577,0.6030228977173746,ETTm2,raw,24096,24192,raw:24096:1,mid,high
2,0.4082189987228112,0.16678854007999466,0.6896242635231,1.0,0.8735827587164615,1.7893850476738111,0.13156417439302823,0.4215439341086353,0.6683823110364965,ETTm2,raw,24096,24192,raw:24096:2,high,high
3,0.07023832353316606,0.18071753644392757,0.5923203940403612,0.75,0.922729545532659,1.7893850476738111,0.13156417439302823,0.2810920846724849,0.6014312399752291,ETTm2,raw,24096,24192,raw:24096:3,low,high
4,0.9999999950022367,0.03790151627959624,0.0,0.125,0.8822989389925965,1.7893850476738111,0.13156417439302823,0.3459671704272776,0.3796210377952083,ETTm2,raw,24096,24192,raw:24096:4,mid,mid
5,1.0,0.373923258439693,0.0,0.375,0.8615325384642707,1.7893850476738111,0.13156417439302823,0.45797441947989764,0.45603223761909967,ETTm2,raw,24096,24192,raw:24096:5,high,mid
6,0.9323553084078088,0.032898573836152856,0.002573983545164539,0.0,0.5600546866548657,1.7893850476738111,0.13156417439302823,0.3226092885963754,0.23053962034929798,ETTm2,raw,24096,24192,raw:24096:6,low,low
0,0.6648308941279103,0.236219561727501,0.06838526801097315,1.0,0.8796468192673284,2.8773873545078494,0.31289789189647843,0.3231452412887948,0.7308482370546022,ETTm2,raw,24192,24288,raw:24192:0,low,high
1,0.6035923660949947,0.19211894644675015,0.2467432632185425,0.75,0.8394906414629275,2.8773873545078494,0.31289789189647843,0.3474848585867624,0.634129511119802,ETTm2,raw,24192,24288,raw:24192:1,mid,high
2,0.816177532121527,0.2289011929723575,0.07547468543367471,0.875,0.9021208145302227,2.8773873545078494,0.31289789189647843,0.3735178035091864,0.6966729021422338,ETTm2,raw,24192,24288,raw:24192:2,mid,high
3,0.15583712367900293,0.2982672292458589,0.432549492319501,0.75,0.80445233539976,2.8773873545078494,0.31289789189647843,0.29555128174812095,0.6224500757654128,ETTm2,raw,24192,24288,raw:24192:3,low,high
4,0.5941772752127754,0.16067299840372412,0.21511723276343472,0.5,0.934631158937017,2.8773873545078494,0.31289789189647843,0.32332250212664476,0.5825096836111651,ETTm2,raw,24192,24288,raw:24192:4,low,high
5,0.8836208369627768,0.21167593638013657,0.358818892931761,1.0,0.9821179149228972,2.8773873545078494,0.31289789189647843,0.48470522209155814,0.7650052689397918,ETTm2,raw,24192,24288,raw:24192:5,high,high
6,0.927433681475818,0.02083366307168661,0.0068211699475789825,0.0,0.5444978568587526,2.8773873545078494,0.31289789189647843,0.31836283816502786,0.28579858291841037,ETTm2,raw,24192,24288,raw:24192:6,low,low
0,0.5994044107985734,0.07225390413971268,0.11244273799738749,0.75,0.8708962446428516,0.9999999900000212,0.0,0.2613670176452245,0.5402987482142839,ETTm2,raw,24384,24480,raw:24384:0,low,mid
1,0.5963643672476551,0.07792455839437681,0.27949356594831887,0.625,0.9545975504690517,0.9999999900000212,0.0,0.3179274971967836,0.5265325168230173,ETTm2,raw,24384,24480,raw:24384:1,low,mid
2,0.7447404908815856,0.09658600993239905,0.11660926558050529,0.625,0.9126584167948394,0.9999999900000212,0.0,0.3193119221314967,0.5125528055982799,ETTm2,raw,24384,24480,raw:24384:2,low,mid
3,0.7777085273838029,0.14289556411018656,0.5806960172405229,0.375,0.8336740935644638,0.9999999900000212,0.0,0.5004333695781708,0.40289136452148794,ETTm2,raw,24384,24480,raw:24384:3,high,mid
4,0.9206634691712576,0.27780109036364975,0.27043520379699754,1.0,0.9108889965891489,0.9999999900000212,0.0,0.48963325444396827,0.6369629988630496,ETTm2,raw,24384,24480,raw:24384:4,high,high
5,0.9999999999757192,0.5065981520847647,0.9927963451067258,1.0,0.9584421658440192,0.9999999900000212,0.0,0.8331314990557366,0.6528140552813397,ETTm2,raw,24384,24480,raw:24384:5,high,high
6,0.6852830841280484,0.023422654070118988,0.11280330550281858,0.0,0.4273617109300261,0.9999999900000212,0.0,0.2738363479003287,0.14245390364334204,ETTm2,raw,24384,24480,raw:24384:6,low,low
0,0.782238931622053,0.15740852916812814,0.030239693980005082,0.5,0.9550998090464438,1.826671193645676,0.13777853204464846,0.32329571825672876,0.5309594470303641,ETTm2,raw,24480,24576,raw:24480:0,low,mid
1,0.6725862688268079,0.3681234222798411,0.5284532381204788,1.0,0.8710242591446169,1.826671193645676,0.13777853204464846,0.5230543097423759,0.6696009303964218,ETTm2,raw,24480,24576,raw:24480:1,high,high
2,0.844861652290736,0.15614977776649103,0.023122177555469785,0.25,0.9450131041936128,1.826671193645676,0.13777853204464846,0.34137786920423224,0.4442638787460871,ETTm2,raw,24480,24576,raw:24480:2,mid,mid
3,0.7001341971008712,0.4124945866514672,0.5230146777230077,1.0,0.8834704764164626,1.826671193645676,0.13777853204464846,0.5452144871584488,0.673749669487037,ETTm2,raw,24480,24576,raw:24480:3,high,high
4,0.4979823775525889,0.30988328872320087,0.505151597332916,0.75,0.8830156032438535,1.826671193645676,0.13777853204464846,0.43767242120290195,0.590264711762834,ETTm2,raw,24480,24576,raw:24480:4,high,high
5,0.0,0.0,0.0,0.0,-0.0,1.826671193645676,0.13777853204464846,0.0,0.045926177348216156,ETTm2,raw,24480,24576,raw:24480:5,low,low
6,0.7977782929908969,0.207344900895715,0.3728133520289998,0.0,0.832780594969838,1.826671193645676,0.13777853204464846,0.45931218197187057,0.3235197090048288,ETTm2,raw,24480,24576,raw:24480:6,high,low
0,0.7013412832586939,0.07678219296393225,0.07770034467841604,0.125,0.7118205976316132,2.856961940944508,0.3094936563082619,0.28527460696701407,0.38210475131329175,ETTm2,raw,24576,24672,raw:24576:0,low,mid
1,0.5550268237778391,0.36042997215831146,0.41171471737275034,0.875,0.9428110811491277,2.856961940944508,0.3094936563082619,0.44239050443630035,0.7091015791524632,ETTm2,raw,24576,24672,raw:24576:1,high,high
2,0.748110061064152,0.0685346731282315,0.09748003444007547,0.125,0.6789341874623902,2.856961940944508,0.3094936563082619,0.30470825621081965,0.3711426145902174,ETTm2,raw,24576,24672,raw:24576:2,low,mid
3,0.6216613009992615,0.4660211492254799,0.43726432077774813,0.875,0.9126200961006954,2.856961940944508,0.3094936563082619,0.5083155903341633,0.6990379174696524,ETTm2,raw,24576,24672,raw:24576:3,high,high
4,0.9999999999830381,0.4120256880263868,0.46325749473261213,0.0,0.8024840205758516,2.856961940944508,0.3094936563082619,0.6250943942473457,0.3706592256280378,ETTm2,raw,24576,24672,raw:24576:4,high,mid
5,0.0,0.0,0.0,0.0,-0.0,2.856961940944508,0.3094936563082619,0.0,0.10316455210275398,ETTm2,raw,24576,24672,raw:24576:5,low,low
6,0.90046167222265,0.01825571751953655,0.004389215992841442,0.0,0.553016550104814,2.856961940944508,0.3094936563082619,0.307702201911676,0.28750340213769193,ETTm2,raw,24576,24672,raw:24576:6,low,low
0,0.788759814395375,0.20994287379932888,0.3526920098323035,1.0,0.9580470475960498,3.0582128753872615,0.34303547865948447,0.45046489934233575,0.7670275087518448,ETTm2,raw,24768,24864,raw:24768:0,high,high
1,0.25907212055179074,0.32500526124030665,0.4682838434497481,0.75,0.9103724174601542,3.0582128753872615,0.34303547865948447,0.3507870750806152,0.6678026320398796,ETTm2,raw,24768,24864,raw:24768:1,mid,high
2,0.6110450422140499,0.13255706645827847,0.2742771389548098,1.0,0.9134574466221748,3.0582128753872615,0.34303547865948447,0.3392930825423794,0.7521643084272197,ETTm2,raw,24768,24864,raw:24768:2,mid,high
3,0.22105597188893578,0.3296073323459354,0.5470184793945523,1.0,0.9377774904576807,3.0582128753872615,0.34303547865948447,0.3658939278764745,0.7602709897057217,ETTm2,raw,24768,24864,raw:24768:3,mid,high
4,0.7301851482826811,0.2148484547443991,0.0006266116336083911,0.125,0.8359875685248301,3.0582128753872615,0.34303547865948447,0.31522007155356285,0.4346743490614382,ETTm2,raw,24768,24864,raw:24768:4,low,mid
5,0.0,0.0,0.0,0.0,-0.0,3.0582128753872615,0.34303547865948447,0.0,0.11434515955316149,ETTm2,raw,24768,24864,raw:24768:5,low,low
6,0.8392024297327355,0.029710436515812462,0.009640282631194924,0.0,0.5025775282774108,3.0582128753872615,0.34303547865948447,0.292851049626581,0.2818710023122984,ETTm2,raw,24768,24864,raw:24768:6,low,low
0,0.3879668223761603,0.35909120463561084,0.24080608172614593,0.625,0.9167609073593658,2.082568421342566,0.18042806992304755,0.32928803624597236,0.5740629924274712,ETTm2,raw,24864,24960,raw:24864:0,mid,high
1,0.4799206725194388,0.21498240342398073,0.14855285342742508,0.75,0.9567424305451564,2.082568421342566,0.18042806992304755,0.2811519764569482,0.6290568334894013,ETTm2,raw,24864,24960,raw:24864:1,low,high
2,0.5437043359290059,0.3127234453386917,0.14325200979646963,0.75,0.95000322449263,2.082568421342566,0.18042806992304755,0.33322659702138907,0.6268104314718925,ETTm2,raw,24864,24960,raw:24864:2,mid,high
3,0.4511306159813815,0.2516879120209795,0.14511336400041738,0.875,0.9610056217342108,2.082568421342566,0.18042806992304755,0.2826439640009261,0.6721445638857527,ETTm2,raw,24864,24960,raw:24864:3,low,high
4,0.7955892019775783,0.3754274532275139,0.48218105003046996,0.5,0.9279551315455743,2.082568421342566,0.18042806992304755,0.5510659017451874,0.5361277338228739,ETTm2,raw,24864,24960,raw:24864:4,high,mid
5,0.0,0.0,0.0,0.0,-0.0,2.082568421342566,0.18042806992304755,0.0,0.060142689974349184,ETTm2,raw,24864,24960,raw:24864:5,low,low
6,0.9128211166361216,0.07449937828352693,0.00246223493701315,0.0,0.6018762506538454,2.082568421342566,0.18042806992304755,0.3299275766188872,0.2607681068589643,ETTm2,raw,24864,24960,raw:24864:6,mid,low
0,0.4820200067643081,0.25001529389211113,0.4357598490936148,1.0,0.9885934835595055,1.858812136367246,0.14313535582264875,0.38926504991667804,0.7105762797940515,ETTm2,raw,25056,25152,raw:25056:0,mid,high
1,0.4982597818889154,0.15688839857504622,0.56524012797365,1.0,0.8035784799539805,1.858812136367246,0.14313535582264875,0.40679610281253725,0.648904611925543,ETTm2,raw,25056,25152,raw:25056:1,high,high
2,0.529184751510088,0.2697756081178051,0.34359257590915077,0.5,0.9818608196455442,1.858812136367246,0.14313535582264875,0.38085097851234795,0.5416653918227309,ETTm2,raw,25056,25152,raw:25056:2,mid,mid
3,0.6424905312337559,0.15729946506235498,0.49782481829325803,1.0,0.8135883782092088,1.858812136367246,0.14313535582264875,0.43253827152978963,0.6522412446772858,ETTm2,raw,25056,25152,raw:25056:3,high,high
4,0.3659085819538396,0.41554263888441245,0.47424607613498126,1.0,0.9207644361562148,1.858812136367246,0.14313535582264875,0.4185657656577444,0.6879665973262878,ETTm2,raw,25056,25152,raw:25056:4,high,high
5,0.0,0.0,0.0,0.0,-0.0,1.858812136367246,0.14313535582264875,0.0,0.04771178527421625,ETTm2,raw,25056,25152,raw:25056:5,low,low
6,0.7975974114651556,0.1672958101512147,0.01802550124745918,0.125,0.5910526001384816,1.858812136367246,0.14313535582264875,0.32763957428794316,0.2863959853203768,ETTm2,raw,25056,25152,raw:25056:6,mid,low
0,0.804544909668129,0.16740888586132888,0.014820178866866306,0.625,0.9776595485296392,2.8934969095866907,0.3155828177384771,0.328924658132108,0.639414122089372,ETTm2,raw,25152,25248,raw:25152:0,mid,high
1,0.7038052183564232,0.12096478075565248,0.15864772307680766,0.375,0.9015629052523289,2.8934969095866907,0.3155828177384771,0.3278059073962944,0.5307152409969352,ETTm2,raw,25152,25248,raw:25152:1,mid,mid
2,0.8770217937322701,0.14569507547696497,0.013923871016202898,0.375,0.9407910323577552,2.8934969095866907,0.3155828177384771,0.34554691340847926,0.5437912833654107,ETTm2,raw,25152,25248,raw:25152:2,mid,mid
3,0.7039956963331858,0.11767487347480941,0.14327840998146,0.125,0.8692425814429743,2.8934969095866907,0.3155828177384771,0.3216496599298184,0.4366084663938172,ETTm2,raw,25152,25248,raw:25152:3,low,mid
4,0.8952335599976899,0.23720139295547593,0.41095681080574104,0.25,0.8142480867764281,2.8934969095866907,0.3155828177384771,0.514463921252969,0.45994363483830175,ETTm2,raw,25152,25248,raw:25152:4,high,mid
5,0.0,0.0,0.0,0.0,-0.0,2.8934969095866907,0.3155828177384771,0.0,0.10519427257949236,ETTm2,raw,25152,25248,raw:25152:5,low,low
6,0.8611764417923167,0.018252168347143605,0.001396749174302129,0.25,0.6303979557257415,2.8934969095866907,0.3155828177384771,0.29360845310458744,0.3986602578214062,ETTm2,raw,25152,25248,raw:25152:6,low,mid
0,0.8412090405564627,0.12407919702242137,0.032544634691356274,0.625,0.9540593225927392,2.4132600356890452,0.2355433388889353,0.33261095742341346,0.6048675538272249,ETTm2,raw,25344,25440,raw:25344:0,mid,high
1,0.8037958622315367,0.10202297317269048,0.188609402910471,0.75,0.9567862350569936,2.4132600356890452,0.2355433388889353,0.36480941277156603,0.6474431913153097,ETTm2,raw,25344,25440,raw:25344:1,mid,high
2,0.8774718717543512,0.09543775101370688,0.03773753313920709,0.625,0.9367002672880939,2.4132600356890452,0.2355433388889353,0.3368823853024217,0.5990812020590098,ETTm2,raw,25344,25440,raw:25344:2,mid,high
3,0.6732553503300303,0.0918061525671556,0.21702009304454248,0.75,0.9415676600076349,2.4132600356890452,0.2355433388889353,0.32736053198057613,0.6423703329655234,ETTm2,raw,25344,25440,raw:25344:3,mid,high
4,0.9573824995944638,0.2947806661291351,0.2643816180032481,0.125,0.8346264084480021,2.4132600356890452,0.2355433388889353,0.5055149279089489,0.39838991577897914,ETTm2,raw,25344,25440,raw:25344:4,high,mid
5,0.0,0.0,0.0,0.0,-0.0,2.4132600356890452,0.2355433388889353,0.0,0.07851444629631177,ETTm2,raw,25344,25440,raw:25344:5,low,low
6,0.6177930887663754,0.05845508123876744,0.38226961413545835,0.0,0.48422549244951524,2.4132600356890452,0.2355433388889353,0.35283926138020033,0.2399229437794835,ETTm2,raw,25344,25440,raw:25344:6,mid,low
0,0.8688534543544316,0.2906971545807239,0.044891000219858125,0.125,0.8100134574122152,2.4891323857916414,0.24818873055162569,0.4014805363850045,0.3944007293212803,ETTm2,raw,25440,25536,raw:25440:0,mid,mid
1,0.7224099501069277,0.48952157514323835,0.215064165993674,0.75,0.9827800699674684,2.4891323857916414,0.24818873055162569,0.47566523041461334,0.6603229335063646,ETTm2,raw,25440,25536,raw:25440:1,high,high
2,0.8985406640055279,0.26608925937428063,0.06874047026696915,0.25,0.8040390190236116,2.4891323857916414,0.24818873055162569,0.4111234645489259,0.4340759165250791,ETTm2,raw,25440,25536,raw:25440:2,high,mid
3,0.8178801239790306,0.5765718898010731,0.24689179450680498,1.0,0.9796604807394153,2.4891323857916414,0.24818873055162569,0.547114602762303,0.7426164037636803,ETTm2,raw,25440,25536,raw:25440:3,high,high
4,0.999999999697641,0.26889112978125085,0.4409366349997363,1.0,0.8799986442386225,2.4891323857916414,0.24818873055162569,0.5699425881595427,0.7093957915967494,ETTm2,raw,25440,25536,raw:25440:4,high,high
5,0.0,0.0,0.0,0.0,-0.0,2.4891323857916414,0.24818873055162569,0.0,0.0827295768505419,ETTm2,raw,25440,25536,raw:25440:5,low,low
6,0.9657466078254497,0.14362623456485857,0.0026738629616571592,0.0,0.7360924468828636,2.4891323857916414,0.24818873055162569,0.3706822351173218,0.32809372581149643,ETTm2,raw,25440,25536,raw:25440:6,mid,low
0,0.8961716990307897,0.24295306039348322,0.038380220938606574,0.875,0.9370952773986324,0.9999999900000087,0.0,0.3925016601209599,0.6040317591328774,ETTm2,raw,25536,25632,raw:25536:0,mid,high
1,0.7338465585460903,0.3448804972436458,0.22381382885708723,1.0,0.9076274715080913,0.9999999900000087,0.0,0.43418029488227444,0.6358758238360305,ETTm2,raw,25536,25632,raw:25536:1,high,high
2,0.8594246266307274,0.23111126144311445,0.05430121397862917,0.75,0.9190327794482603,0.9999999900000087,0.0,0.38161236735082366,0.5563442598160867,ETTm2,raw,25536,25632,raw:25536:2,mid,mid
3,0.6159176584906134,0.3827575049645283,0.3187002186107387,1.0,0.9316514614835016,0.9999999900000087,0.0,0.43912512735529347,0.6438838204945005,ETTm2,raw,25536,25632,raw:25536:3,high,high
4,0.9999999999739863,0.32193318468430376,1.0,0.5,0.883328891698783,0.9999999900000087,0.0,0.77397772821943,0.461109630566261,ETTm2,raw,25536,25632,raw:25536:4,high,mid
5,0.0,0.0,0.0,0.0,-0.0,0.9999999900000087,0.0,0.0,0.0,ETTm2,raw,25536,25632,raw:25536:5,low,low
6,0.660807220076842,0.17767667515835112,0.25382135154009144,0.25,0.44160149989038,0.9999999900000087,0.0,0.3641017489250949,0.23053383329679333,ETTm2,raw,25536,25632,raw:25536:6,mid,low
0,0.19007067978612313,0.2502751317351991,0.5191699145493489,0.75,0.8738207555859863,2.680686239348216,0.2801143727578454,0.31983857535689036,0.6346450427812772,ETTm2,raw,25728,25824,raw:25728:0,low,high
1,0.45844752045854453,0.2281099304743969,0.35096196090578236,0.625,0.8641775627692344,2.680686239348216,0.2801143727578454,0.3458398039462412,0.5897639785090266,ETTm2,raw,25728,25824,raw:25728:1,mid,high
2,0.2671851258113239,0.34555057950436263,0.5102930886939105,0.625,0.8989132722507582,2.680686239348216,0.2801143727578454,0.37434293133653235,0.6013425483362013,ETTm2,raw,25728,25824,raw:25728:2,mid,high
3,0.586052946371191,0.20642430935296166,0.40307133526144173,0.625,0.8895816844059212,2.680686239348216,0.2801143727578454,0.3985161969951981,0.5982320190545889,ETTm2,raw,25728,25824,raw:25728:3,mid,high
4,0.6397196974193506,0.08590316003137602,0.21887392294430852,0.125,0.846050233915471,2.680686239348216,0.2801143727578454,0.31483226013167837,0.4170548688911055,ETTm2,raw,25728,25824,raw:25728:4,low,mid
5,0.0,0.0,0.0,0.0,-0.0,2.680686239348216,0.2801143727578454,0.0,0.09337145758594846,ETTm2,raw,25728,25824,raw:25728:5,low,low
6,0.8321843827208888,0.028753404993972453,0.0022455409497391253,0.0,0.5438524104015098,2.680686239348216,0.2801143727578454,0.2877277762215335,0.2746555943864517,ETTm2,raw,25728,25824,raw:25728:6,low,low
0,0.7693228045775904,0.2813861228148056,0.1544776954019967,1.0,0.8734802021446233,1.0450297035576743,0.0075049505804374705,0.40172887426479753,0.6269950509083536,ETTm2,raw,25824,25920,raw:25824:0,mid,high
1,0.809315741827185,0.14966008098756783,0.2143972312860218,1.0,0.9206996585661196,1.0450297035576743,0.0075049505804374705,0.3911243513669249,0.642734869715519,ETTm2,raw,25824,25920,raw:25824:1,mid,high
2,0.799819836562645,0.14713012153214494,0.15877403059870968,1.0,0.8411507266535634,1.0450297035576743,0.0075049505804374705,0.36857466289783325,0.6162185590780003,ETTm2,raw,25824,25920,raw:25824:2,mid,high
3,0.8234237108503621,0.1109226671565379,0.2122929825855582,1.0,0.8924077798031542,1.0450297035576743,0.0075049505804374705,0.3822131201974861,0.6333042434611972,ETTm2,raw,25824,25920,raw:25824:3,mid,high
4,0.0,0.4521720582381451,0.0,1.0,0.7356102605505614,1.0450297035576743,0.0075049505804374705,0.15072401941271504,0.581038403710333,ETTm2,raw,25824,25920,raw:25824:4,low,high
5,0.0,0.46265497741614003,0.0,0.625,0.7421536281653083,1.0450297035576743,0.0075049505804374705,0.15421832580538,0.4582195262485819,ETTm2,raw,25824,25920,raw:25824:5,low,mid
6,0.8767252039619698,0.027792327094887333,0.0012371026505006834,0.0,0.537463805549557,1.0450297035576743,0.0075049505804374705,0.30191821123578594,0.18165625204333147,ETTm2,raw,25824,25920,raw:25824:6,low,low
0,0.646045069187611,0.20526872231517101,0.38742504704639064,0.625,0.900352840272025,2.4833648100380707,0.24722746792763267,0.41291294618305757,0.5908601027332193,ETTm2,raw,26016,26112,raw:26016:0,high,high
1,0.1418406942651549,0.22303531223563233,0.4341481081802969,0.25,0.8548412529932011,2.4833648100380707,0.24722746792763267,0.26634137156036136,0.4506895736402779,ETTm2,raw,26016,26112,raw:26016:1,low,mid
2,0.5964006875149483,0.17227203884776107,0.403880090965247,0.75,0.8757721049082724,2.4833648100380707,0.24722746792763267,0.39085093910931884,0.6243331909453017,ETTm2,raw,26016,26112,raw:26016:2,mid,high
3,0.27590382460467866,0.21781075163361308,0.44934697870011037,0.25,0.8677253728328771,2.4833648100380707,0.24722746792763267,0.314353851646134,0.4549842802535033,ETTm2,raw,26016,26112,raw:26016:3,low,mid
4,0.26823143368666713,0.11646311048728902,0.06337066668729116,0.0,0.7108522909739944,2.4833648100380707,0.24722746792763267,0.14935507028708242,0.31935991963387567,ETTm2,raw,26016,26112,raw:26016:4,low,low
5,0.0,0.0,0.0,0.0,-0.0,2.4833648100380707,0.24722746792763267,0.0,0.08240915597587756,ETTm2,raw,26016,26112,raw:26016:5,low,low
6,0.8195520299049788,0.0035430188267459015,0.008312800901616112,0.125,0.5579233221810643,2.4833648100380707,0.24722746792763267,0.2771359498777803,0.31005026336956565,ETTm2,raw,26016,26112,raw:26016:6,low,low
0,0.4596679725826426,0.30723959519757643,0.2461596366177537,0.5,0.9625322175514359,0.9999999900000114,0.0,0.3376890681326576,0.487510739183812,ETTm2,raw,26112,26208,raw:26112:0,mid,mid
1,0.6224032980652452,0.2917505827802187,0.4754069002878978,0.375,0.9258225306294245,0.9999999900000114,0.0,0.4631869270444539,0.4336075102098082,ETTm2,raw,26112,26208,raw:26112:1,high,mid
2,0.38282010737175465,0.3535682972442855,0.2772606920854092,0.625,0.9655395626446319,0.9999999900000114,0.0,0.33788303223381644,0.5301798542148773,ETTm2,raw,26112,26208,raw:26112:2,mid,mid
3,0.7356243472141799,0.3916426486802608,0.4918492037946005,0.5,0.9613662466395358,0.9999999900000114,0.0,0.5397053998963471,0.4871220822131786,ETTm2,raw,26112,26208,raw:26112:3,high,mid
4,0.9999999973250585,0.08414055114713989,0.0,0.125,0.7424460264384406,0.9999999900000114,0.0,0.36138018282406614,0.2891486754794802,ETTm2,raw,26112,26208,raw:26112:4,mid,low
5,0.0,0.0,0.0,0.0,-0.0,0.9999999900000114,0.0,0.0,0.0,ETTm2,raw,26112,26208,raw:26112:5,low,low
6,0.8675521654708745,0.18015259319928195,0.011838546292771014,0.5,0.8027698540819452,0.9999999900000114,0.0,0.35318110165430916,0.4342566180273151,ETTm2,raw,26112,26208,raw:26112:6,mid,mid
0,0.0,0.0,0.0,0.0,-0.0,1.0,0.0,0.0,0.0,ETTm2,raw,26208,26304,raw:26208:0,low,low
1,0.0,0.0,0.0,0.0,-0.0,1.0,0.0,0.0,0.0,ETTm2,raw,26208,26304,raw:26208:1,low,low
2,0.0,0.0,0.0,0.0,-0.0,1.0,0.0,0.0,0.0,ETTm2,raw,26208,26304,raw:26208:2,low,low
3,0.0,0.0,0.0,0.0,-0.0,1.0,0.0,0.0,0.0,ETTm2,raw,26208,26304,raw:26208:3,low,low
4,0.0,0.0,0.0,0.0,-0.0,1.0,0.0,0.0,0.0,ETTm2,raw,26208,26304,raw:26208:4,low,low
5,0.0,0.0,0.0,0.0,-0.0,1.0,0.0,0.0,0.0,ETTm2,raw,26208,26304,raw:26208:5,low,low
6,0.0,0.0,0.0,0.0,-0.0,1.0,0.0,0.0,0.0,ETTm2,raw,26208,26304,raw:26208:6,low,low
0,0.30704323802058164,0.3076463854760022,0.5251911635002042,1.0,0.9105242555405135,1.7181104933824356,0.1196850820309308,0.37996026233226265,0.6767364458571481,ETTm2,raw,26400,26496,raw:26400:0,mid,high
1,0.5654184632025332,0.6324509418414926,0.4738065656685929,0.75,0.9728385816360459,1.7181104933824356,0.1196850820309308,0.557225323570873,0.6141745545556588,ETTm2,raw,26400,26496,raw:26400:1,high,high
2,0.32730448626776665,0.34799747747899734,0.5077301607690381,1.0,0.9096827519273495,1.7181104933824356,0.1196850820309308,0.3943440415052673,0.6764559446527602,ETTm2,raw,26400,26496,raw:26400:2,mid,high
3,0.5961844975086508,0.6317589146825122,0.47715399894483407,0.75,0.9742438351536302,1.7181104933824356,0.1196850820309308,0.5683658037119991,0.6146429723948537,ETTm2,raw,26400,26496,raw:26400:3,high,high
4,0.0,0.0,0.0,0.0,-0.0,1.7181104933824356,0.1196850820309308,0.0,0.0398950273436436,ETTm2,raw,26400,26496,raw:26400:4,low,low
5,0.0,0.0,0.0,0.0,-0.0,1.7181104933824356,0.1196850820309308,0.0,0.0398950273436436,ETTm2,raw,26400,26496,raw:26400:5,low,low
6,0.9290434530598527,0.011311096293834607,0.0034411963182019614,0.0,0.5039210449010539,1.7181104933824356,0.1196850820309308,0.3145985818906298,0.20786870897732823,ETTm2,raw,26400,26496,raw:26400:6,low,low
0,0.3895691158756359,0.14203613195626263,0.5079302036232135,1.0,0.9395853916009923,0.9999999900000399,0.0,0.34651181715170404,0.6465284638669974,ETTm2,raw,26496,26592,raw:26496:0,mid,high
1,0.42540010966613995,0.1406491783761662,0.2835112473531726,1.0,0.9934146152855943,0.9999999900000399,0.0,0.28318684513182624,0.6644715384285315,ETTm2,raw,26496,26592,raw:26496:1,low,high
2,0.42640585014897847,0.1285181259107252,0.5050390332619313,1.0,0.9437759878528358,0.9999999900000399,0.0,0.35332100310721165,0.6479253292842786,ETTm2,raw,26496,26592,raw:26496:2,mid,high
3,0.6401387228257287,0.12958576213394005,0.23480319623737347,0.75,0.986356357294326,0.9999999900000399,0.0,0.3348425603990141,0.578785452431442,ETTm2,raw,26496,26592,raw:26496:3,mid,high
4,0.9999999943440951,0.12859128232761902,0.0,1.0,0.9622604737654702,0.9999999900000399,0.0,0.3761970922239047,0.65408682458849,ETTm2,raw,26496,26592,raw:26496:4,mid,high
5,0.0,0.0,0.0,0.0,-0.0,0.9999999900000399,0.0,0.0,0.0,ETTm2,raw,26496,26592,raw:26496:5,low,low
6,0.9094754605819699,0.010509407002471754,0.019079407999587232,0.0,0.5034404880096137,0.9999999900000399,0.0,0.3130214251946763,0.16781349600320458,ETTm2,raw,26496,26592,raw:26496:6,low,low
0,0.8070107071082299,0.2479139892704934,0.24166989371162778,0.875,0.9699187387149634,0.9999999900000154,0.0,0.43219819669678367,0.6149729129049878,ETTm2,raw,26688,26784,raw:26688:0,high,high
1,0.5992346675018028,0.2889560220610315,0.3643721677723015,0.625,0.96112787567287,0.9999999900000154,0.0,0.4175209524450452,0.5287092918909567,ETTm2,raw,26688,26784,raw:26688:1,high,mid
2,0.7640648991229961,0.1923289262181439,0.25518931012819634,0.875,0.956219500525066,0.9999999900000154,0.0,0.40386104515644544,0.610406500175022,ETTm2,raw,26688,26784,raw:26688:2,mid,high
3,0.6569060882696659,0.36864792963258947,0.40137949953928054,0.625,0.9614219266336368,0.9999999900000154,0.0,0.47564450581384526,0.528807308877879,ETTm2,raw,26688,26784,raw:26688:3,high,mid
4,0.0,0.1676870808946772,0.0,0.5,0.9006578936983302,0.9999999900000154,0.0,0.05589569363155907,0.4668859645661101,ETTm2,raw,26688,26784,raw:26688:4,low,mid
5,0.0,0.0,0.0,0.0,-0.0,0.9999999900000154,0.0,0.0,0.0,ETTm2,raw,26688,26784,raw:26688:5,low,low
6,0.9890224211517232,0.03674069123880769,0.0138559467019009,0.0,0.6820761363780931,0.9999999900000154,0.0,0.3465396863641439,0.227358712126031,ETTm2,raw,26688,26784,raw:26688:6,mid,low
0,0.48995869876138165,0.37269695049958906,0.32439488496521285,1.0,0.9186183940909974,0.9999999900000329,0.0,0.3956835114087278,0.6395394646969992,ETTm2,raw,26784,26880,raw:26784:0,mid,high
1,0.5754463582964628,0.20818853131397125,0.13586030852754896,1.0,0.9734310257800097,0.9999999900000329,0.0,0.3064983993793277,0.65781034192667,ETTm2,raw,26784,26880,raw:26784:1,low,high
2,0.6050261333530964,0.3490103495892882,0.28417338148174726,1.0,0.9116364667764233,0.9999999900000329,0.0,0.41273662147471063,0.6372121555921412,ETTm2,raw,26784,26880,raw:26784:2,high,high
3,0.6389239945348641,0.21504886616976712,0.10966768437222238,0.75,0.9801570043800614,0.9999999900000329,0.0,0.3212135150256179,0.5767190014600204,ETTm2,raw,26784,26880,raw:26784:3,low,high
4,0.999999996987213,0.2921198095540669,1.0,1.0,0.9453715019422436,0.9999999900000329,0.0,0.76403993551376,0.6484571673140812,ETTm2,raw,26784,26880,raw:26784:4,high,high
5,0.0,0.0,0.0,0.0,-0.0,0.9999999900000329,0.0,0.0,0.0,ETTm2,raw,26784,26880,raw:26784:5,low,low
6,0.9207135041513775,0.018590684363756542,0.9183220231240751,0.0,0.45318025467763096,0.9999999900000329,0.0,0.6192087372130697,0.15106008489254366,ETTm2,raw,26784,26880,raw:26784:6,high,low
0,0.9554138697392045,0.09165574434646348,0.07556699022407398,0.5,0.859045413402633,0.9999999900000052,0.0,0.37421220143658057,0.4530151378008777,ETTm2,raw,26976,27072,raw:26976:0,mid,mid
1,0.9553604980426914,0.06640164476911223,0.2470845985060984,0.375,0.8197800273171166,0.9999999900000052,0.0,0.42294891377263394,0.3982600091057056,ETTm2,raw,26976,27072,raw:26976:1,high,mid
2,0.9499642794304639,0.11495357390280761,0.06598477303333454,0.5,0.8614079229454141,0.9999999900000052,0.0,0.376967542122202,0.45380264098180473,ETTm2,raw,26976,27072,raw:26976:2,mid,mid
3,0.9519446733458511,0.056937764558344275,0.3077140183634677,0.375,0.8049678530979268,0.9999999900000052,0.0,0.4388654854225544,0.393322617699309,ETTm2,raw,26976,27072,raw:26976:3,high,mid
4,0.9999999970642891,0.08584275620212772,0.0,0.125,0.616953098774738,0.9999999900000052,0.0,0.3619475844221389,0.24731769959157934,ETTm2,raw,26976,27072,raw:26976:4,mid,low
5,0.0,0.0,0.0,0.0,-0.0,0.9999999900000052,0.0,0.0,0.0,ETTm2,raw,26976,27072,raw:26976:5,low,low
6,0.9353438196205032,0.006929516052968999,0.18499563161206947,0.0,0.5927793655436643,0.9999999900000052,0.0,0.37575632242851387,0.1975931218478881,ETTm2,raw,26976,27072,raw:26976:6,mid,low
0,0.6488179030758777,0.11551961301686661,0.30899196294669334,0.5,0.9518559968659942,2.6971667423082204,0.2828611232466015,0.3577764930131459,0.5782390400375319,ETTm2,raw,27072,27168,raw:27072:0,mid,high
1,0.7252265746954555,0.11569729499961012,0.45560973269988647,0.75,0.8600009811979261,2.6971667423082204,0.2828611232466015,0.43217786746498404,0.6309540348148426,ETTm2,raw,27072,27168,raw:27072:1,high,high
2,0.6878532642857486,0.10353978296784774,0.3043585450754654,0.5,0.9167686347286695,2.6971667423082204,0.2828611232466015,0.3652505307763539,0.5665432526584236,ETTm2,raw,27072,27168,raw:27072:2,mid,high
3,0.669084440911156,0.08897558878102027,0.45748229111453825,1.0,0.8670799140343705,2.6971667423082204,0.2828611232466015,0.4051807736022382,0.7166470124269906,ETTm2,raw,27072,27168,raw:27072:3,mid,high
4,0.999999999387263,0.1475080578428169,0.9999999755109014,0.25,0.8523404323157624,2.6971667423082204,0.2828611232466015,0.7158360109136604,0.46173385185412136,ETTm2,raw,27072,27168,raw:27072:4,high,mid
5,0.0,0.0,0.0,0.0,-0.0,2.6971667423082204,0.2828611232466015,0.0,0.0942870410822005,ETTm2,raw,27072,27168,raw:27072:5,low,low
6,0.8181827682326459,0.11015922974376088,0.054736986340923555,0.0,0.8482337443638326,2.6971667423082204,0.2828611232466015,0.32769299477244346,0.3770316225368114,ETTm2,raw,27072,27168,raw:27072:6,mid,mid
0,0.9999999998513777,0.3056175760625816,0.033352699792211185,0.5,0.96517994110965,1.1270160957803326,0.021169349261439846,0.4463234252353901,0.4954497634570299,ETTm2,raw,27168,27264,raw:27168:0,high,mid
1,0.9999999999998338,0.11125626085853588,0.5717437707882841,0.375,0.8674961203909961,1.1270160957803326,0.021169349261439846,0.5610000105488845,0.42122182321747864,ETTm2,raw,27168,27264,raw:27168:1,high,mid
2,0.9999999999425762,0.38535419839378715,0.03561681934072564,0.375,0.9767129866380394,1.1270160957803326,0.021169349261439846,0.473657005892363,0.45762744529982635,ETTm2,raw,27168,27264,raw:27168:2,high,mid
3,0.9999999999996899,0.10937763769451073,0.5567890959735092,0.375,0.8569584785565916,1.1270160957803326,0.021169349261439846,0.55538891122257,0.41770927593934376,ETTm2,raw,27168,27264,raw:27168:3,high,mid
4,0.9999999981002714,0.11876534297635327,0.0,0.0,0.836676969076048,1.1270160957803326,0.021169349261439846,0.3729217803588749,0.28594877277916264,ETTm2,raw,27168,27264,raw:27168:4,mid,low
5,0.0,0.0,0.0,0.0,-0.0,1.1270160957803326,0.021169349261439846,0.0,0.007056449753813282,ETTm2,raw,27168,27264,raw:27168:5,low,low
6,0.8971176206166602,0.014890663098833235,0.10313458580482175,0.0,0.3080118365977629,1.1270160957803326,0.021169349261439846,0.33838095650677175,0.10972706195306758,ETTm2,raw,27168,27264,raw:27168:6,mid,low
0,0.0,0.0,0.0,0.0,-0.0,1.000000008757916,1.4596526555689137e-09,0.0,4.865508851896379e-10,ETTm2,raw,27360,27456,raw:27360:0,low,low
1,0.0,0.0,0.0,0.0,-0.0,1.000000008757916,1.4596526555689137e-09,0.0,4.865508851896379e-10,ETTm2,raw,27360,27456,raw:27360:1,low,low
2,0.0,0.0,0.0,0.0,-0.0,1.000000008757916,1.4596526555689137e-09,0.0,4.865508851896379e-10,ETTm2,raw,27360,27456,raw:27360:2,low,low
3,0.0,0.0,0.0,0.0,-0.0,1.000000008757916,1.4596526555689137e-09,0.0,4.865508851896379e-10,ETTm2,raw,27360,27456,raw:27360:3,low,low
4,0.0,0.0,0.0,0.0,-0.0,1.000000008757916,1.4596526555689137e-09,0.0,4.865508851896379e-10,ETTm2,raw,27360,27456,raw:27360:4,low,low
5,0.0,0.0,0.0,0.0,-0.0,1.000000008757916,1.4596526555689137e-09,0.0,4.865508851896379e-10,ETTm2,raw,27360,27456,raw:27360:5,low,low
6,0.9739740679916311,0.02909187676607474,0.005510992622675779,0.0,0.5384200275088092,1.000000008757916,1.4596526555689137e-09,0.3361923124601272,0.17947334298948728,ETTm2,raw,27360,27456,raw:27360:6,mid,low
0,0.9999999970707917,0.09579008702351924,0.0,0.0,0.6809857363771531,1.896496891238628,0.14941614829074443,0.3652633613647703,0.2768006282226325,ETTm2,raw,27456,27552,raw:27456:0,mid,low
1,0.9999999986466879,0.12619317456116236,0.0,0.0,0.9327464805274762,1.896496891238628,0.14941614829074443,0.37539772440261676,0.36072087627274024,ETTm2,raw,27456,27552,raw:27456:1,mid,low
2,0.9999999969114924,0.0960179242746351,0.0,0.0,0.7023576311814304,1.896496891238628,0.14941614829074443,0.36533930706204254,0.2839245931573916,ETTm2,raw,27456,27552,raw:27456:2,mid,low
3,0.9999999993953964,0.058133006083452926,0.0,0.0,0.6579485695044783,1.896496891238628,0.14941614829074443,0.3527110018262831,0.2691215725984076,ETTm2,raw,27456,27552,raw:27456:3,mid,low
4,0.0,0.0,0.0,0.0,-0.0,1.896496891238628,0.14941614829074443,0.0,0.04980538276358148,ETTm2,raw,27456,27552,raw:27456:4,low,low
5,1.0,0.04244319712058099,0.0,0.0,0.5813973412578732,1.896496891238628,0.14941614829074443,0.3474810657068603,0.2436044965162059,ETTm2,raw,27456,27552,raw:27456:5,mid,low
6,0.9444742208475712,0.02098269987009702,0.001193341820797434,0.0,0.5271795940530263,1.896496891238628,0.14941614829074443,0.32221675417948853,0.22553191411459025,ETTm2,raw,27456,27552,raw:27456:6,low,low
0,1.0,0.01571625371699231,0.5,0.375,0.8004316623224594,1.1010725659977183,0.01684542763821067,0.5052387512389974,0.3974256966535567,ETTm2,raw,27648,27744,raw:27648:0,high,mid
1,0.9999981739102873,0.09121872511459962,0.43134901518553603,0.125,0.828519448899807,1.1010725659977183,0.01684542763821067,0.5075219714034743,0.3234549588460059,ETTm2,raw,27648,27744,raw:27648:1,high,low
2,0.9999999993375496,0.14280854704406928,0.5,0.25,0.746284605008346,1.1010725659977183,0.01684542763821067,0.547602848793873,0.33771001088218555,ETTm2,raw,27648,27744,raw:27648:2,high,low
3,0.9999999999999231,0.1577963362747201,0.5,0.25,0.9127881996235329,1.1010725659977183,0.01684542763821067,0.5525987787582144,0.39321120908724777,ETTm2,raw,27648,27744,raw:27648:3,high,mid
4,0.9999999999999999,0.24373819906114944,0.3743048809314081,0.625,0.9794293838904868,1.1010725659977183,0.01684542763821067,0.5393476933308525,0.5404249371762325,ETTm2,raw,27648,27744,raw:27648:4,high,mid
5,0.0,0.0,0.0,0.0,-0.0,1.1010725659977183,0.01684542763821067,0.0,0.005615142546070224,ETTm2,raw,27648,27744,raw:27648:5,low,low
6,0.9115099105417882,0.024144796738162104,0.0038053043515514804,0.0,0.535891205347947,1.1010725659977183,0.01684542763821067,0.3131533372105006,0.1842455443287192,ETTm2,raw,27648,27744,raw:27648:6,low,low
0,0.6177165657751672,0.28394607723268106,0.22727535293787915,1.0,0.9733166409816382,0.9999999900000012,0.0,0.37631266531524243,0.6577722136605461,ETTm2,raw,27744,27840,raw:27744:0,mid,high
1,0.9999999993381757,0.17086210845580968,0.5,1.0,0.9417524542270019,0.9999999900000012,0.0,0.5569540359313284,0.6472508180756673,ETTm2,raw,27744,27840,raw:27744:1,high,high
2,0.7231915273514452,0.2535316353922058,0.2360185056142089,0.625,0.9727502145276543,0.9999999900000012,0.0,0.4042472227859533,0.5325834048425514,ETTm2,raw,27744,27840,raw:27744:2,mid,mid
3,0.13374579622528215,0.252854525790381,0.5018366444694911,1.0,0.9002492157102538,0.9999999900000012,0.0,0.2961456554950514,0.6334164052367512,ETTm2,raw,27744,27840,raw:27744:3,low,high
4,0.25470740322288643,0.23716709576054598,0.0,0.375,0.9155546866777368,0.9999999900000012,0.0,0.1639581663278108,0.43018489555924555,ETTm2,raw,27744,27840,raw:27744:4,low,mid
5,0.0,0.0,0.0,0.0,-0.0,0.9999999900000012,0.0,0.0,0.0,ETTm2,raw,27744,27840,raw:27744:5,low,low
6,0.8763386223099049,0.01998784553986091,0.010156264193274278,0.0,0.5503341628893103,0.9999999900000012,0.0,0.30216091068101336,0.1834447209631034,ETTm2,raw,27744,27840,raw:27744:6,low,low
0,0.9972244460561581,0.02411288918143659,0.1290497279544556,0.125,0.8667337153217456,0.9999999900000008,0.0,0.3834623543973501,0.33057790510724855,ETTm2,raw,27840,27936,raw:27840:0,mid,low
1,0.9956638591257869,0.13915657330535253,0.12454302841386039,0.375,0.878913494212013,0.9999999900000008,0.0,0.41978782028166667,0.41797116473733764,ETTm2,raw,27840,27936,raw:27840:1,high,mid
2,0.9999999973831242,0.1691222300521839,0.0,0.5,0.9136928812854791,0.9999999900000008,0.0,0.3897074091451027,0.471230960428493,ETTm2,raw,27840,27936,raw:27840:2,mid,mid
3,0.9989175360414025,0.08280493611613943,0.06729194216710131,0.25,0.76063213466254,0.9999999900000008,0.0,0.3830048047748811,0.3368773782208467,ETTm2,raw,27840,27936,raw:27840:3,mid,low
4,0.8970155762315649,0.21429915573456854,0.04388801756361391,0.625,0.7783000026212319,0.9999999900000008,0.0,0.3850675831765824,0.46776666754041063,ETTm2,raw,27840,27936,raw:27840:4,mid,mid
5,0.0,0.0,0.0,0.0,-0.0,0.9999999900000008,0.0,0.0,0.0,ETTm2,raw,27840,27936,raw:27840:5,low,low
6,0.959286362751826,0.018377847461909763,0.009070128022918459,0.0,0.6290339318496486,0.9999999900000008,0.0,0.32891144607888473,0.20967797728321622,ETTm2,raw,27840,27936,raw:27840:6,mid,low
0,0.5864241173015401,0.1327256328690143,0.4002995846116197,0.0,0.7019593958133541,1.5852352976640558,0.09753921611477727,0.3731497782607247,0.2664995373093771,ETTm2,raw,28032,28128,raw:28032:0,mid,low
1,0.12997813049327112,0.550720852470013,0.5755885873423938,0.0,0.7015121939112043,1.5852352976640558,0.09753921611477727,0.41876252343522596,0.2663504700086605,ETTm2,raw,28032,28128,raw:28032:1,high,low
2,0.8507460973495455,0.2389466279856665,0.0934933183349226,1.0,0.9731683106832205,1.5852352976640558,0.09753921611477727,0.3943953478900449,0.6902358422659992,ETTm2,raw,28032,28128,raw:28032:2,mid,high
3,0.643512976809291,0.40686432063711686,0.6397350303876245,0.0,0.7084358356785145,1.5852352976640558,0.09753921611477727,0.5633707759446774,0.26865835059776394,ETTm2,raw,28032,28128,raw:28032:3,high,low
4,0.40437423624872426,0.04882996609629088,0.018090900490625218,0.125,0.8019159105143537,1.5852352976640558,0.09753921611477727,0.15709836761188012,0.3414850422097104,ETTm2,raw,28032,28128,raw:28032:4,low,low
5,0.0,0.0,0.0,0.0,-0.0,1.5852352976640558,0.09753921611477727,0.0,0.03251307203825909,ETTm2,raw,28032,28128,raw:28032:5,low,low
6,0.8714548762562253,0.08948090624406549,0.006050774275712948,0.0,0.6903853919164931,1.5852352976640558,0.09753921611477727,0.3223288522586679,0.26264153601042345,ETTm2,raw,28032,28128,raw:28032:6,low,low
0,0.2595138733470649,0.21540414129899707,0.4660026221635477,0.875,0.9345749818693894,2.6291348793908282,0.2715224794459339,0.3136402122698699,0.6936991537717745,ETTm2,raw,28128,28224,raw:28128:0,low,high
1,0.4083508654238578,0.29372043100496037,0.47407475923370146,1.0,0.9612803042856782,2.6291348793908282,0.2715224794459339,0.39204868522083985,0.7442675945772042,ETTm2,raw,28128,28224,raw:28128:1,mid,high
2,0.0,0.0,0.0,0.0,-0.0,2.6291348793908282,0.2715224794459339,0.0,0.09050749314864463,ETTm2,raw,28128,28224,raw:28128:2,low,low
3,0.33871753745990707,0.31604726890841894,0.45247083596174204,0.75,0.8792833926050116,2.6291348793908282,0.2715224794459339,0.369078547443356,0.6336019573503152,ETTm2,raw,28128,28224,raw:28128:3,mid,high
4,0.9135229213271874,0.35250811177805186,0.16261299039993612,0.125,0.8431453888931554,2.6291348793908282,0.2715224794459339,0.4762146745017251,0.41322262277969646,ETTm2,raw,28128,28224,raw:28128:4,high,mid
5,0.0,0.0,0.0,0.0,-0.0,2.6291348793908282,0.2715224794459339,0.0,0.09050749314864463,ETTm2,raw,28128,28224,raw:28128:5,low,low
6,0.4674769381161661,0.06454187209684327,0.004213977812691255,0.125,0.5815127451768718,2.6291348793908282,0.2715224794459339,0.17874426267523355,0.3260117415409352,ETTm2,raw,28128,28224,raw:28128:6,low,low
0,0.58855702179033,0.23725245809501244,0.5018342089935767,1.0,0.9760370057731039,2.696060309781516,0.2826767178257915,0.442547896292973,0.7529045745329652,ETTm2,raw,28320,28416,raw:28320:0,high,high
1,0.565981437112098,0.4362936498227284,0.5236439108388422,0.75,0.9675382604238133,2.696060309781516,0.2826767178257915,0.5086396659245562,0.6667383260832017,ETTm2,raw,28320,28416,raw:28320:1,high,high
2,0.0,0.0,0.0,0.0,-0.0,2.696060309781516,0.2826767178257915,0.0,0.09422557260859717,ETTm2,raw,28320,28416,raw:28320:2,low,low
3,0.3401040523152198,0.268771550950094,0.5952033964182318,0.875,0.9810207760559484,2.696060309781516,0.2826767178257915,0.4013596665611819,0.7128991646272467,ETTm2,raw,28320,28416,raw:28320:3,mid,high
4,0.7070866065935413,0.3956836382051585,0.1315160880598462,0.375,0.9302489637473139,2.696060309781516,0.2826767178257915,0.41142877761951535,0.5293085605243685,ETTm2,raw,28320,28416,raw:28320:4,high,mid
5,0.0,0.0,0.0,0.0,-0.0,2.696060309781516,0.2826767178257915,0.0,0.09422557260859717,ETTm2,raw,28320,28416,raw:28320:5,low,low
6,0.7756017303222684,0.029366221896895226,0.09010244142914015,0.0,0.5203070987970997,2.696060309781516,0.2826767178257915,0.2983567978827679,0.2676612722076304,ETTm2,raw,28320,28416,raw:28320:6,low,low
0,0.4749122943053027,0.16863458357696517,0.3605163994943437,1.0,0.9001431290878689,2.916602719087835,0.3194337859822496,0.3346877591255372,0.7398589716900394,ETTm2,raw,28416,28512,raw:28416:0,mid,high
1,0.2810410707000178,0.39937989778078664,0.4590181609880466,0.625,0.9723526946403949,2.916602719087835,0.3194337859822496,0.37981304315628367,0.6389288268742148,ETTm2,raw,28416,28512,raw:28416:1,mid,high
2,0.0,0.0,0.0,0.0,-0.0,2.916602719087835,0.3194337859822496,0.0,0.10647792866074986,ETTm2,raw,28416,28512,raw:28416:2,low,low
3,0.17267507712893193,0.38140243360054077,0.41555735292685575,0.75,0.9610204263225418,2.916602719087835,0.3194337859822496,0.3232116212187761,0.6768180707682637,ETTm2,raw,28416,28512,raw:28416:3,low,high
4,0.7859569288571382,0.17043299649720067,0.02354955511032487,0.625,0.8737958736485429,2.916602719087835,0.3194337859822496,0.3266464934882212,0.6060765532102642,ETTm2,raw,28416,28512,raw:28416:4,mid,high
5,0.0,0.0,0.0,0.0,-0.0,2.916602719087835,0.3194337859822496,0.0,0.10647792866074986,ETTm2,raw,28416,28512,raw:28416:5,low,low
6,0.89862692577475,0.015486189742811905,0.008602589604990357,0.0,0.5210923151630419,2.916602719087835,0.3194337859822496,0.3075719017075174,0.2801753670484305,ETTm2,raw,28416,28512,raw:28416:6,low,low
0,0.753062829759355,0.3404147106502871,0.16073030796674367,1.0,0.9438194772001954,2.6952021137508164,0.2825336851542466,0.4180692827921286,0.742117720784814,ETTm2,raw,28608,28704,raw:28608:0,high,high
1,0.8880404272744056,0.23506638154698561,0.3921507423555168,1.0,0.959046311262296,2.6952021137508164,0.2825336851542466,0.5050858503923027,0.7471933321388476,ETTm2,raw,28608,28704,raw:28608:1,high,high
2,0.0,0.0,0.0,0.0,-0.0,2.6952021137508164,0.2825336851542466,0.0,0.09417789505141554,ETTm2,raw,28608,28704,raw:28608:2,low,low
3,0.4916978326589778,0.2972906982144261,0.4422219357645836,1.0,0.915680419351836,2.6952021137508164,0.2825336851542466,0.41040348887932915,0.7327380348353608,ETTm2,raw,28608,28704,raw:28608:3,high,high
4,0.8760500511659198,0.24197499358581,0.08516063185189014,1.0,0.9173693701823005,2.6952021137508164,0.2825336851542466,0.40106189220120664,0.7333010184455157,ETTm2,raw,28608,28704,raw:28608:4,mid,high
5,0.0,0.0,0.0,0.0,-0.0,2.6952021137508164,0.2825336851542466,0.0,0.09417789505141554,ETTm2,raw,28608,28704,raw:28608:5,low,low
6,0.8332413798649387,0.03362811798815418,0.09724755550925819,0.0,0.35160607249158765,2.6952021137508164,0.2825336851542466,0.3213723511207837,0.2113799192152781,ETTm2,raw,28608,28704,raw:28608:6,low,low
0,0.6286180468761335,0.37173561238593994,0.15117934643784847,1.0,0.9624992306658049,2.878213098885341,0.3130355159591643,0.38384433523330735,0.7585115822083232,ETTm2,raw,28704,28800,raw:28704:0,mid,high
1,0.4266043659108677,0.11852504570773112,0.44392453381130503,0.875,0.9436541222780737,2.878213098885341,0.3130355159591643,0.32968464847663465,0.710563212745746,ETTm2,raw,28704,28800,raw:28704:1,mid,high
2,0.0,0.0,0.0,0.0,-0.0,2.878213098885341,0.3130355159591643,0.0,0.1043451719863881,ETTm2,raw,28704,28800,raw:28704:2,low,low
3,0.47039914909348157,0.13112177298562513,0.418491994319244,0.875,0.9449972144216066,2.878213098885341,0.3130355159591643,0.3400043054661169,0.7110109101269236,ETTm2,raw,28704,28800,raw:28704:3,mid,high
4,0.8259431572247269,0.26987746492196363,0.5034962290456831,1.0,0.8893761633666147,2.878213098885341,0.3130355159591643,0.5331056170641245,0.7341372264419265,ETTm2,raw,28704,28800,raw:28704:4,high,high
5,0.0,0.0,0.0,0.0,-0.0,2.878213098885341,0.3130355159591643,0.0,0.1043451719863881,ETTm2,raw,28704,28800,raw:28704:5,low,low
6,0.902467949510412,0.03941463311508531,0.03565710456981385,0.125,0.5906518907638731,2.878213098885341,0.3130355159591643,0.32584656239843707,0.34289580224101246,ETTm2,raw,28704,28800,raw:28704:6,mid,low
0,0.9270452159971745,0.2310498048414361,0.015959974599187004,0.25,0.9027247201484655,2.512020410675866,0.2520034013593053,0.39135166514593256,0.4682427071692569,ETTm2,raw,28800,28896,raw:28800:0,mid,mid
1,0.9268430501571582,0.13557331042185097,0.009702425972526761,0.375,0.944057941507759,2.512020410675866,0.2520034013593053,0.3573729288505119,0.5236871142890215,ETTm2,raw,28800,28896,raw:28800:1,mid,mid
2,0.0,0.0,0.0,0.0,-0.0,2.512020410675866,0.2520034013593053,0.0,0.0840011337864351,ETTm2,raw,28800,28896,raw:28800:2,low,low
3,0.9061193820376855,0.16063373112074256,0.03169131343588102,0.5,0.958058104656113,2.512020410675866,0.2520034013593053,0.366148142198103,0.5700205020051394,ETTm2,raw,28800,28896,raw:28800:3,mid,high
4,0.2174499430863508,0.28943617882674566,0.27046479216650554,1.0,0.9762805822305531,2.512020410675866,0.2520034013593053,0.25911697135986733,0.7427613278632862,ETTm2,raw,28800,28896,raw:28800:4,low,high
5,0.0,0.0,0.0,0.0,-0.0,2.512020410675866,0.2520034013593053,0.0,0.0840011337864351,ETTm2,raw,28800,28896,raw:28800:5,low,low
6,0.8098451525796462,0.016919484675351367,0.0003373385010571117,0.0,0.4904285319106991,2.512020410675866,0.2520034013593053,0.27570065858535153,0.24747731109000148,ETTm2,raw,28800,28896,raw:28800:6,low,low
0,0.7844630937375938,0.21045443412342543,0.24194607182902625,0.875,0.885576332203058,2.660320899369258,0.2767201494336761,0.4122878665633485,0.6790988272122447,ETTm2,raw,28992,29088,raw:28992:0,high,high
1,0.6301904071180966,0.14040090256303955,0.4551826969991423,0.5,0.9548906245546424,2.660320899369258,0.2767201494336761,0.4085913355600928,0.5772035913294395,ETTm2,raw,28992,29088,raw:28992:1,high,high
2,0.0,0.0,0.0,0.0,-0.0,2.660320899369258,0.2767201494336761,0.0,0.09224004981122537,ETTm2,raw,28992,29088,raw:28992:2,low,low
3,0.4734238489286804,0.14940030419476097,0.47125858924548303,0.5,0.9148361163961211,2.660320899369258,0.2767201494336761,0.36469424745630813,0.5638520886099324,ETTm2,raw,28992,29088,raw:28992:3,mid,high
4,0.7021608597833903,0.09324085798795485,0.44620347783476944,0.25,0.8563054813078332,2.660320899369258,0.2767201494336761,0.41386839853537155,0.46100854358050314,ETTm2,raw,28992,29088,raw:28992:4,high,mid
5,0.0,0.0,0.0,0.0,-0.0,2.660320899369258,0.2767201494336761,0.0,0.09224004981122537,ETTm2,raw,28992,29088,raw:28992:5,low,low
6,0.8878127900206564,0.01594918889696802,0.0046699087025822705,0.0,0.5216927729524794,2.660320899369258,0.2767201494336761,0.30281062920673557,0.2661376407953852,ETTm2,raw,28992,29088,raw:28992:6,low,low
0,0.31959495856717657,0.15449045285357693,0.28173659581012694,0.75,0.9125243323300685,3.01616955117367,0.3360282579688979,0.25194066907696017,0.6661841967663221,ETTm2,raw,29088,29184,raw:29088:0,low,high
1,0.22058829834908844,0.1846019148249019,0.4564624819301905,0.5,0.8801440357524728,3.01616955117367,0.3360282579688979,0.28721756503472695,0.5720574312404568,ETTm2,raw,29088,29184,raw:29088:1,low,high
2,0.0,0.0,0.0,0.0,-0.0,3.01616955117367,0.3360282579688979,0.0,0.11200941932296597,ETTm2,raw,29088,29184,raw:29088:2,low,low
3,0.36123935081074,0.191869172352425,0.4949296980429952,0.75,0.8070969228370231,3.01616955117367,0.3360282579688979,0.3493460737353867,0.6310417269353069,ETTm2,raw,29088,29184,raw:29088:3,mid,high
4,0.9751005446117421,0.2207001862000716,0.46609013429600676,0.625,0.9921731815511899,3.01616955117367,0.3360282579688979,0.5539636217026068,0.651067146506696,ETTm2,raw,29088,29184,raw:29088:4,high,high
5,0.0,0.0,0.0,0.0,-0.0,3.01616955117367,0.3360282579688979,0.0,0.11200941932296597,ETTm2,raw,29088,29184,raw:29088:5,low,low
6,0.8717584168957615,0.00817442682903987,0.013702883203213773,0.0,0.5012312648192482,3.01616955117367,0.3360282579688979,0.29787857564267173,0.2790865075960487,ETTm2,raw,29088,29184,raw:29088:6,low,low
0,0.8015186107365816,0.1717412795907909,0.05657656032101987,0.25,0.7895202923413637,2.8927729361424848,0.3154621554979772,0.34327881688279743,0.45166081594644697,ETTm2,raw,29280,29376,raw:29280:0,mid,mid
1,0.0,0.0,0.0,0.0,-0.0,2.8927729361424848,0.3154621554979772,0.0,0.10515405183265907,ETTm2,raw,29280,29376,raw:29280:1,low,low
2,0.0,0.0,0.0,0.0,-0.0,2.8927729361424848,0.3154621554979772,0.0,0.10515405183265907,ETTm2,raw,29280,29376,raw:29280:2,low,low
3,0.6271741712732566,0.36784020476199,0.5161220797200249,0.625,0.8951454239725314,2.8927729361424848,0.3154621554979772,0.5037121519184238,0.6118691931568362,ETTm2,raw,29280,29376,raw:29280:3,high,high
4,0.9466299278706788,0.13945283971985284,0.21558544646381927,0.5,0.9282472521317041,2.8927729361424848,0.3154621554979772,0.43388940468478365,0.5812364692098938,ETTm2,raw,29280,29376,raw:29280:4,high,high
5,0.0,0.0,0.0,0.0,-0.0,2.8927729361424848,0.3154621554979772,0.0,0.10515405183265907,ETTm2,raw,29280,29376,raw:29280:5,low,low
6,0.7987094892983773,0.13039132472768508,0.07616010326763935,0.125,0.48184517513428426,2.8927729361424848,0.3154621554979772,0.3350869724312339,0.30743577687742046,ETTm2,raw,29280,29376,raw:29280:6,mid,low
0,0.6231716139163663,0.22946160972795815,0.10178680199398189,0.25,0.8536323933098712,1.902149673362041,0.15035827864307638,0.31814000854610214,0.4179968906509825,ETTm2,raw,29376,29472,raw:29376:0,low,mid
1,0.6843688185736005,0.28785302113515127,0.43360252042881625,0.5,0.9176203198634547,1.902149673362041,0.15035827864307638,0.46860812004585606,0.5226595328355104,ETTm2,raw,29376,29472,raw:29376:1,high,mid
2,0.0,0.0,0.0,0.0,-0.0,1.902149673362041,0.15035827864307638,0.0,0.050119426214358796,ETTm2,raw,29376,29472,raw:29376:2,low,low
3,0.3691752734393392,0.2629331558514708,0.5070228280356851,0.75,0.9014482697070746,1.902149673362041,0.15035827864307638,0.3797104191088317,0.6006021827833837,ETTm2,raw,29376,29472,raw:29376:3,mid,high
4,0.9958269991929712,0.30755695324260124,0.33146470301495534,0.75,0.9752133205625569,1.902149673362041,0.15035827864307638,0.5449495518168426,0.6251905330685444,ETTm2,raw,29376,29472,raw:29376:4,high,high
5,0.0,0.0,0.0,0.0,-0.0,1.902149673362041,0.15035827864307638,0.0,0.050119426214358796,ETTm2,raw,29376,29472,raw:29376:5,low,low
6,0.8461397051139787,0.046600845597185955,0.07224660104361248,0.0,0.5199740865661898,1.902149673362041,0.15035827864307638,0.321662383918259,0.22344412173642206,ETTm2,raw,29376,29472,raw:29376:6,low,low
0,0.8286639936910726,0.42725265908591614,0.6540447739594338,0.125,0.85053639365874,3.0926492684035347,0.3487748774859643,0.6366538089121409,0.4414370903815681,ETTm2,raw,29472,29568,raw:29472:0,high,mid
1,0.8308086374715169,0.5454387191934517,0.05988385919081558,0.75,0.9841483859816803,3.0926492684035347,0.3487748774859643,0.4787104052852613,0.6943077544892149,ETTm2,raw,29472,29568,raw:29472:1,high,high
2,0.0,0.0,0.0,0.0,-0.0,3.0926492684035347,0.3487748774859643,0.0,0.11625829249532144,ETTm2,raw,29472,29568,raw:29472:2,low,low
3,0.9029213928461258,0.14782229014568116,0.025229022395297628,0.625,0.9387394262422382,3.0926492684035347,0.3487748774859643,0.3586575684623681,0.6375047679094008,ETTm2,raw,29472,29568,raw:29472:3,mid,high
4,0.5820879599409043,0.2074846750788074,0.5235613079526941,0.25,0.9413503074079657,3.0926492684035347,0.3487748774859643,0.4377113143241353,0.51337506163131,ETTm2,raw,29472,29568,raw:29472:4,high,mid
5,0.0,0.0,0.0,0.0,-0.0,3.0926492684035347,0.3487748774859643,0.0,0.11625829249532144,ETTm2,raw,29472,29568,raw:29472:5,low,low
6,0.7723447237132766,0.40037605225463074,0.13933889377884875,0.125,0.7302623868466521,3.0926492684035347,0.3487748774859643,0.4373532232489186,0.4013457547775388,ETTm2,raw,29472,29568,raw:29472:6,high,mid
0,0.5969675650113241,0.10774026980182749,0.08512314317944926,0.5,0.9490254901710423,0.9999999900000012,0.0,0.2632769926642003,0.48300849672368074,ETTm2,raw,29664,29760,raw:29664:0,low,mid
1,0.9999999997389352,0.2693397544959442,0.495860455818371,1.0,0.8824115594788878,0.9999999900000012,0.0,0.5884000700177502,0.627470519826296,ETTm2,raw,29664,29760,raw:29664:1,high,high
2,0.0,0.0,0.0,0.0,-0.0,0.9999999900000012,0.0,0.0,0.0,ETTm2,raw,29664,29760,raw:29664:2,low,low
3,0.7068187560277459,0.29028346531882715,0.6083302888104634,1.0,0.9177692952846207,0.9999999900000012,0.0,0.5351441700523455,0.6392564317615402,ETTm2,raw,29664,29760,raw:29664:3,high,high
4,0.4765708296243597,0.2089061235528038,0.4845169730834906,1.0,0.7932838384030365,0.9999999900000012,0.0,0.3899979754202181,0.5977612794676789,ETTm2,raw,29664,29760,raw:29664:4,mid,high
5,0.0,0.0,0.0,0.0,-0.0,0.9999999900000012,0.0,0.0,0.0,ETTm2,raw,29664,29760,raw:29664:5,low,low
6,0.9027498571849264,0.07437437155925677,0.0044979553798332236,0.0,0.5550904108433924,0.9999999900000012,0.0,0.3272073947080055,0.18503013694779746,ETTm2,raw,29664,29760,raw:29664:6,mid,low
0,0.9368856022462476,0.05454502598448223,0.008284419594728837,0.25,0.8370323839825197,2.763834719643785,0.29397245278401013,0.3332383492751529,0.4603349455888433,ETTm2,raw,29760,29856,raw:29760:0,mid,mid
1,0.9999999999781962,0.25261207230152805,0.022770226075986347,0.5,0.9105985960329402,2.763834719643785,0.29397245278401013,0.42512743278523685,0.5681903496056501,ETTm2,raw,29760,29856,raw:29760:1,high,high
2,0.0,0.0,0.0,0.0,-0.0,2.763834719643785,0.29397245278401013,0.0,0.09799081759467004,ETTm2,raw,29760,29856,raw:29760:2,low,low
3,0.9877372798357925,0.039677066540599125,0.13123188452505785,0.125,0.8035276071756248,2.763834719643785,0.29397245278401013,0.3862154103004832,0.407500019986545,ETTm2,raw,29760,29856,raw:29760:3,mid,mid
4,0.6867530121162113,0.22683115638743273,0.24734546054392068,0.875,0.8247440425338951,2.763834719643785,0.29397245278401013,0.38697654301585493,0.6645721651059684,ETTm2,raw,29760,29856,raw:29760:4,mid,high
5,0.0,0.0,0.0,0.0,-0.0,2.763834719643785,0.29397245278401013,0.0,0.09799081759467004,ETTm2,raw,29760,29856,raw:29760:5,low,low
6,0.9217835445080974,0.011698783432422737,0.0003730656428477926,0.0,0.5101962108511334,2.763834719643785,0.29397245278401013,0.31128513119445594,0.2680562212117145,ETTm2,raw,29760,29856,raw:29760:6,low,low
0,0.797377898791361,0.3603917971112715,0.13326391681907374,0.75,0.9414149934328587,2.5895996057167663,0.2649332671779056,0.43034453757390206,0.6521160868702548,ETTm2,raw,29952,30048,raw:29952:0,high,high
1,0.8309100031396369,0.28720816913310787,0.2964224164252114,0.75,0.9342581739422731,2.5895996057167663,0.2649332671779056,0.4715135295659854,0.6497304803733929,ETTm2,raw,29952,30048,raw:29952:1,high,high
2,0.0,0.0,0.0,0.0,-0.0,2.5895996057167663,0.2649332671779056,0.0,0.08831108905930186,ETTm2,raw,29952,30048,raw:29952:2,low,low
3,0.8284333446664709,0.4138692054673021,0.26851722033372494,0.875,0.9144445741968641,2.5895996057167663,0.2649332671779056,0.5036065901558326,0.6847926137915898,ETTm2,raw,29952,30048,raw:29952:3,high,high
4,0.8821298313360278,0.273669577568852,0.46065984325551523,0.5,0.9841452327669412,2.5895996057167663,0.2649332671779056,0.5388197507201317,0.5830261666482822,ETTm2,raw,29952,30048,raw:29952:4,high,high
5,0.0,0.0,0.0,0.0,-0.0,2.5895996057167663,0.2649332671779056,0.0,0.08831108905930186,ETTm2,raw,29952,30048,raw:29952:5,low,low
6,0.9363497162061751,0.02291175343119476,0.03383024400342687,0.0,0.6002302152489059,2.5895996057167663,0.2649332671779056,0.3310305712135989,0.2883878274756038,ETTm2,raw,29952,30048,raw:29952:6,mid,low
0,0.7315657403618049,0.37323540919920073,0.5481108112037149,1.0,0.9670350112270879,2.531900841969387,0.25531680656936984,0.55097065358824,0.7407839392654859,ETTm2,raw,30048,30144,raw:30048:0,high,high
1,0.3341434541194419,0.3602719457567589,0.44820204407317643,1.0,0.9356652212114113,2.531900841969387,0.25531680656936984,0.38087248131645907,0.7303273425935938,ETTm2,raw,30048,30144,raw:30048:1,mid,high
2,0.0,0.0,0.0,0.0,-0.0,2.531900841969387,0.25531680656936984,0.0,0.08510560218978995,ETTm2,raw,30048,30144,raw:30048:2,low,low
3,0.09499994345222162,0.2730048916327933,0.4802027316990697,1.0,0.8948664576241594,2.531900841969387,0.25531680656936984,0.2827358555946949,0.7167277547311764,ETTm2,raw,30048,30144,raw:30048:3,low,high
4,0.6110297772369856,0.2630593897448018,0.5259989975257512,1.0,0.9739490705355348,2.531900841969387,0.25531680656936984,0.46669605483584614,0.743088625701635,ETTm2,raw,30048,30144,raw:30048:4,high,high
5,0.0,0.0,0.0,0.0,-0.0,2.531900841969387,0.25531680656936984,0.0,0.08510560218978995,ETTm2,raw,30048,30144,raw:30048:5,low,low
6,0.981463148361725,0.10724389195453381,0.18958637237912798,0.0,0.688815202572663,2.531900841969387,0.25531680656936984,0.4260978042317956,0.31471066971401096,ETTm2,raw,30048,30144,raw:30048:6,high,low
0,0.7809750023636388,0.15856750028484912,0.044361362748172026,0.5,0.8918997648978416,1.1678646967269977,0.027977449407870527,0.32796795513222,0.4732924047685707,ETTm2,raw,30240,30336,raw:30240:0,mid,mid
1,0.6635272422348643,0.18167261523563805,0.2606315636740101,1.0,0.9322640503739908,1.1678646967269977,0.027977449407870527,0.36861047371483746,0.6534138332606204,ETTm2,raw,30240,30336,raw:30240:1,mid,high
2,0.0,0.0,0.0,0.0,-0.0,1.1678646967269977,0.027977449407870527,0.0,0.009325816469290175,ETTm2,raw,30240,30336,raw:30240:2,low,low
3,0.5748713774750169,0.19854987632334514,0.4395020405835736,1.0,0.8670893744856817,1.1678646967269977,0.027977449407870527,0.40430776479397856,0.6316889412978507,ETTm2,raw,30240,30336,raw:30240:3,mid,high
4,0.9653947374827663,0.206126340489489,0.4705309417601555,1.0,0.94395189359093,1.1678646967269977,0.027977449407870527,0.547350673244137,0.6573097809996001,ETTm2,raw,30240,30336,raw:30240:4,high,high
5,0.0,0.0,0.0,0.0,-0.0,1.1678646967269977,0.027977449407870527,0.0,0.009325816469290175,ETTm2,raw,30240,30336,raw:30240:5,low,low
6,0.8869060153784041,0.016568764632389668,0.01810313340727754,0.125,0.5836594370554332,1.1678646967269977,0.027977449407870527,0.30719263780602374,0.24554562882110123,ETTm2,raw,30240,30336,raw:30240:6,low,low
0,0.5917938003834624,0.1858360156381118,0.15077859280618705,1.0,0.9152664298928125,2.5648490904252226,0.2608081813028568,0.30946946960925376,0.7253582037318896,ETTm2,raw,30336,30432,raw:30336:0,low,high
1,0.4619235405902955,0.21552009842119108,0.25695053544945495,1.0,0.8512764081783231,2.5648490904252226,0.2608081813028568,0.3114647248203139,0.7040281964937266,ETTm2,raw,30336,30432,raw:30336:1,low,high
2,0.0,0.0,0.0,0.0,-0.0,2.5648490904252226,0.2608081813028568,0.0,0.0869360604342856,ETTm2,raw,30336,30432,raw:30336:2,low,low
3,0.5840362372061754,0.1750982683723637,0.2692667377116935,1.0,0.8397101712198551,2.5648490904252226,0.2608081813028568,0.3428004144300775,0.7001727841742373,ETTm2,raw,30336,30432,raw:30336:3,mid,high
4,0.8578329474373352,0.3463833089007088,0.6331386193710545,1.0,0.8808598705046407,2.5648490904252226,0.2608081813028568,0.6124516252363662,0.7138893506024991,ETTm2,raw,30336,30432,raw:30336:4,high,high
5,0.0,0.0,0.0,0.0,-0.0,2.5648490904252226,0.2608081813028568,0.0,0.0869360604342856,ETTm2,raw,30336,30432,raw:30336:5,low,low
6,0.9593179520076357,0.006420121625419314,0.0028810298846319877,0.0,0.5079787905565379,2.5648490904252226,0.2608081813028568,0.32287303450589566,0.2562623239531316,ETTm2,raw,30336,30432,raw:30336:6,low,low
0,0.7820371837601172,0.37561025476471666,0.20158930768177014,1.0,0.844560035810344,1.840800651155551,0.14013344162570276,0.4530789154022013,0.6615644924786822,ETTm2,raw,30432,30528,raw:30432:0,high,high
1,0.5234651431502821,0.3037123310954102,0.39348550186917736,1.0,0.8368437673779833,1.840800651155551,0.14013344162570276,0.4068876587049566,0.6589924030012287,ETTm2,raw,30432,30528,raw:30432:1,high,high
2,0.0,0.0,0.0,0.0,-0.0,1.840800651155551,0.14013344162570276,0.0,0.04671114720856759,ETTm2,raw,30432,30528,raw:30432:2,low,low
3,0.687706799325001,0.3873550290397715,0.20668161372696064,0.875,0.8317510187755172,1.840800651155551,0.14013344162570276,0.42724781403057777,0.6156281534670733,ETTm2,raw,30432,30528,raw:30432:3,high,high
4,0.9255330236190765,0.13321081704136473,0.4633977150285195,1.0,0.9331151774208181,1.840800651155551,0.14013344162570276,0.5073805185629869,0.6910828730155069,ETTm2,raw,30432,30528,raw:30432:4,high,high
5,0.0,0.0,0.0,0.0,-0.0,1.840800651155551,0.14013344162570276,0.0,0.04671114720856759,ETTm2,raw,30432,30528,raw:30432:5,low,low
6,0.7856265815366648,0.0018279488051142693,0.033745800089368706,0.0,0.45432092663570317,1.840800651155551,0.14013344162570276,0.27373344347704925,0.19815145608713533,ETTm2,raw,30432,30528,raw:30432:6,low,low
0,0.5229930959056979,0.40488974820747475,0.1816964226507869,0.75,0.960542462125762,1.764854041808234,0.1274756734222462,0.3698597555879865,0.612672711849336,ETTm2,raw,30624,30720,raw:30624:0,mid,high
1,0.6691056664988155,0.2709153753664584,0.3017856277202781,0.875,0.9088985909722308,1.764854041808234,0.1274756734222462,0.4139355565285174,0.637124754798159,ETTm2,raw,30624,30720,raw:30624:1,high,high
2,0.0,0.0,0.0,0.0,-0.0,1.764854041808234,0.1274756734222462,0.0,0.04249189114074873,ETTm2,raw,30624,30720,raw:30624:2,low,low
3,0.5215986745831662,0.23674025689724093,0.40497315554525504,0.875,0.9072729170387556,1.764854041808234,0.1274756734222462,0.3877706956752207,0.6365828634870005,ETTm2,raw,30624,30720,raw:30624:3,mid,high
4,0.8717254706849769,0.20389146892612253,0.4249549919958733,1.0,0.967282079140108,1.764854041808234,0.1274756734222462,0.5001906438689908,0.6982525841874514,ETTm2,raw,30624,30720,raw:30624:4,high,high
5,1.0,0.19271191557217826,0.5078183346208324,1.0,0.8703070379029147,1.764854041808234,0.1274756734222462,0.5668434167310035,0.6659275704417204,ETTm2,raw,30624,30720,raw:30624:5,high,high
6,0.8641109936538434,0.0035704899949373986,0.009446543062208221,0.0,0.4727612014967419,1.764854041808234,0.1274756734222462,0.292376008903663,0.20007895830632938,ETTm2,raw,30624,30720,raw:30624:6,low,low
0,0.6289007324247207,0.49307091125610697,0.5853531755358244,0.625,0.9566411376122301,1.1421213283523342,0.023686888019244214,0.5691082730722173,0.5351093418771581,ETTm2,raw,30720,30816,raw:30720:0,high,mid
1,0.6411268968099904,0.30374758924508805,0.639486615131948,0.375,0.8900978803412825,1.1421213283523342,0.023686888019244214,0.5281203670623421,0.42959492278684225,ETTm2,raw,30720,30816,raw:30720:1,high,mid
2,0.0,0.0,0.0,0.0,-0.0,1.1421213283523342,0.023686888019244214,0.0,0.007895629339748071,ETTm2,raw,30720,30816,raw:30720:2,low,low
3,0.6708184393938617,0.21818016685788133,0.6292574356393611,0.25,0.8660931345807845,1.1421213283523342,0.023686888019244214,0.5060853472970347,0.3799266742000096,ETTm2,raw,30720,30816,raw:30720:3,high,mid
4,0.7999239795375104,0.3182609437999244,0.21159630864014772,1.0,0.9595372947697026,1.1421213283523342,0.023686888019244214,0.4432604106591942,0.6610747275963156,ETTm2,raw,30720,30816,raw:30720:4,high,high
5,0.8699415881689075,0.023675499804980012,0.4747212779441644,1.0,0.7432828064008511,1.1421213283523342,0.023686888019244214,0.4561127886393506,0.5889898981400318,ETTm2,raw,30720,30816,raw:30720:5,high,high
6,0.8935743055356756,0.00814072896668006,0.01431219303031263,0.0,0.4940010088762322,1.1421213283523342,0.023686888019244214,0.3053424091775561,0.17256263229849214,ETTm2,raw,30720,30816,raw:30720:6,low,low
0,0.38208560200006314,0.0727446371856271,0.18759385878334284,0.25,0.8268118174790718,1.098781570877923,0.016463595118881166,0.21414136598967767,0.364425137532651,ETTm2,raw,30912,31008,raw:30912:0,low,low
1,0.5647317119657576,0.11450204327687816,0.41603625994993604,0.5,0.8554607113558308,1.098781570877923,0.016463595118881166,0.3650900050641906,0.4573081021582373,ETTm2,raw,30912,31008,raw:30912:1,mid,mid
2,0.0,0.0,0.0,0.0,-0.0,1.098781570877923,0.016463595118881166,0.0,0.005487865039627056,ETTm2,raw,30912,31008,raw:30912:2,low,low
3,0.8676042720094268,0.179154848695582,0.3560234108155407,0.375,0.9024664382147702,1.098781570877923,0.016463595118881166,0.46759417717351653,0.43131001111121714,ETTm2,raw,30912,31008,raw:30912:3,high,mid
4,0.9663272499287254,0.10039548947519544,0.5317723966212841,0.125,0.7806002677046148,1.098781570877923,0.016463595118881166,0.5328317120084017,0.30735462094116534,ETTm2,raw,30912,31008,raw:30912:4,high,low
5,1.0,0.14758503398075817,0.508191890877727,0.125,0.7009044645348441,1.098781570877923,0.016463595118881166,0.551925641619495,0.28078935321790843,ETTm2,raw,30912,31008,raw:30912:5,high,low
6,0.7990213941118179,0.025497778422880917,0.06311183493306285,0.0,0.6210289882835435,1.098781570877923,0.016463595118881166,0.2958770024892539,0.21249752780080822,ETTm2,raw,30912,31008,raw:30912:6,low,low
0,0.714870417565971,0.07782731650922123,0.039722338482869234,0.25,0.798098322414018,1.6838956696328782,0.11398261141550868,0.2774733575193538,0.38736031127650894,ETTm2,raw,31008,31104,raw:31008:0,low,mid
1,0.5606934491756592,0.19137652780255976,0.41510319257220507,0.25,0.914213676758746,1.6838956696328782,0.11398261141550868,0.38905772318347465,0.4260654293914183,ETTm2,raw,31008,31104,raw:31008:1,mid,mid
2,0.0,0.0,0.0,0.0,-0.0,1.6838956696328782,0.11398261141550868,0.0,0.03799420380516956,ETTm2,raw,31008,31104,raw:31008:2,low,low
3,0.44502110360319735,0.2003317835113565,0.5157175648590944,0.375,0.9158901514337251,1.6838956696328782,0.11398261141550868,0.3870234839912161,0.4682909209497446,ETTm2,raw,31008,31104,raw:31008:3,mid,mid
4,0.9980959226177099,0.18982822123300558,0.47559667706775377,0.25,0.8898654455564489,1.6838956696328782,0.11398261141550868,0.5545069403061564,0.4179493523239859,ETTm2,raw,31008,31104,raw:31008:4,high,mid
5,0.8249364325847782,0.19102732174586623,0.029256350108711308,0.25,0.8201992164669097,1.6838956696328782,0.11398261141550868,0.3484067014797852,0.3947272759608062,ETTm2,raw,31008,31104,raw:31008:5,mid,mid
6,0.8770690905809115,0.03374005270753137,0.006081357194964847,0.0,0.5631114406357975,1.6838956696328782,0.11398261141550868,0.3056301668278026,0.2256980173504354,ETTm2,raw,31008,31104,raw:31008:6,low,low
0,0.4192181466582331,0.42685747138841024,0.20003004234145716,0.375,0.8910364993890721,0.9999999900000552,0.0,0.3487018867960335,0.42201216646302403,ETTm2,raw,31104,31200,raw:31104:0,mid,mid
1,0.3507331508236454,0.3390298235594164,0.3221950068305069,0.625,0.9159857674776095,0.9999999900000552,0.0,0.33731932707118956,0.5136619224925365,ETTm2,raw,31104,31200,raw:31104:1,mid,mid
2,0.0,0.0,0.0,0.0,-0.0,0.9999999900000552,0.0,0.0,0.0,ETTm2,raw,31104,31200,raw:31104:2,low,low
3,0.5024645733999524,0.22642797555672053,0.3944097432597373,0.875,0.8433694806792366,0.9999999900000552,0.0,0.3744340974054701,0.5727898268930788,ETTm2,raw,31104,31200,raw:31104:3,mid,high
4,0.9731318312488275,0.23397407183391555,0.12907239109593224,0.875,0.9731825651205417,0.9999999900000552,0.0,0.4453927647262251,0.6160608550401806,ETTm2,raw,31104,31200,raw:31104:4,high,high
5,0.9999993255090522,0.041242651793319485,0.5,0.125,0.8681550774788139,0.9999999900000552,0.0,0.5137473257674573,0.331051692492938,ETTm2,raw,31104,31200,raw:31104:5,high,low
6,0.8776133150737279,0.047476432197536125,0.00270018375770199,0.0,0.5571578051029052,0.9999999900000552,0.0,0.30926331034298865,0.18571926836763508,ETTm2,raw,31104,31200,raw:31104:6,low,low
0,0.8111586033696407,0.07666669331483586,0.3022233052452539,0.125,0.6245538192202417,2.589837840230494,0.26497297293012734,0.39668286730991015,0.3381755973834563,ETTm2,raw,31296,31392,raw:31296:0,mid,low
1,0.6834170811055709,0.2562328016466564,0.5151725533695284,0.25,0.9267896084831148,2.589837840230494,0.26497297293012734,0.4849408120405852,0.4805875271377474,ETTm2,raw,31296,31392,raw:31296:1,high,mid
2,0.0,0.0,0.0,0.0,-0.0,2.589837840230494,0.26497297293012734,0.0,0.08832432431004245,ETTm2,raw,31296,31392,raw:31296:2,low,low
3,0.6005929368005639,0.45861267532038996,0.42282791181889334,0.625,0.8893930448514112,2.589837840230494,0.26497297293012734,0.49401117464661576,0.5931220059271795,ETTm2,raw,31296,31392,raw:31296:3,high,high
4,0.8679835456132567,0.14628560821770453,0.31801537732360685,0.0,0.659955730421833,2.589837840230494,0.26497297293012734,0.44409484371818947,0.30830956778398677,ETTm2,raw,31296,31392,raw:31296:4,high,low
5,0.9999999987413594,0.13042493845519526,0.3510982117051672,0.0,0.8025649822591923,2.589837840230494,0.26497297293012734,0.49384104963390724,0.35584598506310655,ETTm2,raw,31296,31392,raw:31296:5,high,low
6,0.9746160145747889,0.1696299491046459,0.017828578512232747,0.0,0.24326586058670502,2.589837840230494,0.26497297293012734,0.3873581807305558,0.1694129445056108,ETTm2,raw,31296,31392,raw:31296:6,mid,low
0,0.5865227996111517,0.09782188036364964,0.3430373805914077,0.625,0.959181383932151,1.300857705437129,0.0501429508226166,0.34246068685540304,0.5447747782515892,ETTm2,raw,31392,31488,raw:31392:0,mid,mid
1,0.755837012492636,0.1463060328143389,0.4761515567358384,1.0,0.8875651221207741,1.300857705437129,0.0501429508226166,0.4594315340142711,0.6459026909811302,ETTm2,raw,31392,31488,raw:31392:1,high,high
2,0.0,0.0,0.0,0.0,-0.0,1.300857705437129,0.0501429508226166,0.0,0.0167143169408722,ETTm2,raw,31392,31488,raw:31392:2,low,low
3,0.793876128531136,0.13723220240483533,0.46874719866781595,1.0,0.9177769477085946,1.300857705437129,0.0501429508226166,0.46661850986792913,0.6559732995104037,ETTm2,raw,31392,31488,raw:31392:3,high,high
4,0.9326656831575317,0.2979713012787799,0.3830597363425603,1.0,0.8900869586206442,1.300857705437129,0.0501429508226166,0.5378989069262906,0.6467433031477536,ETTm2,raw,31392,31488,raw:31392:4,high,high
5,0.9999999247801636,0.15484784306593252,0.0,0.125,0.790936218924969,1.300857705437129,0.0501429508226166,0.3849492559486987,0.32202638991586185,ETTm2,raw,31392,31488,raw:31392:5,mid,low
6,0.9438016445013555,0.017884762212920798,0.016564877094487684,0.0,0.47064041225566317,1.300857705437129,0.0501429508226166,0.326083761269588,0.17359445435942658,ETTm2,raw,31392,31488,raw:31392:6,mid,low
0,0.999999999999988,0.1481916045025225,0.0,0.25,0.8763320973647919,1.7934023861461823,0.13223373080397416,0.38273053483417013,0.419521942722922,ETTm2,raw,31584,31680,raw:31584:0,mid,mid
1,1.0,0.19085878178928323,0.0,0.125,0.9155259183467185,1.7934023861461823,0.13223373080397416,0.39695292726309445,0.3909198830502308,ETTm2,raw,31584,31680,raw:31584:1,mid,mid
2,0.0,0.0,0.0,0.0,-0.0,1.7934023861461823,0.13223373080397416,0.0,0.044077910267991384,ETTm2,raw,31584,31680,raw:31584:2,low,low
3,0.999999833459774,0.3191027629465427,0.0,1.0,0.9267932830336937,1.7934023861461823,0.13223373080397416,0.43970086546877224,0.6863423379458893,ETTm2,raw,31584,31680,raw:31584:3,high,high
4,0.9999998946110435,0.283435354651572,0.0,0.875,0.9869458128122192,1.7934023861461823,0.13223373080397416,0.42781174975420516,0.6647265145387311,ETTm2,raw,31584,31680,raw:31584:4,high,high
5,0.0,0.05785552851332866,0.0,1.0,0.9452275627759239,1.7934023861461823,0.13223373080397416,0.019285176171109555,0.6924870978599661,ETTm2,raw,31584,31680,raw:31584:5,low,high
6,0.9999999795453353,0.47008436241761214,0.0,0.75,0.9102320247240219,1.7934023861461823,0.13223373080397416,0.49002811398764917,0.5974885851759987,ETTm2,raw,31584,31680,raw:31584:6,high,high
0,0.999999999810581,0.29528505767323,0.0,0.625,0.9456224317172898,1.1166305573316881,0.019438426189550648,0.43176168582793695,0.5300202859689468,ETTm2,raw,31680,31776,raw:31680:0,high,mid
1,0.9999999993360535,0.2891032846660958,0.0,0.625,0.9484672104539588,1.1166305573316881,0.019438426189550648,0.4297010946673831,0.5309685455478365,ETTm2,raw,31680,31776,raw:31680:1,high,mid
2,0.0,0.0,0.0,0.0,-0.0,1.1166305573316881,0.019438426189550648,0.0,0.006479475396516883,ETTm2,raw,31680,31776,raw:31680:2,low,low
3,0.999999966443203,0.23773414154815314,0.0,0.375,0.9430737185808002,1.1166305573316881,0.019438426189550648,0.41257803599711873,0.44583738159011693,ETTm2,raw,31680,31776,raw:31680:3,high,mid
4,0.9999999795601892,0.18403907541397038,0.0,0.75,0.968356309840811,1.1166305573316881,0.019438426189550648,0.3946796849913865,0.5792649120101205,ETTm2,raw,31680,31776,raw:31680:4,mid,high
5,0.9999999215709254,0.11021843481743487,0.0,0.0,0.7972719485775867,1.1166305573316881,0.019438426189550648,0.37007278546278677,0.27223679158904573,ETTm2,raw,31680,31776,raw:31680:5,mid,low
6,0.9999999992553181,0.23860067161367252,0.0,0.875,0.9509419063145653,1.1166305573316881,0.019438426189550648,0.41286689028966356,0.615126777501372,ETTm2,raw,31680,31776,raw:31680:6,high,high
0,0.68583645130051,0.24286369773737454,0.18762709439993389,0.5,0.9145068500168084,2.9643242083173216,0.32738736750724134,0.3721090811459395,0.5806314058413499,ETTm2,raw,31872,31968,raw:31872:0,mid,high
1,0.5875503653266383,0.1932118472219578,0.32240500885440154,0.75,0.8913535588688091,2.9643242083173216,0.32738736750724134,0.3677224071343326,0.6562469754586835,ETTm2,raw,31872,31968,raw:31872:1,mid,high
2,0.0,0.0,0.0,0.0,-0.0,2.9643242083173216,0.32738736750724134,0.0,0.10912912250241379,ETTm2,raw,31872,31968,raw:31872:2,low,low
3,0.6264903727773039,0.17461766952590677,0.2685554435449167,1.0,0.8992467158870691,2.9643242083173216,0.32738736750724134,0.3565544952827091,0.7422113611314368,ETTm2,raw,31872,31968,raw:31872:3,mid,high
4,0.9323000036546628,0.13252806420904195,0.3073532788706867,0.5,0.9608069098509343,2.9643242083173216,0.32738736750724134,0.45739378224479715,0.5960647591193919,ETTm2,raw,31872,31968,raw:31872:4,high,high
5,0.9999999999997866,0.05505746511375475,0.44110720997062164,0.0,0.7064423355642755,2.9643242083173216,0.32738736750724134,0.4987215583613877,0.344609901023839,ETTm2,raw,31872,31968,raw:31872:5,high,low
6,0.8693337409959243,0.017159171298814235,0.006597962236655448,0.0,0.5435835893268455,2.9643242083173216,0.32738736750724134,0.2976969581771313,0.290323652278029,ETTm2,raw,31872,31968,raw:31872:6,low,low
0,0.5105257167697159,0.12122329534099005,0.3650886058133617,1.0,0.8799249273494784,2.6022075023694016,0.267034583283176,0.33227920597468924,0.7156531702108847,ETTm2,raw,31968,32064,raw:31968:0,mid,high
1,0.4124733278186484,0.1860234620421642,0.41833586465123845,0.625,0.90243413397462,2.6022075023694016,0.267034583283176,0.3389442181706837,0.598156239085932,ETTm2,raw,31968,32064,raw:31968:1,mid,high
2,0.0,0.0,0.0,0.0,-0.0,2.6022075023694016,0.267034583283176,0.0,0.08901152776105865,ETTm2,raw,31968,32064,raw:31968:2,low,low
3,0.48098410769655464,0.16996288006738614,0.3628034882584996,0.75,0.9146615150369004,2.6022075023694016,0.267034583283176,0.3379168253408135,0.6438986994400254,ETTm2,raw,31968,32064,raw:31968:3,mid,high
4,0.5689557261398717,0.3903072932804439,0.5877715978787525,1.0,0.887039289954554,2.6022075023694016,0.267034583283176,0.515678205766356,0.7180246244125766,ETTm2,raw,31968,32064,raw:31968:4,high,high
5,0.9999999521897067,0.018175900178142457,0.2501282936513193,0.0,0.6540655884247006,2.6022075023694016,0.267034583283176,0.4227680486730561,0.3070333905692922,ETTm2,raw,31968,32064,raw:31968:5,high,low
6,0.7108025496096823,0.021089655793830497,0.05207183985354169,0.0,0.6143742989302747,2.6022075023694016,0.267034583283176,0.26132134841901816,0.2938029607378169,ETTm2,raw,31968,32064,raw:31968:6,low,low
0,0.0,0.0,0.0,0.0,-0.0,1.0,0.0,0.0,0.0,ETTm2,raw,32064,32160,raw:32064:0,low,low
1,0.0,0.0,0.0,0.0,-0.0,1.0,0.0,0.0,0.0,ETTm2,raw,32064,32160,raw:32064:1,low,low
2,0.0,0.0,0.0,0.0,-0.0,1.0,0.0,0.0,0.0,ETTm2,raw,32064,32160,raw:32064:2,low,low
3,0.0,0.0,0.0,0.0,-0.0,1.0,0.0,0.0,0.0,ETTm2,raw,32064,32160,raw:32064:3,low,low
4,0.0,0.0,0.0,0.0,-0.0,1.0,0.0,0.0,0.0,ETTm2,raw,32064,32160,raw:32064:4,low,low
5,0.0,0.0,0.0,0.0,-0.0,1.0,0.0,0.0,0.0,ETTm2,raw,32064,32160,raw:32064:5,low,low
6,0.0,0.0,0.0,0.0,-0.0,1.0,0.0,0.0,0.0,ETTm2,raw,32064,32160,raw:32064:6,low,low
0,0.7741551061768526,0.15966633759506516,0.16415884647756704,0.125,0.8703064565070804,1.4672826695146424,0.07788044478930632,0.36599343008316154,0.35772896709879554,ETTm2,raw,32256,32352,raw:32256:0,mid,low
1,0.7165596196582651,0.3848993249558324,0.32500053639681376,0.25,0.9739528614231787,1.4672826695146424,0.07788044478930632,0.47548649367030377,0.43394443540416167,ETTm2,raw,32256,32352,raw:32256:1,high,mid
2,0.8647605040343999,0.12935193855798102,0.16356294693177748,0.25,0.8541419739189112,1.4672826695146424,0.07788044478930632,0.3858917965080528,0.39400747290273913,ETTm2,raw,32256,32352,raw:32256:2,mid,mid
3,0.8009990095298807,0.4332186575872555,0.28898799569516187,0.375,0.9756974891365565,1.4672826695146424,0.07788044478930632,0.5077352209374326,0.4761926446419542,ETTm2,raw,32256,32352,raw:32256:3,high,mid
4,0.3086041637615753,0.37092280672634315,0.44885236404405054,1.0,0.9067733881184069,1.4672826695146424,0.07788044478930632,0.37612644484398966,0.6615512776359044,ETTm2,raw,32256,32352,raw:32256:4,mid,high
5,1.0,0.058964284979945894,0.4999999999443593,0.0,0.8105402537743569,1.4672826695146424,0.07788044478930632,0.519654761641435,0.29614023285455443,ETTm2,raw,32256,32352,raw:32256:5,high,low
6,0.8925126405132147,0.015753663412939448,0.013200740219407916,0.0,0.5585742509174438,1.4672826695146424,0.07788044478930632,0.307155681381854,0.2121515652355834,ETTm2,raw,32256,32352,raw:32256:6,low,low
0,0.7770783313615227,0.20373541250294802,0.09635992304042383,0.375,0.9337060300710457,1.9094627277690568,0.15157712104221427,0.3590578889682982,0.48676105037108663,ETTm2,raw,32352,32448,raw:32352:0,mid,mid
1,0.7177281587206866,0.3369314850361389,0.4242772172642919,0.625,0.982379381337803,1.9094627277690568,0.15157712104221427,0.49297895367370587,0.5863188341266724,ETTm2,raw,32352,32448,raw:32352:1,high,high
2,0.8626305417838899,0.18245191551041767,0.1295193836791209,0.375,0.9084906978157704,1.9094627277690568,0.15157712104221427,0.3915339469911428,0.47835593961932826,ETTm2,raw,32352,32448,raw:32352:2,mid,mid
3,0.79717132009894,0.3483631160360683,0.42978645715771596,0.75,0.9877481706180358,1.9094627277690568,0.15157712104221427,0.525106964430908,0.6297750972200834,ETTm2,raw,32352,32448,raw:32352:3,high,high
4,0.22256708495133737,0.3448148944896321,0.42877581276361637,1.0,0.8337864391042933,1.9094627277690568,0.15157712104221427,0.33205259740152865,0.6617878533821692,ETTm2,raw,32352,32448,raw:32352:4,mid,high
5,0.8638264407938736,0.19842191937310452,0.5015089593183327,0.25,0.7106001061420958,1.9094627277690568,0.15157712104221427,0.5212524398284369,0.37072574239477,ETTm2,raw,32352,32448,raw:32352:5,high,mid
6,0.8893239949855123,0.007842992224754326,0.0010736991095960248,0.0,0.5029616638898406,1.9094627277690568,0.15157712104221427,0.2994135621066209,0.21817959497735165,ETTm2,raw,32352,32448,raw:32352:6,low,low
0,0.4080250624659174,0.2126737833371664,0.34416451146380483,1.0,0.8876780606074461,2.7570697010517935,0.292844949687224,0.32162111908896285,0.7268410034315567,ETTm2,raw,32544,32640,raw:32544:0,low,high
1,0.32585574204286305,0.20006848661307858,0.6010577147852681,1.0,0.9755151690155117,2.7570697010517935,0.292844949687224,0.3756606478137366,0.7561200395675786,ETTm2,raw,32544,32640,raw:32544:1,mid,high
2,0.5410462556874653,0.15416295062100602,0.3239661510140425,1.0,0.8723079401151775,2.7570697010517935,0.292844949687224,0.33972511910750464,0.7217176299341338,ETTm2,raw,32544,32640,raw:32544:2,mid,high
3,0.2919725553101631,0.1821158059449064,0.5579227171068059,0.625,0.9610734132036493,2.7570697010517935,0.292844949687224,0.3440036927872918,0.6263061209636245,ETTm2,raw,32544,32640,raw:32544:3,mid,high
4,0.16949890290971537,0.3546158728505049,0.48528876568450113,1.0,0.9279615364944654,2.7570697010517935,0.292844949687224,0.33646784714824046,0.7402688287272299,ETTm2,raw,32544,32640,raw:32544:4,mid,high
5,0.9999999941144778,0.38425530146688547,0.04766821123072558,0.5,0.9115481533448834,2.7570697010517935,0.292844949687224,0.4773078356040297,0.5681310343440358,ETTm2,raw,32544,32640,raw:32544:5,high,high
6,0.9556329196435882,0.38963681551320883,0.05196657434032472,0.0,0.5852566579058311,2.7570697010517935,0.292844949687224,0.4657454364990406,0.29270053586435174,ETTm2,raw,32544,32640,raw:32544:6,high,low
0,0.46406278480425156,0.14514759838579305,0.3355159216465686,1.0,0.9491280209663826,2.9518532889977402,0.3253088809574419,0.3149087682788711,0.7581456339746082,ETTm2,raw,32640,32736,raw:32640:0,low,high
1,0.24432521254266548,0.30636702816794903,0.6198194615871794,1.0,0.9442144426768024,2.9518532889977402,0.3253088809574419,0.390170567432598,0.756507774544748,ETTm2,raw,32640,32736,raw:32640:1,mid,high
2,0.6124680864990304,0.14466355764154423,0.2898115662151632,0.625,0.9152415324330597,2.9518532889977402,0.3253088809574419,0.3489810701185793,0.6218501377968338,ETTm2,raw,32640,32736,raw:32640:2,mid,high
3,0.22141926973039727,0.36503138296166227,0.6016736008078216,0.75,0.9644015259015972,2.9518532889977402,0.3253088809574419,0.3960414178332938,0.6799034689530131,ETTm2,raw,32640,32736,raw:32640:3,mid,high
4,0.715148349030738,0.2438204518641715,0.5133315810139621,1.0,0.7968027700302353,2.9518532889977402,0.3253088809574419,0.4907667939696239,0.7073705503292257,ETTm2,raw,32640,32736,raw:32640:4,high,high
5,0.801966711598499,0.2032084066441509,0.28609936123472657,0.375,0.8979609394273854,2.9518532889977402,0.3253088809574419,0.43042482649245883,0.5327566067949424,ETTm2,raw,32640,32736,raw:32640:5,high,mid
6,0.762021171336443,0.7640561470702669,0.09980534034967926,0.125,0.550798098194056,2.9518532889977402,0.3253088809574419,0.5419608862521297,0.3337023263838326,ETTm2,raw,32640,32736,raw:32640:6,high,low
0,0.6376319960333092,0.24032227308363882,0.3071031852150745,1.0,0.9221979907296401,3.3967981570848864,0.39946635884837045,0.39501915144400757,0.7738881165260035,ETTm2,raw,32736,32832,raw:32736:0,mid,high
1,0.3725350658744776,0.26484755401295124,0.48918671104627437,1.0,0.8162489835116087,3.3967981570848864,0.39946635884837045,0.3755231103112344,0.7385717807866596,ETTm2,raw,32736,32832,raw:32736:1,mid,high
2,0.6904026741892854,0.1685269954185024,0.12072357506364687,0.75,0.9219538953520888,3.3967981570848864,0.39946635884837045,0.32655108155714485,0.6904734180668197,ETTm2,raw,32736,32832,raw:32736:2,mid,high
3,0.47515772485038654,0.36744004649472695,0.42141591928835487,1.0,0.8251184194506058,3.3967981570848864,0.39946635884837045,0.4213378968778228,0.7415282594329922,ETTm2,raw,32736,32832,raw:32736:3,high,high
4,0.6251176567509886,0.12284287183127915,0.4891288248751005,1.0,0.8147763082092766,3.3967981570848864,0.39946635884837045,0.41236311781912277,0.7380808890192156,ETTm2,raw,32736,32832,raw:32736:4,high,high
5,0.9638258438785546,0.5468828682128619,0.4782895202917973,0.5,0.8973065604762358,3.3967981570848864,0.39946635884837045,0.6629994107944047,0.5989243064415354,ETTm2,raw,32736,32832,raw:32736:5,high,high
6,0.9650467228987385,0.006486905822194975,0.003788146629601837,0.0,0.5128915900170697,3.3967981570848864,0.39946635884837045,0.32510725845017846,0.30411931628848005,ETTm2,raw,32736,32832,raw:32736:6,mid,low
0,0.7727503835020513,0.22960386589439655,0.22071921342976925,0.875,0.9592101160958962,3.6870295368697734,0.44783825539856514,0.40769115427540575,0.7606827904981538,ETTm2,raw,32928,33024,raw:32928:0,high,high
1,0.6492906767149168,0.30015177360750234,0.40942787619733906,1.0,0.9441014833633562,3.6870295368697734,0.44783825539856514,0.45295677550658603,0.7973132462539739,ETTm2,raw,32928,33024,raw:32928:1,high,high
2,0.9352190576399411,0.30331363956941726,0.3759079994332925,0.875,0.9645114982271564,3.6870295368697734,0.44783825539856514,0.5381468988808836,0.7624499178752405,ETTm2,raw,32928,33024,raw:32928:2,high,high
3,0.7156353775279707,0.13604028894716036,0.5009616401783518,1.0,0.9046644598026837,3.6870295368697734,0.44783825539856514,0.45087910221782757,0.7841675717337496,ETTm2,raw,32928,33024,raw:32928:3,high,high
4,0.22628303415604967,0.23374877547934667,0.49618404920194487,0.75,0.9628145296385258,3.6870295368697734,0.44783825539856514,0.3187386196124471,0.7202175950123637,ETTm2,raw,32928,33024,raw:32928:4,low,high
5,0.703704330274546,0.27489908639752425,0.3555793814381332,0.875,0.9216147471596925,3.6870295368697734,0.44783825539856514,0.44472759937006784,0.7481510008527525,ETTm2,raw,32928,33024,raw:32928:5,high,high
6,0.9024365625059273,0.012909803403369412,0.0027964067385871146,0.0,0.5129281333724134,3.6870295368697734,0.44783825539856514,0.30604759088262795,0.32025546292365953,ETTm2,raw,32928,33024,raw:32928:6,low,low
0,0.351517458872471,0.21475383600085435,0.41741693097024446,0.5,0.9564724173255172,2.0088078001634884,0.168134633080357,0.3278960752811899,0.5415356834686248,ETTm2,raw,33024,33120,raw:33024:0,mid,mid
1,0.43634157740893775,0.1076372360671416,0.4454564790296202,0.625,0.958430805492577,2.0088078001634884,0.168134633080357,0.3298117641685665,0.583855146190978,ETTm2,raw,33024,33120,raw:33024:1,mid,high
2,0.7431696704577158,0.4333613261241905,0.0465274790539062,1.0,0.9103920432590874,2.0088078001634884,0.168134633080357,0.40768615854527085,0.6928422254464813,ETTm2,raw,33024,33120,raw:33024:2,high,high
3,0.32719039217190815,0.08663446272984887,0.25034075968352404,0.75,0.8634357435586932,2.0088078001634884,0.168134633080357,0.22138853819509366,0.5938567922130168,ETTm2,raw,33024,33120,raw:33024:3,low,high
4,0.03123488534144858,0.16575177235865765,0.4835262967927768,0.5,0.8981756755786658,2.0088078001634884,0.168134633080357,0.2268376514976277,0.5221034362196743,ETTm2,raw,33024,33120,raw:33024:4,low,mid
5,1.0,0.17179603614382882,0.0007362560849673021,0.25,0.8915572616494238,2.0088078001634884,0.168134633080357,0.39084409740959875,0.43656396490992694,ETTm2,raw,33024,33120,raw:33024:5,mid,mid
6,0.6006747537294981,0.0181195484055843,0.062384509167679084,0.0,0.2763850437736518,2.0088078001634884,0.168134633080357,0.22705960376758716,0.14817322561800295,ETTm2,raw,33024,33120,raw:33024:6,low,low
0,0.6807263519927749,0.3296006149622015,0.1696097127705721,1.0,0.9805774576781235,0.9999999900000446,0.0,0.3933122265751828,0.6601924858927078,ETTm2,raw,33216,33312,raw:33216:0,mid,high
1,0.41639428855590377,0.2266928954588475,0.37784795222154616,0.875,0.9684404741948494,0.9999999900000446,0.0,0.3403117120787658,0.6144801580649498,ETTm2,raw,33216,33312,raw:33216:1,mid,high
2,0.784271758306552,0.32847055370360023,0.07049547893755925,1.0,0.9760091463309988,0.9999999900000446,0.0,0.3944125969825705,0.6586697154436663,ETTm2,raw,33216,33312,raw:33216:2,mid,high
3,0.4911111993710442,0.33679831095059326,0.281966420858531,1.0,0.9262366833733942,0.9999999900000446,0.0,0.3699586437267228,0.6420788944577981,ETTm2,raw,33216,33312,raw:33216:3,mid,high
4,0.3113023250157948,0.2508947792716685,0.4646663156578809,1.0,0.8632789270588652,0.9999999900000446,0.0,0.34228780664844805,0.6210929756862884,ETTm2,raw,33216,33312,raw:33216:4,mid,high
5,0.9999999893026743,0.15116177412273019,0.3853871935942805,0.75,0.9310524530421422,0.9999999900000446,0.0,0.5121829856732284,0.560350817680714,ETTm2,raw,33216,33312,raw:33216:5,high,high
6,0.856299285752375,0.021986725211151595,0.0382137000860319,0.0,0.5465522253865043,0.9999999900000446,0.0,0.3054999036831862,0.18218407512883475,ETTm2,raw,33216,33312,raw:33216:6,low,low
0,0.9087810209170362,0.11469455543716382,0.030178338101750895,0.0,0.5479787697518905,0.9999999900000011,0.0,0.35121797148531697,0.18265958991729683,ETTm2,raw,33312,33408,raw:33312:0,mid,low
1,0.9999999985857329,0.08183044979265991,0.0,0.0,0.5371367570430742,0.9999999900000011,0.0,0.36061014945946424,0.17904558568102472,ETTm2,raw,33312,33408,raw:33312:1,mid,low
2,0.8653822120770842,0.12151057203245186,0.06662432297663091,0.0,0.5867196860956512,0.9999999900000011,0.0,0.35117236902872234,0.1955732286985504,ETTm2,raw,33312,33408,raw:33312:2,mid,low
3,0.8440631262264253,0.1276256160752481,0.08867265451567946,0.125,0.5103973098204576,0.9999999900000011,0.0,0.3534537989391176,0.21179910327348586,ETTm2,raw,33312,33408,raw:33312:3,mid,low
4,0.4726125261465076,0.3954083086614466,0.5115912157942428,1.0,0.9379180075645748,0.9999999900000011,0.0,0.4598706835340656,0.6459726691881916,ETTm2,raw,33312,33408,raw:33312:4,high,high
5,0.9999999947738908,0.27574905390015847,0.7399337423802697,0.375,0.9585328073777053,0.9999999900000011,0.0,0.671894263684773,0.44451093579256845,ETTm2,raw,33312,33408,raw:33312:5,high,mid
6,2.169903410065288e-06,0.11358928849915366,0.2984061606582516,0.0,0.6981316930907255,0.9999999900000011,0.0,0.13733253968693845,0.23271056436357518,ETTm2,raw,33312,33408,raw:33312:6,low,low
0,0.6720195326105121,0.1903175682733399,0.10935793925006324,0.75,0.9479258979704215,3.1325063082744484,0.3554177174533785,0.3238983467113051,0.6844478718079333,ETTm2,raw,33504,33600,raw:33504:0,low,high
1,0.5327567790760918,0.14291228442023723,0.49135353401975707,1.0,0.9626822744746933,3.1325063082744484,0.3554177174533785,0.38900753250536196,0.7726999973093572,ETTm2,raw,33504,33600,raw:33504:1,mid,high
2,0.8286373397359669,0.1420223551904477,0.0945133566004421,0.375,0.924381074401851,3.1325063082744484,0.3554177174533785,0.3550576838422856,0.5515995972850766,ETTm2,raw,33504,33600,raw:33504:2,mid,mid
3,0.6725336506134163,0.18919118393046053,0.4656862437470055,0.5,0.8907854014213913,3.1325063082744484,0.3554177174533785,0.4424703594302941,0.58206770629159,ETTm2,raw,33504,33600,raw:33504:3,high,high
4,0.1983081129833888,0.24182760708852735,0.44965836150289284,0.625,0.896717495819695,3.1325063082744484,0.3554177174533785,0.296598027191603,0.6257117377576912,ETTm2,raw,33504,33600,raw:33504:4,low,high
5,0.8500634479014832,0.44269695462559366,0.4501746908080019,0.375,0.9814622244767036,3.1325063082744484,0.3554177174533785,0.5809783644450263,0.5706266473100273,ETTm2,raw,33504,33600,raw:33504:5,high,high
6,0.8460152762864119,0.013164251026718834,0.06128652210919076,0.0,0.47080502472625874,3.1325063082744484,0.3554177174533785,0.3068220164741072,0.27540758072654575,ETTm2,raw,33504,33600,raw:33504:6,low,low
0,0.8320029659246336,0.1818393282612912,0.34083638178345993,0.625,0.9097174500896799,2.5358199042148954,0.25596998360919926,0.4515595586564616,0.5968958112329598,ETTm2,raw,33600,33696,raw:33600:0,high,high
1,0.6137740507857563,0.2597203600357037,0.3722912322478274,0.25,0.8232974193985192,2.5358199042148954,0.25596998360919926,0.41526188102309575,0.4430891343359062,ETTm2,raw,33600,33696,raw:33600:1,high,mid
2,0.7426692334469246,0.29746909885578754,0.2594253645487107,0.125,0.8655928340324922,2.5358199042148954,0.25596998360919926,0.43318789895047427,0.41552093921389716,ETTm2,raw,33600,33696,raw:33600:2,high,mid
3,0.7363508917705364,0.5615452275564375,0.44805977995515067,0.125,0.784504609896945,2.5358199042148954,0.25596998360919926,0.5819852997607081,0.38849153116871477,ETTm2,raw,33600,33696,raw:33600:3,high,mid
4,0.06025409414779603,0.11144923608420607,0.25761621387760153,0.125,0.8139454514293719,2.5358199042148954,0.25596998360919926,0.1431065147032012,0.398305145012857,ETTm2,raw,33600,33696,raw:33600:4,low,mid
5,0.6433253324267307,0.18839338520392057,0.1637076029617898,0.25,0.9349230922878835,2.5358199042148954,0.25596998360919926,0.33180877353081367,0.4802976919656943,ETTm2,raw,33600,33696,raw:33600:5,mid,mid
6,0.8250469321789748,0.05275065693919303,0.020897132013928836,0.0,0.5594353765812388,2.5358199042148954,0.25596998360919926,0.2995649070440322,0.27180178673014604,ETTm2,raw,33600,33696,raw:33600:6,low,low
0,0.7667461296744711,0.25083392303262825,0.2783204423100455,0.75,0.9013095997947742,1.5938998946234058,0.09898331560559544,0.43196683167238153,0.5834309718001233,ETTm2,raw,33696,33792,raw:33696:0,high,high
1,0.4308340021789483,0.15500535430752266,0.384849412340495,0.5,0.9404728823677239,1.5938998946234058,0.09898331560559544,0.32356292294232203,0.5131520659911065,ETTm2,raw,33696,33792,raw:33696:1,low,mid
2,0.7717834422450611,0.21752474804570177,0.15274125285384196,0.625,0.9590113160578914,1.5938998946234058,0.09898331560559544,0.3806831477148683,0.5609982105544956,ETTm2,raw,33696,33792,raw:33696:2,mid,high
3,0.4866181661972475,0.30560266642147726,0.3811238976186515,0.75,0.9192258028119314,1.5938998946234058,0.09898331560559544,0.3911149100791254,0.589403039472509,ETTm2,raw,33696,33792,raw:33696:3,mid,high
4,0.6671279794567372,0.2164102081468453,0.4857861644753593,0.125,0.736407362808522,1.5938998946234058,0.09898331560559544,0.4564414506929806,0.32013022613803915,ETTm2,raw,33696,33792,raw:33696:4,high,low
5,0.9999999599676427,0.30731814115017525,0.0,0.0,0.8088561501559495,1.5938998946234058,0.09898331560559544,0.43577270037260596,0.3026131552538483,ETTm2,raw,33696,33792,raw:33696:5,high,low
6,0.8740533187047828,0.009021194029972366,0.00482708545582611,0.0,0.522935725798389,1.5938998946234058,0.09898331560559544,0.2959671993968604,0.20730634713466148,ETTm2,raw,33696,33792,raw:33696:6,low,low
0,0.6662690420262747,0.10059407505673512,0.3638256606008123,1.0,0.9380293890595341,0.9999999900000687,0.0,0.37689625922794073,0.646009796353178,ETTm2,raw,33888,33984,raw:33888:0,mid,high
1,0.6000364298706209,0.3777702302902708,0.6493328140896143,0.875,0.9498046419572292,0.9999999900000687,0.0,0.5423798247501687,0.608268213985743,ETTm2,raw,33888,33984,raw:33888:1,high,high
2,0.8075697229349733,0.22845775536991572,0.19254798553754876,1.0,0.9824124133285933,0.9999999900000687,0.0,0.4095251546141459,0.6608041377761977,ETTm2,raw,33888,33984,raw:33888:2,high,high
3,0.6403991971833829,0.32375855980942364,0.37098887212814635,0.5,0.8786913132226107,0.9999999900000687,0.0,0.44504887637365104,0.4595637710742036,ETTm2,raw,33888,33984,raw:33888:3,high,mid
4,0.011200004130236918,0.1630236667296819,0.12733972624943649,0.0,0.7345444522977556,0.9999999900000687,0.0,0.1005211323697851,0.2448481507659185,ETTm2,raw,33888,33984,raw:33888:4,low,low
5,0.0,0.262055358719851,0.40789283250344943,0.375,0.9624309816573249,0.9999999900000687,0.0,0.22331606374110013,0.4458103272191083,ETTm2,raw,33888,33984,raw:33888:5,low,mid
6,0.7961884028847455,0.01940701063690945,0.3125215251599842,0.125,0.5642562342471704,0.9999999900000687,0.0,0.3760389795605463,0.22975207808239015,ETTm2,raw,33888,33984,raw:33888:6,mid,low
0,0.7803531933991528,0.37891883725820275,0.1376632007258627,1.0,0.9440339297197504,0.9999999900000265,0.0,0.432311743794406,0.6480113099065835,ETTm2,raw,33984,34080,raw:33984:0,high,high
1,0.444932229082316,0.35331281403754355,0.4060130234226741,1.0,0.981258588157179,0.9999999900000265,0.0,0.40141935551417784,0.6604195293857263,ETTm2,raw,33984,34080,raw:33984:1,mid,high
2,0.7948906446976086,0.3341204170990767,0.052517109090014225,0.375,0.9324272599372591,0.9999999900000265,0.0,0.3938427236288999,0.43580908664575296,ETTm2,raw,33984,34080,raw:33984:2,mid,mid
3,0.6491093293866446,0.21269543726222886,0.22845762372189393,1.0,0.9227193990374536,0.9999999900000265,0.0,0.3634207967902558,0.6409064663458178,ETTm2,raw,33984,34080,raw:33984:3,mid,high
4,0.047951211354199,0.2137101794396422,0.5347559475111032,0.625,0.9350860968405061,0.9999999900000265,0.0,0.26547244610164816,0.5200286989468353,ETTm2,raw,33984,34080,raw:33984:4,low,mid
5,0.0,0.2705288112869597,0.5,1.0,0.8598421297125403,0.9999999900000265,0.0,0.25684293709565326,0.6199473765708468,ETTm2,raw,33984,34080,raw:33984:5,low,high
6,0.9537528983513276,0.013235481354862083,0.0449226237635069,0.0,0.5024838291382838,0.9999999900000265,0.0,0.3373036678232322,0.16749460971276128,ETTm2,raw,33984,34080,raw:33984:6,mid,low
0,0.8002288980650617,0.660023588687582,0.11787964224337989,0.5,0.8656398262345044,2.621991387582379,0.2703318974798433,0.5260440429986745,0.5453239079047826,ETTm2,raw,34176,34272,raw:34176:0,high,mid
1,0.5964930877896559,0.29716489093390197,0.5870831905560661,0.0,0.6896631405653173,2.621991387582379,0.2703318974798433,0.49358038975987467,0.31999834601505356,ETTm2,raw,34176,34272,raw:34176:1,high,low
2,0.8608237275835344,0.28281905579896044,0.0897041547621647,0.25,0.843283678434192,2.621991387582379,0.2703318974798433,0.4111156460482199,0.4545385253046785,ETTm2,raw,34176,34272,raw:34176:2,high,mid
3,0.7267696049265864,0.722095580140244,0.5356585511244719,0.0,0.8277197289791266,2.621991387582379,0.2703318974798433,0.6615079120637675,0.36601720881965666,ETTm2,raw,34176,34272,raw:34176:3,high,low
4,0.854770051435157,0.11290462683152168,0.5066720587768878,0.25,0.7787940551140929,2.621991387582379,0.2703318974798433,0.49144891234785554,0.43304198419797874,ETTm2,raw,34176,34272,raw:34176:4,high,mid
5,0.1253732928564263,0.13922744336819654,0.16249312036367122,0.0,0.6044644517156811,2.621991387582379,0.2703318974798433,0.14236461886276466,0.2915987830651748,ETTm2,raw,34176,34272,raw:34176:5,low,low
6,0.9263949821850141,0.049123804653057636,0.0024043511829955904,0.125,0.6647062664388007,2.621991387582379,0.2703318974798433,0.32597437934035584,0.353346054639548,ETTm2,raw,34176,34272,raw:34176:6,mid,low
0,0.7402141750672336,0.2506979929923883,0.4368365979499705,0.25,0.9171213361205165,3.0153051648474833,0.3358841935814402,0.4759162553365308,0.5010018432339857,ETTm2,raw,34272,34368,raw:34272:0,high,mid
1,0.2444673501839133,0.2012639177029109,0.5215237217698144,0.75,0.9265950542605514,3.0153051648474833,0.3358841935814402,0.32241832988554625,0.6708264159473306,ETTm2,raw,34272,34368,raw:34272:1,low,high
2,0.8245409144164237,0.1144653389431999,0.07196898819858293,0.875,0.9866588828212436,3.0153051648474833,0.3358841935814402,0.33699174718606884,0.7325143588008945,ETTm2,raw,34272,34368,raw:34272:2,mid,high
3,0.7784680337095876,0.24056229648398517,0.44927496316680726,0.875,0.9651881969946476,3.0153051648474833,0.3358841935814402,0.48943509778679334,0.7253574635253627,ETTm2,raw,34272,34368,raw:34272:3,high,high
4,0.7897491374161923,0.21693190090786746,0.23883189537327512,0.25,0.879619481692587,3.0153051648474833,0.3358841935814402,0.41517097789911167,0.4885012250913425,ETTm2,raw,34272,34368,raw:34272:4,high,mid
5,0.9199508350270933,0.4910568901950929,0.48336052237975047,0.625,0.9496054458250927,3.0153051648474833,0.3358841935814402,0.6314560825339789,0.6368298798021776,ETTm2,raw,34272,34368,raw:34272:5,high,high
6,0.9418299160245919,0.24635103963221883,0.9189658752293737,0.125,0.5403197869458916,3.0153051648474833,0.3358841935814402,0.7023822769620613,0.3337346601757773,ETTm2,raw,34272,34368,raw:34272:6,high,low
0,0.7915335169102298,0.3324354347960138,0.13829615279614615,1.0,0.9522834732208683,3.2958330707334462,0.38263884448450963,0.42075503483412996,0.7783074392351259,ETTm2,raw,34368,34464,raw:34368:0,high,high
1,0.4274920677385783,0.18623360048312382,0.4131622327661578,1.0,0.9534374234468244,3.2958330707334462,0.38263884448450963,0.34229596699595327,0.7786920893104446,ETTm2,raw,34368,34464,raw:34368:1,mid,high
2,0.8619493619238354,0.2043961589421296,0.04281877469532598,0.5,0.9847914911880894,3.2958330707334462,0.38263884448450963,0.36972143185376366,0.622476778557533,ETTm2,raw,34368,34464,raw:34368:2,mid,high
3,0.5711618015619685,0.10637033589819378,0.39234648232727976,1.0,0.9038708751012386,3.2958330707334462,0.38263884448450963,0.35662620659581395,0.7621699065285826,ETTm2,raw,34368,34464,raw:34368:3,mid,high
4,0.16472783160861348,0.3406210606885577,0.4462707708484134,1.0,0.9366312122750798,3.2958330707334462,0.38263884448450963,0.3172065543818615,0.7730900189198632,ETTm2,raw,34368,34464,raw:34368:4,low,high
5,0.9585740786789205,0.31541568760519434,0.24819132843700917,0.5,0.9200340974389241,3.2958330707334462,0.38263884448450963,0.5073936982403747,0.6008909806411445,ETTm2,raw,34368,34464,raw:34368:5,high,high
6,0.870646815644182,0.023997954643121232,0.010233061782982293,0.0,0.48139980466120846,3.2958330707334462,0.38263884448450963,0.3016259440234285,0.2880128830485727,ETTm2,raw,34368,34464,raw:34368:6,low,low
0,0.6747018010064392,0.18447497809090624,0.06985400632055797,0.875,0.9869676696031913,3.2760199910714665,0.37933666454634996,0.30967692847263445,0.7471014447165137,ETTm2,raw,34560,34656,raw:34560:0,low,high
1,0.3306670002035734,0.1589131746856512,0.3502529349460439,0.875,0.9707753814087602,3.2760199910714665,0.37933666454634996,0.2799443699450895,0.74170401531837,ETTm2,raw,34560,34656,raw:34560:1,low,high
2,0.7579145366779478,0.14966909394539085,0.07032593960952158,0.625,0.9923686587335886,3.2760199910714665,0.37933666454634996,0.32596985674428675,0.6655684410933128,ETTm2,raw,34560,34656,raw:34560:2,mid,high
3,0.5538330873385121,0.2426270842812866,0.3608357514030608,0.875,0.9076616742222055,3.2760199910714665,0.37933666454634996,0.38576530767428646,0.7206661129228519,ETTm2,raw,34560,34656,raw:34560:3,mid,high
4,0.5179735502438317,0.18362063763984415,0.3931314602085656,0.0,0.7940317114444083,3.2760199910714665,0.37933666454634996,0.3649085493640805,0.3911227919969194,ETTm2,raw,34560,34656,raw:34560:4,mid,mid
5,0.8997122524912142,0.10606499088889626,0.003014484827556788,0.125,0.7118582566042999,3.2760199910714665,0.37933666454634996,0.33626390940255574,0.40539830705021657,ETTm2,raw,34560,34656,raw:34560:5,mid,mid
6,0.7649519476713826,0.010696007743885644,0.012579342329202145,0.0,0.48346958702289977,3.2760199910714665,0.37933666454634996,0.26274243258149016,0.28760208385641656,ETTm2,raw,34560,34656,raw:34560:6,low,low
0,0.847693860057885,0.35070688948372486,0.07052557113677556,1.0,0.9085462564304768,3.533655725220822,0.4222759534996771,0.42297544022612854,0.7769407366433846,ETTm2,raw,34656,34752,raw:34656:0,high,high
1,0.5502664175960013,0.20565988929229673,0.2035756252995455,0.625,0.97646534585754,3.533655725220822,0.4222759534996771,0.3198339773959478,0.6745804331190723,ETTm2,raw,34656,34752,raw:34656:1,low,high
2,0.8600297682459421,0.27392237590961066,0.031550154031458055,0.5,0.9908899104158985,3.533655725220822,0.4222759534996771,0.3885007660623369,0.6377219546385252,ETTm2,raw,34656,34752,raw:34656:2,mid,high
3,0.42346699367663354,0.22178726140992833,0.3318907660645168,0.75,0.9593859631116796,3.533655725220822,0.4222759534996771,0.32571500705035955,0.7105539722037855,ETTm2,raw,34656,34752,raw:34656:3,mid,high
4,0.5589450806849872,0.16143176116100527,0.6256686505388254,0.875,0.8831843040065277,3.533655725220822,0.4222759534996771,0.44868183079493923,0.7268200858354016,ETTm2,raw,34656,34752,raw:34656:4,high,high
5,0.801025302600811,0.2097364214715005,0.260885932246307,0.0,0.7427826496483722,3.533655725220822,0.4222759534996771,0.4238825521062062,0.3883528677160164,ETTm2,raw,34656,34752,raw:34656:5,high,mid
6,0.9201686824470517,0.007652053717677918,0.07753913553502673,0.0,0.5394200411705039,3.533655725220822,0.4222759534996771,0.33511995723325216,0.320565331556727,ETTm2,raw,34656,34752,raw:34656:6,mid,low
0,0.6668351679627645,0.4234774346109359,0.364256364836113,0.5,0.9431146096626102,2.6765366639029042,0.27942277685144606,0.4848563224699378,0.5741791288380188,ETTm2,raw,34848,34944,raw:34848:0,high,high
1,0.3882035090681931,0.5114772250089347,0.546517652478269,0.25,0.8976361689463542,2.6765366639029042,0.27942277685144606,0.48206612885179895,0.4756863152659334,ETTm2,raw,34848,34944,raw:34848:1,high,mid
2,0.7618400752430704,0.27900227797756005,0.054726957416665216,0.625,0.9788614996004347,2.6765366639029042,0.27942277685144606,0.3651897702124319,0.6277614254839602,ETTm2,raw,34848,34944,raw:34848:2,mid,high
3,0.38814293671747546,0.2845079686949231,0.5816827264024027,0.625,0.945521553294793,2.6765366639029042,0.27942277685144606,0.4181112106049338,0.6166481100487463,ETTm2,raw,34848,34944,raw:34848:3,high,high
4,0.21407108025566934,0.271365893847639,0.370839672864128,0.5,0.9442123816979948,2.6765366639029042,0.27942277685144606,0.28542554898914546,0.5745450528498136,ETTm2,raw,34848,34944,raw:34848:4,low,high
5,0.5771858726340133,0.1486299360786287,0.45711867691187796,0.25,0.8286667495740409,2.6765366639029042,0.27942277685144606,0.3943114952081734,0.4526965088084956,ETTm2,raw,34848,34944,raw:34848:5,mid,mid
6,0.9170619147346599,0.010752397038848319,0.00882589072624965,0.0,0.5137539721092561,2.6765366639029042,0.27942277685144606,0.3122134008332526,0.2643922496535674,ETTm2,raw,34848,34944,raw:34848:6,low,low
0,0.3437208323706792,0.247583697982023,0.35498489912185366,0.875,0.9321652806038971,2.8554314368940044,0.3092385723002698,0.31542980982485197,0.7054679509680556,ETTm2,raw,34944,35040,raw:34944:0,low,high
1,0.4202333654625521,0.21068191415105547,0.6433463094029697,0.5,0.9358543583770326,2.8554314368940044,0.3092385723002698,0.4247538630055257,0.5816976435591007,ETTm2,raw,34944,35040,raw:34944:1,high,high
2,0.7825906485261946,0.33639211411724196,0.071592927925289,1.0,0.9823541401457896,2.8554314368940044,0.3092385723002698,0.3968585635229085,0.7638642374820198,ETTm2,raw,34944,35040,raw:34944:2,mid,high
3,0.5505287504838038,0.27305892526159226,0.2775223621134729,1.0,0.9669003301446837,2.8554314368940044,0.3092385723002698,0.36703667928628964,0.7587129674816512,ETTm2,raw,34944,35040,raw:34944:3,mid,high
4,0.32251314571324907,0.38970856851362123,0.3610877746792484,1.0,0.9146608620055439,2.8554314368940044,0.3092385723002698,0.3577698296353729,0.7412998114352712,ETTm2,raw,34944,35040,raw:34944:4,mid,high
5,0.7051583042818887,0.20333328768234138,0.0805484937772713,0.125,0.8638178489314425,2.8554314368940044,0.3092385723002698,0.32968002858050044,0.4326854737439041,ETTm2,raw,34944,35040,raw:34944:5,mid,mid
6,0.9260278912328467,0.08154562676112513,0.509037625208399,0.25,0.3304324045099326,2.8554314368940044,0.3092385723002698,0.5055370477341236,0.2965569922700675,ETTm2,raw,34944,35040,raw:34944:6,high,low
0,0.5957491420967432,0.5497566167540205,0.37242380992178725,0.625,0.8401423385330735,3.202634593587874,0.36710576498613606,0.5059765229241836,0.6107493678397365,ETTm2,raw,35136,35232,raw:35136:0,high,high
1,0.2905627572535794,0.15110063237764662,0.17142422980043517,0.5,0.9178558807308269,3.202634593587874,0.36710576498613606,0.20436253981055372,0.5949872152389876,ETTm2,raw,35136,35232,raw:35136:1,low,high
2,0.43686425714985333,0.24672085167343255,0.4917034410478401,0.625,0.9156136871354401,3.202634593587874,0.36710576498613606,0.39176284995704197,0.6359064840405254,ETTm2,raw,35136,35232,raw:35136:2,mid,high
3,0.583178954550579,0.25048300590311484,0.29033201287852134,1.0,0.906403572698058,3.202634593587874,0.36710576498613606,0.3746646577774051,0.7578364458947314,ETTm2,raw,35136,35232,raw:35136:3,mid,high
4,0.3481217944888856,0.3072285890477088,0.15849625754952168,0.625,0.8776459083243868,3.202634593587874,0.36710576498613606,0.27128221369537203,0.6232505577701742,ETTm2,raw,35136,35232,raw:35136:4,low,high
5,0.5977939088756362,0.10864436164568618,0.02911026866794066,0.125,0.6600824487157256,3.202634593587874,0.36710576498613606,0.245182846396421,0.38406273790062057,ETTm2,raw,35136,35232,raw:35136:5,low,mid
6,0.43002565756421174,0.19435049833809562,0.04710391094925408,0.0,0.6777304008912012,3.202634593587874,0.36710576498613606,0.22382668895052046,0.3482787219591124,ETTm2,raw,35136,35232,raw:35136:6,low,low
0,0.8483846589110524,0.3743612486898149,0.20389538789745273,0.75,0.9153009431269112,0.9999999900000138,0.0,0.47554709849944005,0.5551003143756371,ETTm2,raw,35232,35328,raw:35232:0,high,mid
1,0.8741230124983045,0.22614555638781667,0.5342479454916432,0.75,0.9197864764672613,0.9999999900000138,0.0,0.5448388381259215,0.5565954921557538,ETTm2,raw,35232,35328,raw:35232:1,high,mid
2,0.9023252584959272,0.17833986153197207,0.22050580680834383,0.875,0.7941333956633971,0.9999999900000138,0.0,0.43372364227874766,0.5563777985544657,ETTm2,raw,35232,35328,raw:35232:2,high,mid
3,0.8263235128018441,0.18674813637623028,0.5588418625308471,1.0,0.9351449002253329,0.9999999900000138,0.0,0.5239711705696405,0.6450483000751109,ETTm2,raw,35232,35328,raw:35232:3,high,high
4,0.6024572089530044,0.22431964511045252,0.6235670525091126,0.125,0.8295478893526279,0.9999999900000138,0.0,0.4834479688575232,0.3181826297842093,ETTm2,raw,35232,35328,raw:35232:4,high,low
5,0.9999999917926212,0.13280979587500158,0.5,0.125,0.8939489226531829,0.9999999900000138,0.0,0.5442699292225409,0.3396496408843943,ETTm2,raw,35232,35328,raw:35232:5,high,low
6,0.9807560851310478,0.01292825895826395,0.03890623301980431,0.0,0.39739987695837997,0.9999999900000138,0.0,0.34419685903637204,0.13246662565279332,ETTm2,raw,35232,35328,raw:35232:6,mid,low
0,0.5702800402563333,0.18499720576079115,0.16614162788883355,0.625,0.9530544471130353,2.7357551766019856,0.2892925289515101,0.30713962463531935,0.6224489920215152,ETTm2,raw,35328,35424,raw:35328:0,low,high
1,0.6747809964975148,0.298134006336668,0.14258226957111048,0.5,0.9494227242198794,2.7357551766019856,0.2892925289515101,0.3718324241350977,0.5795717510571298,ETTm2,raw,35328,35424,raw:35328:1,mid,high
2,0.5643638088275942,0.11598915512153757,0.14274085750382665,0.375,0.8227158786570615,2.7357551766019856,0.2892925289515101,0.27436460715098615,0.49566946920285715,ETTm2,raw,35328,35424,raw:35328:2,low,mid
3,0.8394011929033648,0.48018976997786483,0.32014404043294226,0.375,0.9078330206311161,2.7357551766019856,0.2892925289515101,0.5465783344380574,0.5240418498608753,ETTm2,raw,35328,35424,raw:35328:3,high,mid
4,0.1537830776875143,0.1242644100134519,0.473659321912086,0.75,0.9756816827487057,2.7357551766019856,0.2892925289515101,0.25056893653768403,0.6716580705667387,ETTm2,raw,35328,35424,raw:35328:4,low,high
5,0.8856208171198996,0.17660567382529993,0.029462124831940713,0.125,0.7277424504617641,2.7357551766019856,0.2892925289515101,0.3638962052590467,0.3806783264710914,ETTm2,raw,35328,35424,raw:35328:5,mid,mid
6,0.9520539285253045,0.007606327530045036,0.01358961611783343,0.0,0.5072940836513306,2.7357551766019856,0.2892925289515101,0.32441662405772764,0.26552887086761356,ETTm2,raw,35328,35424,raw:35328:6,mid,low
0,0.8294599600008324,0.3091605149974501,0.05305504965012535,0.625,0.9241800153672849,1.7705654187552853,0.1284275695785016,0.3972251748828026,0.5592025283152622,ETTm2,raw,35520,35616,raw:35520:0,mid,high
1,0.719373708794651,0.20557235428095938,0.2578257567860174,1.0,0.9592926885491194,1.7705654187552853,0.1284275695785016,0.3942572732872092,0.695906752709207,ETTm2,raw,35520,35616,raw:35520:1,mid,high
2,0.9367157306143686,0.14225888444774926,0.03556675846894052,0.5,0.8985435417219045,1.7705654187552853,0.1284275695785016,0.37151379117701944,0.5089903704334687,ETTm2,raw,35520,35616,raw:35520:2,mid,mid
3,0.7269520058693599,0.11667343360029513,0.25162103707752903,0.875,0.9240179155112688,1.7705654187552853,0.1284275695785016,0.36508215884906137,0.6424818283632567,ETTm2,raw,35520,35616,raw:35520:3,mid,high
4,0.3073283684934359,0.22305089949777182,0.4876240729705327,0.625,0.8817978490452794,1.7705654187552853,0.1284275695785016,0.3393344469872468,0.5450751395412603,ETTm2,raw,35520,35616,raw:35520:4,mid,mid
5,0.06482844785955222,0.24128565313892364,0.378010540205557,0.625,0.9223495266187264,1.7705654187552853,0.1284275695785016,0.22804154706801097,0.558592365399076,ETTm2,raw,35520,35616,raw:35520:5,low,high
6,0.8879137788944786,0.06550553835432357,0.09924315120133231,0.125,0.612887870384029,1.7705654187552853,0.1284275695785016,0.35088748948337817,0.2887718133208435,ETTm2,raw,35520,35616,raw:35520:6,mid,low
0,0.5995851479348566,0.2742940949028161,0.34203234096587376,1.0,0.9247671260449406,3.200177084323094,0.36669618010935534,0.40530386126784884,0.7638211020514319,ETTm2,raw,35616,35712,raw:35616:0,mid,high
1,0.5928751527531255,0.24595986657760482,0.6171951393732554,0.5,0.9045756152142869,3.200177084323094,0.36669618010935534,0.4853433862346619,0.5904239317745474,ETTm2,raw,35616,35712,raw:35616:1,high,high
2,0.6861810402508002,0.3891562467369125,0.08737201319779557,1.0,0.9786697189771769,3.200177084323094,0.36669618010935534,0.38756976672850274,0.7817886330288442,ETTm2,raw,35616,35712,raw:35616:2,mid,high
3,0.5654920681277438,0.1860888718500163,0.16434362282921372,1.0,0.9454472770680304,3.200177084323094,0.36669618010935534,0.30530818760232464,0.7707144857257952,ETTm2,raw,35616,35712,raw:35616:3,low,high
4,0.339142108247535,0.3081839359384152,0.4654624489601058,1.0,0.9830992738429593,3.200177084323094,0.36669618010935534,0.37092949771535205,0.7832651513174381,ETTm2,raw,35616,35712,raw:35616:4,mid,high
5,0.92900110940546,0.3082311794350351,0.3762963555489362,0.125,0.7701762370090061,3.200177084323094,0.36669618010935534,0.5378428814631439,0.42062413903945384,ETTm2,raw,35616,35712,raw:35616:5,high,mid
6,0.7053369293087213,0.011965436934707722,0.004646867341539695,0.0,0.5058844013683371,3.200177084323094,0.36669618010935534,0.2406497445283229,0.2908601938258975,ETTm2,raw,35616,35712,raw:35616:6,low,low
0,0.21963413527846143,0.22116347332534791,0.45533972150605645,0.375,0.9229761892383772,2.9662670834715783,0.32771118003241106,0.2987124433699553,0.5418957897569294,ETTm2,raw,35808,35904,raw:35808:0,low,mid
1,0.45852247578925165,0.20548208549416191,0.14667195078262085,0.25,0.7269963029083046,2.9662670834715783,0.32771118003241106,0.27022550402201145,0.4349024943135719,ETTm2,raw,35808,35904,raw:35808:1,low,mid
2,0.3419672073644282,0.12327237871229133,0.5010312048961139,1.0,0.884604306931193,2.9662670834715783,0.32771118003241106,0.3220902636576111,0.7374384956545347,ETTm2,raw,35808,35904,raw:35808:2,low,high
3,0.5498605426344769,0.2746323002374504,0.3188117530199376,0.375,0.8608748010237249,2.9662670834715783,0.32771118003241106,0.38110153196395496,0.5211953270187121,ETTm2,raw,35808,35904,raw:35808:3,mid,mid
4,0.5599066089106652,0.1513848653283205,0.3867554947554216,0.25,0.893389492324808,2.9662670834715783,0.32771118003241106,0.36601565633146915,0.4903668907857397,ETTm2,raw,35808,35904,raw:35808:4,mid,mid
5,0.9999999999758916,0.3928961595590565,0.156787266411188,0.125,0.8275777549154603,2.9662670834715783,0.32771118003241106,0.5165611419820454,0.42676297831595705,ETTm2,raw,35808,35904,raw:35808:5,high,mid
6,0.5311567220238661,0.03558026040864053,0.06678471506219018,0.0,0.46915785849704705,2.9662670834715783,0.32771118003241106,0.21117389916489893,0.2656230128431527,ETTm2,raw,35808,35904,raw:35808:6,low,low
0,0.8373068062414271,0.24710172606454883,0.0630580987928477,0.375,0.9641734574588061,3.4310908557151034,0.40518180861054753,0.38248887703294127,0.5814517553564512,ETTm2,raw,35904,36000,raw:35904:0,mid,high
1,0.7627389546213964,0.15328961928897694,0.2511052485643522,1.0,0.9839404147045017,3.4310908557151034,0.40518180861054753,0.38904460749157516,0.7963740744383497,ETTm2,raw,35904,36000,raw:35904:1,mid,high
2,0.9152523106838192,0.14085779339857474,0.019370447305940976,1.0,0.9836511261569297,3.4310908557151034,0.40518180861054753,0.358493517129445,0.7962776449224925,ETTm2,raw,35904,36000,raw:35904:2,mid,high
3,0.7401862285129521,0.20957935225050522,0.23309361093170575,1.0,0.9482639797978525,3.4310908557151034,0.40518180861054753,0.394286397231721,0.7844819294694667,ETTm2,raw,35904,36000,raw:35904:3,mid,high
4,0.5782151249338774,0.25482010273389544,0.3868567220877286,1.0,0.9162941547045101,3.4310908557151034,0.40518180861054753,0.40663064991850045,0.7738253211050193,ETTm2,raw,35904,36000,raw:35904:4,high,high
5,1.0,0.3001293629795774,0.03912180066704688,1.0,0.9799170570361324,3.4310908557151034,0.40518180861054753,0.44641705454887476,0.7950329552155599,ETTm2,raw,35904,36000,raw:35904:5,high,high
6,0.7893058199812942,0.011720987040852372,0.051052732567690114,0.125,0.5756021662482489,3.4310908557151034,0.40518180861054753,0.28402651319661226,0.36859465828626553,ETTm2,raw,35904,36000,raw:35904:6,low,mid
0,0.7708558614609089,0.24026801554422156,0.12792134707921807,1.0,0.9316210557860508,2.886881004685056,0.31448016692337577,0.3796817413614495,0.7487004075698088,ETTm2,raw,36000,36096,raw:36000:0,mid,high
1,0.5617935078452196,0.4867617322150726,0.4598899755053803,1.0,0.8739347412955766,2.886881004685056,0.31448016692337577,0.5028150718552241,0.7294716360729842,ETTm2,raw,36000,36096,raw:36000:1,high,high
2,0.8540079814113881,0.2209901391086877,0.09671437936266222,0.5,0.9424198312999801,2.886881004685056,0.31448016692337577,0.39057083329424597,0.5856333327411186,ETTm2,raw,36000,36096,raw:36000:2,mid,high
3,0.7257906641930412,0.4945883600778809,0.5528197957675292,0.5,0.9353804527405912,2.886881004685056,0.31448016692337577,0.5910662733461504,0.5832868732213222,ETTm2,raw,36000,36096,raw:36000:3,high,high
4,0.5449767270261022,0.3317922457486333,0.5455544932125871,0.5,0.9495630070707041,2.886881004685056,0.31448016692337577,0.47410782199577417,0.5880143913313599,ETTm2,raw,36000,36096,raw:36000:4,high,high
5,0.7980195346772251,0.10247469946381142,0.49999999992551886,0.25,0.8953141593375578,2.886881004685056,0.31448016692337577,0.4668314113555185,0.48659810875364445,ETTm2,raw,36000,36096,raw:36000:5,high,mid
6,0.9671913515792507,0.006723641413816119,0.018644321502143596,0.0,0.526253627946489,2.886881004685056,0.31448016692337577,0.3308531048317368,0.2802445982899549,ETTm2,raw,36000,36096,raw:36000:6,mid,low
0,0.8541075815681416,0.4428254668789096,0.014284088374159681,0.375,0.9488129755165502,0.9999999900000092,0.0,0.4370723789404036,0.44127099183885005,ETTm2,raw,36192,36288,raw:36192:0,high,mid
1,0.6964691684572222,0.2580378667228417,0.272857634455647,0.875,0.9183830972974024,0.9999999900000092,0.0,0.4091215565452369,0.5977943657658008,ETTm2,raw,36192,36288,raw:36192:1,high,high
2,0.845802976729549,0.2368289185631352,0.005523431197293627,0.25,0.9232614504404469,0.9999999900000092,0.0,0.3627184421633259,0.3910871501468156,ETTm2,raw,36192,36288,raw:36192:2,mid,mid
3,0.6748692650566686,0.22467429217616317,0.24212941369624275,0.5,0.9473569186871441,0.9999999900000092,0.0,0.3805576569763582,0.48245230622904806,ETTm2,raw,36192,36288,raw:36192:3,mid,mid
4,0.3588466315151442,0.32232289922646395,0.509154860114056,0.5,0.9175514254922359,0.9999999900000092,0.0,0.39677479695188805,0.4725171418307453,ETTm2,raw,36192,36288,raw:36192:4,mid,mid
5,0.9999999972446172,0.12382025215141049,0.0024651670036658748,0.0,0.771617553627976,0.9999999900000092,0.0,0.3754284721332312,0.2572058512093253,ETTm2,raw,36192,36288,raw:36192:5,mid,low
6,0.826557219651982,0.020464141917738144,0.012594387603218508,0.0,0.5968675477042413,0.9999999900000092,0.0,0.28653858305764623,0.1989558492347471,ETTm2,raw,36192,36288,raw:36192:6,low,low
0,0.7940328030139211,0.2257883736287516,0.2779782283010673,0.5,0.9307068222008795,1.8018491223600284,0.13364152017060218,0.43259980164791334,0.5214494474571606,ETTm2,raw,36288,36384,raw:36288:0,high,mid
1,0.5961429208965733,0.07682936380298402,0.49669121665228944,0.25,0.7215004569264618,1.8018491223600284,0.13364152017060218,0.38988783378394887,0.3683806590323547,ETTm2,raw,36288,36384,raw:36288:1,mid,mid
2,0.9019578733538306,0.23478654089136514,0.25138360156441075,0.25,0.9480429367186788,1.8018491223600284,0.13364152017060218,0.4627093386032022,0.44389481896309363,ETTm2,raw,36288,36384,raw:36288:2,high,mid
3,0.498141526862963,0.1428700025140452,0.4311145942256303,0.5,0.9113383784369646,1.8018491223600284,0.13364152017060218,0.3573753745342128,0.5149932995358556,ETTm2,raw,36288,36384,raw:36288:3,mid,mid
4,0.7058354583050794,0.1526239034466641,0.5824644820211045,0.875,0.9311953439341312,1.8018491223600284,0.13364152017060218,0.48030794792428266,0.6466122880349111,ETTm2,raw,36288,36384,raw:36288:4,high,high
5,0.8319997563005127,0.16000814715813855,0.0,0.0,0.7112288638357679,1.8018491223600284,0.13364152017060218,0.3306693011528838,0.2816234613354567,ETTm2,raw,36288,36384,raw:36288:5,mid,low
6,0.7819315227398412,0.051994703077534926,0.14433198853175547,0.0,0.6417502529794643,1.8018491223600284,0.13364152017060218,0.3260860714497105,0.25846392438335547,ETTm2,raw,36288,36384,raw:36288:6,mid,low
0,0.820065639827721,0.27544850542827287,0.023383200135186088,0.25,0.8804378345108331,2.85289432189335,0.3088157198008654,0.37296578179705997,0.47975118477056616,ETTm2,raw,36480,36576,raw:36480:0,mid,mid
1,0.6353356561977974,0.12773076908100084,0.23452664875983967,0.375,0.9054203915054067,2.85289432189335,0.3088157198008654,0.33253102467954593,0.529745370435424,ETTm2,raw,36480,36576,raw:36480:1,mid,mid
2,0.8178312611044996,0.1552223267684977,0.01363893961988606,0.25,0.8155095487554329,2.85289432189335,0.3088157198008654,0.32889750916429444,0.45810842285209946,ETTm2,raw,36480,36576,raw:36480:2,mid,mid
3,0.7051429080941451,0.09048254843513326,0.0424576288293548,0.0,0.8652374020496578,2.85289432189335,0.3088157198008654,0.27936102845287775,0.39135104061684106,ETTm2,raw,36480,36576,raw:36480:3,low,mid
4,0.17454932341676732,0.15142954470863512,0.4768557953144915,1.0,0.988326215212275,2.85289432189335,0.3088157198008654,0.26761155447996465,0.7657139783377135,ETTm2,raw,36480,36576,raw:36480:4,low,high
5,0.9999999999502981,0.07413719915800604,0.0006522237883687692,0.125,0.5398517933205735,2.85289432189335,0.3088157198008654,0.35826314096555767,0.3245558377071463,ETTm2,raw,36480,36576,raw:36480:5,mid,low
6,0.7860798991093978,0.017583954967924587,0.006490143282658531,0.0,0.5384907569260042,2.85289432189335,0.3088157198008654,0.27005133245332696,0.28243549224228987,ETTm2,raw,36480,36576,raw:36480:6,low,low
0,0.8173653537990389,0.22648002218586255,0.036585043529204886,0.25,0.8418447460645271,3.159068005230675,0.3598446669387047,0.3601434731713688,0.4838964710010773,ETTm2,raw,36576,36672,raw:36576:0,mid,mid
1,0.7995994077689443,0.20062826452599195,0.1428720458081661,0.375,0.7852324843501537,3.159068005230675,0.3598446669387047,0.3810332393677008,0.5066923837629528,ETTm2,raw,36576,36672,raw:36576:1,mid,mid
2,0.8136192283731075,0.17721083105985352,0.008310175027220174,0.375,0.8045068913568788,3.159068005230675,0.3598446669387047,0.3330467448200604,0.5131171860985279,ETTm2,raw,36576,36672,raw:36576:2,mid,mid
3,0.8555226065934579,0.18325484997012464,0.08733199189239775,0.375,0.8312261331522814,3.159068005230675,0.3598446669387047,0.37536981615199344,0.5220236000303288,ETTm2,raw,36576,36672,raw:36576:3,mid,mid
4,0.10689940720714497,0.1883241984002672,0.5332675012017032,0.375,0.8307575805055052,3.159068005230675,0.3598446669387047,0.27616370226970516,0.5218674158147366,ETTm2,raw,36576,36672,raw:36576:4,low,mid
5,0.6662898053381889,0.27847412952179734,0.22865920974161358,0.0,0.6664607855236176,3.159068005230675,0.3598446669387047,0.3911410482005333,0.3421018174874408,ETTm2,raw,36576,36672,raw:36576:5,mid,low
6,0.8671797846492786,0.013302363006644342,0.007889601564255512,0.0,0.531989846173317,3.159068005230675,0.3598446669387047,0.29612391640672614,0.2972781710373406,ETTm2,raw,36576,36672,raw:36576:6,low,low
0,0.8385525825325488,0.250670226961747,0.40227981412663943,0.875,0.9307851932888109,1.723300455144374,0.12055007565647888,0.4971675412069785,0.6421117563150965,ETTm2,raw,36768,36864,raw:36768:0,high,high
1,0.729902575387231,0.3409953058558082,0.43755272871617573,0.875,0.9220163694404533,1.723300455144374,0.12055007565647888,0.502816869986405,0.6391888150323107,ETTm2,raw,36768,36864,raw:36768:1,high,high
2,0.8287783425464501,0.2857590560310816,0.3081445206700038,0.625,0.9503997135211858,1.723300455144374,0.12055007565647888,0.47422730641584515,0.5653165963925548,ETTm2,raw,36768,36864,raw:36768:2,high,high
3,0.6721599749592494,0.30718995239655034,0.44265243583375935,0.75,0.8519956365494689,1.723300455144374,0.12055007565647888,0.47400078772985305,0.5741819040686492,ETTm2,raw,36768,36864,raw:36768:3,high,high
4,0.5247319505196661,0.14435188099911536,0.5281804455465294,0.375,0.965927231094496,1.723300455144374,0.12055007565647888,0.3990880923551036,0.48715910225032494,ETTm2,raw,36768,36864,raw:36768:4,mid,mid
5,1.0,0.08979611759777406,0.00012437147508452884,0.125,0.7461222902535724,1.723300455144374,0.12055007565647888,0.3633068296909528,0.3305574553033504,ETTm2,raw,36768,36864,raw:36768:5,mid,low
6,0.75749832861706,0.02616847969407598,0.019533954093926796,0.0,0.5676813991164517,1.723300455144374,0.12055007565647888,0.26773358746835424,0.22941049159097684,ETTm2,raw,36768,36864,raw:36768:6,low,low
0,0.7294039442787904,0.259940696483083,0.15147823803644175,0.25,0.914613220628743,1.7761309888555337,0.12935516459366367,0.38027429293277165,0.43132279507413557,ETTm2,raw,36864,36960,raw:36864:0,mid,mid
1,0.7244471626464705,0.29904339115988005,0.47759724165579437,0.625,0.8915020968264389,1.7761309888555337,0.12935516459366367,0.5003625984873816,0.5486190871400342,ETTm2,raw,36864,36960,raw:36864:1,high,mid
2,0.7706784567361717,0.15861598023993015,0.06021916059369848,0.25,0.8630025740584686,1.7761309888555337,0.12935516459366367,0.32983786585660013,0.41411924621737745,ETTm2,raw,36864,36960,raw:36864:2,mid,mid
3,0.6054147922509929,0.20652760388203134,0.6119946005029265,0.75,0.9020595028277345,1.7761309888555337,0.12935516459366367,0.474645665545317,0.593804889140466,ETTm2,raw,36864,36960,raw:36864:3,high,high
4,0.4611017457533372,0.059772833331319344,0.19313169069452113,0.25,0.8243235378956189,1.7761309888555337,0.12935516459366367,0.23800208992639252,0.40122623416309416,ETTm2,raw,36864,36960,raw:36864:4,low,mid
5,0.9999999999963337,0.06176562196659509,0.0014585168315967047,0.375,0.7618369200497889,1.7761309888555337,0.12935516459366367,0.35440804626484185,0.42206402821448424,ETTm2,raw,36864,36960,raw:36864:5,mid,mid
6,0.8495491236548386,0.02171531180716009,0.015433055457192778,0.0,0.5560143441685712,1.7761309888555337,0.12935516459366367,0.29556583030639716,0.22845650292074496,ETTm2,raw,36864,36960,raw:36864:6,low,low
0,0.40365899539318617,0.2789016636519588,0.8255781117195239,0.625,0.9021828888316431,1.936918290502039,0.15615304815675143,0.502712923588223,0.5611119789961315,ETTm2,raw,36960,37056,raw:36960:0,high,high
1,0.320926171188344,0.24851187120834364,0.7525515944478633,0.75,0.9219682750374353,1.936918290502039,0.15615304815675143,0.440663212281517,0.6093737743980622,ETTm2,raw,36960,37056,raw:36960:1,high,high
2,0.46042136828175917,0.2258594305369837,0.8158666400498731,0.75,0.8755129838552038,1.936918290502039,0.15615304815675143,0.5007158129562054,0.5938886773373184,ETTm2,raw,36960,37056,raw:36960:2,high,high
3,0.3579697069339759,0.296390786729515,0.7212087353391448,1.0,0.8862848624811055,1.936918290502039,0.15615304815675143,0.45852307633421185,0.6808126368792856,ETTm2,raw,36960,37056,raw:36960:3,high,high
4,0.2878939540030545,0.1745888879113328,0.41466938345774057,0.25,0.9288565290751806,1.936918290502039,0.15615304815675143,0.29238407512404263,0.44500319241064407,ETTm2,raw,36960,37056,raw:36960:4,low,mid
5,0.417463378023999,0.0562322324457212,0.10490870444713263,0.125,0.7782216574267117,1.936918290502039,0.15615304815675143,0.19286810497228427,0.35312490186115436,ETTm2,raw,36960,37056,raw:36960:5,low,low
6,0.8760962737868901,0.008164190604837572,0.007552803241004065,0.0,0.5287940426373857,1.936918290502039,0.15615304815675143,0.29727108921091056,0.22831569693137907,ETTm2,raw,36960,37056,raw:36960:6,low,low
0,0.8744938640592087,0.08946267029874924,0.02518661405894692,0.25,0.7768483982686085,2.0967132030045574,0.18278553352945034,0.329714382805635,0.40321131059935295,ETTm2,raw,37152,37248,raw:37152:0,mid,mid
1,0.4133516416085151,0.1379227447864143,0.46309610233374343,0.5,0.9191377786907134,2.0967132030045574,0.18278553352945034,0.33812349624289095,0.5339744374067212,ETTm2,raw,37152,37248,raw:37152:1,mid,mid
2,0.8284510078418139,0.0788399429918235,0.015097409227830318,0.25,0.7484716523196132,2.0967132030045574,0.18278553352945034,0.30746278668715593,0.39375239528302114,ETTm2,raw,37152,37248,raw:37152:2,low,mid
3,0.2133494691465233,0.137523592540555,0.37108807252852544,0.625,0.8813887937920323,2.0967132030045574,0.18278553352945034,0.24065371140520128,0.5630581091071609,ETTm2,raw,37152,37248,raw:37152:3,low,high
4,0.06912120687985279,0.09210418441390256,0.2558354877084575,0.125,0.7856748135247157,2.0967132030045574,0.18278553352945034,0.13902029300073762,0.36448678235138865,ETTm2,raw,37152,37248,raw:37152:4,low,low
5,0.9999999858056903,0.21989468615087943,0.18323323132470243,0.375,0.8640085395945195,2.0967132030045574,0.18278553352945034,0.4677093010937574,0.47393135770798994,ETTm2,raw,37152,37248,raw:37152:5,high,mid
6,0.8587455150661198,0.01447668985574385,0.014517920197177861,0.0,0.5093776508753707,2.0967132030045574,0.18278553352945034,0.2959133750396805,0.23072106146827367,ETTm2,raw,37152,37248,raw:37152:6,low,low
0,0.8928817923712029,0.13468103153244748,0.12359383314349011,0.375,0.8178113475867338,3.3274828225332813,0.3879138031090239,0.3837188856823801,0.5269083835652526,ETTm2,raw,37248,37344,raw:37248:0,mid,mid
1,0.7248744523506239,0.11664600281209161,0.3586269328424051,0.75,0.9258452288122934,3.3274828225332813,0.3879138031090239,0.40004912933504017,0.6879196773071058,ETTm2,raw,37248,37344,raw:37248:1,mid,high
2,0.9252315144226662,0.20578849812501315,0.08469699761970687,0.375,0.861775654865835,3.3274828225332813,0.3879138031090239,0.4052390033891287,0.5415631526582864,ETTm2,raw,37248,37344,raw:37248:2,mid,mid
3,0.8772105425863994,0.15964825230398821,0.3409818944437736,0.625,0.9513921292916568,3.3274828225332813,0.3879138031090239,0.4592802297780538,0.6547686441335602,ETTm2,raw,37248,37344,raw:37248:3,high,high
4,0.47675712474390985,0.21699219722835694,0.1661843673024922,0.625,0.9639760960332768,3.3274828225332813,0.3879138031090239,0.2866445630915863,0.6589632997141003,ETTm2,raw,37248,37344,raw:37248:4,low,high
5,0.9464736026639029,0.188852457420379,0.32058928710519624,0.0,0.7617969926048376,3.3274828225332813,0.3879138031090239,0.48530511572982604,0.3832369319046205,ETTm2,raw,37248,37344,raw:37248:5,high,mid
6,0.845584030905423,0.038572505667221715,0.002773746776194605,0.0,0.572760008594972,3.3274828225332813,0.3879138031090239,0.29564342778294644,0.32022460390133195,ETTm2,raw,37248,37344,raw:37248:6,low,low
0,0.7968057565596756,0.13467784071890543,0.00743782456652045,0.25,0.7165501771328042,2.5995222704041847,0.2665870446230524,0.3129738072817005,0.4110457405852855,ETTm2,raw,37440,37536,raw:37440:0,low,mid
1,0.4490508614335713,0.19558187168467725,0.13795484514865639,0.625,0.9218774099595746,2.5995222704041847,0.2665870446230524,0.2608625260889683,0.6044881515275423,ETTm2,raw,37440,37536,raw:37440:1,low,high
2,0.746355805146212,0.12011613157829415,0.0050976628651117645,0.375,0.7253976607096639,2.5995222704041847,0.2665870446230524,0.290523199863206,0.4556615684442387,ETTm2,raw,37440,37536,raw:37440:2,low,mid
3,0.5362686688355627,0.17167968651805343,0.24969136849663748,0.5,0.9473801648555631,2.5995222704041847,0.2665870446230524,0.3192132412834179,0.5713224031595385,ETTm2,raw,37440,37536,raw:37440:3,low,high
4,0.6434451743150763,0.23785651629900031,0.3092817267517887,0.875,0.9185350164469223,2.5995222704041847,0.2665870446230524,0.39686113912195514,0.6867073536899916,ETTm2,raw,37440,37536,raw:37440:4,mid,high
5,0.9999999999303156,0.35351739664949017,0.4923479756011324,0.0,0.7834090027345791,2.5995222704041847,0.2665870446230524,0.615288457393646,0.34999868245254384,ETTm2,raw,37440,37536,raw:37440:5,high,low
6,0.8327695051931852,0.021700011835933522,0.004228557163954983,0.0,0.5576061546549708,2.5995222704041847,0.2665870446230524,0.2862326913976912,0.2747310664260077,ETTm2,raw,37440,37536,raw:37440:6,low,low
0,0.8702019063839095,0.20819319674606085,0.1320302253570736,0.5,0.9195595538993971,1.6757808327487365,0.11263013860373917,0.4034751094956813,0.5107298975010454,ETTm2,raw,37536,37632,raw:37536:0,mid,mid
1,0.5115877864473741,0.17075751914245296,0.5611115784913111,0.875,0.9526193588915894,1.6757808327487365,0.11263013860373917,0.4144856280270461,0.6467498324984429,ETTm2,raw,37536,37632,raw:37536:1,high,high
2,0.8869498243677029,0.06422788646978089,0.10481409984953519,0.5,0.8605487399602578,1.6757808327487365,0.11263013860373917,0.35199727022900634,0.491059626187999,ETTm2,raw,37536,37632,raw:37536:2,mid,mid
3,0.39729868667892676,0.3101656593201425,0.5426226463452346,0.625,0.9171941066867575,1.6757808327487365,0.11263013860373917,0.41669566411476794,0.5516080817634988,ETTm2,raw,37536,37632,raw:37536:3,high,mid
4,0.3975956906222392,0.28406260503539565,0.41176563472014044,0.125,0.8327929916010623,1.6757808327487365,0.11263013860373917,0.36447464345925845,0.35680771006826717,ETTm2,raw,37536,37632,raw:37536:4,mid,low
5,0.9597511116159436,0.25859238538498813,0.48030313503152405,0.125,0.745087297454308,1.6757808327487365,0.11263013860373917,0.5662155440108186,0.32757247868601574,ETTm2,raw,37536,37632,raw:37536:5,high,low
6,0.8708668174162134,0.030648672919575605,0.0020418959029196394,0.0,0.5707342244654783,1.6757808327487365,0.11263013860373917,0.30118579541290286,0.22778812102307247,ETTm2,raw,37536,37632,raw:37536:6,low,low
0,0.8223064700160261,0.12816932697446592,0.01952979326412838,0.25,0.8101390487583413,3.1060931216667864,0.3510155196927719,0.32333519675154015,0.470384856150371,ETTm2,raw,37632,37728,raw:37632:0,low,mid
1,0.6417414656900428,0.18235412063725642,0.05925836751918202,0.625,0.8890215013316014,3.1060931216667864,0.3510155196927719,0.29445131794882706,0.6216790070081245,ETTm2,raw,37632,37728,raw:37632:1,low,high
2,0.8818409620205595,0.15118414769507976,0.011179517644004253,0.125,0.7245834662560291,3.1060931216667864,0.3510155196927719,0.3480682091198812,0.4001996619829337,ETTm2,raw,37632,37728,raw:37632:2,mid,mid
3,0.5855460498248337,0.20835360401844782,0.10795316607592792,0.375,0.982719435628623,3.1060931216667864,0.3510155196927719,0.3006176066397365,0.5695783184404649,ETTm2,raw,37632,37728,raw:37632:3,low,high
4,0.3074458089222446,0.3544385989397577,0.40385576798485506,0.5,0.8974242638581827,3.1060931216667864,0.3510155196927719,0.3552467252822858,0.5828132611836515,ETTm2,raw,37632,37728,raw:37632:4,mid,high
5,0.9238196835451011,0.2291093172464189,0.3873359666635673,0.25,0.8830550820903432,3.1060931216667864,0.3510155196927719,0.5134216558183624,0.49469020059437163,ETTm2,raw,37632,37728,raw:37632:5,high,mid
6,0.7559017868630857,0.029612758396101543,0.007919257945461229,0.0,0.5567947306426839,3.1060931216667864,0.3510155196927719,0.2644779344015495,0.3026034167784853,ETTm2,raw,37632,37728,raw:37632:6,low,low
0,0.4461985464750332,0.17547961479142254,0.4387267284614449,0.625,0.941776297946715,3.427722263397898,0.4046203765586157,0.35346829657596684,0.6571322248351102,ETTm2,raw,37824,37920,raw:37824:0,mid,high
1,0.23523065134263155,0.21312308768548205,0.44047614598062723,1.0,0.9460714965390736,3.427722263397898,0.4046203765586157,0.29627662833624696,0.7835639576992298,ETTm2,raw,37824,37920,raw:37824:1,low,high
2,0.5348953101333543,0.11106499196045982,0.3344172663613282,0.5,0.8798617971849761,3.427722263397898,0.4046203765586157,0.3267925228183808,0.594827391247864,ETTm2,raw,37824,37920,raw:37824:2,mid,high
3,0.36452577816119425,0.25429919770045384,0.4712428416718458,0.625,0.8804826606832583,3.427722263397898,0.4046203765586157,0.3633559391778313,0.6367010124139579,ETTm2,raw,37824,37920,raw:37824:3,mid,high
4,0.5172331618861847,0.30020145704731555,0.5861355428597773,0.75,0.9316819645282644,3.427722263397898,0.4046203765586157,0.46785672059775923,0.6954341136956267,ETTm2,raw,37824,37920,raw:37824:4,high,high
5,0.9999999998471015,0.1157669323038743,0.0010859899422792792,0.125,0.8264664055590742,3.427722263397898,0.4046203765586157,0.37228430736441837,0.45202892737256334,ETTm2,raw,37824,37920,raw:37824:5,mid,mid
6,0.5992581455985352,0.03144499285428104,0.6456236710065472,0.125,0.6933262484981324,3.427722263397898,0.4046203765586157,0.4254422698197878,0.407648875018916,ETTm2,raw,37824,37920,raw:37824:6,high,mid
0,0.0,0.0,0.0,0.0,-0.0,1.0,0.0,0.0,0.0,ETTm2,raw,37920,38016,raw:37920:0,low,low
1,0.0,0.0,0.0,0.0,-0.0,1.0,0.0,0.0,0.0,ETTm2,raw,37920,38016,raw:37920:1,low,low
2,0.0,0.0,0.0,0.0,-0.0,1.0,0.0,0.0,0.0,ETTm2,raw,37920,38016,raw:37920:2,low,low
3,0.0,0.0,0.0,0.0,-0.0,1.0,0.0,0.0,0.0,ETTm2,raw,37920,38016,raw:37920:3,low,low
4,0.0,0.0,0.0,0.0,-0.0,1.0,0.0,0.0,0.0,ETTm2,raw,37920,38016,raw:37920:4,low,low
5,0.0,0.0,0.0,0.0,-0.0,1.0,0.0,0.0,0.0,ETTm2,raw,37920,38016,raw:37920:5,low,low
6,0.0,0.0,0.0,0.0,-0.0,1.0,0.0,0.0,0.0,ETTm2,raw,37920,38016,raw:37920:6,low,low
0,0.5834333532196613,0.19984188785607765,0.318583783572168,1.0,0.9375895306145031,3.1455050045183475,0.357584166823751,0.36728634154930234,0.7650578991460847,ETTm2,raw,38112,38208,raw:38112:0,mid,high
1,0.3683891484571523,0.35223022173075547,0.4035499039256147,0.75,0.8449870168174417,3.1455050045183475,0.357584166823751,0.37472309137117416,0.6508570612137309,ETTm2,raw,38112,38208,raw:38112:1,mid,high
2,0.5825304485785989,0.1579376086246462,0.23159064009150154,0.625,0.9281812845564177,3.1455050045183475,0.357584166823751,0.3240195657649156,0.6369218171267229,ETTm2,raw,38112,38208,raw:38112:2,mid,high
3,0.04246893064965962,0.45558420349200096,0.367143559586886,0.625,0.8597161271622749,3.1455050045183475,0.357584166823751,0.2883988979095155,0.6141000979953419,ETTm2,raw,38112,38208,raw:38112:3,low,high
4,0.39898814736149935,0.24131490601567102,0.2763327871091011,1.0,0.8752184822594897,3.1455050045183475,0.357584166823751,0.3055452801620904,0.7442675496944137,ETTm2,raw,38112,38208,raw:38112:4,low,high
5,0.8215584079355637,0.12086931169652615,0.1960819702921414,0.375,0.884289510815652,3.1455050045183475,0.357584166823751,0.3795032299747438,0.5389578925464676,ETTm2,raw,38112,38208,raw:38112:5,mid,mid
6,0.8052120179340578,0.030055086321395356,0.3012246048234778,0.25,0.7491920482807137,3.1455050045183475,0.357584166823751,0.378830569692977,0.4522587383681549,ETTm2,raw,38112,38208,raw:38112:6,mid,mid
0,0.740048290542297,0.1092473032760199,0.02165846909837219,0.375,0.9181092906970567,2.6939941851336524,0.28233236371838816,0.29031802097222975,0.5251472181384816,ETTm2,raw,38208,38304,raw:38208:0,low,mid
1,0.679456034807298,0.24398826098992496,0.12294807502405598,0.125,0.9259803789900066,2.6939941851336524,0.28233236371838816,0.34879745694042635,0.4444375809027982,ETTm2,raw,38208,38304,raw:38208:1,mid,mid
2,0.7882136385752323,0.1592214674638623,0.01963084395993628,0.125,0.7792250946632955,2.6939941851336524,0.28233236371838816,0.32235531666634365,0.39551915279389455,ETTm2,raw,38208,38304,raw:38208:2,low,mid
3,0.6326453042274012,0.32941099102469246,0.27787225681964073,0.125,0.9087792474809206,2.6939941851336524,0.28233236371838816,0.4133095173572448,0.4387038703997696,ETTm2,raw,38208,38304,raw:38208:3,high,mid
4,0.4056477370519771,0.23904265936284966,0.586362099473467,0.5,0.9533862772657129,2.6939941851336524,0.28233236371838816,0.4103508319627645,0.5785728803280337,ETTm2,raw,38208,38304,raw:38208:4,high,high
5,0.6753460251309176,0.16457991430381338,0.3010842182698623,0.25,0.8725520384476564,2.6939941851336524,0.28233236371838816,0.3803367192348644,0.46829480072201485,ETTm2,raw,38208,38304,raw:38208:5,mid,mid
6,0.8851239519782487,0.02085572827447762,0.09310986948476539,0.0,0.5864023177414245,2.6939941851336524,0.28233236371838816,0.33302984991249723,0.2895782271532709,ETTm2,raw,38208,38304,raw:38208:6,mid,low
0,0.7510621962891852,0.16921401759461097,0.09643887710119922,0.375,0.9132439864010978,2.6083261433262828,0.26805435677428985,0.3389050303283318,0.5187661143917959,ETTm2,raw,38400,38496,raw:38400:0,mid,mid
1,0.6052815851518563,0.15812256144675862,0.3007711468136637,1.0,0.9167956305767125,2.6083261433262828,0.26805435677428985,0.35472509780409284,0.7282833291170009,ETTm2,raw,38400,38496,raw:38400:1,mid,high
2,0.8492184370216402,0.15381132693003077,0.04537263126299322,0.0,0.7496892572712084,2.6083261433262828,0.26805435677428985,0.34946746507155474,0.33924787134849943,ETTm2,raw,38400,38496,raw:38400:2,mid,low
3,0.5777305133465794,0.18297473782082374,0.3256343494179725,0.625,0.9060683048778825,2.6083261433262828,0.26805435677428985,0.3621132001951252,0.5997075538840574,ETTm2,raw,38400,38496,raw:38400:3,mid,high
4,0.27914018459325285,0.24536348361362323,0.2719453880542848,0.625,0.9263340458262219,2.6083261433262828,0.26805435677428985,0.2654830187537203,0.6064628008668372,ETTm2,raw,38400,38496,raw:38400:4,low,high
5,0.9257467305565414,0.35799703326733756,0.3095219184466095,0.125,0.7735869207630061,2.6083261433262828,0.26805435677428985,0.5310885607568295,0.38888042584576527,ETTm2,raw,38400,38496,raw:38400:5,high,mid
6,0.8677006788796823,0.046382845723492994,0.028843174580802263,0.0,0.5671847464930627,2.6083261433262828,0.26805435677428985,0.31430889972799253,0.27841303442245086,ETTm2,raw,38400,38496,raw:38400:6,low,low
0,0.8078337056405227,0.2500393688462163,0.022471112852651354,0.375,0.8002065793120513,2.431197129582265,0.23853285453282275,0.36011472911313014,0.4712464779482914,ETTm2,raw,38496,38592,raw:38496:0,mid,mid
1,0.3159759595964692,0.15066908271126261,0.09902285482141461,0.5,0.8537814211523037,2.431197129582265,0.23853285453282275,0.18855596570971547,0.5307714252283755,ETTm2,raw,38496,38592,raw:38496:1,low,mid
2,0.8144211430779115,0.13055540255580378,0.010112751566855217,0.375,0.7560156117004853,2.431197129582265,0.23853285453282275,0.31836309906685684,0.45651615541110263,ETTm2,raw,38496,38592,raw:38496:2,low,mid
3,0.4846383302366788,0.17607263687788027,0.21286227136560365,0.375,0.8752260351614912,2.431197129582265,0.23853285453282275,0.2911910794933876,0.4962529632314379,ETTm2,raw,38496,38592,raw:38496:3,low,mid
4,0.37969498588309336,0.14000082788124635,0.6203780992141501,0.625,0.9466477820980682,2.431197129582265,0.23853285453282275,0.3800246376594966,0.6033935455436302,ETTm2,raw,38496,38592,raw:38496:4,mid,high
5,0.5713181453211131,0.2540413924466952,0.008831482345056407,0.875,0.908984385191436,2.431197129582265,0.23853285453282275,0.2780636733709549,0.6741724132414196,ETTm2,raw,38496,38592,raw:38496:5,low,high
6,0.8770237109289741,0.03958159718318011,0.013255534662650288,0.0,0.5639189906353664,2.431197129582265,0.23853285453282275,0.3099536142582682,0.26748394838939643,ETTm2,raw,38496,38592,raw:38496:6,low,low
0,0.6875404512379826,0.23320232560169576,0.02550189914812903,0.25,0.8753547420951513,1.2485906963318574,0.04143178265292326,0.3154148919959358,0.38892884158269153,ETTm2,raw,38592,38688,raw:38592:0,low,mid
1,0.6821791899033594,0.20712414442972782,0.10876491037789429,0.625,0.9465549775919,1.2485906963318574,0.04143178265292326,0.3326894149036605,0.5376622534149411,ETTm2,raw,38592,38688,raw:38592:1,mid,mid
2,0.7811224000852945,0.23472747987050913,0.004594794239979288,0.125,0.8175422503730855,1.2485906963318574,0.04143178265292326,0.34014822473192763,0.3279913443420029,ETTm2,raw,38592,38688,raw:38592:2,mid,low
3,0.5482934034641643,0.13221604287801955,0.2380984749850633,0.75,0.9032710645770061,1.2485906963318574,0.04143178265292326,0.30620264044241574,0.5649009490766431,ETTm2,raw,38592,38688,raw:38592:3,low,high
4,0.34503434243755204,0.45318018438029206,0.406618701657829,0.625,0.9489437807547745,1.2485906963318574,0.04143178265292326,0.4016110761585577,0.5384585211358993,ETTm2,raw,38592,38688,raw:38592:4,mid,mid
5,0.9662038827499422,0.3616208215917366,0.47829054562989476,0.625,0.97928247049912,1.2485906963318574,0.04143178265292326,0.6020384166571912,0.5485714177173479,ETTm2,raw,38592,38688,raw:38592:5,high,mid
6,0.8810596226149177,0.021242903716045904,0.004446025922943575,0.0,0.5802543760918815,1.2485906963318574,0.04143178265292326,0.30224951741796907,0.20722871958160158,ETTm2,raw,38592,38688,raw:38592:6,low,low
0,0.7194014603493069,0.3421777966137392,0.40991224599038345,0.625,0.9645571058019561,2.9108427924625984,0.3184737982129767,0.49049716765114315,0.6360103013383109,ETTm2,raw,38784,38880,raw:38784:0,high,high
1,0.12485808098062212,0.3063779655798622,0.34792247338680865,0.25,0.9321643236815982,2.9108427924625984,0.3184737982129767,0.25971950664909765,0.5002127072981916,ETTm2,raw,38784,38880,raw:38784:1,low,mid
2,0.7355031827545574,0.3525499002086139,0.4076393435304009,0.375,0.9507670879351634,2.9108427924625984,0.3184737982129767,0.4985641421645241,0.5480802953827134,ETTm2,raw,38784,38880,raw:38784:2,high,mid
3,0.14176869018060512,0.24200657997491123,0.3246633415813828,0.375,0.921259162116576,2.9108427924625984,0.3184737982129767,0.23614620391229976,0.5382443201098509,ETTm2,raw,38784,38880,raw:38784:3,low,mid
4,0.5143813117818485,0.13601729902818993,0.4479605933422391,1.0,0.9528644774100165,2.9108427924625984,0.3184737982129767,0.36611973471742587,0.7571127585409977,ETTm2,raw,38784,38880,raw:38784:4,mid,high
5,0.9999999821933716,0.24282424013493123,0.513583558364765,1.0,0.8106261799789842,2.9108427924625984,0.3184737982129767,0.5854692602310226,0.7096999927306537,ETTm2,raw,38784,38880,raw:38784:5,high,high
6,0.7708268579529316,0.0438262055780199,0.025335687303023338,0.125,0.5511074968875356,2.9108427924625984,0.3184737982129767,0.27999625027799163,0.3315270983668374,ETTm2,raw,38784,38880,raw:38784:6,low,low
0,0.9467208603769106,0.15555240377862672,0.016435461296967994,0.75,0.9602652678142682,2.5818147993922826,0.26363579945932075,0.3729029084841684,0.6579670224245296,ETTm2,raw,38880,38976,raw:38880:0,mid,high
1,0.6555060520106555,0.38009188283796463,0.10226602355022257,0.875,0.8513893072390126,2.5818147993922826,0.26363579945932075,0.3792879861329476,0.6633417022327778,ETTm2,raw,38880,38976,raw:38880:1,mid,high
2,0.9726339930129458,0.07140959870584071,0.05237148589028812,0.375,0.8378589822323415,2.5818147993922826,0.26363579945932075,0.3654716925363582,0.4921649272305541,ETTm2,raw,38880,38976,raw:38880:2,mid,mid
3,0.7933238071465445,0.26816106774816584,0.0563373031826155,0.625,0.9020209762792807,2.5818147993922826,0.26363579945932075,0.372607392692442,0.5968855919128672,ETTm2,raw,38880,38976,raw:38880:3,mid,high
4,0.19413305376859036,0.07795927377514983,0.37800074390032234,1.0,0.9646651051032078,2.5818147993922826,0.26363579945932075,0.21669769048135415,0.7427669681875094,ETTm2,raw,38880,38976,raw:38880:4,low,high
5,0.7653921164242232,0.19412471073496984,0.318512395192993,0.375,0.9578305110567167,2.5818147993922826,0.26363579945932075,0.426009740784062,0.5321554368386792,ETTm2,raw,38880,38976,raw:38880:5,high,mid
6,0.9802703379070004,0.011538418156202861,0.003899469039283473,0.0,0.5096389106700374,2.5818147993922826,0.26363579945932075,0.3319027417008289,0.2577582367097861,ETTm2,raw,38880,38976,raw:38880:6,mid,low
0,0.6874225284211071,0.09073397516742832,0.7642054777466072,0.0,0.6902088736840032,0.9999999900000051,0.0,0.5141206604450476,0.2300696245613344,ETTm2,raw,39072,39168,raw:39072:0,high,low
1,0.375469056859131,0.1564094953399479,0.5388248872608496,0.125,0.7627856607043445,0.9999999900000051,0.0,0.3569011464866429,0.2959285535681148,ETTm2,raw,39072,39168,raw:39072:1,mid,low
2,0.5517086888603508,0.27164245292599026,0.5240387276441246,0.375,0.9517583641197733,0.9999999900000051,0.0,0.44912995647682186,0.44225278803992446,ETTm2,raw,39072,39168,raw:39072:2,high,mid
3,0.3371505288479556,0.2699151522871974,0.5386158532571936,0.375,0.8701803727619016,0.9999999900000051,0.0,0.38189384479744887,0.41506012425396727,ETTm2,raw,39072,39168,raw:39072:3,mid,mid
4,0.8642242704249938,0.09571438550058425,0.43876372219993476,0.0,0.6084233366093325,0.9999999900000051,0.0,0.4662341260418376,0.2028077788697775,ETTm2,raw,39072,39168,raw:39072:4,high,low
5,0.9999999972687105,0.12459237024437213,0.022858253860892967,0.0,0.6482689737967928,0.9999999900000051,0.0,0.3824835404579919,0.21608965793226428,ETTm2,raw,39072,39168,raw:39072:5,mid,low
6,0.9441400663501405,0.09702074529420657,0.001830789395822167,0.125,0.40584785366484505,0.9999999900000051,0.0,0.34766386701338975,0.17694928455494838,ETTm2,raw,39072,39168,raw:39072:6,mid,low
0,0.7892744504613782,0.37053882426552487,0.12333623995623638,1.0,0.9859226299413443,3.3458821814142135,0.3909803629174016,0.42771650489437985,0.7923009976195821,ETTm2,raw,39168,39264,raw:39168:0,high,high
1,0.5648647176192187,0.32035133120360226,0.5243658114006743,0.375,0.9647165162906381,3.3458821814142135,0.3909803629174016,0.4698606200744984,0.5768989597360132,ETTm2,raw,39168,39264,raw:39168:1,high,high
2,0.7225630739239643,0.2350557647722723,0.06583611416271537,0.25,0.8960496236648784,3.3458821814142135,0.3909803629174016,0.341151650952984,0.5123433288607601,ETTm2,raw,39168,39264,raw:39168:2,mid,mid
3,0.42897797228540513,0.1791927632575424,0.6106576602215361,0.75,0.9223964627290941,3.3458821814142135,0.3909803629174016,0.40627613192149453,0.6877922752154987,ETTm2,raw,39168,39264,raw:39168:3,mid,high
4,0.6255700285205317,0.10144926525296834,0.1858611209266367,0.0,0.8205963996810716,3.3458821814142135,0.3909803629174016,0.30429347156671227,0.40385892086615777,ETTm2,raw,39168,39264,raw:39168:4,low,mid
5,0.0,0.0,0.0,0.0,-0.0,3.3458821814142135,0.3909803629174016,0.0,0.13032678763913388,ETTm2,raw,39168,39264,raw:39168:5,low,low
6,0.931168550194211,0.2854547028561045,0.7392628296062084,0.25,0.6651754399906951,3.3458821814142135,0.3909803629174016,0.6519620275521746,0.4353852676360322,ETTm2,raw,39168,39264,raw:39168:6,high,mid
0,0.824803056996049,0.3390177295735134,0.20379707497627067,0.625,0.903202251134708,0.9999999900000094,0.0,0.4558726205152777,0.509400750378236,ETTm2,raw,39264,39360,raw:39264:0,high,mid
1,0.2912082694963042,0.2552904395373808,0.5451128971715237,0.625,0.8534239491421849,0.9999999900000094,0.0,0.3638705354017362,0.492807983047395,ETTm2,raw,39264,39360,raw:39264:1,mid,mid
2,0.8227548957984606,0.2381450534499568,0.1273097401707838,0.5,0.932794821520043,0.9999999900000094,0.0,0.3960698964730671,0.47759827384001435,ETTm2,raw,39264,39360,raw:39264:2,mid,mid
3,0.41563366865986484,0.15152975497437843,0.38013580734596697,0.75,0.9181923770488024,0.9999999900000094,0.0,0.31576641032673675,0.5560641256829341,ETTm2,raw,39264,39360,raw:39264:3,low,mid
4,0.3410880663932324,0.2632887032899055,0.4319629236995943,0.125,0.8037170891707875,0.9999999900000094,0.0,0.34544656446091077,0.3095723630569292,ETTm2,raw,39264,39360,raw:39264:4,mid,low
5,0.9999999972463283,0.25884746480938825,0.855891439566746,0.0,0.6650845134474896,0.9999999900000094,0.0,0.7049129672074875,0.22169483781582988,ETTm2,raw,39264,39360,raw:39264:5,high,low
6,0.9500681130906568,0.10981658786379278,0.27112661570700297,0.0,0.38393340245401547,0.9999999900000094,0.0,0.4436704388871508,0.12797780081800517,ETTm2,raw,39264,39360,raw:39264:6,high,low
0,0.4999249218324362,0.15265844435701986,0.5425627622805451,0.625,0.9611519914997221,2.114791970586341,0.18579866145472573,0.3983820428233337,0.5906502176514826,ETTm2,raw,39456,39552,raw:39456:0,mid,high
1,0.16959063627127113,0.21138994568970165,0.47300587865560517,0.5,0.942089433275844,2.114791970586341,0.18579866145472573,0.2846621535388593,0.54262936491019,ETTm2,raw,39456,39552,raw:39456:1,low,mid
2,0.7874134059397933,0.3023870884971783,0.5088402093485367,0.75,0.9030097906172532,2.114791970586341,0.18579866145472573,0.5328802345951694,0.6129361506906597,ETTm2,raw,39456,39552,raw:39456:2,high,high
3,0.21910465018054726,0.3295915058545117,0.5051163957333125,0.875,0.8702919986463521,2.114791970586341,0.18579866145472573,0.3512708505894571,0.6436968867003593,ETTm2,raw,39456,39552,raw:39456:3,mid,high
4,0.178895597821761,0.1786534806985324,0.10805082654253742,0.0,0.6994318504633819,2.114791970586341,0.18579866145472573,0.15519996835427693,0.2950768373060359,ETTm2,raw,39456,39552,raw:39456:4,low,low
5,0.9999999999889922,0.17061434594301095,5.739469858082941e-06,0.0,0.789234781736793,2.114791970586341,0.18579866145472573,0.39020669513395373,0.3250111477305062,ETTm2,raw,39456,39552,raw:39456:5,mid,low
6,0.6786229203848704,0.014100218889573628,0.1776721766512877,0.125,0.5892481571409166,2.114791970586341,0.18579866145472573,0.29013177197524387,0.30001560619854745,ETTm2,raw,39456,39552,raw:39456:6,low,low
0,0.9137835425556816,0.1274862546351494,0.10713415032592206,0.375,0.902290945045458,2.711199614253199,0.2851999352335333,0.38280131583891763,0.5208302934263305,ETTm2,raw,39552,39648,raw:39552:0,mid,mid
1,0.7355336927844583,0.19159123861581062,0.19991982876117154,0.75,0.9283945079379635,2.711199614253199,0.2851999352335333,0.3756815867204802,0.6545314810571656,ETTm2,raw,39552,39648,raw:39552:1,mid,high
2,0.8162337072115654,0.10041137533646613,0.06532518050335404,0.125,0.8297284274481737,2.711199614253199,0.2851999352335333,0.3273234210171285,0.4133094542272357,ETTm2,raw,39552,39648,raw:39552:2,mid,mid
3,0.4597123416905121,0.3800223073720176,0.24142131353779162,0.625,0.955200812853269,2.711199614253199,0.2851999352335333,0.3603853208667738,0.6218002493622674,ETTm2,raw,39552,39648,raw:39552:3,mid,high
4,0.6788051000317616,0.13685978805633967,0.5097470133791863,0.625,0.9214287460309502,2.711199614253199,0.2851999352335333,0.44180396715576253,0.6105428937548277,ETTm2,raw,39552,39648,raw:39552:4,high,high
5,0.9999999999961361,0.14309985850933554,0.5020287891048544,0.375,0.8802347752116557,2.711199614253199,0.2851999352335333,0.5483762158701087,0.513478236815063,ETTm2,raw,39552,39648,raw:39552:5,high,mid
6,0.944015480658429,0.008355901346627151,0.020882015438665726,0.0,0.5099865739092599,2.711199614253199,0.2851999352335333,0.3244177991479073,0.2650621697142644,ETTm2,raw,39552,39648,raw:39552:6,mid,low
0,0.5851023833818445,0.08493255011480721,0.10355620286562121,0.125,0.7027236720789276,0.9999999900000224,0.0,0.25786371212075765,0.2759078906929759,ETTm2,raw,39744,39840,raw:39744:0,low,low
1,0.4696086138303669,0.45988189073271135,0.4122791219379718,0.5,0.9459950188057639,0.9999999900000224,0.0,0.44725654216701666,0.48199833960192134,ETTm2,raw,39744,39840,raw:39744:1,high,mid
2,0.7086130174563127,0.057893690441370375,0.0591337732217255,0.0,0.6287932799257969,0.9999999900000224,0.0,0.2752134937064695,0.20959775997526564,ETTm2,raw,39744,39840,raw:39744:2,low,low
3,0.4626631248724219,0.3127152994282018,0.4569033332399967,0.375,0.9263500826682772,0.9999999900000224,0.0,0.41076058584687347,0.43378336088942576,ETTm2,raw,39744,39840,raw:39744:3,high,mid
4,0.6888207674069052,0.21737350637246577,0.4898809595059352,1.0,0.9937380640054096,0.9999999900000224,0.0,0.46535841109510206,0.6645793546684698,ETTm2,raw,39744,39840,raw:39744:4,high,high
5,0.9999999990862563,0.19554302545741692,0.12830202618505374,0.375,0.9649667832888553,0.9999999900000224,0.0,0.4412816835762423,0.44665559442961844,ETTm2,raw,39744,39840,raw:39744:5,high,mid
6,0.865613626421234,0.022628239256671255,0.05025286000146419,0.0,0.3840998335193141,0.9999999900000224,0.0,0.3128315752264565,0.12803327783977136,ETTm2,raw,39744,39840,raw:39744:6,low,low
0,0.6875987420676961,0.13577230499122928,0.1093477131238219,0.5,0.9476107716865122,2.5857922399069784,0.2642987062106652,0.3109062533942491,0.5706364926323925,ETTm2,raw,39840,39936,raw:39840:0,low,high
1,0.5663545188764584,0.26797679753586234,0.2962243346122398,0.75,0.9798399275688432,2.5857922399069784,0.2642987062106652,0.3768518836748535,0.6647128779265028,ETTm2,raw,39840,39936,raw:39840:1,mid,high
2,0.754510357112633,0.040255447009851245,0.1132735715442155,0.25,0.7530242894643643,2.5857922399069784,0.2642987062106652,0.30267979188889993,0.4224409985583432,ETTm2,raw,39840,39936,raw:39840:2,low,mid
3,0.2301970243272896,0.11996493519368838,0.2375803129998528,0.0,0.7786960492991699,2.5857922399069784,0.2642987062106652,0.19591409084027692,0.34766491850327835,ETTm2,raw,39840,39936,raw:39840:3,low,low
4,0.32448216700706334,0.12406944692344558,0.5820116431448346,0.125,0.617161266369984,2.5857922399069784,0.2642987062106652,0.3435210856917812,0.3354866575268831,ETTm2,raw,39840,39936,raw:39840:4,mid,low
5,0.12352751913117155,0.10401585980956889,0.3523769562005296,0.0,0.6250315772907074,2.5857922399069784,0.2642987062106652,0.19330677838042334,0.29644342783379085,ETTm2,raw,39840,39936,raw:39840:5,low,low
6,0.89159292758961,0.04689822922290256,0.03194963879721182,0.0,0.6113761577095119,2.5857922399069784,0.2642987062106652,0.3234802652032414,0.2918916213067257,ETTm2,raw,39840,39936,raw:39840:6,low,low
0,0.9249115127636234,0.18282477794402172,0.023122574876512647,0.25,0.8717610130394235,2.695414534893585,0.28256908867798236,0.3769529551947193,0.46811003390580197,ETTm2,raw,40032,40128,raw:40032:0,mid,mid
1,0.22660777054762438,0.20832663419939546,0.3631838280472551,0.5,0.780021341290665,2.695414534893585,0.28256908867798236,0.26603941093142497,0.5208634766562158,ETTm2,raw,40032,40128,raw:40032:1,low,mid
2,0.9686277893994746,0.21504668686424905,0.04364204956264167,0.125,0.7876404266945883,2.695414534893585,0.28256908867798236,0.40910550860878847,0.3984031717908569,ETTm2,raw,40032,40128,raw:40032:2,high,mid
3,0.3847432064964843,0.1916280878744775,0.6129846178990355,0.375,0.8536654727470226,2.695414534893585,0.28256908867798236,0.3964519707566658,0.503744853808335,ETTm2,raw,40032,40128,raw:40032:3,mid,mid
4,0.8302495919474514,0.1997240698453555,0.21913559818952194,1.0,0.9658522722048443,2.695414534893585,0.28256908867798236,0.4163697533274429,0.7494737869609422,ETTm2,raw,40032,40128,raw:40032:4,high,high
5,0.8550748801714656,0.16783845952440574,0.04370974422568207,0.625,0.9569799695236993,2.695414534893585,0.28256908867798236,0.3555410279738511,0.6215163527338939,ETTm2,raw,40032,40128,raw:40032:5,mid,high
6,0.9355899125390291,0.011565235152100846,0.0058452980440797065,0.0,0.5117089027586619,2.695414534893585,0.28256908867798236,0.3176668152450699,0.2647593304788814,ETTm2,raw,40032,40128,raw:40032:6,low,low
0,0.7847334778450195,0.4547238025632394,0.17960657275885722,0.375,0.8354321742898809,0.9999999900000087,0.0,0.4730212843890387,0.4034773914299603,ETTm2,raw,40128,40224,raw:40128:0,high,mid
1,0.39579639464580174,0.23189892693928596,0.5709674943380417,0.25,0.8422078358502236,0.9999999900000087,0.0,0.3995542719743765,0.3640692786167412,ETTm2,raw,40128,40224,raw:40128:1,mid,low
2,0.8956787611670335,0.3022671125502745,0.11443480220439682,0.25,0.7913588445512685,0.9999999900000087,0.0,0.437460225307235,0.3471196148504228,ETTm2,raw,40128,40224,raw:40128:2,high,low
3,0.7293643181662512,0.21690843132150994,0.17918602258212202,0.375,0.8401206917614863,0.9999999900000087,0.0,0.3751529240232944,0.4050402305871621,ETTm2,raw,40128,40224,raw:40128:3,mid,mid
4,0.083980794976654,0.2228830469719879,0.46327800013142173,0.0,0.8172067012647115,0.9999999900000087,0.0,0.25671394736002123,0.27240223375490386,ETTm2,raw,40128,40224,raw:40128:4,low,low
5,0.9999999888983441,0.11019619317297191,0.0,0.0,0.5686564945604766,0.9999999900000087,0.0,0.370065394023772,0.18955216485349222,ETTm2,raw,40128,40224,raw:40128:5,mid,low
6,0.9175315597543588,0.011386883234349806,0.009604366277138716,0.0,0.5304414433220437,0.9999999900000087,0.0,0.3128409364219491,0.17681381444068123,ETTm2,raw,40128,40224,raw:40128:6,low,low
0,0.9286650322423502,0.1489882373413034,0.019624490878362502,0.125,0.761782929096869,1.537589067217647,0.08959817772027756,0.3657592534873387,0.32546036893904884,ETTm2,raw,40224,40320,raw:40224:0,mid,low
1,0.6888933272576299,0.25287304774132136,0.15323058816319424,0.375,0.9472187332044634,1.537589067217647,0.08959817772027756,0.36499898772071515,0.47060563697491364,ETTm2,raw,40224,40320,raw:40224:1,mid,mid
2,0.899239217673198,0.08520136903056968,0.02626820084473151,0.0,0.6463853588496185,1.537589067217647,0.08959817772027756,0.3369029291828331,0.24532784552329867,ETTm2,raw,40224,40320,raw:40224:2,mid,low
3,0.49998728089476197,0.05864758254605574,0.2207938218760605,0.125,0.8198756342546971,1.537589067217647,0.08959817772027756,0.2598095617722927,0.3448246039916582,ETTm2,raw,40224,40320,raw:40224:3,low,low
4,0.0,0.1656849037242941,0.31069589001026005,1.0,0.9389011139888266,1.537589067217647,0.08959817772027756,0.15879359791151804,0.6761664305697014,ETTm2,raw,40224,40320,raw:40224:4,low,high
5,0.0,0.05115624456823994,0.021502148393191735,0.125,0.8135762381080616,1.537589067217647,0.08959817772027756,0.024219464320477224,0.3427248052761131,ETTm2,raw,40224,40320,raw:40224:5,low,low
6,0.6169204486121149,0.06031661174964358,0.05498585785805678,0.0,0.4461087508939689,1.537589067217647,0.08959817772027756,0.24407430607327174,0.1785689762047488,ETTm2,raw,40224,40320,raw:40224:6,low,low
0,0.8437262669715058,0.1916909391337333,0.06332882567571467,0.5,0.9031090076025756,0.9999999900000082,0.0,0.36624867726031796,0.4677030025341919,ETTm2,raw,40416,40512,raw:40416:0,mid,mid
1,0.8851412314983208,0.34796695201291117,0.2608414051250523,0.375,0.9395885465058916,0.9999999900000082,0.0,0.4979831962120948,0.4381961821686306,ETTm2,raw,40416,40512,raw:40416:1,high,mid
2,0.8538245995789269,0.2016018125998625,0.045203078646366274,0.375,0.8426852979047923,0.9999999900000082,0.0,0.3668764969417185,0.40589509930159745,ETTm2,raw,40416,40512,raw:40416:2,mid,mid
3,0.7038460618802385,0.38849219139816416,0.41783298794199714,0.25,0.8975204764689217,0.9999999900000082,0.0,0.5033904137401332,0.3825068254896406,ETTm2,raw,40416,40512,raw:40416:3,high,mid
4,0.75444266761422,0.2803106878351488,0.45410891533228515,1.0,0.977011983976031,0.9999999900000082,0.0,0.4962874235938847,0.659003994658677,ETTm2,raw,40416,40512,raw:40416:4,high,high
5,0.9999999969886396,0.12589891003001263,0.0,0.25,0.8740340476597761,0.9999999900000082,0.0,0.3752996356728841,0.37467801588659205,ETTm2,raw,40416,40512,raw:40416:5,mid,mid
6,0.9506980043551265,0.04511402196659386,0.20097685157690684,0.125,0.577377912374345,0.9999999900000082,0.0,0.3989296259662091,0.23412597079144834,ETTm2,raw,40416,40512,raw:40416:6,mid,low
0,0.9431690368106651,0.543042403192142,0.025175760288094175,0.75,0.9211257955133685,1.4415405908135235,0.07359009834627042,0.5037957334303004,0.5815719646198797,ETTm2,raw,40512,40608,raw:40512:0,high,high
1,0.7459707504016284,0.3291554455089367,0.28019833570517066,1.0,0.9891951778808965,1.4415405908135235,0.07359009834627042,0.45177484387191197,0.6875950920757222,ETTm2,raw,40512,40608,raw:40512:1,high,high
2,0.9513004810395314,0.4942527439745355,0.016462049080730574,0.875,0.9219331314369006,1.4415405908135235,0.07359009834627042,0.48733842469826577,0.6235077432610571,ETTm2,raw,40512,40608,raw:40512:2,high,high
3,0.606483393458163,0.26409619908219295,0.2538246917179136,0.625,0.8069392791180278,1.4415405908135235,0.07359009834627042,0.37480142808608985,0.5018431258214328,ETTm2,raw,40512,40608,raw:40512:3,mid,mid
4,0.9999999989509696,0.11435675594590922,0.5224808776810599,0.25,0.8632508154023769,1.4415405908135235,0.07359009834627042,0.5456125441926462,0.39561363791621584,ETTm2,raw,40512,40608,raw:40512:4,high,mid
5,0.9999999999999997,0.1800909350369836,0.9546944026726621,0.375,0.9243849261528475,1.4415405908135235,0.07359009834627042,0.7115951125698818,0.457658341499706,ETTm2,raw,40512,40608,raw:40512:5,high,mid
6,0.9837903618675558,0.007936169025620705,0.0007159662037874127,0.0,0.5093716095294216,1.4415405908135235,0.07359009834627042,0.33081416569898797,0.19432056929189734,ETTm2,raw,40512,40608,raw:40512:6,mid,low
0,0.4368819548451275,0.13139731388317138,0.5023376011308883,0.875,0.8716803550779397,0.9999999900000178,0.0,0.35687228995306236,0.5822267850259799,ETTm2,raw,40704,40800,raw:40704:0,mid,high
1,0.10291622896639196,0.09230269635062452,0.31051479434028667,0.5,0.9372741156205208,0.9999999900000178,0.0,0.1685779065524344,0.47909137187350687,ETTm2,raw,40704,40800,raw:40704:1,low,mid
2,0.2637213147044053,0.13612889768570305,0.38295866543642904,0.875,0.9172225941654094,0.9999999900000178,0.0,0.2609362926088458,0.5974075313884698,ETTm2,raw,40704,40800,raw:40704:2,low,high
3,0.13671128882779204,0.14626585780365325,0.47765459549928185,0.75,0.869633150615201,0.9999999900000178,0.0,0.25354391404357574,0.5398777168717337,ETTm2,raw,40704,40800,raw:40704:3,low,mid
4,0.9999999974049477,0.1071011363384321,0.3149286407191932,0.0,0.5996541540155937,0.9999999900000178,0.0,0.47400992482085763,0.19988471800519791,ETTm2,raw,40704,40800,raw:40704:4,high,low
5,0.9999999991221706,0.19739860149277366,0.08055677127437959,0.0,0.7500997602016847,0.9999999900000178,0.0,0.4259851239631079,0.25003325340056154,ETTm2,raw,40704,40800,raw:40704:5,high,low
6,0.7906723839268575,0.027111287188852265,0.2811469283263638,0.125,0.603941177774883,0.9999999900000178,0.0,0.3663101998140245,0.24298039259162765,ETTm2,raw,40704,40800,raw:40704:6,mid,low
0,0.19165466303056033,0.4256977162100397,0.4976818961125828,1.0,0.8989824793351651,0.999999990000015,0.0,0.37167809178439426,0.6329941597783884,ETTm2,raw,40800,40896,raw:40800:0,mid,high
1,0.36810388367500946,0.2422810470895197,0.3070856807194734,0.625,0.9622313594251067,0.999999990000015,0.0,0.3058235371613342,0.5290771198083689,ETTm2,raw,40800,40896,raw:40800:1,low,mid
2,0.47198571721158333,0.27610962629798663,0.3794889349303626,1.0,0.8945356618172694,0.999999990000015,0.0,0.3758614261466442,0.6315118872724231,ETTm2,raw,40800,40896,raw:40800:2,mid,high
3,0.3246261117157875,0.15428109709821142,0.49409617752410073,1.0,0.9255682095092171,0.999999990000015,0.0,0.32433446211269984,0.6418560698364058,ETTm2,raw,40800,40896,raw:40800:3,mid,high
4,0.7878507476659256,0.3871075654093967,0.20615173486955685,0.25,0.8791849320262515,0.999999990000015,0.0,0.4603700159816264,0.3763949773420838,ETTm2,raw,40800,40896,raw:40800:4,high,mid
5,0.9999999943948411,0.30327683647905346,0.20609268692693067,0.0,0.8674250351133536,0.999999990000015,0.0,0.5031231726002751,0.28914167837111787,ETTm2,raw,40800,40896,raw:40800:5,high,low
6,0.9999999897649416,0.039967444202333974,0.33749165559564503,0.125,0.5073631581938127,0.999999990000015,0.0,0.4591530298543069,0.21078771939793758,ETTm2,raw,40800,40896,raw:40800:6,high,low
0,0.0,0.0,0.0,0.0,-0.0,1.0,0.0,0.0,0.0,ETTm2,raw,40896,40992,raw:40896:0,low,low
1,0.0,0.0,0.0,0.0,-0.0,1.0,0.0,0.0,0.0,ETTm2,raw,40896,40992,raw:40896:1,low,low
2,0.0,0.0,0.0,0.0,-0.0,1.0,0.0,0.0,0.0,ETTm2,raw,40896,40992,raw:40896:2,low,low
3,0.0,0.0,0.0,0.0,-0.0,1.0,0.0,0.0,0.0,ETTm2,raw,40896,40992,raw:40896:3,low,low
4,0.0,0.0,0.0,0.0,-0.0,1.0,0.0,0.0,0.0,ETTm2,raw,40896,40992,raw:40896:4,low,low
5,0.0,0.0,0.0,0.0,-0.0,1.0,0.0,0.0,0.0,ETTm2,raw,40896,40992,raw:40896:5,low,low
6,0.0,0.0,0.0,0.0,-0.0,1.0,0.0,0.0,0.0,ETTm2,raw,40896,40992,raw:40896:6,low,low
0,0.43114293168307993,0.3895110235608983,0.5188882474054791,0.625,0.9369807881228958,0.9999999900000369,0.0,0.44651406754981915,0.5206602627076319,ETTm2,raw,41088,41184,raw:41088:0,high,mid
1,0.3823620350565837,0.1910733885606593,0.20871410032128057,0.625,0.9536549428817273,0.9999999900000369,0.0,0.26071650797950785,0.5262183142939091,ETTm2,raw,41088,41184,raw:41088:1,low,mid
2,0.48731939500162336,0.4074281350055955,0.19216479839993778,0.625,0.9483927703361396,0.9999999900000369,0.0,0.3623041094690522,0.5244642567787131,ETTm2,raw,41088,41184,raw:41088:2,mid,mid
3,0.173501011094229,0.1696103186320534,0.16465159891833986,0.5,0.8974855231504807,0.9999999900000369,0.0,0.16925430954820742,0.46582850771682693,ETTm2,raw,41088,41184,raw:41088:3,low,mid
4,0.9999999951537916,0.21955869767299785,0.11819003998238413,0.375,0.9153677221112899,0.9999999900000369,0.0,0.4459162442697245,0.43012257403709664,ETTm2,raw,41088,41184,raw:41088:4,high,mid
5,0.0,0.2835080494962616,0.4031959923661184,0.625,0.939534928975538,0.9999999900000369,0.0,0.22890134728746,0.5215116429918459,ETTm2,raw,41088,41184,raw:41088:5,low,mid
6,0.7058908988243355,0.034350557356407345,0.005155365227824918,0.0,0.6134815974230615,0.9999999900000369,0.0,0.24846560713618926,0.20449386580768716,ETTm2,raw,41088,41184,raw:41088:6,low,low
0,0.47243784571426606,0.26203284557043427,0.6577413520158155,1.0,0.9322766194659826,2.065499476578135,0.1775832458003838,0.46407068110017197,0.7032866217554554,ETTm2,raw,41184,41280,raw:41184:0,high,high
1,0.4715015426800556,0.20098188218356305,0.4434260862696241,1.0,0.9239108028085069,2.065499476578135,0.1775832458003838,0.3719698370444142,0.7004980162029636,ETTm2,raw,41184,41280,raw:41184:1,mid,high
2,0.5670844717915351,0.2577562255503393,0.4726494010402357,0.875,0.9717618572305078,2.065499476578135,0.1775832458003838,0.43249669946070335,0.6747817010102972,ETTm2,raw,41184,41280,raw:41184:2,high,high
3,0.39460682969102423,0.27595761881399355,0.49063863547777825,1.0,0.8737267729099472,2.065499476578135,0.1775832458003838,0.387067694660932,0.683770006236777,ETTm2,raw,41184,41280,raw:41184:3,mid,high
4,0.9845632213006672,0.12629514415990378,0.17915910399765186,0.5,0.9233711224288613,2.065499476578135,0.1775832458003838,0.430005823152741,0.5336514560764151,ETTm2,raw,41184,41280,raw:41184:4,high,mid
5,0.9999999999999937,0.11987381815143452,0.0003599847355754338,0.125,0.7838117442579111,2.065499476578135,0.1775832458003838,0.3734112676290013,0.362131663352765,ETTm2,raw,41184,41280,raw:41184:5,mid,low
6,0.7733851770706652,0.03782548697408977,0.13338357635265224,0.125,0.5475120817300418,2.065499476578135,0.1775832458003838,0.31486474679913573,0.2833651091768085,ETTm2,raw,41184,41280,raw:41184:6,low,low
0,0.9340902682021134,0.1498173272945313,0.00764136451213573,0.625,0.8992421176113231,0.9999999900000103,0.0,0.3638496533362601,0.508080705870441,ETTm2,raw,41376,41472,raw:41376:0,mid,mid
1,0.7231551514306566,0.25952397940525407,0.19600628579564647,1.0,0.9267845396610825,0.9999999900000103,0.0,0.3928951388771857,0.6422615132203608,ETTm2,raw,41376,41472,raw:41376:1,mid,high
2,0.7047182360480735,0.3317133054809891,0.13429141078336537,0.875,0.8607799428230597,0.9999999900000103,0.0,0.3902409841041427,0.5785933142743532,ETTm2,raw,41376,41472,raw:41376:2,mid,high
3,0.19940542796429472,0.24586038170143437,0.4553569428209371,0.875,0.9636297018438735,0.9999999900000103,0.0,0.30020758416222204,0.6128765672812911,ETTm2,raw,41376,41472,raw:41376:3,low,high
4,0.999999999688994,0.1912753595250759,0.04174503945245557,0.375,0.8182548363365755,0.9999999900000103,0.0,0.4110067995555085,0.39775161211219184,ETTm2,raw,41376,41472,raw:41376:4,high,mid
5,0.9999999971847913,0.10692001857682142,0.0,1.0,0.9796860539894616,0.9999999900000103,0.0,0.3689733385872042,0.6598953513298206,ETTm2,raw,41376,41472,raw:41376:5,mid,high
6,0.9576763572741923,0.024461172385270583,0.04735308136749235,0.0,0.555425616805397,0.9999999900000103,0.0,0.3431635370089851,0.18514187226846568,ETTm2,raw,41376,41472,raw:41376:6,mid,low
0,0.40926820388963847,0.30057179279010443,0.5439543717510108,0.625,0.9619965817158804,0.9999999900000338,0.0,0.4179314561435845,0.5289988605719601,ETTm2,raw,41472,41568,raw:41472:0,high,mid
1,0.5105307592177927,0.20650799361697866,0.2706676058275935,0.375,0.9460540226483631,0.9999999900000338,0.0,0.329235452887455,0.4403513408827877,ETTm2,raw,41472,41568,raw:41472:1,mid,mid
2,0.4987889614833091,0.31394881922623785,0.544758289073295,0.875,0.9239285060199525,0.9999999900000338,0.0,0.452498689927614,0.5996428353399842,ETTm2,raw,41472,41568,raw:41472:2,high,high
3,0.6334615765318639,0.3232205924182145,0.39453893096337533,0.5,0.9651156273296535,0.9999999900000338,0.0,0.45040703330448456,0.48837187577655117,ETTm2,raw,41472,41568,raw:41472:3,high,mid
4,0.8175196795985843,0.27873101871792044,0.2484673522275114,0.625,0.8714209939547664,0.9999999900000338,0.0,0.4482393501813387,0.4988069979849221,ETTm2,raw,41472,41568,raw:41472:4,high,mid
5,0.9999999990199144,0.22485954222267127,0.0,0.75,0.9662927722669288,0.9999999900000338,0.0,0.4082865137475286,0.5720975907556429,ETTm2,raw,41472,41568,raw:41472:5,high,high
6,0.7058899361112133,0.23026813890440723,0.05289527012501489,0.125,0.5775322473650456,0.9999999900000338,0.0,0.3296844483802118,0.23417741578834853,ETTm2,raw,41472,41568,raw:41472:6,mid,low
0,0.21343507693754082,0.3201485686569312,0.5189479930305639,0.625,0.9563010395270185,0.9999999900000576,0.0,0.35084387954167867,0.5271003465090062,ETTm2,raw,41664,41760,raw:41664:0,mid,mid
1,0.24142367018898425,0.4099618106363961,0.6520659478701957,0.5,0.9164660353159841,0.9999999900000576,0.0,0.43448380956519195,0.47215534510532803,ETTm2,raw,41664,41760,raw:41664:1,high,mid
2,0.8441848985607777,0.3555682304656583,0.07429062537966977,0.75,0.9614114699125587,0.9999999900000576,0.0,0.42468125146870195,0.5704704899708529,ETTm2,raw,41664,41760,raw:41664:2,high,high
3,0.7444122072786055,0.25442337080305477,0.2629589442862585,0.625,0.9054444742550484,0.9999999900000576,0.0,0.4205981741226396,0.5101481580850161,ETTm2,raw,41664,41760,raw:41664:3,high,mid
4,0.9999999996832851,0.056152431775206874,0.4876490834368042,0.125,0.8505476246188711,0.9999999900000576,0.0,0.5146005049650987,0.3251825415396237,ETTm2,raw,41664,41760,raw:41664:4,high,low
5,0.0,0.3156985722771295,0.5,1.0,0.7742091836987589,0.9999999900000576,0.0,0.2718995240923765,0.5914030612329196,ETTm2,raw,41664,41760,raw:41664:5,low,high
6,0.9209876200265962,0.03084439951107023,0.0023533352419609975,0.0,0.5240418485597771,0.9999999900000576,0.0,0.31806178492654247,0.17468061618659236,ETTm2,raw,41664,41760,raw:41664:6,low,low
0,0.7298532865831684,0.1269274686340774,0.08114401866414384,0.375,0.9846200560094978,0.9999999900000354,0.0,0.31264159129379654,0.45320668533649927,ETTm2,raw,41760,41856,raw:41760:0,low,mid
1,0.7495207938568595,0.39906992780658035,0.46164603873254356,0.875,0.9642012519482519,0.9999999900000354,0.0,0.5367455867986611,0.6130670839827507,ETTm2,raw,41760,41856,raw:41760:1,high,high
2,0.7890860539929123,0.1321950009443523,0.031475581767354474,0.5,0.976135383833325,0.9999999900000354,0.0,0.31758554556820634,0.4920451279444416,ETTm2,raw,41760,41856,raw:41760:2,low,mid
3,0.5654402053451775,0.4933130744783908,0.47502420513111737,0.875,0.9231109483372968,0.9999999900000354,0.0,0.5112591616515618,0.5993703161124323,ETTm2,raw,41760,41856,raw:41760:3,high,high
4,0.532300535357548,0.31508769475667087,0.4423024701910467,1.0,0.883595520692711,0.9999999900000354,0.0,0.4298969001017552,0.627865173564237,ETTm2,raw,41760,41856,raw:41760:4,high,high
5,0.0,0.47491756336320634,0.34793648677780076,1.0,0.8230938368566021,0.9999999900000354,0.0,0.2742846833803357,0.6076979456188674,ETTm2,raw,41760,41856,raw:41760:5,low,high
6,0.7374199198936966,0.01998815831633701,0.12716466384524627,0.0,0.5409775165232587,0.9999999900000354,0.0,0.2948575806850933,0.18032583884108622,ETTm2,raw,41760,41856,raw:41760:6,low,low
0,0.25561471537785063,0.21775184937279635,0.49003451316151403,0.625,0.9573585139109303,2.427289073537482,0.2378815118597778,0.321133692637387,0.6067466752569027,ETTm2,raw,41856,41952,raw:41856:0,low,high
1,0.5659852082246373,0.18032602939228987,0.36602350096910546,0.75,0.8750964144087012,2.427289073537482,0.2378815118597778,0.3707782461953442,0.620992642089493,ETTm2,raw,41856,41952,raw:41856:1,mid,high
2,0.674263442446882,0.402632110054855,0.37603713245326187,0.25,0.9178051304718601,2.427289073537482,0.2378815118597778,0.48431089498499963,0.46856221411054594,ETTm2,raw,41856,41952,raw:41856:2,high,mid
3,0.2793230295400877,0.11176795273947177,0.43134406982341605,0.75,0.8962482505670253,2.427289073537482,0.2378815118597778,0.2741450173676585,0.6280432541422677,ETTm2,raw,41856,41952,raw:41856:3,low,high
4,0.9372271544700921,0.1283278224024942,0.010338077092743463,0.125,0.8664676012688357,2.427289073537482,0.2378815118597778,0.35863101798844327,0.4097830377095379,ETTm2,raw,41856,41952,raw:41856:4,mid,mid
5,1.0,0.09352045437395984,0.012668518828040837,0.375,0.8482787665022212,2.427289073537482,0.2378815118597778,0.36872965773400024,0.48705342612066643,ETTm2,raw,41856,41952,raw:41856:5,mid,mid
6,0.5220243062710901,0.012701716741816738,0.7628496822032008,0.0,0.594714839041457,2.427289073537482,0.2378815118597778,0.4325252350720359,0.2775321169670783,ETTm2,raw,41856,41952,raw:41856:6,high,low
0,0.801505322592954,0.12520627731613804,0.11572166291155844,0.5,0.9510459822873291,2.7879740978713743,0.2979956824819029,0.34747775427355015,0.5830138882564105,ETTm2,raw,42048,42144,raw:42048:0,mid,high
1,0.6494139181705023,0.20638326959558592,0.5860754791533246,0.625,0.9685937407831616,2.7879740978713743,0.2979956824819029,0.48062422230647095,0.6305298077550215,ETTm2,raw,42048,42144,raw:42048:1,high,high
2,0.762543189460016,0.15312971158465327,0.02378899501813991,0.5,0.9149688506266441,2.7879740978713743,0.2979956824819029,0.3131539653542697,0.570988177702849,ETTm2,raw,42048,42144,raw:42048:2,low,high
3,0.41754576120716613,0.24037133183890635,0.5165500265688595,0.75,0.9692967741303716,2.7879740978713743,0.2979956824819029,0.391489039871644,0.6724308188707582,ETTm2,raw,42048,42144,raw:42048:3,mid,high
4,0.8917577474449035,0.14387223662477255,0.4899928710750733,1.0,0.957272412351938,2.7879740978713743,0.2979956824819029,0.5085409517149165,0.7517560316112802,ETTm2,raw,42048,42144,raw:42048:4,high,high
5,0.7589028348432608,0.17262846121046455,0.8327919888195161,0.25,0.8993594809630282,2.7879740978713743,0.2979956824819029,0.5881077616244138,0.4824517211483103,ETTm2,raw,42048,42144,raw:42048:5,high,mid
6,0.9161308745381835,0.010478957046646553,0.0013189957331591448,0.0,0.48943305192148717,2.7879740978713743,0.2979956824819029,0.3093096091059964,0.26247624480113,ETTm2,raw,42048,42144,raw:42048:6,low,low
0,0.5373409430551535,0.2135706932694305,0.13194930498872776,1.0,0.9707711405517337,3.4056714336937124,0.40094523828071,0.2942869804377706,0.7905721262774813,ETTm2,raw,42144,42240,raw:42144:0,low,high
1,0.3211440395358365,0.2503169753203206,0.5721091253657105,1.0,0.9084944276470076,3.4056714336937124,0.40094523828071,0.38119004674062246,0.7698132219759058,ETTm2,raw,42144,42240,raw:42144:1,mid,high
2,0.6774378497035076,0.15271337092373982,0.12150446438393483,0.75,0.987034172064688,3.4056714336937124,0.40094523828071,0.3172185616703941,0.712659803448466,ETTm2,raw,42144,42240,raw:42144:2,low,high
3,0.2593771110386057,0.3464042576036954,0.2365465542955028,1.0,0.9101024603710297,3.4056714336937124,0.40094523828071,0.2807759743126013,0.7703492328839133,ETTm2,raw,42144,42240,raw:42144:3,low,high
4,0.5643128752301546,0.2913212910510665,0.5144904001963537,0.625,0.9681779458236739,3.4056714336937124,0.40094523828071,0.45670818882585823,0.6647077280347946,ETTm2,raw,42144,42240,raw:42144:4,high,high
5,0.8402905970413046,0.3168460847969219,0.18944796451087742,0.375,0.8779794964790503,3.4056714336937124,0.40094523828071,0.4488615487830347,0.55130824491992,ETTm2,raw,42144,42240,raw:42144:5,high,mid
6,0.9199700949099967,0.012565921203452159,0.0030541884324063037,0.0,0.5215851592595936,3.4056714336937124,0.40094523828071,0.3118634015152851,0.30751013251343456,ETTm2,raw,42144,42240,raw:42144:6,low,low
0,0.6484987534545015,0.2887525134218891,0.13763337096508274,0.75,0.9434257344691088,0.9999999900000255,0.0,0.35829487928049114,0.5644752448230362,ETTm2,raw,42336,42432,raw:42336:0,mid,high
1,0.9999999998998932,0.37362875484582103,0.6533723663900246,0.875,0.9596457885335956,0.9999999900000255,0.0,0.6756670403785797,0.6115485961778652,ETTm2,raw,42336,42432,raw:42336:1,high,high
2,0.6768737197258671,0.2782583032075312,0.1319635716935819,0.5,0.929536118082332,0.9999999900000255,0.0,0.36236519820899343,0.47651203936077735,ETTm2,raw,42336,42432,raw:42336:2,mid,mid
3,0.827023081390143,0.3729274296737691,0.7238344351539846,0.75,0.9137918804860466,0.9999999900000255,0.0,0.6412616487392989,0.5545972934953488,ETTm2,raw,42336,42432,raw:42336:3,high,mid
4,0.935819543513457,0.28944080163711483,0.3657275013568706,0.875,0.9470317214645684,0.9999999900000255,0.0,0.5303292821691474,0.6073439071548562,ETTm2,raw,42336,42432,raw:42336:4,high,high
5,0.9999999873453891,0.24048221594654415,0.0,0.875,0.9538509994365603,0.9999999900000255,0.0,0.41349406776397774,0.6096169998121868,ETTm2,raw,42336,42432,raw:42336:5,high,high
6,0.8512155958666137,0.04642475017275958,0.00079603679955964,0.0,0.5829246794784001,0.9999999900000255,0.0,0.2994787942796443,0.19430822649280002,ETTm2,raw,42336,42432,raw:42336:6,low,low
0,0.5258915274512054,0.24383873526859254,0.2773274523444308,0.5,0.980233965807697,0.9999999900001313,0.0,0.34901923835474297,0.49341132193589904,ETTm2,raw,42432,42528,raw:42432:0,mid,mid
1,0.0,0.39422725890314825,0.0,0.5,0.858646789343796,0.9999999900001313,0.0,0.13140908630104942,0.4528822631145986,ETTm2,raw,42432,42528,raw:42432:1,low,mid
2,0.6937556000250911,0.3801981204813223,0.07381983137035805,0.25,0.9270378803548015,0.9999999900001313,0.0,0.3825911839589238,0.3923459601182671,ETTm2,raw,42432,42528,raw:42432:2,mid,mid
3,0.4250309589185888,0.20708931252597404,0.3693658727773532,0.625,0.8731235994012275,0.9999999900001313,0.0,0.3338287147406387,0.49937453313374247,ETTm2,raw,42432,42528,raw:42432:3,mid,mid
4,0.04814381214110175,0.1680160812717703,0.195437153431978,0.125,0.9320032679030735,0.9999999900001313,0.0,0.13719901561495004,0.3523344226343578,ETTm2,raw,42432,42528,raw:42432:4,low,low
5,0.9999999831616149,0.21506835313433326,0.33757614856093765,0.625,0.9048048954805759,0.9999999900001313,0.0,0.5175481616189619,0.509934965160192,ETTm2,raw,42432,42528,raw:42432:5,high,mid
6,0.8457281475698847,0.017638288508897496,0.0005935131640980915,0.0,0.49327162900749383,0.9999999900001313,0.0,0.2879866497476267,0.16442387633583128,ETTm2,raw,42432,42528,raw:42432:6,low,low
0,0.5490826790558281,0.12164542787567498,0.07198753009539502,0.5,0.9383318769948269,0.9999999900000855,0.0,0.24757187900896604,0.4794439589982756,ETTm2,raw,42528,42624,raw:42528:0,low,mid
1,0.0,0.0,0.0,0.0,-0.0,0.9999999900000855,0.0,0.0,0.0,ETTm2,raw,42528,42624,raw:42528:1,low,low
2,0.6751864565709582,0.13792208924167385,0.06173813627817784,0.625,0.9395380438967146,0.9999999900000855,0.0,0.2916155606969366,0.5215126812989048,ETTm2,raw,42528,42624,raw:42528:2,low,mid
3,0.5510536359047726,0.30564159193257795,0.5862723099764539,0.875,0.946212493135127,0.9999999900000855,0.0,0.48098917927126816,0.6070708310450423,ETTm2,raw,42528,42624,raw:42528:3,high,high
4,0.6445671657991938,0.32893359618847784,0.4899348938486223,1.0,0.8943418815574438,0.9999999900000855,0.0,0.4878118852787647,0.6314472938524812,ETTm2,raw,42528,42624,raw:42528:4,high,high
5,0.9999999833459062,0.22446740755434724,0.0,0.75,0.8379245925860082,0.9999999900000855,0.0,0.40815579696675114,0.5293081975286694,ETTm2,raw,42528,42624,raw:42528:5,high,mid
6,0.9570719181550764,0.021059952942115476,0.0013184624646086047,0.0,0.4762853457899253,0.9999999900000855,0.0,0.3264834445206002,0.15876178192997512,ETTm2,raw,42528,42624,raw:42528:6,mid,low
0,0.6741633060151208,0.11286077973808623,0.609846226308152,0.875,0.9717811353069619,3.019390284787602,0.33656504690365857,0.46562343735378625,0.7277820607368736,ETTm2,raw,42720,42816,raw:42720:0,high,high
1,0.0,0.0,0.0,0.0,-0.0,3.019390284787602,0.33656504690365857,0.0,0.1121883489678862,ETTm2,raw,42720,42816,raw:42720:1,low,low
2,0.7152756807217653,0.2693137928755258,0.812768148285434,0.875,0.967757200284397,3.019390284787602,0.33656504690365857,0.5991192072942417,0.7264407490626853,ETTm2,raw,42720,42816,raw:42720:2,high,high
3,0.44744767241202477,0.16684762518111845,0.5768613499980988,1.0,0.8962844204431957,3.019390284787602,0.33656504690365857,0.39705221586374734,0.7442831557822848,ETTm2,raw,42720,42816,raw:42720:3,mid,high
4,0.897180797844418,0.11761825645250142,0.11953175298105687,0.375,0.6665599284776745,3.019390284787602,0.33656504690365857,0.37811026909265877,0.4593749917937777,ETTm2,raw,42720,42816,raw:42720:4,mid,mid
5,1.0,0.10127032335485028,3.7436215985270435e-22,0.0,0.6459531544101121,3.019390284787602,0.33656504690365857,0.36709010778495005,0.32750606710459024,ETTm2,raw,42720,42816,raw:42720:5,mid,low
6,0.6924731873107097,0.13762840776861016,0.04716621995916759,0.0,0.4923679423918306,3.019390284787602,0.33656504690365857,0.2924226050128292,0.2763109964318297,ETTm2,raw,42720,42816,raw:42720:6,low,low
0,0.5310019471527828,0.28771511576930014,0.45182429378692124,1.0,0.9286004758859275,1.5703805409385831,0.09506342333132482,0.42351378556966807,0.6745546330724174,ETTm2,raw,42816,42912,raw:42816:0,high,high
1,0.0,0.0,0.0,0.0,-0.0,1.5703805409385831,0.09506342333132482,0.0,0.03168780777710827,ETTm2,raw,42816,42912,raw:42816:1,low,low
2,0.5942878547783037,0.24594850301247637,0.1699804041058425,0.5,0.9747919117812773,1.5703805409385831,0.09506342333132482,0.33673892063220756,0.5232851117042007,ETTm2,raw,42816,42912,raw:42816:2,mid,mid
3,0.5305292631539154,0.3692698481614825,0.3988805930710949,0.75,0.8521330830310212,1.5703805409385831,0.09506342333132482,0.4328932347954975,0.5657321687874487,ETTm2,raw,42816,42912,raw:42816:3,high,high
4,0.828418008860311,0.35488720274609953,0.2609975178151487,0.5,0.884572623403702,1.5703805409385831,0.09506342333132482,0.4814342431405197,0.4932120155783422,ETTm2,raw,42816,42912,raw:42816:4,high,mid
5,1.0,0.20810679955266437,3.292373754369889e-05,0.25,0.7920812476496208,1.5703805409385831,0.09506342333132482,0.402713241096736,0.3790482236603152,ETTm2,raw,42816,42912,raw:42816:5,mid,mid
6,0.8543902490483957,0.1156051752673625,0.34343927063673124,0.125,0.660004992073258,1.5703805409385831,0.09506342333132482,0.4378115649841631,0.29335613846819425,ETTm2,raw,42816,42912,raw:42816:6,high,low
0,0.37131482931686943,0.2682965175679928,0.32336802907137796,1.0,0.9436878564259594,2.8223106477041897,0.3037184407778342,0.32099312531874674,0.7491354324012646,ETTm2,raw,43008,43104,raw:43008:0,low,high
1,0.0,0.0,0.0,0.0,-0.0,2.8223106477041897,0.3037184407778342,0.0,0.10123948025927808,ETTm2,raw,43008,43104,raw:43008:1,low,low
2,0.6627112250677,0.17539996432374344,0.13940054055055748,0.75,0.9377832711515406,2.8223106477041897,0.3037184407778342,0.3258372433140003,0.6638339039764583,ETTm2,raw,43008,43104,raw:43008:2,mid,high
3,0.232300537610153,0.21580296633197912,0.6555256114550045,0.875,0.8650236055727265,2.8223106477041897,0.3037184407778342,0.3678763717990456,0.6812473487835202,ETTm2,raw,43008,43104,raw:43008:3,mid,high
4,0.4712813212330612,0.2397778859064182,0.07190633910311411,0.125,0.7568984374832064,2.8223106477041897,0.3037184407778342,0.2609885154141978,0.39520562608701354,ETTm2,raw,43008,43104,raw:43008:4,low,mid
5,0.9999999871177307,0.2055441660406787,0.22987643675529248,0.375,0.90875987250082,2.8223106477041897,0.3037184407778342,0.478473529971234,0.5291594377595513,ETTm2,raw,43008,43104,raw:43008:5,high,mid
6,0.9199260933902267,0.025695512661392757,0.029465628207205073,0.0,0.526670780361533,2.8223106477041897,0.3037184407778342,0.32502907808627485,0.27679640704645575,ETTm2,raw,43008,43104,raw:43008:6,mid,low
0,0.8401943658630336,0.21412679618540026,0.42055423679799625,0.375,0.9267291269481119,0.9999999900014092,0.0,0.49162513294881,0.433909708982704,ETTm2,raw,43104,43200,raw:43104:0,high,mid
1,0.0,0.22951938485357404,0.0,0.25,0.8822116489455454,0.9999999900014092,0.0,0.07650646161785801,0.37740388298184846,ETTm2,raw,43104,43200,raw:43104:1,low,mid
2,0.7860091476209619,0.25662530849926235,0.3312639134151331,0.5,0.9306867421565339,0.9999999900014092,0.0,0.4579661231784525,0.47689558071884464,ETTm2,raw,43104,43200,raw:43104:2,high,mid
3,0.9999999987531789,0.5707395642596035,0.3256545429088617,0.625,0.9742328544021478,0.9999999900014092,0.0,0.632131368640548,0.5330776181340493,ETTm2,raw,43104,43200,raw:43104:3,high,mid
4,0.12487932560777248,0.11605729130021672,0.12088590025330359,0.0,0.7746426885374558,0.9999999900014092,0.0,0.12060750572043093,0.25821422951248524,ETTm2,raw,43104,43200,raw:43104:4,low,low
5,0.9696967517509286,0.08748519427046475,0.03523044728728556,0.125,0.6825538607454293,0.9999999900014092,0.0,0.3641374644362263,0.26918462024847645,ETTm2,raw,43104,43200,raw:43104:5,mid,low
6,0.757384274973224,0.05808462396448402,0.5353438330057075,0.125,0.7117757812854765,0.9999999900014092,0.0,0.45027091064780517,0.27892526042849214,ETTm2,raw,43104,43200,raw:43104:6,high,low
0,0.7539102138506573,0.18720054371822253,0.5474190586948322,0.875,0.9171369802029267,1.7705455190967723,0.12842425296875495,0.4961766054212373,0.6401870777238938,ETTm2,raw,43296,43392,raw:43296:0,high,high
1,0.0,0.4975557147615156,0.0,0.0,0.7241289144742203,1.7705455190967723,0.12842425296875495,0.1658519049205052,0.2841843891476584,ETTm2,raw,43296,43392,raw:43296:1,low,low
2,0.6559055131072535,0.15520991140525087,0.2822197999052912,0.75,0.9527923270659522,1.7705455190967723,0.12842425296875495,0.36444507480593186,0.6104055266782357,ETTm2,raw,43296,43392,raw:43296:2,mid,high
3,0.5135175113142827,0.090644384515041,0.4902877423293029,0.75,0.8677463389304443,1.7705455190967723,0.12842425296875495,0.36481654605287556,0.5820568639663998,ETTm2,raw,43296,43392,raw:43296:3,mid,high
4,0.14128376967998768,0.13974998318502382,0.2584670319358865,0.125,0.7370349994243253,1.7705455190967723,0.12842425296875495,0.17983359493363268,0.33015308413102673,ETTm2,raw,43296,43392,raw:43296:4,low,low
5,0.9999999796226269,0.09557915961587118,0.5,0.125,0.8604820785970282,1.7705455190967723,0.12842425296875495,0.5318597130794994,0.3713021105219277,ETTm2,raw,43296,43392,raw:43296:5,high,mid
6,0.905611803707159,0.230576547994658,0.07381316697839793,0.125,0.7588830695948459,1.7705455190967723,0.12842425296875495,0.4033338395600716,0.3374357741878669,ETTm2,raw,43296,43392,raw:43296:6,mid,low
0,0.8913072756259273,0.29639418777561977,0.042805693355043084,0.75,0.9562390921656283,0.9999999900000031,0.0,0.41016905225219674,0.5687463640552094,ETTm2,raw,43392,43488,raw:43392:0,high,high
1,0.0,0.5364748131884757,0.0,0.75,0.806174190742921,0.9999999900000031,0.0,0.1788249377294919,0.5187247302476403,ETTm2,raw,43392,43488,raw:43392:1,low,mid
2,0.9080313882841564,0.2720076579081276,0.020117965600706077,0.0,0.8773458368469409,0.9999999900000031,0.0,0.40005233726433004,0.2924486122823136,ETTm2,raw,43392,43488,raw:43392:2,mid,low
3,0.6103816028971225,0.3158830663672583,0.2542293173598653,0.5,0.8865069112817465,0.9999999900000031,0.0,0.39349799554141535,0.46216897042724886,ETTm2,raw,43392,43488,raw:43392:3,mid,mid
4,0.8533591685202961,0.15073994458371182,0.05851089877094726,0.25,0.847977615111696,0.9999999900000031,0.0,0.35420333729165177,0.36599253837056533,ETTm2,raw,43392,43488,raw:43392:4,mid,low
5,0.9452403524090892,0.20194574013552286,0.4218268027026248,0.25,0.9445338111442511,0.9999999900000031,0.0,0.5230042984157456,0.39817793704808374,ETTm2,raw,43392,43488,raw:43392:5,high,mid
6,0.9940284213484794,0.060371590438084474,0.007570482282532001,0.0,0.6230167870272666,0.9999999900000031,0.0,0.35399016468969857,0.2076722623424222,ETTm2,raw,43392,43488,raw:43392:6,mid,low
0,0.48656413541888766,0.1990400558500638,0.5344915767949517,0.75,0.8531632643568958,1.536107099507983,0.08935118310241187,0.40669858935463443,0.5641714824864359,ETTm2,raw,43488,43584,raw:43488:0,high,high
1,0.0,0.17486805920315474,0.0,0.375,0.7979052105124487,1.536107099507983,0.08935118310241187,0.05828935306771824,0.42075213120495353,ETTm2,raw,43488,43584,raw:43488:1,low,mid
2,0.5012390815319641,0.2497458176086661,0.49893046946962366,0.875,0.8276637693354917,1.536107099507983,0.08935118310241187,0.41663845620341794,0.5973383174793011,ETTm2,raw,43488,43584,raw:43488:2,high,high
3,0.3484928315819734,0.26719719812217063,0.47630276103546093,0.75,0.8734113118819484,1.536107099507983,0.08935118310241187,0.36399759691320166,0.5709208316614535,ETTm2,raw,43488,43584,raw:43488:3,mid,high
4,0.8755928846061136,0.20461842687922782,0.07037927439095508,0.0,0.7433048773530025,1.536107099507983,0.08935118310241187,0.3835301952920988,0.2775520201518048,ETTm2,raw,43488,43584,raw:43488:4,mid,low
5,0.9999999547322168,0.1446636184101469,0.0,0.125,0.8530099802987974,1.536107099507983,0.08935118310241187,0.3815545243807879,0.35578705446706976,ETTm2,raw,43488,43584,raw:43488:5,mid,low
6,0.9259623272928986,0.0341617969958144,0.5303995472541876,0.0,0.5347346972766286,1.536107099507983,0.08935118310241187,0.4968412238476336,0.20802862679301348,ETTm2,raw,43488,43584,raw:43488:6,high,low
0,0.772401620700454,0.27633730761842834,0.6207710843667756,1.0,0.9715705536131998,3.772803321667253,0.462133886174319,0.5565033375618861,0.8112348132625063,ETTm2,raw,43680,43776,raw:43680:0,high,high
1,0.0,0.0,0.0,0.0,-0.0,3.772803321667253,0.462133886174319,0.0,0.154044628724773,ETTm2,raw,43680,43776,raw:43680:1,low,low
2,0.5164770762478652,0.2853051620697694,0.4978984047352841,1.0,0.9395627062179086,3.772803321667253,0.462133886174319,0.43322688101763956,0.8005655307974092,ETTm2,raw,43680,43776,raw:43680:2,high,high
3,0.6526309035218436,0.4564943054477703,0.4213808138574153,1.0,0.9398562798964692,3.772803321667253,0.462133886174319,0.5101686742756765,0.8006633886902628,ETTm2,raw,43680,43776,raw:43680:3,high,high
4,0.439368974720442,0.1870634200325785,0.5199009739736208,0.0,0.7646746984466161,3.772803321667253,0.462133886174319,0.38211112290888044,0.408936194873645,ETTm2,raw,43680,43776,raw:43680:4,mid,mid
5,0.9999999667472479,0.23801800797623973,0.6730901904891914,0.125,0.9419106433544596,3.772803321667253,0.462133886174319,0.637036055070893,0.5096815098429262,ETTm2,raw,43680,43776,raw:43680:5,high,mid
6,0.8087436185735004,0.029307330232764967,0.0007429318768045862,0.0,0.5281463243853102,3.772803321667253,0.462133886174319,0.27959796022769,0.33009340351987637,ETTm2,raw,43680,43776,raw:43680:6,low,low
0,0.6678173543342615,0.16546108663406411,0.18376708462465904,0.625,0.9057924658455109,0.9999999900000126,0.0,0.33901517519766156,0.510264155281837,ETTm2,raw,43776,43872,raw:43776:0,mid,mid
1,0.0,0.44363117669505603,0.0,0.5,0.8147171672216692,0.9999999900000126,0.0,0.147877058898352,0.43823905574055644,ETTm2,raw,43776,43872,raw:43776:1,low,mid
2,0.8301673044707306,0.21868469895678716,0.0363383496789398,0.5,0.8908387698442874,0.9999999900000126,0.0,0.3617301177021525,0.46361292328142917,ETTm2,raw,43776,43872,raw:43776:2,mid,mid
3,0.37316986731141877,0.1623362973787522,0.30252336442727645,0.625,0.6772112432684924,0.9999999900000126,0.0,0.27934317637248246,0.43407041442283073,ETTm2,raw,43776,43872,raw:43776:3,low,mid
4,0.48864425388918487,0.12898457174961858,0.11694293884840225,0.0,0.6710977781879741,0.9999999900000126,0.0,0.24485725482906853,0.22369925939599136,ETTm2,raw,43776,43872,raw:43776:4,low,low
5,0.9999999986579842,0.1667468316225729,0.043815278742958624,0.125,0.8515532561407597,0.9999999900000126,0.0,0.40352070300783854,0.3255177520469199,ETTm2,raw,43776,43872,raw:43776:5,mid,low
6,0.9338523296994864,0.04930738270429186,0.05476367494596624,0.0,0.3165703495590553,0.9999999900000126,0.0,0.34597446244991487,0.10552344985301843,ETTm2,raw,43776,43872,raw:43776:6,mid,low
0,0.5832168203941264,0.28742955751987465,0.1809022620580551,1.0,0.9539885751245143,0.9999999900006591,0.0,0.3505162133240187,0.6513295250415048,ETTm2,raw,43968,44064,raw:43968:0,mid,high
1,0.0,0.288060071666146,0.0,0.125,0.8751470420756735,0.9999999900006591,0.0,0.09602002388871533,0.3333823473585578,ETTm2,raw,43968,44064,raw:43968:1,low,low
2,0.7077193276655115,0.3516810908721607,0.1640592502367424,0.875,0.9288367201524106,0.9999999900006591,0.0,0.40781988959147153,0.6012789067174702,ETTm2,raw,43968,44064,raw:43968:2,high,high
3,0.1683352635779689,0.32104593363302786,0.3995682482584864,0.875,0.9344412257539128,0.9999999900006591,0.0,0.29631648182316106,0.6031470752513043,ETTm2,raw,43968,44064,raw:43968:3,low,high
4,0.01998616564351241,0.21590694887355782,0.3963905284862892,0.125,0.880751553518942,0.9999999900006591,0.0,0.21076121433445313,0.33525051783964727,ETTm2,raw,43968,44064,raw:43968:4,low,low
5,0.9999999847193487,0.11972822096167798,0.2189084894094865,0.25,0.97130482384934,0.9999999900006591,0.0,0.44621223169683777,0.40710160794978,ETTm2,raw,43968,44064,raw:43968:5,high,mid
6,0.9065938775896282,0.3080387340525673,0.01602871904828563,0.0,0.38591316940980536,0.9999999900006591,0.0,0.41022044356349374,0.1286377231366018,ETTm2,raw,43968,44064,raw:43968:6,high,low
0,0.658632864925621,0.26137820881355756,0.4167109575724603,0.375,0.9264827269619965,1.9304200959468911,0.1550700157326985,0.44557401043721295,0.48551758089823166,ETTm2,raw,44064,44160,raw:44064:0,high,mid
1,0.0,0.4681983615946599,0.5,0.0,0.7548509105644412,1.9304200959468911,0.1550700157326985,0.32273278719821996,0.3033069754323799,ETTm2,raw,44064,44160,raw:44064:1,low,low
2,0.5971616677566673,0.30814467920460964,0.4734533721315842,0.375,0.9178323316979966,1.9304200959468911,0.1550700157326985,0.4595865730309538,0.4826341158102317,ETTm2,raw,44064,44160,raw:44064:2,high,mid
3,0.5891996686093506,0.34827807822449375,0.3459565442024773,0.625,0.9334995371121284,1.9304200959468911,0.1550700157326985,0.42781143034544056,0.5711898509482757,ETTm2,raw,44064,44160,raw:44064:3,high,high
4,0.4308273820517746,0.20007288848457178,0.3917779624538985,0.25,0.843596579935982,1.9304200959468911,0.1550700157326985,0.3408927443300816,0.4162221985562269,ETTm2,raw,44064,44160,raw:44064:4,mid,mid
5,0.0,0.11613770207231469,0.0,0.125,0.6471195196118815,1.9304200959468911,0.1550700157326985,0.03871256735743823,0.30906317844819337,ETTm2,raw,44064,44160,raw:44064:5,low,low
6,0.8842255849047538,0.06498491016922342,0.6134229018607419,0.125,0.5608849589003955,1.9304200959468911,0.1550700157326985,0.5208777989782397,0.280318324877698,ETTm2,raw,44064,44160,raw:44064:6,high,low
0,0.26327398650054146,0.4783819187708808,0.548618443251839,1.0,0.9176662108632551,1.9996456890252992,0.1666076145598705,0.4300914495077537,0.6947579418077084,ETTm2,raw,44160,44256,raw:44160:0,high,high
1,0.0,0.47558207817253234,0.0,0.5,0.7296524278699642,1.9996456890252992,0.1666076145598705,0.1585273593908441,0.4654200141432782,ETTm2,raw,44160,44256,raw:44160:1,low,mid
2,0.248659393837663,0.5744075529691584,0.518757377313146,0.75,0.9466409112024246,1.9996456890252992,0.1666076145598705,0.4472747747066557,0.621082841920765,ETTm2,raw,44160,44256,raw:44160:2,high,high
3,0.9999999977877123,0.323953165480469,0.4384600848458712,1.0,0.9647950804566574,1.9996456890252992,0.1666076145598705,0.5874710827046842,0.7104675650055093,ETTm2,raw,44160,44256,raw:44160:3,high,high
4,0.7176010498056199,0.2569310737642346,0.40155876574621124,1.0,0.9365678242736801,1.9996456890252992,0.1666076145598705,0.45869696310535524,0.7010584796111835,ETTm2,raw,44160,44256,raw:44160:4,high,high
5,0.9999998727375446,0.16286209526787104,0.0,0.5,0.9509488538554892,1.9996456890252992,0.1666076145598705,0.38762065600180523,0.5391854894717866,ETTm2,raw,44160,44256,raw:44160:5,mid,mid
6,0.8807909363250565,0.02401429687062496,0.004575409003928708,0.0,0.4614462527602177,1.9996456890252992,0.1666076145598705,0.3031268807332034,0.20935128910669606,ETTm2,raw,44160,44256,raw:44160:6,low,low
0,0.5874487210244482,0.2910553248216957,0.4324425635301454,1.0,0.9600948911704991,1.4903382947872332,0.08172304899500046,0.4369822031254298,0.6806059800551664,ETTm2,raw,44352,44448,raw:44352:0,high,high
1,0.0,0.4924370790506225,0.0,0.875,0.7975666798029286,1.4903382947872332,0.08172304899500046,0.16414569301687418,0.584763242932643,ETTm2,raw,44352,44448,raw:44352:1,low,high
2,0.6253937106536029,0.29354581292024806,0.38038591894683066,0.875,0.9661264413715004,1.4903382947872332,0.08172304899500046,0.43310848084022724,0.6409498301221669,ETTm2,raw,44352,44448,raw:44352:2,high,high
3,0.00893062156586788,0.17830663489109025,0.4525726727013104,1.0,0.8775439167747321,1.4903382947872332,0.08172304899500046,0.2132699763860895,0.6530889885899108,ETTm2,raw,44352,44448,raw:44352:3,low,high
4,0.6194838361407207,0.2134457021640795,0.9297247823188768,0.25,0.8504670878681106,1.4903382947872332,0.08172304899500046,0.5875514402078923,0.3940633789543704,ETTm2,raw,44352,44448,raw:44352:4,high,mid
5,0.9999999875958019,0.033049083246184385,0.0,0.0,0.5156209651319765,1.4903382947872332,0.08172304899500046,0.34434969028066204,0.199114671375659,ETTm2,raw,44352,44448,raw:44352:5,mid,low
6,0.9684772734777518,0.02051973291708068,0.007432206177115402,0.0,0.5797644848110749,1.4903382947872332,0.08172304899500046,0.3321430708573159,0.22049584460202512,ETTm2,raw,44352,44448,raw:44352:6,mid,low
0,0.630456852944073,0.18333774876561632,0.6033025779918372,1.0,0.902546570786345,0.9999999900000448,0.0,0.4723657265671755,0.634182190262115,ETTm2,raw,44448,44544,raw:44448:0,high,high
1,0.0,0.16267923811272889,0.0,0.0,0.9630264452622331,0.9999999900000448,0.0,0.054226412704242964,0.321008815087411,ETTm2,raw,44448,44544,raw:44448:1,low,low
2,0.6862953777904754,0.186807598964358,0.5365391508583477,1.0,0.9551194421158361,0.9999999900000448,0.0,0.46988070920439373,0.6517064807052787,ETTm2,raw,44448,44544,raw:44448:2,high,high
3,0.2875928278758403,0.21004084629753828,0.4636915949215513,1.0,0.7563128464755616,0.9999999900000448,0.0,0.3204417563649766,0.5854376154918538,ETTm2,raw,44448,44544,raw:44448:3,low,high
4,0.5996038287376353,0.37098662406740834,0.30441693533998465,0.625,0.9543452952453263,0.9999999900000448,0.0,0.42500246271500947,0.5264484317484421,ETTm2,raw,44448,44544,raw:44448:4,high,mid
5,0.9460153532841371,0.12065769232435915,0.9478859995899048,0.125,0.8120453862917859,0.9999999900000448,0.0,0.6715196817328004,0.31234846209726197,ETTm2,raw,44448,44544,raw:44448:5,high,low
6,0.9473774678361999,0.009381850092731686,0.002351239446034483,0.0,0.520794032830891,0.9999999900000448,0.0,0.3197035191249887,0.17359801094363034,ETTm2,raw,44448,44544,raw:44448:6,low,low
0,0.7333706846051725,0.23004067987229423,0.39503476212770916,0.875,0.9861080177090874,0.9999999900000018,0.0,0.45281537553505863,0.6203693392363624,ETTm2,raw,44640,44736,raw:44640:0,high,high
1,0.9999999993838222,0.30606762613747507,1.0,0.5,0.9426934271787617,0.9999999900000018,0.0,0.7686892085070992,0.48089780905958723,ETTm2,raw,44640,44736,raw:44640:1,high,mid
2,0.783346839810145,0.2543038312593444,0.3054694767638692,1.0,0.9758109696856734,0.9999999900000018,0.0,0.44770671594445294,0.6586036565618911,ETTm2,raw,44640,44736,raw:44640:2,high,high
3,0.5108134979281084,0.2949685288616324,0.5216141595350668,0.875,0.9737241782263111,0.9999999900000018,0.0,0.4424653954416025,0.6162413927421037,ETTm2,raw,44640,44736,raw:44640:3,high,high
4,0.6730791405758851,0.1559376428926328,0.6628506034957848,0.375,0.8315077551113729,0.9999999900000018,0.0,0.49728912898810096,0.4021692517037909,ETTm2,raw,44640,44736,raw:44640:4,high,mid
5,0.09732935539179333,0.14406493334634876,0.030111990307543364,0.125,0.7804506969226014,0.9999999900000018,0.0,0.09050209301522849,0.30181689897420044,ETTm2,raw,44640,44736,raw:44640:5,low,low
6,0.8662141638703408,0.004316281649778653,0.041431958501949105,0.0,0.5077366162387403,0.9999999900000018,0.0,0.3039874680073562,0.1692455387462468,ETTm2,raw,44640,44736,raw:44640:6,low,low
0,0.33269047066564206,0.14187081653654193,0.34895159646204044,0.625,0.8195271533419317,0.9999999900000065,0.0,0.2745042945547415,0.48150905111397724,ETTm2,raw,44736,44832,raw:44736:0,low,mid
1,0.0,0.27415569014940244,0.0,0.5,0.9379343022020357,0.9999999900000065,0.0,0.09138523004980081,0.4793114340673452,ETTm2,raw,44736,44832,raw:44736:1,low,mid
2,0.5823792737430258,0.13187308076397894,0.4076271911524305,0.625,0.8382257950668198,0.9999999900000065,0.0,0.37395984855314507,0.48774193168894,ETTm2,raw,44736,44832,raw:44736:2,mid,mid
3,0.3859203921082991,0.36917785841603096,0.10717323128265531,0.5,0.9365476614487341,0.9999999900000065,0.0,0.2874238272689951,0.47884922048291134,ETTm2,raw,44736,44832,raw:44736:3,low,mid
4,0.573314314291129,0.15342274057537708,0.09574233198336238,0.125,0.864454875398858,0.9999999900000065,0.0,0.2741597956166228,0.32981829179961936,ETTm2,raw,44736,44832,raw:44736:4,low,low
5,0.8978319821478549,0.11003530216467144,0.19655468775931043,0.125,0.7532898570697587,0.9999999900000065,0.0,0.40147399069061224,0.29276328568991955,ETTm2,raw,44736,44832,raw:44736:5,mid,low
6,0.811785797610733,0.009579194488385706,0.10214427425913339,0.0,0.4334359770345841,0.9999999900000065,0.0,0.30783642211941736,0.14447865901152804,ETTm2,raw,44736,44832,raw:44736:6,low,low
0,0.7698674367152247,0.17503067874286954,0.07382155462261111,0.875,0.9017091389695568,1.6812902937206313,0.11354838209752459,0.3395732233602351,0.6300858403556938,ETTm2,raw,44928,45024,raw:44928:0,mid,high
1,0.0,0.4656169681246731,0.0,0.625,0.7374051306471634,1.6812902937206313,0.11354838209752459,0.1552056560415577,0.4919845042482293,ETTm2,raw,44928,45024,raw:44928:1,low,mid
2,0.8760212381729403,0.19088529590475617,0.0869673207028263,1.0,0.9600878330738993,1.6812902937206313,0.11354838209752459,0.38462461826017424,0.6912120717238079,ETTm2,raw,44928,45024,raw:44928:2,mid,high
3,0.13814067321118695,0.3656849873256458,0.4425224357677702,0.5,0.8485421371116864,1.6812902937206313,0.11354838209752459,0.3154493654348676,0.4873635064030703,ETTm2,raw,44928,45024,raw:44928:3,low,mid
4,0.5980430440140045,0.20671179264682388,0.49691699407700823,1.0,0.9805717568716376,1.6812902937206313,0.11354838209752459,0.4338906102459455,0.698040046323054,ETTm2,raw,44928,45024,raw:44928:4,high,high
5,0.0,0.09767469241349008,0.0,0.125,0.930714148201599,1.6812902937206313,0.11354838209752459,0.03255823080449669,0.3897541767663745,ETTm2,raw,44928,45024,raw:44928:5,low,mid
6,0.49174356161753197,0.05835488177540012,0.1576003483376014,0.0,0.46656747741518534,1.6812902937206313,0.11354838209752459,0.23589959724351117,0.1933719531709033,ETTm2,raw,44928,45024,raw:44928:6,low,low
0,0.9215596335242215,0.22752838276087825,0.39820359612169975,1.0,0.9813731687233296,1.7139602271396872,0.11899337099162559,0.5157638708022665,0.700122179904985,ETTm2,raw,45024,45120,raw:45024:0,high,high
1,0.0,0.20569725084652538,0.3731546987541326,0.5,0.9829793220139372,1.7139602271396872,0.11899337099162559,0.192950649866886,0.5339908976685209,ETTm2,raw,45024,45120,raw:45024:1,low,mid
2,0.9451205056575468,0.28771555951791733,0.2862741829179047,1.0,0.9504493354397684,1.7139602271396872,0.11899337099162559,0.5063700826977896,0.6898142354771313,ETTm2,raw,45024,45120,raw:45024:2,high,high
3,0.9999999975351777,0.17988418926731875,0.5,0.875,0.9429828936925192,1.7139602271396872,0.11899337099162559,0.5599613956008321,0.6456587548947149,ETTm2,raw,45024,45120,raw:45024:3,high,high
4,0.06151475033848641,0.0726542403697435,0.23955438951055205,0.0,0.8082632188134136,1.7139602271396872,0.11899337099162559,0.12457446007292731,0.30908552993501304,ETTm2,raw,45024,45120,raw:45024:4,low,low
5,0.2699508942567832,0.09296282072786122,0.1839653250645524,0.125,0.8282866797121264,1.7139602271396872,0.11899337099162559,0.18229301334973227,0.35742668356791735,ETTm2,raw,45024,45120,raw:45024:5,low,low
6,0.9863923914316721,0.017346610132677957,0.0014822085563147894,0.0,0.5258853139239622,1.7139602271396872,0.11899337099162559,0.33507373670688834,0.21495956163852925,ETTm2,raw,45024,45120,raw:45024:6,mid,low
0,0.6358328786578178,0.04753187050421243,0.33906037476314516,1.0,0.968598878579763,0.9999999900000422,0.0,0.34080837464172514,0.6561996261932543,ETTm2,raw,45120,45216,raw:45120:0,mid,high
1,0.0,0.0,0.0,0.0,-0.0,0.9999999900000422,0.0,0.0,0.0,ETTm2,raw,45120,45216,raw:45120:1,low,low
2,0.7950724293762156,0.2032883224751241,0.15165515186702222,0.375,0.965747972114514,0.9999999900000422,0.0,0.38333863457278733,0.44691599070483806,ETTm2,raw,45120,45216,raw:45120:2,mid,mid
3,0.25095887602899103,0.09093453688045586,0.18433377167118475,1.0,0.9223680536644773,0.9999999900000422,0.0,0.1754090615268772,0.6407893512214925,ETTm2,raw,45120,45216,raw:45120:3,low,high
4,0.6123239314671447,0.19736453526487566,0.6298772096115768,0.875,0.8718186448048365,0.9999999900000422,0.0,0.4798552254478657,0.5822728816016122,ETTm2,raw,45120,45216,raw:45120:4,high,high
5,0.9999999950078355,0.22706278942778396,0.0,0.375,0.952244648700488,0.9999999900000422,0.0,0.40902092814520646,0.4424148829001626,ETTm2,raw,45120,45216,raw:45120:5,high,mid
6,0.885860126814471,0.08275546605590686,0.013353985048896516,0.125,0.6478386503209449,0.9999999900000422,0.0,0.3273231926397581,0.25761288344031497,ETTm2,raw,45120,45216,raw:45120:6,mid,low
0,0.7084769780071234,0.0771116350920637,0.010306488759112532,0.0,0.421866901424508,0.9999999900000008,0.0,0.2652983672860999,0.140622300474836,ETTm2,raw,45312,45408,raw:45312:0,low,low
1,0.9999999983591394,0.18767457613551497,0.18736822172408987,0.0,0.5201330502120742,0.9999999900000008,0.0,0.4583475987395815,0.17337768340402473,ETTm2,raw,45312,45408,raw:45312:1,high,low
2,0.7644042845067376,0.07594471366055042,0.028655621236429448,0.0,0.42576871025205804,0.9999999900000008,0.0,0.2896682064679058,0.14192290341735267,ETTm2,raw,45312,45408,raw:45312:2,low,low
3,0.48667735470460993,0.1123208682854637,0.3650088209809741,0.0,0.4238449960206954,0.9999999900000008,0.0,0.32133568132368256,0.14128166534023182,ETTm2,raw,45312,45408,raw:45312:3,low,low
4,0.8050218718061389,0.2710763923255286,0.42650233408872446,0.625,0.9345156508199643,0.9999999900000008,0.0,0.500866866073464,0.5198385502733215,ETTm2,raw,45312,45408,raw:45312:4,high,mid
5,0.9999999965681248,0.0917944540530309,0.16985271389479273,0.0,0.7131304908919958,0.9999999900000008,0.0,0.42054905483864946,0.23771016363066524,ETTm2,raw,45312,45408,raw:45312:5,high,low
6,0.9999999989665087,0.0457652132782348,0.07402008816962402,0.125,0.48394568531872956,0.9999999900000008,0.0,0.37326176680478923,0.2029818951062432,ETTm2,raw,45312,45408,raw:45312:6,mid,low
0,0.7512513954717603,0.24272387195882028,0.2842999780617118,1.0,0.9645169689792685,0.9999999900000069,0.0,0.42609174849743087,0.6548389896597562,ETTm2,raw,45408,45504,raw:45408:0,high,high
1,0.0,0.14025462324538926,0.0,1.0,0.8429072002535676,0.9999999900000069,0.0,0.04675154108179642,0.6143024000845225,ETTm2,raw,45408,45504,raw:45408:1,low,high
2,0.6063584816496086,0.2673893794819065,0.15352755596269965,0.5,0.8617849913666491,0.9999999900000069,0.0,0.34242513903140487,0.4539283304555497,ETTm2,raw,45408,45504,raw:45408:2,mid,mid
3,0.6830302634314915,0.37250695005259926,0.3998001638624574,0.75,0.9644072496711719,0.9999999900000069,0.0,0.4851124591155161,0.5714690832237239,ETTm2,raw,45408,45504,raw:45408:3,high,high
4,0.5353933496777761,0.08096047037585109,0.8694509715722537,0.375,0.8837200843452445,0.9999999900000069,0.0,0.4952682638752936,0.4195733614484148,ETTm2,raw,45408,45504,raw:45408:4,high,mid
5,0.9999999999999981,0.19014507449817822,0.1341459691526498,0.25,0.7606949002234183,0.9999999900000069,0.0,0.44143034788360874,0.3368983000744728,ETTm2,raw,45408,45504,raw:45408:5,high,low
6,0.9928997610514153,0.012564954024601189,0.0016278251741885033,0.0,0.4740723461573269,0.9999999900000069,0.0,0.33569751341673504,0.15802411538577563,ETTm2,raw,45408,45504,raw:45408:6,mid,low
0,0.8420802919892129,0.02817750653648992,0.004658851513648638,0.125,0.7218957809380053,1.5012132694275084,0.08353554476535884,0.29163888334645044,0.31014377523445474,ETTm2,raw,45600,45696,raw:45600:0,low,low
1,0.0,0.17720181930020307,0.25294212940276156,0.375,0.9479523010561482,1.5012132694275084,0.08353554476535884,0.14338131623432154,0.4688292819405024,ETTm2,raw,45600,45696,raw:45600:1,low,mid
2,0.9375526209965875,0.051999145710391256,0.007750347067161546,0.125,0.7912187522914517,1.5012132694275084,0.08353554476535884,0.33243403792471343,0.33325143235227017,ETTm2,raw,45600,45696,raw:45600:2,mid,low
3,0.999999999187037,0.2730018882396785,0.03376578510271644,0.0,0.7165167284480927,1.5012132694275084,0.08353554476535884,0.43558922417647733,0.2666840910711505,ETTm2,raw,45600,45696,raw:45600:3,high,low
4,0.6272362470730987,0.14428051336078743,0.3179424174311507,0.125,0.803240026545079,1.5012132694275084,0.08353554476535884,0.36315305928834557,0.3372585237701459,ETTm2,raw,45600,45696,raw:45600:4,mid,low
5,0.9557151431590231,0.14399826944364574,0.345409788654452,0.75,0.9555457380516225,1.5012132694275084,0.08353554476535884,0.48170773375237363,0.5963604276056603,ETTm2,raw,45600,45696,raw:45600:5,high,high
6,0.8208847500551445,0.02357529825510417,0.2205793616666248,0.125,0.5653027227934809,1.5012132694275084,0.08353554476535884,0.3550131366589578,0.2579460891862799,ETTm2,raw,45600,45696,raw:45600:6,mid,low
0,0.7535468101220695,0.1784915782184041,0.9187476762881676,0.0,0.8222073190969205,1.306388708687392,0.05106478469612402,0.616928688209547,0.29109070126434816,ETTm2,raw,45696,45792,raw:45696:0,high,low
1,0.0,0.24499335645958675,0.5,1.0,0.908886293874826,1.306388708687392,0.05106478469612402,0.24833111881986225,0.6533170261903167,ETTm2,raw,45696,45792,raw:45696:1,low,high
2,0.8030612508263778,0.1955705794352316,0.8283750724366283,0.0,0.7247758019838509,1.306388708687392,0.05106478469612402,0.6090023008994127,0.25861352889332495,ETTm2,raw,45696,45792,raw:45696:2,high,low
3,0.9999999982289087,0.24578493859097822,0.4796187947145159,0.5,0.8760271819915507,1.306388708687392,0.05106478469612402,0.5751345771781343,0.47569732222922495,ETTm2,raw,45696,45792,raw:45696:3,high,mid
4,0.5522488176330709,0.2019307783922146,0.35073175794275324,1.0,0.9398013724519089,1.306388708687392,0.05106478469612402,0.36830378465601293,0.6636220523826777,ETTm2,raw,45696,45792,raw:45696:4,mid,high
5,0.33897683826356295,0.46833576091910706,0.35277648166166736,0.75,0.9156639839088004,1.306388708687392,0.05106478469612402,0.3866963602814458,0.5722429228683082,ETTm2,raw,45696,45792,raw:45696:5,mid,high
6,0.829285318520647,0.0026756974371760344,0.12596077430611669,0.0,0.4859979061487591,1.306388708687392,0.05106478469612402,0.3193072634213132,0.17902089694829437,ETTm2,raw,45696,45792,raw:45696:6,low,low
0,0.9034524434229108,0.6617012414561287,0.12682786029468027,0.5,0.8509398909401009,1.5914996314875665,0.09858327175028896,0.5639938483912399,0.4831743875634633,ETTm2,raw,45792,45888,raw:45792:0,high,mid
1,0.0,0.36634095664125865,0.0,0.0,0.8512954304248752,1.5914996314875665,0.09858327175028896,0.12211365221375288,0.316626234058388,ETTm2,raw,45792,45888,raw:45792:1,low,low
2,0.9497005837145365,0.440891289584354,0.08308604865553804,0.625,0.8778574345428869,1.5914996314875665,0.09858327175028896,0.4912259739848095,0.533813568764392,ETTm2,raw,45792,45888,raw:45792:2,high,mid
3,0.0,0.11097546225001778,0.8450082134701526,0.75,0.9309019287722061,1.5914996314875665,0.09858327175028896,0.3186612252400568,0.5931617335074985,ETTm2,raw,45792,45888,raw:45792:3,low,high
4,0.3322022169659944,0.38803280358000836,0.42272465732200926,0.875,0.960302358516442,1.5914996314875665,0.09858327175028896,0.38098655928933733,0.6446285434222436,ETTm2,raw,45792,45888,raw:45792:4,mid,high
5,0.24507117826176616,0.17572820511581588,0.5799416685507894,1.0,0.929243432432375,1.5914996314875665,0.09858327175028896,0.3335803506427905,0.6759422347275547,ETTm2,raw,45792,45888,raw:45792:5,mid,high
6,0.9076021526550893,0.012022318124845544,0.002364191066911629,0.0,0.4707491070951757,1.5914996314875665,0.09858327175028896,0.30732955394894884,0.18977745961515488,ETTm2,raw,45792,45888,raw:45792:6,low,low
0,0.4025200739270699,0.44010091489390835,0.2678531272969159,0.875,0.8380713610955068,0.9999999900000074,0.0,0.3701580387059647,0.5710237870318357,ETTm2,raw,45984,46080,raw:45984:0,mid,high
1,0.0,0.40593299862239446,0.0,0.75,0.9047110664261026,0.9999999900000074,0.0,0.13531099954079814,0.5515703554753676,ETTm2,raw,45984,46080,raw:45984:1,low,mid
2,0.2976385067813374,0.3512150738980361,0.17272114044397174,0.625,0.7962766446729007,0.9999999900000074,0.0,0.27385824037444845,0.4737588815576335,ETTm2,raw,45984,46080,raw:45984:2,low,mid
3,0.3410260276309772,0.3591691722210793,0.1794092915816243,0.625,0.9175882414250126,0.9999999900000074,0.0,0.2932014971445603,0.5141960804750042,ETTm2,raw,45984,46080,raw:45984:3,low,mid
4,0.38618727124756846,0.32722662992665336,0.47248326305823884,0.875,0.9792532840609032,0.9999999900000074,0.0,0.39529905474415356,0.6180844280203011,ETTm2,raw,45984,46080,raw:45984:4,mid,high
5,0.7182202391976857,0.4253920095317507,0.40724455650190167,0.375,0.9649480809951834,0.9999999900000074,0.0,0.5169522684104461,0.4466493603317278,ETTm2,raw,45984,46080,raw:45984:5,high,mid
6,0.9354975533618715,0.057408976660248676,0.16321830269899187,0.0,0.4725874537200505,0.9999999900000074,0.0,0.38537494424037066,0.15752915124001685,ETTm2,raw,45984,46080,raw:45984:6,mid,low
0,0.49464452539848425,0.20653758718085963,0.5171415121291417,0.5,0.9627652911669204,0.9999999900000299,0.0,0.40610787490282857,0.4875884303889735,ETTm2,raw,46080,46176,raw:46080:0,mid,mid
1,0.0,0.43307186167214806,0.0,0.625,0.802582207924879,0.9999999900000299,0.0,0.14435728722404936,0.47586073597495965,ETTm2,raw,46080,46176,raw:46080:1,low,mid
2,0.49356317616501555,0.18408431522526877,0.5421430517660064,1.0,0.8765009405875249,0.9999999900000299,0.0,0.4065968477187636,0.6255003135291749,ETTm2,raw,46080,46176,raw:46080:2,mid,high
3,0.3046062260081561,0.1311342434991759,0.46723813723025603,1.0,0.9422241953983199,0.9999999900000299,0.0,0.30099286891252935,0.6474080651327733,ETTm2,raw,46080,46176,raw:46080:3,low,high
4,0.36267514800555856,0.22076923656241876,0.29371156056605807,0.5,0.8716793495222939,0.9999999900000299,0.0,0.29238531504467846,0.4572264498407646,ETTm2,raw,46080,46176,raw:46080:4,low,mid
5,0.8424847936497386,0.1023008916102891,0.3353629011411809,0.125,0.7521365380706537,0.9999999900000299,0.0,0.4267161954670695,0.29237884602355124,ETTm2,raw,46080,46176,raw:46080:5,high,low
6,0.9139785818429875,0.015548039807895044,0.001411209741509246,0.0,0.46681289242404855,0.9999999900000299,0.0,0.3103126104641306,0.15560429747468285,ETTm2,raw,46080,46176,raw:46080:6,low,low
0,0.5511113876253272,0.47055954678979717,0.8059464535843307,0.75,0.9541458006572562,3.1230417068678693,0.3538402838882444,0.6092057959998183,0.6859953615151668,ETTm2,raw,46272,46368,raw:46272:0,high,high
1,0.0,0.0,0.0,0.0,-0.0,3.1230417068678693,0.3538402838882444,0.0,0.11794676129608146,ETTm2,raw,46272,46368,raw:46272:1,low,low
2,0.6664031370231283,0.3759953588593183,0.300985064419565,1.0,0.8870767533582375,3.1230417068678693,0.3538402838882444,0.44779452010067056,0.7469723457488273,ETTm2,raw,46272,46368,raw:46272:2,high,high
3,0.5923670198016647,0.20152671442716283,0.26127590938524764,0.5,0.9626146207350552,3.1230417068678693,0.3538402838882444,0.3517232145380251,0.6054849682077665,ETTm2,raw,46272,46368,raw:46272:3,mid,high
4,0.8069323168920141,0.2256520967250151,0.4131529639907396,0.625,0.9617362876412371,3.1230417068678693,0.3538402838882444,0.4819124592025896,0.6468588571764938,ETTm2,raw,46272,46368,raw:46272:4,high,high
5,0.5474118745714696,0.29591056470045607,0.47442463590497624,0.25,0.9174604029653567,3.1230417068678693,0.3538402838882444,0.4392490250589673,0.5071002289512004,ETTm2,raw,46272,46368,raw:46272:5,high,mid
6,0.9602012901644007,0.02993186237660632,0.013438146245669807,0.0,0.4189382560342031,3.1230417068678693,0.3538402838882444,0.3345237662622256,0.25759284664081583,ETTm2,raw,46272,46368,raw:46272:6,mid,low
0,0.706090802517686,0.3732505338680681,0.50649873841258,1.0,0.9285052143736041,3.4549494415307573,0.4091582395731958,0.5286133582661113,0.7792211513155999,ETTm2,raw,46368,46464,raw:46368:0,high,high
1,0.0,0.0,0.0,0.0,-0.0,3.4549494415307573,0.4091582395731958,0.0,0.13638607985773193,ETTm2,raw,46368,46464,raw:46368:1,low,low
2,0.7427212045785373,0.29984827879547227,0.04907341472909967,1.0,0.7950087723781243,3.4549494415307573,0.4091582395731958,0.36388096603436976,0.7347223373171067,ETTm2,raw,46368,46464,raw:46368:2,mid,high
3,0.41063903614162656,0.2871514813994829,0.4757439639081634,1.0,0.9541270506273505,3.4549494415307573,0.4091582395731958,0.391178160483091,0.787761763400182,ETTm2,raw,46368,46464,raw:46368:3,mid,high
4,0.6099780734579054,0.22171385760246845,0.21270713259232113,0.0,0.7909132455919512,3.4549494415307573,0.4091582395731958,0.348133021217565,0.40002382838838235,ETTm2,raw,46368,46464,raw:46368:4,mid,mid
5,0.6547001012408366,0.24554679813331942,0.4452235775172423,0.0,0.8387410204716387,3.4549494415307573,0.4091582395731958,0.44849015896379935,0.4159664200149448,ETTm2,raw,46368,46464,raw:46368:5,high,mid
6,0.8718102044273931,0.01482288701525265,0.10953114722598467,0.0,0.5035730391393375,3.4549494415307573,0.4091582395731958,0.33205474622287684,0.30424375957084443,ETTm2,raw,46368,46464,raw:46368:6,mid,low
0,0.7807715043840645,0.21593353577020824,0.6662983632003915,1.0,0.9857151568552779,0.9999999900000069,0.0,0.554334467784888,0.6619050522850927,ETTm2,raw,46560,46656,raw:46560:0,high,high
1,0.0,0.0,0.0,0.0,-0.0,0.9999999900000069,0.0,0.0,0.0,ETTm2,raw,46560,46656,raw:46560:1,low,low
2,0.495077725599987,0.1922295024204183,0.5303578787420502,1.0,0.8885725274367189,0.9999999900000069,0.0,0.40588836892081853,0.6295241758122396,ETTm2,raw,46560,46656,raw:46560:2,mid,high
3,0.9999999951974581,0.28754244046763067,0.5461300688680389,0.875,0.917834237665286,0.9999999900000069,0.0,0.6112241681777092,0.5976114125550954,ETTm2,raw,46560,46656,raw:46560:3,high,high
4,0.7684969947219819,0.31536263318262897,0.3572000843683396,0.375,0.8958953592399966,0.9999999900000069,0.0,0.48035323742431685,0.42363178641333227,ETTm2,raw,46560,46656,raw:46560:4,high,mid
5,0.5202654046671634,0.22429847137233902,0.5170062725709418,0.25,0.9750145523935492,0.9999999900000069,0.0,0.42052338287014807,0.40833818413118306,ETTm2,raw,46560,46656,raw:46560:5,high,mid
6,0.8434671734583754,0.018512503543476177,0.01617645918822524,0.0,0.5402318040780474,0.9999999900000069,0.0,0.2927187120633589,0.18007726802601579,ETTm2,raw,46560,46656,raw:46560:6,low,low
0,0.5364546955687206,0.20131254318297181,0.19741850660495158,0.375,0.9316965629652609,0.9999999900000275,0.0,0.311728581785548,0.43556552098842033,ETTm2,raw,46656,46752,raw:46656:0,low,mid
1,0.0,0.2766132268640485,0.0,0.25,0.9273733360847011,0.9999999900000275,0.0,0.09220440895468283,0.3924577786949004,ETTm2,raw,46656,46752,raw:46656:1,low,mid
2,0.7043208084719108,0.20270938653255083,0.07999351255046552,0.625,0.9140551645555149,0.9999999900000275,0.0,0.3290079025183091,0.5130183881851716,ETTm2,raw,46656,46752,raw:46656:2,mid,mid
3,0.32201028663506714,0.294039978733005,0.4931880611178151,0.625,0.9498264677664723,0.9999999900000275,0.0,0.36974610882862907,0.5249421559221574,ETTm2,raw,46656,46752,raw:46656:3,mid,mid
4,0.8799809640246231,0.38646467388220784,0.5018634189362372,0.375,0.9080848860554906,0.9999999900000275,0.0,0.5894363522810228,0.4276949620184969,ETTm2,raw,46656,46752,raw:46656:4,high,mid
5,0.36135005699248346,0.12523602716870708,0.12127914192290018,0.5,0.9270780489158679,0.9999999900000275,0.0,0.2026217420280302,0.47569268297195594,ETTm2,raw,46656,46752,raw:46656:5,low,mid
6,0.8178499157632888,0.01106689925869571,0.01735169447752988,0.0,0.4836946118751716,0.9999999900000275,0.0,0.28208950316650483,0.16123153729172388,ETTm2,raw,46656,46752,raw:46656:6,low,low
0,0.0,0.0,0.0,0.0,-0.0,1.0,0.0,0.0,0.0,ETTm2,raw,46752,46848,raw:46752:0,low,low
1,0.0,0.0,0.0,0.0,-0.0,1.0,0.0,0.0,0.0,ETTm2,raw,46752,46848,raw:46752:1,low,low
2,0.0,0.0,0.0,0.0,-0.0,1.0,0.0,0.0,0.0,ETTm2,raw,46752,46848,raw:46752:2,low,low
3,0.0,0.0,0.0,0.0,-0.0,1.0,0.0,0.0,0.0,ETTm2,raw,46752,46848,raw:46752:3,low,low
4,0.0,0.0,0.0,0.0,-0.0,1.0,0.0,0.0,0.0,ETTm2,raw,46752,46848,raw:46752:4,low,low
5,0.0,0.0,0.0,0.0,-0.0,1.0,0.0,0.0,0.0,ETTm2,raw,46752,46848,raw:46752:5,low,low
6,0.0,0.0,0.0,0.0,-0.0,1.0,0.0,0.0,0.0,ETTm2,raw,46752,46848,raw:46752:6,low,low
0,0.6583794732016688,0.3119423602307795,0.06917456257120044,1.0,0.9439000803336685,0.9999999900000306,0.0,0.3464987986678829,0.6479666934445562,ETTm2,raw,46944,47040,raw:46944:0,mid,high
1,0.0,0.0,0.0,0.0,-0.0,0.9999999900000306,0.0,0.0,0.0,ETTm2,raw,46944,47040,raw:46944:1,low,low
2,0.6361165789473114,0.33007878342433605,0.030460735333023275,1.0,0.9626086439895805,0.9999999900000306,0.0,0.3322186992348903,0.6542028813298602,ETTm2,raw,46944,47040,raw:46944:2,mid,high
3,0.9999999979072769,0.22611362161428802,0.47762315613359757,1.0,0.9501388431155484,0.9999999900000306,0.0,0.5679122585517208,0.6500462810385161,ETTm2,raw,46944,47040,raw:46944:3,high,high
4,0.7433174384059084,0.4326909575232027,0.6099462335616044,0.5,0.9702227309207031,0.9999999900000306,0.0,0.5953182098302384,0.4900742436402344,ETTm2,raw,46944,47040,raw:46944:4,high,mid
5,0.7759942473918937,0.3375514689626509,0.41467372731976865,0.375,0.953630489868607,0.9999999900000306,0.0,0.5094064812247711,0.4428768299562023,ETTm2,raw,46944,47040,raw:46944:5,high,mid
6,0.9091763448327929,0.01307002094907496,0.002186806591584452,0.0,0.5112106433890805,0.9999999900000306,0.0,0.30814439079115075,0.17040354779636016,ETTm2,raw,46944,47040,raw:46944:6,low,low
0,0.6149229504156613,0.18720471704639213,0.3095792272132328,0.625,0.919079272056517,3.6552749417341936,0.4425458228847892,0.37056896489176205,0.6622083649804353,ETTm2,raw,47040,47136,raw:47040:0,mid,high
1,0.0,0.0,0.0,0.0,-0.0,3.6552749417341936,0.4425458228847892,0.0,0.14751527429492975,ETTm2,raw,47040,47136,raw:47040:1,low,low
2,0.5911623792999751,0.20253243322080539,0.18396912937039087,0.625,0.9577145783688672,3.6552749417341936,0.4425458228847892,0.32588798063039043,0.6750868004178855,ETTm2,raw,47040,47136,raw:47040:2,mid,high
3,0.2862663161341835,0.2933606661433121,0.49999999964153113,1.0,0.9060128658244218,3.6552749417341936,0.4425458228847892,0.3598756606396756,0.7828528962364038,ETTm2,raw,47040,47136,raw:47040:3,mid,high
4,0.29967013189811853,0.21639483111842395,0.23294289514405972,1.0,0.9857556462581277,3.6552749417341936,0.4425458228847892,0.24966928605353408,0.8094338230476389,ETTm2,raw,47040,47136,raw:47040:4,low,high
5,0.9362490007348239,0.23926386308152425,0.3804764000927994,0.375,0.9343812564447164,3.6552749417341936,0.4425458228847892,0.5186630879697158,0.5839756931098351,ETTm2,raw,47040,47136,raw:47040:5,high,high
6,0.7160894724462556,0.0203934448409376,0.0003433884486254367,0.0,0.4959053236095478,3.6552749417341936,0.4425458228847892,0.24560876857860625,0.3128170488314457,ETTm2,raw,47040,47136,raw:47040:6,low,low
0,0.6209235738962605,0.17389467818497376,0.6213076145739471,0.5,0.9607535032268517,2.878780477613672,0.3131300790803952,0.4720419555517272,0.591294527435749,ETTm2,raw,47232,47328,raw:47232:0,high,high
1,0.0,0.0,0.0,0.0,-0.0,2.878780477613672,0.3131300790803952,0.0,0.1043766930267984,ETTm2,raw,47232,47328,raw:47232:1,low,low
2,0.6189995024750756,0.21500896021540014,0.49307203740589217,0.625,0.9860620657331222,2.878780477613672,0.3131300790803952,0.4423601666987893,0.6413973816045058,ETTm2,raw,47232,47328,raw:47232:2,high,high
3,0.6629714646590831,0.1925194041878606,0.3546142627724423,1.0,0.9439001931545742,2.878780477613672,0.3131300790803952,0.403368377206462,0.7523434240783232,ETTm2,raw,47232,47328,raw:47232:3,mid,high
4,0.8969711391787698,0.23841066277156076,0.36590080465159286,0.5,0.8812075805964844,2.878780477613672,0.3131300790803952,0.5004275355339745,0.5647792198922933,ETTm2,raw,47232,47328,raw:47232:4,high,high
5,0.5263041298352535,0.2596099768395939,0.028993597172447916,0.0,0.8969425576794319,2.878780477613672,0.3131300790803952,0.27163590128243176,0.403357545586609,ETTm2,raw,47232,47328,raw:47232:5,low,mid
6,0.9707014708016963,0.014947448531211584,0.002621568020343961,0.0,0.4709876167307324,2.878780477613672,0.3131300790803952,0.32942349578441726,0.26137256527037583,ETTm2,raw,47232,47328,raw:47232:6,mid,low
0,0.7481073909650671,0.2116941307396638,0.5047838108430878,0.75,0.7955492858395281,2.932552736831802,0.32209212226848016,0.48819511084927286,0.6225471360360028,ETTm2,raw,47328,47424,raw:47328:0,high,high
1,0.0,0.0,0.0,0.0,-0.0,2.932552736831802,0.32209212226848016,0.0,0.10736404075616006,ETTm2,raw,47328,47424,raw:47328:1,low,low
2,0.5922478203646602,0.3725204631358049,0.23981847013910507,0.75,0.859117061022478,2.932552736831802,0.32209212226848016,0.40152891787985673,0.6437363944303195,ETTm2,raw,47328,47424,raw:47328:2,mid,high
3,0.25075058772373626,0.3927391739548606,0.5218832813562546,0.875,0.9140695642692476,2.932552736831802,0.32209212226848016,0.38845768101161715,0.7037205621792425,ETTm2,raw,47328,47424,raw:47328:3,mid,high
4,0.33808089734124,0.2501563008770867,0.1803343504901607,0.25,0.8483300243861741,2.932552736831802,0.32209212226848016,0.25619051623616246,0.4734740488848848,ETTm2,raw,47328,47424,raw:47328:4,low,mid
5,0.15055494368211175,0.13969179349400623,0.26387600865637706,0.0,0.8364326239434141,2.932552736831802,0.32209212226848016,0.18470758194416503,0.3861749154039648,ETTm2,raw,47328,47424,raw:47328:5,low,mid
6,0.8736911236081827,0.007873492395108494,0.0013189951967515158,0.0,0.4790366834014284,2.932552736831802,0.32209212226848016,0.2942945370666809,0.26704293522330286,ETTm2,raw,47328,47424,raw:47328:6,low,low
0,0.5974507329450054,0.09910706585823455,0.18030881139011892,0.875,0.9478834617902203,3.3786102954827504,0.3964350485864,0.292288870064453,0.7397728367922068,ETTm2,raw,47424,47520,raw:47424:0,low,high
1,0.0,0.0,0.0,0.0,-0.0,3.3786102954827504,0.3964350485864,0.0,0.13214501619546667,ETTm2,raw,47424,47520,raw:47424:1,low,low
2,0.6814998872242106,0.15770158571986895,0.17045211576356178,0.625,0.9157494390672092,3.3786102954827504,0.3964350485864,0.3365511962358805,0.6457281625512031,ETTm2,raw,47424,47520,raw:47424:2,mid,high
3,0.4319789597116368,0.25688587840144783,0.1802719394536833,0.75,0.962230769734053,3.3786102954827504,0.3964350485864,0.2897122591889227,0.7028886061068177,ETTm2,raw,47424,47520,raw:47424:3,low,high
4,0.9409262503654944,0.23708800227498794,0.5072167706097747,1.0,0.9459902240245466,3.3786102954827504,0.3964350485864,0.5617436744167524,0.7808084242036489,ETTm2,raw,47424,47520,raw:47424:4,high,high
5,0.33329654165859146,0.20236253960976092,0.30837631563808765,0.375,0.8611132808044825,3.3786102954827504,0.3964350485864,0.2813451323021467,0.5441827764636274,ETTm2,raw,47424,47520,raw:47424:5,low,mid
6,0.8116318093822067,0.030364836645612448,0.012006869472202622,0.0,0.5855358632303302,3.3786102954827504,0.3964350485864,0.28466783850000726,0.3273236372722434,ETTm2,raw,47424,47520,raw:47424:6,low,low
0,0.5549347776586226,0.29833927486261846,0.48949537647687713,0.375,0.8540700111455569,0.9999999900000557,0.0,0.4475898096660394,0.40969000371518566,ETTm2,raw,47616,47712,raw:47616:0,high,mid
1,0.0,0.46561696812467324,0.0,0.625,0.7374051306471634,0.9999999900000557,0.0,0.15520565604155775,0.4541350435490545,ETTm2,raw,47616,47712,raw:47616:1,low,mid
2,0.6290914646013261,0.22539378516937159,0.3953613777290871,0.375,0.7934014683232599,0.9999999900000557,0.0,0.41661554249992827,0.38946715610775334,ETTm2,raw,47616,47712,raw:47616:2,high,mid
3,0.6697734967138026,0.3401802515246568,0.33094255732270067,0.5,0.8576610215633819,0.9999999900000557,0.0,0.4469654351870534,0.45255367385446066,ETTm2,raw,47616,47712,raw:47616:3,high,mid
4,0.6651099618586693,0.29448580343970016,0.16466329229719673,0.25,0.9394289086880813,0.9999999900000557,0.0,0.37475301919852205,0.39647630289602703,ETTm2,raw,47616,47712,raw:47616:4,mid,mid
5,0.8447472156988602,0.11387693498199522,0.4638925219630013,0.375,0.9192211566408441,0.9999999900000557,0.0,0.4741722242146189,0.4314070522136147,ETTm2,raw,47616,47712,raw:47616:5,high,mid
6,0.7375024349551673,0.029529226603831223,0.014762061040036498,0.0,0.5334524925399347,0.9999999900000557,0.0,0.26059790753301165,0.17781749751331155,ETTm2,raw,47616,47712,raw:47616:6,low,low
0,0.756228505733575,0.3407373605278852,0.5610959485300449,0.875,0.9537777627519163,0.9999999900000115,0.0,0.5526872715971684,0.6095925875839722,ETTm2,raw,47712,47808,raw:47712:0,high,high
1,0.0,0.36413504194281643,0.0,0.125,0.8183875946747553,0.9999999900000115,0.0,0.12137834731427215,0.31446253155825177,ETTm2,raw,47712,47808,raw:47712:1,low,low
2,0.8067019522552947,0.32600305308561606,0.4173181463909754,1.0,0.9079114708316648,0.9999999900000115,0.0,0.5166743839106288,0.6359704902772215,ETTm2,raw,47712,47808,raw:47712:2,high,high
3,0.5328479578503043,0.22604225732185557,0.36532484963467465,0.75,0.9769400001025729,0.9999999900000115,0.0,0.37473835493561153,0.5756466667008576,ETTm2,raw,47712,47808,raw:47712:3,mid,high
4,0.19149787983761868,0.1772370583345959,0.595857943744791,0.75,0.9290001033686073,0.9999999900000115,0.0,0.32153096063900183,0.5596667011228691,ETTm2,raw,47712,47808,raw:47712:4,low,high
5,0.19243491802294976,0.1787281072277268,0.2711045486808331,0.5,0.9091035201610519,0.9999999900000115,0.0,0.21408919131050322,0.46970117338701733,ETTm2,raw,47712,47808,raw:47712:5,low,mid
6,0.6403881494493342,0.04867293298028151,0.04631405111745466,0.125,0.5335924309715514,0.9999999900000115,0.0,0.24512504451569014,0.21953081032385047,ETTm2,raw,47712,47808,raw:47712:6,low,low
0,0.7627987844977216,0.2757282481005806,0.2988601795372127,1.0,0.929855556288991,3.962235199492232,0.4937058657591955,0.44579573737850503,0.8078538073493955,ETTm2,raw,47904,48000,raw:47904:0,high,high
1,0.0,0.0,0.0,0.0,-0.0,3.962235199492232,0.4937058657591955,0.0,0.16456862191973184,ETTm2,raw,47904,48000,raw:47904:1,low,low
2,0.7115037745797368,0.2980393600374524,0.420519967631024,0.875,0.9351559525020745,3.962235199492232,0.4937058657591955,0.4766877007494044,0.7679539394204232,ETTm2,raw,47904,48000,raw:47904:2,high,high
3,0.44922402240371595,0.1416199131357059,0.19776055033845583,0.375,0.8430068605078322,3.962235199492232,0.4937058657591955,0.2628681619592926,0.570570908755676,ETTm2,raw,47904,48000,raw:47904:3,low,high
4,0.8732479672847183,0.3556148367443279,0.4385144121305296,1.0,0.9388445723009315,3.962235199492232,0.4937058657591955,0.5557924053865253,0.8108501460200422,ETTm2,raw,47904,48000,raw:47904:4,high,high
5,0.7377463967051555,0.3064698348861473,0.6529328420904508,0.875,0.8990301743828457,3.962235199492232,0.4937058657591955,0.5657163578939178,0.7559120133806804,ETTm2,raw,47904,48000,raw:47904:5,high,high
6,0.8793261675978212,0.021944664685515373,0.0027487463834875445,0.125,0.5352296432059226,3.962235199492232,0.4937058657591955,0.30133985955560805,0.3846451696550394,ETTm2,raw,47904,48000,raw:47904:6,low,mid
0,0.6324988293328736,0.23718880982935858,0.4853386006456731,1.0,0.8993707906592953,4.050042073232511,0.5083403446915179,0.4516754132693017,0.802570378450271,ETTm2,raw,48000,48096,raw:48000:0,high,high
1,0.0,0.0,0.0,0.0,-0.0,4.050042073232511,0.5083403446915179,0.0,0.1694467815638393,ETTm2,raw,48000,48096,raw:48000:1,low,low
2,0.6678586466206605,0.23472615086423448,0.12377749221021103,1.0,0.8596341703191794,4.050042073232511,0.5083403446915179,0.34212076323170204,0.7893248383368991,ETTm2,raw,48000,48096,raw:48000:2,mid,high
3,0.4223279303428915,0.324225586483619,0.4272903400225924,0.5,0.9457195258596058,4.050042073232511,0.5083403446915179,0.39128128561636766,0.6513532901837079,ETTm2,raw,48000,48096,raw:48000:3,mid,high
4,0.7778685468672879,0.42484418123105305,0.32931591889294604,1.0,0.9605634344541596,4.050042073232511,0.5083403446915179,0.5106762156637623,0.8229679263818924,ETTm2,raw,48000,48096,raw:48000:4,high,high
5,0.5793605005755644,0.2684920165690793,0.4314780991254085,0.5,0.9084451277052321,4.050042073232511,0.5083403446915179,0.42644353875668406,0.6389284907989167,ETTm2,raw,48000,48096,raw:48000:5,high,high
6,0.41717254448200003,0.02139746763537968,0.09779455920783457,0.0,0.5314853487974568,4.050042073232511,0.5083403446915179,0.1787881904417381,0.3466085644963249,ETTm2,raw,48000,48096,raw:48000:6,low,low
0,0.8188144800585048,0.4366772072574058,0.31669084916420737,0.5,0.9455758991853921,2.714004973571152,0.28566749511907946,0.5240608454933726,0.5770811314348239,ETTm2,raw,48192,48288,raw:48192:0,high,high
1,0.0,0.0,0.0,0.0,-0.0,2.714004973571152,0.28566749511907946,0.0,0.09522249837302649,ETTm2,raw,48192,48288,raw:48192:1,low,low
2,0.872168559538415,0.43673683286331577,0.2936966356386642,0.5,0.9418968098958378,2.714004973571152,0.28566749511907946,0.534200676013465,0.5758547683383057,ETTm2,raw,48192,48288,raw:48192:2,high,high
3,0.44878908094401415,0.14292109346297133,0.3927630230636524,0.625,0.975408482435043,2.714004973571152,0.28566749511907946,0.32815773249021263,0.6286919925180408,ETTm2,raw,48192,48288,raw:48192:3,mid,high
4,0.8682131776328285,0.18103287008852226,0.10200761902667736,0.25,0.9142505225264552,2.714004973571152,0.28566749511907946,0.3837512222493427,0.48330600588184486,ETTm2,raw,48192,48288,raw:48192:4,mid,mid
5,0.9714748817897171,0.32342464205558374,0.3609667209927914,0.375,0.9202380702212825,2.714004973571152,0.28566749511907946,0.5519554149460307,0.5269685217801207,ETTm2,raw,48192,48288,raw:48192:5,high,mid
6,0.8439771896341383,0.01002887988583371,0.011862519348509121,0.0,0.4821440877864962,2.714004973571152,0.28566749511907946,0.28862286295616035,0.2559371943018585,ETTm2,raw,48192,48288,raw:48192:6,low,low
0,0.6896322378662558,0.44007047620145934,0.07503804351667563,0.875,0.9456534693689049,4.048628637272681,0.5081047720319388,0.40158025252813023,0.7762527471336146,ETTm2,raw,48288,48384,raw:48288:0,mid,high
1,0.0,0.0,0.0,0.0,-0.0,4.048628637272681,0.5081047720319388,0.0,0.16936825734397962,ETTm2,raw,48288,48384,raw:48288:1,low,low
2,0.6863736411099366,0.3134720512000133,0.03120006438045608,0.625,0.916171774360377,4.048628637272681,0.5081047720319388,0.34368191889680194,0.6830921821307719,ETTm2,raw,48288,48384,raw:48288:2,mid,high
3,0.3952909777180197,0.24220230629333164,0.304084763515899,1.0,0.8959486263386877,4.048628637272681,0.5081047720319388,0.31385934917575015,0.8013511327902089,ETTm2,raw,48288,48384,raw:48288:3,low,high
4,0.9097933717771488,0.16523327804748877,0.5192034737924413,0.5,0.8968587160831684,4.048628637272681,0.5081047720319388,0.5314100412056929,0.6349878293717023,ETTm2,raw,48288,48384,raw:48288:4,high,high
5,0.6161083213176306,0.2940090644037593,0.4476394651835154,1.0,0.9279342769954093,4.048628637272681,0.5081047720319388,0.4525856169683018,0.8120130163424494,ETTm2,raw,48288,48384,raw:48288:5,high,high
6,0.9999999998842704,0.05182569962497069,0.02846903661739766,0.0,0.7064593795779947,4.048628637272681,0.5081047720319388,0.3600982453755462,0.4048547172033112,ETTm2,raw,48288,48384,raw:48288:6,mid,mid
0,0.6249327574770682,0.31322794527195597,0.14219378892286214,1.0,0.9216700683101976,0.9999999900000633,0.0,0.3601181638906288,0.6405566894367326,ETTm2,raw,48384,48480,raw:48384:0,mid,high
1,0.0,0.31318105233137306,0.0,0.375,0.880141297190559,0.9999999900000633,0.0,0.10439368411045769,0.41838043239685296,ETTm2,raw,48384,48480,raw:48384:1,low,mid
2,0.7570476034398499,0.24546107090533792,0.06229685703195541,0.5,0.9533271626839932,0.9999999900000633,0.0,0.3549351771257144,0.48444238756133107,ETTm2,raw,48384,48480,raw:48384:2,mid,mid
3,0.5787546972053949,0.402880137648823,0.3295934515176463,0.625,0.9495113205801187,0.9999999900000633,0.0,0.4370760954572881,0.5248371068600396,ETTm2,raw,48384,48480,raw:48384:3,high,mid
4,0.7600971190454574,0.4298898251935787,0.37395779155709546,0.0,0.8646264977608809,0.9999999900000633,0.0,0.5213149119320438,0.2882088325869603,ETTm2,raw,48384,48480,raw:48384:4,high,low
5,0.99999997308643,0.33239315364039024,0.22336925484724166,0.375,0.9326924402967992,0.9999999900000633,0.0,0.5185874605246873,0.4358974800989331,ETTm2,raw,48384,48480,raw:48384:5,high,mid
6,0.9999999985514345,0.15322059886650893,0.0018704508039837713,0.25,0.7656417432098594,0.9999999900000633,0.0,0.38503034940730907,0.3385472477366198,ETTm2,raw,48384,48480,raw:48384:6,mid,low
0,0.627741288824521,0.11081792374644593,0.2701445630130308,0.25,0.9078531415627376,0.9999999900000163,0.0,0.33623459186133253,0.38595104718757917,ETTm2,raw,48576,48672,raw:48576:0,mid,mid
1,0.0,0.2864637732296902,0.0,0.125,0.879425998829646,0.9999999900000163,0.0,0.09548792440989673,0.33480866627654865,ETTm2,raw,48576,48672,raw:48576:1,low,low
2,0.7028790254488457,0.06944070150658516,0.1603773575381707,0.5,0.8801834471139552,0.9999999900000163,0.0,0.3108990281645339,0.4600611490379851,ETTm2,raw,48576,48672,raw:48576:2,low,mid
3,0.4320974695156714,0.31177098500523004,0.5089430092442929,0.75,0.9072817207638212,0.9999999900000163,0.0,0.4176038212550648,0.5524272402546071,ETTm2,raw,48576,48672,raw:48576:3,high,mid
4,0.6070524458777422,0.2865908529946062,0.5702097323599447,1.0,0.9812791344248907,0.9999999900000163,0.0,0.48795101041076433,0.6604263781416302,ETTm2,raw,48576,48672,raw:48576:4,high,high
5,0.9480770664014112,0.055652071369961205,0.21039458596927096,0.25,0.9280217438751114,0.9999999900000163,0.0,0.40470790791354777,0.39267391462503715,ETTm2,raw,48576,48672,raw:48576:5,mid,mid
6,0.9734686925047469,0.07563208601734127,0.07469980769437112,0.125,0.5991527152863867,0.9999999900000163,0.0,0.37460019540548634,0.24138423842879556,ETTm2,raw,48576,48672,raw:48576:6,mid,low
0,0.7457979582665217,0.44111148552342955,0.42555472091536395,1.0,0.9743294493662384,3.0097701272126502,0.3349616873105056,0.5374880549017718,0.7697637122255814,ETTm2,raw,48672,48768,raw:48672:0,high,high
1,0.0,0.0,0.0,0.0,-0.0,3.0097701272126502,0.3349616873105056,0.0,0.11165389577016853,ETTm2,raw,48672,48768,raw:48672:1,low,low
2,0.8285299580005738,0.38054789838917213,0.38418715889207095,0.875,0.9513026595108403,3.0097701272126502,0.3349616873105056,0.5310883384272723,0.7204214489404487,ETTm2,raw,48672,48768,raw:48672:2,high,high
3,0.365953699781288,0.30635830401327996,0.2677875356130201,0.75,0.9540355966640623,3.0097701272126502,0.3349616873105056,0.3133665131358627,0.679665761324856,ETTm2,raw,48672,48768,raw:48672:3,low,high
4,0.27393489255552805,0.4511063399397655,0.6564793838368999,1.0,0.9767544925388771,3.0097701272126502,0.3349616873105056,0.4605068721107311,0.7705720599497942,ETTm2,raw,48672,48768,raw:48672:4,high,high
5,0.8343344252485609,0.2238298706475999,0.03274057651170406,0.125,0.8702962914285315,3.0097701272126502,0.3349616873105056,0.3636349574692883,0.44341932624634567,ETTm2,raw,48672,48768,raw:48672:5,mid,mid
6,0.9615783334685463,0.07825223440044911,0.31456649202123477,0.0,0.45832109445161645,3.0097701272126502,0.3349616873105056,0.45146568663007675,0.2644275939207073,ETTm2,raw,48672,48768,raw:48672:6,high,low
0,0.5947686343204865,0.3237158386407867,0.46946306475276306,0.625,0.8845861789982042,0.9999999900000264,0.0,0.4626491792380121,0.5031953929994014,ETTm2,raw,48864,48960,raw:48864:0,high,mid
1,0.0,0.0,0.0,0.0,-0.0,0.9999999900000264,0.0,0.0,0.0,ETTm2,raw,48864,48960,raw:48864:1,low,low
2,0.5544558711631481,0.27069725917077303,0.27385018396318955,0.75,0.8783608164260959,0.9999999900000264,0.0,0.36633443809903693,0.5427869388086987,ETTm2,raw,48864,48960,raw:48864:2,mid,mid
3,0.18555300335700264,0.2701933954514847,0.7066151911221633,1.0,0.9371384815274285,0.9999999900000264,0.0,0.3874538633102169,0.6457128271758096,ETTm2,raw,48864,48960,raw:48864:3,mid,high
4,0.7584335915060265,0.16767091405546858,0.3245382984105751,0.25,0.8816610633429365,0.9999999900000264,0.0,0.41688093465735676,0.3772203544476455,ETTm2,raw,48864,48960,raw:48864:4,high,mid
5,0.9999999936780817,0.07253149711814955,0.0,0.0,0.8783507656657533,0.9999999900000264,0.0,0.3575104969320771,0.2927835885552511,ETTm2,raw,48864,48960,raw:48864:5,mid,low
6,0.9016858020198224,0.0051135145164196245,0.003445740008871417,0.0,0.4956735627737692,0.9999999900000264,0.0,0.30341501884837113,0.16522452092458975,ETTm2,raw,48864,48960,raw:48864:6,low,low
0,0.6911465906566491,0.21866765634626528,0.5424858961255087,1.0,0.9967747820493612,0.9999999900000173,0.0,0.48410004770947435,0.6655915940164537,ETTm2,raw,48960,49056,raw:48960:0,high,high
1,0.0,0.0,0.0,0.0,-0.0,0.9999999900000173,0.0,0.0,0.0,ETTm2,raw,48960,49056,raw:48960:1,low,low
2,0.6963706311889032,0.21351956070420386,0.46290262938822513,0.75,0.9800601434815399,0.9999999900000173,0.0,0.45759760709377745,0.5766867144938467,ETTm2,raw,48960,49056,raw:48960:2,high,high
3,0.9999999951141562,0.36578054914650415,1.0,0.625,0.9396533263024953,0.9999999900000173,0.0,0.7885935147535535,0.5215511087674984,ETTm2,raw,48960,49056,raw:48960:3,high,mid
4,0.6796682964041767,0.3510976163972007,0.7706210596999274,0.875,0.8784138025224669,0.9999999900000173,0.0,0.6004623241671015,0.5844712675074889,ETTm2,raw,48960,49056,raw:48960:4,high,high
5,0.999999998448424,0.12082602542953708,0.4061468684574401,0.375,0.9289210087919753,0.9999999900000173,0.0,0.5089909641118003,0.43464033626399173,ETTm2,raw,48960,49056,raw:48960:5,high,mid
6,0.7156550566949599,0.00779218392480272,0.0199559376027966,0.0,0.5183657592006023,0.9999999900000173,0.0,0.24780105940751973,0.17278858640020078,ETTm2,raw,48960,49056,raw:48960:6,low,low
0,0.6173051262606983,0.4362922715401769,0.6620703037036174,0.375,0.8931884744663008,1.6422655108282422,0.10704425162629995,0.5718892338348308,0.4584109086975336,ETTm2,raw,49056,49152,raw:49056:0,high,mid
1,0.0,0.13442089621869308,0.9617049332559661,0.0,0.9182494181807187,1.6422655108282422,0.10704425162629995,0.36537527649155305,0.34176455660233956,ETTm2,raw,49056,49152,raw:49056:1,mid,low
2,0.763506642533371,0.2695104398857274,0.6828981163826395,0.375,0.839871413468218,1.6422655108282422,0.10704425162629995,0.5719717329339126,0.44063855503150595,ETTm2,raw,49056,49152,raw:49056:2,high,mid
3,0.9999999974716307,0.22428038412207643,0.4546540326275112,0.75,0.9847510709103205,1.6422655108282422,0.10704425162629995,0.5596448047404061,0.6139317741788735,ETTm2,raw,49056,49152,raw:49056:3,high,high
4,0.3721243390592466,0.3630670038798187,0.3466813638538725,0.25,0.9314525768604672,1.6422655108282422,0.10704425162629995,0.3606242355976459,0.42949894282892237,ETTm2,raw,49056,49152,raw:49056:4,mid,mid
5,0.6185921947720117,0.27381387650245376,0.5140432883861804,0.375,0.8698056915474798,1.6422655108282422,0.10704425162629995,0.4688164532202153,0.4506166477245932,ETTm2,raw,49056,49152,raw:49056:5,high,mid
6,0.886951404569175,0.01355587245490316,0.014201682027029117,0.0,0.5182431157963379,1.6422655108282422,0.10704425162629995,0.3049029863503691,0.2084291224742126,ETTm2,raw,49056,49152,raw:49056:6,low,low
0,0.4116243758254111,0.1826774574152488,0.5327158952310957,1.0,0.9114900261657694,3.835962402380441,0.4726603996089728,0.3756725761572519,0.7947168085915807,ETTm2,raw,49248,49344,raw:49248:0,mid,high
1,0.0,0.0,0.0,0.0,-0.0,3.835962402380441,0.4726603996089728,0.0,0.15755346653632427,ETTm2,raw,49248,49344,raw:49248:1,low,low
2,0.45331303851162597,0.05563726424033366,0.39574321733161527,1.0,0.9597169392195202,3.835962402380441,0.4726603996089728,0.30156450669452495,0.8107924462761643,ETTm2,raw,49248,49344,raw:49248:2,low,high
3,0.9999999987321786,0.18283346130854009,0.41937953177637777,1.0,0.8917688637129091,3.835962402380441,0.4726603996089728,0.5340709972723655,0.7881430877739607,ETTm2,raw,49248,49344,raw:49248:3,high,high
4,0.42454071012809924,0.24801248393221914,0.46872910262632117,0.0,0.7933880521123148,3.835962402380441,0.4726603996089728,0.38042743222887987,0.4220161505737625,ETTm2,raw,49248,49344,raw:49248:4,mid,mid
5,0.5984078800392021,0.6133449601473613,0.022389874258203494,0.625,0.9082822685927098,3.835962402380441,0.4726603996089728,0.41138090481492234,0.6686475560672275,ETTm2,raw,49248,49344,raw:49248:5,high,high
6,0.7938325275609909,0.00996162059558596,0.006868007147078095,0.0,0.5269137269425545,3.835962402380441,0.4726603996089728,0.27022071843455164,0.33319137551717576,ETTm2,raw,49248,49344,raw:49248:6,low,low
0,0.4897255789661721,0.3454847873079936,0.3446814871956625,0.625,0.9758135641282205,0.9999999900000078,0.0,0.3932972844899427,0.5336045213760735,ETTm2,raw,49344,49440,raw:49344:0,mid,mid
1,0.0,0.0,0.0,0.0,-0.0,0.9999999900000078,0.0,0.0,0.0,ETTm2,raw,49344,49440,raw:49344:1,low,low
2,0.6146517521057663,0.13861834955927882,0.13986819748570556,0.125,0.8679957721215605,0.9999999900000078,0.0,0.29771276638358357,0.33099859070718685,ETTm2,raw,49344,49440,raw:49344:2,low,low
3,0.0,0.47497244382668047,0.5306365807202738,0.75,0.9910864960587058,0.9999999900000078,0.0,0.3352030081823181,0.580362165352902,ETTm2,raw,49344,49440,raw:49344:3,mid,high
4,0.5171608811785895,0.19236147549982094,0.308829174107495,0.25,0.8742967038858184,0.9999999900000078,0.0,0.3394505102619685,0.37476556796193944,ETTm2,raw,49344,49440,raw:49344:4,mid,mid
5,0.9999999930713978,0.1639493193407764,0.24640379832973155,0.375,0.9392353785924952,0.9999999900000078,0.0,0.4701177035806352,0.43807845953083174,ETTm2,raw,49344,49440,raw:49344:5,high,mid
6,0.8764456045597233,0.01631555436377421,0.0021129652118635094,0.0,0.539908498843081,0.9999999900000078,0.0,0.298291374711787,0.17996949961436035,ETTm2,raw,49344,49440,raw:49344:6,low,low
0,0.9347097821073903,0.13911410963137388,0.4564305724680617,0.0,0.7919358269777746,0.9999999900000061,0.0,0.5100848214022753,0.26397860899259157,ETTm2,raw,49536,49632,raw:49536:0,high,low
1,0.0,0.2660728410628518,0.5,1.0,0.9044663109528941,0.9999999900000061,0.0,0.2553576136876173,0.6348221036509647,ETTm2,raw,49536,49632,raw:49536:1,low,high
2,0.9766260078760011,0.12309176994939251,0.5625765106682363,0.0,0.8340355431394156,0.9999999900000061,0.0,0.5540980961645433,0.2780118477131385,ETTm2,raw,49536,49632,raw:49536:2,high,low
3,0.8072690101061996,0.5345489543470676,0.6277342667416762,0.625,0.8754605309701673,0.9999999900000061,0.0,0.6565174103983145,0.5001535103233891,ETTm2,raw,49536,49632,raw:49536:3,high,mid
4,0.21567257373762472,0.22792865392837441,0.10490267505360673,0.125,0.854558075563258,0.9999999900000061,0.0,0.18283463423986865,0.326519358521086,ETTm2,raw,49536,49632,raw:49536:4,low,low
5,0.6642887091132238,0.15193856082108126,0.3343509661221404,0.625,0.9290430534669024,0.9999999900000061,0.0,0.3835260786854818,0.5180143511556342,ETTm2,raw,49536,49632,raw:49536:5,mid,mid
6,0.2666843172595218,0.11821463800645321,0.35130121673617176,0.125,0.5955159854308,0.9999999900000061,0.0,0.2454000573340489,0.2401719951436,ETTm2,raw,49536,49632,raw:49536:6,low,low
0,0.7498931197036078,0.13530392154420595,0.011879102493118982,0.25,0.853739234740924,0.999999990000004,0.0,0.2990253812469776,0.36791307824697467,ETTm2,raw,49632,49728,raw:49632:0,low,mid
1,0.9999999999705604,0.39260684218434944,0.5,0.75,0.9709504756249887,0.999999990000004,0.0,0.6308689473849699,0.5736501585416629,ETTm2,raw,49632,49728,raw:49632:1,high,high
2,0.7990093432895918,0.1327377090206457,0.007509348669461022,0.25,0.6940275248580468,0.999999990000004,0.0,0.31308546699323286,0.3146758416193489,ETTm2,raw,49632,49728,raw:49632:2,low,low
3,0.7278580990320855,0.4027279853487008,0.28071783369079545,0.5,0.9446893396213517,0.999999990000004,0.0,0.47043463935719393,0.48156311320711725,ETTm2,raw,49632,49728,raw:49632:3,high,mid
4,0.8477991923113248,0.25304458260666896,0.5294282073611981,0.875,0.9551934124635254,0.999999990000004,0.0,0.543423994093064,0.6100644708211752,ETTm2,raw,49632,49728,raw:49632:4,high,high
5,0.9906418008343857,0.13131361970091554,0.6629226502617354,0.25,0.8397245777436853,0.999999990000004,0.0,0.5949593569323456,0.36324152591456177,ETTm2,raw,49632,49728,raw:49632:5,high,low
6,0.9779198131749723,0.05683172347021888,0.2451468447875688,0.0,0.6982657240118492,0.999999990000004,0.0,0.42663279381092,0.23275524133728306,ETTm2,raw,49632,49728,raw:49632:6,high,low
0,0.4646367751860989,0.36069009898308996,0.11365525840200742,0.75,0.9339050810104319,0.9999999900010103,0.0,0.3129940441903987,0.5613016936701439,ETTm2,raw,49824,49920,raw:49824:0,low,high
1,0.0,0.22446408269543056,0.0,1.0,0.8491928856929417,0.9999999900010103,0.0,0.07482136089847685,0.6163976285643139,ETTm2,raw,49824,49920,raw:49824:1,low,high
2,0.6923654062648897,0.31788074321534354,0.06346898825347692,0.5,0.916435968725799,0.9999999900010103,0.0,0.35790504591123673,0.4721453229085997,ETTm2,raw,49824,49920,raw:49824:2,mid,mid
3,0.7268185047599267,0.24833623435365237,0.3307704011018601,0.875,0.8178660743789908,0.9999999900010103,0.0,0.4353083800718131,0.5642886914596636,ETTm2,raw,49824,49920,raw:49824:3,high,high
4,0.16092026053899755,0.304525296109614,0.47973968240942366,0.125,0.8990925171023262,0.9999999900010103,0.0,0.3150617463526784,0.3413641723674421,ETTm2,raw,49824,49920,raw:49824:4,low,low
5,1.0,0.1023818242725815,6.805299325765846e-06,0.375,0.9407440135329951,0.9999999900010103,0.0,0.36746287652396914,0.43858133784433173,ETTm2,raw,49824,49920,raw:49824:5,mid,mid
6,0.8782003553903917,0.01789606263364662,0.00220396400865079,0.0,0.5624388756482814,0.9999999900010103,0.0,0.299433460677563,0.18747962521609382,ETTm2,raw,49824,49920,raw:49824:6,low,low
0,0.7493188495050115,0.1255424837480083,0.5354802890570106,0.625,0.8728108798953816,3.368458054372403,0.39474300840416215,0.4701138741033435,0.6308512960998479,ETTm2,raw,49920,50016,raw:49920:0,high,high
1,0.0,0.0,0.0,0.0,-0.0,3.368458054372403,0.39474300840416215,0.0,0.13158100280138738,ETTm2,raw,49920,50016,raw:49920:1,low,low
2,0.6693342523929183,0.16644733040192064,0.6976861793576865,0.75,0.9412894144050681,3.368458054372403,0.39474300840416215,0.5111559207175085,0.6953441409364101,ETTm2,raw,49920,50016,raw:49920:2,high,high
3,0.30303673243773455,0.20390063145452642,0.43937019519823756,0.25,0.8026389929947881,3.368458054372403,0.39474300840416215,0.3154358530301662,0.4824606671329834,ETTm2,raw,49920,50016,raw:49920:3,low,mid
4,0.5467943595428761,0.2226970520162186,0.18616099169565964,0.625,0.9513274110558252,3.368458054372403,0.39474300840416215,0.3185508010849181,0.6570234731533291,ETTm2,raw,49920,50016,raw:49920:4,low,high
5,0.9999999839197234,0.20453322531825507,0.4999999764649235,1.0,0.8688512257186413,3.368458054372403,0.39474300840416215,0.568177728567634,0.7545314113742679,ETTm2,raw,49920,50016,raw:49920:5,high,high
6,0.9164904988615151,0.02753419179951623,0.00046742606034308226,0.0,0.5460627788088129,3.368458054372403,0.39474300840416215,0.3148307055737915,0.3136019290709917,ETTm2,raw,49920,50016,raw:49920:6,low,low
0,0.6607958471979258,0.16003601298660886,0.2349987508282525,0.625,0.9786001650952506,0.9999999900000046,0.0,0.35194353700426245,0.5345333883650835,ETTm2,raw,50016,50112,raw:50016:0,mid,mid
1,0.0,0.21596549295243297,1.0,1.0,0.8279358573383147,0.9999999900000046,0.0,0.40532183098414437,0.6093119524461049,ETTm2,raw,50016,50112,raw:50016:1,mid,high
2,0.8922260601033497,0.24960814496806566,0.023462094872841812,0.5,0.8689842209690865,0.9999999900000046,0.0,0.3884320999814191,0.45632807365636213,ETTm2,raw,50016,50112,raw:50016:2,mid,mid
3,0.5919835408459629,0.24853983660947343,0.36753659770788655,0.625,0.9238468692245312,0.9999999900000046,0.0,0.40268665838777434,0.5162822897415104,ETTm2,raw,50016,50112,raw:50016:3,mid,mid
4,0.3605500124905746,0.2568254570043672,0.5345116185261263,0.375,0.8884572967265525,0.9999999900000046,0.0,0.3839623626736894,0.4211524322421842,ETTm2,raw,50016,50112,raw:50016:4,mid,mid
5,1.0,0.21376566615452874,0.34920474376511185,0.375,0.8703791994347654,0.9999999900000046,0.0,0.5209901366398803,0.41512639981158844,ETTm2,raw,50016,50112,raw:50016:5,high,mid
6,0.7809626047994982,0.02559355105145504,0.055045378765973346,0.0,0.551055008230883,0.9999999900000046,0.0,0.2872005115389755,0.18368500274362767,ETTm2,raw,50016,50112,raw:50016:6,low,low
0,0.8459439788809117,0.3604098879651422,0.04260930511655902,0.5,0.6836317649309668,1.2548429808316506,0.04247383006781871,0.41632105732087094,0.4087018649995951,ETTm2,raw,50208,50304,raw:50208:0,high,mid
1,0.0,0.07940950567848906,0.0,0.0,0.633554297348973,1.2548429808316506,0.04247383006781871,0.02646983522616302,0.22534270913893054,ETTm2,raw,50208,50304,raw:50208:1,low,low
2,0.9211817469103534,0.314281627163441,0.01217708560137899,0.375,0.6496809146991652,1.2548429808316506,0.04247383006781871,0.4158801532250578,0.35571824825566134,ETTm2,raw,50208,50304,raw:50208:2,high,low
3,0.9999999982249835,0.264370982020443,0.2375514664566851,0.25,0.9535727576091392,1.2548429808316506,0.04247383006781871,0.5006408155673706,0.415348862558986,ETTm2,raw,50208,50304,raw:50208:3,high,mid
4,0.8828522082025472,0.20847481062964285,0.4961825099613064,1.0,0.9628347374011735,1.2548429808316506,0.04247383006781871,0.5291698429311654,0.6684361891563307,ETTm2,raw,50208,50304,raw:50208:4,high,high
5,0.9999999880759095,0.12139643469771927,0.0,0.5,0.9417497878735263,1.2548429808316506,0.04247383006781871,0.3737988075912096,0.4947412059804483,ETTm2,raw,50208,50304,raw:50208:5,mid,mid
6,0.8562272514825003,0.03637513625115203,0.020285019066864092,0.0,0.5869958287139166,1.2548429808316506,0.04247383006781871,0.30429580226683883,0.20982321959391179,ETTm2,raw,50208,50304,raw:50208:6,low,low
0,0.8774834563805464,0.36997682888304373,0.026021324222870856,0.125,0.7448150421995379,0.9999999900000972,0.0,0.4244938698288203,0.289938347399846,ETTm2,raw,50304,50400,raw:50304:0,high,low
1,0.36130386686258875,0.18182870189527522,0.4239470075933345,0.875,0.9624087138086554,0.9999999900000972,0.0,0.3223598587837328,0.6124695712695518,ETTm2,raw,50304,50400,raw:50304:1,low,high
2,0.962435106162206,0.2308520893519621,0.004241338029433341,0.125,0.5942157492710756,0.9999999900000972,0.0,0.39917617784786713,0.23973858309035853,ETTm2,raw,50304,50400,raw:50304:2,mid,low
3,0.34923438400307283,0.14367781278105907,0.4666323180683476,0.75,0.9709328791310664,0.9999999900000972,0.0,0.3198481716174932,0.5736442930436888,ETTm2,raw,50304,50400,raw:50304:3,low,high
4,0.9383096839634695,0.4280894274309925,0.49160869481169944,0.625,0.9245931052934057,0.9999999900000972,0.0,0.6193359354020539,0.516531035097802,ETTm2,raw,50304,50400,raw:50304:4,high,mid
5,0.9999999941365851,0.28020517910056253,0.0,0.75,0.912561398676696,0.9999999900000972,0.0,0.4267350577457159,0.554187132892232,ETTm2,raw,50304,50400,raw:50304:5,high,mid
6,0.9567092937072502,0.03802724407678111,0.0012402007648942375,0.0,0.559574817240069,0.9999999900000972,0.0,0.33199224618297524,0.186524939080023,ETTm2,raw,50304,50400,raw:50304:6,mid,low
0,0.8690352758397286,0.15199265225840874,0.03951218393001324,0.375,0.8080569286513756,1.071056486953565,0.01184274780585626,0.3535133706760502,0.3982998921524106,ETTm2,raw,50496,50592,raw:50496:0,mid,mid
1,0.0,0.2075513865984822,0.9084093533670423,0.625,0.9870298252172476,1.071056486953565,0.01184274780585626,0.3719869133218415,0.5412908576743679,ETTm2,raw,50496,50592,raw:50496:1,mid,mid
2,0.9169852286494985,0.13476574976771188,0.04128527196928924,0.25,0.7808965352749455,1.071056486953565,0.01184274780585626,0.36434541679549987,0.34757976102693394,ETTm2,raw,50496,50592,raw:50496:2,mid,low
3,0.9145398569136738,0.18401619717443884,0.06779187713324519,0.125,0.8319830724701396,1.071056486953565,0.01184274780585626,0.3887826437404526,0.3229419400919986,ETTm2,raw,50496,50592,raw:50496:3,mid,low
4,0.6578242875992701,0.3174312683110453,0.49974735613131743,1.0,0.7451283582081607,1.071056486953565,0.01184274780585626,0.4916676373472109,0.5856570353380056,ETTm2,raw,50496,50592,raw:50496:4,high,high
5,0.0,0.1776853755005915,0.0,0.125,0.97100208149265,1.071056486953565,0.01184274780585626,0.059228458500197166,0.3692816097661687,ETTm2,raw,50496,50592,raw:50496:5,low,mid
6,0.9472357353427409,0.014468560942401983,0.08704956693849918,0.0,0.5828624551649829,1.071056486953565,0.01184274780585626,0.3495846210745473,0.1982350676569464,ETTm2,raw,50496,50592,raw:50496:6,mid,low
0,0.5994516751136701,0.36839126996059735,0.24818499638990743,0.75,0.9547901602081414,0.9999999900000184,0.0,0.405342647154725,0.5682633867360471,ETTm2,raw,50592,50688,raw:50592:0,mid,high
1,0.0,0.5748115694551825,0.0,0.375,0.7016164006413836,0.9999999900000184,0.0,0.19160385648506084,0.3588721335471279,ETTm2,raw,50592,50688,raw:50592:1,low,low
2,0.7434300469574959,0.22337939466374812,0.18561137944077233,0.625,0.9832508610798056,0.9999999900000184,0.0,0.3841402736873388,0.5360836203599352,ETTm2,raw,50592,50688,raw:50592:2,mid,mid
3,0.6044768267923445,0.15619186790658768,0.16704483714296078,1.0,0.869128322903094,0.9999999900000184,0.0,0.30923784394729764,0.6230427743010313,ETTm2,raw,50592,50688,raw:50592:3,low,high
4,0.7920994774632937,0.1729345504981798,0.26090118557047975,1.0,0.9076972045859795,0.9999999900000184,0.0,0.40864507117731774,0.6358990681953265,ETTm2,raw,50592,50688,raw:50592:4,high,high
5,0.0,0.0,0.0,0.0,-0.0,0.9999999900000184,0.0,0.0,0.0,ETTm2,raw,50592,50688,raw:50592:5,low,low
6,0.8864603552147006,0.1250396302260939,0.04515144875283494,0.0,0.4060810520731889,0.9999999900000184,0.0,0.35221714473120974,0.13536035069106298,ETTm2,raw,50592,50688,raw:50592:6,mid,low
0,0.7469273165371035,0.15218473475256605,0.03357035292713557,0.375,0.9271604915032852,1.2551775584828424,0.04252959300959108,0.31089413473893507,0.44823002817095875,ETTm2,raw,50688,50784,raw:50688:0,low,mid
1,0.0,0.4798649042655344,0.0,0.25,0.7288179544911907,1.2551775584828424,0.04252959300959108,0.15995496808851148,0.3404491825002606,ETTm2,raw,50688,50784,raw:50688:1,low,low
2,0.8680998222677695,0.13624271656482997,0.011807233451075719,0.125,0.8760821271182272,1.2551775584828424,0.04252959300959108,0.33871659076122507,0.34787057337593946,ETTm2,raw,50688,50784,raw:50688:2,mid,low
3,0.7739942433934903,0.3798995123359984,0.1387206485483232,0.5,0.9441295881575935,1.2551775584828424,0.04252959300959108,0.430871468092604,0.4955530603890615,ETTm2,raw,50688,50784,raw:50688:3,high,mid
4,0.15644483074010507,0.19247350792856124,0.3257250343217249,0.875,0.935360565791074,1.2551775584828424,0.04252959300959108,0.22488112433013038,0.617630052933555,ETTm2,raw,50688,50784,raw:50688:4,low,high
5,0.0,0.29266627386689814,0.0,0.0,0.89133636940809,1.2551775584828424,0.04252959300959108,0.09755542462229938,0.311288654139227,ETTm2,raw,50688,50784,raw:50688:5,low,low
6,0.8540999828569988,0.015177022249914964,0.003095788301110837,0.0,0.5377545950415573,1.2551775584828424,0.04252959300959108,0.29079093113600823,0.19342806268371615,ETTm2,raw,50688,50784,raw:50688:6,low,low
0,0.6815077217956979,0.22915222763513565,0.10025627525825738,0.125,0.7401180176947051,1.1859915140975645,0.030998585631263113,0.3369720748963636,0.2987055344419894,ETTm2,raw,50880,50976,raw:50880:0,mid,low
1,0.9999999995305422,0.09740738753598621,0.0,0.375,0.8754397042513673,1.1859915140975645,0.030998585631263113,0.36580246235550945,0.4271460966275435,ETTm2,raw,50880,50976,raw:50880:1,mid,mid
2,0.7843486917252482,0.27865937568548027,0.05473274085142481,0.125,0.6061591086964273,1.1859915140975645,0.030998585631263113,0.3725802694207178,0.2540525647758968,ETTm2,raw,50880,50976,raw:50880:2,mid,low
3,0.9999999985026203,0.16550736237702598,0.14630709217604518,0.375,0.7884878330536148,1.1859915140975645,0.030998585631263113,0.43727148435189717,0.398162139561626,ETTm2,raw,50880,50976,raw:50880:3,high,mid
4,0.22741098862506104,0.16463729525741988,0.3659445840986286,0.5,0.8778802436806259,1.1859915140975645,0.030998585631263113,0.2526642893270365,0.4696262764372963,ETTm2,raw,50880,50976,raw:50880:4,low,mid
5,0.9999999428396688,0.1438532410211379,0.0,0.25,0.9303467825994166,1.1859915140975645,0.030998585631263113,0.38128439462026886,0.4037817894102265,ETTm2,raw,50880,50976,raw:50880:5,mid,mid
6,0.9202651693483049,0.07531896327970085,0.09411079632243138,0.0,0.702543334862284,1.1859915140975645,0.030998585631263113,0.36323164298347904,0.24451397349784906,ETTm2,raw,50880,50976,raw:50880:6,mid,low
0,0.928839050888984,0.10744639403840817,0.0032404966196254805,0.375,0.8810741950874326,0.9999999900000038,0.0,0.34650864718233926,0.41869139836247754,ETTm2,raw,50976,51072,raw:50976:0,mid,mid
1,0.0,0.16976881202353494,0.0,0.375,0.9429155641257959,0.9999999900000038,0.0,0.05658960400784498,0.439305188041932,ETTm2,raw,50976,51072,raw:50976:1,low,mid
2,0.953548824675348,0.10012326477117306,0.003707314248757858,0.375,0.7512270848456237,0.9999999900000038,0.0,0.35245980123175963,0.37540902828187456,ETTm2,raw,50976,51072,raw:50976:2,mid,mid
3,0.7777767810900676,0.2853476824430198,0.09733463765978476,0.75,0.9606925150777635,0.9999999900000038,0.0,0.3868197003976241,0.5702308383592545,ETTm2,raw,50976,51072,raw:50976:3,mid,high
4,0.7594279669396623,0.07672006794976327,0.42078867354611277,0.125,0.7368257148612709,0.9999999900000038,0.0,0.4189789028118461,0.2872752382870903,ETTm2,raw,50976,51072,raw:50976:4,high,low
5,0.9999999934806145,0.06813094579211093,0.469012779284025,0.5,0.90418904208712,0.9999999900000038,0.0,0.5123812395189168,0.46806301402904005,ETTm2,raw,50976,51072,raw:50976:5,high,mid
6,0.8843169705956457,0.16066976523620866,0.12793207684446828,0.0,0.5070428723250218,0.9999999900000038,0.0,0.3909729375587742,0.16901429077500726,ETTm2,raw,50976,51072,raw:50976:6,mid,low
0,0.8497311350062292,0.266414317859508,0.0648036102451822,0.5,0.9777883066158344,1.9857024898108036,0.16428374802799434,0.3936496877036398,0.547357351547943,ETTm2,raw,51168,51264,raw:51168:0,mid,mid
1,0.0,0.46822366613089317,0.0,0.625,0.7348460218628552,1.9857024898108036,0.16428374802799434,0.15607455537696438,0.5080432566302832,ETTm2,raw,51168,51264,raw:51168:1,low,mid
2,0.9128727871415376,0.30739069072093017,0.06334185240237396,0.25,0.8823778682875504,1.9857024898108036,0.16428374802799434,0.42786844342161395,0.43222053877184824,ETTm2,raw,51168,51264,raw:51168:2,high,mid
3,0.7203101908160068,0.3403948666813704,0.35682705257839376,1.0,0.9520745513089155,1.9857024898108036,0.16428374802799434,0.47251070335859024,0.7054527664456366,ETTm2,raw,51168,51264,raw:51168:3,high,high
4,0.7672164868858762,0.2215370165611728,0.40538523385444764,0.125,0.9386962271029528,1.9857024898108036,0.16428374802799434,0.4647129124338322,0.40932665837698234,ETTm2,raw,51168,51264,raw:51168:4,high,mid
5,0.9999999985446066,0.08890287867468671,0.0,0.25,0.8725213248354553,1.9857024898108036,0.16428374802799434,0.36296762573976443,0.42893502428781655,ETTm2,raw,51168,51264,raw:51168:5,mid,mid
6,0.25101784237058644,0.019558838325754564,0.06872733012420373,0.0,0.5973505734919259,1.9857024898108036,0.16428374802799434,0.11310133694018158,0.2538781071733067,ETTm2,raw,51168,51264,raw:51168:6,low,low
0,0.755898392276196,0.0653689462377127,0.5618943949639901,0.375,0.768643540535291,1.3326715298308232,0.055445254879395105,0.46105391115929956,0.39969626513822876,ETTm2,raw,51264,51360,raw:51264:0,high,mid
1,0.0,0.3708086508166606,0.0,0.375,0.8845044006592845,1.3326715298308232,0.055445254879395105,0.12360288360555353,0.4383165518462266,ETTm2,raw,51264,51360,raw:51264:1,low,mid
2,0.7507064241764986,0.08885586544702759,0.28160874480499837,0.625,0.9031073795445591,1.3326715298308232,0.055445254879395105,0.3737236781428415,0.5278508781413181,ETTm2,raw,51264,51360,raw:51264:2,mid,mid
3,0.6717659678947776,0.2697837976465451,0.6016712302001909,1.0,0.8855236235700055,1.3326715298308232,0.055445254879395105,0.5144069985805045,0.6469896261498002,ETTm2,raw,51264,51360,raw:51264:3,high,high
4,0.8560062466341938,0.38258981554424387,0.5015339122251212,0.5,0.8796978040861355,1.3326715298308232,0.055445254879395105,0.5800433248011864,0.47838101965517693,ETTm2,raw,51264,51360,raw:51264:4,high,mid
5,0.0,0.05057630442473741,0.0,0.125,0.8305559023872857,1.3326715298308232,0.055445254879395105,0.016858768141579137,0.3370003857555603,ETTm2,raw,51264,51360,raw:51264:5,low,low
6,0.7908387776925037,0.011902900932186659,0.005094073088174293,0.0,0.5221709720366158,1.3326715298308232,0.055445254879395105,0.2692785839042882,0.19253874230533696,ETTm2,raw,51264,51360,raw:51264:6,low,low
0,0.8062409238857327,0.24177453830173504,0.019420745220112157,0.0,0.6144228930068638,0.9999999900000506,0.0,0.35581206913585994,0.20480763100228794,ETTm2,raw,51456,51552,raw:51456:0,mid,low
1,0.0,0.2183640558790878,0.5492368340958591,0.0,0.9842160233643117,0.9999999900000506,0.0,0.2558669633249823,0.3280720077881039,ETTm2,raw,51456,51552,raw:51456:1,low,low
2,0.8017778437923203,0.26026722010535924,0.01297229662134038,0.125,0.6043533285174657,0.9999999900000506,0.0,0.3583391201730066,0.24311777617248856,ETTm2,raw,51456,51552,raw:51456:2,mid,low
3,0.7455553436099303,0.09576691586806765,0.006107191500442115,0.125,0.7351698532793974,0.9999999900000506,0.0,0.28247648365948,0.28672328442646583,ETTm2,raw,51456,51552,raw:51456:3,low,low
4,0.9093979778218753,0.21829954732399648,0.4039689390260008,0.625,0.8483384894882579,0.9999999900000506,0.0,0.5105554880572908,0.49111282982941934,ETTm2,raw,51456,51552,raw:51456:4,high,mid
5,0.9999999962241015,0.1077205333271821,0.5197469370230523,0.0,0.8512314286030878,0.9999999900000506,0.0,0.5424891555247786,0.28374380953436257,ETTm2,raw,51456,51552,raw:51456:5,high,low
6,0.8481097622717189,0.014797910122684759,0.012769294198662,0.0,0.5290598487478597,0.9999999900000506,0.0,0.2918923221976885,0.17635328291595323,ETTm2,raw,51456,51552,raw:51456:6,low,low
0,0.6516960219933929,0.33087887785025105,0.08618338119875846,0.5,0.945112538669956,0.9999999900000489,0.0,0.3562527603474675,0.48170417955665207,ETTm2,raw,51552,51648,raw:51552:0,mid,mid
1,0.0,0.49065930515624423,0.0,0.125,0.724053348297047,0.9999999900000489,0.0,0.16355310171874807,0.28301778276568235,ETTm2,raw,51552,51648,raw:51552:1,low,low
2,0.8025989978624088,0.2871575923129363,0.04144351552898432,0.375,0.9332742905436865,0.9999999900000489,0.0,0.37706670190144315,0.4360914301812288,ETTm2,raw,51552,51648,raw:51552:2,mid,mid
3,0.9999999993238943,0.270536011401739,0.1288846918686138,0.25,0.8485871784720316,0.9999999900000489,0.0,0.4664735675314156,0.36619572615734386,ETTm2,raw,51552,51648,raw:51552:3,high,low
4,0.7207514082490872,0.24471060340681836,0.46868236926744183,0.25,0.7903839532549586,0.9999999900000489,0.0,0.47804812697444915,0.3467946510849862,ETTm2,raw,51552,51648,raw:51552:4,high,low
5,0.8097588285360711,0.4098780308500626,0.11034580858927327,0.0,0.7202298510216708,0.9999999900000489,0.0,0.44332755599180235,0.2400766170072236,ETTm2,raw,51552,51648,raw:51552:5,high,low
6,0.8976463154201365,0.023292886174400694,0.0182278700498083,0.0,0.5697022028104165,0.9999999900000489,0.0,0.31305569054811516,0.18990073427013884,ETTm2,raw,51552,51648,raw:51552:6,low,low
0,0.5607496189281462,0.1138237252485561,0.29444382678472963,0.875,0.9033335579655077,0.9999999900000083,0.0,0.32300572365381064,0.5927778526551692,ETTm2,raw,51648,51744,raw:51648:0,low,high
1,0.0,0.04886356173643942,0.0,0.0,0.9046061860492277,0.9999999900000083,0.0,0.016287853912146474,0.30153539534974255,ETTm2,raw,51648,51744,raw:51648:1,low,low
2,0.699974843155835,0.18598482428485802,0.21321813421963237,0.75,0.9630085447203914,0.9999999900000083,0.0,0.36639260055344186,0.5710028482401305,ETTm2,raw,51648,51744,raw:51648:2,mid,high
3,0.714774973606848,0.2588042359181021,0.19010416712870518,0.875,0.9095690267219,0.9999999900000083,0.0,0.3878944588845518,0.5948563422406333,ETTm2,raw,51648,51744,raw:51648:3,mid,high
4,0.6011127664593832,0.21591097485833088,0.10788713429028862,0.0,0.7383671153217588,0.9999999900000083,0.0,0.3083036252026676,0.2461223717739196,ETTm2,raw,51648,51744,raw:51648:4,low,low
5,0.9589724188017431,0.10891229549714238,0.001384087431781215,0.0,0.604921280500214,0.9999999900000083,0.0,0.35642293391022223,0.20164042683340466,ETTm2,raw,51648,51744,raw:51648:5,mid,low
6,0.8456392294620065,0.02192666451654164,0.003354185708214471,0.0,0.535518552239686,0.9999999900000083,0.0,0.2903066932289209,0.17850618407989535,ETTm2,raw,51648,51744,raw:51648:6,low,low
0,0.4009135127205208,0.21556906667345271,0.5758549091590027,1.0,0.9459973681671996,0.9999999900000021,0.0,0.39744582951765867,0.6486657893890665,ETTm2,raw,51840,51936,raw:51840:0,mid,high
1,0.0,0.22455745568474422,0.0,1.0,0.8646076771357126,0.9999999900000021,0.0,0.07485248522824807,0.6215358923785709,ETTm2,raw,51840,51936,raw:51840:1,low,high
2,0.5087594274898679,0.2893194709221604,0.5489678151933085,0.625,0.9522125727524676,0.9999999900000021,0.0,0.44901557120177893,0.5257375242508225,ETTm2,raw,51840,51936,raw:51840:2,high,mid
3,0.4657349697009757,0.2906567893142453,0.5037371050210511,0.75,0.8686691839502303,0.9999999900000021,0.0,0.4200429546787574,0.5395563946500768,ETTm2,raw,51840,51936,raw:51840:3,high,mid
4,0.5915099253239506,0.2605588323187714,0.5560574367480534,1.0,0.9862589767520624,0.9999999900000021,0.0,0.46937539813025847,0.6620863255840208,ETTm2,raw,51840,51936,raw:51840:4,high,high
5,0.9976280602771463,0.29765355412950145,0.2393249164353609,0.375,0.9315970497069546,0.9999999900000021,0.0,0.5115355102806696,0.4355323499023182,ETTm2,raw,51840,51936,raw:51840:5,high,mid
6,0.9671595232656572,0.025579354244972406,0.0045197952042449144,0.125,0.5461132361477361,0.9999999900000021,0.0,0.33241955757162484,0.22370441204924538,ETTm2,raw,51840,51936,raw:51840:6,mid,low
0,0.8223919690563679,0.1311202299618754,0.180810915684188,0.875,0.9892676339304783,1.947241730600043,0.1578736215035511,0.3781077049008104,0.6740470851446765,ETTm2,raw,51936,52032,raw:51936:0,mid,high
1,0.0,0.0,0.0,0.0,-0.0,1.947241730600043,0.1578736215035511,0.0,0.0526245405011837,ETTm2,raw,51936,52032,raw:51936:1,low,low
2,0.8292916353526204,0.10159566489201577,0.18288964935484028,0.625,0.9122970950264571,1.947241730600043,0.1578736215035511,0.3712589831998255,0.5650569055100028,ETTm2,raw,51936,52032,raw:51936:2,mid,high
3,0.0,0.1472854139428548,0.5,0.625,0.9738152295298804,1.947241730600043,0.1578736215035511,0.21576180464761827,0.5855629503444773,ETTm2,raw,51936,52032,raw:51936:3,low,high
4,0.8486682907791168,0.2208473250132122,0.4273550416942888,0.75,0.954915563314765,1.947241730600043,0.1578736215035511,0.4989568858288726,0.620929728272772,ETTm2,raw,51936,52032,raw:51936:4,high,high
5,0.9999999972446175,0.06289602835219135,0.0,0.125,0.8184249938331066,1.947241730600043,0.1578736215035511,0.3542986751989363,0.3670995384455526,ETTm2,raw,51936,52032,raw:51936:5,mid,mid
6,0.5863571820367999,0.016996797420121924,0.009301621107402005,0.0,0.5448481969950589,1.947241730600043,0.1578736215035511,0.20421853352144126,0.23424060616620335,ETTm2,raw,51936,52032,raw:51936:6,low,low
0,0.598747430262007,0.08328518875564392,0.1416164932561045,0.625,0.9392178822414018,1.324703296057619,0.05411721591940782,0.27454970409125184,0.5394450327202699,ETTm2,raw,52128,52224,raw:52128:0,low,mid
1,0.0,0.46072159354868064,0.0,0.25,0.7498831453802609,1.324703296057619,0.05411721591940782,0.15357386451622687,0.3513334537665562,ETTm2,raw,52128,52224,raw:52128:1,low,low
2,0.7843768555529167,0.09120986739493842,0.0450165159475679,0.25,0.8454825309831634,1.324703296057619,0.05411721591940782,0.30686774629847435,0.38319991563419037,ETTm2,raw,52128,52224,raw:52128:2,low,mid
3,0.9999999985504409,0.258535334643354,0.5,0.5,0.9301578985429169,1.324703296057619,0.05411721591940782,0.5861784443979317,0.49475837148744156,ETTm2,raw,52128,52224,raw:52128:3,high,mid
4,0.4738559275923706,0.10939459594398984,0.08911616336289314,0.0,0.685820091818344,1.324703296057619,0.05411721591940782,0.22412222896641787,0.24664576924591727,ETTm2,raw,52128,52224,raw:52128:4,low,low
5,0.560385293916308,0.07487729950522246,0.2847194811621022,0.125,0.8796087488985862,1.324703296057619,0.05411721591940782,0.30666069152787756,0.3529086549393314,ETTm2,raw,52128,52224,raw:52128:5,low,low
6,0.9348488532241689,0.015991188205735005,0.016855832516719783,0.0,0.5186972531332186,1.324703296057619,0.05411721591940782,0.3225652913155412,0.19093815635087544,ETTm2,raw,52128,52224,raw:52128:6,low,low
0,0.6713555037383483,0.19356480951826233,0.17258692637235648,0.5,0.9570735636088812,0.9999999900000089,0.0,0.34583574654298904,0.48569118786962706,ETTm2,raw,52224,52320,raw:52224:0,mid,mid
1,0.0,0.0,0.0,0.0,-0.0,0.9999999900000089,0.0,0.0,0.0,ETTm2,raw,52224,52320,raw:52224:1,low,low
2,0.8216430623788887,0.22639512132370956,0.13780583060562743,0.375,0.8940515286764129,0.9999999900000089,0.0,0.39528133810274185,0.423017176225471,ETTm2,raw,52224,52320,raw:52224:2,mid,mid
3,0.9999999983742001,0.19978891300153906,0.20442621863008834,0.25,0.8936782832429494,0.9999999900000089,0.0,0.4680717100019425,0.3812260944143165,ETTm2,raw,52224,52320,raw:52224:3,high,mid
4,0.8082709144573262,0.17162093989234148,0.3795833300585778,0.25,0.8690110158775575,0.9999999900000089,0.0,0.4531583948027485,0.3730036719591858,ETTm2,raw,52224,52320,raw:52224:4,high,mid
5,0.9999999936193831,0.13076965593870354,0.0,0.0,0.7118941427068604,0.9999999900000089,0.0,0.37692321651936217,0.23729804756895345,ETTm2,raw,52224,52320,raw:52224:5,mid,low
6,0.9686745456559306,0.0580036143006027,0.0607347642248904,0.125,0.5812973412062928,0.9999999900000089,0.0,0.36247097472714124,0.2354324470687643,ETTm2,raw,52224,52320,raw:52224:6,mid,low
0,0.7314522175594534,0.2287790795195686,0.2789519735584606,0.75,0.9536071235082826,3.7944233582122373,0.4657372255924775,0.41306109021249426,0.7231147830335867,ETTm2,raw,52320,52416,raw:52320:0,high,high
1,0.0,0.0,0.0,0.0,-0.0,3.7944233582122373,0.4657372255924775,0.0,0.15524574186415915,ETTm2,raw,52320,52416,raw:52320:1,low,low
2,0.7638288655417418,0.14684905627068906,0.12400215080337937,0.375,0.9190529872080329,3.7944233582122373,0.4657372255924775,0.34489335753860334,0.5865967376001701,ETTm2,raw,52320,52416,raw:52320:2,mid,high
3,0.391178069458438,0.3066775136422746,0.5312528117177591,1.0,0.8981154047882803,3.7944233582122373,0.4657372255924775,0.4097027982728239,0.787950876793586,ETTm2,raw,52320,52416,raw:52320:3,high,high
4,0.36481632768205685,0.3496988487138747,0.2231391454443536,0.75,0.9497849949986724,3.7944233582122373,0.4657372255924775,0.3125514406134284,0.72184074019705,ETTm2,raw,52320,52416,raw:52320:4,low,high
5,0.9999999999999992,0.10035771455474679,0.2428109570419356,0.25,0.7521039285836475,3.7944233582122373,0.4657372255924775,0.44772289053222725,0.489280384725375,ETTm2,raw,52320,52416,raw:52320:5,high,mid
6,0.15637609264044205,0.053842914567467065,0.45540773289355085,0.0,0.32754776344333203,3.7944233582122373,0.4657372255924775,0.22187558003382,0.2644283296786032,ETTm2,raw,52320,52416,raw:52320:6,low,low
0,0.8846773675198575,0.2741401174176493,0.028852885724698327,0.5,0.9211605875132958,1.6210691727717281,0.10351152862276881,0.3958901235540684,0.5082240387120215,ETTm2,raw,52512,52608,raw:52512:0,mid,mid
1,0.0,0.4967930232556389,0.0,0.0,0.7231052919939801,1.6210691727717281,0.10351152862276881,0.1655976744185463,0.27553894020558295,ETTm2,raw,52512,52608,raw:52512:1,low,low
2,0.9213457879649822,0.18926042924541145,0.01773059409789285,0.25,0.9099526354961768,1.6210691727717281,0.10351152862276881,0.3761122704360955,0.4211547213729818,ETTm2,raw,52512,52608,raw:52512:2,mid,mid
3,0.0,0.260612685597133,0.5,1.0,0.9564515634666312,1.6210691727717281,0.10351152862276881,0.253537561865711,0.6866543640298,ETTm2,raw,52512,52608,raw:52512:3,low,high
4,0.5875284735297099,0.36172793861004227,0.5168750603933834,1.0,0.9294663889806235,1.6210691727717281,0.10351152862276881,0.4887104908443785,0.6776593058677974,ETTm2,raw,52512,52608,raw:52512:4,high,high
5,0.499999955033982,0.1604588802688232,0.4241244591165724,0.625,0.8525891900748381,1.6210691727717281,0.10351152862276881,0.3615277648064592,0.5270335728992023,ETTm2,raw,52512,52608,raw:52512:5,mid,mid
6,0.8473764666364236,0.08546417028750264,0.6768101257091484,0.0,0.7014364214170341,1.6210691727717281,0.10351152862276881,0.5365502542110249,0.26831598334660095,ETTm2,raw,52512,52608,raw:52512:6,high,low
0,0.0,0.0,0.0,0.0,-0.0,1.0,0.0,0.0,0.0,ETTm2,raw,52608,52704,raw:52608:0,low,low
1,0.0,0.0,0.0,0.0,-0.0,1.0,0.0,0.0,0.0,ETTm2,raw,52608,52704,raw:52608:1,low,low
2,0.0,0.0,0.0,0.0,-0.0,1.0,0.0,0.0,0.0,ETTm2,raw,52608,52704,raw:52608:2,low,low
3,0.0,0.0,0.0,0.0,-0.0,1.0,0.0,0.0,0.0,ETTm2,raw,52608,52704,raw:52608:3,low,low
4,0.0,0.0,0.0,0.0,-0.0,1.0,0.0,0.0,0.0,ETTm2,raw,52608,52704,raw:52608:4,low,low
5,0.0,0.0,0.0,0.0,-0.0,1.0,0.0,0.0,0.0,ETTm2,raw,52608,52704,raw:52608:5,low,low
6,0.0,0.0,0.0,0.0,-0.0,1.0,0.0,0.0,0.0,ETTm2,raw,52608,52704,raw:52608:6,low,low
0,0.9060619092681123,0.16566517240722606,0.02412531207106845,0.0,0.7836246387679864,0.9999999900001745,0.0,0.36528413124880227,0.2612082129226621,ETTm2,raw,52800,52896,raw:52800:0,mid,low
1,0.0,0.0,0.0,0.0,-0.0,0.9999999900001745,0.0,0.0,0.0,ETTm2,raw,52800,52896,raw:52800:1,low,low
2,0.9517855588007232,0.12925114530475373,0.021605034064193965,0.125,0.6467354900971511,0.9999999900001745,0.0,0.367547246056557,0.25724516336571707,ETTm2,raw,52800,52896,raw:52800:2,mid,low
3,0.0,0.5694353708533038,0.5,0.25,0.9193898645200798,0.9999999900001745,0.0,0.35647845695110125,0.38979662150669325,ETTm2,raw,52800,52896,raw:52800:3,mid,mid
4,0.7740619806581406,0.2715776278522598,0.5147843562430442,0.5,0.9393020478702063,0.9999999900001745,0.0,0.5201413215844815,0.47976734929006876,ETTm2,raw,52800,52896,raw:52800:4,high,mid
5,0.3788259502927245,0.18975780039869378,0.8395020816513621,0.75,0.9402889665456444,0.9999999900001745,0.0,0.4693619441142601,0.5634296555152148,ETTm2,raw,52800,52896,raw:52800:5,high,high
6,0.8961764372734002,0.022412031536918085,0.02903990725608321,0.0,0.5855033093317333,0.9999999900001745,0.0,0.31587612535546716,0.19516776977724445,ETTm2,raw,52800,52896,raw:52800:6,low,low
0,0.7910052371200263,0.08885952012777337,0.017637160672894118,0.375,0.8585549769499917,1.6043899258042522,0.10073165413282262,0.2991673059735646,0.44476221036093816,ETTm2,raw,52896,52992,raw:52896:0,low,mid
1,0.0,0.10736208397015415,0.0,0.25,0.9179186299530049,1.6043899258042522,0.10073165413282262,0.03578736132338472,0.4228834280286092,ETTm2,raw,52896,52992,raw:52896:1,low,mid
2,0.7066400228973084,0.10698886133687131,0.01732137068937044,0.5,0.9193023922287512,1.6043899258042522,0.10073165413282262,0.27698341830785006,0.506678015453858,ETTm2,raw,52896,52992,raw:52896:2,low,mid
3,0.9999999975351777,0.40905479203804557,1.0,0.75,0.9045807731887526,1.6043899258042522,0.10073165413282262,0.8030182631910744,0.5851041424405251,ETTm2,raw,52896,52992,raw:52896:3,high,high
4,0.9241847851530278,0.08543661772730846,0.48650427088028897,0.125,0.6004869535019549,1.6043899258042522,0.10073165413282262,0.4987085579202084,0.2754062025449258,ETTm2,raw,52896,52992,raw:52896:4,high,low
5,1.0,0.022204266381435175,0.9999992470510817,0.125,0.4653476939269688,1.6043899258042522,0.10073165413282262,0.674067837810839,0.2303597826865971,ETTm2,raw,52896,52992,raw:52896:5,high,low
6,0.761688023023734,0.09426426676156659,0.29855884354703593,0.125,0.5121823142981641,1.6043899258042522,0.10073165413282262,0.3848370444441122,0.24597132281032888,ETTm2,raw,52896,52992,raw:52896:6,mid,low
0,0.9369069640558318,0.10343875675528792,0.22282930740990467,0.125,0.8150673153713396,0.9999999900000109,0.0,0.42105834274034143,0.31335577179044655,ETTm2,raw,53088,53184,raw:53088:0,high,low
1,0.999999999937614,0.1981864155567597,0.2503262703305527,0.125,0.868273246017824,0.9999999900000109,0.0,0.4828375619416421,0.33109108200594134,ETTm2,raw,53088,53184,raw:53088:1,high,low
2,0.9465876225677807,0.10144843273744683,0.20773701084525567,0.0,0.759080140940842,0.9999999900000109,0.0,0.418591022050161,0.25302671364694734,ETTm2,raw,53088,53184,raw:53088:2,high,low
3,0.7876060440132283,0.17995348450361437,0.41941699707601426,0.375,0.8555395211368115,0.9999999900000109,0.0,0.46232550853095233,0.4101798403789372,ETTm2,raw,53088,53184,raw:53088:3,high,mid
4,0.7943041093462875,0.40145471606931754,0.5160149103817594,0.75,0.9393613095260497,0.9999999900000109,0.0,0.5705912452657881,0.5631204365086832,ETTm2,raw,53088,53184,raw:53088:4,high,high
5,0.0,0.1570399815327224,0.5497515118191485,1.0,0.8364428706811605,0.9999999900000109,0.0,0.23559716445062362,0.6121476235603868,ETTm2,raw,53088,53184,raw:53088:5,low,high
6,0.9862491354104331,0.02757627046338451,0.07244085114391796,0.125,0.6103451558975336,0.9999999900000109,0.0,0.36208875233924526,0.24511505196584452,ETTm2,raw,53088,53184,raw:53088:6,mid,low
0,0.7039278630812662,0.1890869340725921,0.36860996016735625,0.625,0.9722703244112775,0.9999999900000216,0.0,0.4205415857737382,0.5324234414704258,ETTm2,raw,53184,53280,raw:53184:0,high,mid
1,0.9999999996845338,0.23041026765240283,0.35687883265450077,1.0,0.9537821011635018,0.9999999900000216,0.0,0.5290963666638124,0.651260700387834,ETTm2,raw,53184,53280,raw:53184:1,high,high
2,0.7253210677602808,0.19204203929571567,0.3725535329632819,0.625,0.9648414693975921,0.9999999900000216,0.0,0.42997221333975943,0.5299471564658641,ETTm2,raw,53184,53280,raw:53184:2,high,mid
3,0.521267000944538,0.17186786345630872,0.5010855169362659,1.0,0.8895890184231231,0.9999999900000216,0.0,0.3980734604457042,0.629863006141041,ETTm2,raw,53184,53280,raw:53184:3,mid,high
4,0.9999999987777961,0.1880200390763549,0.6008780286444768,1.0,0.9622301587855091,0.9999999900000216,0.0,0.5962993554995426,0.6540767195951697,ETTm2,raw,53184,53280,raw:53184:4,high,high
5,0.0,0.3767937368732249,0.5,1.0,0.8230083782850071,0.9999999900000216,0.0,0.29226457895774166,0.6076694594283357,ETTm2,raw,53184,53280,raw:53184:5,low,high
6,0.7304536443696654,0.03471508544204752,0.23223480107631955,0.125,0.533962169473431,0.9999999900000216,0.0,0.3324678436293442,0.21965405649114367,ETTm2,raw,53184,53280,raw:53184:6,mid,low
0,0.7058178914717321,0.38334215190008625,0.05219920758499677,0.25,0.8617917717532911,1.470493591208307,0.07841559840402518,0.3804530836522717,0.3967357900524388,ETTm2,raw,53280,53376,raw:53280:0,mid,mid
1,0.7580537277515117,0.16040786666146453,0.48251295251487497,0.625,0.9899808883906668,1.470493591208307,0.07841559840402518,0.46699151564261704,0.5644654955982307,ETTm2,raw,53280,53376,raw:53280:1,high,high
2,0.7368994654980635,0.31095545843617,0.04527520471797925,0.0,0.8281606899741955,1.470493591208307,0.07841559840402518,0.3643767095507376,0.30219209612607356,ETTm2,raw,53280,53376,raw:53280:2,mid,low
3,0.8112114383039863,0.12476097398840127,0.5089041358857503,0.25,0.9238071317302164,1.470493591208307,0.07841559840402518,0.48162551605937926,0.4174075767114139,ETTm2,raw,53280,53376,raw:53280:3,high,mid
4,0.9999999971847913,0.35411249262231737,0.7182751214043804,1.0,0.9052626857950093,1.470493591208307,0.07841559840402518,0.6907958704038296,0.6612260947330114,ETTm2,raw,53280,53376,raw:53280:4,high,high
5,0.0,0.2164062852079967,0.0,1.0,0.7212267027775641,1.470493591208307,0.07841559840402518,0.07213542840266557,0.5998807670605297,ETTm2,raw,53280,53376,raw:53280:5,low,high
6,0.999999992173209,0.34498789143792974,0.4429353799607039,0.125,0.714886542964024,1.470493591208307,0.07841559840402518,0.5959744211906142,0.3061007137893497,ETTm2,raw,53280,53376,raw:53280:6,high,low
0,0.6597968102419902,0.2507531851140515,0.6118163123675779,0.5,0.914144545137865,2.2777649622249814,0.2129608266825622,0.5074554359078732,0.5423684572734757,ETTm2,raw,53472,53568,raw:53472:0,high,mid
1,0.5015296334518522,0.2778651063000852,0.6471974904041927,0.625,0.9862166048211323,2.2777649622249814,0.2129608266825622,0.47553074338537665,0.6080591438345648,ETTm2,raw,53472,53568,raw:53472:1,high,high
2,0.7807424617936384,0.29911957917186927,0.3859063940079239,0.25,0.90584950289397,2.2777649622249814,0.2129608266825622,0.48858947832447724,0.45627010985884403,ETTm2,raw,53472,53568,raw:53472:2,high,mid
3,0.19956370722340078,0.14478084937988933,0.7026213594367452,0.375,0.9105622816857308,2.2777649622249814,0.2129608266825622,0.3489886386800118,0.499507702789431,ETTm2,raw,53472,53568,raw:53472:3,mid,mid
4,0.999999997869887,0.3109282853286657,0.11016915361152545,0.625,0.937196194230854,2.2777649622249814,0.2129608266825622,0.4736991456033594,0.5917190069711388,ETTm2,raw,53472,53568,raw:53472:4,high,high
5,0.0,0.0,0.0,0.0,-0.0,2.2777649622249814,0.2129608266825622,0.0,0.07098694222752074,ETTm2,raw,53472,53568,raw:53472:5,low,low
6,0.8253338000363798,0.011320856335545307,0.03518501787953364,0.0,0.5084836258371556,2.2777649622249814,0.2129608266825622,0.2906132247504863,0.24048148417323925,ETTm2,raw,53472,53568,raw:53472:6,low,low
0,0.6376236396463781,0.1496268898392305,0.3316121479496761,0.25,0.8570782194017574,1.367266900397718,0.061211149964267755,0.3729542258117616,0.3894297897886751,ETTm2,raw,53568,53664,raw:53568:0,mid,mid
1,0.0,0.1165687895923796,1.0,0.375,0.9246215515073978,1.367266900397718,0.061211149964267755,0.37218959653079314,0.45361090049055514,ETTm2,raw,53568,53664,raw:53568:1,mid,mid
2,0.808808281877262,0.18715830027713043,0.37310448719740313,0.25,0.8493951299431471,1.367266900397718,0.061211149964267755,0.45635702311726517,0.38686875996913833,ETTm2,raw,53568,53664,raw:53568:2,high,mid
3,0.9999999978088943,0.10970362888295337,0.4575509850777465,0.125,0.8688701263162945,1.367266900397718,0.061211149964267755,0.522418203923198,0.3516937587601874,ETTm2,raw,53568,53664,raw:53568:3,high,low
4,0.0,0.23768365125446222,1.0,1.0,0.8340968882701006,1.367266900397718,0.061211149964267755,0.41256121708482074,0.6317693460781229,ETTm2,raw,53568,53664,raw:53568:4,high,high
5,0.0,0.0,0.0,0.0,-0.0,1.367266900397718,0.061211149964267755,0.0,0.02040371665475592,ETTm2,raw,53568,53664,raw:53568:5,low,low
6,0.7828973520343856,0.006150039694374464,0.01929427246345194,0.0,0.5211518923149391,1.367266900397718,0.061211149964267755,0.269447221397404,0.19412101409306895,ETTm2,raw,53568,53664,raw:53568:6,low,low
0,0.8583937056421498,0.5227496212168882,0.7668653407898206,1.0,0.9510754076914625,0.9999999900000072,0.0,0.7160028892162861,0.6503584692304875,ETTm2,raw,53760,53856,raw:53760:0,high,high
1,0.7961113362413594,0.4933753927511947,0.5823397970409412,1.0,0.953820442351732,0.9999999900000072,0.0,0.6239421753444984,0.6512734807839107,ETTm2,raw,53760,53856,raw:53760:1,high,high
2,0.6612712469743308,0.1660480284593307,0.8597549438923938,0.75,0.8555742773212017,0.9999999900000072,0.0,0.5623580731086851,0.5351914257737339,ETTm2,raw,53760,53856,raw:53760:2,high,mid
3,0.4289882210946321,0.19696242923051666,0.6127476729596054,1.0,0.9009836193426318,0.9999999900000072,0.0,0.41289944109491805,0.633661206447544,ETTm2,raw,53760,53856,raw:53760:3,high,high
4,0.7468726105826307,0.08018684643306975,0.011381118117424939,0.125,0.9108539766856866,0.9999999900000072,0.0,0.27948019171104177,0.3452846588952288,ETTm2,raw,53760,53856,raw:53760:4,low,low
5,0.0,0.10259800584224987,1.0,0.125,0.9289460576747528,0.9999999900000072,0.0,0.36753266861408324,0.3513153525582509,ETTm2,raw,53760,53856,raw:53760:5,mid,low
6,0.7817350001477895,0.025776528646885552,0.03061695038302348,0.0,0.5488439595480873,0.9999999900000072,0.0,0.2793761597258995,0.1829479865160291,ETTm2,raw,53760,53856,raw:53760:6,low,low
0,0.5814174008708299,0.136195544756353,0.43378793035898633,0.25,0.7205603690661677,1.1189259175493986,0.01982098622519813,0.38380029199538973,0.3301271184304553,ETTm2,raw,53856,53952,raw:53856:0,mid,low
1,0.9999999998998933,0.1858527844847535,0.3431205503740367,0.5,0.8542755829486418,1.1189259175493986,0.01982098622519813,0.5096577782528945,0.4580321897246133,ETTm2,raw,53856,53952,raw:53856:1,high,mid
2,0.5983911639195401,0.0927693327189798,0.44372265873472966,0.25,0.6895127005308103,1.1189259175493986,0.01982098622519813,0.3782943851244165,0.31977789558533615,ETTm2,raw,53856,53952,raw:53856:2,mid,low
3,0.7274559166408658,0.12398340009349676,0.6084348079541514,0.375,0.8080015996369196,1.1189259175493986,0.01982098622519813,0.4866247082295046,0.4009408619540393,ETTm2,raw,53856,53952,raw:53856:3,high,mid
4,0.9999999888972719,0.1529657764023118,0.4299437027266039,0.5,0.9391256758850987,1.1189259175493986,0.01982098622519813,0.5276364893420625,0.48631555403676563,ETTm2,raw,53856,53952,raw:53856:4,high,mid
5,0.0,0.4906593051562442,0.0,0.125,0.7240533482970472,1.1189259175493986,0.01982098622519813,0.16355310171874807,0.2896247781740818,ETTm2,raw,53856,53952,raw:53856:5,low,low
6,0.9197895319541165,0.0317758822285762,0.038662565524103285,0.125,0.6038310688809783,1.1189259175493986,0.01982098622519813,0.33007599323559866,0.24955068503539213,ETTm2,raw,53856,53952,raw:53856:6,mid,low
0,0.7069839304316023,0.289944966662341,0.03634005373533502,0.5,0.9818689202363861,0.9999999900001033,0.0,0.3444229836097595,0.49395630674546204,ETTm2,raw,53952,54048,raw:53952:0,mid,mid
1,0.11042783709747295,0.14028151803521471,0.4822296696108251,0.625,0.9182437332088802,0.9999999900001033,0.0,0.2443130082478376,0.5144145777362934,ETTm2,raw,53952,54048,raw:53952:1,low,mid
2,0.7931814497587568,0.2903224979137322,0.02803769296643504,0.375,0.9550817469107548,0.9999999900001033,0.0,0.37051388021297466,0.44336058230358494,ETTm2,raw,53952,54048,raw:53952:2,mid,mid
3,0.15829226803414975,0.22703466743258177,0.480137030171321,0.375,0.8473180830760385,0.9999999900001033,0.0,0.2884879885460175,0.40743936102534617,ETTm2,raw,53952,54048,raw:53952:3,low,mid
4,0.9999999974316124,0.27577220153702453,0.4638563942385351,1.0,0.9556549248398236,0.9999999900001033,0.0,0.579876197735724,0.6518849749466079,ETTm2,raw,53952,54048,raw:53952:4,high,high
5,0.0,0.16596568104427012,0.0,0.0,0.948399320813758,0.9999999900001033,0.0,0.05532189368142337,0.31613310693791935,ETTm2,raw,53952,54048,raw:53952:5,low,low
6,0.9274438448361692,0.025338554183892546,0.011835904945606416,0.125,0.5427932600574199,0.9999999900001033,0.0,0.32153943465522267,0.2225977533524733,ETTm2,raw,53952,54048,raw:53952:6,low,low
0,0.17594260593602118,0.1302762163156187,0.5412102894521231,0.625,0.8890595241761656,0.9999999900000354,0.0,0.282476370567921,0.5046865080587218,ETTm2,raw,54144,54240,raw:54144:0,low,mid
1,0.7367250244386208,0.1906375635131067,0.31106592545421413,1.0,0.9099837720766771,0.9999999900000354,0.0,0.4128095044686472,0.6366612573588925,ETTm2,raw,54144,54240,raw:54144:1,high,high
2,0.8321042442860906,0.38837725974495746,0.17350861272576013,0.375,0.8951221282229208,0.9999999900000354,0.0,0.46466337225226945,0.4233740427409736,ETTm2,raw,54144,54240,raw:54144:2,high,mid
3,0.2690371819289723,0.0948143320650554,0.39466382999650895,0.625,0.8741237641676184,0.9999999900000354,0.0,0.2528384479968456,0.49970792138920617,ETTm2,raw,54144,54240,raw:54144:3,low,mid
4,0.9999999999888228,0.30688814184296465,0.0,0.5,0.8828676194472519,0.9999999900000354,0.0,0.4356293806105958,0.46095587314908393,ETTm2,raw,54144,54240,raw:54144:4,high,mid
5,0.9999999971605099,0.08207413793612897,0.0,0.25,0.8293754916292192,0.9999999900000354,0.0,0.3606913783655463,0.3597918305430731,ETTm2,raw,54144,54240,raw:54144:5,mid,low
6,0.8904763667893744,0.023468240687086524,0.5713956060678672,0.125,0.2751102357984087,0.9999999900000354,0.0,0.49511340451477603,0.13337007859946956,ETTm2,raw,54144,54240,raw:54144:6,high,low
0,0.43479732153163897,0.3966132155873502,0.40833912830880154,0.375,0.9424313344983439,0.9999999900000073,0.0,0.4132498884759302,0.43914377816611466,ETTm2,raw,54240,54336,raw:54240:0,high,mid
1,0.0,0.1486136384604717,0.0,1.0,0.84040261739616,0.9999999900000073,0.0,0.0495378794868239,0.6134675391320533,ETTm2,raw,54240,54336,raw:54240:1,low,high
2,0.7031611859796747,0.3039196821302017,0.3781633116743201,0.375,0.950664927953371,0.9999999900000073,0.0,0.4617480599280655,0.44188830931779033,ETTm2,raw,54240,54336,raw:54240:2,high,mid
3,0.6132446291749072,0.23579897277379383,0.48168645283829675,0.375,0.8908062732440186,0.9999999900000073,0.0,0.44357668492899927,0.42193542441467285,ETTm2,raw,54240,54336,raw:54240:3,high,mid
4,0.7467821437826443,0.2197209259236304,0.8382179493020635,1.0,0.8828007877525496,0.9999999900000073,0.0,0.6015736730027794,0.6276002625841831,ETTm2,raw,54240,54336,raw:54240:4,high,high
5,0.9999999999951088,0.11351712152266068,0.3967394121712727,0.25,0.6492444987282203,0.9999999900000073,0.0,0.503418844563014,0.2997481662427401,ETTm2,raw,54240,54336,raw:54240:5,high,low
6,0.8886476301414691,0.0189885479895456,0.008818389871713801,0.0,0.5164833048971977,0.9999999900000073,0.0,0.3054848560009095,0.17216110163239925,ETTm2,raw,54240,54336,raw:54240:6,low,low
0,0.6092873932688507,0.18282294533382673,0.25201321933832727,0.625,0.9323917062672481,0.9999999900000079,0.0,0.3480411859803349,0.5191305687557494,ETTm2,raw,54432,54528,raw:54432:0,mid,mid
1,0.0,0.0,0.0,0.0,-0.0,0.9999999900000079,0.0,0.0,0.0,ETTm2,raw,54432,54528,raw:54432:1,low,low
2,0.6235573568824431,0.11208093155449944,0.023096480684668123,0.5,0.9269167647150691,0.9999999900000079,0.0,0.25291158970720357,0.4756389215716897,ETTm2,raw,54432,54528,raw:54432:2,low,mid
3,0.0,0.3573237903116828,0.5643629515166451,0.5,0.9283686742533442,0.9999999900000079,0.0,0.30722891394277596,0.47612289141778136,ETTm2,raw,54432,54528,raw:54432:3,low,mid
4,0.6954269699759281,0.0978053022661293,0.3055304831892259,0.875,0.9574820028191984,0.9999999900000079,0.0,0.36625425181042776,0.6108273342730661,ETTm2,raw,54432,54528,raw:54432:4,mid,high
5,0.9780012247398745,0.3163271565335305,0.2842084146694167,1.0,0.8493737681304264,0.9999999900000079,0.0,0.5261789319809406,0.6164579227101421,ETTm2,raw,54432,54528,raw:54432:5,high,high
6,0.9063941262605981,0.02682849818376474,0.5717180547894654,0.0,0.4764699425787519,0.9999999900000079,0.0,0.5016468930779427,0.15882331419291731,ETTm2,raw,54432,54528,raw:54432:6,high,low
0,0.9582134991520045,0.18050541713332813,0.19978768970204283,0.375,0.9489950098911611,1.9459254111346909,0.15765423492635808,0.4461688686624585,0.49388308160583977,ETTm2,raw,54528,54624,raw:54528:0,high,mid
1,0.0,0.4639871541344645,0.0,1.0,0.8214988752140526,1.9459254111346909,0.15765423492635808,0.15466238471148816,0.6597177033801369,ETTm2,raw,54528,54624,raw:54528:1,low,high
2,0.8927867939213437,0.1389030726637636,0.15010777213707527,0.25,0.856559127641634,1.9459254111346909,0.15765423492635808,0.39393254624072754,0.4214044541893307,ETTm2,raw,54528,54624,raw:54528:2,mid,mid
3,0.0,0.2243657745695055,0.419986397728219,0.625,0.9811035442660034,1.9459254111346909,0.15765423492635808,0.2147840574325748,0.5879192597307872,ETTm2,raw,54528,54624,raw:54528:3,low,high
4,0.9647177805296359,0.1535595711563454,0.4215322130894124,0.375,0.8704139117922112,1.9459254111346909,0.15765423492635808,0.5132698549251312,0.4676893822395231,ETTm2,raw,54528,54624,raw:54528:4,high,mid
5,1.0,0.17191243666073086,0.4728294512971736,0.375,0.8768868927348228,1.9459254111346909,0.15765423492635808,0.5482472959859682,0.46984704255372695,ETTm2,raw,54528,54624,raw:54528:5,high,mid
6,0.8818015754167384,0.041076903557635915,0.0017311461128604608,0.125,0.6605017133577521,1.9459254111346909,0.15765423492635808,0.3082032083624116,0.3143853160947034,ETTm2,raw,54528,54624,raw:54528:6,low,low
0,0.8926281833741576,0.6565232265113281,0.050236821138302745,0.25,0.8917424517547626,0.9999999900002196,0.0,0.5331294103412628,0.3805808172515876,ETTm2,raw,54720,54816,raw:54720:0,high,mid
1,0.7872289535617594,0.30297839805471677,0.474616659507959,1.0,0.9155341769361627,0.9999999900002196,0.0,0.5216080037081451,0.6385113923120542,ETTm2,raw,54720,54816,raw:54720:1,high,high
2,0.9365032269496096,0.45786362808972925,0.08182992458664985,0.0,0.6581826028461718,0.9999999900002196,0.0,0.4920655932086629,0.21939420094872394,ETTm2,raw,54720,54816,raw:54720:2,high,low
3,0.4493966558417325,0.22567235956890128,0.30163756105225425,0.125,0.9034028845758626,0.9999999900002196,0.0,0.3255688588209627,0.34280096152528755,ETTm2,raw,54720,54816,raw:54720:3,mid,low
4,0.7756289978508288,0.06554331916475423,0.23332118672663385,0.125,0.7574056065676894,0.9999999900002196,0.0,0.3581645012474057,0.2941352021892298,ETTm2,raw,54720,54816,raw:54720:4,mid,low
5,0.0,0.3808816087238975,0.5,0.875,0.9465883578864759,0.9999999900002196,0.0,0.29362720290796585,0.6071961192954919,ETTm2,raw,54720,54816,raw:54720:5,low,high
6,0.7403749575765453,0.02751047582798809,0.05888881215872017,0.0,0.5440662671052543,0.9999999900002196,0.0,0.27559141518775115,0.1813554223684181,ETTm2,raw,54720,54816,raw:54720:6,low,low
0,0.8762574779589825,0.3694017353538647,0.01632647805772096,0.125,0.7899948446445795,0.9999999900000018,0.0,0.42066189712352275,0.30499828154819314,ETTm2,raw,54816,54912,raw:54816:0,high,low
1,0.0,0.1028487252047694,0.0,0.375,0.8098272635042111,0.9999999900000018,0.0,0.0342829084015898,0.3949424211680704,ETTm2,raw,54816,54912,raw:54816:1,low,mid
2,0.8281368536673452,0.22969485426784977,0.0043530554587227184,0.125,0.614149642595966,0.9999999900000018,0.0,0.35406158779797264,0.24638321419865536,ETTm2,raw,54816,54912,raw:54816:2,mid,low
3,0.6646050762963005,0.09843233131806502,0.32937021708269887,0.375,0.8302954691499077,0.9999999900000018,0.0,0.3641358748990215,0.4017651563833026,ETTm2,raw,54816,54912,raw:54816:3,mid,mid
4,0.6465508920838278,0.2929277028125165,0.4615518421376727,0.125,0.8832768524720038,0.9999999900000018,0.0,0.46701014567800564,0.3360922841573346,ETTm2,raw,54816,54912,raw:54816:4,high,low
5,0.0,0.0,0.0,0.0,-0.0,0.9999999900000018,0.0,0.0,0.0,ETTm2,raw,54816,54912,raw:54816:5,low,low
6,0.7592291919359968,0.025581012572573905,0.2742160415207761,0.125,0.43094226157473686,0.9999999900000018,0.0,0.353008748676449,0.18531408719157896,ETTm2,raw,54816,54912,raw:54816:6,mid,low
0,0.7208982901764671,0.21664058477997503,0.5505450610922299,0.75,0.9715727591716524,1.0366147315533463,0.006102455248720286,0.49602797868289067,0.5758917381401242,ETTm2,raw,54912,55008,raw:54912:0,high,high
1,0.0,0.23461954859956263,0.0,1.0,0.8681585695739104,1.0366147315533463,0.006102455248720286,0.0782065161998542,0.624753674940877,ETTm2,raw,54912,55008,raw:54912:1,low,high
2,0.6225332817211404,0.21190686741902964,0.31191711603669725,1.0,0.960188843263709,1.0366147315533463,0.006102455248720286,0.3821190883922891,0.6554304328374765,ETTm2,raw,54912,55008,raw:54912:2,mid,high
3,0.9999999977156128,0.3558642370052793,0.0,1.0,0.9436638468519084,1.0366147315533463,0.006102455248720286,0.451954744906964,0.6499221007002096,ETTm2,raw,54912,55008,raw:54912:3,high,high
4,0.37578392289725615,0.21461617535676175,0.318608298827701,0.5,0.9120759613547553,1.0366147315533463,0.006102455248720286,0.30300279902723964,0.4727261388678252,ETTm2,raw,54912,55008,raw:54912:4,low,mid
5,0.0,0.4940485174310767,0.0,0.0,0.7256267887431891,1.0366147315533463,0.006102455248720286,0.16468283914369222,0.24390974799730314,ETTm2,raw,54912,55008,raw:54912:5,low,low
6,0.4646077298624973,0.05205523151911498,0.6428222670625502,0.125,0.5735987881332123,1.0366147315533463,0.006102455248720286,0.3864950761480541,0.23490041446064422,ETTm2,raw,54912,55008,raw:54912:6,mid,low
0,0.9151630716395514,0.30809480827635144,0.28464476235861064,0.375,0.9260303714196891,1.6493613407487364,0.10822688994441125,0.5026342140915044,0.4697524204547001,ETTm2,raw,55104,55200,raw:55104:0,high,mid
1,0.0,0.0,0.0,0.0,-0.0,1.6493613407487364,0.10822688994441125,0.0,0.03607562998147042,ETTm2,raw,55104,55200,raw:55104:1,low,low
2,0.9018105791954689,0.3474098421928103,0.20320556803823575,0.25,0.9149132355927959,1.6493613407487364,0.10822688994441125,0.48414199647550493,0.4243800418457357,ETTm2,raw,55104,55200,raw:55104:2,high,mid
3,0.9999999974097533,0.18937113532297378,0.21897436395761888,0.75,0.9748498439850116,1.6493613407487364,0.10822688994441125,0.469448498896782,0.6110255779764743,ETTm2,raw,55104,55200,raw:55104:3,high,high
4,0.18810522936585083,0.29651043374844943,0.4934911377957574,0.75,0.9170619553490439,1.6493613407487364,0.10822688994441125,0.32603560030335255,0.5917629484311516,ETTm2,raw,55104,55200,raw:55104:4,mid,high
5,0.0,0.31297088512605953,0.4861795713500857,1.0,0.9338819688142258,1.6493613407487364,0.10822688994441125,0.26638348549204843,0.6807029529195456,ETTm2,raw,55104,55200,raw:55104:5,low,high
6,0.9711403724330343,0.009665598421200388,0.04084616277362688,0.125,0.6616962156748117,1.6493613407487364,0.10822688994441125,0.3405507112092872,0.2983077018730743,ETTm2,raw,55104,55200,raw:55104:6,mid,low
0,0.5650191672124394,0.10222698566101333,0.05776949387942693,0.375,0.8719423213453241,0.9999999900000134,0.0,0.2416718822509599,0.4156474404484414,ETTm2,raw,55200,55296,raw:55200:0,low,mid
1,0.0,0.03960051105131243,0.0,0.125,0.8268339455589628,0.9999999900000134,0.0,0.013200170350437477,0.3172779818529876,ETTm2,raw,55200,55296,raw:55200:1,low,low
2,0.6410810443586329,0.07608402078092522,0.05209850919218691,0.125,0.8632024878385709,0.9999999900000134,0.0,0.256421191443915,0.32940082927952363,ETTm2,raw,55200,55296,raw:55200:2,low,low
3,0.9999999982071681,0.2636039207581832,0.43280105359638216,0.375,0.8666505065985793,0.9999999900000134,0.0,0.5654683241872445,0.41388350219952647,ETTm2,raw,55200,55296,raw:55200:3,high,mid
4,0.6961112068619395,0.20739650131338122,0.48152021910116316,1.0,0.9920611842545216,0.9999999900000134,0.0,0.46167597575882796,0.6640203947515072,ETTm2,raw,55200,55296,raw:55200:4,high,high
5,1.0,0.21519688674148288,0.0008144182734058722,1.0,0.9091199098912579,0.9999999900000134,0.0,0.40533710167162956,0.636373303297086,ETTm2,raw,55200,55296,raw:55200:5,mid,high
6,0.6009103182392919,0.0483596525466438,0.0048154367740889424,0.0,0.34091996138797176,0.9999999900000134,0.0,0.21802846918667484,0.11363998712932392,ETTm2,raw,55200,55296,raw:55200:6,low,low
0,0.9089258926923224,0.42510097955976933,0.031006343139384697,0.25,0.8693406236568427,0.9999999900000278,0.0,0.4550110717971588,0.37311354121894763,ETTm2,raw,55392,55488,raw:55392:0,high,mid
1,0.9999999993218932,0.23935117781178747,0.5291350733459016,0.75,0.9740342633852968,0.9999999900000278,0.0,0.5894954168265274,0.5746780877950989,ETTm2,raw,55392,55488,raw:55392:1,high,high
2,0.9064708633259915,0.3900661613868558,0.028138845961262846,0.0,0.8072287733619816,0.9999999900000278,0.0,0.44155862355803666,0.2690762577873272,ETTm2,raw,55392,55488,raw:55392:2,high,low
3,0.6645451673112359,0.08818630799714469,0.3756453132446821,0.25,0.8959767819252321,0.9999999900000278,0.0,0.3761255961843542,0.3819922606417441,ETTm2,raw,55392,55488,raw:55392:3,mid,mid
4,0.35860485740748194,0.2086195129585685,0.4256881756372381,0.25,0.8308382247099192,0.9999999900000278,0.0,0.3309708486677629,0.3602794082366397,ETTm2,raw,55392,55488,raw:55392:4,mid,low
5,0.3674455178770456,0.20668139394223495,0.4373066649610641,0.125,0.8067073890684023,0.9999999900000278,0.0,0.3371445255934482,0.3105691296894674,ETTm2,raw,55392,55488,raw:55392:5,mid,low
6,0.8391222592991049,0.02129685338624491,0.08416915034875895,0.0,0.5318331672248584,0.9999999900000278,0.0,0.3148627543447029,0.17727772240828613,ETTm2,raw,55392,55488,raw:55392:6,low,low
0,0.7443535420028949,0.08211252391531276,0.09217810165153384,0.25,0.9303980952214955,0.9999999900003713,0.0,0.30621472252324716,0.3934660317404985,ETTm2,raw,55488,55584,raw:55488:0,low,mid
1,0.0,0.3165347287847552,0.5,1.0,0.9427857087796663,0.9999999900003713,0.0,0.2721782429282517,0.6475952362598888,ETTm2,raw,55488,55584,raw:55488:1,low,high
2,0.7213824882324481,0.10397121270613724,0.07393503117535738,0.375,0.9031957539877553,0.9999999900003713,0.0,0.2997629107046476,0.42606525132925177,ETTm2,raw,55488,55584,raw:55488:2,low,mid
3,0.9999999999713007,0.051167405116643874,0.11826080028494931,1.0,0.9757700824925054,0.9999999900003713,0.0,0.3898094017909646,0.6585900274975018,ETTm2,raw,55488,55584,raw:55488:3,mid,high
4,0.8466868115090986,0.06551850383955499,0.02341479635312893,0.25,0.8102688667604089,0.9999999900003713,0.0,0.31187337056726083,0.353422955586803,ETTm2,raw,55488,55584,raw:55488:4,low,low
5,1.0,0.06838539818222183,0.0,0.125,0.8281861971992679,0.9999999900003713,0.0,0.3561284660607406,0.31772873239975596,ETTm2,raw,55488,55584,raw:55488:5,mid,low
6,0.8692302550952147,0.007650599933460888,0.013313208777979176,0.125,0.5281443729490103,0.9999999900003713,0.0,0.2967313546022182,0.21771479098300342,ETTm2,raw,55488,55584,raw:55488:6,low,low
0,0.0,0.0,0.0,0.0,-0.0,1.0,0.0,0.0,0.0,ETTm2,raw,55584,55680,raw:55584:0,low,low
1,0.0,0.0,0.0,0.0,-0.0,1.0,0.0,0.0,0.0,ETTm2,raw,55584,55680,raw:55584:1,low,low
2,0.0,0.0,0.0,0.0,-0.0,1.0,0.0,0.0,0.0,ETTm2,raw,55584,55680,raw:55584:2,low,low
3,0.0,0.0,0.0,0.0,-0.0,1.0,0.0,0.0,0.0,ETTm2,raw,55584,55680,raw:55584:3,low,low
4,0.0,0.0,0.0,0.0,-0.0,1.0,0.0,0.0,0.0,ETTm2,raw,55584,55680,raw:55584:4,low,low
5,0.0,0.0,0.0,0.0,-0.0,1.0,0.0,0.0,0.0,ETTm2,raw,55584,55680,raw:55584:5,low,low
6,0.0,0.0,0.0,0.0,-0.0,1.0,0.0,0.0,0.0,ETTm2,raw,55584,55680,raw:55584:6,low,low
0,0.7860265265979873,0.35301244268565807,0.13177966984861436,1.0,0.9210493527207235,0.9999999900000108,0.0,0.4236062130440866,0.6403497842402411,ETTm2,raw,55776,55872,raw:55776:0,high,high
1,0.9999999999970767,0.1365523814751089,0.4197905322213696,1.0,0.9018844003854817,0.9999999900000108,0.0,0.518780971231185,0.6339614667951605,ETTm2,raw,55776,55872,raw:55776:1,high,high
2,0.8340793494275652,0.35564176987965174,0.0639087247398165,0.5,0.9512525701685917,0.9999999900000108,0.0,0.4178766146823445,0.4837508567228639,ETTm2,raw,55776,55872,raw:55776:2,high,mid
3,0.7441729444760228,0.33984247374012616,0.2685558549421787,0.5,0.9134349424945151,0.9999999900000108,0.0,0.4508570910527759,0.47114498083150497,ETTm2,raw,55776,55872,raw:55776:3,high,mid
4,0.2797439957954885,0.07122109220150334,0.10756579040879917,0.125,0.7093919355986807,0.9999999900000108,0.0,0.15284362613526367,0.27813064519956027,ETTm2,raw,55776,55872,raw:55776:4,low,low
5,0.0,0.2544747268083044,0.3359951785785273,0.0,0.8290453487320391,0.9999999900000108,0.0,0.19682330179561056,0.27634844957734633,ETTm2,raw,55776,55872,raw:55776:5,low,low
6,0.9334442793022242,0.04640608272134001,0.09910388789423295,0.0,0.5500680821140347,0.9999999900000108,0.0,0.3596514166392657,0.1833560273713449,ETTm2,raw,55776,55872,raw:55776:6,mid,low
0,0.767016042058356,0.19141777482737798,0.35202558577115894,0.375,0.8998352582822188,2.893617855793197,0.31560297543952787,0.436819800885631,0.5301460779072489,ETTm2,raw,55872,55968,raw:55872:0,high,mid
1,0.9999999999283901,0.3246034196615641,0.29996506030214437,0.625,0.9303059876383095,2.893617855793197,0.31560297543952787,0.5415228266306995,0.6236363210259458,ETTm2,raw,55872,55968,raw:55872:1,high,high
2,0.837697008350653,0.13741593458300425,0.2199543744826029,0.25,0.8873026028259612,2.893617855793197,0.31560297543952787,0.39835577247208676,0.48430185942182974,ETTm2,raw,55872,55968,raw:55872:2,mid,mid
3,0.7977983793412916,0.11946312447460972,0.47742604100101765,0.375,0.8557555050979812,2.893617855793197,0.31560297543952787,0.4648958482723063,0.5154528268458364,ETTm2,raw,55872,55968,raw:55872:3,high,mid
4,0.20568800813910904,0.13461227221925026,0.12719830414573463,0.0,0.6604484476281137,2.893617855793197,0.31560297543952787,0.15583286150136463,0.32535047435588055,ETTm2,raw,55872,55968,raw:55872:4,low,low
5,0.0,0.0,0.0,0.0,-0.0,2.893617855793197,0.31560297543952787,0.0,0.10520099181317595,ETTm2,raw,55872,55968,raw:55872:5,low,low
6,0.6164838891863749,0.013783489670183394,0.020763620553159366,0.0,0.5166640494880498,2.893617855793197,0.31560297543952787,0.21701033313657256,0.2774223416425259,ETTm2,raw,55872,55968,raw:55872:6,low,low
0,0.9132773645284,0.412869592400401,0.058989577900804675,0.25,0.8013730073029691,1.1735438250736474,0.028923970797401284,0.46171217827653527,0.3600989927001235,ETTm2,raw,56064,56160,raw:56064:0,high,low
1,0.9999999992903351,0.42129074079088313,0.5,0.875,0.9402566394349223,1.1735438250736474,0.028923970797401284,0.6404302466937394,0.6147268700774412,ETTm2,raw,56064,56160,raw:56064:1,high,high
2,0.9054643031947954,0.22206737940000892,0.005289987322584146,0.25,0.779193827383239,1.1735438250736474,0.028923970797401284,0.37760722330579616,0.35270593272688017,ETTm2,raw,56064,56160,raw:56064:2,mid,low
3,0.6077112336599717,0.23077526599312237,0.4366481445241699,0.25,0.8551226896000711,1.1735438250736474,0.028923970797401284,0.4250448813924213,0.3780155534658241,ETTm2,raw,56064,56160,raw:56064:3,high,mid
4,0.5552451430572027,0.13581728813599805,0.4230163960822322,0.0,0.582403998070243,1.1735438250736474,0.028923970797401284,0.371359609091811,0.2037759896225481,ETTm2,raw,56064,56160,raw:56064:4,mid,low
5,0.0,0.4456939541452922,0.5634747434990992,0.25,0.9483899967678343,1.1735438250736474,0.028923970797401284,0.3363895658814638,0.40910465585507855,ETTm2,raw,56064,56160,raw:56064:5,mid,mid
6,0.8626073750335272,0.024153607877549464,0.01313284871179394,0.0,0.5609824681762933,1.1735438250736474,0.028923970797401284,0.2999646105409569,0.19663547965789818,ETTm2,raw,56064,56160,raw:56064:6,low,low
0,0.5464401610350188,0.05436375294617234,0.02064973177213135,0.125,0.3641603086009814,1.2865810117738996,0.047763501882710765,0.2071512152511075,0.17897460349456407,ETTm2,raw,56160,56256,raw:56160:0,low,low
1,0.0,0.060873681361787266,0.0,0.25,0.8139996755938866,1.2865810117738996,0.047763501882710765,0.020291227120595754,0.3705877258255324,ETTm2,raw,56160,56256,raw:56160:1,low,mid
2,0.578668407435716,0.04584252697138841,0.027648278060604246,0.125,0.4040823908228071,1.2865810117738996,0.047763501882710765,0.2173864041559029,0.1922819642351726,ETTm2,raw,56160,56256,raw:56160:2,low,low
3,0.6905887563142342,0.04967188918312118,0.02583614219641898,0.125,0.5834423873789562,1.2865810117738996,0.047763501882710765,0.2553655958979248,0.25206862975388894,ETTm2,raw,56160,56256,raw:56160:3,low,low
4,0.30087336251150865,0.20929552820907057,0.23693200096212105,0.0,0.6955629204065297,1.2865810117738996,0.047763501882710765,0.2490336305609001,0.24777547409641346,ETTm2,raw,56160,56256,raw:56160:4,low,low
5,0.0,0.22747707277673807,0.4792602481805036,1.0,0.8975570778988832,1.2865810117738996,0.047763501882710765,0.23557910698574722,0.6484401932605314,ETTm2,raw,56160,56256,raw:56160:5,low,high
6,0.8797839766720534,0.010598894803390173,0.014576082374642335,0.0,0.5123813231007674,1.2865810117738996,0.047763501882710765,0.3016529846166953,0.1867149416611594,ETTm2,raw,56160,56256,raw:56160:6,low,low
0,0.7949109921493993,0.4366226491705638,0.03562884564514437,0.25,0.8292855769239716,2.8521545481350863,0.30869242417469367,0.4223874956550358,0.4626593336995552,ETTm2,raw,56352,56448,raw:56352:0,high,mid
1,0.9999999999995932,0.12477944720668992,0.003441186277762136,0.0,0.8535480522512374,2.8521545481350863,0.30869242417469367,0.3760735444946817,0.387413492141977,ETTm2,raw,56352,56448,raw:56352:1,mid,mid
2,0.8673392742102086,0.5409115998638913,0.06719784760555297,0.25,0.8396299353603318,2.8521545481350863,0.30869242417469367,0.4918162405598843,0.46610745317834185,ETTm2,raw,56352,56448,raw:56352:2,high,mid
3,0.9201334222880059,0.20255015344069077,0.02326360605960913,0.25,0.9194012371370788,2.8521545481350863,0.30869242417469367,0.3819823939294353,0.4926978871039241,ETTm2,raw,56352,56448,raw:56352:3,mid,mid
4,0.7484871225266232,0.1508892530570252,0.29842031114861156,0.375,0.8492828048254892,2.8521545481350863,0.30869242417469367,0.3992655622440866,0.5109917430000609,ETTm2,raw,56352,56448,raw:56352:4,mid,mid
5,0.0,0.0,0.0,0.0,-0.0,2.8521545481350863,0.30869242417469367,0.0,0.1028974747248979,ETTm2,raw,56352,56448,raw:56352:5,low,low
6,0.883899606897354,0.030493082392721478,0.04763389626961689,0.0,0.5519407725908099,2.8521545481350863,0.30869242417469367,0.3206755285198975,0.2868777322551678,ETTm2,raw,56352,56448,raw:56352:6,low,low
0,0.976771692684635,0.048089233419571206,0.31567391445876114,0.25,0.8787360325998513,2.2350607128413493,0.20584345179715247,0.4468449468543225,0.44485982813233454,ETTm2,raw,56448,56544,raw:56448:0,high,mid
1,0.9999999999989867,0.05288153890621867,0.32913115625081385,0.25,0.8060701492452763,2.2350607128413493,0.20584345179715247,0.46067089838533976,0.42063786701414285,ETTm2,raw,56448,56544,raw:56448:1,high,mid
2,0.9907619075038898,0.03613130414162223,0.21118736583750441,0.125,0.8468430748112287,2.2350607128413493,0.20584345179715247,0.4126935258276722,0.39256217553612704,ETTm2,raw,56448,56544,raw:56448:2,high,mid
3,0.9978521293620467,0.05705364974973699,0.3174874504463996,0.125,0.8178468159060224,2.2350607128413493,0.20584345179715247,0.4574644098527278,0.3828967559010583,ETTm2,raw,56448,56544,raw:56448:3,high,mid
4,0.825388594555409,0.2215424382847866,0.11908839050382916,0.125,0.9061394338026764,2.2350607128413493,0.20584345179715247,0.38867314111467494,0.41232762853327626,ETTm2,raw,56448,56544,raw:56448:4,mid,mid
5,0.0,0.0,0.0,0.0,-0.0,2.2350607128413493,0.20584345179715247,0.0,0.06861448393238416,ETTm2,raw,56448,56544,raw:56448:5,low,low
6,0.9800826606671852,0.0034012226457025116,0.04493564120980952,0.0,0.6279075134242195,2.2350607128413493,0.20584345179715247,0.3428065081742324,0.277916988407124,ETTm2,raw,56448,56544,raw:56448:6,mid,low
0,0.5703237545308921,0.15378683643038682,0.22827656122878265,0.75,0.8546224762597077,1.0157168068623563,0.0026194678060269413,0.31746238406335386,0.5357473146885782,ETTm2,raw,56544,56640,raw:56544:0,low,mid
1,0.0,0.0,0.0,0.0,-0.0,1.0157168068623563,0.0026194678060269413,0.0,0.0008731559353423137,ETTm2,raw,56544,56640,raw:56544:1,low,low
2,0.8393705175930004,0.42981350154468345,0.04398317627703119,0.25,0.889878594019317,1.0157168068623563,0.0026194678060269413,0.4377223984715717,0.38083268727511466,ETTm2,raw,56544,56640,raw:56544:2,high,mid
3,0.999999998848239,0.2072401172029349,0.26664644542736976,0.5,0.9767137790307188,1.0157168068623563,0.0026194678060269413,0.4912955204928479,0.49311108227891526,ETTm2,raw,56544,56640,raw:56544:3,high,mid
4,0.5460515399645329,0.1225668022883368,0.06326609535014509,0.125,0.6777875431794536,1.0157168068623563,0.0026194678060269413,0.24396147920100494,0.26846900366182685,ETTm2,raw,56544,56640,raw:56544:4,low,low
5,1.0,0.016904757083759225,0.5,0.25,0.7911501269322453,1.0157168068623563,0.0026194678060269413,0.5056349190279198,0.3479231982460907,ETTm2,raw,56544,56640,raw:56544:5,high,low
6,0.7977986868572426,0.046540807033271354,0.14602160601087077,0.125,0.6184492336369477,1.0157168068623563,0.0026194678060269413,0.3301203666337949,0.24868956714765822,ETTm2,raw,56544,56640,raw:56544:6,mid,low
0,0.6362086624653189,0.18416241568728917,0.5765174825011152,0.375,0.8187385228092031,1.6987957158059255,0.11646595244021099,0.46562952021790777,0.43673482508313805,ETTm2,raw,56736,56832,raw:56736:0,high,mid
1,0.0,0.1646993860515405,0.0,0.125,0.8644860969435577,1.6987957158059255,0.11646595244021099,0.0548997953505135,0.3686506831279229,ETTm2,raw,56736,56832,raw:56736:1,low,mid
2,0.735418857788183,0.12247112623291594,0.4378703310420192,0.375,0.799736176552764,1.6987957158059255,0.11646595244021099,0.43192010502103934,0.430400709664325,ETTm2,raw,56736,56832,raw:56736:2,high,mid
3,0.9999999951640222,0.3222992228062078,0.5053627978176276,0.875,0.9573619663258667,1.6987957158059255,0.11646595244021099,0.6092206719292859,0.6496093062553592,ETTm2,raw,56736,56832,raw:56736:3,high,high
4,0.8800351713914064,0.27610568532735036,0.0012008216246088108,1.0,0.9440428117847125,1.6987957158059255,0.11646595244021099,0.38578055944778855,0.6868362547416411,ETTm2,raw,56736,56832,raw:56736:4,mid,high
5,0.0,0.0,0.0,0.0,-0.0,1.6987957158059255,0.11646595244021099,0.0,0.038821984146736994,ETTm2,raw,56736,56832,raw:56736:5,low,low
6,0.7543438411517719,0.05040591264517923,0.03748065195314715,0.0,0.5943288791147443,1.6987957158059255,0.11646595244021099,0.2807434685833661,0.23693161051831843,ETTm2,raw,56736,56832,raw:56736:6,low,low
0,0.5958996070076193,0.4632245571068627,0.3787040596423469,0.625,0.9785526516565508,0.9999999900000026,0.0,0.4792760745856097,0.5345175505521836,ETTm2,raw,56832,56928,raw:56832:0,high,mid
1,0.9999999999931545,0.13610665890277196,0.5,0.375,0.9270804768599532,0.9999999900000026,0.0,0.5453688862986422,0.4340268256199844,ETTm2,raw,56832,56928,raw:56832:1,high,mid
2,0.597717671102351,0.4418154240655028,0.45677768963978294,1.0,0.9603395227141207,0.9999999900000026,0.0,0.4987702616025455,0.6534465075713736,ETTm2,raw,56832,56928,raw:56832:2,high,high
3,0.9999999999993539,0.06833785051858449,0.31667913950755355,0.25,0.7626248930700553,0.9999999900000026,0.0,0.46167233000849733,0.33754163102335183,ETTm2,raw,56832,56928,raw:56832:3,high,low
4,0.9804981459788145,0.4342527241667533,0.11873003915706494,0.125,0.8548451598543823,0.9999999900000026,0.0,0.5111603031008776,0.32661505328479407,ETTm2,raw,56832,56928,raw:56832:4,high,low
5,0.0,0.0,0.0,0.0,-0.0,0.9999999900000026,0.0,0.0,0.0,ETTm2,raw,56832,56928,raw:56832:5,low,low
6,0.925455906710304,0.03787414858211573,0.022145265331112888,0.0,0.5886433401275974,0.9999999900000026,0.0,0.32849177354117753,0.19621444670919916,ETTm2,raw,56832,56928,raw:56832:6,mid,low
0,0.841098286853785,0.07965229846301317,0.18835486049801275,0.375,0.761319383375461,1.1544706262722038,0.02574510433579212,0.3697018152716036,0.38735482923708436,ETTm2,raw,57024,57120,raw:57024:0,mid,mid
1,0.9999999999151787,0.12274255440984377,0.7881896052287205,0.75,0.7370703148494739,1.1544706262722038,0.02574510433579212,0.6369773865179144,0.5042718063950887,ETTm2,raw,57024,57120,raw:57024:1,high,mid
2,0.9049502854001668,0.060135103906994974,0.24681386607510894,0.375,0.6801327728206815,1.1544706262722038,0.02574510433579212,0.4039664184607569,0.3602926257188246,ETTm2,raw,57024,57120,raw:57024:2,mid,low
3,0.6519749030839659,0.024647531940004977,0.8743468879296765,0.5,0.6118800049842372,1.1544706262722038,0.02574510433579212,0.5169897743178825,0.3792083697733431,ETTm2,raw,57024,57120,raw:57024:3,high,mid
4,0.9861681442320478,0.22194955900723373,0.4632735533722075,0.875,0.9154622807063487,1.1544706262722038,0.02574510433579212,0.5571304188704963,0.6054024616807135,ETTm2,raw,57024,57120,raw:57024:4,high,high
5,0.0,0.05227626909494021,0.0,0.0,0.6373064074223954,1.1544706262722038,0.02574510433579212,0.017425423031646736,0.22101717058606252,ETTm2,raw,57024,57120,raw:57024:5,low,low
6,0.6181313561656476,0.022181503893619843,0.11637099194172235,0.125,0.6108840623494758,1.1544706262722038,0.02574510433579212,0.2522279506669966,0.2538763888950893,ETTm2,raw,57024,57120,raw:57024:6,low,low
0,0.7299754643672023,0.2622021736593647,0.37426299747741826,0.875,0.9335954146079438,0.9999999900000165,0.0,0.45548021183466175,0.602865138202648,ETTm2,raw,57120,57216,raw:57120:0,high,high
1,0.0,0.2626824839357808,0.0,0.75,0.8373556357214311,0.9999999900000165,0.0,0.0875608279785936,0.5291185452404771,ETTm2,raw,57120,57216,raw:57120:1,low,mid
2,0.8158486098962652,0.275232356180274,0.3998688511603953,0.875,0.9331290302317872,0.9999999900000165,0.0,0.4969832724123114,0.6027096767439291,ETTm2,raw,57120,57216,raw:57120:2,high,high
3,0.4486729050326652,0.29017777545557893,0.295360662083437,0.5,0.9890027125112828,0.9999999900000165,0.0,0.3447371141905604,0.49633423750376093,ETTm2,raw,57120,57216,raw:57120:3,mid,mid
4,0.6393791027772671,0.1995080384614547,0.9890145733562051,0.625,0.9122750956587659,0.9999999900000165,0.0,0.6093005715316423,0.5124250318862553,ETTm2,raw,57120,57216,raw:57120:4,high,mid
5,1.0,0.09059226540165026,0.9999999721342678,0.0,0.8188898783046983,0.9999999900000165,0.0,0.6968640791786394,0.2729632927682328,ETTm2,raw,57120,57216,raw:57120:5,high,low
6,0.9387665074615674,0.018286712942615573,0.023936916051683008,0.125,0.637314421281643,0.9999999900000165,0.0,0.3269967121519553,0.254104807093881,ETTm2,raw,57120,57216,raw:57120:6,mid,low
0,0.5189903175411306,0.2803343417338876,0.30578906491912977,0.875,0.8873301049273156,1.2151725409430638,0.03586209009740715,0.36837124139804933,0.5993973983415742,ETTm2,raw,57216,57312,raw:57216:0,mid,high
1,0.0,0.3230072778212205,0.5,1.0,0.8535313011516598,1.2151725409430638,0.03586209009740715,0.27433575927374015,0.6297977970830223,ETTm2,raw,57216,57312,raw:57216:1,low,high
2,0.6985503785361458,0.20095396751898037,0.21438201292075448,1.0,0.9045698645754566,1.2151725409430638,0.03586209009740715,0.37129545299196026,0.6468106515576212,ETTm2,raw,57216,57312,raw:57216:2,mid,high
3,0.3016813549047195,0.33721081772083994,0.39004165628381315,1.0,0.9431080169283884,1.2151725409430638,0.03586209009740715,0.34297794296979084,0.6596567023419319,ETTm2,raw,57216,57312,raw:57216:3,mid,high
4,0.7693710085941651,0.18790880826033807,0.999999998975758,1.0,0.8355090714337937,1.2151725409430638,0.03586209009740715,0.6524266052767537,0.6237903871770669,ETTm2,raw,57216,57312,raw:57216:4,high,high
5,1.0,0.011385130536893707,0.0,0.0,0.7263856467128257,1.2151725409430638,0.03586209009740715,0.33712837684563124,0.2540825789367443,ETTm2,raw,57216,57312,raw:57216:5,mid,low
6,0.8051785350410163,0.019954240487063818,0.003191537953342633,0.125,0.5272404766789198,1.2151725409430638,0.03586209009740715,0.27610810449380757,0.22936752225877566,ETTm2,raw,57216,57312,raw:57216:6,low,low
0,0.8642577966629992,0.3767818701119523,0.29650601594749687,0.5,0.9359663429375861,0.9999999926704036,0.0,0.5125152275741495,0.478655447645862,ETTm2,raw,57408,57504,raw:57408:0,high,mid
1,0.9999999999988345,0.24688235936287029,0.3594834290308078,0.625,0.9353583690003076,0.9999999926704036,0.0,0.5354552627975041,0.5201194563334358,ETTm2,raw,57408,57504,raw:57408:1,high,mid
2,0.9283071530057018,0.27437345739883107,0.26398599281313334,0.375,0.954939294825745,0.9999999926704036,0.0,0.4888888677392221,0.4433130982752484,ETTm2,raw,57408,57504,raw:57408:2,high,mid
3,0.5520631244916571,0.12579228635968578,0.5531413419333828,0.5,0.8963967801598164,0.9999999926704036,0.0,0.4103322509282419,0.4654655933866055,ETTm2,raw,57408,57504,raw:57408:3,high,mid
4,0.9999999686055167,0.34360735630313816,0.49755660588521455,0.75,0.9118701497806326,0.9999999926704036,0.0,0.6137213102646232,0.5539567165935443,ETTm2,raw,57408,57504,raw:57408:4,high,mid
5,1.0,0.007455636878455492,0.0,0.125,0.7565465003866614,0.9999999926704036,0.0,0.3358185456261518,0.29384883346222046,ETTm2,raw,57408,57504,raw:57408:5,mid,low
6,0.9999999966367672,0.03304232911989209,0.009906705176538322,0.0,0.3731326703526247,0.9999999926704036,0.0,0.34764967697773247,0.12437755678420824,ETTm2,raw,57408,57504,raw:57408:6,mid,low
0,0.9445215621636595,0.16689745046811705,0.006947590836786298,0.125,0.8591960431670631,0.9999999900376179,0.0,0.3727888678228542,0.32806534772235435,ETTm2,raw,57504,57600,raw:57504:0,mid,low
1,0.7407571570631317,0.33923796456863353,0.1419470977921969,1.0,0.9252399726392159,0.9999999900376179,0.0,0.40731407314132073,0.6417466575464053,ETTm2,raw,57504,57600,raw:57504:1,high,high
2,0.8973214397854896,0.24178537006223877,0.008759193063172991,0.25,0.8945018070472248,0.9999999900376179,0.0,0.38262200097030047,0.38150060234907496,ETTm2,raw,57504,57600,raw:57504:2,mid,mid
3,0.6046430992339127,0.24106176862851753,0.23300050235775543,0.625,0.9416084730668489,0.9999999900376179,0.0,0.3595684567400619,0.5222028243556163,ETTm2,raw,57504,57600,raw:57504:3,mid,mid
4,1.0,0.08184725605928048,0.07879871512928602,0.625,0.8706692989923094,0.9999999900376179,0.0,0.3868819903961888,0.4985564329974365,ETTm2,raw,57504,57600,raw:57504:4,mid,mid
5,0.9999999827703279,0.030119969690100206,0.0,0.25,0.7501797673104205,0.9999999900376179,0.0,0.3433733174868094,0.3333932557701402,ETTm2,raw,57504,57600,raw:57504:5,mid,low
6,0.7966594438106759,0.10335757530830661,0.012894829096085691,0.5,0.905091489096049,0.9999999900376179,0.0,0.30430394940502276,0.468363829698683,ETTm2,raw,57504,57600,raw:57504:6,low,mid
0,0.6791104515625183,0.12667405481032995,0.8440086198441298,0.125,0.8857966242456466,0.9999999900062804,0.0,0.549931042072326,0.33693220808188223,ETTm2,raw,57696,57792,raw:57696:0,high,low
1,0.4844691347723332,0.44723200660102147,0.02538467555870319,0.0,0.8952685864741114,0.9999999900062804,0.0,0.3190286056440193,0.29842286215803715,ETTm2,raw,57696,57792,raw:57696:1,low,low
2,0.6528061539039252,0.11890630711391884,0.8119361707751078,0.25,0.8999737662064108,0.9999999900062804,0.0,0.5278828772643173,0.3833245887354703,ETTm2,raw,57696,57792,raw:57696:2,high,mid
3,0.6775744219386636,0.39405733774204105,0.3081919293517966,0.0,0.7625881226167286,0.9999999900062804,0.0,0.45994122967750045,0.25419604087224285,ETTm2,raw,57696,57792,raw:57696:3,high,low
4,0.806606683495523,0.2717305859597129,0.3363373282634793,1.0,0.9494205917564326,0.9999999900062804,0.0,0.4715581992395717,0.6498068639188109,ETTm2,raw,57696,57792,raw:57696:4,high,high
5,1.0,0.017911687656592665,0.0,0.25,0.7935613506024823,0.9999999900062804,0.0,0.33930389588553084,0.3478537835341608,ETTm2,raw,57696,57792,raw:57696:5,mid,low
6,0.9546045869862748,0.027862461439443795,0.09382071375236421,0.0,0.5255232982895,0.9999999900062804,0.0,0.3587625873926943,0.17517443276316666,ETTm2,raw,57696,57792,raw:57696:6,mid,low
0,0.7413645236745825,0.4014324283150801,0.06708071848243022,1.0,0.9074978825698712,0.9999999940599906,0.0,0.4032925568240309,0.6358326275232904,ETTm2,raw,57792,57888,raw:57792:0,mid,high
1,0.9999999999990218,0.19375203515043687,0.029099327285165667,0.875,0.9488245019352408,0.9999999940599906,0.0,0.4076171208115414,0.6079415006450802,ETTm2,raw,57792,57888,raw:57792:1,high,high
2,0.8307823064878108,0.41598605431482405,0.013761985218331586,0.625,0.9545936323373763,0.9999999940599906,0.0,0.42017678200698877,0.5265312107791255,ETTm2,raw,57792,57888,raw:57792:2,high,mid
3,0.8530785128983664,0.1349968315870887,0.22015313752776458,0.5,0.8694158980053294,0.9999999940599906,0.0,0.40274282733773986,0.4564719660017764,ETTm2,raw,57792,57888,raw:57792:3,mid,mid
4,0.9999998051645764,0.14230193776429947,0.28164911503744283,0.125,0.8796397942258546,0.9999999940599906,0.0,0.47465028598877296,0.33487993140861816,ETTm2,raw,57792,57888,raw:57792:4,high,low
5,1.0,0.01476359135697537,0.0,0.0,0.6934206573379835,0.9999999940599906,0.0,0.3382545304523252,0.23114021911266117,ETTm2,raw,57792,57888,raw:57792:5,mid,low
6,0.9104372499992845,0.025664418654167232,0.01316586251749544,0.0,0.546940793342833,0.9999999940599906,0.0,0.3164225103903157,0.18231359778094433,ETTm2,raw,57792,57888,raw:57792:6,low,low
0,0.8376879946483071,0.20021519956733488,0.04730160977937,0.375,0.9356310570166012,0.9999999900221632,0.0,0.361734934665004,0.4368770190055337,ETTm2,raw,57984,58080,raw:57984:0,mid,mid
1,0.7568822111700783,0.2789869535791385,0.28060260778322543,1.0,0.9416724077884184,0.9999999900221632,0.0,0.4388239241774808,0.6472241359294728,ETTm2,raw,57984,58080,raw:57984:1,high,high
2,0.8806181234859882,0.2845560082009338,0.03705111990250215,0.375,0.9501929873157667,0.9999999900221632,0.0,0.40074175052980804,0.44173099577192226,ETTm2,raw,57984,58080,raw:57984:2,mid,mid
3,0.7134063760961361,0.3321045095988454,0.3598794318171113,0.75,0.9368695273351454,0.9999999900221632,0.0,0.4684634391706976,0.5622898424450485,ETTm2,raw,57984,58080,raw:57984:3,high,high
4,0.9905044939090563,0.1861576896940601,0.6653967534071799,0.75,0.921919195542904,0.9999999900221632,0.0,0.6140196456700987,0.5573063985143013,ETTm2,raw,57984,58080,raw:57984:4,high,mid
5,0.0,0.028372825420742993,0.0,0.0,0.6509871264939195,0.9999999900221632,0.0,0.009457608473580998,0.2169957088313065,ETTm2,raw,57984,58080,raw:57984:5,low,low
6,0.7926913899175738,0.031225275946423197,0.0009396335203836582,0.0,0.6094397437041956,0.9999999900221632,0.0,0.27495209979479357,0.20314658123473187,ETTm2,raw,57984,58080,raw:57984:6,low,low
0,0.4447467927369322,0.279823361585446,0.18938203906572337,0.5,0.9693216338124313,0.9999999900456502,0.0,0.3046507311293672,0.4897738779374771,ETTm2,raw,58080,58176,raw:58080:0,low,mid
1,0.8591690174104716,0.1563426784509057,0.20329391539957692,0.75,0.907159124832441,0.9999999900456502,0.0,0.40626853708698474,0.552386374944147,ETTm2,raw,58080,58176,raw:58080:1,mid,mid
2,0.4639883233424852,0.13008765063343353,0.17884064393908966,0.5,0.9660530497769,0.9999999900456502,0.0,0.2576388726383361,0.4886843499256333,ETTm2,raw,58080,58176,raw:58080:2,low,mid
3,0.5499307694879021,0.14796052322502207,0.38725018479022166,0.75,0.9404393792917525,0.9999999900456502,0.0,0.36171382583438194,0.5634797930972508,ETTm2,raw,58080,58176,raw:58080:3,mid,high
4,0.9359344143590534,0.18350848620807764,0.0,0.25,0.9480306602154466,0.9999999900456502,0.0,0.37314763352237706,0.3993435534051488,ETTm2,raw,58080,58176,raw:58080:4,mid,mid
5,0.9999999463129998,0.02993480988938024,0.0,0.25,0.8264530595702474,0.9999999900456502,0.0,0.3433115854007933,0.3588176865234158,ETTm2,raw,58080,58176,raw:58080:5,mid,low
6,0.9239752171052523,0.030255543785757198,0.010499578148904029,0.0,0.5561080150247223,0.9999999900456502,0.0,0.32157677967997117,0.1853693383415741,ETTm2,raw,58080,58176,raw:58080:6,low,low
0,0.7313697645461685,0.11728632230374378,0.035872175670027914,0.375,0.9050610671725248,0.9999999900002204,0.0,0.2948427541733134,0.4266870223908416,ETTm2,raw,58176,58272,raw:58176:0,low,mid
1,0.8418646698466947,0.5936566948817625,0.11296497061731477,1.0,0.9837213132664815,0.9999999900002204,0.0,0.5161621117819241,0.6612404377554938,ETTm2,raw,58176,58272,raw:58176:1,high,high
2,0.7266682464712975,0.12778490418611946,0.011388935576699385,0.375,0.758891004127421,0.9999999900002204,0.0,0.28861402874470543,0.37796366804247367,ETTm2,raw,58176,58272,raw:58176:2,low,mid
3,0.7355714064320124,0.4592797412266686,0.1600336919404568,0.375,0.9472959793339787,0.9999999900002204,0.0,0.45162827986637927,0.4407653264446596,ETTm2,raw,58176,58272,raw:58176:3,high,mid
4,0.949735380748057,0.17299848638916865,0.638855486039111,0.25,0.8673143149716581,0.9999999900002204,0.0,0.5871964510587788,0.3724381049905527,ETTm2,raw,58176,58272,raw:58176:4,high,mid
5,0.9999999945346263,0.05670143911750392,0.0,0.125,0.823592459284306,0.9999999900002204,0.0,0.3522338112173768,0.316197486428102,ETTm2,raw,58176,58272,raw:58176:5,mid,low
6,0.907882235441248,0.005312420630072236,0.001345580539310752,0.0,0.48246795164712836,0.9999999900002204,0.0,0.304846745536877,0.1608226505490428,ETTm2,raw,58176,58272,raw:58176:6,low,low
0,0.8073126568799044,0.13590124572969214,0.6807066396608524,0.0,0.7413458397190312,2.9036384000107778,0.31727306613967454,0.541306847423483,0.3528729686195686,ETTm2,raw,58368,58464,raw:58368:0,high,low
1,0.5719078013887048,0.13196685148539045,0.13240846757115976,0.0,0.7174965354681871,2.9036384000107778,0.31727306613967454,0.27876104014841835,0.3449232005359539,ETTm2,raw,58368,58464,raw:58368:1,low,low
2,0.7943092492430528,0.1955667397369525,0.7550961740871818,0.0,0.8462160436706619,2.9036384000107778,0.31727306613967454,0.5816573876890624,0.3878297032701122,ETTm2,raw,58368,58464,raw:58368:2,high,mid
3,0.41676544872268007,0.0881854611682446,0.6911902817067864,0.125,0.7773729780478522,2.9036384000107778,0.31727306613967454,0.3987137305325703,0.40654868139584227,ETTm2,raw,58368,58464,raw:58368:3,mid,mid
4,0.35127840824360623,0.20275971321840847,0.35331016769180584,0.25,0.782626665634171,2.9036384000107778,0.31727306613967454,0.30244942971794014,0.4499665772579485,ETTm2,raw,58368,58464,raw:58368:4,low,mid
5,0.9999999852883102,0.08415643537735451,0.044610279983358675,0.375,0.8523715101900343,2.9036384000107778,0.31727306613967454,0.3762555668830078,0.5148815254432363,ETTm2,raw,58368,58464,raw:58368:5,mid,mid
6,0.44571736592104516,0.03858915427771241,0.31123591727343686,0.0,0.4795345789772375,2.9036384000107778,0.31727306613967454,0.2651808124907315,0.265602548372304,ETTm2,raw,58368,58464,raw:58368:6,low,low
0,0.7620446434672077,0.3153918890899031,0.6831291830380425,0.5,0.9170468418431889,3.0418403331251143,0.3403067216203412,0.5868552385317178,0.5857845211545101,ETTm2,raw,58464,58560,raw:58464:0,high,high
1,0.5927328118123124,0.3137519094556771,0.6973047981414657,0.75,0.9365468821563212,3.0418403331251143,0.3403067216203412,0.5345965064698185,0.6756178679255541,ETTm2,raw,58464,58560,raw:58464:1,high,high
2,0.8696155792585503,0.19543132070691885,0.7143464087414435,0.5,0.8985124364647176,3.0418403331251143,0.3403067216203412,0.5931311029023042,0.5796063860283529,ETTm2,raw,58464,58560,raw:58464:2,high,high
3,0.4097698473196052,0.18075079090114726,0.5406062396420488,0.75,0.8401647421305374,3.0418403331251143,0.3403067216203412,0.37704229262093375,0.6434904879169595,ETTm2,raw,58464,58560,raw:58464:3,mid,high
4,0.5672759204241734,0.16714721331786564,0.546997786246982,0.25,0.84721778325566,3.0418403331251143,0.3403067216203412,0.42714030666300706,0.4791748349586671,ETTm2,raw,58464,58560,raw:58464:4,high,mid
5,0.9999999882183508,0.034367685438181486,0.6114185801952206,0.25,0.6311646314177679,3.0418403331251143,0.3403067216203412,0.5485954179505843,0.40715711767936974,ETTm2,raw,58464,58560,raw:58464:5,high,mid
6,0.9911385377477706,0.03066458613163953,0.026316819217763517,0.125,0.8064409622743796,3.0418403331251143,0.3403067216203412,0.3493733143657245,0.4239158946315736,ETTm2,raw,58464,58560,raw:58464:6,mid,mid
0,0.43438745609227736,0.2774304499941741,0.3358500447085868,1.0,0.8693639425838555,3.2086414355655504,0.36810690531408025,0.3492226502650128,0.7458236159659787,ETTm2,raw,58656,58752,raw:58656:0,mid,high
1,0.5401810907783424,0.25682226040125994,0.4279894322363731,1.0,0.9050913862432072,3.2086414355655504,0.36810690531408025,0.40833092780532515,0.7577327638524292,ETTm2,raw,58656,58752,raw:58656:1,high,high
2,0.41469644756772917,0.31711125281565233,0.35391439870549934,0.625,0.8797491043262977,3.2086414355655504,0.36810690531408025,0.3619073663629602,0.6242853365467926,ETTm2,raw,58656,58752,raw:58656:2,mid,high
3,0.7417184353383364,0.43943051684989565,0.6821171715953682,0.875,0.8628999584507078,3.2086414355655504,0.36810690531408025,0.6210887079278667,0.702002287921596,ETTm2,raw,58656,58752,raw:58656:3,high,high
4,0.16825531158561324,0.2259343719984654,0.31232991730688175,0.625,0.9385180793333736,3.2086414355655504,0.36810690531408025,0.23550653363032015,0.6438749948824846,ETTm2,raw,58656,58752,raw:58656:4,low,high
5,0.9999999993288404,0.18432344662293831,0.49999999937180967,0.0,0.6793730967348529,3.2086414355655504,0.36810690531408025,0.5614411484411961,0.34916000068297776,ETTm2,raw,58656,58752,raw:58656:5,high,low
6,0.9638155408341949,0.06004434323664416,0.0697164670765349,0.0,0.4770467574227593,3.2086414355655504,0.36810690531408025,0.364525450382458,0.2817178875789465,ETTm2,raw,58656,58752,raw:58656:6,mid,low
0,0.8201404004623714,0.051399189006033616,0.7839760264599224,0.375,0.8930635392968737,3.658061577583481,0.4430102621922297,0.5518385386427758,0.5703579338297011,ETTm2,raw,58752,58848,raw:58752:0,high,high
1,0.9999999999448616,0.10269806656474029,0.9999973688416172,0.0,0.8063458624105115,3.658061577583481,0.4430102621922297,0.7008984784504063,0.41645204153424703,ETTm2,raw,58752,58848,raw:58752:1,high,mid
2,0.8534959266642079,0.042370875096273374,0.3277905890182526,0.375,0.8853536230223186,3.658061577583481,0.4430102621922297,0.4078857969262446,0.5677879617381828,ETTm2,raw,58752,58848,raw:58752:2,high,high
3,0.8440937745536672,0.24680393031522746,0.4230534269946598,0.0,0.8582806702493797,3.658061577583481,0.4430102621922297,0.5046503772878514,0.4337636441472032,ETTm2,raw,58752,58848,raw:58752:3,high,mid
4,0.5457116332077894,0.261279971151852,0.4645690114121893,1.0,0.9353661040968698,3.658061577583481,0.4430102621922297,0.4238535385906102,0.7927921220963666,ETTm2,raw,58752,58848,raw:58752:4,high,high
5,0.8957846404249783,0.07180239283081569,0.49999999921496324,0.625,0.914686346927761,3.658061577583481,0.4430102621922297,0.4891956774902524,0.6608988697066636,ETTm2,raw,58752,58848,raw:58752:5,high,high
6,0.9364363314883143,0.06139960697550273,0.10880321032736735,0.125,0.5787445126027776,3.658061577583481,0.4430102621922297,0.3688797162637281,0.38225159159833577,ETTm2,raw,58752,58848,raw:58752:6,mid,mid
0,0.7892033520009991,0.08427528809054484,0.13627137754712765,0.25,0.8978619983650856,3.8209911869637203,0.47016519704367804,0.3365833392128905,0.5393423984695879,ETTm2,raw,58848,58944,raw:58848:0,mid,mid
1,0.4557061720096264,0.2853405353510736,0.4978735218521608,1.0,0.9714950020283022,3.8209911869637203,0.47016519704367804,0.4129734097376203,0.8138867330239935,ETTm2,raw,58848,58944,raw:58848:1,high,high
2,0.8191574773444523,0.14128558829414956,0.04961254794807281,0.25,0.826760744679412,3.8209911869637203,0.47016519704367804,0.33668520452889156,0.5156419805743634,ETTm2,raw,58848,58944,raw:58848:2,mid,mid
3,0.6419398275009456,0.3024054322342813,0.4318537103959522,1.0,0.8827172277521621,3.8209911869637203,0.47016519704367804,0.4587329900437263,0.7842941415986133,ETTm2,raw,58848,58944,raw:58848:3,high,high
4,0.8607078441658117,0.185837994019762,0.3480771503754369,1.0,0.9625372709418358,3.8209911869637203,0.47016519704367804,0.46487432952033686,0.8109008226618379,ETTm2,raw,58848,58944,raw:58848:4,high,high
5,0.9258240980661667,0.13340811278170223,0.5618647643149046,0.625,0.8255102936452278,3.8209911869637203,0.47016519704367804,0.5403656583875912,0.6402251635629685,ETTm2,raw,58848,58944,raw:58848:5,high,high
6,0.7329513995104251,0.05112695497692772,0.031447683443055464,0.0,0.6201154605277012,3.8209911869637203,0.47016519704367804,0.27184201264346947,0.3634268858571264,ETTm2,raw,58848,58944,raw:58848:6,low,low
0,0.7286137197070514,0.21469177261348105,0.12423903333271204,0.75,0.9473630167211377,3.2987126399753706,0.38311877269069716,0.3558481752177482,0.693493929803945,ETTm2,raw,59040,59136,raw:59040:0,mid,high
1,0.5663778774182662,0.18634564224375766,0.49478724696216625,0.25,0.930065639266955,3.2987126399753706,0.38311877269069716,0.41583692220806334,0.5210614706525507,ETTm2,raw,59040,59136,raw:59040:1,high,mid
2,0.7661966903949761,0.4838458544389529,0.09204016780492526,0.375,0.932830244063314,3.2987126399753706,0.38311877269069716,0.4473609042129514,0.5636496722513371,ETTm2,raw,59040,59136,raw:59040:2,high,high
3,0.3683341240915997,0.167281155428539,0.4281734889893721,0.25,0.879012841505415,3.2987126399753706,0.38311877269069716,0.3212629228365036,0.5040438713987041,ETTm2,raw,59040,59136,raw:59040:3,low,mid
4,0.8078553884228687,0.0910168391792311,0.44252238136612587,0.625,0.9144087242721198,3.2987126399753706,0.38311877269069716,0.44713153632274194,0.6408424989876057,ETTm2,raw,59040,59136,raw:59040:4,high,high
5,0.9977869753674108,0.19908689458016804,0.5053378450856927,0.5,0.8429820769661948,3.2987126399753706,0.38311877269069716,0.5674039050110905,0.5753669498856308,ETTm2,raw,59040,59136,raw:59040:5,high,high
6,0.9563933099208609,0.045019868980096675,0.13898538168092142,0.0,0.6087955409295905,3.2987126399753706,0.38311877269069716,0.380132853527293,0.3306381045400959,ETTm2,raw,59040,59136,raw:59040:6,mid,low
0,0.6600474720251748,0.304590136381141,0.021368428217926914,0.375,0.8067156468250163,4.198446921080069,0.5330744859582207,0.32866867887474754,0.5715967109277457,ETTm2,raw,59136,59232,raw:59136:0,mid,high
1,0.7594562572497772,0.17280734752466803,0.3691486683255987,1.0,0.9788778053225233,4.198446921080069,0.5330744859582207,0.433804091033348,0.8373174304269146,ETTm2,raw,59136,59232,raw:59136:1,high,high
2,0.6656748959298469,0.39038938372611004,0.03363570893507295,0.375,0.7671305426046857,4.198446921080069,0.5330744859582207,0.3632333295303433,0.5584016761876355,ETTm2,raw,59136,59232,raw:59136:2,mid,high
3,0.8088155837249132,0.2620016940584726,0.43258864562071686,1.0,0.9796419037836089,4.198446921080069,0.5330744859582207,0.5011353078013676,0.8375721299139433,ETTm2,raw,59136,59232,raw:59136:3,high,high
4,0.9211111304040825,0.22711946770580038,0.5377168769784012,1.0,0.9016467801639169,4.198446921080069,0.5330744859582207,0.5619824916960946,0.811573755374046,ETTm2,raw,59136,59232,raw:59136:4,high,high
5,0.7688484068616226,0.41235746346385904,0.10474097593295784,0.0,0.8307273341315007,4.198446921080069,0.5330744859582207,0.4286489487528132,0.4546006066965738,ETTm2,raw,59136,59232,raw:59136:5,high,mid
6,0.8497754284928426,0.029933490653768848,0.0023110314603068073,0.0,0.5593144050874785,4.198446921080069,0.5330744859582207,0.29400665020230604,0.3641296303485664,ETTm2,raw,59136,59232,raw:59136:6,low,low
0,0.6256021222424603,0.19225828015989516,0.3829025263201871,0.375,0.8210260213716446,3.620634607129266,0.43677243379359026,0.40025430957418084,0.544266151721745,ETTm2,raw,59328,59424,raw:59328:0,mid,mid
1,0.9999999999967366,0.12982259445007605,0.5016396175025818,0.75,0.9409756681315314,3.620634607129266,0.43677243379359026,0.5438207373164649,0.7092493673083738,ETTm2,raw,59328,59424,raw:59328:1,high,high
2,0.7204328945880606,0.135867033832801,0.4288404882189382,0.5,0.8666553411367944,3.620634607129266,0.43677243379359026,0.42838013887993326,0.6011425916434616,ETTm2,raw,59328,59424,raw:59328:2,high,high
3,0.831471001887317,0.21187290662434471,0.45628612668264934,0.625,0.8901999692420184,3.620634607129266,0.43677243379359026,0.49987667839810374,0.6506574676785363,ETTm2,raw,59328,59424,raw:59328:3,high,high
4,0.36078040530209865,0.2521499906719072,0.14727147408342248,0.375,0.8684043001419434,3.620634607129266,0.43677243379359026,0.2534006233524761,0.5600589113118445,ETTm2,raw,59328,59424,raw:59328:4,low,high
5,0.8659004292042027,0.26169609997824644,0.0,0.625,0.9660594130433708,3.620634607129266,0.43677243379359026,0.37586550972748306,0.6759439489456537,ETTm2,raw,59328,59424,raw:59328:5,mid,high
6,0.9185883346603952,0.015184183906766275,0.012478135850700123,0.0,0.5183512391376444,3.620634607129266,0.43677243379359026,0.31541688480595387,0.3183745576437449,ETTm2,raw,59328,59424,raw:59328:6,low,low
0,0.6803670918302251,0.21601970510370944,0.05713561947817411,0.0,0.6604210924426945,0.9999999900000011,0.0,0.31784080547070287,0.22014036414756485,ETTm2,raw,59424,59520,raw:59424:0,low,low
1,0.9999999996110945,0.24754732092879073,0.0,0.25,0.8881971572571015,0.9999999900000011,0.0,0.4158491068466284,0.3793990524190338,ETTm2,raw,59424,59520,raw:59424:1,high,mid
2,0.5145987234123426,0.24330254382735075,0.023052815504308558,0.125,0.652691708250294,0.9999999900000011,0.0,0.260318027581334,0.25923056941676464,ETTm2,raw,59424,59520,raw:59424:2,low,low
3,0.551407790179052,0.20051618155460893,0.09860260888126615,0.125,0.7101525136354395,0.9999999900000011,0.0,0.2835088602049757,0.2783841712118132,ETTm2,raw,59424,59520,raw:59424:3,low,low
4,0.8059550599645696,0.34876432022047466,0.5575453821737023,1.0,0.8761816882287716,0.9999999900000011,0.0,0.5707549207862489,0.6253938960762572,ETTm2,raw,59424,59520,raw:59424:4,high,high
5,0.9999999997719646,0.36828532076027026,0.08933218233419733,0.5,0.8853469332284578,0.9999999900000011,0.0,0.4858725009554774,0.4617823110761526,ETTm2,raw,59424,59520,raw:59424:5,high,mid
6,0.8591854317344281,0.03176212844526838,0.0041703634048048934,0.0,0.5658992837775306,0.9999999900000011,0.0,0.2983726411948338,0.1886330945925102,ETTm2,raw,59424,59520,raw:59424:6,low,low
0,0.7938635551626452,0.14905373395992352,0.5077476281709643,0.875,0.905988342221708,2.9468166360283927,0.32446943879728307,0.4835549724311776,0.7018192603396637,ETTm2,raw,59616,59712,raw:59616:0,high,high
1,0.5305295731713264,0.305397301172039,0.7877707604304451,0.25,0.9793226128909214,2.9468166360283927,0.32446943879728307,0.5412325449246035,0.5179306838960681,ETTm2,raw,59616,59712,raw:59616:1,high,mid
2,0.7363765098069596,0.1696938932922231,0.2600031807128588,1.0,0.8820287371883638,2.9468166360283927,0.32446943879728307,0.38869119460401375,0.7354993919952156,ETTm2,raw,59616,59712,raw:59616:2,mid,high
3,0.6481955261027648,0.14308025407287234,0.2149459766790366,0.625,0.9094647773641614,2.9468166360283927,0.32446943879728307,0.3354072522848912,0.6196447387204814,ETTm2,raw,59616,59712,raw:59616:3,mid,high
4,0.8912688605589241,0.07771989966572748,0.22297362592832315,0.375,0.9459289598998448,2.9468166360283927,0.32446943879728307,0.3973207953843249,0.5484661328990427,ETTm2,raw,59616,59712,raw:59616:4,mid,mid
5,0.9892775452014586,0.42110919081064224,0.06976599252964691,0.25,0.7911317665916268,2.9468166360283927,0.32446943879728307,0.4933842428472493,0.4552004017963032,ETTm2,raw,59616,59712,raw:59616:5,high,mid
6,0.9719560011010985,0.017741082169340283,0.16309909579162468,0.25,0.6897203320826403,2.9468166360283927,0.32446943879728307,0.38426539302068785,0.42139659029330784,ETTm2,raw,59616,59712,raw:59616:6,mid,mid
0,0.31353806375626725,0.27241716713796305,0.3333001394698692,0.625,0.9479321748125147,2.708346197974443,0.28472436585453326,0.3064184567880332,0.619218846889016,ETTm2,raw,59712,59808,raw:59712:0,low,high
1,0.12209054101781891,0.27387951146977113,0.3782428123488494,0.5,0.7959733034875528,2.708346197974443,0.28472436585453326,0.2580709549454798,0.5268992231140287,ETTm2,raw,59712,59808,raw:59712:1,low,mid
2,0.5827947180569286,0.18123733704907488,0.17461441413758264,0.75,0.9342419364146115,2.708346197974443,0.28472436585453326,0.3128821564145287,0.6563221007563816,ETTm2,raw,59712,59808,raw:59712:2,low,high
3,0.4841163446486286,0.39883831145683324,0.44232976633500837,0.625,0.7885239642459354,2.708346197974443,0.28472436585453326,0.44176147414682343,0.5660827767001563,ETTm2,raw,59712,59808,raw:59712:3,high,high
4,0.9596182185201385,0.27504172865761745,0.0022388149801900905,0.875,0.9652620099485882,2.708346197974443,0.28472436585453326,0.41229958738598205,0.7083287919343738,ETTm2,raw,59712,59808,raw:59712:4,high,high
5,0.9999999997997489,0.105612742987902,0.0,0.375,0.8722053039926057,2.708346197974443,0.28472436585453326,0.3685375809292169,0.5106432232823797,ETTm2,raw,59712,59808,raw:59712:5,mid,mid
6,0.9399751462313419,0.13168130942206493,0.061537209932293974,0.0,0.430931629997635,2.708346197974443,0.28472436585453326,0.3777312218619003,0.2385519986173894,ETTm2,raw,59712,59808,raw:59712:6,mid,low
0,0.7808754796402608,0.4340879738505431,0.5230756386847744,0.5,0.8279474758728644,3.36596927219344,0.3943282113750263,0.5793463640585261,0.574091895749297,ETTm2,raw,59808,59904,raw:59808:0,high,high
1,0.48493209626460076,0.17731639622095352,0.27820877835964763,0.25,0.8922393919582496,3.36596927219344,0.3943282113750263,0.31348575694840064,0.512189201111092,ETTm2,raw,59808,59904,raw:59808:1,low,mid
2,0.800661898160695,0.3376834966764931,0.5255582154667054,0.5,0.806900176963606,3.36596927219344,0.3943282113750263,0.5546345367679645,0.5670761294462109,ETTm2,raw,59808,59904,raw:59808:2,high,high
3,0.3517704215431241,0.2009023953713139,0.4808410708807161,0.5,0.9407025787943416,3.36596927219344,0.3943282113750263,0.3445046292650514,0.6116769300564561,ETTm2,raw,59808,59904,raw:59808:3,mid,high
4,0.2248108775431873,0.13350320388556874,0.5084549727044955,0.875,0.9345868827851053,3.36596927219344,0.3943282113750263,0.28892301804441717,0.7346383647200438,ETTm2,raw,59808,59904,raw:59808:4,low,high
5,0.9999999849858944,0.17795443749212744,0.10476874893705788,0.875,0.8849953966075651,3.36596927219344,0.3943282113750263,0.42757439047169327,0.7181078693275303,ETTm2,raw,59808,59904,raw:59808:5,high,high
6,0.6364129383122143,0.02861136525775672,0.010248522434084136,0.125,0.6545614264625481,3.36596927219344,0.3943282113750263,0.22509094200135174,0.39129654594585817,ETTm2,raw,59808,59904,raw:59808:6,low,mid
0,0.836724858214391,0.166039031933658,0.4358744857799835,1.0,0.9747212053239593,0.9999999900001026,0.0,0.4795461253093441,0.6582404017746531,ETTm2,raw,60000,60096,raw:60000:0,high,high
1,0.3011971191272942,0.28639586292776825,0.18455519748210109,0.375,0.9447760891146714,0.9999999900001026,0.0,0.25738272651238786,0.43992536303822377,ETTm2,raw,60000,60096,raw:60000:1,low,mid
2,0.8920198355748952,0.21702868930036728,0.20825533758688616,0.875,0.9893330504212297,0.9999999900001026,0.0,0.4391012874873828,0.6214443501404099,ETTm2,raw,60000,60096,raw:60000:2,high,high
3,0.4774147942217535,0.363228151565195,0.4665039102215258,0.625,0.9570043387168864,0.9999999900001026,0.0,0.43571561866949143,0.5273347795722955,ETTm2,raw,60000,60096,raw:60000:3,high,mid
4,0.9190119157770152,0.19734204600204847,0.16757002248488356,0.75,0.9033793927657857,0.9999999900001026,0.0,0.42797466142131574,0.5511264642552619,ETTm2,raw,60000,60096,raw:60000:4,high,mid
5,0.9999999423512712,0.2658167031805555,0.0,0.375,0.8700184180677302,0.9999999900001026,0.0,0.42193888184394224,0.4150061393559101,ETTm2,raw,60000,60096,raw:60000:5,high,mid
6,0.762315641006196,0.2819664727888735,0.2276057680686236,0.25,0.6553715819859721,0.9999999900001026,0.0,0.42396262728789774,0.30179052732865735,ETTm2,raw,60000,60096,raw:60000:6,high,low
0,0.7400183631594219,0.3434907089983249,0.03448423329475854,0.625,0.971561706120964,0.9999999900007329,0.0,0.3726644351508351,0.5321872353736546,ETTm2,raw,60096,60192,raw:60096:0,mid,mid
1,0.6360261391974897,0.09563066592495109,0.39592285743104993,1.0,0.8592037260377341,0.9999999900007329,0.0,0.3758598875178302,0.6197345753459114,ETTm2,raw,60096,60192,raw:60096:1,mid,high
2,0.7087833760641974,0.3273742892612674,0.04803336013274376,0.75,0.9702031630523557,0.9999999900007329,0.0,0.36139700848606954,0.5734010543507853,ETTm2,raw,60096,60192,raw:60096:2,mid,high
3,0.41121874184676876,0.26622930344174583,0.4198436037130957,1.0,0.8518853961275774,0.9999999900007329,0.0,0.36576388300053675,0.6172951320425258,ETTm2,raw,60096,60192,raw:60096:3,mid,high
4,0.32017927879112784,0.14318741140270116,0.2767442243250489,1.0,0.9070826396072293,0.9999999900007329,0.0,0.24670363817295934,0.6356942132024098,ETTm2,raw,60096,60192,raw:60096:4,low,high
5,1.0,0.06841383454300176,0.0,0.25,0.8642945631559048,0.9999999900007329,0.0,0.3561379448476673,0.37143152105196825,ETTm2,raw,60096,60192,raw:60096:5,mid,mid
6,0.6830027371525738,0.03401802592713199,0.057837261204610836,0.125,0.5681045440158431,0.9999999900007329,0.0,0.2582860080947722,0.23103484800528104,ETTm2,raw,60096,60192,raw:60096:6,low,low
0,0.45018124084538613,0.20280108457061188,0.4545866713168948,0.375,0.7542113863351896,3.211572336102741,0.3685953887361312,0.36918966557763094,0.49926892502377357,ETTm2,raw,60288,60384,raw:60288:0,mid,mid
1,0.39051891363370306,0.4203937307648429,0.7183455242801181,0.375,0.9242723616639219,3.211572336102741,0.3685953887361312,0.509752722892888,0.5559559168000177,ETTm2,raw,60288,60384,raw:60288:1,high,mid
2,0.3571635267380088,0.18040543310820156,0.5198552407070718,0.375,0.8257659934751036,3.211572336102741,0.3685953887361312,0.3524747335177607,0.5231204607370783,ETTm2,raw,60288,60384,raw:60288:2,mid,mid
3,0.5674788538572413,0.44555161112355446,0.25087913628399083,0.75,0.9452426866268013,3.211572336102741,0.3685953887361312,0.4213032004215955,0.6879460251209775,ETTm2,raw,60288,60384,raw:60288:3,high,high
4,0.44249323280393515,0.09733946605764521,0.1258791700130055,0.125,0.8839758728767305,3.211572336102741,0.3685953887361312,0.22190395629152862,0.45919042053762055,ETTm2,raw,60288,60384,raw:60288:4,low,mid
5,0.9999999995935938,0.08280387990383677,0.9389879352362623,0.375,0.7352240032819239,3.211572336102741,0.3685953887361312,0.6739306049112309,0.49293979733935167,ETTm2,raw,60288,60384,raw:60288:5,high,mid
6,0.9671246493413993,0.007485331978434702,0.12106232872245232,0.0,0.6361002271797364,3.211572336102741,0.3685953887361312,0.3652241033474288,0.3348985386386225,ETTm2,raw,60288,60384,raw:60288:6,mid,low
0,0.466010145444117,0.18574672746396015,0.6009649008888894,0.75,0.8831684398245999,2.2846649141019526,0.21411081866014073,0.4175739245989889,0.6157597528282469,ETTm2,raw,60384,60480,raw:60384:0,high,high
1,0.41605941521037015,0.11100126477084102,0.4194213546544091,0.625,0.9820589816008993,2.2846649141019526,0.21411081866014073,0.3154940115452068,0.6070566000870133,ETTm2,raw,60384,60480,raw:60384:1,low,high
2,0.5489657167623241,0.11158763735174348,0.4348261003235672,0.75,0.9018422037410099,2.2846649141019526,0.21411081866014073,0.3651264848125449,0.6219843408003836,ETTm2,raw,60384,60480,raw:60384:2,mid,high
3,0.6285872859309248,0.10025237340263599,0.432286737338909,0.875,0.840331730709497,2.2846649141019526,0.21411081866014073,0.3870421322241566,0.6431475164565459,ETTm2,raw,60384,60480,raw:60384:3,mid,high
4,0.6869262384683621,0.22652061098693116,0.11556810761449562,0.0,0.7405543392514926,2.2846649141019526,0.21411081866014073,0.3430049856899296,0.31822171930387777,ETTm2,raw,60384,60480,raw:60384:4,mid,low
5,1.0,0.16274478432584266,0.01431163501106369,0.0,0.6342142576565435,2.2846649141019526,0.21411081866014073,0.3923521397789688,0.2827750254388947,ETTm2,raw,60384,60480,raw:60384:5,mid,low
6,0.9370487642629811,0.024152976377586722,0.0001083127002770736,0.0,0.5367286883774165,2.2846649141019526,0.21411081866014073,0.32043668444694834,0.2502798356791857,ETTm2,raw,60384,60480,raw:60384:6,low,low
0,0.4511408233893851,0.19385101449038072,0.5276483285501854,1.0,0.9422621958067352,0.9999999900017597,0.0,0.39088005547665045,0.6474207319355784,ETTm2,raw,60480,60576,raw:60480:0,mid,high
1,0.3611192386249634,0.24439114672089862,0.6439753347552956,0.375,0.9679173781002068,0.9999999900017597,0.0,0.41649524003371924,0.4476391260334023,ETTm2,raw,60480,60576,raw:60480:1,high,mid
2,0.47773273997867893,0.20837090492151758,0.5973204112840811,1.0,0.9924560356474468,0.9999999900017597,0.0,0.42780801872809254,0.6641520118824823,ETTm2,raw,60480,60576,raw:60480:2,high,high
3,0.4448506509040654,0.29412121787739687,0.6542941893300991,0.75,0.9603957901067375,0.9999999900017597,0.0,0.46442201937052047,0.5701319300355792,ETTm2,raw,60480,60576,raw:60480:3,high,high
4,0.058421428371168704,0.17028412799350928,0.26266248196142583,0.0,0.8112057485882243,0.9999999900017597,0.0,0.16378934610870127,0.27040191619607473,ETTm2,raw,60480,60576,raw:60480:4,low,low
5,0.0,0.23473894839915277,0.0,0.0,0.9495443040253758,0.9999999900017597,0.0,0.07824631613305093,0.3165147680084586,ETTm2,raw,60480,60576,raw:60480:5,low,low
6,0.9079016674110572,0.01816693596961432,0.0005454099700867866,0.0,0.5303861647724218,0.9999999900017597,0.0,0.30887133778358605,0.17679538825747396,ETTm2,raw,60480,60576,raw:60480:6,low,low
0,0.6604178050286227,0.19983346139926314,0.5904708191159009,0.875,0.8793596755840297,0.9999999900000566,0.0,0.4835740285145956,0.5847865585280099,ETTm2,raw,60672,60768,raw:60672:0,high,high
1,0.28500453264727876,0.2595704528900634,0.5422871879023524,1.0,0.980954901451938,0.9999999900000566,0.0,0.3622873911465649,0.6603183004839793,ETTm2,raw,60672,60768,raw:60672:1,mid,high
2,0.5328064086739526,0.24491625728561744,0.4149987360472928,0.625,0.9464459017211628,0.9999999900000566,0.0,0.39757380066895426,0.5238153005737209,ETTm2,raw,60672,60768,raw:60672:2,mid,mid
3,0.2380190244962015,0.2667566914997261,0.5342221117944094,1.0,0.921617412554771,0.9999999900000566,0.0,0.3463326092634456,0.6405391375182571,ETTm2,raw,60672,60768,raw:60672:3,mid,high
4,0.5099433201552476,0.182681064683986,0.33830552500146904,0.5,0.8775335901538234,0.9999999900000566,0.0,0.34364330328023424,0.45917786338460775,ETTm2,raw,60672,60768,raw:60672:4,mid,mid
5,0.9999997892221092,0.05101031398443414,0.0,0.25,0.6869474617964753,0.9999999900000566,0.0,0.3503367010688478,0.31231582059882507,ETTm2,raw,60672,60768,raw:60672:5,mid,low
6,0.8506440256386687,0.02979509472948886,0.020254449469433562,0.0,0.5464579520344429,0.9999999900000566,0.0,0.3002311899458637,0.18215265067814765,ETTm2,raw,60672,60768,raw:60672:6,low,low
0,0.6216866947641826,0.19942488715703083,0.3883026461170778,0.375,0.8680242610961949,0.9999999900007741,0.0,0.4031380760127637,0.41434142036539834,ETTm2,raw,60768,60864,raw:60768:0,mid,mid
1,0.4965445061902938,0.25831231362379603,0.4139063673586888,0.375,0.8696215539403485,0.9999999900007741,0.0,0.38958772905759287,0.4148738513134495,ETTm2,raw,60768,60864,raw:60768:1,mid,mid
2,0.5506055220294838,0.17298358582890072,0.21677796567429286,0.375,0.8037226332886027,0.9999999900007741,0.0,0.3134556911775591,0.39290754442953424,ETTm2,raw,60768,60864,raw:60768:2,low,mid
3,0.41561803086495264,0.30687454226490324,0.44884849675161803,0.375,0.858857457399232,0.9999999900007741,0.0,0.39044702329382464,0.4112858191330773,ETTm2,raw,60768,60864,raw:60768:3,mid,mid
4,0.19959333200611584,0.1708795157622875,0.27262534424703083,0.125,0.7554040235698244,0.9999999900007741,0.0,0.2143660640051447,0.29346800785660815,ETTm2,raw,60768,60864,raw:60768:4,low,low
5,1.0,0.11884423441781725,0.5,0.125,0.7724852347263557,0.9999999900007741,0.0,0.5396147448059391,0.2991617449087852,ETTm2,raw,60768,60864,raw:60768:5,high,low
6,0.8725543011036716,0.039333035955290516,0.026869999489834637,0.0,0.5502731763183528,0.9999999900007741,0.0,0.3129191121829322,0.1834243921061176,ETTm2,raw,60768,60864,raw:60768:6,low,low
0,0.22222869492831687,0.3113250960972005,0.3912483996078512,1.0,0.9212489267012468,1.2551281645657728,0.0425213606900932,0.30826739687778953,0.6545900957971132,ETTm2,raw,60960,61056,raw:60960:0,low,high
1,0.36706726553377866,0.2828747894224253,0.3471700646962507,0.625,0.9782162296161332,1.2551281645657728,0.0425213606900932,0.3323707065508182,0.5485791967687421,ETTm2,raw,60960,61056,raw:60960:1,mid,mid
2,0.16073304696684465,0.26146898379424777,0.4183142845892115,0.75,0.9307990361471624,1.2551281645657728,0.0425213606900932,0.280172105116768,0.5744401322790852,ETTm2,raw,60960,61056,raw:60960:2,low,high
3,0.4616525793813554,0.37891438083087986,0.11646316206203355,0.25,0.9432464595965516,1.2551281645657728,0.0425213606900932,0.3190100407580896,0.411922606762215,ETTm2,raw,60960,61056,raw:60960:3,low,mid
4,0.4807053572318366,0.44029560110352667,0.45710077202550925,1.0,0.898454094077403,1.2551281645657728,0.0425213606900932,0.45936724345362423,0.646991818255832,ETTm2,raw,60960,61056,raw:60960:4,high,high
5,1.0,0.30317327501586183,0.5219315000981357,0.0,0.8658826981585048,1.2551281645657728,0.0425213606900932,0.6083682583713325,0.30280135294953264,ETTm2,raw,60960,61056,raw:60960:5,high,low
6,0.9124350082622578,0.01582818547533111,0.002384672684646018,0.0,0.5330284503311944,1.2551281645657728,0.0425213606900932,0.3102159554740783,0.19184993700709585,ETTm2,raw,60960,61056,raw:60960:6,low,low
0,0.638492190026084,0.17764046879492015,0.13969144874859443,0.25,0.6832001650952528,2.3998373927311034,0.23330623173300685,0.31860803585653286,0.3888354656094199,ETTm2,raw,61056,61152,raw:61056:0,low,mid
1,0.7573478393251187,0.11998408115952085,0.09162033499037167,0.25,0.75234240826487,2.3998373927311034,0.23330623173300685,0.3229840851583371,0.41188287999929224,ETTm2,raw,61056,61152,raw:61056:1,low,mid
2,0.6800168089394663,0.3053336165663604,0.19793426564323785,0.375,0.7440282504754172,2.3998373927311034,0.23330623173300685,0.3944282303830215,0.45077816073614135,ETTm2,raw,61056,61152,raw:61056:2,mid,mid
3,0.5150081297070156,0.2758918446829224,0.3672689244957044,0.25,0.789447576472682,2.3998373927311034,0.23330623173300685,0.3860562996285475,0.4242512694018963,ETTm2,raw,61056,61152,raw:61056:3,mid,mid
4,0.4172984841995613,0.11247800720634087,0.11122479170569186,0.375,0.9156038444683714,2.3998373927311034,0.23330623173300685,0.21366709437053133,0.5079700254004594,ETTm2,raw,61056,61152,raw:61056:4,low,mid
5,0.999999993699331,0.18689506635256758,0.012555328740441237,0.375,0.8423651082206961,2.3998373927311034,0.23330623173300685,0.39981679626411326,0.4835571133179009,ETTm2,raw,61056,61152,raw:61056:5,mid,mid
6,0.8532108000369641,0.024318293210088382,0.014289083716847078,0.0,0.549318484193029,2.3998373927311034,0.23330623173300685,0.2972727256546332,0.2608749053086786,ETTm2,raw,61056,61152,raw:61056:6,low,low
0,0.0,0.0,0.0,0.0,-0.0,1.0,0.0,0.0,0.0,ETTm2,raw,61248,61344,raw:61248:0,low,low
1,0.0,0.0,0.0,0.0,-0.0,1.0,0.0,0.0,0.0,ETTm2,raw,61248,61344,raw:61248:1,low,low
2,0.0,0.0,0.0,0.0,-0.0,1.0,0.0,0.0,0.0,ETTm2,raw,61248,61344,raw:61248:2,low,low
3,0.0,0.0,0.0,0.0,-0.0,1.0,0.0,0.0,0.0,ETTm2,raw,61248,61344,raw:61248:3,low,low
4,0.0,0.0,0.0,0.0,-0.0,1.0,0.0,0.0,0.0,ETTm2,raw,61248,61344,raw:61248:4,low,low
5,0.0,0.0,0.0,0.0,-0.0,1.0,0.0,0.0,0.0,ETTm2,raw,61248,61344,raw:61248:5,low,low
6,0.0,0.0,0.0,0.0,-0.0,1.0,0.0,0.0,0.0,ETTm2,raw,61248,61344,raw:61248:6,low,low
0,0.6557657251939168,0.47251273095780366,0.5578436433750499,1.0,0.9452145892102061,3.108779236002275,0.3514632054146071,0.5620406998422568,0.7655592648749376,ETTm2,raw,61344,61440,raw:61344:0,high,high
1,0.3925714356837865,0.20014343713872595,0.48895711642875955,0.625,0.8602559580093934,3.108779236002275,0.3514632054146071,0.36055732975042404,0.6122397211413335,ETTm2,raw,61344,61440,raw:61344:1,mid,high
2,0.7907721973078792,0.15344457424370578,0.4057311648308749,0.875,0.9859088391025222,3.108779236002275,0.3514632054146071,0.44998264546081995,0.7374573481723764,ETTm2,raw,61344,61440,raw:61344:2,high,high
3,0.27444548711554917,0.36156469675226804,0.4467182692542535,1.0,0.8873850613666994,3.108779236002275,0.3514632054146071,0.36090948437402354,0.7462827555937688,ETTm2,raw,61344,61440,raw:61344:3,mid,high
4,0.6055996300482192,0.08182861395436872,0.18964465771073064,0.0,0.815718901000942,3.108779236002275,0.3514632054146071,0.29235763390443953,0.3890607021385164,ETTm2,raw,61344,61440,raw:61344:4,low,mid
5,0.9999999999607367,0.03670558421601889,0.030586559540107767,0.125,0.6645083804280629,3.108779236002275,0.3514632054146071,0.35576404790562116,0.3803238619475567,ETTm2,raw,61344,61440,raw:61344:5,mid,mid
6,0.9192500853692367,0.02086817817611899,0.006792593983950511,0.0,0.5389514888058043,3.108779236002275,0.3514632054146071,0.3156369525097687,0.2968048980734705,ETTm2,raw,61344,61440,raw:61344:6,low,low
0,0.7315210694835845,0.2881998386578603,0.025445573961154384,0.75,0.8852682969661075,3.870369844048198,0.47839497321070806,0.34838882736753307,0.7045544233922719,ETTm2,raw,61440,61536,raw:61440:0,mid,high
1,0.7383511654947417,0.3138993314856193,0.19435710455488933,0.25,0.957598598721281,3.870369844048198,0.47839497321070806,0.4155358671784168,0.561997857310663,ETTm2,raw,61440,61536,raw:61440:1,high,high
2,0.870777547643047,0.29418678673525667,0.0036678689532070306,0.375,0.9293583562440512,3.870369844048198,0.47839497321070806,0.3895440677771702,0.5942511098182531,ETTm2,raw,61440,61536,raw:61440:2,mid,high
3,0.8150397794116716,0.07932341387722176,0.15503994138548632,0.75,0.9446095766290131,3.870369844048198,0.47839497321070806,0.3498010448914599,0.7243348499465738,ETTm2,raw,61440,61536,raw:61440:3,mid,high
4,0.4990482349221632,0.19354213915363683,0.2003003496084797,0.0,0.808711032560684,3.870369844048198,0.47839497321070806,0.2976302412280933,0.4290353352571307,ETTm2,raw,61440,61536,raw:61440:4,low,mid
5,0.9999198814995294,0.0864708659560085,0.9996946847500472,0.375,0.8885331104749704,3.870369844048198,0.47839497321070806,0.695361810735195,0.5806426945618928,ETTm2,raw,61440,61536,raw:61440:5,high,high
6,0.894470786668647,0.021959923465701425,0.013045686360534058,0.0,0.583609854374333,3.870369844048198,0.47839497321070806,0.30982546549829415,0.3540016091950137,ETTm2,raw,61440,61536,raw:61440:6,low,low
0,0.9745128221688047,0.15362065239028108,0.5068007307516746,0.0,0.7879063668262597,0.9999999900000269,0.0,0.5449780684369202,0.26263545560875323,ETTm2,raw,61632,61728,raw:61632:0,high,low
1,0.9999999998391047,0.11403584458792237,0.0,0.0,0.819044804303599,0.9999999900000269,0.0,0.3713452814756757,0.27301493476786637,ETTm2,raw,61632,61728,raw:61632:1,mid,low
2,0.970867262925231,0.14060552345229638,0.19801935180386968,0.375,0.8202740433185498,0.9999999900000269,0.0,0.436497379393799,0.3984246811061833,ETTm2,raw,61632,61728,raw:61632:2,high,mid
3,0.909768755578118,0.17325379202592567,0.25710760250016984,0.25,0.8318090468099819,0.9999999900000269,0.0,0.4467100500347378,0.3606030156033273,ETTm2,raw,61632,61728,raw:61632:3,high,low
4,0.2630230860323557,0.2304631251134598,0.3113567629427528,0.375,0.8954748994231416,0.9999999900000269,0.0,0.2682809913628561,0.4234916331410472,ETTm2,raw,61632,61728,raw:61632:4,low,mid
5,0.999999996419774,0.3445266440873277,0.0006358160275916719,0.375,0.9038743413510084,0.9999999900000269,0.0,0.44838748551156443,0.4262914471170028,ETTm2,raw,61632,61728,raw:61632:5,high,mid
6,0.9292897788293568,0.012894739300109034,0.0034596071581387707,0.0,0.36660294043020974,0.9999999900000269,0.0,0.3152147084292015,0.12220098014340325,ETTm2,raw,61632,61728,raw:61632:6,low,low
0,0.6105992854388567,0.27236771846317853,0.186225491045131,0.0,0.920416075992201,2.829662534285032,0.3049437552059324,0.3563974983157221,0.4084532770660445,ETTm2,raw,61728,61824,raw:61728:0,mid,mid
1,0.5691202157221813,0.23516667594663293,0.10489254873150027,0.625,0.9356863374525666,2.829662534285032,0.3049437552059324,0.30305981346677147,0.621876697552833,ETTm2,raw,61728,61824,raw:61728:1,low,high
2,0.7446690523637352,0.21470486375674513,0.20809697924474282,0.125,0.8627248457375983,2.829662534285032,0.3049437552059324,0.389156965121741,0.4308895336478436,ETTm2,raw,61728,61824,raw:61728:2,mid,mid
3,0.4564688465201838,0.25651118353982816,0.080037130389631,0.625,0.8995178373097349,2.829662534285032,0.3049437552059324,0.26433905348321435,0.6098205308385557,ETTm2,raw,61728,61824,raw:61728:3,low,high
4,0.9814670573335104,0.2740621307702903,0.007849229073546907,0.75,0.89313896133419,2.829662534285032,0.3049437552059324,0.4211261390591159,0.6493609055133741,ETTm2,raw,61728,61824,raw:61728:4,high,high
5,0.9873700630967952,0.3052229512133895,0.0,0.375,0.9444646284093217,2.829662534285032,0.3049437552059324,0.4308643381033949,0.5414694612050847,ETTm2,raw,61728,61824,raw:61728:5,high,mid
6,0.982570665635644,0.04206242427137061,0.010628592974329224,0.0,0.6477885572441947,2.829662534285032,0.3049437552059324,0.34508722762711463,0.3175774374833757,ETTm2,raw,61728,61824,raw:61728:6,mid,low
0,0.5897070188479909,0.43006860689421944,0.12917804072097602,0.875,0.8836701030360831,3.2296805088850054,0.3716134175281452,0.38298455548772875,0.7100945068547428,ETTm2,raw,61920,62016,raw:61920:0,mid,high
1,0.41159857696008584,0.3021968355913238,0.370873566339973,0.625,0.9395447409674431,3.2296805088850054,0.3716134175281452,0.36155632629712753,0.6453860528318628,ETTm2,raw,61920,62016,raw:61920:1,mid,high
2,0.8572473976270991,0.4659521455581434,0.08756769562103783,0.875,0.9137415177409154,3.2296805088850054,0.3716134175281452,0.47025574626876016,0.7201183117563535,ETTm2,raw,61920,62016,raw:61920:2,high,high
3,0.49016024705440486,0.24235548362715936,0.3273561710008771,0.625,0.9107275365766375,3.2296805088850054,0.3716134175281452,0.3532906338941471,0.6357803180349275,ETTm2,raw,61920,62016,raw:61920:3,mid,high
4,0.2802047518519817,0.17631336823758087,0.2620370251994125,0.5,0.897379123371855,3.2296805088850054,0.3716134175281452,0.2395183817629917,0.5896641803,ETTm2,raw,61920,62016,raw:61920:4,low,high
5,0.9999999953422628,0.09881892452912096,0.11453891980907513,0.25,0.8632582632681985,3.2296805088850054,0.3716134175281452,0.40445261322681964,0.4949572269321145,ETTm2,raw,61920,62016,raw:61920:5,mid,mid
6,0.8439589646048065,0.015439753142945711,0.007974906944159374,0.0,0.5289428316611817,3.2296805088850054,0.3716134175281452,0.28912454156397055,0.3001854163964423,ETTm2,raw,61920,62016,raw:61920:6,low,low
0,0.5034500383534088,0.38941686918907387,0.32738008195215673,0.5,0.7643121527314416,2.9702852934218713,0.3283808816896771,0.40674899649821317,0.5308976781403729,ETTm2,raw,62016,62112,raw:62016:0,high,mid
1,0.745903600492557,0.3001422304351974,0.3671556061214126,0.25,0.8583322214223839,2.9702852934218713,0.3283808816896771,0.4710671456830557,0.47890436770402034,ETTm2,raw,62016,62112,raw:62016:1,high,mid
2,0.5333649399666336,0.5455669175016007,0.47604577139856724,0.5,0.840677843208102,2.9702852934218713,0.3283808816896771,0.5183258762889339,0.5563529082992597,ETTm2,raw,62016,62112,raw:62016:2,high,mid
3,0.7250326110596081,0.41427553342863277,0.1921540174324212,0.5,0.9030648045682932,2.9702852934218713,0.3283808816896771,0.4438207206402207,0.5771485620859901,ETTm2,raw,62016,62112,raw:62016:3,high,high
4,0.4666523965394802,0.1614589044479257,0.17423060806997334,0.5,0.9242844135964237,2.9702852934218713,0.3283808816896771,0.26744730301912645,0.5842217650953669,ETTm2,raw,62016,62112,raw:62016:4,low,high
5,0.6045796329086937,0.3323986617484811,0.4323972865353109,0.25,0.8953898323315822,2.9702852934218713,0.3283808816896771,0.4564585270641619,0.4912569046737531,ETTm2,raw,62016,62112,raw:62016:5,high,mid
6,0.9737553487607111,0.028723669264705674,0.0008506454445445804,0.0,0.5505415517524423,2.9702852934218713,0.3283808816896771,0.33444322115665376,0.2929741444807065,ETTm2,raw,62016,62112,raw:62016:6,mid,low
0,0.22700910486192127,0.2288494191570435,0.7687467242583347,0.625,0.9551315610292636,2.5623207235299335,0.2603867868210109,0.40820174942576654,0.6135061159500915,ETTm2,raw,62112,62208,raw:62112:0,high,high
1,0.4739134582611694,0.17784988256202383,0.4686769726990252,0.5,0.9502305440290105,2.5623207235299335,0.2603867868210109,0.3734801045074061,0.5702057769500072,ETTm2,raw,62112,62208,raw:62112:1,mid,high
2,0.30528014418326754,0.23996488533447968,0.356568165212914,0.625,0.933085320041268,2.5623207235299335,0.2603867868210109,0.3006043982435537,0.606157368954093,ETTm2,raw,62112,62208,raw:62112:2,low,high
3,0.34494282447266034,0.24158713195513443,0.5623653709586338,0.5,0.9422081616188188,2.5623207235299335,0.2603867868210109,0.38296510912880954,0.5675316494799433,ETTm2,raw,62112,62208,raw:62112:3,mid,high
4,0.6474380060875919,0.13059829372554882,0.4962114085003994,0.5,0.9701139597888984,2.5623207235299335,0.2603867868210109,0.4247492361045134,0.576833582203303,ETTm2,raw,62112,62208,raw:62112:4,high,high
5,0.6586614752781117,0.16817984175654788,0.6247910124455494,0.375,0.8280644999852887,2.5623207235299335,0.2603867868210109,0.48387744316006964,0.4878170956020999,ETTm2,raw,62112,62208,raw:62112:5,high,mid
6,0.8866752274165669,0.03799477155967794,0.0007647411941711342,0.0,0.5656083097794953,2.5623207235299335,0.2603867868210109,0.30847824672347196,0.2753316988668354,ETTm2,raw,62112,62208,raw:62112:6,low,low
0,0.766320606442075,0.1714027061678064,0.2320997559165581,0.125,0.8653077445637208,0.9999999900000033,0.0,0.3899410228421465,0.3301025815212403,ETTm2,raw,62304,62400,raw:62304:0,mid,low
1,0.0,0.08996338460689929,0.0,0.0,0.8402614241507158,0.9999999900000033,0.0,0.029987794868966428,0.28008714138357194,ETTm2,raw,62304,62400,raw:62304:1,low,low
2,0.5892843856578217,0.09354580122522047,0.44704650326750606,0.375,0.9028151325739988,0.9999999900000033,0.0,0.37662556338351605,0.4259383775246663,ETTm2,raw,62304,62400,raw:62304:2,mid,mid
3,0.568711605274104,0.4938963357214059,0.32767477938174805,0.375,0.9169547728772884,0.9999999900000033,0.0,0.463427573459086,0.43065159095909616,ETTm2,raw,62304,62400,raw:62304:3,high,mid
4,0.9287726576004068,0.18859612378885265,0.12946633174615044,0.5,0.8868186384724803,0.9999999900000033,0.0,0.41561170437846995,0.4622728794908268,ETTm2,raw,62304,62400,raw:62304:4,high,mid
5,0.931144177395368,0.15523685367665063,0.07395387101696527,0.75,0.8902747896885187,0.9999999900000033,0.0,0.3867783006963279,0.5467582632295063,ETTm2,raw,62304,62400,raw:62304:5,mid,mid
6,0.7971585396927962,0.006171390237025077,0.03712629947780258,0.0,0.4505276702913478,0.9999999900000033,0.0,0.2801520764692079,0.15017589009711593,ETTm2,raw,62304,62400,raw:62304:6,low,low
0,0.758997362418665,0.16435666466170806,0.4187369605559642,0.125,0.8678991430559316,0.9999999900000017,0.0,0.4473636625454458,0.3309663810186439,ETTm2,raw,62400,62496,raw:62400:0,high,low
1,0.0,0.5798166156739814,0.5,0.875,0.9910689651884115,0.9999999900000017,0.0,0.35993887189132706,0.6220229883961371,ETTm2,raw,62400,62496,raw:62400:1,mid,high
2,0.7098007841999094,0.16282892656348574,0.4503923622694109,0.25,0.8742936305184704,0.9999999900000017,0.0,0.44100735767760196,0.37476454350615684,ETTm2,raw,62400,62496,raw:62400:2,high,mid
3,0.5680063578452594,0.46679155448103044,0.4915705980405443,0.375,0.9831528652151086,0.9999999900000017,0.0,0.5087895034556114,0.4527176217383695,ETTm2,raw,62400,62496,raw:62400:3,high,mid
4,0.9047893889431222,0.2616839473079739,0.2235858131288884,0.25,0.9270097028084991,0.9999999900000017,0.0,0.4633530497933282,0.39233656760283303,ETTm2,raw,62400,62496,raw:62400:4,high,mid
5,0.7718251062836445,0.33496992125685787,0.2773466921276905,0.25,0.7544452281263752,0.9999999900000017,0.0,0.4613805732227309,0.33481507604212507,ETTm2,raw,62400,62496,raw:62400:5,high,low
6,0.6822667862121281,0.42584814566763135,0.6804871040964047,0.25,0.7565178448585586,0.9999999900000017,0.0,0.5962006786587214,0.3355059482861862,ETTm2,raw,62400,62496,raw:62400:6,high,low
0,0.8342944152475636,0.11444308951827499,0.25642184971312004,0.25,0.7528669334624206,0.9999999900000021,0.0,0.4017197848263196,0.3342889778208069,ETTm2,raw,62592,62688,raw:62592:0,mid,low
1,0.0,0.16915003081534802,0.5120179739445129,1.0,0.9454597461663427,0.9999999900000021,0.0,0.22705600158662032,0.6484865820554475,ETTm2,raw,62592,62688,raw:62592:1,low,high
2,0.8111261786834835,0.05585605794933528,0.089591607995622,0.125,0.5762795217464348,0.9999999900000021,0.0,0.31885794820948027,0.23375984058214494,ETTm2,raw,62592,62688,raw:62592:2,low,low
3,0.2720650059539311,0.05451647063072448,0.4094774622492707,0.5,0.8981652907275343,0.9999999900000021,0.0,0.24535297961130875,0.46605509690917807,ETTm2,raw,62592,62688,raw:62592:3,low,mid
4,0.831586444799908,0.17865925091633045,0.09524611011875453,0.5,0.9065638779278266,0.9999999900000021,0.0,0.3684972686116643,0.46885462597594224,ETTm2,raw,62592,62688,raw:62592:4,mid,mid
5,1.0,0.16809930261482264,0.022191551528184642,0.125,0.8585962820696791,0.9999999900000021,0.0,0.3967636180476692,0.3278654273565597,ETTm2,raw,62592,62688,raw:62592:5,mid,low
6,0.8494668963943339,0.1269473295197127,0.10034079389180826,0.125,0.6996491447811285,0.9999999900000021,0.0,0.35891833993528494,0.2748830482603762,ETTm2,raw,62592,62688,raw:62592:6,mid,low
0,0.16319724833918925,0.0393826018915206,0.24736101922481765,0.125,0.6507682320900361,0.9999999900000547,0.0,0.14998028981850917,0.2585894106966787,ETTm2,raw,62688,62784,raw:62688:0,low,low
1,0.0,0.49404851743107675,0.0,0.0,0.7256267887431891,0.9999999900000547,0.0,0.16468283914369225,0.2418755962477297,ETTm2,raw,62688,62784,raw:62688:1,low,low
2,0.5038795031227796,0.05806674573008959,0.3072780542557331,0.125,0.8127724149545559,0.9999999900000547,0.0,0.28974143436953415,0.312590804984852,ETTm2,raw,62688,62784,raw:62688:2,low,low
3,0.7478161895104446,0.09185728607992688,0.6015356572850884,0.125,0.8307892270329866,0.9999999900000547,0.0,0.4804030442918199,0.31859640901099556,ETTm2,raw,62688,62784,raw:62688:3,high,low
4,0.5911004192284295,0.2035954952627271,0.14175201209135607,0.25,0.8698577403302802,0.9999999900000547,0.0,0.3121493088608376,0.37328591344342676,ETTm2,raw,62688,62784,raw:62688:4,low,mid
5,0.7954151889463155,0.24507828804211848,0.05554495795898929,0.0,0.6427487381243252,0.9999999900000547,0.0,0.3653461449824744,0.21424957937477507,ETTm2,raw,62688,62784,raw:62688:5,mid,low
6,0.938373036842798,0.009913085275193613,0.0024107151185195305,0.0,0.49139101348586944,0.9999999900000547,0.0,0.31689894574550376,0.1637970044952898,ETTm2,raw,62688,62784,raw:62688:6,low,low
0,0.5011251290401847,0.19541262926227906,0.5209490268347289,0.25,0.8491347657231159,3.136161948171488,0.35602699076853633,0.4058289283790642,0.4850539188305507,ETTm2,raw,62880,62976,raw:62880:0,mid,mid
1,0.612367058508195,0.4525571251818411,0.9766827821231046,0.5,0.8870041161697488,3.136161948171488,0.35602699076853633,0.6805356552710468,0.5810103689794284,ETTm2,raw,62880,62976,raw:62880:1,high,high
2,0.778422176063661,0.2445244577639701,0.5409258392428328,0.75,0.932282716389349,3.136161948171488,0.35602699076853633,0.5212908243568214,0.6794365690526285,ETTm2,raw,62880,62976,raw:62880:2,high,high
3,0.4819864671364701,0.2290408281932334,0.6699337022080601,1.0,0.9028975609174617,3.136161948171488,0.35602699076853633,0.4603203325125878,0.7529748505619994,ETTm2,raw,62880,62976,raw:62880:3,high,high
4,0.37922423804894945,0.11365667845041211,0.11300464404419693,0.25,0.8196976344684487,3.136161948171488,0.35602699076853633,0.20196185351451948,0.47524154174566163,ETTm2,raw,62880,62976,raw:62880:4,low,mid
5,0.5982451669990675,0.1396387342048335,0.46126322852838486,0.25,0.9228120754099033,3.136161948171488,0.35602699076853633,0.39971570991076194,0.5096130220594798,ETTm2,raw,62880,62976,raw:62880:5,mid,mid
6,0.9509834226165818,0.005692730685707276,0.0007665758827142577,0.0,0.5079597254526022,3.136161948171488,0.35602699076853633,0.3191475763950011,0.28799557207371285,ETTm2,raw,62880,62976,raw:62880:6,low,low
0,0.6351088637579754,0.13323279093243767,0.6350054340370327,0.375,0.917691383648363,2.2844164004309806,0.21406939971504776,0.4677823629091486,0.5022535944544703,ETTm2,raw,62976,63072,raw:62976:0,high,mid
1,0.2480460711463811,0.13652267360462925,0.6102528168616679,0.0,0.8659427014040839,2.2844164004309806,0.21406939971504776,0.33160718720422605,0.36000403370637724,ETTm2,raw,62976,63072,raw:62976:1,mid,low
2,0.6307878510075835,0.1584450512254748,0.5733781859172287,0.875,0.9813770628131454,2.2844164004309806,0.21406939971504776,0.45420369605009564,0.690148820842731,ETTm2,raw,62976,63072,raw:62976:2,high,high
3,0.5719347473073861,0.19782161392802955,0.503069010262985,0.375,0.9351911003280937,2.2844164004309806,0.21406939971504776,0.4242751238328002,0.5080868333477139,ETTm2,raw,62976,63072,raw:62976:3,high,mid
4,0.32866064055645894,0.17007029289423076,0.04264927135834632,0.125,0.8679758452893663,2.2844164004309806,0.21406939971504776,0.18046006826967867,0.40234841500147134,ETTm2,raw,62976,63072,raw:62976:4,low,mid
5,0.9999999577672889,0.16200953396278878,0.5774207388237177,0.375,0.9592573149905431,2.2844164004309806,0.21406939971504776,0.5798100768512651,0.5161089049018636,ETTm2,raw,62976,63072,raw:62976:5,high,mid
6,0.915825978710553,0.01232118620949849,0.007260111221824522,0.0,0.5157776155824301,2.2844164004309806,0.21406939971504776,0.31180242538062536,0.2432823384324926,ETTm2,raw,62976,63072,raw:62976:6,low,low
0,0.5127181118646402,0.1917722771206038,0.4984488058332836,0.625,0.9673501819059982,1.9147181384478573,0.1524530228205545,0.4009797316061759,0.5816010682421843,ETTm2,raw,63072,63168,raw:63072:0,mid,high
1,0.3297778045952554,0.15455789255573651,0.35173291406298013,0.125,0.9275627743417955,1.9147181384478573,0.1524530228205545,0.278689537071324,0.40167193238745,ETTm2,raw,63072,63168,raw:63072:1,low,mid
2,0.45459392346038197,0.4252389629807391,0.32948563455749824,0.5,0.8990967992442935,1.9147181384478573,0.1524530228205545,0.4031061736662065,0.517183274021616,ETTm2,raw,63072,63168,raw:63072:2,mid,mid
3,0.19219906658628627,0.23630473577751682,0.4137291863616799,0.5,0.8833471682317731,1.9147181384478573,0.1524530228205545,0.280744329575161,0.5119333970174426,ETTm2,raw,63072,63168,raw:63072:3,low,mid
4,0.42122982456786173,0.14386723357881193,0.1348607909774392,0.625,0.9482450058644172,1.9147181384478573,0.1524530228205545,0.23331928304137095,0.5752326762283239,ETTm2,raw,63072,63168,raw:63072:4,low,high
5,0.3304226255469356,0.023183167847946686,0.05304966239895845,0.25,0.7631786032807032,1.9147181384478573,0.1524530228205545,0.13555181859794688,0.38854387536708584,ETTm2,raw,63072,63168,raw:63072:5,low,mid
6,0.8575435650057333,0.02840975552290831,0.0012152317157103376,0.0,0.5470182754355056,1.9147181384478573,0.1524530228205545,0.2957228507481173,0.2331570994186867,ETTm2,raw,63072,63168,raw:63072:6,low,low
0,0.7029463195157089,0.20547698292219654,0.4533256643626363,0.25,0.9036898397206361,2.7772241173770835,0.2962040190691739,0.45391632226684725,0.48329795292993666,ETTm2,raw,63264,63360,raw:63264:0,high,mid
1,0.49837496822124006,0.08926012163177621,0.30482220773329066,0.0,0.7707586764993707,2.7772241173770835,0.2962040190691739,0.29748576586210235,0.3556542318561815,ETTm2,raw,63264,63360,raw:63264:1,low,low
2,0.6781121513111414,0.3941195252106642,0.5349616447727046,0.625,0.966642393469848,2.7772241173770835,0.2962040190691739,0.5357311070981701,0.6292821375130073,ETTm2,raw,63264,63360,raw:63264:2,high,high
3,0.5947237390335824,0.1130802506404674,0.09134732382366209,0.125,0.8348646716639464,2.7772241173770835,0.2962040190691739,0.26638377116590395,0.41868956357770676,ETTm2,raw,63264,63360,raw:63264:3,low,mid
4,0.49926675145045296,0.159856155955378,0.19844123549182596,0.125,0.8278527208228005,2.7772241173770835,0.2962040190691739,0.28585471429921894,0.4163522466306581,ETTm2,raw,63264,63360,raw:63264:4,low,mid
5,0.9999999998551434,0.10032070061160907,0.01568080499417154,0.125,0.5915893308785753,2.7772241173770835,0.2962040190691739,0.372000501820308,0.33759778331591644,ETTm2,raw,63264,63360,raw:63264:5,mid,low
6,0.5173082964586799,0.03451900086771949,0.35046982802396237,0.125,0.5609617961275704,2.7772241173770835,0.2962040190691739,0.3007657084501206,0.32738860506558143,ETTm2,raw,63264,63360,raw:63264:6,low,low
0,0.6782212639941773,0.20693218251026863,0.08779080025628888,1.0,0.9887156612365261,3.0086913598772433,0.33478189275490405,0.3243147489202449,0.7744991846638101,ETTm2,raw,63360,63456,raw:63360:0,mid,high
1,0.5335089383049509,0.3291016797646514,0.4831843888161081,0.25,0.9188290082046171,3.0086913598772433,0.33478189275490405,0.4485983356285701,0.5012036336531737,ETTm2,raw,63360,63456,raw:63360:1,high,mid
2,0.6839451527585604,0.19212612097534357,0.07984948469972812,0.875,0.986925868293686,3.0086913598772433,0.33478189275490405,0.31864025281121067,0.7322359203495301,ETTm2,raw,63360,63456,raw:63360:2,low,high
3,0.6260977408341216,0.2822950355390703,0.40489202749169567,0.625,0.9821263191303908,3.0086913598772433,0.33478189275490405,0.4377616012882959,0.6473027372950982,ETTm2,raw,63360,63456,raw:63360:3,high,high
4,0.3539231618793247,0.10917585651045114,0.6287153842939398,0.375,0.8670223643911625,3.0086913598772433,0.33478189275490405,0.36393813422790516,0.5256014190486888,ETTm2,raw,63360,63456,raw:63360:4,mid,mid
5,0.9067472279994007,0.662648891458384,0.7088879908255324,0.125,0.809680966981763,3.0086913598772433,0.33478189275490405,0.7594280367611058,0.42315428657888904,ETTm2,raw,63360,63456,raw:63360:5,high,mid
6,0.794668955511787,0.026958864909707864,0.015704153464403067,0.125,0.5352403717201882,3.0086913598772433,0.33478189275490405,0.27911065796196594,0.33167408815836413,ETTm2,raw,63360,63456,raw:63360:6,low,low
0,0.5020822528137439,0.26698234408837773,0.2775506216284626,0.375,0.8989318497392502,3.6677787112084315,0.4446297844603556,0.34887173951019473,0.5728538780665353,ETTm2,raw,63552,63648,raw:63552:0,mid,high
1,0.43105011289151796,0.1856416836402856,0.7014959718498256,0.375,0.9484189171058561,3.6677787112084315,0.4446297844603556,0.43939592279387635,0.5893495671887372,ETTm2,raw,63552,63648,raw:63552:1,high,high
2,0.6125070101526946,0.42021281172979297,0.43345042245452253,0.625,0.9566853694294798,3.6677787112084315,0.4446297844603556,0.4887234147790034,0.6754383846299451,ETTm2,raw,63552,63648,raw:63552:2,high,high
3,0.661333624658808,0.222483669034569,0.35529758756544577,0.75,0.9290978493154228,3.6677787112084315,0.4446297844603556,0.41303829375294093,0.7079092112585929,ETTm2,raw,63552,63648,raw:63552:3,high,high
4,0.6593781520526524,0.24528262964381442,0.027245942120291758,0.375,0.9664692647223356,3.6677787112084315,0.4446297844603556,0.31063557460558616,0.5953663497275637,ETTm2,raw,63552,63648,raw:63552:4,low,high
5,0.8960820583813867,0.18718474275963787,0.4568433797328574,0.25,0.8642576408877028,3.6677787112084315,0.4446297844603556,0.513370060291294,0.5196291417826862,ETTm2,raw,63552,63648,raw:63552:5,high,mid
6,0.9871414012963359,0.03226345028646174,0.0018946073217828683,0.0,0.514471467553737,3.6677787112084315,0.4446297844603556,0.3404331529681935,0.31970041733803084,ETTm2,raw,63552,63648,raw:63552:6,mid,low
0,0.5611773840968923,0.29489556394813576,0.29110644175831674,1.0,0.9126240461692504,3.2215705588524415,0.37026175919163734,0.3823931299344483,0.7609619351202959,ETTm2,raw,63648,63744,raw:63648:0,mid,high
1,0.49009585815971324,0.34585953641160144,0.42158628641228346,1.0,0.9100723999371805,3.2215705588524415,0.37026175919163734,0.41918056032786605,0.7601113863762726,ETTm2,raw,63648,63744,raw:63648:1,high,high
2,0.6759106710120266,0.3781022818044276,0.1274262802120915,0.875,0.9812686368066433,3.2215705588524415,0.37026175919163734,0.39381307767618196,0.7421767986660935,ETTm2,raw,63648,63744,raw:63648:2,mid,high
3,0.6230118199009462,0.23266953478707558,0.3167348445331452,1.0,0.8725411226487974,3.2215705588524415,0.37026175919163734,0.390805399740389,0.7476009606134782,ETTm2,raw,63648,63744,raw:63648:3,mid,high
4,0.5587441434443263,0.3656906078177885,0.38844126617997626,0.25,0.8716196997066152,3.2215705588524415,0.37026175919163734,0.4376253391473637,0.4972938196327508,ETTm2,raw,63648,63744,raw:63648:4,high,mid
5,0.9999999999175729,0.4637197793303147,0.163242510410217,0.25,0.7488092130506134,3.2215705588524415,0.37026175919163734,0.5423207632193683,0.4563569907474169,ETTm2,raw,63648,63744,raw:63648:5,high,mid
6,0.9657677895211564,0.01910881020582418,0.02496405434935048,0.0,0.4733199007167553,3.2215705588524415,0.37026175919163734,0.3366135513587771,0.2811938866361309,ETTm2,raw,63648,63744,raw:63648:6,mid,low
0,0.5188859449027545,0.4908709533970463,0.4319237636660154,1.0,0.9743609985704209,3.309408446008884,0.384901407026645,0.4805602206552721,0.7864208018656886,ETTm2,raw,63744,63840,raw:63744:0,high,high
1,0.6721359814842347,0.2909471964388019,0.8871064313754942,0.625,0.9452808262723298,3.309408446008884,0.384901407026645,0.6167298697661769,0.6517274110996583,ETTm2,raw,63744,63840,raw:63744:1,high,high
2,0.6577219726482562,0.22550597706471542,0.2137011186048673,1.0,0.9310148210996514,3.309408446008884,0.384901407026645,0.3656430227726129,0.7719720760420987,ETTm2,raw,63744,63840,raw:63744:2,mid,high
3,0.5044843761692868,0.40156569436851064,0.4701773406699148,0.75,0.8990423550138585,3.309408446008884,0.384901407026645,0.4587424704025707,0.6779812540135012,ETTm2,raw,63744,63840,raw:63744:3,high,high
4,0.31422454980992787,0.18598470325092234,0.0795715190549049,0.25,0.823805488369696,3.309408446008884,0.384901407026645,0.19326025737191835,0.4862356317987803,ETTm2,raw,63744,63840,raw:63744:4,low,mid
5,0.9999999961670396,0.32336788505533237,0.10480376180476755,0.125,0.7801332054893417,3.309408446008884,0.384901407026645,0.4760572143423798,0.4300115375053289,ETTm2,raw,63744,63840,raw:63744:5,high,mid
6,0.9594047059999392,0.007904971728677407,0.004498659361667225,0.0,0.5565246329048464,3.309408446008884,0.384901407026645,0.32393611236342795,0.31380867997716383,ETTm2,raw,63744,63840,raw:63744:6,mid,low
0,0.6723688972522465,0.2414975931364671,0.08435366270309973,1.0,0.8847354448639555,2.7084637896255415,0.284743964463017,0.33274005103060444,0.7231598031089908,ETTm2,raw,63936,64032,raw:63936:0,mid,high
1,0.6656994187010831,0.18094738934392637,0.48913558421077313,1.0,0.9759637252270096,2.7084637896255415,0.284743964463017,0.4452607974185942,0.7535692298966756,ETTm2,raw,63936,64032,raw:63936:1,high,high
2,0.8502312620550323,0.21297569366306413,0.027458369354440414,0.875,0.9005416604636387,2.7084637896255415,0.284743964463017,0.3635551083575122,0.6867618749755519,ETTm2,raw,63936,64032,raw:63936:2,mid,high
3,0.8492305028747957,0.19350025269013943,0.08941896501817818,0.625,0.9460055776792193,2.7084637896255415,0.284743964463017,0.37738324019437114,0.6185831807140788,ETTm2,raw,63936,64032,raw:63936:3,mid,high
4,0.8740380587357508,0.22346800217427099,0.08052000184759608,0.375,0.9344764782903441,2.7084637896255415,0.284743964463017,0.39267535425253924,0.5314068142511204,ETTm2,raw,63936,64032,raw:63936:4,mid,mid
5,0.3705060515838263,0.17733137059412146,0.11684750029277159,0.25,0.8708642003290517,2.7084637896255415,0.284743964463017,0.22156164082357313,0.46853605493068956,ETTm2,raw,63936,64032,raw:63936:5,low,mid
6,0.8928890974819704,0.021798887305595205,0.008085316640395128,0.0,0.5419857202558072,2.7084637896255415,0.284743964463017,0.3075911004759869,0.27557656157294136,ETTm2,raw,63936,64032,raw:63936:6,low,low
0,0.7337696812194907,0.22640310077236175,0.0668983772324375,0.75,0.9436188619885708,2.264075049333818,0.21067917453783772,0.3423570530747633,0.6347660121754696,ETTm2,raw,64032,64128,raw:64032:0,mid,high
1,0.6549208206236011,0.2586304269502841,0.25502892629676444,0.5,0.9229854013303527,2.264075049333818,0.21067917453783772,0.38952672462354987,0.5445548586227301,ETTm2,raw,64032,64128,raw:64032:1,mid,mid
2,0.8352266636630653,0.19648757767097258,0.05228614223260584,0.25,0.8655133072541393,2.264075049333818,0.21067917453783772,0.3613334611888812,0.44206416059732573,ETTm2,raw,64032,64128,raw:64032:2,mid,mid
3,0.3598207140341354,0.1301505195346096,0.2269754549165585,0.375,0.8986702665305575,2.264075049333818,0.21067917453783772,0.23898222949510117,0.4947831470227984,ETTm2,raw,64032,64128,raw:64032:3,low,mid
4,0.6738738464172636,0.15883949402559552,0.20908886997656695,0.25,0.8262164782583562,2.264075049333818,0.21067917453783772,0.347267403473142,0.4289652175987313,ETTm2,raw,64032,64128,raw:64032:4,mid,mid
5,0.9999999967934591,0.382286475173123,0.1881002852172168,0.125,0.7938583547188589,2.264075049333818,0.21067917453783772,0.5234622523945996,0.3765125097522322,ETTm2,raw,64032,64128,raw:64032:5,high,mid
6,0.861254288264542,0.034697448820498224,0.013096774145810487,0.0,0.5327142868785805,2.264075049333818,0.21067917453783772,0.30301617041028356,0.24779782047213939,ETTm2,raw,64032,64128,raw:64032:6,low,low
0,0.6359697771472228,0.26677678537395016,0.060828936729940976,1.0,0.8776452994545334,1.5657534257536387,0.09429223746845272,0.32119183308370464,0.6573125123076621,ETTm2,raw,64224,64320,raw:64224:0,low,high
1,0.6120016691944847,0.2259285573782165,0.5885527505665374,0.875,0.9340819367675882,1.5657534257536387,0.09429223746845272,0.47549432571307954,0.6344580580786804,ETTm2,raw,64224,64320,raw:64224:1,high,high
2,0.81339209410045,0.3967547643740691,0.028985039303725108,0.75,0.9775342781690258,1.5657534257536387,0.09429223746845272,0.4130439659260814,0.6072755052124928,ETTm2,raw,64224,64320,raw:64224:2,high,high
3,0.6422491176123898,0.19774738641503392,0.2646575387056427,0.875,0.8999720363237846,1.5657534257536387,0.09429223746845272,0.36821801424435546,0.6230880912640792,ETTm2,raw,64224,64320,raw:64224:3,mid,high
4,0.4461042908608587,0.26201014371050624,0.2846641580052534,1.0,0.8773767103027345,1.5657534257536387,0.09429223746845272,0.3309261975255395,0.6572229825903957,ETTm2,raw,64224,64320,raw:64224:4,mid,high
5,0.9796010683026001,0.15929048743368288,0.19441688582392302,0.0,0.8650632127547,1.5657534257536387,0.09429223746845272,0.4444361471867353,0.31978515007438424,ETTm2,raw,64224,64320,raw:64224:5,high,low
6,0.8053752535484877,0.027941916056784852,0.03903940104377581,0.0,0.46883769825635885,1.5657534257536387,0.09429223746845272,0.2907855235496828,0.1877099785749372,ETTm2,raw,64224,64320,raw:64224:6,low,low
0,0.784703406599326,0.23026220457446633,0.22625424517618578,1.0,0.8929591027457559,2.7137296118918535,0.28562160150593957,0.41373995211665937,0.7261935680838985,ETTm2,raw,64320,64416,raw:64320:0,high,high
1,0.5976349994138144,0.12383733388556015,0.7364699699785991,1.0,0.9176780363969376,2.7137296118918535,0.28562160150593957,0.4859807677593246,0.7344332126342924,ETTm2,raw,64320,64416,raw:64320:1,high,high
2,0.7968618048743544,0.2334905643252277,0.1305097129026157,0.5,0.9113445365985935,2.7137296118918535,0.28562160150593957,0.38695402736739926,0.5656553793681777,ETTm2,raw,64320,64416,raw:64320:2,mid,high
3,0.4937716722093227,0.19495683930993762,0.4355806006629473,0.875,0.888603018841702,2.7137296118918535,0.28562160150593957,0.37476970406073584,0.6830748734492138,ETTm2,raw,64320,64416,raw:64320:3,mid,high
4,0.7271496645499118,0.15574275271270333,0.1525578553410751,0.25,0.8972537200245874,2.7137296118918535,0.28562160150593957,0.3451500908678968,0.4776251071768423,ETTm2,raw,64320,64416,raw:64320:4,mid,mid
5,1.0,0.12225019891752434,0.020195627845574167,0.25,0.7237680140383969,2.7137296118918535,0.28562160150593957,0.3808152755876995,0.4197965385147788,ETTm2,raw,64320,64416,raw:64320:5,mid,mid
6,0.9721420818881478,0.07385697941150149,0.03751798244750861,0.0,0.49622603448066127,2.7137296118918535,0.28562160150593957,0.36117234791571934,0.2606158786622003,ETTm2,raw,64320,64416,raw:64320:6,mid,low
0,0.5645311585846032,0.17772072364406266,0.504425460121201,0.875,0.9184501877192696,1.4815822468135256,0.08026370766848141,0.41555911411662233,0.6245712984625836,ETTm2,raw,64512,64608,raw:64512:0,high,high
1,0.30102687734371814,0.13461903195991218,0.5100046552609979,0.25,0.9372262124962596,1.4815822468135256,0.08026370766848141,0.3152168548548761,0.42249664005491366,ETTm2,raw,64512,64608,raw:64512:1,low,mid
2,0.49499253481677374,0.11240128406008276,0.3355711273215086,1.0,0.8606714932309953,1.4815822468135256,0.08026370766848141,0.3143216487327884,0.6469784002998256,ETTm2,raw,64512,64608,raw:64512:2,low,high
3,0.36396992568390674,0.14463731733834162,0.6041859129791026,0.875,0.915123841026325,1.4815822468135256,0.08026370766848141,0.3709310520004503,0.6234625162316021,ETTm2,raw,64512,64608,raw:64512:3,mid,high
4,0.17914049503853868,0.12354460656501512,0.10477821418025791,0.125,0.8079110853691964,1.4815822468135256,0.08026370766848141,0.13582110526127056,0.33772493101255924,ETTm2,raw,64512,64608,raw:64512:4,low,low
5,0.7040171119611472,0.09209897489801637,1.8843756626898828e-06,0.0,0.5859615159555166,1.4815822468135256,0.08026370766848141,0.26537265707827545,0.22207507454133268,ETTm2,raw,64512,64608,raw:64512:5,low,low
6,0.8588381307709734,0.03939608005797284,0.006076001650966888,0.0,0.5490719385509564,1.4815822468135256,0.08026370766848141,0.30143673749330435,0.2097785487398126,ETTm2,raw,64512,64608,raw:64512:6,low,low
0,0.7555372616245549,0.4205337593717411,0.07001680149358765,1.0,0.9738762722943352,3.253269973059505,0.37554499488400916,0.4153626074966279,0.7831404223927815,ETTm2,raw,64608,64704,raw:64608:0,high,high
1,0.6024258138975701,0.21483951490330344,0.5249110992515811,0.125,0.8115612356158112,3.253269973059505,0.37554499488400916,0.44739214268415156,0.4373687434999401,ETTm2,raw,64608,64704,raw:64608:1,high,mid
2,0.8735608570046428,0.24298287337838753,0.022212719176629307,0.625,0.9686577923299896,3.253269973059505,0.37554499488400916,0.3795854831865532,0.6564009290713329,ETTm2,raw,64608,64704,raw:64608:2,mid,high
3,0.20331224154981542,0.06258728651177017,0.3559735257732611,0.125,0.7488447040374213,3.253269973059505,0.37554499488400916,0.2072910179449489,0.4164632329738101,ETTm2,raw,64608,64704,raw:64608:3,low,mid
4,0.4919220139152728,0.19396682006870644,0.05002088534692818,0.0,0.708831859574558,3.253269973059505,0.37554499488400916,0.24530323977696913,0.36145895148618906,ETTm2,raw,64608,64704,raw:64608:4,low,low
5,1.0,0.1192308684564388,0.008415486979818738,0.125,0.6794707364556949,3.253269973059505,0.37554499488400916,0.37588211847875247,0.39333857711323467,ETTm2,raw,64608,64704,raw:64608:5,mid,mid
6,0.9507933197656208,0.08772137329520789,0.0931776594706473,0.125,0.44704068621031645,3.253269973059505,0.37554499488400916,0.37723078417715866,0.3158618936981085,ETTm2,raw,64608,64704,raw:64608:6,mid,low
0,0.4784372439787843,0.3165655554140798,0.19591549864024585,1.0,0.8918083617814095,3.423802998213817,0.4039671656956909,0.33030609934437,0.7652585091590334,ETTm2,raw,64704,64800,raw:64704:0,mid,high
1,0.25813211446145623,0.21442305682290191,0.45823679735046646,1.0,0.8911587345892567,3.423802998213817,0.4039671656956909,0.31026398954494155,0.7650419667616492,ETTm2,raw,64704,64800,raw:64704:1,low,high
2,0.6601401746726792,0.26318130177974275,0.07113954694408803,0.625,0.9734461195732173,3.423802998213817,0.4039671656956909,0.3314870077988366,0.667471095089636,ETTm2,raw,64704,64800,raw:64704:2,mid,high
3,0.3295615991728643,0.3179744416839144,0.37402178194622654,0.75,0.8574368473527965,3.423802998213817,0.4039671656956909,0.3405192742676684,0.6704680043494958,ETTm2,raw,64704,64800,raw:64704:3,mid,high
4,0.48187434827445996,0.3555992643804914,0.30180561733799843,0.5,0.8867992247998054,3.423802998213817,0.4039671656956909,0.3797597433309832,0.5969221301651654,ETTm2,raw,64704,64800,raw:64704:4,mid,high
5,0.9999999990368984,0.07543840644804939,0.04241691393794912,0.125,0.7286559075112026,3.423802998213817,0.4039671656956909,0.37261843980763226,0.41920769106896455,ETTm2,raw,64704,64800,raw:64704:5,mid,mid
6,0.49010068855928535,0.1624465044181045,0.08416390302037084,0.25,0.5509499492961892,3.423802998213817,0.4039671656956909,0.2455703653325869,0.4016390383306267,ETTm2,raw,64704,64800,raw:64704:6,low,mid
0,0.6207232351712381,0.11298525433508061,0.40072229586975505,0.375,0.8885015546626458,2.046773086988086,0.17446218087391072,0.37814359512535783,0.47932124517885216,ETTm2,raw,64896,64992,raw:64896:0,mid,mid
1,0.40719001406088184,0.4898337633686816,0.4726633054669749,0.25,0.8792112010014714,2.046773086988086,0.17446218087391072,0.4565623609655128,0.43455779395846067,ETTm2,raw,64896,64992,raw:64896:1,high,mid
2,0.6476877074039085,0.10182808872448255,0.5194932064641056,1.0,0.9375320893498467,2.046773086988086,0.17446218087391072,0.4230030008641655,0.7039980900745858,ETTm2,raw,64896,64992,raw:64896:2,high,high
3,0.5204191708946454,0.5107174696103948,0.5033116894378175,0.25,0.8431165265053487,2.046773086988086,0.17446218087391072,0.5114827766476192,0.4225262357930865,ETTm2,raw,64896,64992,raw:64896:3,high,mid
4,0.8716590406447141,0.23989304620184282,0.08788944841595078,0.125,0.9146641883909447,2.046773086988086,0.17446218087391072,0.39981384508750256,0.4047087897549518,ETTm2,raw,64896,64992,raw:64896:4,mid,mid
5,0.9999999925056562,0.21659038168850803,0.5399500892839285,0.0,0.7525160561083954,2.046773086988086,0.17446218087391072,0.5855134878260309,0.30899274566076873,ETTm2,raw,64896,64992,raw:64896:5,high,low
6,0.984407443114077,0.02069744531454123,0.01037548373597596,0.0,0.5118937601978387,2.046773086988086,0.17446218087391072,0.3384934573881981,0.22878531369058316,ETTm2,raw,64896,64992,raw:64896:6,mid,low
0,0.5284189501990968,0.24854902026726775,0.2502541516017275,1.0,0.9219537743896896,2.8313254717856067,0.3052209114555663,0.3424073740226974,0.7423915619484186,ETTm2,raw,64992,65088,raw:64992:0,mid,high
1,0.3621681683058783,0.09026736083299505,0.5146976445575251,0.625,0.8663589303315369,2.8313254717856067,0.3052209114555663,0.32237772456546615,0.5988599472623677,ETTm2,raw,64992,65088,raw:64992:1,low,high
2,0.7180154587156189,0.30266177388331655,0.15819830301494753,0.75,0.9543163254079775,2.8313254717856067,0.3052209114555663,0.3929585118712944,0.6698457456211813,ETTm2,raw,64992,65088,raw:64992:2,mid,high
3,0.5833890572580569,0.12823722491813253,0.46415356806254093,0.5,0.8268908310849665,2.8313254717856067,0.3052209114555663,0.39192661674624346,0.5440372475135109,ETTm2,raw,64992,65088,raw:64992:3,mid,mid
4,0.9979833948481268,0.2674922730715415,0.09123678637896669,0.375,0.9287731535422707,2.8313254717856067,0.3052209114555663,0.4522374847662117,0.536331354999279,ETTm2,raw,64992,65088,raw:64992:4,high,mid
5,1.0,0.09991958246229038,0.05724662817362251,0.125,0.8495351603785425,2.8313254717856067,0.3052209114555663,0.38572207021197097,0.42658535727803626,ETTm2,raw,64992,65088,raw:64992:5,mid,mid
6,0.8577471905592112,0.010898290305489852,0.02029575797622767,0.0,0.5145163300155272,2.8313254717856067,0.3052209114555663,0.29631374628030954,0.27324574715703115,ETTm2,raw,64992,65088,raw:64992:6,low,low
0,0.5989724472239987,0.5039969018031039,0.17252570398322395,1.0,0.875987328358804,2.9528719758905586,0.325478662105962,0.4251650176701089,0.7338219968215887,ETTm2,raw,65184,65280,raw:65184:0,high,high
1,0.6137459205158282,0.1953769917055731,0.31426657162756816,1.0,0.8978586119399697,2.9528719758905586,0.325478662105962,0.37446316128298984,0.7411124246819772,ETTm2,raw,65184,65280,raw:65184:1,mid,high
2,0.854586675125734,0.3545138944690621,0.12097306442247081,0.875,0.9404966348349558,2.9528719758905586,0.325478662105962,0.44335787800575566,0.7136584323136392,ETTm2,raw,65184,65280,raw:65184:2,high,high
3,0.6418774851534192,0.5467093402705407,0.28096339577874635,1.0,0.9389989507519423,2.9528719758905586,0.325478662105962,0.48985007373423545,0.7548258709526348,ETTm2,raw,65184,65280,raw:65184:3,high,high
4,0.5773192640824985,0.2252225973541991,0.07927522035135309,0.25,0.8051299474226729,2.9528719758905586,0.325478662105962,0.29393902726268356,0.4602028698428782,ETTm2,raw,65184,65280,raw:65184:4,low,mid
5,0.7680571179243882,0.11593542955762967,0.03621364896965909,0.25,0.8159822373837962,2.9528719758905586,0.325478662105962,0.30673539881722567,0.4638202998299194,ETTm2,raw,65184,65280,raw:65184:5,low,mid
6,0.9273546812871338,0.04027012321804194,0.08956069567735173,0.125,0.647119855994914,2.9528719758905586,0.325478662105962,0.35239516672750915,0.36586617270029204,ETTm2,raw,65184,65280,raw:65184:6,mid,low
0,0.6694672385780673,0.28368068157283793,0.07801962685939978,0.75,0.9110109067272328,3.6215100711287596,0.43691834445992933,0.34372251567010165,0.6993097503957207,ETTm2,raw,65280,65376,raw:65280:0,mid,high
1,0.630697960618689,0.2704398349372119,0.46539924501985047,0.625,0.989843515532581,3.6215100711287596,0.43691834445992933,0.45551234685858377,0.6839206199975035,ETTm2,raw,65280,65376,raw:65280:1,high,high
2,0.8029052144487286,0.1392251299543036,0.02460146375582041,0.375,0.9345998856239373,3.6215100711287596,0.43691834445992933,0.3222439360529509,0.5821727433612889,ETTm2,raw,65280,65376,raw:65280:2,low,high
3,0.6715007050832684,0.11064884047644637,0.29008907522591293,0.625,0.9193436771284869,3.6215100711287596,0.43691834445992933,0.3574128735952093,0.6604206738628055,ETTm2,raw,65280,65376,raw:65280:3,mid,high
4,0.5706230497460343,0.08186911282177914,0.05327804934968097,0.125,0.8230870095067772,3.6215100711287596,0.43691834445992933,0.23525673730583144,0.4616684513222355,ETTm2,raw,65280,65376,raw:65280:4,low,mid
5,0.9999999999978325,0.1890641631219615,0.0007445778019741123,0.25,0.8949393833883698,3.6215100711287596,0.43691834445992933,0.39660291364058936,0.5272859092827664,ETTm2,raw,65280,65376,raw:65280:5,mid,mid
6,0.7318956391902318,0.01338916303857723,0.06695679491054687,0.125,0.6484566772858062,3.6215100711287596,0.43691834445992933,0.27074719904645195,0.4034583405819119,ETTm2,raw,65280,65376,raw:65280:6,low,mid
0,0.7173678410605474,0.29221199259129155,0.3321464746211198,0.625,0.9633566210759356,3.1377605862276012,0.35629343044411116,0.4472421027576529,0.6482166838400156,ETTm2,raw,65376,65472,raw:65376:0,high,high
1,0.546779959316428,0.2656325558932414,0.5836694484616972,0.875,0.9338397740748838,3.1377605862276012,0.35629343044411116,0.4653606545571222,0.7217110681729983,ETTm2,raw,65376,65472,raw:65376:1,high,high
2,0.678053977878835,0.20802056926535573,0.2684032597326768,0.375,0.9548698481726134,3.1377605862276012,0.35629343044411116,0.3848259356256225,0.5620544262055749,ETTm2,raw,65376,65472,raw:65376:2,mid,high
3,0.5675728181980542,0.1752498813302152,0.4181935979416138,0.75,0.9032642658516854,3.1377605862276012,0.35629343044411116,0.38700543248996105,0.6698525654319322,ETTm2,raw,65376,65472,raw:65376:3,mid,high
4,0.7151852995309171,0.21425510147621576,0.10309704172141865,0.5,0.8808201668686022,3.1377605862276012,0.35629343044411116,0.3441791475761839,0.5790378657709044,ETTm2,raw,65376,65472,raw:65376:4,mid,high
5,0.9999999982113181,0.16909423567829818,0.2597898104822947,0.25,0.9094121726989878,3.1377605862276012,0.35629343044411116,0.4762946814573037,0.5052352010476996,ETTm2,raw,65376,65472,raw:65376:5,high,mid
6,0.9598069693108072,0.006256890199846227,0.009565258944673532,0.0,0.507203812499346,3.1377605862276012,0.35629343044411116,0.32520970615177563,0.2878324143144857,ETTm2,raw,65376,65472,raw:65376:6,mid,low
0,0.8790713664830523,0.1475711936628272,0.15546456073238465,0.5,0.9481664964270052,2.4580319206902024,0.24300531971002487,0.39403570695942136,0.5637239387123434,ETTm2,raw,65568,65664,raw:65568:0,mid,high
1,0.7326274212736354,0.20565698193342352,0.4225119229982279,0.375,0.9146887819924251,2.4580319206902024,0.24300531971002487,0.4535987754017623,0.5108980339008166,ETTm2,raw,65568,65664,raw:65568:1,high,mid
2,0.8361461222934172,0.1729340404848852,0.08271091144595888,0.25,0.8607517452552622,2.4580319206902024,0.24300531971002487,0.3639303580747537,0.451252354988429,ETTm2,raw,65568,65664,raw:65568:2,mid,mid
3,0.5877174697113279,0.0758435480499517,0.3602477678674022,0.25,0.7600137442430235,2.4580319206902024,0.24300531971002487,0.34126959520956063,0.41767302131768275,ETTm2,raw,65568,65664,raw:65568:3,mid,mid
4,0.438857217908724,0.21287957553868916,0.05596316924062057,0.125,0.8001988263905632,2.4580319206902024,0.24300531971002487,0.23589998756267794,0.38940138203352936,ETTm2,raw,65568,65664,raw:65568:4,low,mid
5,0.9930807283104504,0.26221054711428576,0.076628071037747,0.125,0.7896482911259668,2.4580319206902024,0.24300531971002487,0.44397311548749435,0.38588453694533054,ETTm2,raw,65568,65664,raw:65568:5,high,mid
6,0.8895700692853744,0.025918264927210874,0.003976521760046208,0.0,0.528880413811603,2.4580319206902024,0.24300531971002487,0.3064882853242105,0.25729524450720925,ETTm2,raw,65568,65664,raw:65568:6,low,low
0,0.8869880194434023,0.18105798727252526,0.06533400726466483,0.625,0.9568666804534354,2.173347719425486,0.19555795291165107,0.3777933379935308,0.5924748777883622,ETTm2,raw,65664,65760,raw:65664:0,mid,high
1,0.9181573335805743,0.0825236354230217,0.0923227890047582,0.375,0.9295264934868498,2.173347719425486,0.19555795291165107,0.36433458600278473,0.5000281487995003,ETTm2,raw,65664,65760,raw:65664:1,mid,mid
2,0.9435852622351114,0.12663364063368854,0.046158214087431926,0.25,0.8837909502131339,2.173347719425486,0.19555795291165107,0.37212570565207725,0.443116301041595,ETTm2,raw,65664,65760,raw:65664:2,mid,mid
3,0.9315922069602305,0.09029947488936246,0.05178405670501941,0.375,0.7985568932815137,2.173347719425486,0.19555795291165107,0.35789191285153743,0.4563716153977216,ETTm2,raw,65664,65760,raw:65664:3,mid,mid
4,0.9568123581948427,0.1601840670840122,0.9999999996161019,0.0,0.7376515123472338,2.173347719425486,0.19555795291165107,0.7056654749649857,0.31106982175296166,ETTm2,raw,65664,65760,raw:65664:4,high,low
5,0.9999999781718216,0.4135035924491538,0.0,0.125,0.8188249689532658,2.173347719425486,0.19555795291165107,0.4711678568736584,0.37979430728830565,ETTm2,raw,65664,65760,raw:65664:5,high,mid
6,0.9274676021679916,0.009885921577600286,0.04654340036576936,0.0,0.5377193223064651,2.173347719425486,0.19555795291165107,0.32796564137045375,0.24442575840603875,ETTm2,raw,65664,65760,raw:65664:6,mid,low
0,0.6988093710970156,0.18472056229168582,0.10519348022649593,0.125,0.791234781635688,0.9999999900000364,0.0,0.3295744712050658,0.30541159387856265,ETTm2,raw,65856,65952,raw:65856:0,mid,low
1,0.6819602544558355,0.2531661721306758,0.39945121084500895,0.125,0.7628214794355903,0.9999999900000364,0.0,0.44485921247717347,0.29594049314519677,ETTm2,raw,65856,65952,raw:65856:1,high,low
2,0.6415206804321951,0.14759160900620596,0.060606032242666856,0.125,0.6795217003217807,0.9999999900000364,0.0,0.28323944056035594,0.2681739001072602,ETTm2,raw,65856,65952,raw:65856:2,low,low
3,0.44704209581030396,0.1616413915885278,0.21155489739412905,0.0,0.6833422545426068,0.9999999900000364,0.0,0.27341279493098697,0.22778075151420227,ETTm2,raw,65856,65952,raw:65856:3,low,low
4,0.9964129264855427,0.3217165937431521,0.10510151932017851,0.25,0.9071696649806658,0.9999999900000364,0.0,0.47441034651629105,0.38572322166022194,ETTm2,raw,65856,65952,raw:65856:4,high,mid
5,0.9999999984321242,0.15646489978244282,0.0,0.25,0.9363529639752745,0.9999999900000364,0.0,0.3854882994048556,0.3954509879917582,ETTm2,raw,65856,65952,raw:65856:5,mid,mid
6,0.7931834695943096,0.0679487976980857,0.15380243011807268,0.0,0.4176350811372581,0.9999999900000364,0.0,0.33831156580348937,0.13921169371241937,ETTm2,raw,65856,65952,raw:65856:6,mid,low
0,0.6502805424190589,0.48924525506294014,0.14140553732934827,1.0,0.915074785406885,2.1621769364211065,0.1936961557473575,0.42697711160378243,0.7029236470514141,ETTm2,raw,65952,66048,raw:65952:0,high,high
1,0.5955181383833488,0.33650679916867837,0.3546792483822697,1.0,0.8770226100778884,2.1621769364211065,0.1936961557473575,0.42890139531143223,0.6902395886084153,ETTm2,raw,65952,66048,raw:65952:1,high,high
2,0.771276288583526,0.5479234994454054,0.044716389895676355,0.875,0.9818525278878663,2.1621769364211065,0.1936961557473575,0.45463872597486926,0.6835162278784078,ETTm2,raw,65952,66048,raw:65952:2,high,high
3,0.7012516222244691,0.228867501633506,0.2979519166408683,0.75,0.933995406208435,2.1621769364211065,0.1936961557473575,0.40935701349961445,0.6258971873185976,ETTm2,raw,65952,66048,raw:65952:3,high,high
4,0.31883311115512114,0.13166996156791183,0.25166552416236865,0.25,0.9052432605012829,2.1621769364211065,0.1936961557473575,0.23405619896180055,0.4496464720828801,ETTm2,raw,65952,66048,raw:65952:4,low,mid
5,0.9999999704187135,0.5658955701318258,0.48175618093571915,0.625,0.9280622375971354,2.1621769364211065,0.1936961557473575,0.6825505738287528,0.5822527977814976,ETTm2,raw,65952,66048,raw:65952:5,high,high
6,0.541285803186018,0.038670721760800664,0.0372878808480426,0.125,0.4430191501923747,2.1621769364211065,0.1936961557473575,0.20574813526495375,0.25390510197991073,ETTm2,raw,65952,66048,raw:65952:6,low,low
0,0.5499567596857602,0.16258180079675288,0.12311358723106723,0.5,0.9680139470693419,2.8755247734168266,0.31258746171515867,0.2785507159045268,0.5935338029281668,ETTm2,raw,66144,66240,raw:66144:0,low,high
1,0.42260613604132824,0.18477263526166918,0.43570438296173913,0.375,0.9211180428162561,2.8755247734168266,0.31258746171515867,0.34769438475491216,0.5362351681771383,ETTm2,raw,66144,66240,raw:66144:1,mid,mid
2,0.3170332248092156,0.29342380048874883,0.4873970368951413,1.0,0.9228518793291902,2.8755247734168266,0.31258746171515867,0.3659513540643686,0.7451464470147829,ETTm2,raw,66144,66240,raw:66144:2,mid,high
3,0.4678217625966037,0.3237060828046959,0.36334083286083413,0.625,0.9216869475276799,2.8755247734168266,0.31258746171515867,0.38495622608737795,0.6197581364142796,ETTm2,raw,66144,66240,raw:66144:3,mid,high
4,0.3964684945162906,0.08673594335697055,0.10278785047250068,0.0,0.7135185228502867,2.8755247734168266,0.31258746171515867,0.19533076278192063,0.3420353281884818,ETTm2,raw,66144,66240,raw:66144:4,low,low
5,0.6268046001425385,0.14975014352984467,0.21428139019998044,0.125,0.814636908369624,2.8755247734168266,0.31258746171515867,0.3302787112907879,0.4174081233615942,ETTm2,raw,66144,66240,raw:66144:5,mid,mid
6,0.905826204698205,0.03229507343912214,0.06258532230524329,0.125,0.5410760071557196,2.8755247734168266,0.31258746171515867,0.3335688668141901,0.32622115629029275,ETTm2,raw,66144,66240,raw:66144:6,mid,low
0,0.22336304546345764,0.139550923620184,0.09913819654924158,0.0,0.7368162476139208,2.0281371690780006,0.17135619456073978,0.1540173885442944,0.30272414739155357,ETTm2,raw,66240,66336,raw:66240:0,low,low
1,0.3108917490043902,0.21005603519542704,0.19171786707543817,0.125,0.731025771005627,2.0281371690780006,0.17135619456073978,0.23755521709175179,0.34246065518878893,ETTm2,raw,66240,66336,raw:66240:1,low,low
2,0.44153576778203385,0.1642226999896063,0.13833396413903856,0.25,0.8599311875811927,2.0281371690780006,0.17135619456073978,0.2480308106368929,0.42709579404731085,ETTm2,raw,66240,66336,raw:66240:2,low,mid
3,0.3045488394435245,0.31610839600243235,0.20911132530924587,0.25,0.8225500860887476,2.0281371690780006,0.17135619456073978,0.2765895202517343,0.41463542688316246,ETTm2,raw,66240,66336,raw:66240:3,low,mid
4,0.6065206785718418,0.07263253383166643,0.08356754993063027,0.375,0.795627278734539,2.0281371690780006,0.17135619456073978,0.2542402541113795,0.4473278244317596,ETTm2,raw,66240,66336,raw:66240:4,low,mid
5,0.767240422484951,0.5417316978044731,0.116227670024615,0.25,0.8918988227320085,2.0281371690780006,0.17135619456073978,0.47506659677134633,0.4377516724309161,ETTm2,raw,66240,66336,raw:66240:5,high,mid
6,0.9999999998632735,0.0550458405832851,0.306282390529536,0.25,0.6672125965362284,2.0281371690780006,0.17135619456073978,0.45377607699203154,0.3628562636989894,ETTm2,raw,66240,66336,raw:66240:6,high,low
0,0.47579679514321405,0.2337701559410915,0.43501704293826216,1.0,0.9441680322990984,0.9999999900001217,0.0,0.3815279980075226,0.6480560107663661,ETTm2,raw,66336,66432,raw:66336:0,mid,high
1,0.4105135894477191,0.13477844542102158,0.4892717914084715,0.75,0.8555035187387086,0.9999999900001217,0.0,0.3448546087590707,0.5351678395795695,ETTm2,raw,66336,66432,raw:66336:1,mid,mid
2,0.43132450811722445,0.19759415492776689,0.3936176385557053,1.0,0.8489677599819084,0.9999999900001217,0.0,0.34084543386689886,0.6163225866606362,ETTm2,raw,66336,66432,raw:66336:2,mid,high
3,0.6634256746307021,0.10260393721486111,0.47166514387811986,0.375,0.8292659021096291,0.9999999900001217,0.0,0.412564918574561,0.4014219673698764,ETTm2,raw,66336,66432,raw:66336:3,high,mid
4,0.9512525629819119,0.08637195421664028,0.12006937002231532,0.5,0.9444509952648218,0.9999999900001217,0.0,0.38589796240695584,0.48148366508827395,ETTm2,raw,66336,66432,raw:66336:4,mid,mid
5,1.0,0.11844350535957865,0.0,0.25,0.9053125815851581,0.9999999900001217,0.0,0.37281450178652625,0.3851041938617194,ETTm2,raw,66336,66432,raw:66336:5,mid,mid
6,0.866306184760972,0.0017562813634336943,0.005301405630994778,0.0,0.46626636922578263,0.9999999900001217,0.0,0.2911212905851335,0.15542212307526088,ETTm2,raw,66336,66432,raw:66336:6,low,low
0,0.4663310557682454,0.3227971703503735,0.3654732436687751,1.0,0.8784478256406062,3.3944475911920815,0.39907459786688926,0.38486715659579795,0.759174141169165,ETTm2,raw,66528,66624,raw:66528:0,mid,high
1,0.18001040103609045,0.3465666285216247,0.5927666798842643,0.75,0.8970637160329431,3.3944475911920815,0.39907459786688926,0.3731145698139932,0.6820461046332774,ETTm2,raw,66528,66624,raw:66528:1,mid,high
2,0.6965674276677745,0.24041293416143095,0.11878094053321567,1.0,0.9304116092541462,3.3944475911920815,0.39907459786688926,0.35192043412080704,0.7764954023736784,ETTm2,raw,66528,66624,raw:66528:2,mid,high
3,0.38222072279729147,0.3397722433295106,0.44015411290417206,1.0,0.9449089009438125,3.3944475911920815,0.39907459786688926,0.3873823596769914,0.7813278329369006,ETTm2,raw,66528,66624,raw:66528:3,mid,high
4,0.9785119370469016,0.21324526865810323,0.07192422325261205,0.375,0.9306823614238414,3.3944475911920815,0.39907459786688926,0.4212271429858723,0.5682523197635769,ETTm2,raw,66528,66624,raw:66528:4,high,high
5,0.9999999962300622,0.16355469954266416,0.03639452595301419,0.375,0.7129534871174292,3.3944475911920815,0.39907459786688926,0.3999830739085802,0.49567602832810614,ETTm2,raw,66528,66624,raw:66528:5,mid,mid
6,0.9407021508085223,0.09798087187629656,0.19252001993580214,0.0,0.4790628847356886,3.3944475911920815,0.39907459786688926,0.41040101420687364,0.29271249420085926,ETTm2,raw,66528,66624,raw:66528:6,high,low
0,0.4995454019343576,0.2927720668390048,0.13442858810537678,1.0,0.9400793879307695,0.9999999900000278,0.0,0.30891535229291306,0.6466931293102566,ETTm2,raw,66624,66720,raw:66624:0,low,high
1,0.25397244787085893,0.3317128324457521,0.35870019035032924,1.0,0.9120769423645145,0.9999999900000278,0.0,0.31479515688898013,0.6373589807881715,ETTm2,raw,66624,66720,raw:66624:1,low,high
2,0.6507614194390692,0.24200053647717767,0.07177367229170964,0.625,0.9252932305687187,0.9999999900000278,0.0,0.3215118760693188,0.5167644101895729,ETTm2,raw,66624,66720,raw:66624:2,low,mid
3,0.1627662599105727,0.2820053480329011,0.43581472690583306,0.875,0.9562828377787252,0.9999999900000278,0.0,0.29352877828310225,0.6104276125929085,ETTm2,raw,66624,66720,raw:66624:3,low,high
4,0.9868930543202874,0.11287201373844595,0.146212940134925,0.0,0.7906184577346811,0.9999999900000278,0.0,0.4153260027312195,0.26353948591156034,ETTm2,raw,66624,66720,raw:66624:4,high,low
5,1.0,0.05511619495102278,0.0,0.375,0.9214396858882353,0.9999999900000278,0.0,0.3517053983170076,0.43214656196274515,ETTm2,raw,66624,66720,raw:66624:5,mid,mid
6,0.9700375931597568,0.024854835249776067,0.028980398228502933,0.0,0.5646332244185519,0.9999999900000278,0.0,0.3412909422126786,0.18821107480618396,ETTm2,raw,66624,66720,raw:66624:6,mid,low
0,0.7904004788714633,0.22342139319129573,0.3486712265853769,0.625,0.8796827059634628,2.7966921000574727,0.29944868284383097,0.4541643662160453,0.6013771296024312,ETTm2,raw,66816,66912,raw:66816:0,high,high
1,0.7140940713013102,0.30147395062416915,0.4974246860282338,0.75,0.9005872887852321,2.7966921000574727,0.29944868284383097,0.5043309026512377,0.650011990543021,ETTm2,raw,66816,66912,raw:66816:1,high,high
2,0.7540093299947246,0.0811874368490552,0.09088000261808626,0.625,0.9237599764037308,2.7966921000574727,0.29944868284383097,0.30869225648728865,0.6160695530825205,ETTm2,raw,66816,66912,raw:66816:2,low,high
3,0.8086140831168003,0.34980255242783986,0.3485778403474749,0.75,0.9672689305714748,2.7966921000574727,0.29944868284383097,0.5023314919640384,0.6722392044717687,ETTm2,raw,66816,66912,raw:66816:3,high,high
4,0.6051915889516265,0.11530708216027745,0.03642724875837927,0.0,0.5972064883421969,2.7966921000574727,0.29944868284383097,0.25230863995676106,0.2988850570620093,ETTm2,raw,66816,66912,raw:66816:4,low,low
5,0.7586014472277498,0.1459627073749965,0.03556006139851245,0.0,0.7106649080936126,2.7966921000574727,0.29944868284383097,0.31337473866708626,0.33670453031248115,ETTm2,raw,66816,66912,raw:66816:5,low,low
6,0.9165657276726813,0.054187421661754366,0.05805072034066322,0.0,0.5571035529352317,2.7966921000574727,0.29944868284383097,0.342934623225033,0.2855174119263542,ETTm2,raw,66816,66912,raw:66816:6,mid,low
0,0.7873461413857644,0.2661691253594595,0.7505132938071405,0.75,0.974915742849397,2.558588244240892,0.25976470694054077,0.6013428535174548,0.6615601499299792,ETTm2,raw,66912,67008,raw:66912:0,high,high
1,0.37047139622797975,0.2125849457432979,0.807808019706846,0.375,0.8938688522462233,2.558588244240892,0.25976470694054077,0.46362145389270787,0.5095445197289213,ETTm2,raw,66912,67008,raw:66912:1,high,mid
2,0.7754686974702051,0.22975591230997014,0.4903747626099348,0.625,0.9755257409344129,2.558588244240892,0.25976470694054077,0.49853312413003664,0.6200968159583179,ETTm2,raw,66912,67008,raw:66912:2,high,high
3,0.5767019587051998,0.22262529898846956,0.39373933290546437,0.375,0.8869980565691562,2.558588244240892,0.25976470694054077,0.3976888635330446,0.5072542545032324,ETTm2,raw,66912,67008,raw:66912:3,mid,mid
4,0.3643203989316275,0.1244994775585051,0.0336401603114111,0.0,0.6492779341228143,2.558588244240892,0.25976470694054077,0.17415334560051457,0.30301421368778503,ETTm2,raw,66912,67008,raw:66912:4,low,low
5,0.5151986003981168,0.11182078442494076,0.13333672956570175,0.0,0.7501953449987535,2.558588244240892,0.25976470694054077,0.25345203812958644,0.33665335064643137,ETTm2,raw,66912,67008,raw:66912:5,low,low
6,0.7709859185233802,0.019830965337328907,0.013870611779386064,0.0,0.5587705546286599,2.558588244240892,0.25976470694054077,0.26822916521336504,0.27284508718973355,ETTm2,raw,66912,67008,raw:66912:6,low,low
0,0.6746234862168997,0.27865392141823003,0.0780828918896724,1.0,0.9663203698504464,0.9999999900000159,0.0,0.3437867665082674,0.6554401232834821,ETTm2,raw,67008,67104,raw:67008:0,mid,high
1,0.6246937143680027,0.1536893258224339,0.28532091262953035,1.0,0.9348294488387442,0.9999999900000159,0.0,0.3545679842733223,0.6449431496129147,ETTm2,raw,67008,67104,raw:67008:1,mid,high
2,0.7228049436059834,0.10645942538811068,0.015963096310740693,0.5,0.9572993046731215,0.9999999900000159,0.0,0.2817424884349449,0.4857664348910405,ETTm2,raw,67008,67104,raw:67008:2,low,mid
3,0.7029903911761637,0.2976312967890319,0.23390194409003426,0.875,0.9616794751788571,0.9999999900000159,0.0,0.4115078773517433,0.6122264917262857,ETTm2,raw,67008,67104,raw:67008:3,high,high
4,0.9488331554557984,0.08982069769926589,0.0497964328788072,0.0,0.8430306281756138,0.9999999900000159,0.0,0.3628167620112905,0.28101020939187127,ETTm2,raw,67008,67104,raw:67008:4,mid,low
5,0.9999999973161392,0.08127114781511074,0.0,0.125,0.8492730141187533,0.9999999900000159,0.0,0.36042371504375,0.3247576713729178,ETTm2,raw,67008,67104,raw:67008:5,mid,low
6,0.9129677794085409,0.043247142001723124,0.0003071677423938015,0.0,0.5973229935756138,0.9999999900000159,0.0,0.31884069638421925,0.1991076645252046,ETTm2,raw,67008,67104,raw:67008:6,low,low
0,0.7788780657868541,0.2814843829850846,0.12442206175572645,0.75,0.9093474507648251,1.6601504402191456,0.11002507318648248,0.3949281701758884,0.5897908413171026,ETTm2,raw,67200,67296,raw:67200:0,mid,high
1,0.5975166346402283,0.21676863386867412,0.04323406391041833,0.375,0.8089089290129419,1.6601504402191456,0.11002507318648248,0.2858397774731069,0.43131133406647476,ETTm2,raw,67200,67296,raw:67200:1,low,mid
2,0.7855768165425789,0.16478775615896812,0.15507240590965687,0.5,0.9425664618203249,1.6601504402191456,0.11002507318648248,0.3684789928704013,0.5175305116689358,ETTm2,raw,67200,67296,raw:67200:2,mid,mid
3,0.6096543006384122,0.1004064289067953,0.08855707647660724,0.375,0.7980690519107636,1.6601504402191456,0.11002507318648248,0.26620593534060494,0.42769804169908204,ETTm2,raw,67200,67296,raw:67200:3,low,mid
4,0.41205639742938416,0.21488186560730263,0.4484124241791974,0.0,0.8035331854779424,1.6601504402191456,0.11002507318648248,0.3584502290719614,0.30451941955480827,ETTm2,raw,67200,67296,raw:67200:4,mid,low
5,0.9999999813012606,0.02876935242152007,1.0161859534794017e-30,0.125,0.5214595408138321,1.6601504402191456,0.11002507318648248,0.34292311124092684,0.2521615380001048,ETTm2,raw,67200,67296,raw:67200:5,mid,low
6,0.9035341888153141,0.019831441433994002,0.033727602752051354,0.0,0.5032925214168718,1.6601504402191456,0.11002507318648248,0.3190310776671198,0.20443919820111808,ETTm2,raw,67200,67296,raw:67200:6,low,low
0,0.7462330054430032,0.2021593111550965,0.6274843489043431,0.875,0.9633147249066787,0.9999999900000216,0.0,0.5252922218341476,0.6127715749688929,ETTm2,raw,67296,67392,raw:67296:0,high,high
1,0.4226304927939635,0.1906350823322562,0.5738823992605246,0.5,0.8587088955413786,0.9999999900000216,0.0,0.3957159914622481,0.4529029651804595,ETTm2,raw,67296,67392,raw:67296:1,mid,mid
2,0.9260517741292739,0.1435620854714143,0.4245283417753107,0.75,0.9469270456344506,0.9999999900000216,0.0,0.4980474004586663,0.5656423485448169,ETTm2,raw,67296,67392,raw:67296:2,high,high
3,0.46268020951856337,0.213818737130413,0.4027881500791306,0.75,0.9425891294716827,0.9999999900000216,0.0,0.35976236557603564,0.5641963764905609,ETTm2,raw,67296,67392,raw:67296:3,mid,high
4,0.6764789872756132,0.07209001119774913,0.044037887362733584,0.0,0.6833617487097646,0.9999999900000216,0.0,0.26420229527869865,0.22778724956992155,ETTm2,raw,67296,67392,raw:67296:4,low,low
5,0.9999999996085943,0.1677479836940589,0.0,0.125,0.750881973544763,0.9999999900000216,0.0,0.38924932776755106,0.29196065784825437,ETTm2,raw,67296,67392,raw:67296:5,mid,low
6,0.7650291776545679,0.06959273577421854,0.08308078090763475,0.0,0.5433608547764971,0.9999999900000216,0.0,0.3059008981121404,0.18112028492549903,ETTm2,raw,67296,67392,raw:67296:6,low,low
0,0.6583158402736834,0.23772874846696668,0.4868616974493895,0.375,0.9147584735545652,0.9999999900000399,0.0,0.4609687620633465,0.4299194911848551,ETTm2,raw,67488,67584,raw:67488:0,high,mid
1,0.12388054318718689,0.36678216978840605,0.28354611588556694,0.5,0.8902451636036787,0.9999999900000399,0.0,0.25806960962038666,0.4634150545345596,ETTm2,raw,67488,67584,raw:67488:1,low,mid
2,0.708348122409738,0.32152852620796335,0.6612663475294512,1.0,0.9699744333305397,0.9999999900000399,0.0,0.5637143320490509,0.6566581444435132,ETTm2,raw,67488,67584,raw:67488:2,high,high
3,0.4111766917943127,0.26183824919607823,0.48768330013570327,1.0,0.9404260850946965,0.9999999900000399,0.0,0.38689941370869807,0.6468086950315656,ETTm2,raw,67488,67584,raw:67488:3,mid,high
4,0.1763219888562746,0.17291968514778164,0.2130979814239162,0.375,0.8485795445732053,0.9999999900000399,0.0,0.18744655180932415,0.4078598481910684,ETTm2,raw,67488,67584,raw:67488:4,low,mid
5,0.9999999999999519,0.15502356699577075,0.0,0.25,0.8499896331567708,0.9999999900000399,0.0,0.38500785566524093,0.36666321105225697,ETTm2,raw,67488,67584,raw:67488:5,mid,low
6,0.8887866919304439,0.004305848452888228,0.007722846476426022,0.0,0.5068381745646385,0.9999999900000399,0.0,0.3002717956199194,0.16894605818821284,ETTm2,raw,67488,67584,raw:67488:6,low,low
0,0.6533121187756176,0.3058002335230612,0.04520791710793565,0.0,0.5381932031174813,1.4262653967451626,0.07104423267245338,0.33477342313553815,0.20307914526331158,ETTm2,raw,67584,67680,raw:67584:0,mid,low
1,0.5318978335152332,0.1672723031077985,0.15588518100319668,0.0,0.6549595214802079,1.4262653967451626,0.07104423267245338,0.2850184392087428,0.24200125138422043,ETTm2,raw,67584,67680,raw:67584:1,low,low
2,0.702172831752286,0.3395289809856431,0.005453951478575954,0.0,0.5750074512838476,1.4262653967451626,0.07104423267245338,0.3490519214055017,0.21535056131876698,ETTm2,raw,67584,67680,raw:67584:2,mid,low
3,0.4564816286057414,0.08738044703210732,0.047709941020903944,0.0,0.5154551146289054,1.4262653967451626,0.07104423267245338,0.19719067221958422,0.19549978243378627,ETTm2,raw,67584,67680,raw:67584:3,low,low
4,0.9348892021767593,0.22153752124241005,0.07705567433415882,0.125,0.8094644956896216,1.4262653967451626,0.07104423267245338,0.41116079925110943,0.33516957612069165,ETTm2,raw,67584,67680,raw:67584:4,high,low
5,0.9987220732960245,0.1787394972815613,1.0094454115836816e-05,0.625,0.9620493564340167,1.4262653967451626,0.07104423267245338,0.39249055501056723,0.5526978630354901,ETTm2,raw,67584,67680,raw:67584:5,mid,mid
6,0.8381146766717741,0.005034885007766533,0.09763808339355781,0.0,0.47330983352395134,1.4262653967451626,0.07104423267245338,0.3135958816910328,0.18145135539880156,ETTm2,raw,67584,67680,raw:67584:6,low,low
0,0.8449816589896868,0.20512683389419642,0.03050709931032087,0.25,0.9571041319116499,0.9999999900000344,0.0,0.36020519739806806,0.4023680439705499,ETTm2,raw,67776,67872,raw:67776:0,mid,mid
1,0.753537577157847,0.1559356960508651,0.20774455551490484,0.5,0.8901141069666025,0.9999999900000344,0.0,0.3724059429078723,0.4633713689888675,ETTm2,raw,67776,67872,raw:67776:1,mid,mid
2,0.7690411548825016,0.14067099333986885,0.026784406322667178,0.0,0.8484535541464355,0.9999999900000344,0.0,0.3121655181816792,0.28281785138214516,ETTm2,raw,67776,67872,raw:67776:2,low,low
3,0.75055364122825,0.19264197253294255,0.32743400276157497,0.25,0.8426954917642672,0.9999999900000344,0.0,0.42354320550758917,0.364231830588089,ETTm2,raw,67776,67872,raw:67776:3,high,low
4,0.9758401873795042,0.2663058505344378,0.9842964218202237,0.25,0.8315675458229782,0.9999999900000344,0.0,0.7421474865780553,0.36052251527432605,ETTm2,raw,67776,67872,raw:67776:4,high,low
5,0.0,0.3152195199468577,0.0,0.0,0.777469316858298,0.9999999900000344,0.0,0.10507317331561923,0.259156438952766,ETTm2,raw,67776,67872,raw:67776:5,low,low
6,0.9363268435683871,0.008784803886528698,0.0063351464851453924,0.0,0.48902821121768114,0.9999999900000344,0.0,0.31714893131335375,0.16300940373922704,ETTm2,raw,67776,67872,raw:67776:6,low,low
0,0.7078212963682329,0.08219109645126232,0.38282642590725924,0.875,0.9376970397292864,0.9999999900003042,0.0,0.39094627290891815,0.6042323465764289,ETTm2,raw,67872,67968,raw:67872:0,mid,high
1,0.5930014052527021,0.2698038481735784,0.4601381291727738,0.5,0.8417540158013206,0.9999999900003042,0.0,0.44098112753301805,0.4472513386004402,ETTm2,raw,67872,67968,raw:67872:1,high,mid
2,0.5723668939871281,0.2710292938768791,0.18841917510257433,0.75,0.9127572258282058,0.9999999900003042,0.0,0.3439384543221939,0.554252408609402,ETTm2,raw,67872,67968,raw:67872:2,mid,mid
3,0.5433020398847426,0.23996342142671034,0.4081481477593661,0.625,0.9204976379733866,0.9999999900003042,0.0,0.397137869690273,0.5151658793244622,ETTm2,raw,67872,67968,raw:67872:3,mid,mid
4,0.9320398440658724,0.1440038850080634,0.27439502309202796,0.25,0.8539551957047492,0.9999999900003042,0.0,0.45014625072198794,0.3679850652349164,ETTm2,raw,67872,67968,raw:67872:4,high,mid
5,0.0,0.2934226471023237,0.0,0.0,0.9333771433210135,0.9999999900003042,0.0,0.09780754903410789,0.3111257144403378,ETTm2,raw,67872,67968,raw:67872:5,low,low
6,0.7643982681566008,0.039042866631194106,0.13868167531307657,0.0,0.5135337871574406,0.9999999900003042,0.0,0.31404093670029054,0.1711779290524802,ETTm2,raw,67872,67968,raw:67872:6,low,low
0,0.34976561655199223,0.260019783591793,0.5071572587143056,1.0,0.9812925200898527,0.999999990000078,0.0,0.3723142196193636,0.6604308400299509,ETTm2,raw,67968,68064,raw:67968:0,mid,high
1,0.33111395781066655,0.22775440073097475,0.5410211356773471,1.0,0.9485226138910937,0.999999990000078,0.0,0.3666298314063295,0.6495075379636979,ETTm2,raw,67968,68064,raw:67968:1,mid,high
2,0.6611203671972559,0.5973219533418158,0.07512809094897345,0.75,0.9713145617220164,0.999999990000078,0.0,0.4445234704960151,0.5737715205740055,ETTm2,raw,67968,68064,raw:67968:2,high,high
3,0.49763515022180116,0.27797232066019295,0.23289564322885464,1.0,0.9187220634887664,0.999999990000078,0.0,0.33616770470361623,0.6395740211629222,ETTm2,raw,67968,68064,raw:67968:3,mid,high
4,0.6713479126836636,0.12765712148643454,0.209046026222638,0.125,0.7745610599934238,0.999999990000078,0.0,0.336017020130912,0.2998536866644746,ETTm2,raw,67968,68064,raw:67968:4,mid,low
5,0.9999996876375248,0.3520802464080519,0.0,1.0,0.9447973057104955,0.999999990000078,0.0,0.4506933113485256,0.6482657685701652,ETTm2,raw,67968,68064,raw:67968:5,high,high
6,0.9074129605166108,0.21444345315681856,0.0029539565363818246,0.125,0.4524933634876036,0.999999990000078,0.0,0.37493679006993713,0.1924977878292012,ETTm2,raw,67968,68064,raw:67968:6,mid,low
0,0.7321187960612494,0.18819441461154424,0.12226644950266197,1.0,0.9599080123260042,0.9999999900000229,0.0,0.34752655339181854,0.6533026707753348,ETTm2,raw,68160,68256,raw:68160:0,mid,high
1,0.5748586011151435,0.3147058989878183,0.20608678174520714,0.875,0.8815494933245132,0.9999999900000229,0.0,0.36521709394938967,0.5855164977748377,ETTm2,raw,68160,68256,raw:68160:1,mid,high
2,0.7805899207844964,0.18541012614142705,0.05030642668528312,0.75,0.9881565479540149,0.9999999900000229,0.0,0.33876882453706886,0.5793855159846716,ETTm2,raw,68160,68256,raw:68160:2,mid,high
3,0.5954834729836491,0.41188847884530694,0.22785533696358187,0.625,0.9315149471658811,0.9999999900000229,0.0,0.41174242959751267,0.5188383157219604,ETTm2,raw,68160,68256,raw:68160:3,high,mid
4,0.9165261319426055,0.1420912501565959,0.17580289642720676,0.25,0.8824258585971104,0.9999999900000229,0.0,0.41147342617546934,0.37747528619903675,ETTm2,raw,68160,68256,raw:68160:4,high,mid
5,0.9999999999999999,0.12777642228048788,0.0,0.25,0.784274891057772,0.9999999900000229,0.0,0.3759254740934959,0.3447582970192573,ETTm2,raw,68160,68256,raw:68160:5,mid,low
6,0.9362137378104238,0.009573865279915451,0.0037688939499315125,0.0,0.5070596655095183,0.9999999900000229,0.0,0.31651883234675693,0.16901988850317276,ETTm2,raw,68160,68256,raw:68160:6,low,low
0,0.9091235928746546,0.19538201585292156,0.08414811386709348,0.5,0.9558744676148604,0.9999999900000095,0.0,0.39621790753155656,0.4852914892049534,ETTm2,raw,68256,68352,raw:68256:0,mid,mid
1,0.7980112033857717,0.5244108139629855,0.34015033401434747,0.625,0.781779127502706,0.9999999900000095,0.0,0.5541907837877015,0.4689263758342353,ETTm2,raw,68256,68352,raw:68256:1,high,mid
2,0.8171282932907892,0.14139457201257039,0.05974324247586222,0.125,0.8510659578436083,0.9999999900000095,0.0,0.33942203592640724,0.32535531928120276,ETTm2,raw,68256,68352,raw:68256:2,mid,low
3,0.5380736481000079,0.7130148193718817,0.2643242755193734,0.375,0.8799687461508415,0.9999999900000095,0.0,0.5051375809970876,0.4183229153836138,ETTm2,raw,68256,68352,raw:68256:3,high,mid
4,0.5954975307168979,0.17920024942316987,0.1821171895845572,0.125,0.7967490181373446,0.9999999900000095,0.0,0.3189383232415417,0.3072496727124482,ETTm2,raw,68256,68352,raw:68256:4,low,low
5,0.9999999999565113,0.10328162132915789,0.0,0.125,0.7530459618784111,0.9999999900000095,0.0,0.36776054042855644,0.2926819872928037,ETTm2,raw,68256,68352,raw:68256:5,mid,low
6,0.9277724994646299,0.010128826618637784,0.0027780835779115565,0.0,0.5175589397454472,0.9999999900000095,0.0,0.31355980322039306,0.17251964658181573,ETTm2,raw,68256,68352,raw:68256:6,low,low
0,0.7188506898285131,0.13064333787762966,0.6505576302746345,0.125,0.8279440106289611,0.9999999900000177,0.0,0.5000172193269258,0.317648003542987,ETTm2,raw,68448,68544,raw:68448:0,high,low
1,0.2704793125288938,0.35739337803727655,0.593393474026864,0.5,0.9286440262971469,0.9999999900000177,0.0,0.40708872153101144,0.47621467543238233,ETTm2,raw,68448,68544,raw:68448:1,high,mid
2,0.7124099254775809,0.21877659973918612,0.4436682351865463,0.5,0.9321912208311492,0.9999999900000177,0.0,0.4582849201344377,0.47739707361038314,ETTm2,raw,68448,68544,raw:68448:2,high,mid
3,0.3674910903141424,0.2807918548061852,0.6106452092890993,0.875,0.8118674426285472,0.9999999900000177,0.0,0.41964271813647563,0.562289147542849,ETTm2,raw,68448,68544,raw:68448:3,high,high
4,0.4631033581133114,0.11935705058344596,0.07244924047085595,0.0,0.6812795501707756,0.9999999900000177,0.0,0.21830321638920444,0.22709318339025852,ETTm2,raw,68448,68544,raw:68448:4,low,low
5,0.9999999770935996,0.31413287063972706,0.0,0.25,0.8167995919120163,0.9999999900000177,0.0,0.4380442825777755,0.3555998639706721,ETTm2,raw,68448,68544,raw:68448:5,high,low
6,0.8591582986844186,0.00915543728885965,0.0012584429319035986,0.0,0.47877868030600645,0.9999999900000177,0.0,0.28985739296839397,0.15959289343533548,ETTm2,raw,68448,68544,raw:68448:6,low,low
0,0.6884829203018414,0.3426793609443074,0.031635431073354515,0.25,0.8293895242188062,0.9999999900000194,0.0,0.35426590410650105,0.35979650807293534,ETTm2,raw,68544,68640,raw:68544:0,mid,low
1,0.6242611942271787,0.18365303289916274,0.10163455273071163,0.5,0.8519929893746547,0.9999999900000194,0.0,0.30318292661901775,0.4506643297915516,ETTm2,raw,68544,68640,raw:68544:1,low,mid
2,0.7536532239246772,0.3390154546682692,0.018165399273257773,0.25,0.8841593424541132,0.9999999900000194,0.0,0.37027802595540144,0.37805311415137105,ETTm2,raw,68544,68640,raw:68544:2,mid,mid
3,0.7655833949086307,0.21805157253152924,0.20288241919634953,0.375,0.9048770798283473,0.9999999900000194,0.0,0.3955057955455031,0.4266256932761158,ETTm2,raw,68544,68640,raw:68544:3,mid,mid
4,0.9274041719246203,0.14946150950754783,0.40361103658860603,0.0,0.6205437109544226,0.9999999900000194,0.0,0.4934922393402581,0.2068479036514742,ETTm2,raw,68544,68640,raw:68544:4,high,low
5,0.0,0.10807875689575183,0.0,0.0,0.734603780541716,0.9999999900000194,0.0,0.036026252298583944,0.24486792684723868,ETTm2,raw,68544,68640,raw:68544:5,low,low
6,0.8146313216450274,0.03481217295627376,0.012502748176910944,0.0,0.5432015789282821,0.9999999900000194,0.0,0.28731541425940404,0.18106719297609405,ETTm2,raw,68544,68640,raw:68544:6,low,low
0,0.4898919461732889,0.20129734197606874,0.3770616048612883,0.375,0.6898548910027793,2.7041156055085334,0.28401926711139014,0.3560836310035487,0.4496247193713898,ETTm2,raw,68640,68736,raw:68640:0,mid,mid
1,0.494919318567264,0.2929707578265779,0.5339041294026954,0.25,0.6761039983378262,2.7041156055085334,0.28401926711139014,0.44059806859884576,0.4033744218164054,ETTm2,raw,68640,68736,raw:68640:1,high,mid
2,0.5661389661582341,0.16099225269560719,0.1936373290023818,0.25,0.7324336635541167,2.7041156055085334,0.28401926711139014,0.3069228492854077,0.4221509768885023,ETTm2,raw,68640,68736,raw:68640:2,low,mid
3,0.6739803753760094,0.40587519325164473,0.5721251706798516,0.25,0.7614041987531247,2.7041156055085334,0.28401926711139014,0.5506602464358352,0.4318078219548383,ETTm2,raw,68640,68736,raw:68640:3,high,mid
4,0.6161325056897727,0.09604499635443763,0.09566538651012771,0.25,0.8424787918341504,2.7041156055085334,0.28401926711139014,0.26928096285144604,0.4588326863151802,ETTm2,raw,68640,68736,raw:68640:4,low,mid
5,0.9331656036155703,0.2036716506130696,0.07442867285053643,0.125,0.8277255844858872,2.7041156055085334,0.28401926711139014,0.4037553090263921,0.4122482838657591,ETTm2,raw,68640,68736,raw:68640:5,mid,mid
6,0.7050873548331604,0.022609572790368973,0.029080092310474905,0.0,0.5517516847817799,2.7041156055085334,0.28401926711139014,0.2522590066446681,0.2785903172977234,ETTm2,raw,68640,68736,raw:68640:6,low,low
0,0.5807717050585097,0.25174699907902043,0.43906041557393466,0.625,0.8742526917122471,0.9999999900000176,0.0,0.42385970657048827,0.49975089723741567,ETTm2,raw,68832,68928,raw:68832:0,high,mid
1,0.49047909132793144,0.48122929491915345,0.28452301484541,0.625,0.9736206521288907,0.9999999900000176,0.0,0.418743800364165,0.5328735507096303,ETTm2,raw,68832,68928,raw:68832:1,high,mid
2,0.6953467218788145,0.31280398671597653,0.3071539199517158,0.625,0.868485143896813,0.9999999900000176,0.0,0.43843487618216886,0.49782838129893764,ETTm2,raw,68832,68928,raw:68832:2,high,mid
3,0.35750096119590646,0.3651471942224419,0.4581372818652429,0.875,0.8822071695007241,0.9999999900000176,0.0,0.3935951457611971,0.585735723166908,ETTm2,raw,68832,68928,raw:68832:3,mid,high
4,0.9966406203526301,0.11577456988035978,0.06544216356667487,0.125,0.7868693625011811,0.9999999900000176,0.0,0.39261911793322163,0.30395645416706035,ETTm2,raw,68832,68928,raw:68832:4,mid,low
5,0.9999999999977937,0.11712029797918955,0.0,0.125,0.8406528842247093,0.9999999900000176,0.0,0.3723734326589944,0.32188429474156977,ETTm2,raw,68832,68928,raw:68832:5,mid,low
6,0.8815907426032507,0.021022975180470582,0.018976293245044067,0.0,0.5601793024766831,0.9999999900000176,0.0,0.30719667034292175,0.18672643415889437,ETTm2,raw,68832,68928,raw:68832:6,low,low
0,0.807204029939833,0.1304618755892918,0.38645481756840194,0.5,0.7842240693665002,0.9999999900000937,0.0,0.44137357436584224,0.4280746897888334,ETTm2,raw,68928,69024,raw:68928:0,high,mid
1,0.759271945649626,0.24071143583666094,0.4124529500129465,0.375,0.7987333668992475,0.9999999900000937,0.0,0.4708121104997445,0.39124445563308247,ETTm2,raw,68928,69024,raw:68928:1,high,mid
2,0.714421588526936,0.1287459564105199,0.40999584363196917,0.5,0.8667849509229152,0.9999999900000937,0.0,0.4177211295231417,0.4555949836409717,ETTm2,raw,68928,69024,raw:68928:2,high,mid
3,0.608141145988937,0.21088188272958874,0.3573202124080857,0.375,0.856195816743293,0.9999999900000937,0.0,0.3921144137088705,0.4103986055810977,ETTm2,raw,68928,69024,raw:68928:3,mid,mid
4,0.6049388479873842,0.3503283603365699,0.0,0.375,0.9139487746742861,0.9999999900000937,0.0,0.31842240277465134,0.42964959155809535,ETTm2,raw,68928,69024,raw:68928:4,low,mid
5,0.0,0.06296567131195815,0.0,0.0,0.8823516761071298,0.9999999900000937,0.0,0.02098855710398605,0.2941172253690433,ETTm2,raw,68928,69024,raw:68928:5,low,low
6,0.8722023169141392,0.07087494149248381,0.043859279339355885,0.0,0.4449457527419099,0.9999999900000937,0.0,0.3289788459153263,0.14831525091396996,ETTm2,raw,68928,69024,raw:68928:6,mid,low
0,0.7950738301794174,0.2816917035504337,0.07056706506691425,1.0,0.9610266877829505,2.4735217796839115,0.24558696287134033,0.3824441995989218,0.7355378835514302,ETTm2,raw,69120,69216,raw:69120:0,mid,high
1,0.7825498272053277,0.16235485406717218,0.2727875954266139,0.5,0.9272626850953711,2.4735217796839115,0.24558696287134033,0.40589742556637126,0.5576165493222371,ETTm2,raw,69120,69216,raw:69120:1,mid,mid
2,0.8773277219607122,0.23229264705645475,0.0408974868038992,0.375,0.9360415179356109,2.4735217796839115,0.24558696287134033,0.38350595194035536,0.5188761602689836,ETTm2,raw,69120,69216,raw:69120:2,mid,mid
3,0.77561650861185,0.20476509333212428,0.20275251430590907,0.625,0.9440171447606459,2.4735217796839115,0.24558696287134033,0.39437803874996114,0.6048680358773287,ETTm2,raw,69120,69216,raw:69120:3,mid,high
4,0.20337984926864483,0.0752240186750135,0.0037629209815513145,0.0,0.47564909070815853,2.4735217796839115,0.24558696287134033,0.09412226297506987,0.24041201785983293,ETTm2,raw,69120,69216,raw:69120:4,low,low
5,0.9999999999988904,0.09450698118038157,0.006014782704428095,0.125,0.5804552775774977,2.4735217796839115,0.24558696287134033,0.36684058796123337,0.3170140801496127,ETTm2,raw,69120,69216,raw:69120:5,mid,low
6,0.8378342648596684,0.024044949843330908,0.0611854598124796,0.0,0.5560923324256019,2.4735217796839115,0.24558696287134033,0.30768822483849295,0.26722643176564737,ETTm2,raw,69120,69216,raw:69120:6,low,low
0,0.3819105570588609,0.0965208777321033,0.22930999472132182,0.5,0.9411711368853916,3.3773829142430443,0.3962304850467899,0.23591380983742868,0.6124672073107272,ETTm2,raw,69216,69312,raw:69216:0,low,high
1,0.6968529885536597,0.17257166596797247,0.2787133377569066,0.75,0.9777561732735536,3.3773829142430443,0.3962304850467899,0.38271266409284627,0.7079955527734478,ETTm2,raw,69216,69312,raw:69216:1,mid,high
2,0.7140761078612448,0.15985040781844076,0.1426617868853507,1.0,0.925911783335447,3.3773829142430443,0.3962304850467899,0.3388627675216787,0.7740474227940789,ETTm2,raw,69216,69312,raw:69216:2,mid,high
3,0.48570997672546834,0.3412920798712682,0.3291055352157547,1.0,0.9529414695705933,3.3773829142430443,0.3962304850467899,0.3853691972708304,0.7830573182057945,ETTm2,raw,69216,69312,raw:69216:3,mid,high
4,0.4757166170739544,0.11366772992576457,0.07563188182273724,0.25,0.7894731917984642,3.3773829142430443,0.3962304850467899,0.22167207627415209,0.4785678922817514,ETTm2,raw,69216,69312,raw:69216:4,low,mid
5,0.6285656264585142,0.18752227299300037,0.0,0.5,0.9189559273448823,3.3773829142430443,0.3962304850467899,0.27202929981717155,0.6050621374638907,ETTm2,raw,69216,69312,raw:69216:5,low,high
6,0.9794700628234189,0.044193814170708494,0.020801407770382162,0.0,0.32927531007714195,3.3773829142430443,0.3962304850467899,0.34815509492150315,0.24183526504131062,ETTm2,raw,69216,69312,raw:69216:6,mid,low
0,0.7589731625482887,0.3365781529849966,0.13212946186412006,0.625,0.909093946231713,2.768964909785403,0.2948274844728547,0.40922692579913506,0.6096404769015226,ETTm2,raw,69408,69504,raw:69408:0,high,high
1,0.7764396985898526,0.16278296950440707,0.28592650189309465,0.625,0.8788210674419836,2.768964909785403,0.2948274844728547,0.4083830566624515,0.5995495173049461,ETTm2,raw,69408,69504,raw:69408:1,high,high
2,0.7241484244098532,0.2531363902804559,0.06134037731296579,0.5,0.9276985962209223,2.768964909785403,0.2948274844728547,0.34620839733442493,0.574175360231259,ETTm2,raw,69408,69504,raw:69408:2,mid,high
3,0.886143143097514,0.18796642076251027,0.1397613706806117,0.5,0.9028201486541321,2.768964909785403,0.2948274844728547,0.4046236448468787,0.5658825443756622,ETTm2,raw,69408,69504,raw:69408:3,mid,high
4,0.43550216218191673,0.038332347555954355,0.15111314999133788,0.0,0.7961085869950963,2.768964909785403,0.2948274844728547,0.208315886576403,0.3636453571559837,ETTm2,raw,69408,69504,raw:69408:4,low,low
5,0.19418891145819916,0.15888132516912246,0.07106310399001235,0.0,0.7037504760118636,2.768964909785403,0.2948274844728547,0.141377780205778,0.33285932016157277,ETTm2,raw,69408,69504,raw:69408:5,low,low
6,0.893127702227796,0.06769126995091149,0.0024440870638177347,0.0,0.5133809541216956,2.768964909785403,0.2948274844728547,0.32108768641417507,0.26940281286485007,ETTm2,raw,69408,69504,raw:69408:6,low,low
0,0.7979734358433835,0.44623147549902187,0.18196281995604344,0.625,0.9217522917953271,3.1422606069045633,0.3570434338890215,0.4753892437661496,0.6345985752281162,ETTm2,raw,69504,69600,raw:69504:0,high,high
1,0.5951104808268235,0.24781479566525863,0.40756039181085524,0.5,0.8902806054323636,3.1422606069045633,0.3570434338890215,0.4168285561009791,0.5824413464404617,ETTm2,raw,69504,69600,raw:69504:1,high,high
2,0.8066710695722968,0.5640327573864165,0.12132745189816434,0.875,0.9368263459831331,3.1422606069045633,0.3570434338890215,0.4973437596189592,0.7229565932907183,ETTm2,raw,69504,69600,raw:69504:2,high,high
3,0.3926239406439067,0.15110497250370905,0.3394104683738884,0.5,0.8387319529322664,3.1422606069045633,0.3570434338890215,0.29437979384050134,0.5652584622737628,ETTm2,raw,69504,69600,raw:69504:3,low,high
4,0.9426424030748803,0.19840193304606177,0.11679775417331381,0.125,0.7561590707765056,3.1422606069045633,0.3570434338890215,0.419280696764752,0.41273416822184233,ETTm2,raw,69504,69600,raw:69504:4,high,mid
5,0.9485809103823146,0.13431424319074528,0.08619548022027762,0.0,0.814842957900542,3.1422606069045633,0.3570434338890215,0.3896968779311125,0.39062879726318783,ETTm2,raw,69504,69600,raw:69504:5,mid,mid
6,0.9614899394312935,0.006921183173459413,0.0014406297632232146,0.0,0.5183630670136575,3.1422606069045633,0.3570434338890215,0.32328391745599205,0.2918021669675597,ETTm2,raw,69504,69600,raw:69504:6,low,low
