channel,u_change,u_spectral,u_surprise,m_peak,m_band,channel_effective_rank,m_channel,U,M,dataset,segment,window_start,window_stop,unit_id,U_bucket,M_bucket
0,0.5276575595019306,0.07235372418938454,0.17739096033552723,0.375,0.7808839507079023,2.599762711105206,0.2666271180731558,0.25913408134228083,0.47417035626035275,ETTm1,raw,0,96,raw:0:0,low,mid
1,0.9283689269485775,0.2625931134130315,0.5549970375759543,0.375,0.8497569437160151,2.599762711105206,0.2666271180731558,0.5819863593125211,0.49712802059639033,ETTm1,raw,0,96,raw:0:1,high,mid
2,0.748645922338044,0.43592047964477854,0.7334693977673536,0.625,0.9055818457856385,2.599762711105206,0.2666271180731558,0.639345266583392,0.5990696546195982,ETTm1,raw,0,96,raw:0:2,high,high
3,0.9137037446176263,0.2846653384562176,0.6038482992340518,0.625,0.9429833211645394,2.599762711105206,0.2666271180731558,0.6007391274359652,0.6115368130792317,ETTm1,raw,0,96,raw:0:3,high,high
4,0.893906381489747,0.179628196106902,0.05251090296516255,0.25,0.8086944722086653,2.599762711105206,0.2666271180731558,0.3753484935206038,0.4417738634272737,ETTm1,raw,0,96,raw:0:4,mid,mid
5,0.8516026860342725,0.20299141108881297,0.1520023516308035,0.25,0.843689082046781,2.599762711105206,0.2666271180731558,0.40219881625129633,0.45343873337331225,ETTm1,raw,0,96,raw:0:5,high,mid
6,0.8591755894636124,0.11600411481875933,0.11890393029831992,0.125,0.7967154101001807,2.599762711105206,0.2666271180731558,0.36469454486023056,0.3961141760577788,ETTm1,raw,0,96,raw:0:6,mid,mid
0,0.9911583062808234,0.09850281138488252,0.03298135260294685,0.125,0.827266455587288,3.2960491178311324,0.382674852334064,0.37421415675621755,0.44498043597378395,ETTm1,raw,96,192,raw:96:0,mid,mid
1,0.9578399809015338,0.16056889240042654,0.08507383196048098,0.25,0.8508929177862022,3.2960491178311324,0.382674852334064,0.4011609017541471,0.4945225900400887,ETTm1,raw,96,192,raw:96:1,high,mid
2,0.9886317987149352,0.055264475819211,0.02795523934834055,0.25,0.7771902972337561,3.2960491178311324,0.382674852334064,0.35728383796082896,0.46995504985594,ETTm1,raw,96,192,raw:96:2,mid,mid
3,0.9029406546600124,0.14402691568367534,0.19862184836743366,0.25,0.9358454397959846,3.2960491178311324,0.382674852334064,0.41519647290370715,0.5228400973766828,ETTm1,raw,96,192,raw:96:3,high,high
4,0.6688206819916018,0.08957043623758529,0.13315026968350296,0.375,0.8558284298160703,3.2960491178311324,0.382674852334064,0.29718046263756337,0.537834427383378,ETTm1,raw,96,192,raw:96:4,low,high
5,0.9327038677033387,0.08761265282282016,0.08892621145702138,0.375,0.9555371641175375,3.2960491178311324,0.382674852334064,0.36974757732772673,0.5710706721505338,ETTm1,raw,96,192,raw:96:5,mid,high
6,0.8593994800877658,0.22933327646531765,0.5897528884442433,0.25,0.8468304741286798,3.2960491178311324,0.382674852334064,0.5594952149991089,0.49316844215424793,ETTm1,raw,96,192,raw:96:6,high,mid
0,0.5580511727973447,0.36929913841219164,0.6445406067655738,0.375,0.9091011364351799,3.33607211244422,0.3893453514251277,0.5239636393250368,0.5578154959534358,ETTm1,raw,288,384,raw:288:0,high,high
1,0.46523984515564165,0.21633829396353838,0.3266315822916354,0.625,0.8744145446023037,3.33607211244422,0.3893453514251277,0.33606990713693846,0.6295866320091438,ETTm1,raw,288,384,raw:288:1,mid,high
2,0.7220372131122995,0.4403763289998909,0.8253186436569818,0.375,0.8859728779780385,3.33607211244422,0.3893453514251277,0.6625773952563908,0.550106076467722,ETTm1,raw,288,384,raw:288:2,high,high
3,0.48967806360899735,0.1719506877056765,0.4369161040756681,0.375,0.9476870690979123,3.33607211244422,0.3893453514251277,0.3661816184634474,0.57067747350768,ETTm1,raw,288,384,raw:288:3,mid,high
4,0.586904444931299,0.35998212153540526,0.5505106373031101,0.375,0.8847323117598413,3.33607211244422,0.3893453514251277,0.4991324012566048,0.5496925543949897,ETTm1,raw,288,384,raw:288:4,high,high
5,0.4897232899746783,0.22584973044478976,0.38036020686058436,0.125,0.9094329890357966,3.33607211244422,0.3893453514251277,0.3653110757600175,0.4745927801536414,ETTm1,raw,288,384,raw:288:5,mid,mid
6,0.7526966353554997,0.09429065168931272,0.08102921483761381,0.375,0.7583539065327276,3.33607211244422,0.3893453514251277,0.30933883396080875,0.5075664193192851,ETTm1,raw,288,384,raw:288:6,low,high
0,0.6848866068721706,0.36043402316161194,0.48867604940083487,1.0,0.9533336151105127,4.054873515435241,0.5091455850572975,0.5113322264782058,0.8208264000559368,ETTm1,raw,384,480,raw:384:0,high,high
1,0.4394994975481362,0.4521294538577179,0.5213431446576954,0.75,0.901245115320602,4.054873515435241,0.5091455850572975,0.4709906986878498,0.7201302334592997,ETTm1,raw,384,480,raw:384:1,high,high
2,0.8097958851431182,0.5416363695501661,0.39198358460401334,1.0,0.9185333216819066,4.054873515435241,0.5091455850572975,0.5811386130990992,0.8092263022464014,ETTm1,raw,384,480,raw:384:2,high,high
3,0.469853632766454,0.35886930080426127,0.33123812865098934,0.625,0.8671347709619941,4.054873515435241,0.5091455850572975,0.3866536874072349,0.6670934520064306,ETTm1,raw,384,480,raw:384:3,mid,high
4,0.4015751828357109,0.09431158586249494,0.8313157250677488,0.5,0.8558314105119739,4.054873515435241,0.5091455850572975,0.4424008312553182,0.6216589985230905,ETTm1,raw,384,480,raw:384:4,high,high
5,1.9542469565925202e-06,0.17641729519718058,0.6026815673244301,1.0,0.9773309954921087,4.054873515435241,0.5091455850572975,0.25970027225618914,0.828825526849802,ETTm1,raw,384,480,raw:384:5,low,high
6,0.7047380038716109,0.06755630716839656,0.07217544968874642,0.25,0.670781892782657,4.054873515435241,0.5091455850572975,0.28148992024291797,0.47664249261331815,ETTm1,raw,384,480,raw:384:6,low,mid
0,0.8160943072070304,0.1648671059707555,0.02994630350131116,0.375,0.930858107249824,3.359800080814987,0.3933000128136645,0.3369692388930323,0.5663860400211628,ETTm1,raw,576,672,raw:576:0,mid,high
1,0.8731426238509506,0.29860563324987155,0.06406766338593742,0.375,0.9788795335912567,3.359800080814987,0.3933000128136645,0.4119386401622532,0.5823931821349737,ETTm1,raw,576,672,raw:576:1,high,high
2,0.9248204757482426,0.21231741780159924,0.009362139438677716,0.125,0.9194979450567219,3.359800080814987,0.3933000128136645,0.38216667766283985,0.47926598595679554,ETTm1,raw,576,672,raw:576:2,mid,mid
3,0.850621219490368,0.23649374529456607,0.03206067470391132,0.375,0.9504411178669347,3.359800080814987,0.3933000128136645,0.37305854649628184,0.5729137102268664,ETTm1,raw,576,672,raw:576:3,mid,high
4,0.22577618068618144,0.14692821993026803,0.35176969512258954,0.25,0.7506551679324853,3.359800080814987,0.3933000128136645,0.24149136524634632,0.4646517269153833,ETTm1,raw,576,672,raw:576:4,low,mid
5,0.5260495696457215,0.3648267998512169,0.32679768996643316,0.75,0.9654897307396998,3.359800080814987,0.3933000128136645,0.4058913531544572,0.702929914517788,ETTm1,raw,576,672,raw:576:5,high,high
6,0.8885233272663997,0.09446451001236406,0.15740589393004437,0.125,0.6687069124464772,3.359800080814987,0.3933000128136645,0.3801312437362694,0.3956689750867139,ETTm1,raw,576,672,raw:576:6,mid,mid
0,0.3371293715582421,0.3328361400888248,0.46953987834860994,0.375,0.8982096498829654,2.9285639333032956,0.32142732168150373,0.37983512999855895,0.5315456571881564,ETTm1,raw,672,768,raw:672:0,mid,high
1,0.34496302371234067,0.3589179818413927,0.4340903037672898,0.5,0.9399472644082684,2.9285639333032956,0.32142732168150373,0.3793237697736744,0.587124862029924,ETTm1,raw,672,768,raw:672:1,mid,high
2,0.5434541905506393,0.21937977429938393,0.2169156645037392,0.25,0.7743247851561398,2.9285639333032956,0.32142732168150373,0.3265832097845875,0.44858403561254784,ETTm1,raw,672,768,raw:672:2,mid,mid
3,0.6755047949826558,0.2810648576445168,0.1732134599507118,0.125,0.8849861742111731,2.9285639333032956,0.32142732168150373,0.37659437085929476,0.4438044986308923,ETTm1,raw,672,768,raw:672:3,mid,mid
4,0.4076648112792065,0.29988083383853853,0.4864925803598244,1.0,0.9133277847349003,2.9285639333032956,0.32142732168150373,0.3980127418258565,0.744918368805468,ETTm1,raw,672,768,raw:672:4,high,high
5,0.4932966190179273,0.3405045894585549,0.4781585578297189,1.0,0.887957180599031,2.9285639333032956,0.32142732168150373,0.437319922102067,0.7364615007601781,ETTm1,raw,672,768,raw:672:5,high,high
6,0.7621475603863084,0.14663989339279215,0.09692336348002636,0.25,0.8076103186331146,2.9285639333032956,0.32142732168150373,0.33523693908637564,0.4596792134382061,ETTm1,raw,672,768,raw:672:6,mid,mid
0,0.87348787712713,0.06420886950856869,0.03607157789876787,0.125,0.6784743536403756,2.5723140013236265,0.26205233311718384,0.3245894415114889,0.35517556225251984,ETTm1,raw,864,960,raw:864:0,mid,low
1,0.8522444730656925,0.22181547448480293,0.12731827100861215,0.0,0.8473050747636371,2.5723140013236265,0.26205233311718384,0.40045940618636927,0.36978580262694033,ETTm1,raw,864,960,raw:864:1,high,mid
2,0.7863676081394817,0.05958837164991765,0.08656839348830585,0.125,0.6144317836463653,2.5723140013236265,0.26205233311718384,0.31084145775923505,0.333828038921183,ETTm1,raw,864,960,raw:864:2,low,low
3,0.8610290675011292,0.25451692820939453,0.1371190669076213,0.125,0.8484328457900666,2.5723140013236265,0.26205233311718384,0.417555020872715,0.4118283929690835,ETTm1,raw,864,960,raw:864:3,high,mid
4,0.9278540636891243,0.12047582564705449,0.060255856995557217,0.375,0.8953343164698068,2.5723140013236265,0.26205233311718384,0.36952858211057865,0.5107955498623302,ETTm1,raw,864,960,raw:864:4,mid,high
5,0.9416605776049374,0.1106807739715214,0.17899410093695176,0.375,0.9868447666538277,2.5723140013236265,0.26205233311718384,0.41044515083780353,0.5412990332570038,ETTm1,raw,864,960,raw:864:5,high,high
6,0.34045160824078247,0.061855604066927486,0.23174550468289123,0.125,0.750488883139849,2.5723140013236265,0.26205233311718384,0.21135090566353373,0.37918040541901094,ETTm1,raw,864,960,raw:864:6,low,mid
0,0.870608000792026,0.14055101154179775,0.010060399878104458,0.25,0.8427634635761388,2.8468830133263494,0.3078138350413685,0.3404064707373094,0.4668590995391691,ETTm1,raw,960,1056,raw:960:0,mid,mid
1,0.7542942454975693,0.2160576400860575,0.0837297980636219,0.625,0.9316308984874452,2.8468830133263494,0.3078138350413685,0.35136056121574955,0.6214815778429378,ETTm1,raw,960,1056,raw:960:1,mid,high
2,0.8013921113518857,0.27517426904603015,0.08499372643889962,0.125,0.8750513370205811,2.8468830133263494,0.3078138350413685,0.38718670227893853,0.4359550573539832,ETTm1,raw,960,1056,raw:960:2,mid,mid
3,0.49058422644343,0.383652807203966,0.183824467534752,0.625,0.9445235975607063,2.8468830133263494,0.3078138350413685,0.35268716706071607,0.6257791442006916,ETTm1,raw,960,1056,raw:960:3,mid,high
4,0.9428770627801445,0.15675040352865366,0.024472517165514428,0.5,0.8526000366297009,2.8468830133263494,0.3078138350413685,0.37469999449143754,0.553471290557023,ETTm1,raw,960,1056,raw:960:4,mid,high
5,0.8134511225296535,0.10179812361823129,0.03927543311464594,0.5,0.7785745393752207,2.8468830133263494,0.3078138350413685,0.31817489308751024,0.5287961248055297,ETTm1,raw,960,1056,raw:960:5,mid,high
6,0.8745796196333679,0.0709340707350759,0.06621096447189963,0.0,0.6760468250361925,2.8468830133263494,0.3078138350413685,0.33724155161344777,0.327953553359187,ETTm1,raw,960,1056,raw:960:6,mid,low
0,0.42354178853220703,0.1609302359380663,0.08144529587361739,0.125,0.7928922175408867,2.35829200582154,0.22638200059295338,0.22197244011463024,0.3814247393779467,ETTm1,raw,1056,1152,raw:1056:0,low,mid
1,0.6505202219132555,0.29735517900476827,0.17167318940098075,0.375,0.9294045146204852,2.35829200582154,0.22638200059295338,0.37318286343966817,0.5102621717378129,ETTm1,raw,1056,1152,raw:1056:1,mid,high
2,0.7419024086863488,0.18638448167155827,0.033748152070217995,0.0,0.7123489638947818,2.35829200582154,0.22638200059295338,0.3206783474760417,0.3129103214959117,ETTm1,raw,1056,1152,raw:1056:2,mid,low
3,0.7047753800782803,0.12632122874379917,0.0670149793714371,0.25,0.8756957963951759,2.35829200582154,0.22638200059295338,0.29937052939783887,0.4506925989960431,ETTm1,raw,1056,1152,raw:1056:3,low,mid
4,0.8242065958322857,0.21082712051249997,0.054088290542774156,0.625,0.8914952280765808,2.35829200582154,0.22638200059295338,0.3630406689625199,0.580959076223178,ETTm1,raw,1056,1152,raw:1056:4,mid,high
5,0.8496477722775558,0.11545766116227055,0.222710415249326,0.375,0.8630670198233461,2.35829200582154,0.22638200059295338,0.39593861622971743,0.4881496734720998,ETTm1,raw,1056,1152,raw:1056:5,high,mid
6,0.7142446611342386,0.1295317552900964,0.11502622676586503,0.0,0.6342773060015552,2.35829200582154,0.22638200059295338,0.3196008810634,0.28688643553150284,ETTm1,raw,1056,1152,raw:1056:6,mid,low
0,0.890803453013188,0.13255404959150993,0.034662995522419096,0.25,0.8710887898690047,3.4905388269693867,0.41508980380308147,0.3526734993757057,0.5120595312240287,ETTm1,raw,1248,1344,raw:1248:0,mid,high
1,0.6723539715823532,0.25235083272108605,0.17154988139695712,1.0,0.9882827845308787,3.4905388269693867,0.41508980380308147,0.3654182285667988,0.8011241961113201,ETTm1,raw,1248,1344,raw:1248:1,mid,high
2,0.9508153930067468,0.14917758783451446,0.013335786696240123,0.0,0.8326725412608545,3.4905388269693867,0.41508980380308147,0.3711095891791671,0.41592078168797864,ETTm1,raw,1248,1344,raw:1248:2,mid,mid
3,0.7670115594281183,0.2422508131715765,0.034524537267221184,0.625,0.9672493872265807,3.4905388269693867,0.41508980380308147,0.34792896995563866,0.6691130636765541,ETTm1,raw,1248,1344,raw:1248:3,mid,high
4,0.5977895965538067,0.22570294795544477,0.2893099261477441,0.75,0.8947303528274975,3.4905388269693867,0.41508980380308147,0.37093415688566517,0.6866067188768596,ETTm1,raw,1248,1344,raw:1248:4,mid,high
5,0.5247033817850707,0.32935363498793646,0.30726430723606135,0.75,0.9731734548044961,3.4905388269693867,0.41508980380308147,0.38710710800302284,0.7127544195358592,ETTm1,raw,1248,1344,raw:1248:5,mid,high
6,0.7831982973343706,0.3211826048333801,0.6438641699827647,0.375,0.8448425028356299,3.4905388269693867,0.41508980380308147,0.5827483573835052,0.5449774355462371,ETTm1,raw,1248,1344,raw:1248:6,high,high
0,0.82554033058554,0.221575693574641,0.013424500407035859,0.25,0.9181506448711524,3.589621024961099,0.431603503440844,0.3535135081890723,0.5332513827706654,ETTm1,raw,1344,1440,raw:1344:0,mid,high
1,0.4654410402016945,0.1211112360294161,0.15146572909815076,0.125,0.7698701988668765,3.589621024961099,0.431603503440844,0.24600600177642043,0.44215790076924016,ETTm1,raw,1344,1440,raw:1344:1,low,mid
2,0.5217992714735955,0.15834013107741376,0.08998731363130472,0.125,0.8224364268772268,3.589621024961099,0.431603503440844,0.2567089053941047,0.4596799767726903,ETTm1,raw,1344,1440,raw:1344:2,low,mid
3,0.5138345848478263,0.17477941881603412,0.24045005385970825,0.125,0.7554313963782644,3.589621024961099,0.431603503440844,0.3096880191745229,0.4373449666063695,ETTm1,raw,1344,1440,raw:1344:3,low,mid
4,0.9451273693834256,0.13453491339468382,0.031796626307743485,0.375,0.8969033052650673,3.589621024961099,0.431603503440844,0.37048630302861757,0.5678356029019705,ETTm1,raw,1344,1440,raw:1344:4,mid,high
5,0.7118774022605971,0.0977591133971876,0.06014755715780004,0.25,0.8203669652827884,3.589621024961099,0.431603503440844,0.2899280242718616,0.5006568229078775,ETTm1,raw,1344,1440,raw:1344:5,low,mid
6,0.8624912551568487,0.07526451102866041,0.030817560009279675,0.25,0.7756692943390125,3.589621024961099,0.431603503440844,0.32285777539826294,0.48575759925995216,ETTm1,raw,1344,1440,raw:1344:6,mid,mid
0,0.43349050642729137,0.21289755404396743,0.20693333921743354,0.0,0.79748614503499,2.428293027504672,0.23804883752069725,0.28444046656289745,0.3451783275185624,ETTm1,raw,1536,1632,raw:1536:0,low,low
1,0.3960712105049644,0.22944827732312204,0.34657174501509647,0.5,0.9399141713753628,2.428293027504672,0.23804883752069725,0.3240304109477276,0.5593210029653534,ETTm1,raw,1536,1632,raw:1536:1,mid,high
2,0.6535689301951773,0.15991743610095516,0.12529905757684134,0.125,0.713474216669892,2.428293027504672,0.23804883752069725,0.3129284746243246,0.35884101806352975,ETTm1,raw,1536,1632,raw:1536:2,low,low
3,0.5130449367034948,0.21973437992899256,0.2420318496208852,0.25,0.9123002821066709,2.428293027504672,0.23804883752069725,0.3249370554177909,0.46678303987578945,ETTm1,raw,1536,1632,raw:1536:3,mid,mid
4,0.4962498965710218,0.3140411107344334,0.7176526755084022,0.5,0.9229041791475153,2.428293027504672,0.23804883752069725,0.5093145609379525,0.5536510055560709,ETTm1,raw,1536,1632,raw:1536:4,high,high
5,0.7004153083919025,0.2706879676068501,0.13625127348062135,0.5,0.8987021801016144,2.428293027504672,0.23804883752069725,0.36911818315979134,0.5455836725407706,ETTm1,raw,1536,1632,raw:1536:5,mid,high
6,0.9158336584655719,0.09314785825202955,0.07086257586657362,0.0,0.5005917543846718,2.428293027504672,0.23804883752069725,0.35994803086139165,0.24621353063512305,ETTm1,raw,1536,1632,raw:1536:6,mid,low
0,0.9292521925172282,0.06942787740596104,0.005793555746671434,0.125,0.6233069602641227,2.951574572343584,0.3252624281818266,0.3348245418899536,0.3578564628153164,ETTm1,raw,1632,1728,raw:1632:0,mid,low
1,0.8903244146366223,0.15015184509876472,0.037734598206676545,0.25,0.8415808048622718,2.951574572343584,0.3252624281818266,0.35940361931402115,0.4722810776813662,ETTm1,raw,1632,1728,raw:1632:1,mid,mid
2,0.9007514826871567,0.0928625995763414,0.011939130165264312,0.125,0.614019587422706,2.951574572343584,0.3252624281818266,0.3351844041429208,0.35476067186817756,ETTm1,raw,1632,1728,raw:1632:2,mid,low
3,0.8680768835476084,0.19346744620443324,0.08585760190178827,0.25,0.8627620626990837,2.951574572343584,0.3252624281818266,0.38246731055127664,0.4793414969603034,ETTm1,raw,1632,1728,raw:1632:3,mid,mid
4,0.8281668355874061,0.11959939307325283,0.007635534275315615,0.25,0.8345661014733013,2.951574572343584,0.3252624281818266,0.3184672543119915,0.46994284321837604,ETTm1,raw,1632,1728,raw:1632:4,mid,mid
5,0.7011793564545202,0.18752190429413956,0.20488862519906945,0.5,0.8540475455655558,2.951574572343584,0.3252624281818266,0.36452996198257637,0.5597699912491275,ETTm1,raw,1632,1728,raw:1632:5,mid,high
6,0.4430680539703329,0.23666520732619856,0.13647885604612164,0.0,0.7219445656294311,2.951574572343584,0.3252624281818266,0.2720707057808844,0.34906899793708596,ETTm1,raw,1632,1728,raw:1632:6,low,low
0,0.7540661905259533,0.20689556881467014,0.019796315254367876,0.25,0.7822395458128766,3.5597764875877593,0.4266294138869109,0.32691935819833046,0.4862896532332625,ETTm1,raw,1728,1824,raw:1728:0,mid,mid
1,0.8548408510740062,0.2555606916212455,0.0300945950353264,0.25,0.9215824913571887,3.5597764875877593,0.4266294138869109,0.38016537924352606,0.5327373017480331,ETTm1,raw,1728,1824,raw:1728:1,mid,high
2,0.8829294691274377,0.2292815825837189,0.006889531617547032,0.125,0.6628914058731522,3.5597764875877593,0.4266294138869109,0.3730335277762345,0.4048402732533544,ETTm1,raw,1728,1824,raw:1728:2,mid,mid
3,0.8342072153603288,0.24452684807083572,0.012187577682552065,0.125,0.8486527246422783,3.5597764875877593,0.4266294138869109,0.36364054703790555,0.4667607128430631,ETTm1,raw,1728,1824,raw:1728:3,mid,mid
4,0.41584515488168594,0.45829484288170796,0.8751817872369365,0.5,0.8876857776089367,3.5597764875877593,0.4266294138869109,0.5831072616667768,0.6047717304986159,ETTm1,raw,1728,1824,raw:1728:4,high,high
5,0.3852070185804145,0.19995511145354244,0.7257594608940161,0.25,0.8846120450363305,3.5597764875877593,0.4266294138869109,0.43697386364265767,0.5204138196410805,ETTm1,raw,1728,1824,raw:1728:5,high,high
6,0.3176969866329751,0.33110146433804993,0.19637639501311843,0.25,0.8465830956665802,3.5597764875877593,0.4266294138869109,0.28172494866138115,0.5077375031844971,ETTm1,raw,1728,1824,raw:1728:6,low,high
0,0.765400455440703,0.1516537821067917,0.030401106177031217,0.0,0.5261976449863558,3.277615777681736,0.3796026289809516,0.3158184479081753,0.30193342465576917,ETTm1,raw,1920,2016,raw:1920:0,mid,low
1,0.8446950669230007,0.2662006972122656,0.07914794985050307,0.0,0.781666580293138,3.277615777681736,0.3796026289809516,0.39668123799525645,0.3870897364246965,ETTm1,raw,1920,2016,raw:1920:1,high,mid
2,0.9342038549014081,0.06425116074360668,0.01569387704383758,0.0,0.4873437335688441,3.277615777681736,0.3796026289809516,0.33804963089628415,0.2889821208499319,ETTm1,raw,1920,2016,raw:1920:2,mid,low
3,0.8860424543503397,0.11110122307676948,0.0761014934801881,0.0,0.7188633693664149,3.277615777681736,0.3796026289809516,0.3577483903024324,0.36615533278245554,ETTm1,raw,1920,2016,raw:1920:3,mid,mid
4,0.6644301496645291,0.14851940668935387,0.15084742077532157,0.25,0.8455814944516201,3.277615777681736,0.3796026289809516,0.32126565904306814,0.4917280411441906,ETTm1,raw,1920,2016,raw:1920:4,mid,mid
5,0.4743713995030907,0.42835296790003163,0.42481914684343347,0.25,0.7601480552475178,3.277615777681736,0.3796026289809516,0.44251450474885196,0.4632502280761564,ETTm1,raw,1920,2016,raw:1920:5,high,mid
6,0.31444408624339726,0.22933505446950553,0.40849155535779613,0.125,0.6869777033767568,3.277615777681736,0.3796026289809516,0.31742356535689964,0.3971934441192361,ETTm1,raw,1920,2016,raw:1920:6,mid,mid
0,0.5679081332670781,0.10589741390368854,0.06779395888949044,0.0,0.5511105056769027,2.838973283359063,0.30649554671568463,0.24719983535341905,0.2858686841308624,ETTm1,raw,2016,2112,raw:2016:0,low,low
1,0.7821232598895919,0.1746010688210095,0.07098055008151465,0.125,0.7958165749560904,2.838973283359063,0.30649554671568463,0.3425682929307053,0.40910404055725835,ETTm1,raw,2016,2112,raw:2016:1,mid,mid
2,0.40194070108125357,0.13167598337444036,0.13683546643072933,0.0,0.6392765124472655,2.838973283359063,0.30649554671568463,0.22348405029547444,0.31525735305431674,ETTm1,raw,2016,2112,raw:2016:2,low,low
3,0.8695298480313346,0.17805911874211802,0.059496635436136196,0.375,0.8095581369467697,2.838973283359063,0.30649554671568463,0.3690285340698629,0.49701789455415146,ETTm1,raw,2016,2112,raw:2016:3,mid,mid
4,0.8182348180271258,0.10169734007018517,0.018228128566971365,0.25,0.726452989351384,2.838973283359063,0.30649554671568463,0.31272009555476077,0.42764951202235624,ETTm1,raw,2016,2112,raw:2016:4,low,mid
5,0.6481127556429789,0.23214168727414652,0.11810513700267873,0.625,0.944406076335623,2.838973283359063,0.30649554671568463,0.33278652663993474,0.6253005410171025,ETTm1,raw,2016,2112,raw:2016:5,mid,high
6,0.5690859689035752,0.2110419512318443,0.2838873055324215,0.375,0.9124918424446514,2.838973283359063,0.30649554671568463,0.35467174188928036,0.531329129720112,ETTm1,raw,2016,2112,raw:2016:6,mid,high
0,0.2987825312108021,0.03674623355990569,0.2121804687151189,0.0,0.5509683149735674,2.624520450106549,0.2707534078998358,0.18256974449527555,0.27390724095780106,ETTm1,raw,2208,2304,raw:2208:0,low,low
1,0.6855722604400657,0.11766814175654126,0.09467541027341206,0.125,0.7369191905378645,2.624520450106549,0.2707534078998358,0.2993052708233397,0.3775575328125667,ETTm1,raw,2208,2304,raw:2208:1,low,mid
2,0.436789020740432,0.049173902750202614,0.10914316716365877,0.0,0.5671403484470561,2.624520450106549,0.2707534078998358,0.19836869688476447,0.2792979187822973,ETTm1,raw,2208,2304,raw:2208:2,low,low
3,0.532928074835459,0.29547814798406546,0.08692518113642622,0.0,0.8768148729806884,2.624520450106549,0.2707534078998358,0.3051104679853169,0.3825227602935081,ETTm1,raw,2208,2304,raw:2208:3,low,mid
4,0.41041630458481926,0.07818226402952055,0.19683112513736709,0.25,0.6823807300129421,2.624520450106549,0.2707534078998358,0.2284765645839023,0.40104471263759267,ETTm1,raw,2208,2304,raw:2208:4,low,mid
5,0.8145465579231023,0.15157380618868363,0.06240602768331436,0.25,0.8698465263092849,2.624520450106549,0.2707534078998358,0.3428421305983667,0.4635333114030402,ETTm1,raw,2208,2304,raw:2208:5,mid,mid
6,0.7750162146994418,0.16887674722691606,0.4293878707271764,0.125,0.583148924274674,2.624520450106549,0.2707534078998358,0.45776027755117804,0.32630077739150326,ETTm1,raw,2208,2304,raw:2208:6,high,low
0,0.697476413336341,0.02579325834075386,0.4980005820360655,0.0,0.5855117759212564,2.852333321944232,0.30872221980950165,0.40709008457105345,0.29807799857691936,ETTm1,raw,2304,2400,raw:2304:0,high,low
1,0.8088810031057487,0.05798986494283109,0.17717546056248062,0.0,0.6190319707912905,2.852333321944232,0.30872221980950165,0.34801544287035346,0.3092513968669307,ETTm1,raw,2304,2400,raw:2304:1,mid,low
2,0.6610204885907521,0.022422735453738678,0.9664491551251281,0.0,0.5779162137687736,2.852333321944232,0.30872221980950165,0.5499641263898729,0.29554614452609174,ETTm1,raw,2304,2400,raw:2304:2,high,low
3,0.9269091481987479,0.1941629493975544,0.23345815236223796,0.125,0.7541768702170194,2.852333321944232,0.30872221980950165,0.4515100833195134,0.3959663633421737,ETTm1,raw,2304,2400,raw:2304:3,high,mid
4,0.6554155509904196,0.1382819720833216,0.17314659290075132,0.25,0.8114709498800461,2.852333321944232,0.30872221980950165,0.3222813719914975,0.4567310565631826,ETTm1,raw,2304,2400,raw:2304:4,mid,mid
5,0.20620223002578686,0.3461586954968062,0.4888467775290662,0.5,0.9324956517049623,2.852333321944232,0.30872221980950165,0.3470692343505531,0.580405957171488,ETTm1,raw,2304,2400,raw:2304:5,mid,high
6,0.5449119257465211,0.18138546856201362,0.6878927317240695,0.25,0.6624164725346048,2.852333321944232,0.30872221980950165,0.4713967086775348,0.40704623078136876,ETTm1,raw,2304,2400,raw:2304:6,high,mid
0,0.7465710065379354,0.08389938099614819,0.1566370707559958,0.125,0.6350583044861161,3.0392721259782807,0.3398786870965823,0.32903581943002647,0.3666456638608995,ETTm1,raw,2496,2592,raw:2496:0,mid,mid
1,0.4452450235815185,0.5322414402849549,0.7039963337811778,0.625,0.8834707455407961,3.0392721259782807,0.3398786870965823,0.5604942658825504,0.6161164775457929,ETTm1,raw,2496,2592,raw:2496:1,high,high
2,0.7123801648380435,0.13435759371860584,0.334345367066062,0.125,0.6773555012603312,3.0392721259782807,0.3398786870965823,0.3936943752075705,0.3807447294523045,ETTm1,raw,2496,2592,raw:2496:2,high,mid
3,0.46975129667316284,0.21485567608348066,0.32375885926460574,0.5,0.8753104033469065,3.0392721259782807,0.3398786870965823,0.33612194400708306,0.5717296968144963,ETTm1,raw,2496,2592,raw:2496:3,mid,high
4,0.7869170479692813,0.20040986618374138,0.05916882339784774,0.125,0.6991374789392047,3.0392721259782807,0.3398786870965823,0.3488319125169568,0.3880053886785957,ETTm1,raw,2496,2592,raw:2496:4,mid,mid
5,0.7731798933314251,0.3135073220611179,0.18201463174778193,0.625,0.8861073987744255,3.0392721259782807,0.3398786870965823,0.4229006157134417,0.6169953619570027,ETTm1,raw,2496,2592,raw:2496:5,high,high
6,0.3704067668275891,0.3554243697097331,0.5908434907519944,0.25,0.7313230138707741,3.0392721259782807,0.3398786870965823,0.4388915424297722,0.44040056698911884,ETTm1,raw,2496,2592,raw:2496:6,high,mid
0,0.29851165243446887,0.04709516880291736,0.5750441037153631,0.0,0.6875423842950502,3.18406893190289,0.36401148804379585,0.3068836416509164,0.350517957446282,ETTm1,raw,2592,2688,raw:2592:0,low,low
1,0.23770783842826537,0.14602493103238684,0.2466474566329314,0.0,0.655663723707686,3.18406893190289,0.36401148804379585,0.21012674203119452,0.33989173725049393,ETTm1,raw,2592,2688,raw:2592:1,low,low
2,0.24419740395441247,0.057519891042493894,0.45981647830446515,0.0,0.6480134363217877,3.18406893190289,0.36401148804379585,0.25384459110045715,0.33734164145519446,ETTm1,raw,2592,2688,raw:2592:2,low,low
3,0.5647668522715226,0.15400772346230385,0.285974475488928,0.0,0.6357570789384825,3.18406893190289,0.36401148804379585,0.3349163504075848,0.3332561889940928,ETTm1,raw,2592,2688,raw:2592:3,mid,low
4,0.4169725701017375,0.06707845122909802,0.7983148110514199,0.375,0.7763658463544139,3.18406893190289,0.36401148804379585,0.4274552774607518,0.5051257781327366,ETTm1,raw,2592,2688,raw:2592:4,high,high
5,0.814951513505429,0.1962873576558094,0.1592477882163745,0.25,0.9215098461503151,3.18406893190289,0.36401148804379585,0.3901622197925376,0.5118404447313704,ETTm1,raw,2592,2688,raw:2592:5,high,high
6,0.7347411831897008,0.630154677919599,0.36577103813079986,0.125,0.6497572034447583,3.18406893190289,0.36401148804379585,0.5768889664133666,0.3795895638295181,ETTm1,raw,2592,2688,raw:2592:6,high,mid
0,0.7159713627260171,0.053111843831810446,0.3394062878339854,0.125,0.6513470064776057,3.880687593090581,0.4801145980482392,0.3694964981306043,0.41882053484194826,ETTm1,raw,2688,2784,raw:2688:0,mid,mid
1,0.44852771405760183,0.3351341793713475,0.3492724772223975,0.75,0.9272542715743063,3.880687593090581,0.4801145980482392,0.3776447902171156,0.7191229565408485,ETTm1,raw,2688,2784,raw:2688:1,mid,high
2,0.47038432541929176,0.09439085599230482,0.4747553493689822,0.0,0.6316252168371811,3.880687593090581,0.4801145980482392,0.34651017692685954,0.3705799382951401,ETTm1,raw,2688,2784,raw:2688:2,mid,mid
3,0.674540909693927,0.5039079468532192,0.23754552194731873,1.0,0.9222159638823584,3.880687593090581,0.4801145980482392,0.4719981261648216,0.8007768539768659,ETTm1,raw,2688,2784,raw:2688:3,high,high
4,0.8701804258213202,0.0716114080626591,0.07425629660294282,0.25,0.790681200040405,3.880687593090581,0.4801145980482392,0.33868271016230733,0.5069319326962147,ETTm1,raw,2688,2784,raw:2688:4,mid,high
5,0.7031409511390345,0.26585243401193637,0.0448508626698968,0.875,0.9154254346948814,3.880687593090581,0.4801145980482392,0.3379480826069559,0.7568466775810402,ETTm1,raw,2688,2784,raw:2688:5,mid,high
6,0.3016013172452231,0.10206591159576597,0.42871846847611045,0.125,0.7210687200536877,3.880687593090581,0.4801145980482392,0.27746189910569985,0.44206110603397564,ETTm1,raw,2688,2784,raw:2688:6,low,mid
0,0.0,0.0,0.0,0.0,-0.0,1.0,0.0,0.0,0.0,ETTm1,raw,2880,2976,raw:2880:0,low,low
1,0.0,0.0,0.0,0.0,-0.0,1.0,0.0,0.0,0.0,ETTm1,raw,2880,2976,raw:2880:1,low,low
2,0.0,0.0,0.0,0.0,-0.0,1.0,0.0,0.0,0.0,ETTm1,raw,2880,2976,raw:2880:2,low,low
3,0.0,0.0,0.0,0.0,-0.0,1.0,0.0,0.0,0.0,ETTm1,raw,2880,2976,raw:2880:3,low,low
4,0.0,0.0,0.0,0.0,-0.0,1.0,0.0,0.0,0.0,ETTm1,raw,2880,2976,raw:2880:4,low,low
5,0.0,0.0,0.0,0.0,-0.0,1.0,0.0,0.0,0.0,ETTm1,raw,2880,2976,raw:2880:5,low,low
6,0.0,0.0,0.0,0.0,-0.0,1.0,0.0,0.0,0.0,ETTm1,raw,2880,2976,raw:2880:6,low,low
0,0.24682300857704886,0.06720626316946349,0.6876591346643176,0.0,0.5869994050963093,3.60117289142773,0.433528814515407,0.3338961354702767,0.3401760732039054,ETTm1,raw,2976,3072,raw:2976:0,mid,low
1,0.2727678667479301,0.1526832619342144,0.6306230062054127,0.25,0.8999027446570528,3.60117289142773,0.433528814515407,0.3520247116291857,0.5278105197241533,ETTm1,raw,2976,3072,raw:2976:1,mid,high
2,0.6391143328700133,0.061808208084966294,0.060614373480565545,0.125,0.5444540972242153,3.60117289142773,0.433528814515407,0.25384563814518174,0.3676609705798741,ETTm1,raw,2976,3072,raw:2976:2,low,mid
3,0.5874289859957352,0.09423698945936565,0.21102442771208663,0.25,0.8962444176555904,3.60117289142773,0.433528814515407,0.29756346772239584,0.5265910773903325,ETTm1,raw,2976,3072,raw:2976:3,low,high
4,0.8017018904280132,0.13508851688444273,0.19762756956950653,0.125,0.7535182111066698,3.60117289142773,0.433528814515407,0.37813932562732083,0.4373490085406923,ETTm1,raw,2976,3072,raw:2976:4,mid,mid
5,0.6264576483313976,0.14299575397953157,0.20409212502074053,0.5,0.9268143552290721,3.60117289142773,0.433528814515407,0.3245151757772233,0.6201143899148264,ETTm1,raw,2976,3072,raw:2976:5,mid,high
6,0.738985301115106,0.1968031257043435,0.5065389038010011,0.125,0.6239681524105142,3.60117289142773,0.433528814515407,0.4807757768734835,0.3941656556419737,ETTm1,raw,2976,3072,raw:2976:6,high,mid
0,0.36301219525769346,0.2971703437560705,0.06609573388658707,0.0,0.49347456269925416,2.9800501058453905,0.33000835042421783,0.2420927576334503,0.2744943043744907,ETTm1,raw,3168,3264,raw:3168:0,low,low
1,0.9396555414993063,0.12217507370114516,0.9050974016864602,0.125,0.6644004227899031,2.9800501058453905,0.33000835042421783,0.6556426722956372,0.3731362577380403,ETTm1,raw,3168,3264,raw:3168:1,high,mid
2,0.26676557648461663,0.1918984000447525,0.03903735577994048,0.0,0.44512923583985964,2.9800501058453905,0.33000835042421783,0.1659004441031032,0.2583791954213592,ETTm1,raw,3168,3264,raw:3168:2,low,low
3,0.8852648602897455,0.0627271332162491,0.017094726025001433,0.125,0.6902080918696925,2.9800501058453905,0.33000835042421783,0.32169557317699865,0.3817388140979701,ETTm1,raw,3168,3264,raw:3168:3,mid,mid
4,0.17567540364790457,0.07762967512155572,0.773933113792173,0.5,0.8744555430149797,2.9800501058453905,0.33000835042421783,0.3424127308538778,0.5681546311463993,ETTm1,raw,3168,3264,raw:3168:4,mid,high
5,0.11766734966211234,0.25733414584042075,0.766405609599971,1.0,0.9183454156867966,2.9800501058453905,0.33000835042421783,0.380469035034168,0.7494512553703382,ETTm1,raw,3168,3264,raw:3168:5,mid,high
6,0.48217385342402397,0.03591050331641778,0.5250758080752493,0.5,0.8379736883116673,2.9800501058453905,0.33000835042421783,0.3477200549385637,0.5559940129119617,ETTm1,raw,3168,3264,raw:3168:6,mid,high
0,0.3750640281354869,0.2476585545739629,0.3777934193386182,0.25,0.8225784760725081,3.270466265522869,0.37841104362312644,0.3335053340160227,0.4836631732318782,ETTm1,raw,3264,3360,raw:3264:0,mid,mid
1,0.5367377905183854,0.1926307911952354,0.05410316254666039,0.375,0.9058160163250896,3.270466265522869,0.37841104362312644,0.2611572480867604,0.5530756866494053,ETTm1,raw,3264,3360,raw:3264:1,low,high
2,0.5699437466199918,0.2992469803617499,0.27914061426985526,0.125,0.8148498132890434,3.270466265522869,0.37841104362312644,0.3827771137505323,0.43942028563738994,ETTm1,raw,3264,3360,raw:3264:2,mid,mid
3,0.5131634135622329,0.15611878209605223,0.1741581300436165,0.375,0.9201105501977717,3.270466265522869,0.37841104362312644,0.2811467752339672,0.5578405312736326,ETTm1,raw,3264,3360,raw:3264:3,low,high
4,0.2929037788970821,0.09484385400587039,0.8265604053266109,0.375,0.7185258882785749,3.270466265522869,0.37841104362312644,0.40476934607652115,0.49064564396723376,ETTm1,raw,3264,3360,raw:3264:4,high,mid
5,0.6714615163836275,0.14523933737115255,0.739826679001577,0.75,0.9766360363679716,3.270466265522869,0.37841104362312644,0.5188425109187856,0.7016823599970327,ETTm1,raw,3264,3360,raw:3264:5,high,high
6,0.6863236413067011,0.07274614055370465,0.5445424009775582,0.25,0.6409150168728835,3.270466265522869,0.37841104362312644,0.43453739427932137,0.4231086868320033,ETTm1,raw,3264,3360,raw:3264:6,high,mid
0,0.848815659109016,0.060006129220697264,0.021994726503541093,0.25,0.8192579941251998,3.4556384052732203,0.40927306686341497,0.3102721716110848,0.49284368699620495,ETTm1,raw,3360,3456,raw:3360:0,low,mid
1,0.8146133741863636,0.15068339628269461,0.023905549204790252,0.375,0.9511627758223499,3.4556384052732203,0.40927306686341497,0.3297341065579495,0.5784786142285884,ETTm1,raw,3360,3456,raw:3360:1,mid,high
2,0.9486293076853816,0.042224457453318376,0.004561734569742016,0.25,0.7109382176840225,3.4556384052732203,0.40927306686341497,0.33180516656948067,0.4567370948491458,ETTm1,raw,3360,3456,raw:3360:2,mid,mid
3,0.8926968102013472,0.14011623408811558,0.023619417780011673,0.25,0.8469341962821192,3.4556384052732203,0.40927306686341497,0.3521441540231582,0.502069087715178,ETTm1,raw,3360,3456,raw:3360:3,mid,high
4,0.6605101719107163,0.4348543867732259,0.20940326533206902,0.75,0.9564639321387536,3.4556384052732203,0.40927306686341497,0.43492260800533705,0.7052456663340562,ETTm1,raw,3360,3456,raw:3360:4,high,high
5,0.5110579006270615,0.17299501001042544,0.4363792861733751,0.125,0.7891596502226585,3.4556384052732203,0.40927306686341497,0.373477398936954,0.4411442390286912,ETTm1,raw,3360,3456,raw:3360:5,mid,mid
6,0.322458983799524,0.13646015059300717,0.3390631828307702,0.125,0.773094140932359,3.4556384052732203,0.40927306686341497,0.26599410574110044,0.43578906926525796,ETTm1,raw,3360,3456,raw:3360:6,low,mid
0,0.7402578212677062,0.23307051730678668,0.4218961782050581,0.375,0.9161698374319748,3.438407671679087,0.4064012779358457,0.46507483892651696,0.5658570384559402,ETTm1,raw,3552,3648,raw:3552:0,high,high
1,0.37917130902718965,0.2827313934206802,0.37237731057342105,0.875,0.9551035387508702,3.438407671679087,0.4064012779358457,0.34476000434043036,0.7455016055622385,ETTm1,raw,3552,3648,raw:3552:1,mid,high
2,0.41054937426603433,0.2890254395762857,0.1855945515516098,0.125,0.8081466068206441,3.438407671679087,0.4064012779358457,0.29505645513130996,0.4465159615854966,ETTm1,raw,3552,3648,raw:3552:2,low,mid
3,0.547890769514287,0.1070210043232314,0.22702578327662348,1.0,0.977257690349181,3.438407671679087,0.4064012779358457,0.29397918570471393,0.7945529894283423,ETTm1,raw,3552,3648,raw:3552:3,low,high
4,0.9189533070382324,0.48951255200614435,0.039997286076785,0.375,0.8610360190416741,3.438407671679087,0.4064012779358457,0.4828210483737206,0.5474790989925066,ETTm1,raw,3552,3648,raw:3552:4,high,high
5,0.8140737884610056,0.12603403082025522,0.048098637908803636,0.25,0.9349578572130725,3.438407671679087,0.4064012779358457,0.3294021523966882,0.5304530450496393,ETTm1,raw,3552,3648,raw:3552:5,mid,high
6,0.7892362466842683,0.18429377023282245,0.24009394809882373,0.125,0.7108085295418812,3.438407671679087,0.4064012779358457,0.4045413216719715,0.41406993582590895,ETTm1,raw,3552,3648,raw:3552:6,high,mid
0,0.2885967256453362,0.07696008608608382,0.814442217640106,0.0,0.5833166016174451,3.4005316698295,0.4000886109714356,0.3933330097905087,0.32780173752962694,ETTm1,raw,3648,3744,raw:3648:0,high,low
1,0.592912102944936,0.24413940918192517,0.067541544787588,1.0,0.9891604581886307,3.4005316698295,0.4000886109714356,0.30153101897148304,0.7964163563866887,ETTm1,raw,3648,3744,raw:3648:1,low,high
2,0.5127621335558235,0.0585883528304211,0.19707566179879485,0.0,0.5254363445438109,3.4005316698295,0.4000886109714356,0.2561420493950131,0.30850831850508215,ETTm1,raw,3648,3744,raw:3648:2,low,low
3,0.7456292691612909,0.29643059670109234,0.06935099365588972,0.875,0.9616500824650007,3.4005316698295,0.4000886109714356,0.370470286506091,0.745579564478812,ETTm1,raw,3648,3744,raw:3648:3,mid,high
4,0.8408931593673259,0.1286585585671193,0.22656864422257772,0.375,0.9108352709180184,3.4005316698295,0.4000886109714356,0.3987067873856743,0.5619746272964846,ETTm1,raw,3648,3744,raw:3648:4,high,high
5,0.5717552204963251,0.30416204525396595,0.56748913452263,1.0,0.8756642936253753,3.4005316698295,0.4000886109714356,0.48113546675764035,0.7585843015322703,ETTm1,raw,3648,3744,raw:3648:5,high,high
6,0.8431915287307887,0.07890832701178171,0.2690220690526149,0.25,0.7866007669724826,3.4005316698295,0.4000886109714356,0.39704064159839514,0.4788964593146394,ETTm1,raw,3648,3744,raw:3648:6,high,mid
0,0.4503442160794717,0.17965144807388644,0.05000832367153535,0.125,0.7202117540457817,3.56135918115251,0.42689319614726295,0.2266679959416312,0.4240349833976816,ETTm1,raw,3840,3936,raw:3840:0,low,mid
1,0.6867327582419014,0.1634064406811518,0.07047420008034452,0.5,0.9364133151243973,3.56135918115251,0.42689319614726295,0.30687113300113256,0.6211021704238867,ETTm1,raw,3840,3936,raw:3840:1,low,high
2,0.8303121284025989,0.07590159135220842,0.003435473460702623,0.125,0.6599859840779138,3.56135918115251,0.42689319614726295,0.30321639773850334,0.4039597267417256,ETTm1,raw,3840,3936,raw:3840:2,low,mid
3,0.7433264864716527,0.17476691541952313,0.04424419340514859,1.0,0.9084243230283144,3.56135918115251,0.42689319614726295,0.32077919843210817,0.7784391730585258,ETTm1,raw,3840,3936,raw:3840:3,mid,high
4,0.771195200716887,0.2801462967363916,0.05229471082626901,0.25,0.8893774089487141,3.56135918115251,0.42689319614726295,0.3678787360931825,0.522090201698659,ETTm1,raw,3840,3936,raw:3840:4,mid,high
5,0.6961751187398866,0.33408645513629265,0.09359472844379525,0.375,0.9536804536520281,3.56135918115251,0.42689319614726295,0.3746187674399915,0.5851912165997638,ETTm1,raw,3840,3936,raw:3840:5,mid,high
6,0.854800588610299,0.03822786633192801,0.05622362015799651,0.0,0.48535874702262893,3.56135918115251,0.42689319614726295,0.3164173583667412,0.30408398105663065,ETTm1,raw,3840,3936,raw:3840:6,mid,low
0,0.6633580564611241,0.06528506996225665,0.5199726644368795,0.25,0.6741970121270898,2.39969390036597,0.2332823163388578,0.4162052636200868,0.3858264428219826,ETTm1,raw,3936,4032,raw:3936:0,high,mid
1,0.36562140049225444,0.2511866940925686,0.3342152115531806,0.375,0.8122524423625307,2.39969390036597,0.2332823163388578,0.31700776871266795,0.47351158623379613,ETTm1,raw,3936,4032,raw:3936:1,mid,mid
2,0.755030602021993,0.11872066704144453,0.2573659372650471,0.25,0.6836622157668033,2.39969390036597,0.2332823163388578,0.37703906877616156,0.388981510701887,ETTm1,raw,3936,4032,raw:3936:2,mid,mid
3,0.6202799875655245,0.19235433630442333,0.20242889983954662,0.625,0.8650848901075302,2.39969390036597,0.2332823163388578,0.33835440790316484,0.5744557354821294,ETTm1,raw,3936,4032,raw:3936:3,mid,high
4,0.553968987117885,0.09968224339547821,0.5450258871516296,0.25,0.7756721202311103,2.39969390036597,0.2332823163388578,0.3995590392216643,0.41965147885665605,ETTm1,raw,3936,4032,raw:3936:4,high,mid
5,0.8369355892321215,0.43218709823125023,0.19780188285676542,1.0,0.9629066882747336,2.39969390036597,0.2332823163388578,0.4889748567733791,0.7320630015378637,ETTm1,raw,3936,4032,raw:3936:5,high,high
6,0.802506891036346,0.0822105752066843,0.19755693002314784,0.0,0.5333230493353288,2.39969390036597,0.2332823163388578,0.36075813208872604,0.25553512189139554,ETTm1,raw,3936,4032,raw:3936:6,mid,low
0,0.28381640980331124,0.04688799765043154,0.19726312516798847,0.0,0.5644210730890874,3.7357132052275595,0.4559522001113396,0.17598917754057708,0.3401244244001423,ETTm1,raw,4128,4224,raw:4128:0,low,low
1,0.43660348851966635,0.39976804450361253,0.6640904029921851,1.0,0.9171075271176908,3.7357132052275595,0.4559522001113396,0.5001539786718213,0.7910199090763435,ETTm1,raw,4128,4224,raw:4128:1,high,high
2,0.3684013695229358,0.07236701615871444,0.1787548229391201,0.0,0.5530296455567909,3.7357132052275595,0.4559522001113396,0.20650773620692342,0.33632728188937683,ETTm1,raw,4128,4224,raw:4128:2,low,low
3,0.616696507977724,0.2648199524962456,0.23917263577173406,1.0,0.9671428260081821,3.7357132052275595,0.4559522001113396,0.3735630320819012,0.8076983420398406,ETTm1,raw,4128,4224,raw:4128:3,mid,high
4,0.24404237939245244,0.07397210825216169,0.3988111492352292,0.25,0.7471392148067875,3.7357132052275595,0.4559522001113396,0.23894187895994778,0.48436380497270903,ETTm1,raw,4128,4224,raw:4128:4,low,mid
5,0.7187524505316214,0.1920554321201991,0.10113653150161293,0.625,0.9262051590862426,3.7357132052275595,0.4559522001113396,0.3373148047178111,0.6690524530658607,ETTm1,raw,4128,4224,raw:4128:5,mid,high
6,0.7168979918988947,0.07434864453421972,0.20269901851325225,0.0,0.6086445820103125,3.7357132052275595,0.4559522001113396,0.3313152183154556,0.3548655940405507,ETTm1,raw,4128,4224,raw:4128:6,mid,low
0,0.2919101379369671,0.07543957287280495,0.2895353170016744,0.25,0.7368788678175896,3.874975873708132,0.4791626448194176,0.2189616759371488,0.4886805042123357,ETTm1,raw,4224,4320,raw:4224:0,low,mid
1,0.5092214211416277,0.13835865286168603,0.12728781851119655,0.875,0.8797895432237008,3.874975873708132,0.4791626448194176,0.25828929750483676,0.7446507293477062,ETTm1,raw,4224,4320,raw:4224:1,low,high
2,0.21804081930694907,0.05001515625678241,0.6271389040249699,0.0,0.6757830992856328,3.874975873708132,0.4791626448194176,0.2983982931962338,0.3849819147016835,ETTm1,raw,4224,4320,raw:4224:2,low,mid
3,0.7854955322048869,0.09793057084659765,0.1368925227969002,0.375,0.7608504417151154,3.874975873708132,0.4791626448194176,0.3401062086161282,0.538337695511511,ETTm1,raw,4224,4320,raw:4224:3,mid,high
4,0.7969951647771358,0.20800555251625163,0.10182851361904822,0.25,0.722907942010459,3.874975873708132,0.4791626448194176,0.3689430769708119,0.4840235289432922,ETTm1,raw,4224,4320,raw:4224:4,mid,mid
5,0.7412323230626526,0.33079600133575227,0.09388758434286312,0.625,0.9588704556192131,3.874975873708132,0.4791626448194176,0.38863863624708933,0.6876777001462102,ETTm1,raw,4224,4320,raw:4224:5,mid,high
6,0.6549655412963429,0.04962462351747157,0.19851045861080602,0.0,0.6420908993821858,3.874975873708132,0.4791626448194176,0.30103354114154013,0.3737511814005345,ETTm1,raw,4224,4320,raw:4224:6,low,mid
0,0.687383963064269,0.07442877620566418,0.5299212979213854,0.125,0.6786481450488107,3.5654041282481135,0.4275673539954067,0.4305780123971062,0.4104051663480724,ETTm1,raw,4320,4416,raw:4320:0,high,mid
1,0.6136371294197449,0.2928981207139544,0.30268218658453494,0.5,0.9175431547994103,3.5654041282481135,0.4275673539954067,0.40307247890607806,0.615036836264939,ETTm1,raw,4320,4416,raw:4320:1,high,high
2,0.7291168349619703,0.08304076514635583,0.40929701026278503,0.0,0.6245618741270215,3.5654041282481135,0.4275673539954067,0.4071515367903704,0.35070974270747607,ETTm1,raw,4320,4416,raw:4320:2,high,low
3,0.8227454780595064,0.32956754101461505,0.4090750032830296,0.375,0.887371167967919,3.5654041282481135,0.4275673539954067,0.5204626741190502,0.5633128406544419,ETTm1,raw,4320,4416,raw:4320:3,high,high
4,0.44475900693955506,0.05764871025917656,0.09487396919087189,0.375,0.7755010923865713,3.5654041282481135,0.4275673539954067,0.19909389546320114,0.5260228154606593,ETTm1,raw,4320,4416,raw:4320:4,low,high
5,0.895545826441214,0.16164789699108081,0.04671555336088508,0.375,0.8671585251935865,3.5654041282481135,0.4275673539954067,0.36796975893106,0.5565752930629978,ETTm1,raw,4320,4416,raw:4320:5,mid,high
6,0.7394326768309167,0.034294446370944934,0.21202975532661306,0.0,0.5681369537369351,3.5654041282481135,0.4275673539954067,0.3285856261761582,0.3319014359107806,ETTm1,raw,4320,4416,raw:4320:6,mid,low
0,0.47672987825644775,0.05511286185542333,0.5073855810961877,0.25,0.6910009228857866,3.5345384104774547,0.42242306770887067,0.3464094404026863,0.4544746635315524,ETTm1,raw,4512,4608,raw:4512:0,mid,mid
1,0.42106342777243067,0.39791082614880335,0.46995532801597917,0.625,0.9405730293753595,3.5345384104774547,0.42242306770887067,0.429643193979071,0.6626653656947434,ETTm1,raw,4512,4608,raw:4512:1,high,high
2,0.07589202214639668,0.055268197217689954,0.7790691176058182,0.125,0.654724602862555,3.5345384104774547,0.42242306770887067,0.3034097789899683,0.4007158901904752,ETTm1,raw,4512,4608,raw:4512:2,low,mid
3,0.4027973366988159,0.3529031189267265,0.6109534320796453,0.625,0.9466389748209763,3.5345384104774547,0.42242306770887067,0.4555512959017292,0.664687347509949,ETTm1,raw,4512,4608,raw:4512:3,high,high
4,0.8226675752641643,0.22934286983894203,0.11695128671315906,0.25,0.767142142033994,3.5345384104774547,0.42242306770887067,0.3896539106054218,0.4798550699142883,ETTm1,raw,4512,4608,raw:4512:4,mid,mid
5,0.8312805443593628,0.10818512582437938,0.3296081634791673,0.625,0.9441230899604638,3.5345384104774547,0.42242306770887067,0.42302461122096985,0.6638487192231115,ETTm1,raw,4512,4608,raw:4512:5,high,high
6,0.7431592268339979,0.02991621564801491,0.10704861166249167,0.0,0.653897507590258,3.5345384104774547,0.42242306770887067,0.29337468471483485,0.35877352509970956,ETTm1,raw,4512,4608,raw:4512:6,low,low
0,0.4674072717699692,0.06093104499696686,0.48556186494177234,0.0,0.6072494423841696,2.8594109163743906,0.30990181887922874,0.33796672723623616,0.30571708708779943,ETTm1,raw,4608,4704,raw:4608:0,mid,low
1,0.7563663539969196,0.46589579134932346,0.26304275621958,0.375,0.8715933294004707,2.8594109163743906,0.30990181887922874,0.49510163385527445,0.5188317160932332,ETTm1,raw,4608,4704,raw:4608:1,high,high
2,0.5158334165427131,0.07847391600621231,0.29303343401265797,0.0,0.6417269327418968,2.8594109163743906,0.30990181887922874,0.2957802555205278,0.3172095838737085,ETTm1,raw,4608,4704,raw:4608:2,low,low
3,0.6416369006199549,0.3466037292228705,0.408734849530648,0.625,0.9312584150552111,2.8594109163743906,0.30990181887922874,0.46565849312449115,0.6220534113114801,ETTm1,raw,4608,4704,raw:4608:3,high,high
4,0.47719136882049784,0.05139975734664683,0.7202327849740867,0.375,0.7827586094440154,2.8594109163743906,0.30990181887922874,0.4162746370470771,0.4892201427744148,ETTm1,raw,4608,4704,raw:4608:4,high,mid
5,0.7959112285566545,0.4340098265746013,0.206577373989282,1.0,0.9809195653235937,2.8594109163743906,0.30990181887922874,0.47883280970684594,0.7636071280676076,ETTm1,raw,4608,4704,raw:4608:5,high,high
6,0.8382331171468784,0.012495860709169585,0.05633842467694343,0.0,0.6313414038223976,2.8594109163743906,0.30990181887922874,0.3023558008443305,0.3137477409005421,ETTm1,raw,4608,4704,raw:4608:6,low,low
0,0.7192792499328671,0.18685183613782702,0.06437600424068293,0.25,0.7061855307005918,3.4509710798447077,0.40849517929329265,0.3235023634371257,0.4548935699979615,ETTm1,raw,4800,4896,raw:4800:0,mid,mid
1,0.6846694784271471,0.1347716500609406,0.043669904320712244,0.125,0.7666101496927765,3.4509710798447077,0.40849517929329265,0.2877036776029333,0.4333684429953564,ETTm1,raw,4800,4896,raw:4800:1,low,mid
2,0.8348086310128471,0.2308757992406798,0.05424647370850921,0.0,0.6824007239333952,3.4509710798447077,0.40849517929329265,0.37331030132067866,0.3636319677422293,ETTm1,raw,4800,4896,raw:4800:2,mid,mid
3,0.8235570322795351,0.21843758822991807,0.03035348448968959,0.375,0.8372895909461213,3.4509710798447077,0.40849517929329265,0.3574493683330476,0.5402615900798047,ETTm1,raw,4800,4896,raw:4800:3,mid,high
4,0.4013239459878878,0.16755670928900318,0.823301818233068,0.25,0.6161458914548449,3.4509710798447077,0.40849517929329265,0.4640608245033197,0.4248803569160458,ETTm1,raw,4800,4896,raw:4800:4,high,mid
5,0.7193641867238414,0.08968980905733107,0.4898265595107075,0.375,0.8401719790591571,3.4509710798447077,0.40849517929329265,0.43296018509729334,0.5412223861174833,ETTm1,raw,4800,4896,raw:4800:5,high,high
6,0.8558605452959986,0.0671356591358433,0.36247436154792395,0.125,0.5807188353800298,3.4509710798447077,0.40849517929329265,0.42849018865992194,0.3714046715577741,ETTm1,raw,4800,4896,raw:4800:6,high,mid
0,0.494622588617483,0.14561042682192005,0.04886857601632794,0.0,0.6521632755997274,2.9374284190494557,0.3229047359700681,0.22970053048524366,0.32502267052326517,ETTm1,raw,4896,4992,raw:4896:0,low,low
1,0.7335964443743637,0.22247720799414067,0.30200333127051165,0.625,0.8920770787865822,2.9374284190494557,0.3229047359700681,0.4193589945463387,0.6133272715855501,ETTm1,raw,4896,4992,raw:4896:1,high,high
2,0.7286391807110768,0.09906816262348367,0.002040571370632907,0.125,0.5824532458230103,2.9374284190494557,0.3229047359700681,0.2765826382350645,0.3434526605976928,ETTm1,raw,4896,4992,raw:4896:2,low,low
3,0.837389278337134,0.3245992384389375,0.16011355884889017,0.5,0.9189241023987011,2.9374284190494557,0.3229047359700681,0.4407006918749872,0.5806096127895898,ETTm1,raw,4896,4992,raw:4896:3,high,high
4,0.8359445953775572,0.2067210468698546,0.328465632920271,0.375,0.885186243774042,2.9374284190494557,0.3229047359700681,0.4570437583892275,0.5276969932480366,ETTm1,raw,4896,4992,raw:4896:4,high,high
5,0.741116339699261,0.1750512406953752,0.29735609234329785,0.625,0.8304493842011411,2.9374284190494557,0.3229047359700681,0.4045078909126447,0.5927847067237364,ETTm1,raw,4896,4992,raw:4896:5,high,high
6,0.6215342379217581,0.29699136729515496,0.1450807595469359,0.0,0.5427937291843676,2.9374284190494557,0.3229047359700681,0.35453545492128297,0.2885661550514786,ETTm1,raw,4896,4992,raw:4896:6,mid,low
0,0.876545862415933,0.03368570046715048,0.008873051765383036,0.0,0.3355108675102316,3.5716115127907746,0.4286019180841259,0.3063682048828222,0.25470426186478584,ETTm1,raw,4992,5088,raw:4992:0,low,low
1,0.9433870284501723,0.2040909036377644,0.017843747735639775,0.75,0.9113239273278776,3.5716115127907746,0.4286019180841259,0.38844055994119214,0.6966419484706678,ETTm1,raw,4992,5088,raw:4992:1,mid,high
2,0.8742717546535828,0.07914264097188575,0.007140608199574101,0.0,0.4110993093938853,3.5716115127907746,0.4286019180841259,0.3201850012750142,0.27990040915933706,ETTm1,raw,4992,5088,raw:4992:2,mid,low
3,0.8904677765805302,0.32601464359263077,0.09146698934279948,1.0,0.9451337970620208,3.5716115127907746,0.4286019180841259,0.43598313650532017,0.7912452383820489,ETTm1,raw,4992,5088,raw:4992:3,high,high
4,0.8338544601416543,0.13163311896769303,0.004664639315159337,0.0,0.6616610776432137,3.5716115127907746,0.4286019180841259,0.3233840728081689,0.36342099857577986,ETTm1,raw,4992,5088,raw:4992:4,mid,mid
5,0.8958567189440827,0.14045235071457246,0.015170617667666053,0.125,0.8892201846097199,3.5716115127907746,0.4286019180841259,0.35049322910877373,0.48094070089794855,ETTm1,raw,4992,5088,raw:4992:5,mid,mid
6,0.15413627821660725,0.38128330679402217,0.28397681512417916,0.375,0.7515934697097839,3.5716115127907746,0.4286019180841259,0.2731321333782695,0.51839846259797,ETTm1,raw,4992,5088,raw:4992:6,low,high
0,0.5913199781470505,0.19841157610914115,0.5479062637466673,0.5,0.8881236513072214,3.962200011804068,0.49370000114451135,0.4458792726676197,0.6272745508172443,ETTm1,raw,5184,5280,raw:5184:0,high,high
1,0.604921369109193,0.24736838677891965,0.2060473637166725,1.0,0.9287695092283651,3.962200011804068,0.49370000114451135,0.3527790398682617,0.8074898367909588,ETTm1,raw,5184,5280,raw:5184:1,mid,high
2,0.06282235737642483,0.27962176809996964,0.27391480739149865,0.375,0.8444714277480942,3.962200011804068,0.49370000114451135,0.20545297762263104,0.5710571429642018,ETTm1,raw,5184,5280,raw:5184:2,low,high
3,0.7127718035668621,0.3161492962120902,0.08881657871749894,1.0,0.9410697833747235,3.962200011804068,0.49370000114451135,0.3725792261654837,0.8115899281730782,ETTm1,raw,5184,5280,raw:5184:3,mid,high
4,0.9000619576227271,0.23206302665722872,0.11429069052898665,0.25,0.8549133748688138,3.962200011804068,0.49370000114451135,0.41547189160298087,0.532871125337775,ETTm1,raw,5184,5280,raw:5184:4,high,high
5,0.5197513590959274,0.22313605420947916,0.3412938178146286,1.0,0.9333331483594279,3.962200011804068,0.49370000114451135,0.36139374370667837,0.8090110498346464,ETTm1,raw,5184,5280,raw:5184:5,mid,high
6,0.8437837631093201,0.018013659885297552,0.15083306553312925,0.0,0.6124770625663617,3.962200011804068,0.49370000114451135,0.3375434961759156,0.3687256879036243,ETTm1,raw,5184,5280,raw:5184:6,mid,mid
0,0.29741096904825126,0.12594553604153302,0.0628899921164845,0.125,0.6185728899406511,3.3647810371482607,0.3941301722011598,0.16208216573542292,0.3792343540472703,ETTm1,raw,5280,5376,raw:5280:0,low,mid
1,0.541764007794119,0.2597271114447171,0.2640011932657198,0.75,0.907885008094313,3.3647810371482607,0.3941301722011598,0.3551641041681853,0.6840050600984909,ETTm1,raw,5280,5376,raw:5280:1,mid,high
2,0.37532010803047555,0.14865126377935678,0.06161102545795062,0.125,0.5990535110400449,3.3647810371482607,0.3941301722011598,0.1951941324225943,0.3727278944137349,ETTm1,raw,5280,5376,raw:5280:2,low,mid
3,0.5855550647915586,0.20029388937455816,0.22558278759863276,0.75,0.8715280759196106,3.3647810371482607,0.3941301722011598,0.3371439139215832,0.6718860827069234,ETTm1,raw,5280,5376,raw:5280:3,mid,high
4,0.7990329798228681,0.05908723689090932,0.06333484218429326,0.125,0.7784443343309676,3.3647810371482607,0.3941301722011598,0.3071516862993569,0.43252483551070914,ETTm1,raw,5280,5376,raw:5280:4,low,mid
5,0.706461648742954,0.18151892334358938,0.12041031827291868,0.5,0.97141545192962,3.3647810371482607,0.3941301722011598,0.33613029678648737,0.6218485413769266,ETTm1,raw,5280,5376,raw:5280:5,mid,high
6,0.7879285782147954,0.018278654956191645,0.09470989743275725,0.0,0.5421549176190974,3.3647810371482607,0.3941301722011598,0.30030571020124813,0.31209502994008576,ETTm1,raw,5280,5376,raw:5280:6,low,low
0,0.9852148189878996,0.138017586888371,0.013765507966800017,0.125,0.7347901654389102,3.155415275410665,0.3592358786363844,0.3789993046143569,0.40634201469176484,ETTm1,raw,5472,5568,raw:5472:0,mid,mid
1,0.7855163111682676,0.20602116191245973,0.08638770002117448,0.875,0.9679388207268312,3.155415275410665,0.3592358786363844,0.35930839103396733,0.7340582331210719,ETTm1,raw,5472,5568,raw:5472:1,mid,high
2,0.977776419228523,0.12995617392723227,0.026952076770234232,0.125,0.7542399719341764,3.155415275410665,0.3592358786363844,0.3782282233086632,0.41282528352352027,ETTm1,raw,5472,5568,raw:5472:2,mid,mid
3,0.8188019253818074,0.27978799938004356,0.13147316858548086,0.625,0.936025927479395,3.155415275410665,0.3592358786363844,0.41002103111577726,0.6400872687052598,ETTm1,raw,5472,5568,raw:5472:3,high,high
4,0.9678874098845488,0.09698744336717438,0.0073999776948845955,0.375,0.877108056867342,3.155415275410665,0.3592358786363844,0.35742494364886923,0.5371146451679087,ETTm1,raw,5472,5568,raw:5472:4,mid,high
5,0.7129447501424211,0.19854870716371534,0.13815887964721593,0.125,0.8528685670700674,3.155415275410665,0.3592358786363844,0.3498841123177841,0.4457014819021506,ETTm1,raw,5472,5568,raw:5472:5,mid,mid
6,0.9160314267390673,0.022310633571440114,0.013066160507348832,0.0,0.44746649701809427,3.155415275410665,0.3592358786363844,0.31713607360595214,0.26890079188482624,ETTm1,raw,5472,5568,raw:5472:6,mid,low
0,0.5191412091541427,0.24627534191582184,0.7403320389713592,0.5,0.9104698383486214,3.7389291631940305,0.4564881931048581,0.5019161966804413,0.6223193438178265,ETTm1,raw,5568,5664,raw:5568:0,high,high
1,0.26640814990980666,0.12913641277110155,0.559200890735281,0.625,0.9194849069322,3.7389291631940305,0.4564881931048581,0.31824848447206305,0.666991033345686,ETTm1,raw,5568,5664,raw:5568:1,mid,high
2,0.5078303139183079,0.3409100352262502,0.07444700439012007,0.75,0.9520351446773355,3.7389291631940305,0.4564881931048581,0.3077291178448927,0.7195077792607312,ETTm1,raw,5568,5664,raw:5568:2,low,high
3,0.40500475383931334,0.17023619553816793,0.46274378971674496,0.5,0.9041812222097608,3.7389291631940305,0.4564881931048581,0.3459949130314088,0.6202231384382063,ETTm1,raw,5568,5664,raw:5568:3,mid,high
4,0.6946214356771454,0.22073727497013873,0.9538108250100138,0.125,0.7426816891837756,3.7389291631940305,0.4564881931048581,0.6230565118857659,0.4413899607628779,ETTm1,raw,5568,5664,raw:5568:4,high,mid
5,0.7855686593962237,0.08015568553900336,0.19278161366806681,0.125,0.551405192951957,3.7389291631940305,0.4564881931048581,0.3528353195344313,0.37763112868560506,ETTm1,raw,5568,5664,raw:5568:5,mid,mid
6,0.7696489221336418,0.030521151317406,0.1281859247057965,0.0,0.600077212391105,3.7389291631940305,0.4564881931048581,0.30945199938561474,0.3521884684986543,ETTm1,raw,5568,5664,raw:5568:6,low,low
0,0.9335998358953422,0.06838268025911962,0.010960890689575896,0.25,0.732072642324273,3.202402261756553,0.36706704301431375,0.3376478022813459,0.4497132284461956,ETTm1,raw,5760,5856,raw:5760:0,mid,mid
1,0.8105902352713725,0.2435934683191649,0.03437391024298005,0.5,0.9482560414073411,3.202402261756553,0.36706704301431375,0.36285253794450584,0.6051076948072183,ETTm1,raw,5760,5856,raw:5760:1,mid,high
2,0.9572368451144124,0.07387736139242364,0.004920783712850295,0.25,0.7265449789164361,3.202402261756553,0.36706704301431375,0.34534499673989544,0.44787067397691666,ETTm1,raw,5760,5856,raw:5760:2,mid,mid
3,0.8534614622653856,0.27492322411289594,0.07041371803238862,0.625,0.9380355077159066,3.202402261756553,0.36706704301431375,0.39959946813689,0.6433675169100734,ETTm1,raw,5760,5856,raw:5760:3,high,high
4,0.9164319637316098,0.13778087659065605,0.01640719249475276,0.25,0.7707280701299266,3.202402261756553,0.36706704301431375,0.3568733442723396,0.4625983710480801,ETTm1,raw,5760,5856,raw:5760:4,mid,mid
5,0.8543315043919342,0.07877758592094142,0.034524096290226236,0.125,0.6118853768444914,3.202402261756553,0.36706704301431375,0.32254439553436726,0.36798413995293505,ETTm1,raw,5760,5856,raw:5760:5,mid,mid
6,0.8837701929604709,0.11760933894617084,0.04507109885018313,0.0,0.4414087667100809,3.202402261756553,0.36706704301431375,0.34881687691894164,0.26949193657479825,ETTm1,raw,5760,5856,raw:5760:6,mid,low
0,0.0,0.0,0.0,0.0,-0.0,1.0,0.0,0.0,0.0,ETTm1,raw,5856,5952,raw:5856:0,low,low
1,0.0,0.0,0.0,0.0,-0.0,1.0,0.0,0.0,0.0,ETTm1,raw,5856,5952,raw:5856:1,low,low
2,0.0,0.0,0.0,0.0,-0.0,1.0,0.0,0.0,0.0,ETTm1,raw,5856,5952,raw:5856:2,low,low
3,0.0,0.0,0.0,0.0,-0.0,1.0,0.0,0.0,0.0,ETTm1,raw,5856,5952,raw:5856:3,low,low
4,0.0,0.0,0.0,0.0,-0.0,1.0,0.0,0.0,0.0,ETTm1,raw,5856,5952,raw:5856:4,low,low
5,0.0,0.0,0.0,0.0,-0.0,1.0,0.0,0.0,0.0,ETTm1,raw,5856,5952,raw:5856:5,low,low
6,0.0,0.0,0.0,0.0,-0.0,1.0,0.0,0.0,0.0,ETTm1,raw,5856,5952,raw:5856:6,low,low
0,0.9618956848682141,0.04392403165662889,0.006058388342809223,0.25,0.8133911854557978,2.82778500593145,0.30463083381419026,0.3372927016225507,0.4560073397566627,ETTm1,raw,5952,6048,raw:5952:0,mid,mid
1,0.8771881420620531,0.14922597203238344,0.057472486128408946,0.625,0.9552132922193763,2.82778500593145,0.30463083381419026,0.36129553340761517,0.6282813753445222,ETTm1,raw,5952,6048,raw:5952:1,mid,high
2,0.9416807380140658,0.06673425653889772,0.007591062389791956,0.25,0.8493485754222919,2.82778500593145,0.30463083381419026,0.3386686856475851,0.4679931364121608,ETTm1,raw,5952,6048,raw:5952:2,mid,mid
3,0.7340395924394474,0.09278669210262938,0.4656705088788847,0.5,0.9730188523029334,2.82778500593145,0.30463083381419026,0.4308322644736538,0.5925498953723746,ETTm1,raw,5952,6048,raw:5952:3,high,high
4,0.9040209027993822,0.12476029569063883,0.0165333515411907,0.125,0.8215490372901438,2.82778500593145,0.30463083381419026,0.3484381833437373,0.417059957034778,ETTm1,raw,5952,6048,raw:5952:4,mid,mid
5,0.8959905339390497,0.2129054012473237,0.08288255835422247,0.5,0.8383789234329079,2.82778500593145,0.30463083381419026,0.3972594978468653,0.5476699190823661,ETTm1,raw,5952,6048,raw:5952:5,high,high
6,0.8169779583494404,0.07295741940286393,0.16865262884100096,0.0,0.6626708606950398,2.82778500593145,0.30463083381419026,0.3528626688644351,0.3224338981697434,ETTm1,raw,5952,6048,raw:5952:6,mid,low
0,0.8739407469208771,0.10982157140006239,0.027227588112771837,0.25,0.8709109926669915,2.6255676217641697,0.27092793650914837,0.33699663547790376,0.46394630972538,ETTm1,raw,6144,6240,raw:6144:0,mid,mid
1,0.6922368867842577,0.1545271488161316,0.17267697663832798,0.625,0.9588902486730426,2.6255676217641697,0.27092793650914837,0.3398136707462391,0.6182727283940637,ETTm1,raw,6144,6240,raw:6144:1,mid,high
2,0.8054930129173187,0.13108355184636797,0.08018028900099627,0.375,0.8925852050637919,2.6255676217641697,0.27092793650914837,0.3389189512548943,0.5128377138576468,ETTm1,raw,6144,6240,raw:6144:2,mid,high
3,0.6004306026321695,0.28510103106430856,0.24430698696601613,0.625,0.9863444719133503,2.6255676217641697,0.27092793650914837,0.37661287355416473,0.6274241361408329,ETTm1,raw,6144,6240,raw:6144:3,mid,high
4,0.9574862223816113,0.2422826428526418,0.0031745334569963555,0.125,0.8796595936289602,2.6255676217641697,0.27092793650914837,0.40098113289708315,0.4251958433793695,ETTm1,raw,6144,6240,raw:6144:4,high,mid
5,0.8095500260599425,0.3217091507843616,0.022449927100451593,0.25,0.8329129371545098,2.6255676217641697,0.27092793650914837,0.3845697013149186,0.45128029122121943,ETTm1,raw,6144,6240,raw:6144:5,mid,mid
6,0.8532382462930189,0.03162712757738008,0.0038555791509783596,0.0,0.4324593303033934,2.6255676217641697,0.27092793650914837,0.29624031767379244,0.23446242227084726,ETTm1,raw,6144,6240,raw:6144:6,low,low
0,0.9465815543886289,0.25688743926345814,0.035373421859677075,0.125,0.9057992825874002,2.744732467448379,0.29078874409008193,0.4129474718372547,0.4405293422258274,ETTm1,raw,6240,6336,raw:6240:0,high,mid
1,0.7325145696775367,0.38156177269992125,0.15563363366668506,0.25,0.8700192346638403,2.744732467448379,0.29078874409008193,0.423236658681381,0.4702693262513075,ETTm1,raw,6240,6336,raw:6240:1,high,mid
2,0.9566902665611791,0.2490160461795826,0.02453480461137541,0.0,0.8446863818171781,2.744732467448379,0.29078874409008193,0.4100803724507123,0.3784917086357534,ETTm1,raw,6240,6336,raw:6240:2,high,mid
3,0.782166080603303,0.22673134230658437,0.12047722672508387,0.375,0.8072859518007454,2.744732467448379,0.29078874409008193,0.37645821654499034,0.4910248986302757,ETTm1,raw,6240,6336,raw:6240:3,mid,mid
4,0.5742741531894681,0.2900483182337312,0.4873997937157818,0.125,0.7770946725723346,2.744732467448379,0.29078874409008193,0.45057408837966034,0.39762780555413885,ETTm1,raw,6240,6336,raw:6240:4,high,mid
5,0.08212496787994805,0.08012246557327765,0.14523912180918266,0.125,0.5932607894778471,2.744732467448379,0.29078874409008193,0.10249551842080279,0.336349844522643,ETTm1,raw,6240,6336,raw:6240:5,low,low
6,0.5154211907580646,0.03825148403076242,0.15694258567932814,0.0,0.43653002922326095,2.744732467448379,0.29078874409008193,0.23687175348938505,0.2424395911044476,ETTm1,raw,6240,6336,raw:6240:6,low,low
0,0.9471552160350664,0.3057351543313268,0.016217099493047157,0.375,0.9283358895522967,2.5708421861598376,0.26180703059029453,0.4230358232864801,0.521714306714197,ETTm1,raw,6432,6528,raw:6432:0,high,high
1,0.7818203089369173,0.22392056003772315,0.05169735703439025,0.75,0.9801862650248104,2.5708421861598376,0.26180703059029453,0.3524794086696769,0.663997765205035,ETTm1,raw,6432,6528,raw:6432:1,mid,high
2,0.9069504636472767,0.26430512085185265,0.033457350200735814,0.25,0.9048632871722468,2.5708421861598376,0.26180703059029453,0.4015709782332884,0.4722234392541805,ETTm1,raw,6432,6528,raw:6432:2,high,mid
3,0.8046069582900838,0.2325556934198757,0.10070447866578443,0.375,0.9260690711263576,2.5708421861598376,0.26180703059029453,0.37928904345858133,0.5209587005722174,ETTm1,raw,6432,6528,raw:6432:3,mid,high
4,0.964320968281666,0.16981507453255515,0.0033507244222115967,0.375,0.8599416974872673,2.5708421861598376,0.26180703059029453,0.3791622557454775,0.49891624269252066,ETTm1,raw,6432,6528,raw:6432:4,mid,mid
5,0.748833259161213,0.2831661733534693,0.027131127212143055,0.375,0.8982985356005394,2.5708421861598376,0.26180703059029453,0.3530435199089417,0.5117018553969447,ETTm1,raw,6432,6528,raw:6432:5,mid,high
6,0.7974390125746655,0.12953325747835748,0.4409646312532963,0.125,0.8158722372982137,2.5708421861598376,0.26180703059029453,0.4559789671021064,0.40089308929616935,ETTm1,raw,6432,6528,raw:6432:6,high,mid
0,0.7750413826811879,0.3428491761157305,0.04610715738792614,1.0,0.9710463656925941,2.991374291996235,0.3318957147795463,0.38799923872828157,0.7676473601573801,ETTm1,raw,6528,6624,raw:6528:0,mid,high
1,0.6774476109260166,0.45955725181105367,0.11604210473730764,1.0,0.9399451251967448,2.991374291996235,0.3318957147795463,0.41768232249145937,0.7572802799920971,ETTm1,raw,6528,6624,raw:6528:1,high,high
2,0.819350487661225,0.2856689710460777,0.013551461552814031,0.625,0.9469906162158332,2.991374291996235,0.3318957147795463,0.37285697342003893,0.6346287769984599,ETTm1,raw,6528,6624,raw:6528:2,mid,high
3,0.760772003638776,0.5061272729622346,0.10846042492091759,0.875,0.8858909844199351,2.991374291996235,0.3318957147795463,0.4584532338406427,0.6975955663998272,ETTm1,raw,6528,6624,raw:6528:3,high,high
4,0.7141096671381233,0.6423139482602558,0.15362340074852118,0.375,0.9536054929103517,2.991374291996235,0.3318957147795463,0.5033490053823001,0.5535004025632994,ETTm1,raw,6528,6624,raw:6528:4,high,high
5,0.7405856674837923,0.22227385325785332,0.07145086896845414,0.25,0.772620459116242,2.991374291996235,0.3318957147795463,0.3447701299033666,0.45150539129859607,ETTm1,raw,6528,6624,raw:6528:5,mid,mid
6,0.9492553414557663,0.02769072579140628,0.019050268552533677,0.0,0.48135179287918656,2.991374291996235,0.3318957147795463,0.33199877859990207,0.27108250255291094,ETTm1,raw,6528,6624,raw:6528:6,mid,low
0,0.8637783426645754,0.07863569797949771,0.08052279445143522,0.25,0.8086585846419948,2.390137879606397,0.23168964621491672,0.3409789450318361,0.4301160769523038,ETTm1,raw,6624,6720,raw:6624:0,mid,mid
1,0.724282677816704,0.17684253352771845,0.12606472107443273,0.375,0.9030906086252234,2.390137879606397,0.23168964621491672,0.3423966441396184,0.5032600849467134,ETTm1,raw,6624,6720,raw:6624:1,mid,high
2,0.8161321542719291,0.24900087230622125,0.16747539453462684,0.25,0.8024031171018132,2.390137879606397,0.23168964621491672,0.410869473704259,0.4280309211055766,ETTm1,raw,6624,6720,raw:6624:2,high,mid
3,0.7100906295558829,0.16701410650352108,0.20452609416663842,0.25,0.8495719960757102,2.390137879606397,0.23168964621491672,0.36054361007534746,0.44375388076354233,ETTm1,raw,6624,6720,raw:6624:3,mid,mid
4,0.9421558684915311,0.12636167578791974,0.0026482350051002185,0.125,0.7278545270396333,2.390137879606397,0.23168964621491672,0.35705525976151703,0.36151472441818333,ETTm1,raw,6624,6720,raw:6624:4,mid,mid
5,0.7898148492720003,0.5876123001857549,0.03479686790071088,0.25,0.8022014074607807,2.390137879606397,0.23168964621491672,0.47074133911948873,0.42796368455856587,ETTm1,raw,6624,6720,raw:6624:5,high,mid
6,0.9106718003665883,0.04233488916383731,0.07194402784766205,0.0,0.5330349901937496,2.390137879606397,0.23168964621491672,0.3416502391260292,0.2549082121362221,ETTm1,raw,6624,6720,raw:6624:6,mid,low
0,0.8558315016345968,0.332232354883607,0.08250664832153412,0.375,0.8685872872840525,3.192808162492518,0.36546802647297294,0.423523501613246,0.5363517712523418,ETTm1,raw,6816,6912,raw:6816:0,high,high
1,0.8295441883104753,0.2557718793226269,0.06239273180663027,0.625,0.8902473184931239,3.192808162492518,0.36546802647297294,0.3825695998132441,0.6269051149886989,ETTm1,raw,6816,6912,raw:6816:1,mid,high
2,0.8835941947636315,0.22793523712775465,0.08461798220791206,0.25,0.7903365248074722,3.192808162492518,0.36546802647297294,0.3987158046997661,0.4686015170934817,ETTm1,raw,6816,6912,raw:6816:2,high,mid
3,0.723521594360884,0.30939301630261506,0.1651542088382641,1.0,0.981565802656244,3.192808162492518,0.36546802647297294,0.3993562731672544,0.782344609709739,ETTm1,raw,6816,6912,raw:6816:3,high,high
4,0.7764145346847459,0.5173755446799555,0.9304549058147359,0.125,0.909569935847543,3.192808162492518,0.36546802647297294,0.7414149950598125,0.4666793207735053,ETTm1,raw,6816,6912,raw:6816:4,high,mid
5,0.5894927337148358,0.13365571543733024,0.2534487094728148,0.125,0.6662584613807561,3.192808162492518,0.36546802647297294,0.325532386208327,0.38557549595124296,ETTm1,raw,6816,6912,raw:6816:5,mid,mid
6,0.7303975843980779,0.061894165844406206,0.23711232973213775,0.0,0.6347203051905465,3.192808162492518,0.36546802647297294,0.34313469332487395,0.33339611055450646,ETTm1,raw,6816,6912,raw:6816:6,mid,low
0,0.9828938207222627,0.13649471479069597,0.01033886236933179,0.125,0.7523982807387505,3.3664132223017496,0.39440220305962126,0.3765757992940968,0.4239334945994573,ETTm1,raw,6912,7008,raw:6912:0,mid,mid
1,0.914822251272875,0.2797989992689784,0.10447129768043795,0.625,0.9764935578640752,3.3664132223017496,0.39440220305962126,0.4330308494074305,0.6652985869745655,ETTm1,raw,6912,7008,raw:6912:1,high,high
2,0.9853023625264725,0.13533147498180623,0.002080678040821564,0.125,0.7259952460700091,3.3664132223017496,0.39440220305962126,0.3742381718497001,0.41513248304321015,ETTm1,raw,6912,7008,raw:6912:2,mid,mid
3,0.6895775788926723,0.23974610406245384,0.09141364022366957,1.0,0.9142114315155899,3.3664132223017496,0.39440220305962126,0.3402457743929319,0.7695378781917371,ETTm1,raw,6912,7008,raw:6912:3,mid,high
4,0.9428090883244351,0.10993151502876333,0.007189623657447438,0.25,0.8122452167422639,3.3664132223017496,0.39440220305962126,0.3533100756702153,0.48554913993396176,ETTm1,raw,6912,7008,raw:6912:4,mid,mid
5,0.7187525433930988,0.0827826372401429,0.025609882825548193,0.375,0.8451543075001506,3.3664132223017496,0.39440220305962126,0.27571502115292995,0.538185503519924,ETTm1,raw,6912,7008,raw:6912:5,low,high
6,0.8977346254491916,0.028548872575624506,0.4851082304048877,0.0,0.16167037040457907,3.3664132223017496,0.39440220305962126,0.4704639094765679,0.18535752448806678,ETTm1,raw,6912,7008,raw:6912:6,high,low
0,0.9798136631926427,0.12216277921955618,0.006393264643064783,0.125,0.657978296468244,2.5984388954516944,0.2664064821312716,0.3694565690184213,0.34979492619983854,ETTm1,raw,7104,7200,raw:7104:0,mid,low
1,0.7400576317915566,0.15656226919379532,0.11010691038521485,0.5,0.9428050730047131,2.5984388954516944,0.2664064821312716,0.3355756037901889,0.5697371850453282,ETTm1,raw,7104,7200,raw:7104:1,mid,high
2,0.993674842537428,0.17545320901864492,0.01389296323550095,0.25,0.7975753943580576,2.5984388954516944,0.2664064821312716,0.39434033826385795,0.4379939588297764,ETTm1,raw,7104,7200,raw:7104:2,high,mid
3,0.5316405338188197,0.19180378132024248,0.39679206062633054,0.5,0.8836598194188673,2.5984388954516944,0.2664064821312716,0.37341212525513096,0.550022100516713,ETTm1,raw,7104,7200,raw:7104:3,mid,high
4,0.9752366694751716,0.12176511187447883,0.011367928950130859,0.0,0.6152921697942602,2.5984388954516944,0.2664064821312716,0.3694565700999271,0.2938995506418439,ETTm1,raw,7104,7200,raw:7104:4,mid,low
5,0.8672498142341002,0.06990895732462801,0.015129885433991993,0.0,0.4560195594556036,2.5984388954516944,0.2664064821312716,0.3174295523309067,0.2408086805289584,ETTm1,raw,7104,7200,raw:7104:5,mid,low
6,0.7738883243975211,0.023087087174447973,0.12183866536782091,0.0,0.5086680567904905,2.5984388954516944,0.2664064821312716,0.30627135897993,0.2583581796405874,ETTm1,raw,7104,7200,raw:7104:6,low,low
0,0.9530693739550072,0.15969612975771075,0.03615903520180988,0.125,0.8813281993811966,3.083771671681414,0.3472952780347435,0.38297484630484263,0.4512078258053134,ETTm1,raw,7200,7296,raw:7200:0,mid,mid
1,0.7987719785798355,0.10300423451173438,0.03120313977933987,0.625,0.8415387040290668,3.083771671681414,0.3472952780347435,0.3109931176236366,0.6046113273546035,ETTm1,raw,7200,7296,raw:7200:1,low,high
2,0.9850542528058677,0.15951651431128494,0.028949313348387587,0.25,0.7948234016913908,3.083771671681414,0.3472952780347435,0.39117336015518006,0.4640395599087115,ETTm1,raw,7200,7296,raw:7200:2,high,mid
3,0.909108359766253,0.11485947348530956,0.1320916664622883,0.25,0.8366821057200196,3.083771671681414,0.3472952780347435,0.38535316657128366,0.47799246125158773,ETTm1,raw,7200,7296,raw:7200:3,mid,mid
4,0.6223218587952849,0.41907655095110713,0.9262761586013879,0.625,0.939379220789908,3.083771671681414,0.3472952780347435,0.6558915227825933,0.6372248329415505,ETTm1,raw,7200,7296,raw:7200:4,high,high
5,0.13028602342920637,0.08591638286481211,0.2991123698248282,0.125,0.7556230601708825,3.083771671681414,0.3472952780347435,0.17177159203961556,0.40930611273520867,ETTm1,raw,7200,7296,raw:7200:5,low,mid
6,0.4917623738297987,0.08465002887992426,0.11372641728358047,0.0,0.6398024147606286,3.083771671681414,0.3472952780347435,0.23004627333110114,0.329032564265124,ETTm1,raw,7200,7296,raw:7200:6,low,low
0,0.8115062556045569,0.5003195327066009,0.769957548192067,0.0,0.7605145313668379,3.1092052922594555,0.3515342147906856,0.6939277788344084,0.37068291538584114,ETTm1,raw,7392,7488,raw:7392:0,high,mid
1,0.5404274679521945,0.157081979940772,0.7312237347197886,0.75,0.9426753331196752,3.1092052922594555,0.3515342147906856,0.47624439420425174,0.681403182636787,ETTm1,raw,7392,7488,raw:7392:1,high,high
2,0.7679904424360946,0.4310300084039608,0.2827590090748093,0.25,0.820469114904601,3.1092052922594555,0.3515342147906856,0.49392648663828825,0.4740011098984289,ETTm1,raw,7392,7488,raw:7392:2,high,mid
3,0.0,0.35899465673185604,0.6566390723056811,1.0,0.8653068462693112,3.1092052922594555,0.3515342147906856,0.3385445763458457,0.7389470203533323,ETTm1,raw,7392,7488,raw:7392:3,mid,high
4,0.5835184990543189,0.07605445118600482,0.860864248136054,0.125,0.6448263649473422,3.1092052922594555,0.3515342147906856,0.5068123994587926,0.37378685991267596,ETTm1,raw,7392,7488,raw:7392:4,high,mid
5,0.5426980670887556,0.22901435400789089,0.5245203858870938,0.0,0.5806855257867891,3.1092052922594555,0.3515342147906856,0.43207760232791337,0.3107399135258249,ETTm1,raw,7392,7488,raw:7392:5,high,low
6,0.9966674595778102,0.11925012833508623,0.8417909383951827,0.25,0.7302585120210219,3.1092052922594555,0.3515342147906856,0.6525695087693597,0.4439309089372358,ETTm1,raw,7392,7488,raw:7392:6,high,mid
0,0.7374229026480542,0.08152697229770489,0.23558452729643387,0.375,0.8956350202400508,2.644343614885134,0.27405726869076025,0.3515114674140643,0.5148974296436037,ETTm1,raw,7488,7584,raw:7488:0,mid,high
1,0.5656427720196868,0.23938367971472582,0.26471833068742573,0.25,0.9177818057352399,2.644343614885134,0.27405726869076025,0.3565815941406128,0.4806130248086668,ETTm1,raw,7488,7584,raw:7488:1,mid,mid
2,0.8630438636823314,0.2321888268741931,0.20457001810790915,0.25,0.8327393167232326,2.644343614885134,0.27405726869076025,0.4332675695548112,0.452265528471331,ETTm1,raw,7488,7584,raw:7488:2,high,mid
3,0.5224295723534012,0.23922703403427112,0.2916188179694673,0.25,0.9055180701653891,2.644343614885134,0.27405726869076025,0.35109180811904656,0.4765251129520498,ETTm1,raw,7488,7584,raw:7488:3,mid,mid
4,0.6367435961770592,0.3504468176531517,0.8629683079916151,0.375,0.9378873473777446,2.644343614885134,0.27405726869076025,0.6167195739406087,0.5289815386895017,ETTm1,raw,7488,7584,raw:7488:4,high,high
5,0.39966398440867745,0.0726136590292478,0.16300725634930013,0.25,0.7823466284392756,2.644343614885134,0.27405726869076025,0.21176163326240846,0.435467965710012,ETTm1,raw,7488,7584,raw:7488:5,low,mid
6,0.8118120825374837,0.0583886458299162,0.022209275358069772,0.0,0.5224825295257984,2.644343614885134,0.27405726869076025,0.29747000124182327,0.2655132660721862,ETTm1,raw,7488,7584,raw:7488:6,low,low
0,0.9706728333417385,0.14656144111862737,0.007070990375162181,0.25,0.747034148260186,2.388848473713536,0.23147474523313138,0.3747684216118427,0.4095029644977724,ETTm1,raw,7584,7680,raw:7584:0,mid,mid
1,0.9435832731394638,0.23791742368452135,0.048859882493965466,0.25,0.883762390518525,2.388848473713536,0.23147474523313138,0.4101201931059835,0.45507904525055215,ETTm1,raw,7584,7680,raw:7584:1,high,mid
2,0.9770778166648197,0.19599750919433323,0.02081256447740712,0.125,0.7697408475782527,2.388848473713536,0.23147474523313138,0.39796263011218663,0.3754051976037947,ETTm1,raw,7584,7680,raw:7584:2,high,mid
3,0.8558352901515478,0.17789086319434266,0.09430234561502462,1.0,0.9456474580662412,2.388848473713536,0.23147474523313138,0.37600949965363833,0.7257074010997909,ETTm1,raw,7584,7680,raw:7584:3,mid,high
4,0.968905898415579,0.04395911146263699,0.005655688219279332,0.25,0.8061031840499147,2.388848473713536,0.23147474523313138,0.3395068993658317,0.4291926430943487,ETTm1,raw,7584,7680,raw:7584:4,mid,mid
5,0.889574156821163,0.2780851445971986,0.012246860532897192,0.375,0.8348701478316152,2.388848473713536,0.23147474523313138,0.3933020539837529,0.48044829768824887,ETTm1,raw,7584,7680,raw:7584:5,high,mid
6,0.8335802648222981,0.15440275643910867,0.15407046979521807,0.0,0.44455410491648406,2.388848473713536,0.23147474523313138,0.3806844970188749,0.22534295004987182,ETTm1,raw,7584,7680,raw:7584:6,mid,low
0,0.9702643846657502,0.09244980073770107,0.018566599519616662,0.125,0.6905500834252007,2.5387688510407496,0.2564614747460225,0.3604269283076893,0.35733718605707443,ETTm1,raw,7776,7872,raw:7776:0,mid,low
1,0.866501739355577,0.21068469334657114,0.07790172699878592,0.375,0.867566349694782,2.5387688510407496,0.2564614747460225,0.385029386566978,0.4996759414802682,ETTm1,raw,7776,7872,raw:7776:1,mid,mid
2,0.9442608038916458,0.156422608394494,0.07026885486124702,0.25,0.7210926065427233,2.5387688510407496,0.2564614747460225,0.3903174223824623,0.4091846937629153,ETTm1,raw,7776,7872,raw:7776:2,high,mid
3,0.8499225233790738,0.2465587354630018,0.1699958842878409,0.375,0.9075761491269162,2.5387688510407496,0.2564614747460225,0.42215904770997215,0.5130125412909796,ETTm1,raw,7776,7872,raw:7776:3,high,high
4,0.9354386441888527,0.12255279765803741,0.03492438556126773,0.125,0.8216204362126297,2.5387688510407496,0.2564614747460225,0.36430527580271926,0.401027303652884,ETTm1,raw,7776,7872,raw:7776:4,mid,mid
5,0.9429496619925972,0.26927737097425863,0.08308634155145639,0.375,0.8609408246589003,2.5387688510407496,0.2564614747460225,0.4317711248394374,0.49746743313497427,ETTm1,raw,7776,7872,raw:7776:5,high,mid
6,0.8844165402451405,0.05504452647283872,0.08384828935525009,0.0,0.4951211995008538,2.5387688510407496,0.2564614747460225,0.34110311869107646,0.2505275580822921,ETTm1,raw,7776,7872,raw:7776:6,mid,low
0,0.975762094295275,0.1458153272224616,0.011159756073717051,0.375,0.8240059950003998,3.156884180362913,0.35948069612801764,0.37757905919715123,0.5194955637094726,ETTm1,raw,7872,7968,raw:7872:0,mid,high
1,0.8738080660300004,0.12923446608161743,0.10097935943878518,0.25,0.8451736831743131,3.156884180362913,0.35948069612801764,0.36800729718346764,0.4848847931007769,ETTm1,raw,7872,7968,raw:7872:1,mid,mid
2,0.9924482674400388,0.12095040711927518,0.0018227490730806492,0.25,0.721493790043217,3.156884180362913,0.35948069612801764,0.3717404745441315,0.44365816205707825,ETTm1,raw,7872,7968,raw:7872:2,mid,mid
3,0.9228783631636271,0.13639555202791437,0.03859811179343024,0.25,0.8407664540596573,3.156884180362913,0.35948069612801764,0.36595734232832394,0.483415716729225,ETTm1,raw,7872,7968,raw:7872:3,mid,mid
4,0.6719299117164808,0.41658709906318736,0.5012826415480823,0.375,0.9513604188300587,3.156884180362913,0.35948069612801764,0.5299332174425836,0.5619470383193589,ETTm1,raw,7872,7968,raw:7872:4,high,high
5,0.6618631398497434,0.15656799109478692,0.3862475709380403,0.25,0.7880340356020312,3.156884180362913,0.35948069612801764,0.40155956729419023,0.4658382439100163,ETTm1,raw,7872,7968,raw:7872:5,high,mid
6,0.7405212368427195,0.07112413491083326,0.0581434780075061,0.0,0.27529625613887976,3.156884180362913,0.35948069612801764,0.2899296165870196,0.21159231742229911,ETTm1,raw,7872,7968,raw:7872:6,low,low
0,0.884134439317962,0.0794554768991305,0.05972343370826792,0.125,0.81827126999201,3.802357639158468,0.46705960574797867,0.3411044499751201,0.47011029191332954,ETTm1,raw,8064,8160,raw:8064:0,mid,mid
1,0.6782234317255748,0.11919938328154939,0.1519494996476187,0.625,0.834217754973345,3.802357639158468,0.46705960574797867,0.3164574382182476,0.6420924535737745,ETTm1,raw,8064,8160,raw:8064:1,mid,high
2,0.9311446187727797,0.16770664367846883,0.021974641670002463,0.125,0.7174827985670322,3.802357639158468,0.46705960574797867,0.37360863470708366,0.4365141347716703,ETTm1,raw,8064,8160,raw:8064:2,mid,mid
3,0.8036283535604363,0.15276254024959304,0.1136625409386153,0.25,0.7508346997183487,3.802357639158468,0.46705960574797867,0.3566844782495482,0.4892981018221092,ETTm1,raw,8064,8160,raw:8064:3,mid,mid
4,0.7074793194322697,0.5214810151944504,0.985068369117246,0.5,0.9552397462569584,3.802357639158468,0.46705960574797867,0.7380095679146553,0.6407664506683123,ETTm1,raw,8064,8160,raw:8064:4,high,high
5,0.6535835357908641,0.22341676333456456,0.7809357471662692,0.25,0.897334024350219,3.802357639158468,0.46705960574797867,0.5526453487638993,0.5381312100327326,ETTm1,raw,8064,8160,raw:8064:5,high,high
6,0.8578367919982813,0.03774440954139437,0.1609814409452238,0.0,0.5626561271560546,3.802357639158468,0.46705960574797867,0.3521875474949665,0.3432385776346778,ETTm1,raw,8064,8160,raw:8064:6,mid,low
0,0.9369497415015102,0.05873903040012987,0.006092856879877698,0.125,0.7661986117189772,3.305842110369943,0.38430701775447884,0.33392720959383926,0.42516854315781866,ETTm1,raw,8160,8256,raw:8160:0,mid,mid
1,0.7043881294530432,0.14913741571490768,0.039372253310497526,0.625,0.9629079512430404,3.305842110369943,0.38430701775447884,0.2976325994928161,0.6574049896658397,ETTm1,raw,8160,8256,raw:8160:1,low,high
2,0.9511225985071768,0.07092691965887399,0.0036633085299368124,0.125,0.7631263476593119,3.305842110369943,0.38430701775447884,0.34190427556532926,0.42414445513793025,ETTm1,raw,8160,8256,raw:8160:2,mid,mid
3,0.7236786951228793,0.15230255431918227,0.016595379078214866,0.75,0.9375662087507202,3.305842110369943,0.38430701775447884,0.29752554284009214,0.6906244088350664,ETTm1,raw,8160,8256,raw:8160:3,low,high
4,0.9435177374073329,0.07251164173384059,0.0052880624670908465,0.25,0.8206057862681426,3.305842110369943,0.38430701775447884,0.34043914720275475,0.4849709346742072,ETTm1,raw,8160,8256,raw:8160:4,mid,mid
5,0.7448032886122329,0.06481621535958501,0.0715770234962528,0.25,0.6595172393610554,3.305842110369943,0.38430701775447884,0.29373217582269023,0.43127475237184476,ETTm1,raw,8160,8256,raw:8160:5,low,mid
6,0.7806444385479132,0.04492548250063756,0.10280384103777497,0.0,0.5606682443385442,3.305842110369943,0.38430701775447884,0.3094579206954419,0.3149917540310077,ETTm1,raw,8160,8256,raw:8160:6,low,low
0,0.9783223902475224,0.2203893385799371,0.006469315005663387,0.125,0.8251942097769356,3.129064096572393,0.35484401550399214,0.401727014611041,0.4350127417603093,ETTm1,raw,8256,8352,raw:8256:0,high,mid
1,0.6970105965393933,0.22399940924680828,0.2505831240038446,0.625,0.9728023975010411,3.129064096572393,0.35484401550399214,0.3905310432633487,0.6508821376683445,ETTm1,raw,8256,8352,raw:8256:1,high,high
2,0.9699110274430157,0.19592607249428087,0.0011426158717857166,0.25,0.7287460641758863,3.129064096572393,0.35484401550399214,0.3889932386030275,0.44453002655995943,ETTm1,raw,8256,8352,raw:8256:2,mid,mid
3,0.6065140585388219,0.2502509062421133,0.14769708023434644,1.0,0.9849466992593928,3.129064096572393,0.35484401550399214,0.33482068167176054,0.7799302382544617,ETTm1,raw,8256,8352,raw:8256:3,mid,high
4,0.5299002295386297,0.4454495023378525,0.31515322339323765,0.5,0.9537337793969966,3.129064096572393,0.35484401550399214,0.4301676517565733,0.6028592649669963,ETTm1,raw,8256,8352,raw:8256:4,high,high
5,0.3955974328573272,0.2020630518088815,0.5452565446025694,0.25,0.8502368603355901,3.129064096572393,0.35484401550399214,0.38097234308959277,0.4850269586131941,ETTm1,raw,8256,8352,raw:8256:5,mid,mid
6,0.9147212790420253,0.019558923341381502,0.028974854347495915,0.0,0.5404135008483072,3.129064096572393,0.35484401550399214,0.3210850189103009,0.29841917211743313,ETTm1,raw,8256,8352,raw:8256:6,mid,low
0,0.9638505063265014,0.13551294984284581,0.0026522345242161053,0.125,0.7956193383027842,3.8322269229162695,0.47203781969931524,0.36733856356452116,0.46421905266736646,ETTm1,raw,8448,8544,raw:8448:0,mid,mid
1,0.16053326016195169,0.4073198587779199,0.5062626735517234,1.0,0.7631000517721173,3.8322269229162695,0.47203781969931524,0.3580385974971983,0.7450459571571443,ETTm1,raw,8448,8544,raw:8448:1,mid,high
2,0.9878407722231198,0.12109182115702186,0.005099541991693017,0.125,0.7025937006400355,3.8322269229162695,0.47203781969931524,0.3713440451239449,0.43321050677978357,ETTm1,raw,8448,8544,raw:8448:2,mid,mid
3,0.3997605328276408,0.313250634076058,0.38921503451078376,1.0,0.8287369771158448,3.8322269229162695,0.47203781969931524,0.3674087338048275,0.7669249322717201,ETTm1,raw,8448,8544,raw:8448:3,mid,high
4,0.5811071581992522,0.6581138764877601,0.8563369653530202,0.75,0.9549093077194396,3.8322269229162695,0.47203781969931524,0.6985193333466775,0.7256490424729183,ETTm1,raw,8448,8544,raw:8448:4,high,high
5,0.5975762390721924,0.23505244719999324,0.14895626530674785,0.25,0.8461800586233696,3.8322269229162695,0.47203781969931524,0.3271949838596445,0.5227392927742284,ETTm1,raw,8448,8544,raw:8448:5,mid,high
6,0.9174584076243573,0.022543708864638246,0.07457615386716906,0.0,0.5199673848559554,3.8322269229162695,0.47203781969931524,0.3381927567853882,0.3306684015184235,ETTm1,raw,8448,8544,raw:8448:6,mid,low
0,0.9001772010578506,0.1505148638869378,0.06353804507830497,0.125,0.7699446413065633,3.262622294505366,0.3771037151223881,0.37141003667436445,0.42401611880965046,ETTm1,raw,8544,8640,raw:8544:0,mid,mid
1,0.8398306398513871,0.2872182606021756,0.15099234523480828,0.75,0.9604506291188913,3.262622294505366,0.3771037151223881,0.42601374856279034,0.6958514480804264,ETTm1,raw,8544,8640,raw:8544:1,high,high
2,0.8763272764577482,0.10125970177454852,0.07699325387811781,0.375,0.7915227098881762,3.262622294505366,0.3771037151223881,0.35152674403680484,0.5145421416701882,ETTm1,raw,8544,8640,raw:8544:2,mid,high
3,0.8833798262694655,0.2466690483299046,0.15768121888997635,0.875,0.9480625342601421,3.262622294505366,0.3771037151223881,0.42924336449644884,0.7333887497941767,ETTm1,raw,8544,8640,raw:8544:3,high,high
4,0.9732166028463903,0.09378351770158178,0.014155483221412309,0.25,0.8593298459752966,3.262622294505366,0.3771037151223881,0.3603852012564615,0.4954778536992283,ETTm1,raw,8544,8640,raw:8544:4,mid,mid
5,0.8430904251009177,0.23431966249282463,0.10952137843688559,0.25,0.7545419439058051,3.262622294505366,0.3771037151223881,0.39564382201020926,0.4605485530093978,ETTm1,raw,8544,8640,raw:8544:5,high,mid
6,0.9701003788172893,0.21619542284438492,0.7641386219925942,0.75,0.8650889247768608,3.262622294505366,0.3771037151223881,0.6501448078847561,0.6640642132997497,ETTm1,raw,8544,8640,raw:8544:6,high,high
0,0.36107850024517485,0.30179944291574584,0.41701098574456413,1.0,0.897473908480588,2.946824217984881,0.3244707024566957,0.3599629763018282,0.7406482036457612,ETTm1,raw,8736,8832,raw:8736:0,mid,high
1,0.44900024628535007,0.1420100265266535,0.47522238071442663,0.25,0.7773923264095707,2.946824217984881,0.3244707024566957,0.35541088450881003,0.45062100962208884,ETTm1,raw,8736,8832,raw:8736:1,mid,mid
2,0.6559819362022015,0.39896530158839616,0.09262183762440943,0.25,0.9548484805289378,2.946824217984881,0.3244707024566957,0.38252302513833575,0.5097730609952111,ETTm1,raw,8736,8832,raw:8736:2,mid,high
3,0.5613586431274069,0.23621806025564646,0.7610465754186814,0.25,0.773172920662074,2.946824217984881,0.3244707024566957,0.5195410929339116,0.44921454103958985,ETTm1,raw,8736,8832,raw:8736:3,high,mid
4,0.6402441890711275,0.0742821792179104,0.015819846554417302,0.0,0.4521169048133404,2.946824217984881,0.3244707024566957,0.24344873828115168,0.25886253575667867,ETTm1,raw,8736,8832,raw:8736:4,low,low
5,0.8478148944963072,0.022697412543508294,0.02199531494158638,0.125,0.3640146678828609,2.946824217984881,0.3244707024566957,0.2975025406604673,0.27116179011318553,ETTm1,raw,8736,8832,raw:8736:5,low,low
6,0.9275308548693386,0.18677347884928597,0.033699073307163076,0.375,0.800193655060882,2.946824217984881,0.3244707024566957,0.3826678023419292,0.49988811917252596,ETTm1,raw,8736,8832,raw:8736:6,mid,mid
0,0.7398122603650846,0.1189082053840996,0.03290017223465509,0.375,0.9177775309088037,3.6384814580967846,0.43974690894988594,0.2972068793279465,0.5775081466195632,ETTm1,raw,8832,8928,raw:8832:0,low,high
1,0.5019959795002107,0.1573983314531299,0.33132850056115437,0.875,0.9867897699622907,3.6384814580967846,0.43974690894988594,0.3302409371714983,0.7671788929707256,ETTm1,raw,8832,8928,raw:8832:1,mid,high
2,0.8773430656669919,0.11306049605662179,0.0482343150216385,0.25,0.8409234849939895,3.6384814580967846,0.43974690894988594,0.34621262558175075,0.5102234646479585,ETTm1,raw,8832,8928,raw:8832:2,mid,high
3,0.6545384708022035,0.22264028034459468,0.544858092050412,1.0,0.988194481177542,3.6384814580967846,0.43974690894988594,0.47401228106573673,0.8093137967091426,ETTm1,raw,8832,8928,raw:8832:3,high,high
4,0.4556790736556592,0.048928592561488064,0.21125266503709145,0.0,0.6393834586293715,3.6384814580967846,0.43974690894988594,0.23862011041807954,0.35971012252641915,ETTm1,raw,8832,8928,raw:8832:4,low,mid
5,0.22646483898642655,0.09333286076533041,0.42534223199102467,0.125,0.6162734987601151,3.6384814580967846,0.43974690894988594,0.24837997724759386,0.393673469236667,ETTm1,raw,8832,8928,raw:8832:5,low,mid
6,0.9287842897720617,0.13555687173195963,0.13771060296211352,0.125,0.6546008193095646,3.6384814580967846,0.43974690894988594,0.4006839214887117,0.40644924275315014,ETTm1,raw,8832,8928,raw:8832:6,high,mid
0,0.9489083024402385,0.18764064983927053,0.02130068848626057,0.25,0.8910368612211972,2.632454802841274,0.272075800020086,0.3859498802552565,0.4710375537470944,ETTm1,raw,9024,9120,raw:9024:0,mid,mid
1,0.596722542232182,0.33915662231305843,0.08679883686960206,0.25,0.8942672567766704,2.632454802841274,0.272075800020086,0.3408926671382808,0.47211435226558546,ETTm1,raw,9024,9120,raw:9024:1,mid,mid
2,0.8786785984297951,0.1578634267224398,0.03327557633907646,0.25,0.9108578596346406,2.632454802841274,0.272075800020086,0.3566058671637704,0.47764455321824223,ETTm1,raw,9024,9120,raw:9024:2,mid,mid
3,0.4082644284052981,0.45188891874404946,0.2706091519033351,0.25,0.8670983860496874,2.632454802841274,0.272075800020086,0.37692083301756085,0.4630580620232578,ETTm1,raw,9024,9120,raw:9024:3,mid,mid
4,0.9450493635644095,0.06796934211944097,0.009701249782307918,0.25,0.775750311303253,2.632454802841274,0.272075800020086,0.34090665182205276,0.4326087037744463,ETTm1,raw,9024,9120,raw:9024:4,mid,mid
5,0.954754352454223,0.06125743199071031,0.025004656189252596,0.375,0.8522120911715073,2.632454802841274,0.272075800020086,0.34700548021139527,0.4997626303971978,ETTm1,raw,9024,9120,raw:9024:5,mid,mid
6,0.9460685826045342,0.08755475262774096,0.20688005686285216,0.125,0.6856699953680933,2.632454802841274,0.272075800020086,0.4135011306983758,0.36091526512939315,ETTm1,raw,9024,9120,raw:9024:6,high,mid
0,0.7474108515501933,0.12696697402000687,0.04673197982013809,0.375,0.9203161752094945,3.6157606201228134,0.4359601026272021,0.30703660179677944,0.5770920926122322,ETTm1,raw,9120,9216,raw:9120:0,low,high
1,0.7116882401124791,0.26614541658079227,0.16419370852387286,1.0,0.8966071632946017,3.6157606201228134,0.4359601026272021,0.38067578840571475,0.7775224219739346,ETTm1,raw,9120,9216,raw:9120:1,mid,high
2,0.8874055907551928,0.1097414498343883,0.02218998189123623,0.25,0.8444179679871568,3.6157606201228134,0.4359601026272021,0.3397790074936058,0.5101260235381196,ETTm1,raw,9120,9216,raw:9120:2,mid,high
3,0.8227317411555133,0.2178349462531945,0.07964363269838809,1.0,0.8970518484424699,3.6157606201228134,0.4359601026272021,0.37340344003569864,0.7776706503565572,ETTm1,raw,9120,9216,raw:9120:3,mid,high
4,0.6540983800375246,0.2867826953551631,0.4361351784087643,0.5,0.9539983785701424,3.6157606201228134,0.4359601026272021,0.4590054179338174,0.6299861603991147,ETTm1,raw,9120,9216,raw:9120:4,high,high
5,0.40131567621143815,0.06726928581744707,0.4337360394372365,0.375,0.8220407443852822,3.6157606201228134,0.4359601026272021,0.3007736671553739,0.544333615670828,ETTm1,raw,9120,9216,raw:9120:5,low,high
6,0.8871060315436466,0.12820015270263174,0.010558329060842607,0.375,0.751249677615072,3.6157606201228134,0.4359601026272021,0.3419548377690404,0.5207365934140914,ETTm1,raw,9120,9216,raw:9120:6,mid,high
0,0.9450613192938015,0.04916362224657331,0.007916112468808455,0.375,0.8720999667692153,3.2754228316248293,0.3792371379720763,0.3340470180030611,0.5421123682470972,ETTm1,raw,9216,9312,raw:9216:0,mid,high
1,0.7013337239931738,0.1353078628633182,0.1355992892917081,0.5,0.9707407882650423,3.2754228316248293,0.3792371379720763,0.3240802920494001,0.6166593087457062,ETTm1,raw,9216,9312,raw:9216:1,mid,high
2,0.9048716036775407,0.15531608226125065,0.026228563055883464,0.375,0.8791994797521545,3.2754228316248293,0.3792371379720763,0.36213874966489157,0.5444788725747436,ETTm1,raw,9216,9312,raw:9216:2,mid,high
3,0.5571573694500317,0.18577955497312523,0.5857729165599537,0.875,0.9746705631565772,3.2754228316248293,0.3792371379720763,0.44290328032770354,0.7429692337095511,ETTm1,raw,9216,9312,raw:9216:3,high,high
4,0.9365984010134174,0.12232142487713671,0.008690949761708568,0.5,0.9363247952794516,3.2754228316248293,0.3792371379720763,0.3558702585507542,0.6051873110838426,ETTm1,raw,9216,9312,raw:9216:4,mid,high
5,0.8356710257246027,0.17472637066056645,0.03854932349080877,0.5,0.9505567514378317,3.2754228316248293,0.3792371379720763,0.34964890662532594,0.6099312964699694,ETTm1,raw,9216,9312,raw:9216:5,mid,high
6,0.13317344304756062,0.07805270520433182,0.24042913789324413,0.0,0.511893157359828,3.2754228316248293,0.3792371379720763,0.15055176204837886,0.2970434317773014,ETTm1,raw,9216,9312,raw:9216:6,low,low
0,0.9019406470026573,0.09715981175362681,0.009012552727910383,0.375,0.8824260725869992,3.9776318486865887,0.49627197395397815,0.3360376704947315,0.584566015513659,ETTm1,raw,9408,9504,raw:9408:0,mid,high
1,0.721272775464049,0.17801314737567175,0.11341239229753648,0.75,0.9655074000721063,3.9776318486865887,0.49627197395397815,0.3375661050457524,0.7372597913420281,ETTm1,raw,9408,9504,raw:9408:1,mid,high
2,0.9380961837550714,0.10818664695488578,0.019212651661522154,0.125,0.7311995557885297,3.9776318486865887,0.49627197395397815,0.3551651607904931,0.45082384324750263,ETTm1,raw,9408,9504,raw:9408:2,mid,mid
3,0.8994038426152632,0.23143690993522273,0.07298063905799276,0.75,0.9418757419787224,3.9776318486865887,0.49627197395397815,0.40127379720282624,0.7293825719775668,ETTm1,raw,9408,9504,raw:9408:3,high,high
4,0.6458092610492898,0.36748262943477766,0.8635677353293529,0.375,0.9291279540792499,3.9776318486865887,0.49627197395397815,0.6256198752711402,0.6001333093444093,ETTm1,raw,9408,9504,raw:9408:4,high,high
5,0.17036568887502146,0.046808007449531654,0.1001677800675852,0.125,0.7371958264924534,3.9776318486865887,0.49627197395397815,0.10578049213071276,0.4528226001488105,ETTm1,raw,9408,9504,raw:9408:5,low,mid
6,0.739688109394352,0.07777306633374857,0.5887785595675404,0.875,0.8487079817595377,3.9776318486865887,0.49627197395397815,0.46874657843188033,0.7399933185711719,ETTm1,raw,9408,9504,raw:9408:6,high,high
0,0.9119382615019419,0.15864268695224598,0.025361393576410853,0.25,0.7278471571357242,3.3885723410413444,0.39809538951006507,0.3653141140101996,0.45864751554859645,ETTm1,raw,9504,9600,raw:9504:0,mid,mid
1,0.8675811867446338,0.1585882113297801,0.051596463862043834,1.0,0.9243707139285855,3.3885723410413444,0.39809538951006507,0.3592552873121526,0.7741553678128835,ETTm1,raw,9504,9600,raw:9504:1,mid,high
2,0.909017777364592,0.2354114438576786,0.0685545439483063,0.25,0.7875493325112611,3.3885723410413444,0.39809538951006507,0.40432792172352566,0.4785482406737754,ETTm1,raw,9504,9600,raw:9504:2,high,mid
3,0.7083363496854619,0.21603076748118982,0.23937148417005194,1.0,0.8187917932823853,3.3885723410413444,0.39809538951006507,0.3879128671122345,0.7389623942641501,ETTm1,raw,9504,9600,raw:9504:3,mid,high
4,0.9115235977920602,0.10887040288029232,0.00335586018201165,0.25,0.7506214613140976,3.3885723410413444,0.39809538951006507,0.3412499536181213,0.46623895027472084,ETTm1,raw,9504,9600,raw:9504:4,mid,mid
5,0.7091888895065712,0.20801699420007694,0.05529214185537681,0.25,0.663832829867597,3.3885723410413444,0.39809538951006507,0.32416600852067495,0.4373094064592207,ETTm1,raw,9504,9600,raw:9504:5,mid,mid
6,0.4059088117606413,0.2299883252130745,0.16198479947507163,0.0,0.606868490500009,3.3885723410413444,0.39809538951006507,0.26596064548292914,0.33498796000335807,ETTm1,raw,9504,9600,raw:9504:6,low,low
0,0.9343682066367052,0.05515174512660072,0.017139617047550817,0.25,0.8013828123800462,2.586281847339291,0.26438030744924795,0.33555318960361885,0.4385877066097647,ETTm1,raw,9696,9792,raw:9696:0,mid,mid
1,0.7080615989802337,0.267063663513434,0.061737471931198454,0.375,0.9112606586493549,2.586281847339291,0.26438030744924795,0.3456209114749554,0.5168803220328676,ETTm1,raw,9696,9792,raw:9696:1,mid,high
2,0.859720506907209,0.11732600674784507,0.029221237169865688,0.25,0.8047768552989563,2.586281847339291,0.26438030744924795,0.3354225836083066,0.4397190542494014,ETTm1,raw,9696,9792,raw:9696:2,mid,mid
3,0.7109334667348389,0.3512002667171268,0.14336644307537874,0.375,0.8625174421036826,2.586281847339291,0.26438030744924795,0.40183339217578146,0.5006325831843101,ETTm1,raw,9696,9792,raw:9696:3,high,mid
4,0.9002113462665161,0.08154153822317789,0.004945666058662215,0.25,0.7633795985852819,2.586281847339291,0.26438030744924795,0.32889951684945207,0.42591996867817655,ETTm1,raw,9696,9792,raw:9696:4,mid,mid
5,0.776264749477338,0.0953001805772305,0.3421088800052069,0.25,0.7867584085762758,2.586281847339291,0.26438030744924795,0.40455793668659173,0.4337129053418412,ETTm1,raw,9696,9792,raw:9696:5,high,mid
6,0.9099106674861817,0.10236475919793948,0.13604996568242012,0.125,0.7473589089887971,2.586281847339291,0.26438030744924795,0.3827751307888471,0.378913072146015,ETTm1,raw,9696,9792,raw:9696:6,mid,mid
0,0.9426482667863958,0.27771505017793785,0.010904768581665544,0.25,0.896125117809523,3.8283462189858004,0.47139103571198165,0.41042269518199975,0.5391720511738349,ETTm1,raw,9792,9888,raw:9792:0,high,high
1,0.5122363659242838,0.2153228843305856,0.49347505137634795,0.875,0.8188704888046705,3.8283462189858004,0.47139103571198165,0.40701143387707245,0.7217538415055507,ETTm1,raw,9792,9888,raw:9792:1,high,high
2,0.9770085471797566,0.2157585099763904,0.019304058594441346,0.125,0.7564447008380295,3.8283462189858004,0.47139103571198165,0.4040237052501961,0.4509452455166704,ETTm1,raw,9792,9888,raw:9792:2,high,mid
3,0.4774138768564712,0.16905530247201284,0.2530172698121191,0.625,0.8904828843579453,3.8283462189858004,0.47139103571198165,0.29982881638020104,0.6622913066899757,ETTm1,raw,9792,9888,raw:9792:3,low,high
4,0.5378586519131368,0.4407406067730306,0.7302178147850593,0.375,0.9386630406117777,3.8283462189858004,0.47139103571198165,0.5696056911570756,0.5950180254412532,ETTm1,raw,9792,9888,raw:9792:4,high,high
5,0.40096635240213585,0.07201852749391086,0.21806380829844124,0.125,0.7345185360893994,3.8283462189858004,0.47139103571198165,0.23034956273149598,0.44363652393379366,ETTm1,raw,9792,9888,raw:9792:5,low,mid
6,0.8150309374675444,0.18416262798646055,0.18864314133611584,0.0,0.7668399206217164,3.8283462189858004,0.47139103571198165,0.39594556893004024,0.41274365211123265,ETTm1,raw,9792,9888,raw:9792:6,high,mid
0,0.9158157954419627,0.12174233728650315,0.018938476305025792,0.25,0.8620505717904234,3.004060933188766,0.33401015497477743,0.35216553634449715,0.48202024225506696,ETTm1,raw,9888,9984,raw:9888:0,mid,mid
1,0.7770135264493021,0.12801029299056854,0.27091611038740676,0.75,0.9833139788948243,3.004060933188766,0.33401015497477743,0.3919799766090925,0.6891080446232006,ETTm1,raw,9888,9984,raw:9888:1,high,high
2,0.6817027154925603,0.17081764208817646,0.23074119005763322,0.625,0.9509745760908935,3.004060933188766,0.33401015497477743,0.3610871825461233,0.6366615770218903,ETTm1,raw,9888,9984,raw:9888:2,mid,high
3,0.5899719868213451,0.27596667748597176,0.37657308865915146,1.0,0.9274129303838695,3.004060933188766,0.33401015497477743,0.4141705843221561,0.753807695119549,ETTm1,raw,9888,9984,raw:9888:3,high,high
4,0.932596680838007,0.09836897175303969,0.008602252591220739,0.25,0.7285397002561207,3.004060933188766,0.33401015497477743,0.3465226350607558,0.4375166184102994,ETTm1,raw,9888,9984,raw:9888:4,mid,mid
5,0.9678856528419378,0.10147444258491742,0.01339563360338433,0.125,0.7202461921051639,3.004060933188766,0.33401015497477743,0.3609185763434131,0.3930854490266471,ETTm1,raw,9888,9984,raw:9888:5,mid,mid
6,0.8803111858074354,0.13965911379934545,0.0801900629709897,0.0,0.7854731662372272,3.004060933188766,0.33401015497477743,0.3667201208592568,0.3731611070706682,ETTm1,raw,9888,9984,raw:9888:6,mid,mid
0,0.9598358353668227,0.15534095972168405,0.0033126883713484384,0.25,0.843566666628122,3.112594703174672,0.35209911660894677,0.3728298278199517,0.4818885944123563,ETTm1,raw,10080,10176,raw:10080:0,mid,mid
1,0.9554310013739513,0.25040459172315876,0.0778668175368948,0.375,0.9177457170732242,3.112594703174672,0.35209911660894677,0.4279008035446683,0.5482816112273903,ETTm1,raw,10080,10176,raw:10080:1,high,high
2,0.9450651280031429,0.15257395042128497,0.008926703946836615,0.375,0.8449206363627643,3.112594703174672,0.35209911660894677,0.36885526079042147,0.5240065843239038,ETTm1,raw,10080,10176,raw:10080:2,mid,high
3,0.9243151096757938,0.3291893542949834,0.15368990281005665,0.375,0.9027280470498126,3.112594703174672,0.35209911660894677,0.46906478892694464,0.5432757212195866,ETTm1,raw,10080,10176,raw:10080:3,high,high
4,0.910584963108095,0.08892551764756415,0.020406693431673683,0.25,0.7556516133376875,3.112594703174672,0.35209911660894677,0.3399723913957777,0.45258357664887816,ETTm1,raw,10080,10176,raw:10080:4,mid,mid
5,0.9243329477993376,0.19726715247893337,0.10763546979866798,0.375,0.7595455084764116,3.112594703174672,0.35209911660894677,0.4097451900256463,0.4955482083617861,ETTm1,raw,10080,10176,raw:10080:5,high,mid
6,0.5086636757256418,0.6906637079135891,0.6018170922383422,0.25,0.9285155535946155,3.112594703174672,0.35209911660894677,0.6003814919591911,0.5102048900678541,ETTm1,raw,10080,10176,raw:10080:6,high,high
0,0.739781451034911,0.06565431791250867,0.007616547450769418,0.25,0.8711086816840748,2.730895796589635,0.2884826322841348,0.2710174387993964,0.46986377132273655,ETTm1,raw,10176,10272,raw:10176:0,low,mid
1,0.8412223790814717,0.20894486477531016,0.20966324556306154,0.375,0.8419340126588577,2.730895796589635,0.2884826322841348,0.41994349647328116,0.5018055483143308,ETTm1,raw,10176,10272,raw:10176:1,high,high
2,0.8850672332301222,0.08854363177798483,0.01156179879526859,0.25,0.8029060304193335,2.730895796589635,0.2884826322841348,0.32839088793445853,0.44712955423448936,ETTm1,raw,10176,10272,raw:10176:2,mid,mid
3,0.7636519159671054,0.37570187079093637,0.13503654101464146,0.375,0.8590171826164356,2.730895796589635,0.2884826322841348,0.4247967759242277,0.50749993830019,ETTm1,raw,10176,10272,raw:10176:3,high,high
4,0.4215504876086327,0.5809292500462631,0.08073835178794443,0.375,0.9506622787519545,2.730895796589635,0.2884826322841348,0.36107269648094675,0.5380483036786964,ETTm1,raw,10176,10272,raw:10176:4,mid,high
5,0.32194575648739365,0.180880244552997,0.11520925687686355,0.25,0.7814470486593662,2.730895796589635,0.2884826322841348,0.20601175263908475,0.43997656031450033,ETTm1,raw,10176,10272,raw:10176:5,low,mid
6,0.9660794993651878,0.06487756567085887,0.05200405206791488,0.25,0.7529445135085463,2.730895796589635,0.2884826322841348,0.36098703903465384,0.43047571526422695,ETTm1,raw,10176,10272,raw:10176:6,mid,mid
0,0.8860102966548886,0.22996297800986992,0.016358954188747905,0.625,0.9629552639548561,2.6811987349011512,0.28019978868319223,0.37744407628450216,0.6227183508793495,ETTm1,raw,10368,10464,raw:10368:0,mid,high
1,0.9289362784582497,0.2350597062484845,0.05186824348613359,0.625,0.9792791233446201,2.6811987349011512,0.28019978868319223,0.40528807606428924,0.628159637342604,ETTm1,raw,10368,10464,raw:10368:1,high,high
2,0.9571130806283268,0.18605437612117032,0.010000193356872097,0.25,0.8967222912289077,2.6811987349011512,0.28019978868319223,0.38438921670212306,0.4756406933040333,ETTm1,raw,10368,10464,raw:10368:2,mid,mid
3,0.9295470489061715,0.19852261954482103,0.0478351538693824,0.25,0.9302433171245417,2.6811987349011512,0.28019978868319223,0.39196827410679164,0.48681436860257793,ETTm1,raw,10368,10464,raw:10368:3,high,mid
4,0.5036690244974865,0.399653944704005,0.8374601431748352,0.5,0.9204998134115696,2.6811987349011512,0.28019978868319223,0.5802610374587756,0.5668998673649206,ETTm1,raw,10368,10464,raw:10368:4,high,high
5,0.5921392503276324,0.333998018924594,0.6206206145540741,0.25,0.9092326388745674,2.6811987349011512,0.28019978868319223,0.5155859612687669,0.47981080918591984,ETTm1,raw,10368,10464,raw:10368:5,high,mid
6,0.5653337077105185,0.06622558163597136,0.13459420520749296,0.125,0.7936413600980807,2.6811987349011512,0.28019978868319223,0.25538449818466097,0.3996137162604243,ETTm1,raw,10368,10464,raw:10368:6,low,mid
0,0.7982178325359279,0.17698642408898527,0.0063557115919753715,0.375,0.7164429670106208,2.140154038291552,0.19002567273188256,0.3271866560722962,0.4271562132475011,ETTm1,raw,10464,10560,raw:10464:0,mid,mid
1,0.8287308479272544,0.37302116738227753,0.033552349926967616,0.125,0.8443425255740407,2.140154038291552,0.19002567273188256,0.4117681217454998,0.3864560661019744,ETTm1,raw,10464,10560,raw:10464:1,high,mid
2,0.7733607789708847,0.3185026218065903,0.07461831517703289,0.375,0.7599358149517281,2.140154038291552,0.19002567273188256,0.38882723865150265,0.4416538292278702,ETTm1,raw,10464,10560,raw:10464:2,mid,mid
3,0.7915062986089741,0.17896907361553152,0.09551970664739631,0.25,0.8459743594897183,2.140154038291552,0.19002567273188256,0.35533169295730066,0.4286666774072003,ETTm1,raw,10464,10560,raw:10464:3,mid,mid
4,0.9468126637053337,0.050503779947876984,0.032212402400433,0.25,0.7743618055129248,2.140154038291552,0.19002567273188256,0.34317628201788125,0.4047958260816024,ETTm1,raw,10464,10560,raw:10464:4,mid,mid
5,0.923115920170901,0.31219194351829394,0.04965585148538724,0.375,0.8649829117793577,2.140154038291552,0.19002567273188256,0.4283212383915274,0.4766695281704134,ETTm1,raw,10464,10560,raw:10464:5,high,mid
6,0.868343338903798,0.09074588847526971,0.04189605663756206,0.0,0.6768136521949996,2.140154038291552,0.19002567273188256,0.3336617613388766,0.28894644164229405,ETTm1,raw,10464,10560,raw:10464:6,mid,low
0,0.5614266319009018,0.24398801834068493,0.30792746748508826,0.375,0.9494258392749365,3.0715262300719304,0.3452543711032311,0.37111403924222497,0.5565600701260558,ETTm1,raw,10656,10752,raw:10656:0,mid,high
1,0.7328724918973615,0.4509210654938659,0.3024498659293407,0.5,0.9221819423609471,3.0715262300719304,0.3452543711032311,0.4954144744401894,0.5891454378213927,ETTm1,raw,10656,10752,raw:10656:1,high,high
2,0.42177997484979324,0.20785143941011405,0.22027470067314467,0.5,0.9078375731769757,3.0715262300719304,0.3452543711032311,0.28330203831101736,0.5843639814267356,ETTm1,raw,10656,10752,raw:10656:2,low,high
3,0.7206088028185962,0.33274467000073404,0.25654075651584146,0.875,0.9318013482873216,3.0715262300719304,0.3452543711032311,0.4366314097783906,0.7173519064635175,ETTm1,raw,10656,10752,raw:10656:3,high,high
4,0.4741403594444227,0.43451559930382283,0.02558502420563188,0.25,0.9134781846463149,3.0715262300719304,0.3452543711032311,0.3114136609846258,0.5029108519165154,ETTm1,raw,10656,10752,raw:10656:4,low,high
5,0.5438308267601208,0.2949250676014443,0.1552793688856887,0.375,0.8675910251730592,3.0715262300719304,0.3452543711032311,0.3313450877490846,0.5292817987587634,ETTm1,raw,10656,10752,raw:10656:5,mid,high
6,0.6487811166140207,0.09400213141353145,0.45586784220150306,0.125,0.5631997370773424,3.0715262300719304,0.3452543711032311,0.3995503634096851,0.3444847027268578,ETTm1,raw,10656,10752,raw:10656:6,high,low
0,0.9073292866993226,0.16673054380927632,0.028612399460394226,0.25,0.8529977556700913,2.7720455745846606,0.29534092860520855,0.36755740998966435,0.46611289475843326,ETTm1,raw,10752,10848,raw:10752:0,mid,mid
1,0.691015446997215,0.184827479601677,0.1638901417544941,0.125,0.820084316851135,2.7720455745846606,0.29534092860520855,0.3465776894511287,0.4134750818187812,ETTm1,raw,10752,10848,raw:10752:1,mid,mid
2,0.824025711823434,0.16292937235218796,0.05771306378953608,0.25,0.8228661081480974,2.7720455745846606,0.29534092860520855,0.348222715988386,0.456069012251102,ETTm1,raw,10752,10848,raw:10752:2,mid,mid
3,0.6857437135642606,0.21796787354172859,0.11471649355894839,0.5,0.8870564925900405,2.7720455745846606,0.29534092860520855,0.3394760268883125,0.5607991403984164,ETTm1,raw,10752,10848,raw:10752:3,mid,high
4,0.9242609839339567,0.281846848357758,0.013003002778009504,0.5,0.9268108696108898,2.7720455745846606,0.29534092860520855,0.40637027835657474,0.5740505994053661,ETTm1,raw,10752,10848,raw:10752:4,high,high
5,0.8646363808807864,0.2889053951596875,0.06916946530465419,0.5,0.9683461570924394,2.7720455745846606,0.29534092860520855,0.40757041378170933,0.5878956952325494,ETTm1,raw,10752,10848,raw:10752:5,high,high
6,0.566314835773299,0.2625068460139791,0.1701247860257369,0.375,0.8928895767662869,2.7720455745846606,0.29534092860520855,0.33298215593767166,0.5210768351238318,ETTm1,raw,10752,10848,raw:10752:6,mid,high
0,0.7224954464788638,0.24533681974756497,0.07115075879476926,0.125,0.6908063603087247,2.8608677677663867,0.3101446274441568,0.346327675007066,0.3753169959176272,ETTm1,raw,10848,10944,raw:10848:0,mid,mid
1,0.5192753889167439,0.18722866449819062,0.6564651564617973,0.125,0.6081900238792429,2.8608677677663867,0.3101446274441568,0.45432306995891053,0.3477782171077999,ETTm1,raw,10848,10944,raw:10848:1,high,low
2,0.5554642265253591,0.20312686390092038,0.12937769544583996,0.125,0.7394891721796251,2.8608677677663867,0.3101446274441568,0.2959895952907065,0.39154459987459395,ETTm1,raw,10848,10944,raw:10848:2,low,mid
3,0.12515947184073084,0.18349112788942867,0.45089546075884385,0.125,0.6901456528237725,2.8608677677663867,0.3101446274441568,0.2531820201630011,0.37509676008930976,ETTm1,raw,10848,10944,raw:10848:3,low,mid
4,0.8516886538245234,0.16900782634454822,0.49782284826475576,0.0,0.49312722727884084,2.8608677677663867,0.3101446274441568,0.5061731094779425,0.26775728490766587,ETTm1,raw,10848,10944,raw:10848:4,high,low
5,0.6021352112961966,0.023724657047504975,0.21937126813301902,0.0,0.4840373072044064,2.8608677677663867,0.3101446274441568,0.28174371215890687,0.26472731154952106,ETTm1,raw,10848,10944,raw:10848:5,low,low
6,0.6964450314565893,0.3031161056179289,0.3175895427290066,0.25,0.8401369391629512,2.8608677677663867,0.3101446274441568,0.43905022660117493,0.46676052220236935,ETTm1,raw,10848,10944,raw:10848:6,high,mid
0,0.7070909088307076,0.0964574354652821,0.044656019524893835,0.0,0.6681801916484686,4.138309761779579,0.5230516260915106,0.2827347879402945,0.3970772725799931,ETTm1,raw,11040,11136,raw:11040:0,low,mid
1,0.5651902963389477,0.4459226774318045,0.44512664155973947,0.375,0.7779446622073356,4.138309761779579,0.5230516260915106,0.4854132051101639,0.5586654294329487,ETTm1,raw,11040,11136,raw:11040:1,high,high
2,0.7701139706593745,0.08769895225756821,0.09389791533219603,0.0,0.683393833070935,4.138309761779579,0.5230516260915106,0.31723694608304626,0.40214848638748185,ETTm1,raw,11040,11136,raw:11040:2,mid,mid
3,0.6121811363343818,0.16536419914611977,0.23773477426242168,1.0,0.9595526275035408,4.138309761779579,0.5230516260915106,0.33842670324764107,0.8275347511983503,ETTm1,raw,11040,11136,raw:11040:3,mid,high
4,0.8830205350207808,0.1982625051062155,0.04274445304528813,0.25,0.785488682937325,4.138309761779579,0.5230516260915106,0.37467583105742813,0.5195134363429451,ETTm1,raw,11040,11136,raw:11040:4,mid,high
5,0.9988167710979431,0.21569973720037156,0.019435506024859085,0.125,0.8362317081628621,4.138309761779579,0.5230516260915106,0.4113173381077246,0.49476111141812423,ETTm1,raw,11040,11136,raw:11040:5,high,mid
6,0.5629866883216598,0.11597174297166712,0.13463952593743195,0.25,0.8489481659754783,4.138309761779579,0.5230516260915106,0.2711993190769196,0.5406665973556629,ETTm1,raw,11040,11136,raw:11040:6,low,high
0,0.7065912089771066,0.15460811106868805,0.10746510278600896,0.375,0.9292730392317444,3.690229358259048,0.4483715589625554,0.32288814094393453,0.5842148660647666,ETTm1,raw,11136,11232,raw:11136:0,mid,high
1,0.566905292275264,0.3038380777617127,0.17249860840038042,0.75,0.8928214760049509,3.690229358259048,0.4483715589625554,0.3477473261457857,0.6970643449891688,ETTm1,raw,11136,11232,raw:11136:1,mid,high
2,0.7000917495980956,0.13392231809763655,0.026380454161033413,0.375,0.8832822555102813,3.690229358259048,0.4483715589625554,0.2867981739522552,0.5688846048242789,ETTm1,raw,11136,11232,raw:11136:2,low,high
3,0.7057430378676894,0.2570572830802537,0.16158003994203415,0.375,0.9455410314297571,3.690229358259048,0.4483715589625554,0.37479345362999245,0.5896375301307708,ETTm1,raw,11136,11232,raw:11136:3,mid,high
4,0.4947534689877324,0.5279076865748139,0.8086782927713222,0.375,0.9497015950915131,3.690229358259048,0.4483715589625554,0.6104464827779562,0.5910243846846895,ETTm1,raw,11136,11232,raw:11136:4,high,high
5,0.5166775439331956,0.12265990424421576,0.08980259737415193,0.125,0.7695174664474691,3.690229358259048,0.4483715589625554,0.24304668185052114,0.44762967513667484,ETTm1,raw,11136,11232,raw:11136:5,low,mid
6,0.6691652118230407,0.04840116303935307,0.5464735317797687,0.125,0.7408177426302083,3.690229358259048,0.4483715589625554,0.42134663554738744,0.43806310053092123,ETTm1,raw,11136,11232,raw:11136:6,high,mid
0,0.83030417099063,0.45164936779356685,0.05082613303546562,0.875,0.9360165596698621,3.381441238720968,0.39690687245864986,0.4442598906065542,0.7359744773761706,ETTm1,raw,11328,11424,raw:11328:0,high,high
1,0.7163091695250362,0.119593911785474,0.4105903333992694,1.0,0.9917276480054573,3.381441238720968,0.39690687245864986,0.4154978049032598,0.796211506821369,ETTm1,raw,11328,11424,raw:11328:1,high,high
2,0.8732957747815162,0.20166308742300335,0.05250994615339801,0.5,0.9608937710932209,3.381441238720968,0.39690687245864986,0.3758229361193059,0.6192668811839569,ETTm1,raw,11328,11424,raw:11328:2,mid,high
3,0.6707243013722601,0.25550556082919545,0.13648749976379387,0.875,0.9841301983520682,3.381441238720968,0.39690687245864986,0.3542391206550832,0.7520123569369059,ETTm1,raw,11328,11424,raw:11328:3,mid,high
4,0.688497031205302,0.058461729133210835,0.04480002428893611,0.125,0.4768356757693701,3.381441238720968,0.39690687245864986,0.26391959487581634,0.3329141827426733,ETTm1,raw,11328,11424,raw:11328:4,low,low
5,0.3606005976788207,0.20012820943209236,0.17543545845957664,0.0,0.55115936183648,3.381441238720968,0.39690687245864986,0.24538808852349658,0.3160220780983766,ETTm1,raw,11328,11424,raw:11328:5,low,low
6,0.8555772224445148,0.06683152217673839,0.06362488484156317,0.25,0.6772547414742798,3.381441238720968,0.39690687245864986,0.32867787648760544,0.44138720464430986,ETTm1,raw,11328,11424,raw:11328:6,mid,mid
0,0.6428993514842726,0.36207285623188845,0.12808934875960779,0.75,0.9528569224238069,3.3364729460387235,0.3894121570241003,0.377687185491923,0.6974230264826358,ETTm1,raw,11424,11520,raw:11424:0,mid,high
1,0.6875052107592637,0.5335790832544365,0.2799080876228578,0.5,0.880189756765631,3.3364729460387235,0.3894121570241003,0.5003307938788527,0.5898673045965771,ETTm1,raw,11424,11520,raw:11424:1,high,high
2,0.7204857926203965,0.30892244170272176,0.11430437707856486,0.125,0.921798036663047,3.3364729460387235,0.3894121570241003,0.38123753713389436,0.47873673122904914,ETTm1,raw,11424,11520,raw:11424:2,mid,mid
3,0.5508222863039905,0.32616940327921506,0.2758164806849915,1.0,0.9521314840030141,3.3364729460387235,0.3894121570241003,0.38426939008939903,0.7805145470090382,ETTm1,raw,11424,11520,raw:11424:3,mid,high
4,0.5683775626843391,0.2734931126829009,0.15524193512302473,0.125,0.8889969970381864,3.3364729460387235,0.3894121570241003,0.3323708701634216,0.46780305135409556,ETTm1,raw,11424,11520,raw:11424:4,mid,mid
5,0.6454089093020007,0.024740976508709014,0.02725365903360557,0.125,0.5051799968028422,3.3364729460387235,0.3894121570241003,0.2324678482814384,0.3398640512756475,ETTm1,raw,11424,11520,raw:11424:5,low,low
6,0.4951764168267795,0.28206712829021086,0.10598404720415025,0.25,0.8773757864722266,3.3364729460387235,0.3894121570241003,0.2944091974403802,0.5055959811654424,ETTm1,raw,11424,11520,raw:11424:6,low,high
0,0.9320868432327858,0.23222862534128536,0.003909705899670717,0.25,0.928694348648364,3.679967009068668,0.44666116743367607,0.38940839149124723,0.5417851720273467,ETTm1,raw,11520,11616,raw:11520:0,mid,high
1,0.8011009458230549,0.19705778412464645,0.11306919686963442,0.625,0.93241107006262,3.679967009068668,0.44666116743367607,0.3704093089391119,0.668024079165432,ETTm1,raw,11520,11616,raw:11520:1,mid,high
2,0.9222661978289953,0.2530653579232408,0.006945610848673547,0.5,0.9492055299657968,3.679967009068668,0.44666116743367607,0.3940923888669699,0.6319555657998243,ETTm1,raw,11520,11616,raw:11520:2,high,high
3,0.7221360245193129,0.24035214188915724,0.20922009535719222,1.0,0.9730598483480262,3.679967009068668,0.44666116743367607,0.3905694205885541,0.8065736719272341,ETTm1,raw,11520,11616,raw:11520:3,high,high
4,0.8778022097182672,0.1721774811307986,0.06327286759374864,0.25,0.7679174933290567,3.679967009068668,0.44666116743367607,0.3710841861476048,0.4881928869209109,ETTm1,raw,11520,11616,raw:11520:4,mid,mid
5,0.9549662606531657,0.24338755645731797,0.04960726692369847,0.25,0.8446847399940887,3.679967009068668,0.44666116743367607,0.41598702801139403,0.5137819691425882,ETTm1,raw,11520,11616,raw:11520:5,high,high
6,0.7996242481399995,0.1421894809307252,0.05120883284032268,0.25,0.719482663468594,3.679967009068668,0.44666116743367607,0.3310075206370158,0.47204794363409003,ETTm1,raw,11520,11616,raw:11520:6,mid,mid
0,0.0,0.0,0.0,0.0,-0.0,1.0,0.0,0.0,0.0,ETTm1,raw,11712,11808,raw:11712:0,low,low
1,0.0,0.0,0.0,0.0,-0.0,1.0,0.0,0.0,0.0,ETTm1,raw,11712,11808,raw:11712:1,low,low
2,0.0,0.0,0.0,0.0,-0.0,1.0,0.0,0.0,0.0,ETTm1,raw,11712,11808,raw:11712:2,low,low
3,0.0,0.0,0.0,0.0,-0.0,1.0,0.0,0.0,0.0,ETTm1,raw,11712,11808,raw:11712:3,low,low
4,0.0,0.0,0.0,0.0,-0.0,1.0,0.0,0.0,0.0,ETTm1,raw,11712,11808,raw:11712:4,low,low
5,0.0,0.0,0.0,0.0,-0.0,1.0,0.0,0.0,0.0,ETTm1,raw,11712,11808,raw:11712:5,low,low
6,0.0,0.0,0.0,0.0,-0.0,1.0,0.0,0.0,0.0,ETTm1,raw,11712,11808,raw:11712:6,low,low
0,0.8901319807931658,0.15288462216918391,0.04786307022160077,0.25,0.8250166649291277,2.3936527961851146,0.23227546564372667,0.3636265577279835,0.4357640435242848,ETTm1,raw,11808,11904,raw:11808:0,mid,mid
1,0.7064232100845961,0.09264118445523169,0.1336942203776306,0.125,0.8559114434402161,2.3936527961851146,0.23227546564372667,0.3109195383058195,0.4043956363613142,ETTm1,raw,11808,11904,raw:11808:1,low,mid
2,0.9372717769911445,0.12284634775256803,0.006069377342756087,0.125,0.5186913843705347,2.3936527961851146,0.23227546564372667,0.35539583402882285,0.29198895000475383,ETTm1,raw,11808,11904,raw:11808:2,mid,low
3,0.8837462126302925,0.059709350808991174,0.10537427861683922,0.0,0.6135434471403675,2.3936527961851146,0.23227546564372667,0.34960994735204093,0.28193963759469803,ETTm1,raw,11808,11904,raw:11808:3,mid,low
4,0.5465341748074022,0.1551976269159437,0.6229633665991827,0.0,0.6204352016159714,2.3936527961851146,0.23227546564372667,0.4415650561075095,0.284236889086566,ETTm1,raw,11808,11904,raw:11808:4,high,low
5,0.7082218996611979,0.11763645779078644,0.1548346322513165,0.0,0.48317524441687,2.3936527961851146,0.23227546564372667,0.3268976632344336,0.2384835700201989,ETTm1,raw,11808,11904,raw:11808:5,mid,low
6,0.8403397263007845,0.35485591298364166,0.23457018913796365,0.0,0.7709331500878805,2.3936527961851146,0.23227546564372667,0.4765886094741299,0.3344028719105357,ETTm1,raw,11808,11904,raw:11808:6,high,low
0,0.9561254970339853,0.0593464676324893,0.005865723850233267,0.25,0.6992704757876915,2.280997959046718,0.21349965948528693,0.3404458961722359,0.3875900450909928,ETTm1,raw,12000,12096,raw:12000:0,mid,mid
1,0.9275057732066011,0.10173680205025645,0.008828458022809986,0.375,0.7421817539929519,2.280997959046718,0.21349965948528693,0.3460236777598891,0.443560471159413,ETTm1,raw,12000,12096,raw:12000:1,mid,mid
2,0.9613159497390583,0.08767719937669828,0.003202213628432478,0.25,0.6619254924527003,2.280997959046718,0.21349965948528693,0.3507317875813964,0.3751417173126624,ETTm1,raw,12000,12096,raw:12000:2,mid,mid
3,0.9370942095815976,0.1438219117636445,0.017165757281762496,0.25,0.6880059224625186,2.280997959046718,0.21349965948528693,0.3660272928756682,0.38383519398260185,ETTm1,raw,12000,12096,raw:12000:3,mid,mid
4,0.901602886435947,0.13676092821635272,0.050083474699659666,0.25,0.7784121227727631,2.280997959046718,0.21349965948528693,0.36281576311731983,0.4139705940860166,ETTm1,raw,12000,12096,raw:12000:4,mid,mid
5,0.9345521319996106,0.1748501860879746,0.16042199430019594,0.375,0.8360646860657919,2.280997959046718,0.21349965948528693,0.423274770795927,0.4748547818503596,ETTm1,raw,12000,12096,raw:12000:5,high,mid
6,0.6974138525708635,0.09313321815591441,0.2804265899460082,0.0,0.4966184026396028,2.280997959046718,0.21349965948528693,0.35699122022426205,0.23670602070829658,ETTm1,raw,12000,12096,raw:12000:6,mid,low
0,0.8930323315305014,0.20648654730774652,0.004354824134925094,0.375,0.8803528208004436,3.112021162204432,0.35200352644739946,0.3679579009910577,0.5357854490826144,ETTm1,raw,12096,12192,raw:12096:0,mid,high
1,0.6182841797231902,0.25907678435969017,0.06092531223344745,0.625,0.9525435362287846,3.112021162204432,0.35200352644739946,0.3127620921054426,0.6431823542253947,ETTm1,raw,12096,12192,raw:12096:1,low,high
2,0.9675857213955786,0.21664497132525307,0.0025150527895146835,0.25,0.7805657716013351,3.112021162204432,0.35200352644739946,0.39558191517011543,0.4608564326829115,ETTm1,raw,12096,12192,raw:12096:2,high,mid
3,0.7645430508075757,0.254004026663724,0.03662219856829747,0.375,0.8828895656623132,3.112021162204432,0.35200352644739946,0.35172309201319907,0.5366310307032376,ETTm1,raw,12096,12192,raw:12096:3,mid,high
4,0.5797336129887259,0.5269461749571764,0.7254596270095028,0.25,0.9425920700312094,3.112021162204432,0.35200352644739946,0.6107131383184684,0.514865198826203,ETTm1,raw,12096,12192,raw:12096:4,high,high
5,0.5910022700936531,0.047581876996025896,0.4112980934472972,0.25,0.7060621062377023,3.112021162204432,0.35200352644739946,0.34996074684565875,0.4360218775617006,ETTm1,raw,12096,12192,raw:12096:5,mid,mid
6,0.8901165863822641,0.14899531220253676,0.18232953967529686,0.25,0.7669638198522076,3.112021162204432,0.35200352644739946,0.4071471460866993,0.45632244876653566,ETTm1,raw,12096,12192,raw:12096:6,high,mid
0,0.7009407683254791,0.13179246107017956,0.1320968721505676,0.25,0.8148646948484091,3.0515240490151134,0.34192067426598444,0.32161003384874204,0.46892845637146446,ETTm1,raw,12288,12384,raw:12288:0,mid,mid
1,0.7196189694874038,0.07411466724530058,0.04744957012069843,0.25,0.8388740755739583,3.0515240490151134,0.34192067426598444,0.2803944022844676,0.4769315832799809,ETTm1,raw,12288,12384,raw:12288:1,low,mid
2,0.8847899824233616,0.15497366775311688,0.02027568003662979,0.125,0.6701104977180816,3.0515240490151134,0.34192067426598444,0.3533464434043694,0.37901039066135533,ETTm1,raw,12288,12384,raw:12288:2,mid,mid
3,0.9237783612288457,0.1129599883481025,0.01906318564573479,0.125,0.6730633623324574,3.0515240490151134,0.34192067426598444,0.3519338450742277,0.3799946788661473,ETTm1,raw,12288,12384,raw:12288:3,mid,mid
4,0.5012122218397826,0.5739325944715096,0.5629273856247899,0.25,0.9358632690239599,3.0515240490151134,0.34192067426598444,0.5460240673120275,0.5092613144299815,ETTm1,raw,12288,12384,raw:12288:4,high,high
5,0.562693248157208,0.1677775914379093,0.30111564747972425,0.25,0.8250963784515735,3.0515240490151134,0.34192067426598444,0.3438621623582805,0.4723390175725193,ETTm1,raw,12288,12384,raw:12288:5,mid,mid
6,0.6291673064763768,0.037933599013530404,0.4795027803643907,0.25,0.6020412171648567,3.0515240490151134,0.34192067426598444,0.3822012286180993,0.39798729714361375,ETTm1,raw,12288,12384,raw:12288:6,mid,mid
0,0.962647619285673,0.19100707145098064,0.003204001096490058,0.25,0.8268029114997242,2.7244538243589655,0.2874089702474793,0.3856195639443812,0.45473729391573453,ETTm1,raw,12384,12480,raw:12384:0,mid,mid
1,0.8014297634287999,0.1928322072827705,0.027609200227819725,0.375,0.9088130534642257,2.7244538243589655,0.2874089702474793,0.34062372364646337,0.5237406745705684,ETTm1,raw,12384,12480,raw:12384:1,mid,high
2,0.9419529794585848,0.2086723381704165,0.002250537355456334,0.125,0.8432317385988309,2.7244538243589655,0.2874089702474793,0.38429195166148594,0.41854690294877006,ETTm1,raw,12384,12480,raw:12384:2,mid,mid
3,0.811016458688312,0.2619418217317272,0.012805005425206923,0.375,0.9462377288542229,2.7244538243589655,0.2874089702474793,0.36192109528174865,0.536215566367234,ETTm1,raw,12384,12480,raw:12384:3,mid,high
4,0.9063843909297692,0.10190357745776091,0.02076298748881734,0.25,0.786989129764,2.7244538243589655,0.2874089702474793,0.34301698529211583,0.44146603333715984,ETTm1,raw,12384,12480,raw:12384:4,mid,mid
5,0.9579558031925985,0.18561455973267754,0.09523843745758043,0.5,0.8695677686139877,2.7244538243589655,0.2874089702474793,0.4129362667942855,0.552325579620489,ETTm1,raw,12384,12480,raw:12384:5,high,high
6,0.9008763980606034,0.04823624059779647,0.40184771607608943,0.125,0.6722426632838892,2.7244538243589655,0.2874089702474793,0.45032011824482976,0.36155054451045615,ETTm1,raw,12384,12480,raw:12384:6,high,mid
0,0.7279433415150964,0.43001405867383335,0.09065023791679946,0.625,0.9319243956531307,3.3805679747586463,0.3967613284651722,0.41620254603524304,0.651228574706101,ETTm1,raw,12480,12576,raw:12480:0,high,high
1,0.7719471951425463,0.2487425270804297,0.0650557936178841,0.5,0.950229861343042,3.3805679747586463,0.3967613284651722,0.3619151719469534,0.6156637299360713,ETTm1,raw,12480,12576,raw:12480:1,mid,high
2,0.9098324832563669,0.26378577402058745,0.022606415194868827,0.375,0.9297521883417811,3.3805679747586463,0.3967613284651722,0.3987415574906077,0.5671711722689844,ETTm1,raw,12480,12576,raw:12480:2,high,high
3,0.7046740331472416,0.2691119373865748,0.11198688681565756,0.75,0.972137425807757,3.3805679747586463,0.3967613284651722,0.361924285783158,0.7062995847576431,ETTm1,raw,12480,12576,raw:12480:3,mid,high
4,0.6704153211071471,0.2752418866280469,0.21708255399981585,0.25,0.8671048545258027,3.3805679747586463,0.3967613284651722,0.38757992057833657,0.5046220609969917,ETTm1,raw,12480,12576,raw:12480:4,mid,high
5,0.6621377388322984,0.037897411917293886,0.06858402350714864,0.125,0.44533298838271895,3.3805679747586463,0.3967613284651722,0.25620639141891366,0.3223647722826304,ETTm1,raw,12480,12576,raw:12480:5,low,low
6,0.7046531572017616,0.07189523506076774,0.15306484328620887,0.0,0.7246240463252889,3.3805679747586463,0.3967613284651722,0.30987107851624607,0.37379512493015365,ETTm1,raw,12480,12576,raw:12480:6,low,mid
0,0.856309116302582,0.15210777575841278,0.0853300989972297,0.25,0.8909630770894647,3.7988376274704323,0.46647293713428384,0.3645823303527415,0.5358120047412496,ETTm1,raw,12672,12768,raw:12672:0,mid,high
1,0.7114082943090012,0.21996876189542938,0.3364975172914264,0.875,0.8455130138780226,3.7988376274704323,0.46647293713428384,0.4226248578319523,0.7289953170041023,ETTm1,raw,12672,12768,raw:12672:1,high,high
2,0.918531625597009,0.1518497704322504,0.02628909862868143,0.25,0.773060738160436,3.7988376274704323,0.46647293713428384,0.36555683155264695,0.49651122509823997,ETTm1,raw,12672,12768,raw:12672:2,mid,mid
3,0.7449484403070341,0.24053689078610727,0.25653757735924493,1.0,0.8611638701704072,3.7988376274704323,0.46647293713428384,0.41400763615079544,0.7758789357682304,ETTm1,raw,12672,12768,raw:12672:3,high,high
4,0.4498405712662096,0.336750285444695,0.7815561147922693,0.25,0.9211078226601355,3.7988376274704323,0.46647293713428384,0.5227156571677246,0.5458602532648064,ETTm1,raw,12672,12768,raw:12672:4,high,high
5,0.8097765671013402,0.04731801630138269,0.2717859166436227,0.125,0.6740253526285712,3.7988376274704323,0.46647293713428384,0.37629350001544853,0.42183276325428504,ETTm1,raw,12672,12768,raw:12672:5,mid,mid
6,0.530606821341135,0.09404705187769366,0.36018469775864326,0.375,0.7884061520370721,3.7988376274704323,0.46647293713428384,0.3282795236591573,0.5432930297237853,ETTm1,raw,12672,12768,raw:12672:6,mid,high
0,0.9332569880935545,0.13036605456174533,0.011126049892067731,0.25,0.7578084191678589,2.9538448186956057,0.3256408025731996,0.3582496975157892,0.4444830739136862,ETTm1,raw,12768,12864,raw:12768:0,mid,mid
1,0.6939642195070882,0.20617306189599055,0.059363633220755135,0.25,0.9183931137244753,2.9538448186956057,0.3256408025731996,0.31983363820794464,0.4980113054325583,ETTm1,raw,12768,12864,raw:12768:1,mid,mid
2,0.9348955624743128,0.21867140071886393,0.0012998026597263726,0.125,0.7496907559082121,2.9538448186956057,0.3256408025731996,0.3849555886176344,0.4001105194938039,ETTm1,raw,12768,12864,raw:12768:2,mid,mid
3,0.819865248479044,0.267808190556375,0.11200086712670933,0.25,0.9133577865850847,2.9538448186956057,0.3256408025731996,0.39989143538737615,0.4963328630527614,ETTm1,raw,12768,12864,raw:12768:3,high,mid
4,0.9474121116613153,0.15484359598744937,0.019970120130198256,0.25,0.7906589245122241,2.9538448186956057,0.3256408025731996,0.374075275926321,0.45543324236180793,ETTm1,raw,12768,12864,raw:12768:4,mid,mid
5,0.9406685542791395,0.1818139786597493,0.606131264023978,0.375,0.8828164492817133,2.9538448186956057,0.3256408025731996,0.5762045989876222,0.5278190839516376,ETTm1,raw,12768,12864,raw:12768:5,high,high
6,0.9116103717260331,0.15499302075685328,0.3797378549011907,0.25,0.6722657733061003,2.9538448186956057,0.3256408025731996,0.4821137491280257,0.41596885862643324,ETTm1,raw,12768,12864,raw:12768:6,high,mid
0,0.8991796644209471,0.0817932010713468,0.027195687467313694,0.25,0.8508722925931129,3.2274032690291397,0.37123387755280013,0.3360561843198692,0.49070205671530437,ETTm1,raw,12960,13056,raw:12960:0,mid,mid
1,0.6095640218883411,0.24735556559949984,0.07344935821475072,0.625,0.9367909760238157,3.2274032690291397,0.37123387755280013,0.3101229819008639,0.644341617858872,ETTm1,raw,12960,13056,raw:12960:1,low,high
2,0.8720281306749063,0.10036685674229319,0.04024924254286742,0.125,0.7682720607567911,3.2274032690291397,0.37123387755280013,0.3375480766533556,0.4215019794365304,ETTm1,raw,12960,13056,raw:12960:2,mid,mid
3,0.5588126456147855,0.21123596432644542,0.14336693812600515,0.5,0.9296933313591157,3.2274032690291397,0.37123387755280013,0.3044718493557454,0.6003090696373052,ETTm1,raw,12960,13056,raw:12960:3,low,high
4,0.774714373295342,0.1829428181589982,0.032300059128437086,0.25,0.7744654418339826,3.2274032690291397,0.37123387755280013,0.3299857501942591,0.46523310646226085,ETTm1,raw,12960,13056,raw:12960:4,mid,mid
5,0.8094635662510199,0.33296187218544115,0.11346623183700462,0.375,0.9629192117624953,3.2274032690291397,0.37123387755280013,0.4186305567578219,0.5697176964384318,ETTm1,raw,12960,13056,raw:12960:5,high,high
6,0.8524298663214487,0.1244925591041203,0.03514021598890967,0.25,0.840084480402889,3.2274032690291397,0.37123387755280013,0.3373542138048262,0.48710611931856307,ETTm1,raw,12960,13056,raw:12960:6,mid,mid
0,0.7896544036197157,0.15266146914201112,0.018370673401541894,0.25,0.9001717588568598,3.1097178264336987,0.35161963715291705,0.3202288487210896,0.500597132003259,ETTm1,raw,13056,13152,raw:13056:0,mid,mid
1,0.7649921273098644,0.2194049596487723,0.07341950342336036,0.25,0.9056150290106018,3.1097178264336987,0.35161963715291705,0.35260553012733237,0.5024115553878395,ETTm1,raw,13056,13152,raw:13056:1,mid,high
2,0.8881916205628873,0.13131483103675,0.007709689751195486,0.25,0.7483026666236461,3.1097178264336987,0.35161963715291705,0.3424053804502776,0.44997410125885434,ETTm1,raw,13056,13152,raw:13056:2,mid,mid
3,0.7702859457172163,0.1936490629099631,0.0782219745687081,0.125,0.8438083086155046,3.1097178264336987,0.35161963715291705,0.34738566106529584,0.4401426485894739,ETTm1,raw,13056,13152,raw:13056:3,mid,mid
4,0.6705994122464566,0.4037593753441277,0.15022772397538006,0.25,0.9147063133373758,3.1097178264336987,0.35161963715291705,0.4081955038553214,0.5054419834967643,ETTm1,raw,13056,13152,raw:13056:4,high,high
5,0.598090326488572,0.06473135467430521,0.38358827934262324,0.25,0.6914837254827529,3.1097178264336987,0.35161963715291705,0.34880332016850013,0.43103445421189,ETTm1,raw,13056,13152,raw:13056:5,mid,mid
6,0.8154315643833139,0.3644010393358912,0.5121797470902582,0.0,0.5783728031637287,3.1097178264336987,0.35161963715291705,0.5640041169364878,0.30999748010554856,ETTm1,raw,13056,13152,raw:13056:6,high,low
0,0.9333961872394129,0.057582935735513305,0.02497548536436103,0.25,0.8485279534856389,3.1889422390153355,0.3648237058945164,0.33865153611309573,0.4877838864600517,ETTm1,raw,13152,13248,raw:13152:0,mid,mid
1,0.304443508164398,0.18566478989484614,0.5204864737315611,0.25,0.7863344152404163,3.1889422390153355,0.3648237058945164,0.3368649239302684,0.46705270704497764,ETTm1,raw,13152,13248,raw:13152:1,mid,mid
2,0.9490779814497811,0.06931025486902531,0.037502443395373036,0.25,0.8289934828768124,3.1889422390153355,0.3648237058945164,0.35196355990472644,0.48127239625710966,ETTm1,raw,13152,13248,raw:13152:2,mid,mid
3,0.6915119954210427,0.13559838374137428,0.08994611979860748,0.625,0.9563733073115733,3.1889422390153355,0.3648237058945164,0.3056854996536748,0.6487323377353632,ETTm1,raw,13152,13248,raw:13152:3,low,high
4,0.8558853086143124,0.13664470240336263,0.0031880158099291834,0.25,0.7409499151997379,3.1889422390153355,0.3648237058945164,0.3319060089425348,0.45192454036475144,ETTm1,raw,13152,13248,raw:13152:4,mid,mid
5,0.9477162004546481,0.046792017778494635,0.03366965481495086,0.0,0.6137399646429079,3.1889422390153355,0.3648237058945164,0.3427259576826978,0.32618789017914146,ETTm1,raw,13152,13248,raw:13152:5,mid,low
6,0.6648816891260589,0.1902737457702144,0.5135710171205438,0.125,0.7654492459486246,3.1889422390153355,0.3648237058945164,0.4562421506722723,0.41842431728104695,ETTm1,raw,13152,13248,raw:13152:6,high,mid
0,0.9147837378334815,0.17961248492961535,0.003572925477270623,0.5,0.9385780773751777,3.640180487584689,0.4400300805307314,0.3659897160801226,0.6262027193019697,ETTm1,raw,13344,13440,raw:13344:0,mid,high
1,0.688573117638076,0.3393016235881154,0.12024752657096557,0.5,0.8433989446564759,3.640180487584689,0.4400300805307314,0.3827074225990523,0.594476341729069,ETTm1,raw,13344,13440,raw:13344:1,mid,high
2,0.7908846706581993,0.17969949100996505,0.018650386182887516,0.5,0.9531739866194916,3.640180487584689,0.4400300805307314,0.32974484928368397,0.6310680223834076,ETTm1,raw,13344,13440,raw:13344:2,mid,high
3,0.5277753135907066,0.18453252601389492,0.13168942026264832,0.625,0.8989532364944817,3.640180487584689,0.4400300805307314,0.2813324199557499,0.654661105675071,ETTm1,raw,13344,13440,raw:13344:3,low,high
4,0.9001114143231068,0.1637088285809907,0.022818897233101917,0.125,0.7749197054958491,3.640180487584689,0.4400300805307314,0.3622130467123998,0.44664992867552683,ETTm1,raw,13344,13440,raw:13344:4,mid,mid
5,0.9097204588833725,0.24654377064183897,0.18268762808013417,0.375,0.9628948074105931,3.640180487584689,0.4400300805307314,0.44631728586844854,0.5926416293137747,ETTm1,raw,13344,13440,raw:13344:5,high,high
6,0.2002115025773813,0.055327383615478926,0.148606908635934,0.0,0.4543540065361966,3.640180487584689,0.4400300805307314,0.13471526494293143,0.29812802902230934,ETTm1,raw,13344,13440,raw:13344:6,low,low
0,0.595658922008437,0.3052616045505978,0.30856701440668893,0.375,0.8368904449616876,2.421447557613302,0.2369079258740371,0.40316251365524125,0.48293279027857494,ETTm1,raw,13440,13536,raw:13440:0,high,mid
1,0.4382521730660165,0.17127599062439436,0.17957118011733303,0.375,0.928543073874306,2.421447557613302,0.2369079258740371,0.2630331146025813,0.5134836665827811,ETTm1,raw,13440,13536,raw:13440:1,low,high
2,0.4498682024885061,0.21725229458371914,0.07226172306209293,0.0,0.698864050624276,2.421447557613302,0.2369079258740371,0.24646074004477272,0.3119239921661044,ETTm1,raw,13440,13536,raw:13440:2,low,low
3,0.6881007187624708,0.13528170191336675,0.06590008629861915,0.375,0.9132533862893512,2.421447557613302,0.2369079258740371,0.2964275023248189,0.5083871040544629,ETTm1,raw,13440,13536,raw:13440:3,low,high
4,0.5538207636946055,0.39636358405362826,0.5683142029549845,0.25,0.9352168834571133,2.421447557613302,0.2369079258740371,0.5061661835677395,0.4740416031103835,ETTm1,raw,13440,13536,raw:13440:4,high,mid
5,0.4646208960060758,0.04984514037001156,0.10723652877530351,0.125,0.6581067605733968,2.421447557613302,0.2369079258740371,0.20723418838379695,0.340004895482478,ETTm1,raw,13440,13536,raw:13440:5,low,low
6,0.8936282631431722,0.17445414318937474,0.08398726521636724,0.125,0.860650514705822,2.421447557613302,0.2369079258740371,0.3840232238496381,0.4075194801932864,ETTm1,raw,13440,13536,raw:13440:6,mid,mid
0,0.2590297121942655,0.32956941421531144,0.36582023712471656,0.5,0.8848333244744905,3.6980767804641976,0.4496794626612338,0.3181397878447645,0.6115042623785748,ETTm1,raw,13632,13728,raw:13632:0,mid,high
1,0.33508073457835086,0.19529398328878605,0.26982689217429046,0.75,0.9407426600353788,3.6980767804641976,0.4496794626612338,0.26673387001380916,0.7134740408988708,ETTm1,raw,13632,13728,raw:13632:1,low,high
2,0.5396582207832782,0.32611026693896483,0.11643568598340477,0.25,0.6843890731307026,3.6980767804641976,0.4496794626612338,0.32740139123521594,0.46135617859731215,ETTm1,raw,13632,13728,raw:13632:2,mid,mid
3,0.6014866577516493,0.34650821960811495,0.2005046542695471,0.625,0.9320604529924738,3.6980767804641976,0.4496794626612338,0.38283317720977045,0.6689133052179025,ETTm1,raw,13632,13728,raw:13632:3,mid,high
4,0.4296477271626279,0.12231596121385414,0.44538190317098125,0.25,0.9220062095391187,3.6980767804641976,0.4496794626612338,0.3324485305158211,0.5405618907334508,ETTm1,raw,13632,13728,raw:13632:4,mid,high
5,0.2877129958689739,0.1308628563813184,0.6924095762685663,0.25,0.8860538924763899,3.6980767804641976,0.4496794626612338,0.37032847617295284,0.5285777850458745,ETTm1,raw,13632,13728,raw:13632:5,mid,high
6,0.5872365203456058,0.14733513906503565,0.5773691813078687,0.25,0.6652166376746947,3.6980767804641976,0.4496794626612338,0.43731361357283677,0.45496536677864285,ETTm1,raw,13632,13728,raw:13632:6,high,mid
0,0.9053740344845432,0.09793670693584264,0.023365183673750844,0.25,0.847439418885713,3.4936284458085214,0.41560474027541233,0.34222530836471227,0.5043480530537084,ETTm1,raw,13728,13824,raw:13728:0,mid,high
1,0.7640423819344729,0.39587107317396664,0.07800926512226503,0.25,0.9430211467418169,3.4936284458085214,0.41560474027541233,0.4126409067435682,0.5362086290057431,ETTm1,raw,13728,13824,raw:13728:1,high,high
2,0.8975003496927667,0.1802218337252681,0.013830924012802157,0.25,0.798658324973001,3.4936284458085214,0.41560474027541233,0.36385103581027894,0.4880876884161378,ETTm1,raw,13728,13824,raw:13728:2,mid,mid
3,0.7660448081652209,0.28899176364774665,0.05993158089195322,0.625,0.9596303458091303,3.4936284458085214,0.41560474027541233,0.3716560509016402,0.6667450286948475,ETTm1,raw,13728,13824,raw:13728:3,mid,high
4,0.6314326264890395,0.20673384279726337,0.21279030112994357,0.25,0.8528169333976158,3.4936284458085214,0.41560474027541233,0.3503189234720822,0.5061405578910094,ETTm1,raw,13728,13824,raw:13728:4,mid,high
5,0.5194503257972395,0.33880981624650974,0.3737777987361804,0.625,0.7926608536608982,3.4936284458085214,0.41560474027541233,0.41067931359330984,0.6110885313121035,ETTm1,raw,13728,13824,raw:13728:5,high,high
6,0.6589030726769013,0.23939507899829107,0.35818487408529415,0.25,0.8131949196261952,3.4936284458085214,0.41560474027541233,0.41882767525349546,0.4929332199672025,ETTm1,raw,13728,13824,raw:13728:6,high,mid
0,0.6446193832519682,0.41264290744813115,0.047223664991401064,0.5,0.8555296428102747,3.629246671897608,0.438207777919255,0.3681619852305001,0.5979124735765099,ETTm1,raw,13920,14016,raw:13920:0,mid,high
1,0.5358929557402508,0.284933836533284,0.08768992017405611,0.5,0.904157678945362,3.629246671897608,0.438207777919255,0.30283890414919695,0.6141218189548724,ETTm1,raw,13920,14016,raw:13920:1,low,high
2,0.7419839031004696,0.36292865785388567,0.026232947436092592,0.375,0.8962077477739089,3.629246671897608,0.438207777919255,0.37704850279681595,0.5698051752310547,ETTm1,raw,13920,14016,raw:13920:2,mid,high
3,0.5605000308263296,0.3555575949762255,0.04179532330812961,0.375,0.928224575771436,3.629246671897608,0.438207777919255,0.31928431637022825,0.5804774512302303,ETTm1,raw,13920,14016,raw:13920:3,mid,high
4,0.43802204745205997,0.04717307075873264,0.06190695142198294,0.0,0.6040337571791843,3.629246671897608,0.438207777919255,0.1823673565442585,0.3474138450328131,ETTm1,raw,13920,14016,raw:13920:4,low,low
5,0.2960527087362157,0.038621970857036836,0.06152762933100951,0.0,0.40365960606659995,3.629246671897608,0.438207777919255,0.13206743630808734,0.28062246132861834,ETTm1,raw,13920,14016,raw:13920:5,low,low
6,0.5758152366758955,0.2000109820605484,0.10206912734598261,0.625,0.9113927089520584,3.629246671897608,0.438207777919255,0.29263178202747553,0.6582001622904378,ETTm1,raw,13920,14016,raw:13920:6,low,high
0,0.6232131547092272,0.09985005769565297,0.14646001641272102,0.625,0.8445817221629308,3.7808868852131563,0.46348114676305746,0.2898410762725337,0.6443542896419961,ETTm1,raw,14016,14112,raw:14016:0,low,high
1,0.7061588832951993,0.22773230509708692,0.27272877179971494,1.0,0.9534957177453848,3.7808868852131563,0.46348114676305746,0.4022066533973337,0.8056589548361474,ETTm1,raw,14016,14112,raw:14016:1,high,high
2,0.7450192907244515,0.15568780512361785,0.05049407029457151,1.0,0.9809147560213319,3.7808868852131563,0.46348114676305746,0.3170670553808803,0.8147986342614632,ETTm1,raw,14016,14112,raw:14016:2,mid,high
3,0.6191851387212688,0.2507664363222224,0.17203790246138662,1.0,0.9878410500055267,3.7808868852131563,0.46348114676305746,0.3473298258349593,0.8171073989228614,ETTm1,raw,14016,14112,raw:14016:3,mid,high
4,0.43452082702357664,0.1116738551093601,0.3175955635502155,0.125,0.644255173236075,3.7808868852131563,0.46348114676305746,0.2879300818943841,0.41091210666637745,ETTm1,raw,14016,14112,raw:14016:4,low,mid
5,0.7423807970354067,0.05654270721543703,0.02835490630805586,0.125,0.45405866544259504,3.7808868852131563,0.46348114676305746,0.27575947018629987,0.34751327073521754,ETTm1,raw,14016,14112,raw:14016:5,low,low
6,0.9097209012958629,0.11540051724521388,0.0851017198755989,0.25,0.8644314904099533,3.7808868852131563,0.46348114676305746,0.37007437947222527,0.5259708790576703,ETTm1,raw,14016,14112,raw:14016:6,mid,high
0,0.10305146984910918,0.2712617538942894,0.1785440293849447,0.375,0.9211932191119269,3.2102605500046444,0.36837675772014616,0.1842857510427811,0.5548566589440244,ETTm1,raw,14112,14208,raw:14112:0,low,high
1,0.5240219026792162,0.28824005648568063,0.31257857301552716,0.375,0.9152829158651111,3.2102605500046444,0.36837675772014616,0.37494684406014134,0.5528865578617524,ETTm1,raw,14112,14208,raw:14112:1,mid,high
2,0.4455382692013472,0.21587952263801108,0.10796954673283897,0.375,0.9390392029834844,3.2102605500046444,0.36837675772014616,0.2564624461907324,0.5608053202345435,ETTm1,raw,14112,14208,raw:14112:2,low,high
3,0.668552877189676,0.11986815556767663,0.10833779471971113,0.75,0.9390084584888085,3.2102605500046444,0.36837675772014616,0.29891960915902127,0.6857950720696516,ETTm1,raw,14112,14208,raw:14112:3,low,high
4,0.5260622566568852,0.19188978678519017,0.11931765691083099,0.375,0.934254571258579,3.2102605500046444,0.36837675772014616,0.27908990011763546,0.5592104429929085,ETTm1,raw,14112,14208,raw:14112:4,low,high
5,0.6317329500212341,0.23074887110598913,0.26239265115726274,0.0,0.8119432144721627,3.2102605500046444,0.36837675772014616,0.37495815742816196,0.3934399907307696,ETTm1,raw,14112,14208,raw:14112:5,mid,mid
6,0.7734185091807011,0.17599126774785168,0.09408645786366548,0.375,0.9786481207781736,3.2102605500046444,0.36837675772014616,0.34783207826407275,0.5740082928327733,ETTm1,raw,14112,14208,raw:14112:6,mid,high
0,0.6768447838713403,0.11498686125723825,0.07209523455398884,0.375,0.9283805828322408,3.3100517304271992,0.3850086210961855,0.2879756265608558,0.5627964013094755,ETTm1,raw,14304,14400,raw:14304:0,low,high
1,0.7213243290745852,0.2028519211417353,0.12744536689198283,0.5,0.8156213890952684,3.3100517304271992,0.3850086210961855,0.35054053903610116,0.5668766700638179,ETTm1,raw,14304,14400,raw:14304:1,mid,high
2,0.8993518858431837,0.0964912965814879,0.02432827229810522,0.375,0.8650713316677084,3.3100517304271992,0.3850086210961855,0.340057151574259,0.5416933175879647,ETTm1,raw,14304,14400,raw:14304:2,mid,high
3,0.5535028115439382,0.17717006845138583,0.2058834628147297,0.5,0.9052467224918505,3.3100517304271992,0.3850086210961855,0.31218544760335126,0.596751781196012,ETTm1,raw,14304,14400,raw:14304:3,low,high
4,0.43060334480462004,0.18898009928533488,0.14544936999371658,0.25,0.8586892669779941,3.3100517304271992,0.3850086210961855,0.2550109380278905,0.49789929602472655,ETTm1,raw,14304,14400,raw:14304:4,low,mid
5,0.6940701346243584,0.08946065410122266,0.2770970818834078,0.125,0.7802961506999433,3.3100517304271992,0.3850086210961855,0.35354262353632965,0.43010159059870956,ETTm1,raw,14304,14400,raw:14304:5,mid,mid
6,0.9102855506039564,0.23787890492057645,0.4045396610658055,0.125,0.6656427618067453,3.3100517304271992,0.3850086210961855,0.5175680388634462,0.391883794300977,ETTm1,raw,14304,14400,raw:14304:6,high,mid
0,0.923475055618169,0.09076234407332931,0.042835460838338724,0.375,0.8289165602586981,3.4580935154366768,0.4096822518899757,0.3523576201766124,0.5378662707162246,ETTm1,raw,14400,14496,raw:14400:0,mid,high
1,0.6303571995660693,0.2191071856183568,0.21141816698591911,0.375,0.921088755440703,3.4580935154366768,0.4096822518899757,0.3536275173901151,0.5685903357768929,ETTm1,raw,14400,14496,raw:14400:1,mid,high
2,0.8849599700087295,0.08080263825713187,0.04096260918823716,0.375,0.825315992557276,3.4580935154366768,0.4096822518899757,0.33557507248469953,0.5366660814824172,ETTm1,raw,14400,14496,raw:14400:2,mid,high
3,0.6471364154093662,0.23832368982916124,0.13009129153012108,0.5,0.9187100468878536,3.4580935154366768,0.4096822518899757,0.33851713225621616,0.6094640995926097,ETTm1,raw,14400,14496,raw:14400:3,mid,high
4,0.805888857993009,0.1830656242752279,0.02773917959481145,0.25,0.7814651770589937,3.4580935154366768,0.4096822518899757,0.33889788728768283,0.4803824763163231,ETTm1,raw,14400,14496,raw:14400:4,mid,mid
5,0.8548707589734312,0.15670520146511618,0.4034475148378949,0.25,0.9657161086624796,3.4580935154366768,0.4096822518899757,0.4716744917588141,0.541799453517485,ETTm1,raw,14400,14496,raw:14400:5,high,high
6,0.3475155161924405,0.1295097630403665,0.535105641368131,0.25,0.7140600111196121,3.4580935154366768,0.4096822518899757,0.337376973533646,0.45791408766986264,ETTm1,raw,14400,14496,raw:14400:6,mid,mid
0,0.8694920355895891,0.19126594654230203,0.005089542508915302,0.25,0.9090082017373946,3.371262050887613,0.39521034115591824,0.35528250821360213,0.5180728476311043,ETTm1,raw,14592,14688,raw:14592:0,mid,high
1,0.835758154306321,0.5665413066501965,0.05179191559508209,0.375,0.9797042501962585,3.371262050887613,0.39521034115591824,0.4846971255171999,0.5833048637840589,ETTm1,raw,14592,14688,raw:14592:1,high,high
2,0.8943339979094859,0.2624238299712413,0.007796784547834343,0.375,0.8787245272049374,3.371262050887613,0.39521034115591824,0.3881848708095205,0.5496449561202853,ETTm1,raw,14592,14688,raw:14592:2,mid,high
3,0.8694316756940953,0.3320043290213237,0.055127448126107884,0.5,0.927022895603938,3.371262050887613,0.39521034115591824,0.4188544842805089,0.6074110789199522,ETTm1,raw,14592,14688,raw:14592:3,high,high
4,0.6965639197269857,0.20577943594164771,0.034310894518584496,0.25,0.6594613473694451,3.371262050887613,0.39521034115591824,0.3122180833957393,0.4348905628417878,ETTm1,raw,14592,14688,raw:14592:4,low,mid
5,0.7513723965643984,0.3465113675459055,0.09557595503691063,0.25,0.8563682290265789,3.371262050887613,0.39521034115591824,0.39781990638240483,0.5005261900608323,ETTm1,raw,14592,14688,raw:14592:5,high,mid
6,0.6213132371877619,0.0978139286115794,0.48317272341231743,0.375,0.9242619783557526,3.371262050887613,0.39521034115591824,0.4007666297372196,0.5648241065038903,ETTm1,raw,14592,14688,raw:14592:6,high,high
0,0.7507754133689314,0.336942103142984,0.10065397661806572,0.625,0.9299914435002835,3.7410381893965545,0.4568396974713596,0.39612383104332705,0.6706103803238811,ETTm1,raw,14688,14784,raw:14688:0,high,high
1,0.8744300679497371,0.16698227984519548,0.2413203011735264,0.25,0.8882635379076848,3.7410381893965545,0.4568396974713596,0.42757754965615297,0.5317010784596815,ETTm1,raw,14688,14784,raw:14688:1,high,high
2,0.866639705362779,0.2886514635084492,0.0668923801664069,0.25,0.9290198098994215,3.7410381893965545,0.4568396974713596,0.40739451634587837,0.545286502456927,ETTm1,raw,14688,14784,raw:14688:2,high,high
3,0.87015530442044,0.24578430063958465,0.17049291032726102,0.25,0.865056399444982,3.7410381893965545,0.4568396974713596,0.4288108384624285,0.5239653656387805,ETTm1,raw,14688,14784,raw:14688:3,high,high
4,0.7423540298533273,0.3823208213780025,0.18433282973831017,0.125,0.8918616779566253,3.7410381893965545,0.4568396974713596,0.4363358936565467,0.4912337918093283,ETTm1,raw,14688,14784,raw:14688:4,high,mid
5,0.7065925199130798,0.06815540486070898,0.13942359440364555,0.125,0.7984682403289988,3.7410381893965545,0.4568396974713596,0.3047238397258114,0.4601026459334528,ETTm1,raw,14688,14784,raw:14688:5,low,mid
6,0.810344701648767,0.06031676983347835,0.2578155260286877,0.125,0.8497340472514013,3.7410381893965545,0.4568396974713596,0.376158999170311,0.47719124824092035,ETTm1,raw,14688,14784,raw:14688:6,mid,mid
0,0.8030409774284362,0.12196681110588059,0.02759654342976125,0.375,0.8725459665975238,2.630323373136486,0.27172056173654674,0.3175347773213593,0.5064221761113569,ETTm1,raw,14784,14880,raw:14784:0,mid,high
1,0.8216730331265503,0.3115334968137478,0.24171465413010043,0.75,0.9404661212716129,2.630323373136486,0.27172056173654674,0.4583070613567995,0.6540622276693866,ETTm1,raw,14784,14880,raw:14784:1,high,high
2,0.7259673550188931,0.27133699283245216,0.1432969394180081,0.375,0.8660075863026405,2.630323373136486,0.27172056173654674,0.38020042908978446,0.5042427160130624,ETTm1,raw,14784,14880,raw:14784:2,mid,high
3,0.7131350036210763,0.37422683018859737,0.2720678778321998,0.75,0.9450137598953705,2.630323373136486,0.27172056173654674,0.4531432372139579,0.6555781072106391,ETTm1,raw,14784,14880,raw:14784:3,high,high
4,0.6336620461815383,0.20777725881493886,0.07064833823923145,0.25,0.7603468839845172,2.630323373136486,0.27172056173654674,0.3040292144119029,0.4273558152403547,ETTm1,raw,14784,14880,raw:14784:4,low,mid
5,0.7417897146638919,0.213253398573408,0.38801656798621414,0.25,0.9512110918066181,2.630323373136486,0.27172056173654674,0.447686560407838,0.49097721784772164,ETTm1,raw,14784,14880,raw:14784:5,high,mid
6,0.5471480668217916,0.09939375364782736,0.4661101967652426,0.125,0.79298959670931,2.630323373136486,0.27172056173654674,0.37088400574495384,0.39657005281528557,ETTm1,raw,14784,14880,raw:14784:6,mid,mid
0,0.9164035410100061,0.19958558721535968,0.027790100891528873,0.25,0.9223460162265426,2.8521858435611116,0.30869764007902256,0.38125974303896487,0.4936812187685217,ETTm1,raw,14976,15072,raw:14976:0,mid,mid
1,0.8076636543216078,0.25189128773639885,0.09123081485381705,0.625,0.9305353175464577,2.8521858435611116,0.30869764007902256,0.3835952523039412,0.6214109858751601,ETTm1,raw,14976,15072,raw:14976:1,mid,high
2,0.9428679703376011,0.2322788807429734,0.020927813773735843,0.25,0.8895701267353653,2.8521858435611116,0.30869764007902256,0.39869155495143677,0.48275592227146263,ETTm1,raw,14976,15072,raw:14976:2,high,mid
3,0.7874738807942384,0.2506454705166958,0.18415637902679727,0.875,0.9199654224281028,2.8521858435611116,0.30869764007902256,0.40742524344591047,0.7012210208357085,ETTm1,raw,14976,15072,raw:14976:3,high,high
4,0.7607106063089522,0.13484507482579322,0.006527682990287542,0.5,0.9250660198624315,2.8521858435611116,0.30869764007902256,0.30069445470834427,0.5779212199804847,ETTm1,raw,14976,15072,raw:14976:4,low,high
5,0.6128498419529758,0.21022970506908367,0.4112576590668607,0.75,0.808607561619652,2.8521858435611116,0.30869764007902256,0.4114457353629734,0.6224350672328915,ETTm1,raw,14976,15072,raw:14976:5,high,high
6,0.1354710239587107,0.1925887912611407,0.2605026899558267,0.375,0.9408064005670171,2.8521858435611116,0.30869764007902256,0.19618750172522603,0.5415013468820132,ETTm1,raw,14976,15072,raw:14976:6,low,high
0,0.9999999996665493,0.08415766132999258,0.0,0.0,0.5869820524503271,1.4881611679108169,0.0813601945162025,0.36138588699884727,0.22278074898884317,ETTm1,raw,15072,15168,raw:15072:0,mid,low
1,0.9999999987708401,0.1070440327836475,0.0,0.0,0.553126547962781,1.4881611679108169,0.0813601945162025,0.3690146771848292,0.21149558082632783,ETTm1,raw,15072,15168,raw:15072:1,mid,low
2,0.9999999993228359,0.04030624137324564,0.0,0.0,0.6820738430018494,1.4881611679108169,0.0813601945162025,0.3467687468986938,0.25447801250601726,ETTm1,raw,15072,15168,raw:15072:2,mid,low
3,0.9999999972466075,0.08521194748297325,0.0,0.0,0.6617829435334494,1.4881611679108169,0.0813601945162025,0.3617373149098602,0.24771437934988394,ETTm1,raw,15072,15168,raw:15072:3,mid,low
4,0.9999999997308665,0.0202588714567805,0.0,0.375,0.8108365004740933,1.4881611679108169,0.0813601945162025,0.34008629039588234,0.42239889833009864,ETTm1,raw,15072,15168,raw:15072:4,mid,mid
5,0.9999999999410448,0.03270114465991045,0.0,0.125,0.8552163390898644,1.4881611679108169,0.0813601945162025,0.3442337148669851,0.35385884453535565,ETTm1,raw,15072,15168,raw:15072:5,mid,low
6,0.9425705653737264,0.033383579937922375,0.020493618539647693,0.125,0.5888637195045711,1.4881611679108169,0.0813601945162025,0.3321492546170988,0.2650746380069245,ETTm1,raw,15072,15168,raw:15072:6,mid,low
0,0.0,0.11614011987958522,0.0,0.0,0.811602034652333,1.0306839504774699,0.005113991737721656,0.038713373293195075,0.27223867546335156,ETTm1,raw,15264,15360,raw:15264:0,low,low
1,0.0,0.07948706492037286,0.0,0.0,0.7436852900128292,1.0306839504774699,0.005113991737721656,0.026495688306790954,0.24959976058351696,ETTm1,raw,15264,15360,raw:15264:1,low,low
2,0.0,0.0,0.0,0.0,-0.0,1.0306839504774699,0.005113991737721656,0.0,0.0017046639125738855,ETTm1,raw,15264,15360,raw:15264:2,low,low
3,0.0,0.0,0.0,0.0,-0.0,1.0306839504774699,0.005113991737721656,0.0,0.0017046639125738855,ETTm1,raw,15264,15360,raw:15264:3,low,low
4,0.0,0.12022949909325893,0.0,0.0,0.815724942874999,1.0306839504774699,0.005113991737721656,0.040076499697752975,0.2736129782042402,ETTm1,raw,15264,15360,raw:15264:4,low,low
5,0.0,0.06464349442426025,0.0,0.0,0.7245727841891334,1.0306839504774699,0.005113991737721656,0.021547831474753417,0.24322892530895168,ETTm1,raw,15264,15360,raw:15264:5,low,low
6,0.9571356450180563,0.006928287039745475,0.05273069971900604,0.125,0.2355883601006841,1.0306839504774699,0.005113991737721656,0.3389315439256026,0.12190078394613524,ETTm1,raw,15264,15360,raw:15264:6,mid,low
0,0.7880524778228025,0.546620720127702,0.15471305281602216,0.25,0.8672748086676187,3.733091788720532,0.4555152973608965,0.4964620835888422,0.5242633686761717,ETTm1,raw,15360,15456,raw:15360:0,high,high
1,0.9455261297252825,0.13173269960306822,0.09646334723029239,0.125,0.916458277404319,3.733091788720532,0.4555152973608965,0.39124072551954775,0.49899119158840516,ETTm1,raw,15360,15456,raw:15360:1,high,mid
2,0.9999999998608736,0.3341669952958194,0.01763500892903052,0.25,0.7568920756660843,3.733091788720532,0.4555152973608965,0.4506006680285745,0.48746912434232686,ETTm1,raw,15360,15456,raw:15360:2,high,mid
3,0.9999999993551758,0.1218644975246493,0.0928044103298838,0.25,0.8718456675475326,3.733091788720532,0.4555152973608965,0.4048896357365696,0.5257869883028097,ETTm1,raw,15360,15456,raw:15360:3,high,high
4,0.8582950202626486,0.15016297989138028,0.06590130465374769,0.25,0.7541880360376544,3.733091788720532,0.4555152973608965,0.3581197682692589,0.48656777779951693,ETTm1,raw,15360,15456,raw:15360:4,mid,mid
5,0.8463942838994153,0.16477109134346873,0.6536064910020407,0.125,0.8150296130353839,3.733091788720532,0.4555152973608965,0.5549239554149749,0.4651816367987602,ETTm1,raw,15360,15456,raw:15360:5,high,mid
6,0.9457708555745008,0.24598098174347563,0.130956643517668,0.625,0.9681192562326782,3.733091788720532,0.4555152973608965,0.4409028269452149,0.6828781845311916,ETTm1,raw,15360,15456,raw:15360:6,high,high
0,0.739927394176593,0.32501949087805154,0.11566617835770972,0.375,0.9188019637226429,3.501052142404449,0.41684202303933815,0.39353768780411813,0.5702146622539936,ETTm1,raw,15552,15648,raw:15552:0,high,high
1,0.903104488005021,0.1834841709544402,0.17773627682662288,0.375,0.9185703282959689,3.501052142404449,0.41684202303933815,0.421441645262028,0.5701374504451023,ETTm1,raw,15552,15648,raw:15552:1,high,high
2,0.677766133339804,0.2297942897076688,0.04889489588597038,0.25,0.8797670543650954,3.501052142404449,0.41684202303933815,0.31881843964448103,0.5155363591348111,ETTm1,raw,15552,15648,raw:15552:2,mid,high
3,0.896845675371255,0.1287822388466056,0.5195253515613294,0.25,0.8895600497344738,3.501052142404449,0.41684202303933815,0.5150510885930634,0.518800690924604,ETTm1,raw,15552,15648,raw:15552:3,high,high
4,0.7900899772541057,0.180110044018024,0.03841005126864438,0.375,0.8898507667092687,3.501052142404449,0.41684202303933815,0.33620335751359137,0.5605642632495356,ETTm1,raw,15552,15648,raw:15552:4,mid,high
5,0.5576849130066599,0.43689182559498896,0.3424741828007215,0.75,0.8946124845361527,3.501052142404449,0.41684202303933815,0.44568364046745684,0.6871515025251637,ETTm1,raw,15552,15648,raw:15552:5,high,high
6,0.9220579288138373,0.02265730588044758,0.01913399887890834,0.125,0.8448921960527185,3.501052142404449,0.41684202303933815,0.3212830778577311,0.4622447396973522,ETTm1,raw,15552,15648,raw:15552:6,mid,mid
0,0.7213262324780543,0.13270276488189214,0.14342171495338046,0.25,0.9219398203820266,3.353316981786506,0.3922194963107185,0.33248357077110896,0.5213864388975816,ETTm1,raw,15648,15744,raw:15648:0,mid,high
1,0.6123283397013182,0.3674469812893036,0.12303520818662422,0.75,0.9327375423531028,3.353316981786506,0.3922194963107185,0.3676035097257486,0.6916523462212738,ETTm1,raw,15648,15744,raw:15648:1,mid,high
2,0.8682401143162607,0.14390694793803185,0.09297047763690032,0.125,0.8321008301502856,3.353316981786506,0.3922194963107185,0.3683725132970643,0.44977344215366805,ETTm1,raw,15648,15744,raw:15648:2,mid,mid
3,0.6386951583412115,0.25351333004774346,0.09262155172325306,0.5,0.9318721505750741,3.353316981786506,0.3922194963107185,0.3282766800374027,0.6080305489619309,ETTm1,raw,15648,15744,raw:15648:3,mid,high
4,0.4930177511233481,0.4549133740831075,0.6543976599513407,0.25,0.9364229795880468,3.353316981786506,0.3922194963107185,0.5341095950525988,0.5262141586329218,ETTm1,raw,15648,15744,raw:15648:4,high,high
5,0.33819826252291363,0.12157109573253297,0.5977904718884672,0.25,0.9004118023953431,3.353316981786506,0.3922194963107185,0.35251994338130466,0.5142104329020206,ETTm1,raw,15648,15744,raw:15648:5,mid,high
6,0.6874109413095693,0.043694177566284166,0.20161057837719457,0.125,0.5899886487085322,3.353316981786506,0.3922194963107185,0.31090523241768264,0.3690693816730836,ETTm1,raw,15648,15744,raw:15648:6,low,mid
0,0.9474820589299146,0.09762965405163057,0.0070517183148933104,0.25,0.8314415177604415,2.7592536318730336,0.29320893815682403,0.3507211437654794,0.45821681863908853,ETTm1,raw,15744,15840,raw:15744:0,mid,mid
1,0.8814204965782719,0.321179887368502,0.0730393847144107,0.625,0.854991962776788,2.7592536318730336,0.29320893815682403,0.4252132562203948,0.5910669669778708,ETTm1,raw,15744,15840,raw:15744:1,high,high
2,0.9043304061087084,0.22096963565899702,0.021274902653323855,0.0,0.841572818414426,2.7592536318730336,0.29320893815682403,0.3821916481403431,0.37826058552374997,ETTm1,raw,15744,15840,raw:15744:2,mid,mid
3,0.6268483593487069,0.4147371335668967,0.18554573483679634,0.375,0.9092556610530105,2.7592536318730336,0.29320893815682403,0.4090437425841333,0.5258215330699448,ETTm1,raw,15744,15840,raw:15744:3,high,high
4,0.8423935959729998,0.17678026062635993,0.04106459362799954,0.25,0.7493563638709743,2.7592536318730336,0.29320893815682403,0.3534128167424531,0.43085510067593275,ETTm1,raw,15744,15840,raw:15744:4,mid,mid
5,0.7937680205054687,0.20146148680110282,0.07540262614024605,0.75,0.8973902348045336,2.7592536318730336,0.29320893815682403,0.35687737781560586,0.6468663909871193,ETTm1,raw,15744,15840,raw:15744:5,mid,high
6,0.3588167057622642,0.17191736343328665,0.04750369644476029,0.0,0.3738182507333283,2.7592536318730336,0.29320893815682403,0.19274592188010373,0.22234239629671745,ETTm1,raw,15744,15840,raw:15744:6,low,low
0,0.9592901655549382,0.12512198722710097,0.00978650311580505,0.5,0.9315961295171747,2.911735800276826,0.3186226328484333,0.36473288529928144,0.5834062541218693,ETTm1,raw,15936,16032,raw:15936:0,mid,high
1,0.7908571416984931,0.14711896685211104,0.02238457136284705,0.25,0.9612029444050934,2.911735800276826,0.3186226328484333,0.3201202266378171,0.5099418590845088,ETTm1,raw,15936,16032,raw:15936:1,mid,high
2,0.7922145268698998,0.24467342459315142,0.01985058465149404,0.375,0.9387261110604337,2.911735800276826,0.3186226328484333,0.35224617870484837,0.5441162479696223,ETTm1,raw,15936,16032,raw:15936:2,mid,high
3,0.7874413462664714,0.24771281865515218,0.06276652811931924,0.25,0.9594246689017935,2.911735800276826,0.3186226328484333,0.365973564346981,0.5093491005834089,ETTm1,raw,15936,16032,raw:15936:3,mid,high
4,0.764350420193963,0.2634467557050296,0.07467817873370136,0.375,0.7916959203495417,2.911735800276826,0.3186226328484333,0.36749178487756473,0.49510618439932497,ETTm1,raw,15936,16032,raw:15936:4,mid,mid
5,0.8596255875749486,0.1489770135995083,0.2195136980317541,0.375,0.9057261562470549,2.911735800276826,0.3186226328484333,0.4093720997354036,0.5331162630318294,ETTm1,raw,15936,16032,raw:15936:5,high,high
6,0.9133522403981497,0.12298188209978046,0.04005134718375811,0.0,0.7198488953001339,2.911735800276826,0.3186226328484333,0.3587951565605627,0.34615717604952234,ETTm1,raw,15936,16032,raw:15936:6,mid,low
0,0.7667095898118389,0.11509500238227582,0.028080155069075994,0.375,0.9629271637353801,3.3144721280553533,0.3857453540329833,0.3032949157543969,0.5745575059227878,ETTm1,raw,16032,16128,raw:16032:0,low,high
1,0.8044305642600845,0.2348344418745308,0.12314675843280397,1.0,0.9950376728502183,3.3144721280553533,0.3857453540329833,0.38747058818913976,0.7935943422944005,ETTm1,raw,16032,16128,raw:16032:1,mid,high
2,0.8823768282584122,0.08874861104441939,0.02183333750394273,0.125,0.8305786654361639,3.3144721280553533,0.3857453540329833,0.33098625893559147,0.4471080064897157,ETTm1,raw,16032,16128,raw:16032:2,mid,mid
3,0.7929865770752269,0.16775555839282186,0.10150269850803452,0.25,0.9268910163288229,3.3144721280553533,0.3857453540329833,0.3540816113253611,0.5208787901206021,ETTm1,raw,16032,16128,raw:16032:3,mid,high
4,0.6648458549056735,0.17863213443821646,0.14393702206888384,0.0,0.698655687852016,3.3144721280553533,0.3857453540329833,0.3291383371375913,0.3614670139616665,ETTm1,raw,16032,16128,raw:16032:4,mid,mid
5,0.7604494397258801,0.11094408708059113,0.2472658698906413,0.0,0.7312075305773517,3.3144721280553533,0.3857453540329833,0.3728864655657042,0.372317628203445,ETTm1,raw,16032,16128,raw:16032:5,mid,mid
6,0.7222300981782992,0.15412060707747222,0.167379323806836,0.125,0.7365262912008661,3.3144721280553533,0.3857453540329833,0.3479100096875358,0.4157572150779498,ETTm1,raw,16032,16128,raw:16032:6,mid,mid
0,0.955809761182729,0.08422423262180265,0.0075222233216423835,0.125,0.8062750435339374,2.5329631031006157,0.2554938500909462,0.34918540570872464,0.39558963120829455,ETTm1,raw,16224,16320,raw:16224:0,mid,mid
1,0.8854881224118184,0.17126592932190404,0.023240347068876115,0.5,0.9206735949827801,2.5329631031006157,0.2554938500909462,0.35999813293419947,0.5587224816912422,ETTm1,raw,16224,16320,raw:16224:1,mid,high
2,0.9819535825541644,0.08643917977658025,0.006758062275273016,0.25,0.7367120764926484,2.5329631031006157,0.2554938500909462,0.35838360820200593,0.4140686421945315,ETTm1,raw,16224,16320,raw:16224:2,mid,mid
3,0.8353061326085327,0.16212422649648245,0.06632369493270333,0.375,0.9218460877951844,2.5329631031006157,0.2554938500909462,0.3545846846792395,0.5174466459620436,ETTm1,raw,16224,16320,raw:16224:3,mid,high
4,0.7971209736905553,0.1602508913873204,0.024576723554592377,0.25,0.6862501900747161,2.5329631031006157,0.2554938500909462,0.3273161962108227,0.3972480133885541,ETTm1,raw,16224,16320,raw:16224:4,mid,mid
5,0.8035675521416865,0.3085655939149221,0.28944389405990906,0.125,0.8712262459621266,2.5329631031006157,0.2554938500909462,0.4671923467055059,0.41724003201769094,ETTm1,raw,16224,16320,raw:16224:5,high,mid
6,0.8872953393018642,0.15529874866559112,0.2613870401260658,0.125,0.6356627989444235,2.5329631031006157,0.2554938500909462,0.43466037603117375,0.33871888301178993,ETTm1,raw,16224,16320,raw:16224:6,high,low
0,0.6599052027090979,0.1942261909755248,0.11902855983339077,0.375,0.9391285038724633,2.778056357498515,0.29634272575584797,0.3243866511726711,0.536823743209437,ETTm1,raw,16320,16416,raw:16320:0,mid,high
1,0.5667208739940589,0.08251554125737019,0.19289694075480818,0.5,0.9056556648633921,2.778056357498515,0.29634272575584797,0.2807111186687457,0.56733279687308,ETTm1,raw,16320,16416,raw:16320:1,low,high
2,0.8536956892491111,0.10662373280542431,0.03306201066796581,0.25,0.7905857123065179,2.778056357498515,0.29634272575584797,0.3311271442408337,0.44564281268745526,ETTm1,raw,16320,16416,raw:16320:2,mid,mid
3,0.7091452194741437,0.07949035112894423,0.13930407849835022,0.25,0.909574469348168,2.778056357498515,0.29634272575584797,0.30931321636714604,0.48530573170133867,ETTm1,raw,16320,16416,raw:16320:3,low,mid
4,0.5572300258592802,0.03919436284157852,0.4208518400094338,0.0,0.51226837910734,2.778056357498515,0.29634272575584797,0.3390920762367642,0.269537034954396,ETTm1,raw,16320,16416,raw:16320:4,mid,low
5,0.34832475154290554,0.050431212985828824,0.3199215886432407,0.0,0.5244679718954701,2.778056357498515,0.29634272575584797,0.23955918439065838,0.2736035658837727,ETTm1,raw,16320,16416,raw:16320:5,low,low
6,0.868493729854367,0.24162511133940046,0.15842899371646305,0.25,0.863932277315041,2.778056357498515,0.29634272575584797,0.4228492783034102,0.47009166769029626,ETTm1,raw,16320,16416,raw:16320:6,high,mid
0,0.9275609861500227,0.21896105530255877,0.005454614607982686,0.25,0.9433850270130542,2.916112292352071,0.31935204819309176,0.3839922186868547,0.504245691735382,ETTm1,raw,16416,16512,raw:16416:0,mid,high
1,0.8355988450544038,0.1521774827536723,0.03774026613460136,0.5,0.9604307591142828,2.916112292352071,0.31935204819309176,0.3418388646475592,0.5932609357691249,ETTm1,raw,16416,16512,raw:16416:1,mid,high
2,0.9755334343982017,0.14470372675338583,0.007094877056395959,0.25,0.7985415955947931,2.916112292352071,0.31935204819309176,0.37577734606932783,0.455964547929295,ETTm1,raw,16416,16512,raw:16416:2,mid,mid
3,0.8493131479334559,0.16789890682923506,0.1355473208706495,0.25,0.86360951987248,2.916112292352071,0.31935204819309176,0.3842531252111135,0.4776538560218573,ETTm1,raw,16416,16512,raw:16416:3,mid,mid
4,0.6010445044141874,0.40623908006816356,0.44010046794421415,0.125,0.8945258073517937,2.916112292352071,0.31935204819309176,0.4824613508088551,0.4462926185149618,ETTm1,raw,16416,16512,raw:16416:4,high,mid
5,0.4198086665874091,0.08097313947947762,0.21265407672758632,0.0,0.6601117455837352,2.916112292352071,0.31935204819309176,0.237811960931491,0.3264879312589423,ETTm1,raw,16416,16512,raw:16416:5,low,low
6,0.521023329922253,0.09227319798666136,0.5548147552300282,0.25,0.9455330710529364,2.916112292352071,0.31935204819309176,0.38937042771298086,0.5049617064153428,ETTm1,raw,16416,16512,raw:16416:6,mid,high
0,0.6241987704419252,0.23487974228223735,0.03741234888732366,0.25,0.7619632386323092,3.308410659494159,0.384735109274468,0.2988302872038287,0.4655661159689257,ETTm1,raw,16608,16704,raw:16608:0,low,mid
1,0.6928315519220055,0.24931221719779342,0.23299043642555203,1.0,0.8867077375219627,3.308410659494159,0.384735109274468,0.39171140184845027,0.7571476155988103,ETTm1,raw,16608,16704,raw:16608:1,high,high
2,0.8677418499072305,0.07166805137797451,0.06917302386086313,0.0,0.857776529722941,3.308410659494159,0.384735109274468,0.3361943083820227,0.4141705463324697,ETTm1,raw,16608,16704,raw:16608:2,mid,mid
3,0.8793179754581076,0.2955868143693188,0.29073345193695144,0.25,0.9285404560199352,3.308410659494159,0.384735109274468,0.4885460805881259,0.5210918550981344,ETTm1,raw,16608,16704,raw:16608:3,high,high
4,0.7168664082906828,0.09288958425044574,0.4887430418111053,0.125,0.754574404427427,3.308410659494159,0.384735109274468,0.43283301145074465,0.4214365045672983,ETTm1,raw,16608,16704,raw:16608:4,high,mid
5,0.7782690225363849,0.06761073612364538,0.5841839416454846,0.125,0.7335974192643919,3.308410659494159,0.384735109274468,0.47668790010183826,0.41444417617962,ETTm1,raw,16608,16704,raw:16608:5,high,mid
6,0.21696604436388023,0.14170438014813191,0.10516759926472101,0.5,0.8597635733874485,3.308410659494159,0.384735109274468,0.1546126745922444,0.5814995608873055,ETTm1,raw,16608,16704,raw:16608:6,low,high
0,0.5401730264587875,0.3435840840223701,0.381665100460893,0.75,0.9061227056925896,3.5571338751316754,0.4261889784782976,0.42180740364735025,0.6941038947236291,ETTm1,raw,16704,16800,raw:16704:0,high,high
1,0.4072112683129675,0.22326444617069638,0.41257313246479593,0.875,0.9256806261961312,3.5571338751316754,0.4261889784782976,0.34768294898281993,0.7422898682248097,ETTm1,raw,16704,16800,raw:16704:1,mid,high
2,0.5307126405518618,0.41045528474307147,0.3426060737562225,0.25,0.8466049039862368,3.5571338751316754,0.4261889784782976,0.4279246663503853,0.5075979608215114,ETTm1,raw,16704,16800,raw:16704:2,high,high
3,0.3233331607678297,0.34029813923449304,0.435234025870962,0.75,0.8547504996685629,3.5571338751316754,0.4261889784782976,0.3662884419577616,0.6769798260489535,ETTm1,raw,16704,16800,raw:16704:3,mid,high
4,0.5328227727358241,0.12526648441563618,0.609427517805022,0.25,0.7456220660802215,3.5571338751316754,0.4261889784782976,0.42250559165216073,0.4739370148528397,ETTm1,raw,16704,16800,raw:16704:4,high,mid
5,0.21052631774424613,0.14087634328096518,0.4738555007422239,0.125,0.8078518329950161,3.5571338751316754,0.4261889784782976,0.2750860539224784,0.4530136038244379,ETTm1,raw,16704,16800,raw:16704:5,low,mid
6,0.8848817568366649,0.35702871776248246,0.3279695217499638,0.625,0.952417027648877,3.5571338751316754,0.4261889784782976,0.5232933321163704,0.6678686687090583,ETTm1,raw,16704,16800,raw:16704:6,high,high
0,0.8918420198545588,0.08225449878186065,0.0847398470957582,0.375,0.8884998905766405,4.215735070196356,0.5359558441394663,0.3529454552440592,0.5998185782387022,ETTm1,raw,16896,16992,raw:16896:0,mid,high
1,0.8689532519851964,0.3446125760709714,0.3386353536177097,1.0,0.9263523094606618,4.215735070196356,0.5359558441394663,0.5174003938912924,0.8207693845333761,ETTm1,raw,16896,16992,raw:16896:1,high,high
2,0.9227150803448807,0.12585838337319982,0.09044255221612828,0.625,0.9456827991305492,4.215735070196356,0.5359558441394663,0.37967200531140294,0.7022128810900051,ETTm1,raw,16896,16992,raw:16896:2,mid,high
3,0.8066842913188513,0.19141240406264348,0.3568630261574737,1.0,0.9508961013406021,4.215735070196356,0.5359558441394663,0.45165324051298955,0.8289506484933561,ETTm1,raw,16896,16992,raw:16896:3,high,high
4,0.7971246667038315,0.20669089574659721,0.05342823851188896,0.375,0.8123518043126493,4.215735070196356,0.5359558441394663,0.3524146003207726,0.5744358828173719,ETTm1,raw,16896,16992,raw:16896:4,mid,high
5,0.7111026450872532,0.4201577930250343,0.6262204608348311,1.0,0.9548585932242177,4.215735070196356,0.5359558441394663,0.5858269663157062,0.8302714791212281,ETTm1,raw,16896,16992,raw:16896:5,high,high
6,0.46089789535779624,0.45083185603657056,0.7863427536121861,0.125,0.7380203000199366,4.215735070196356,0.5359558441394663,0.5660241683355176,0.4663253813864676,ETTm1,raw,16896,16992,raw:16896:6,high,mid
0,0.4563287115664192,0.17892010334554662,0.2778190996281068,0.625,0.9271965104995574,3.070470048907379,0.34507834090943257,0.3043559715133575,0.6324249504696633,ETTm1,raw,16992,17088,raw:16992:0,low,high
1,0.47322759239015477,0.21488141920358395,0.5799929339668823,0.5,0.8595053268658329,3.070470048907379,0.34507834090943257,0.422700648520207,0.5681945559250886,ETTm1,raw,16992,17088,raw:16992:1,high,high
2,0.30492602424974113,0.08460083948049213,0.5221719880663496,0.375,0.8925906954699977,3.070470048907379,0.34507834090943257,0.3038996172655276,0.5375563454598101,ETTm1,raw,16992,17088,raw:16992:2,low,high
3,0.48171650135978605,0.18365509950884157,0.4954742332003154,1.0,0.8549628037993716,3.070470048907379,0.34507834090943257,0.38694861135631436,0.7333470482362681,ETTm1,raw,16992,17088,raw:16992:3,mid,high
4,0.47477144276943617,0.42863740842069575,0.015408042861584158,0.125,0.9374006062604209,3.070470048907379,0.34507834090943257,0.3062722980172387,0.46915964905661783,ETTm1,raw,16992,17088,raw:16992:4,low,mid
5,0.47223638193789297,0.0975948841914179,0.7581824792382215,0.25,0.8785261072552102,3.070470048907379,0.34507834090943257,0.44267124845584416,0.49120148272154757,ETTm1,raw,16992,17088,raw:16992:5,high,mid
6,0.517360327811862,0.1533953991017335,0.5057276363059158,0.375,0.8587857716739326,3.070470048907379,0.34507834090943257,0.3921611210731704,0.5262880375277884,ETTm1,raw,16992,17088,raw:16992:6,high,high
0,0.5497218821403016,0.6098427444003376,0.22110581358492926,0.5,0.8930836789848889,3.549373675701731,0.4248956119087958,0.46022348004185615,0.6059930969645616,ETTm1,raw,17184,17280,raw:17184:0,high,high
1,0.5178129492511219,0.11833867644119175,0.5662592799295204,0.625,0.9402613148117257,3.549373675701731,0.4248956119087958,0.40080363520727796,0.6633856422401738,ETTm1,raw,17184,17280,raw:17184:1,high,high
2,0.680951257396466,0.24201373119273456,0.17645265778687597,0.75,0.9392307467696152,3.549373675701731,0.4248956119087958,0.3664725487920255,0.7047087862261371,ETTm1,raw,17184,17280,raw:17184:2,mid,high
3,0.6565344051420471,0.15241256491427413,0.4110984271422152,1.0,0.9210605677770892,3.549373675701731,0.4248956119087958,0.4066817990661788,0.7819853932286284,ETTm1,raw,17184,17280,raw:17184:3,high,high
4,0.7614895227180003,0.1577621233874583,0.09413431816181132,0.125,0.5448558141732988,3.549373675701731,0.4248956119087958,0.33779532142242336,0.36491714202736486,ETTm1,raw,17184,17280,raw:17184:4,mid,mid
5,0.5158189217990787,0.03301718455477629,0.18119168581306344,0.0,0.5140947851708275,3.549373675701731,0.4248956119087958,0.24334259738897282,0.31299679902654115,ETTm1,raw,17184,17280,raw:17184:5,low,low
6,0.5826968560384336,0.16055430293934497,0.3331715165098446,0.0,0.850874570137735,3.549373675701731,0.4248956119087958,0.35880755849587437,0.4252567273488436,ETTm1,raw,17184,17280,raw:17184:6,mid,mid
0,0.5737339062857674,0.15707061386715815,0.16487591792206246,0.125,0.8658262539490128,3.0911937775759046,0.34853229568176364,0.298560146024996,0.4464528498769255,ETTm1,raw,17280,17376,raw:17280:0,low,mid
1,0.7031019937397491,0.37607611440528127,0.1980016377693661,0.625,0.9491477635301641,3.0911937775759046,0.34853229568176364,0.4257265819714655,0.6408933530706425,ETTm1,raw,17280,17376,raw:17280:1,high,high
2,0.8300548465306932,0.12851252835176122,0.03584953859527029,0.125,0.7855810130568511,3.0911937775759046,0.34853229568176364,0.33147230449257487,0.41970443624620496,ETTm1,raw,17280,17376,raw:17280:2,mid,mid
3,0.6683398114614341,0.22368906430698443,0.1318719773916756,0.25,0.8948189031522557,3.0911937775759046,0.34853229568176364,0.34130028438669807,0.49778373294467304,ETTm1,raw,17280,17376,raw:17280:3,mid,mid
4,0.38964398902976427,0.18546935303406878,0.6118630317621104,0.125,0.6079080916126112,3.0911937775759046,0.34853229568176364,0.3956587912753145,0.36048012909812494,ETTm1,raw,17280,17376,raw:17280:4,high,mid
5,0.3947368142696951,0.12792884392482173,0.2970181106492571,0.125,0.8268041366535754,3.0911937775759046,0.34853229568176364,0.27322792294792464,0.433445477445113,ETTm1,raw,17280,17376,raw:17280:5,low,mid
6,0.9041398688611224,0.37604609220072327,0.3089318056988643,0.5,0.8958026309998776,3.0911937775759046,0.34853229568176364,0.5297059222535699,0.581444975560547,ETTm1,raw,17280,17376,raw:17280:6,high,high
0,0.6651637201573402,0.1506409405828062,0.08055198019068041,0.125,0.7993400913904171,4.072679322658488,0.5121132195895594,0.29878554697694226,0.4788177703266588,ETTm1,raw,17376,17472,raw:17376:0,low,mid
1,0.746600595852014,0.339588048841604,0.2826299221201326,0.75,0.9670525719611343,4.072679322658488,0.5121132195895594,0.4562728556045836,0.7430552638502311,ETTm1,raw,17376,17472,raw:17376:1,high,high
2,0.8418859734020109,0.16143147406812747,0.04580566688017388,0.0,0.6723865624084986,4.072679322658488,0.5121132195895594,0.3497077047834374,0.39483326066601937,ETTm1,raw,17376,17472,raw:17376:2,mid,mid
3,0.7632542850577384,0.28171076591694433,0.42545700212438325,0.625,0.9453102369472446,4.072679322658488,0.5121132195895594,0.49014068436635533,0.6941411521789346,ETTm1,raw,17376,17472,raw:17376:3,high,high
4,0.44374425895954506,0.29578869468186064,0.12044242161599795,0.25,0.7049040056593072,4.072679322658488,0.5121132195895594,0.28665845841913457,0.48900574174962214,ETTm1,raw,17376,17472,raw:17376:4,low,mid
5,0.5649866294857085,0.1327166992260127,0.42835771529687305,0.375,0.8323841963276716,4.072679322658488,0.5121132195895594,0.3753536813361981,0.5731658053057437,ETTm1,raw,17376,17472,raw:17376:5,mid,high
6,0.624854756850045,0.2506560459747519,0.47893513545537547,0.25,0.8107875396449323,4.072679322658488,0.5121132195895594,0.45148197942672413,0.5243002530781639,ETTm1,raw,17376,17472,raw:17376:6,high,high
0,0.0,0.0,0.0,0.0,-0.0,1.0,0.0,0.0,0.0,ETTm1,raw,17568,17664,raw:17568:0,low,low
1,0.0,0.0,0.0,0.0,-0.0,1.0,0.0,0.0,0.0,ETTm1,raw,17568,17664,raw:17568:1,low,low
2,0.0,0.0,0.0,0.0,-0.0,1.0,0.0,0.0,0.0,ETTm1,raw,17568,17664,raw:17568:2,low,low
3,0.0,0.0,0.0,0.0,-0.0,1.0,0.0,0.0,0.0,ETTm1,raw,17568,17664,raw:17568:3,low,low
4,0.0,0.0,0.0,0.0,-0.0,1.0,0.0,0.0,0.0,ETTm1,raw,17568,17664,raw:17568:4,low,low
5,0.0,0.0,0.0,0.0,-0.0,1.0,0.0,0.0,0.0,ETTm1,raw,17568,17664,raw:17568:5,low,low
6,0.0,0.0,0.0,0.0,-0.0,1.0,0.0,0.0,0.0,ETTm1,raw,17568,17664,raw:17568:6,low,low
0,0.8119299010953278,0.04203852337041787,0.002104384185675429,0.125,0.6410626398647987,3.5860666913146004,0.4310111145007482,0.285357602883807,0.39902458478851566,ETTm1,raw,17664,17760,raw:17664:0,low,mid
1,0.7508044821490389,0.3447378541666446,0.1540272057656457,0.5,0.9780586155190915,3.5860666913146004,0.4310111145007482,0.4165231806937764,0.6363565766732799,ETTm1,raw,17664,17760,raw:17664:1,high,high
2,0.8469285702229339,0.06569720319135046,0.01059233980403488,0.0,0.5735641940753836,3.5860666913146004,0.4310111145007482,0.30773937107277305,0.3348584361920439,ETTm1,raw,17664,17760,raw:17664:2,low,low
3,0.6945628467556193,0.24430305923417628,0.1851557116022328,0.625,0.9923060048174239,3.5860666913146004,0.4310111145007482,0.37467387253067613,0.6827723731060574,ETTm1,raw,17664,17760,raw:17664:3,mid,high
4,0.8104694644823699,0.19634286994940497,0.07382941507139663,0.375,0.731612747053214,3.5860666913146004,0.4310111145007482,0.36021391650105716,0.5125412871846541,ETTm1,raw,17664,17760,raw:17664:4,mid,high
5,0.8057614673987881,0.11476112108468664,0.28131702399245595,0.125,0.7713788433982857,3.5860666913146004,0.4310111145007482,0.4006132041586435,0.4424633192996779,ETTm1,raw,17664,17760,raw:17664:5,high,mid
6,0.9428540853524227,0.2688921817949542,0.3313571069142525,0.25,0.7112302277646126,3.5860666913146004,0.4310111145007482,0.5143677913538764,0.46408044742178695,ETTm1,raw,17664,17760,raw:17664:6,high,mid
0,0.6596189191142516,0.052818594886978966,0.007618387235030546,0.0,0.6649472771385762,3.282105759754158,0.38035095932510804,0.24001863374542035,0.34843274548789477,ETTm1,raw,17856,17952,raw:17856:0,low,low
1,0.768087904960755,0.21091894724426774,0.0492277540158764,0.375,0.9460858722337779,3.282105759754158,0.38035095932510804,0.3427448687402997,0.5671456105196286,ETTm1,raw,17856,17952,raw:17856:1,mid,high
2,0.8096766771747299,0.061755908172851266,0.006847790743839112,0.0,0.6560171064574498,3.282105759754158,0.38035095932510804,0.29276012536380674,0.3454560219275193,ETTm1,raw,17856,17952,raw:17856:2,low,low
3,0.9046356950090448,0.183171203721746,0.028900756411931745,0.375,0.9546028998894708,3.282105759754158,0.38035095932510804,0.37223588504757416,0.5699846197381929,ETTm1,raw,17856,17952,raw:17856:3,mid,high
4,0.3422813316377902,0.1621502412002127,0.7946883482630386,0.125,0.6559117553014313,3.282105759754158,0.38035095932510804,0.43303997370034714,0.38708757154217976,ETTm1,raw,17856,17952,raw:17856:4,high,mid
5,0.66315278632997,0.05855466271139218,0.2177423352537443,0.125,0.710814201016808,3.282105759754158,0.38035095932510804,0.31314992809836883,0.4053883867806387,ETTm1,raw,17856,17952,raw:17856:5,low,mid
6,0.5070333364073378,0.02532803769163592,0.4305261020972705,0.25,0.8088106090966213,3.282105759754158,0.38035095932510804,0.3209624920654148,0.47972052280724314,ETTm1,raw,17856,17952,raw:17856:6,mid,mid
0,0.3049561358556574,0.15683495459592164,0.1536723367061901,0.375,0.9250561216092443,3.328533184412942,0.3880888634220089,0.20515447571925638,0.5627149950104178,ETTm1,raw,17952,18048,raw:17952:0,low,high
1,0.8075266755569264,0.16376683204799466,0.25394321287946464,0.75,0.8536688727491443,3.328533184412942,0.3880888634220089,0.4084122401614619,0.6639192453903844,ETTm1,raw,17952,18048,raw:17952:1,high,high
2,0.5844909335250372,0.10451967141543414,0.048377075792213814,0.375,0.9068294168205849,3.328533184412942,0.3880888634220089,0.24579589357756174,0.5566394267475312,ETTm1,raw,17952,18048,raw:17952:2,low,high
3,0.7108686217511577,0.2910404811185613,0.2254786016320708,1.0,0.9504070273838,3.328533184412942,0.3880888634220089,0.40912923483392993,0.7794986302686029,ETTm1,raw,17952,18048,raw:17952:3,high,high
4,0.49651672085976983,0.2695489862179895,0.48686010731836554,0.25,0.9084783729651393,3.328533184412942,0.3880888634220089,0.4176419381320416,0.5155224121290494,ETTm1,raw,17952,18048,raw:17952:4,high,high
5,0.4888536684121477,0.20134217083826503,0.39815090820509624,0.375,0.8878719815593769,3.328533184412942,0.3880888634220089,0.3627822491518364,0.5503202816604619,ETTm1,raw,17952,18048,raw:17952:5,mid,high
6,0.8974764237258374,0.07946756117337811,0.6016656273303942,0.0,0.5744308393005767,3.328533184412942,0.3880888634220089,0.5262032040765365,0.3208399009075285,ETTm1,raw,17952,18048,raw:17952:6,high,low
0,0.8884194810906059,0.112594864258009,0.03024485149648035,0.5,0.9254317795740705,4.34298033244364,0.5571633878120009,0.34375306561503177,0.6608650557953571,ETTm1,raw,18048,18144,raw:18048:0,mid,high
1,0.6652860277266079,0.5098202480685078,0.06371415351322549,1.0,0.9196809655687268,4.34298033244364,0.5571633878120009,0.4129401431027804,0.8256147844602425,ETTm1,raw,18048,18144,raw:18048:1,high,high
2,0.944029026779669,0.24759164663145994,0.03939454421903778,0.875,0.9746411323976913,4.34298033244364,0.5571633878120009,0.41033840587672227,0.8022681734032308,ETTm1,raw,18048,18144,raw:18048:2,high,high
3,0.7477274661449668,0.36616275942463516,0.08962328035551459,1.0,0.9368463138305372,4.34298033244364,0.5571633878120009,0.4011711686417055,0.8313365672141794,ETTm1,raw,18048,18144,raw:18048:3,high,high
4,0.7017636992792396,0.3441962822340042,0.030083524822051615,0.25,0.7917612884978635,4.34298033244364,0.5571633878120009,0.35868116877843187,0.5329748921032881,ETTm1,raw,18048,18144,raw:18048:4,mid,high
5,0.7926259440158924,0.5562569368931227,0.5970452448359983,0.25,0.9222038656821162,4.34298033244364,0.5571633878120009,0.6486427085816712,0.5764557511647057,ETTm1,raw,18048,18144,raw:18048:5,high,high
6,0.5938795853600598,0.20417294697363841,0.4709530008422409,0.375,0.7949645116932054,4.34298033244364,0.5571633878120009,0.4230018443919797,0.5757092998350687,ETTm1,raw,18048,18144,raw:18048:6,high,high
0,0.41554234320057426,0.38217553211336097,0.694404425239333,0.25,0.8889359301161647,3.283855890029087,0.3806426477037767,0.49737410018442274,0.5065261926066471,ETTm1,raw,18240,18336,raw:18240:0,high,high
1,0.30495632647981064,0.2128463264753998,0.5378519943131429,0.25,0.9053470461463279,3.283855890029087,0.3806426477037767,0.35188488242278443,0.5119965646167016,ETTm1,raw,18240,18336,raw:18240:1,mid,high
2,0.162682964497455,0.2542953364225187,0.4108273319138523,0.375,0.9102372536777223,3.283855890029087,0.3806426477037767,0.27593521094460866,0.5552933004604997,ETTm1,raw,18240,18336,raw:18240:2,low,high
3,0.4517488762164028,0.5189858282185167,0.44131841776990355,0.625,0.951936441072534,3.283855890029087,0.3806426477037767,0.4706843740682743,0.6525263629254369,ETTm1,raw,18240,18336,raw:18240:3,high,high
4,0.5446865195050914,0.02956922357250388,0.968086492982927,0.125,0.6484888780583357,3.283855890029087,0.3806426477037767,0.5141140786868408,0.38471050858737077,ETTm1,raw,18240,18336,raw:18240:4,high,mid
5,0.5605105463582558,0.17906685532025138,0.8800835350372892,0.25,0.7975218907556573,3.283855890029087,0.3806426477037767,0.5398869789052655,0.4760548461531447,ETTm1,raw,18240,18336,raw:18240:5,high,mid
6,0.6773533895045845,0.49164586621593265,0.7896084313827407,0.5,0.9141868369362092,3.283855890029087,0.3806426477037767,0.6528692290344192,0.5982764948799953,ETTm1,raw,18240,18336,raw:18240:6,high,high
0,0.8062082633903929,0.19908079229697992,0.17105507517829158,0.25,0.8950138509513613,3.3236967364736447,0.38728278876680283,0.39211471028855477,0.5107655465727214,ETTm1,raw,18336,18432,raw:18336:0,high,high
1,0.8313196950164528,0.18313258502893578,0.07538823885001879,0.375,0.9350022452867739,3.3236967364736447,0.38728278876680283,0.3632801729651358,0.5657616780178589,ETTm1,raw,18336,18432,raw:18336:1,mid,high
2,0.859338302764615,0.14845439017445158,0.07411845147900609,0.0,0.7021307045620927,3.3236967364736447,0.38728278876680283,0.36063704813935754,0.3631378311096318,ETTm1,raw,18336,18432,raw:18336:2,mid,mid
3,0.7404978402539194,0.2804671177630791,0.08416946150258305,0.625,0.9533909808821991,3.3236967364736447,0.38728278876680283,0.36837813983986045,0.6552245898830007,ETTm1,raw,18336,18432,raw:18336:3,mid,high
4,0.7327016290041799,0.05125197564613569,0.024154879033020694,0.0,0.5738132965122751,3.3236967364736447,0.38728278876680283,0.2693694945611121,0.32036536175969266,ETTm1,raw,18336,18432,raw:18336:4,low,low
5,0.6297577996721175,0.05205519335508714,0.1921596208431727,0.0,0.5486763962806853,3.3236967364736447,0.38728278876680283,0.29132420462345915,0.3119863950158294,ETTm1,raw,18336,18432,raw:18336:5,low,low
6,0.7880923115599963,0.19340566816318522,0.4596137218361214,0.125,0.8460086228871139,3.3236967364736447,0.38728278876680283,0.4803705671864343,0.4527638038846389,ETTm1,raw,18336,18432,raw:18336:6,high,mid
0,0.4922180961244159,0.3864628471201197,0.4208815852049438,0.25,0.8924054713601672,3.393041465340137,0.3988402435586224,0.4331875094831598,0.5137485716395965,ETTm1,raw,18528,18624,raw:18528:0,high,high
1,0.6745233875839464,0.24410444388576163,0.20141808295346747,0.75,0.9639128063095393,3.393041465340137,0.3988402435586224,0.3733486381410585,0.7042510166227206,ETTm1,raw,18528,18624,raw:18528:1,mid,high
2,0.4715846914959666,0.17062507242025154,0.10692550065288373,0.25,0.7036970187835974,3.393041465340137,0.3988402435586224,0.2497117548563673,0.4508457541140733,ETTm1,raw,18528,18624,raw:18528:2,low,mid
3,0.700531058914609,0.26644664728941475,0.13056284491487122,0.125,0.8507748046779124,3.393041465340137,0.3988402435586224,0.365846850372965,0.45820501607884495,ETTm1,raw,18528,18624,raw:18528:3,mid,mid
4,0.5705772692945507,0.19151899331257966,0.16051759788575543,0.125,0.6939586712054782,3.393041465340137,0.3988402435586224,0.3075379534976286,0.40593297158803354,ETTm1,raw,18528,18624,raw:18528:4,low,mid
5,0.15952641406360968,0.06823296598541742,0.33046062863275916,0.125,0.6061009580388763,3.393041465340137,0.3988402435586224,0.18607333622726208,0.37664706719916624,ETTm1,raw,18528,18624,raw:18528:5,low,mid
6,0.47260240890927174,0.076561032913362,0.6590127143279222,0.125,0.6120852958258384,3.393041465340137,0.3988402435586224,0.40272538538351865,0.3786418464614869,ETTm1,raw,18528,18624,raw:18528:6,high,mid
0,0.4618853942218657,0.16117893324364885,0.5212278024270109,0.0,0.6862103369238112,3.0396978239201715,0.33994963675344586,0.38143070996417516,0.3420533245590857,ETTm1,raw,18624,18720,raw:18624:0,mid,low
1,0.6531519171763689,0.22993857462836875,0.1599005298904183,0.75,0.9513800348367781,3.0396978239201715,0.33994963675344586,0.3476636738983853,0.680443223863408,ETTm1,raw,18624,18720,raw:18624:1,mid,high
2,0.3514427895943114,0.09659832981556248,0.19256749506174034,0.0,0.5477423443493076,3.0396978239201715,0.33994963675344586,0.2135362048238714,0.29589732703425115,ETTm1,raw,18624,18720,raw:18624:2,low,low
3,0.845431557311529,0.26954050542426367,0.15729026406532048,0.5,0.9846263131795701,3.0396978239201715,0.33994963675344586,0.4240874422670377,0.6081919833110053,ETTm1,raw,18624,18720,raw:18624:3,high,high
4,0.5090157286149175,0.10577040611519911,0.18673954278095484,0.25,0.7032109875413693,3.0396978239201715,0.33994963675344586,0.26717522583702386,0.43105354143160507,ETTm1,raw,18624,18720,raw:18624:4,low,mid
5,0.4700574311644484,0.17901458111581722,0.17753165960892464,0.0,0.6001509017907333,3.0396978239201715,0.33994963675344586,0.27553455729639675,0.31336684618139304,ETTm1,raw,18624,18720,raw:18624:5,low,low
6,0.9228001433200018,0.10855130289367734,0.22676577408760573,0.125,0.6797052579227938,3.0396978239201715,0.33994963675344586,0.419372406767095,0.38155163155874655,ETTm1,raw,18624,18720,raw:18624:6,high,mid
0,0.8560079794044873,0.06624835325013959,0.02857296530970168,0.0,0.43665125261352206,2.946511079506172,0.3244185127103311,0.3169430993214428,0.25368992177461774,ETTm1,raw,18816,18912,raw:18816:0,mid,low
1,0.5169671804449231,0.11939694178300837,0.0411285273637595,0.125,0.854725927888223,2.946511079506172,0.3244185127103311,0.22583088319723033,0.43471481353285135,ETTm1,raw,18816,18912,raw:18816:1,low,mid
2,0.8916169226447941,0.05958311520154464,0.21963959333254104,0.0,0.4210693953050442,2.946511079506172,0.3244185127103311,0.3902798770596266,0.24849596933845844,ETTm1,raw,18816,18912,raw:18816:2,high,low
3,0.41622350031346567,0.14914655931353862,0.29962306608383366,0.25,0.8538356208707066,2.946511079506172,0.3244185127103311,0.28833104190361264,0.47608471119367923,ETTm1,raw,18816,18912,raw:18816:3,low,mid
4,0.8659591340312605,0.24647101238939306,0.08218945151548869,0.125,0.8273733123312154,2.946511079506172,0.3244185127103311,0.39820653264538075,0.4255972750138488,ETTm1,raw,18816,18912,raw:18816:4,high,mid
5,0.8686299325871712,0.26633089159748874,0.3944612991166293,0.25,0.8589749267437187,2.946511079506172,0.3244185127103311,0.5098073744337631,0.4777978131513499,ETTm1,raw,18816,18912,raw:18816:5,high,mid
6,0.44925213537100717,0.048756374616260194,0.7728668187568706,0.125,0.7270309697566084,2.946511079506172,0.3244185127103311,0.4236251095813793,0.39214982748897986,ETTm1,raw,18816,18912,raw:18816:6,high,mid
0,0.622621687623335,0.11651702842140374,0.004818468484917191,0.0,0.5327012659564083,2.653634292327712,0.27560571492860914,0.24798572817655198,0.2694356602950058,ETTm1,raw,18912,19008,raw:18912:0,low,low
1,0.6860845844946397,0.26555025429332024,0.560562967888377,0.75,0.9126628183991682,2.653634292327712,0.27560571492860914,0.504065935558779,0.646089511109259,ETTm1,raw,18912,19008,raw:18912:1,high,high
2,0.6956031316802431,0.06643978767208178,0.009859968042709466,0.0,0.4635171948002139,2.653634292327712,0.27560571492860914,0.2573009624650115,0.246374303242941,ETTm1,raw,18912,19008,raw:18912:2,low,low
3,0.5350048517522328,0.40105088884824125,0.6567089824148394,0.75,0.8887975934311978,2.653634292327712,0.27560571492860914,0.5309215743384378,0.6381344361199356,ETTm1,raw,18912,19008,raw:18912:3,high,high
4,0.5887834822827263,0.16048191811724724,0.19240811364448804,0.25,0.7099596379575738,2.653634292327712,0.27560571492860914,0.31389117134815386,0.4118551176287277,ETTm1,raw,18912,19008,raw:18912:4,low,mid
5,0.36933625194011077,0.043086946782005586,0.29260374520652443,0.125,0.5503201724639906,2.653634292327712,0.27560571492860914,0.23500898130954692,0.3169752957975332,ETTm1,raw,18912,19008,raw:18912:5,low,low
6,0.7852188821279478,0.15500603713893657,0.46100837905730113,0.375,0.7580432675628921,2.653634292327712,0.27560571492860914,0.46707776610806184,0.46954966083050037,ETTm1,raw,18912,19008,raw:18912:6,high,mid
0,0.49969047273832057,0.14024171486658474,0.39648435692419787,0.0,0.6484355274853496,2.5071469548735767,0.2511911587269442,0.34547218150970105,0.2998755620707646,ETTm1,raw,19008,19104,raw:19008:0,mid,low
1,0.7881972140317941,0.18820259487862073,0.2347846492644731,1.0,0.950374810692937,2.5071469548735767,0.2511911587269442,0.4037281527249627,0.7338553231399604,ETTm1,raw,19008,19104,raw:19008:1,high,high
2,0.756231297634988,0.1329080745519948,0.23967728300103958,0.0,0.5892683753265678,2.5071469548735767,0.2511911587269442,0.37627221839600744,0.28015317801783735,ETTm1,raw,19008,19104,raw:19008:2,mid,low
3,0.7634128061294743,0.5209126457212842,0.2987206763096416,0.375,0.948666572761605,2.5071469548735767,0.2511911587269442,0.5276820427201333,0.5249525771628497,ETTm1,raw,19008,19104,raw:19008:3,high,high
4,0.36334974149154675,0.12185891565602919,0.19709267826917776,0.125,0.6178193479868734,2.5071469548735767,0.2511911587269442,0.22743377847225124,0.3313368355712725,ETTm1,raw,19008,19104,raw:19008:4,low,low
5,0.32430030038355906,0.11226506209375706,0.22414990840709564,0.0,0.49773132618366606,2.5071469548735767,0.2511911587269442,0.22023842362813725,0.24964082830353673,ETTm1,raw,19008,19104,raw:19008:5,low,low
6,0.9291124964898708,0.030687036301565898,0.18838180148373715,0.375,0.8282365816365315,2.5071469548735767,0.2511911587269442,0.38272711142505794,0.48480924678782517,ETTm1,raw,19008,19104,raw:19008:6,mid,mid
0,0.4025102499840889,0.31403255177357314,0.32757919984015643,0.125,0.7549312772376625,3.122653851973986,0.3537756414060383,0.34804066719927285,0.41123563954790027,ETTm1,raw,19200,19296,raw:19200:0,mid,mid
1,0.7807460757727839,0.23511619360199387,0.09260087505127099,1.0,0.9771647015222825,3.122653851973986,0.3537756414060383,0.369487714808683,0.7769801143094403,ETTm1,raw,19200,19296,raw:19200:1,mid,high
2,0.6380100196553133,0.1957718926518252,0.22532064970078225,0.0,0.733619440449489,3.122653851973986,0.3537756414060383,0.35303418733597364,0.36246502728517577,ETTm1,raw,19200,19296,raw:19200:2,mid,mid
3,0.75541304001316,0.24174372958066667,0.1375087478926666,1.0,0.9929333606432226,3.122653851973986,0.3537756414060383,0.3782218391621644,0.7822363340164203,ETTm1,raw,19200,19296,raw:19200:3,mid,high
4,0.6398198954934924,0.22104542258147925,0.2295339939801098,0.125,0.7646170598883358,3.122653851973986,0.3537756414060383,0.3634664373516938,0.4144642337647914,ETTm1,raw,19200,19296,raw:19200:4,mid,mid
5,0.2622846981279674,0.0820387944423194,0.4871797666528344,0.25,0.8460025552662314,3.122653851973986,0.3537756414060383,0.27716775307437375,0.48325939889075653,ETTm1,raw,19200,19296,raw:19200:5,low,mid
6,0.9368036103374453,0.31410016347922953,0.05382923280684806,0.25,0.902508139113465,3.122653851973986,0.3537756414060383,0.434911002207841,0.502094593506501,ETTm1,raw,19200,19296,raw:19200:6,high,high
0,0.6187450374218426,0.4248979777891764,0.8910755688590363,0.625,0.9126351143587221,3.475779836338423,0.4126299720353539,0.6449061946900184,0.6500883621313587,ETTm1,raw,19296,19392,raw:19296:0,high,high
1,0.7102946681207731,0.32171291235167376,0.29726695341794135,1.0,0.9673844297321144,3.475779836338423,0.4126299720353539,0.4430915112967961,0.7933381339224894,ETTm1,raw,19296,19392,raw:19296:1,high,high
2,0.6923347866225285,0.3835995901972623,0.47795410989221354,0.0,0.8324706832860354,3.475779836338423,0.4126299720353539,0.5179628289040014,0.4150335517737964,ETTm1,raw,19296,19392,raw:19296:2,high,mid
3,0.8084956167450635,0.37638536560938324,0.1650030949370544,0.625,0.9121390152047352,3.475779836338423,0.4126299720353539,0.4499613590971671,0.6499229957466963,ETTm1,raw,19296,19392,raw:19296:3,high,high
4,0.5585897031333146,0.1984808326437425,0.06706335698107557,0.125,0.7613565036066535,3.475779836338423,0.4126299720353539,0.27471129758604423,0.4329954918806691,ETTm1,raw,19296,19392,raw:19296:4,low,mid
5,0.6750566960013371,0.0952525369373623,0.22226945344004273,0.125,0.7544892105346983,3.475779836338423,0.4126299720353539,0.33085956212624734,0.4307063941900174,ETTm1,raw,19296,19392,raw:19296:5,mid,mid
6,0.920392958778956,0.36399183028799975,0.054674580569041634,0.5,0.8617835875717461,3.475779836338423,0.4126299720353539,0.4463531232119991,0.5914711865357,ETTm1,raw,19296,19392,raw:19296:6,high,high
0,0.8228275883874004,0.1741492118836841,0.0029442277314284267,0.0,0.4213992616006091,3.536651720233563,0.42277528600096836,0.333307009334171,0.28139151586719247,ETTm1,raw,19488,19584,raw:19488:0,mid,low
1,0.3893673899051988,0.0553330305031986,0.11347945977833057,0.125,0.6251524971002246,3.536651720233563,0.42277528600096836,0.18605996006224265,0.39097592770039763,ETTm1,raw,19488,19584,raw:19488:1,low,mid
2,0.8227265656124999,0.09852377137218832,0.0015736742449762033,0.0,0.38034986514170405,3.536651720233563,0.42277528600096836,0.3076080037432215,0.2677083837142242,ETTm1,raw,19488,19584,raw:19488:2,low,low
3,0.4425922994904069,0.033817316813744974,0.03432134555510912,0.25,0.626210841283883,3.536651720233563,0.42277528600096836,0.17024365395308702,0.4329953757616171,ETTm1,raw,19488,19584,raw:19488:3,low,mid
4,0.7156723461246661,0.0653851119015976,0.028473418458859454,0.25,0.5875074316604186,3.536651720233563,0.42277528600096836,0.26984362549504104,0.4200942392204623,ETTm1,raw,19488,19584,raw:19488:4,low,mid
5,0.7107282423822835,0.12022725115381322,0.2987476326373214,0.125,0.8712043879413954,3.536651720233563,0.42277528600096836,0.3765677087244727,0.47299322464745464,ETTm1,raw,19488,19584,raw:19488:5,mid,mid
6,0.6812317556291809,0.22396017915977734,0.4004754027392939,0.625,0.9128022389668246,3.536651720233563,0.42277528600096836,0.4352224458427507,0.653525841655931,ETTm1,raw,19488,19584,raw:19488:6,high,high
0,0.6489339393062957,0.155879236774006,0.0009969749038754225,0.0,0.46614111422007803,2.6044261526506194,0.2674043583294293,0.26860338366139236,0.24451515751650246,ETTm1,raw,19584,19680,raw:19584:0,low,low
1,0.6338378547069081,0.42582506878914095,0.45719113855635357,0.25,0.7675893766994777,2.6044261526506194,0.2674043583294293,0.5056180206841342,0.4283312450096357,ETTm1,raw,19584,19680,raw:19584:1,high,mid
2,0.6725055830041993,0.08612265157936341,0.01244867049401248,0.0,0.42872072719954024,2.6044261526506194,0.2674043583294293,0.25702563502585835,0.2320416951763232,ETTm1,raw,19584,19680,raw:19584:2,low,low
3,0.38070736256375215,0.20270492515704625,0.5078571998698435,0.375,0.7239073912780266,2.6044261526506194,0.2674043583294293,0.36375649586354725,0.4554372498691519,ETTm1,raw,19584,19680,raw:19584:3,mid,mid
4,0.6057213065043329,0.027872734319997254,0.13416490421926788,0.125,0.5012422760274455,2.6044261526506194,0.2674043583294293,0.255919648347866,0.2978822114522916,ETTm1,raw,19584,19680,raw:19584:4,low,low
5,0.32966991655633127,0.30164259809333127,0.5455298028026683,0.375,0.8739913426426453,2.6044261526506194,0.2674043583294293,0.39228077248411025,0.5054652336573583,ETTm1,raw,19584,19680,raw:19584:5,high,high
6,0.9753348395188044,0.2576970237704972,0.2757426873905044,0.625,0.9564667625932768,2.6044261526506194,0.2674043583294293,0.502924850226602,0.616290373640902,ETTm1,raw,19584,19680,raw:19584:6,high,high
0,0.6631789942917579,0.2570273778415145,0.0027639280669401562,0.0,0.45677547086433856,3.7866980778409642,0.4644496788660779,0.3076567667334042,0.30707504991013884,ETTm1,raw,19680,19776,raw:19680:0,low,low
1,0.5311087345241923,0.06067664868295153,0.23741318216872576,0.375,0.6617471455221933,3.7866980778409642,0.4644496788660779,0.27639952179195654,0.5003989414627571,ETTm1,raw,19680,19776,raw:19680:1,low,mid
2,0.4975436994501412,0.14509902058364518,0.004327998735621295,0.0,0.39459526737202333,3.7866980778409642,0.4644496788660779,0.21565690625646924,0.2863483154127004,ETTm1,raw,19680,19776,raw:19680:2,low,low
3,0.07773365690391376,0.15053129437823715,0.13848422465006527,0.125,0.7448133329052237,3.7866980778409642,0.4644496788660779,0.12224972531073873,0.44475433725710056,ETTm1,raw,19680,19776,raw:19680:3,low,mid
4,0.5209174408843058,0.09032145345877496,0.8009862818787487,0.125,0.5255303150588178,3.7866980778409642,0.4644496788660779,0.4707417254072765,0.37165999797496524,ETTm1,raw,19680,19776,raw:19680:4,high,mid
5,0.6284159277266765,0.21551751605750757,0.39239337664610513,1.0,0.8982517950613395,3.7866980778409642,0.4644496788660779,0.41210894014342975,0.7875671579758059,ETTm1,raw,19680,19776,raw:19680:5,high,high
6,0.6618995655689048,0.10630893047728732,0.5465679586887144,0.125,0.6054524011913719,3.7866980778409642,0.4644496788660779,0.4382588182449689,0.3983006933524833,ETTm1,raw,19680,19776,raw:19680:6,high,mid
0,0.7591185629760995,0.25287087339840175,0.20752185586388963,0.0,0.5338376208548474,2.7097659991735537,0.28496099938732394,0.4065037640794636,0.2729328734140571,ETTm1,raw,19872,19968,raw:19872:0,high,low
1,0.5534743708448834,0.4938193880872008,0.16916179447111196,0.25,0.7435737026932981,2.7097659991735537,0.28496099938732394,0.405485184467732,0.42617823402687405,ETTm1,raw,19872,19968,raw:19872:1,high,mid
2,0.8567892504265731,0.15268822700243148,0.12861085874033742,0.0,0.5096480930991385,2.7097659991735537,0.28496099938732394,0.37936277872311397,0.26486969749548744,ETTm1,raw,19872,19968,raw:19872:2,mid,low
3,0.6569707967861065,0.14767502432865165,0.5538475237641576,0.125,0.5999335136220583,2.7097659991735537,0.28496099938732394,0.4528311149596386,0.3366315043364607,ETTm1,raw,19872,19968,raw:19872:3,high,low
4,0.8444753886473042,0.1551112033328118,0.7357979370811617,0.25,0.8539722535316987,2.7097659991735537,0.28496099938732394,0.5784615096870925,0.46297775097300753,ETTm1,raw,19872,19968,raw:19872:4,high,mid
5,0.945286094761473,0.046570832086939865,0.0058174504014760296,0.125,0.8299971429817172,2.7097659991735537,0.28496099938732394,0.33255812574996296,0.4133193807896804,ETTm1,raw,19872,19968,raw:19872:5,mid,mid
6,0.9399460533694552,0.0466120856987047,0.2503471837994101,0.25,0.782469199222152,2.7097659991735537,0.28496099938732394,0.41230177428919007,0.43914339953649195,ETTm1,raw,19872,19968,raw:19872:6,high,mid
0,0.8588715677231402,0.4711392742317471,0.07278481153590731,0.0,0.5239716470158435,2.354504097526159,0.22575068254477537,0.4675985511635982,0.24990744318687297,ETTm1,raw,19968,20064,raw:19968:0,high,low
1,0.9057707245721913,0.3351511484040096,0.15086596809860342,0.375,0.837271606332871,2.354504097526159,0.22575068254477537,0.46392928035826814,0.47934076295921546,ETTm1,raw,19968,20064,raw:19968:1,high,mid
2,0.860729899906842,0.32830673564746027,0.5085447533388641,0.0,0.5016989222809926,2.354504097526159,0.22575068254477537,0.5658604629643887,0.2424832016085893,ETTm1,raw,19968,20064,raw:19968:2,high,low
3,0.9134146519311064,0.1756247270159088,0.14313695205456706,0.375,0.8032760755684311,2.354504097526159,0.22575068254477537,0.4107254436671941,0.4680089193710688,ETTm1,raw,19968,20064,raw:19968:3,high,mid
4,0.6701538493158412,0.13008222142447717,0.34612019876907557,0.125,0.6348188648715238,2.354504097526159,0.22575068254477537,0.3821187565031314,0.3285231824720997,ETTm1,raw,19968,20064,raw:19968:4,mid,low
5,0.9999998854679365,0.4180740923957448,0.1301816094882888,0.625,0.957206585042725,2.354504097526159,0.22575068254477537,0.51608519578399,0.6026524225291668,ETTm1,raw,19968,20064,raw:19968:5,high,high
6,0.9367266768384376,0.16618166856725525,0.24011828646655928,0.25,0.852480956353404,2.354504097526159,0.22575068254477537,0.4476755439574173,0.4427438796327265,ETTm1,raw,19968,20064,raw:19968:6,high,mid
0,0.8207931098447543,0.6587588005506377,0.0280942242661553,0.125,0.5265325885934719,3.2704474835503197,0.3784079132943734,0.5025487115538491,0.3433135006292818,ETTm1,raw,20160,20256,raw:20160:0,high,low
1,0.8556234359303718,0.19789129014568652,0.05139225866763075,0.5,0.7485902468191907,3.2704474835503197,0.3784079132943734,0.3683023282478963,0.5423327200378547,ETTm1,raw,20160,20256,raw:20160:1,mid,high
2,0.8869251010865223,0.6638733474292186,0.035400960009891826,0.0,0.48027153529983546,3.2704474835503197,0.3784079132943734,0.5287331361752109,0.2862264828647363,ETTm1,raw,20160,20256,raw:20160:2,high,low
3,0.9261290674163023,0.40624611121861487,0.1596021510005952,0.25,0.8936426739490217,3.2704474835503197,0.3784079132943734,0.4973257765451708,0.5073501957477984,ETTm1,raw,20160,20256,raw:20160:3,high,high
4,0.7641675018410516,0.21380453888715284,0.014913431946015722,0.375,0.7560632963121352,3.2704474835503197,0.3784079132943734,0.33096182422474,0.5031570698688362,ETTm1,raw,20160,20256,raw:20160:4,mid,high
5,0.48501263192113264,0.12447797289292473,0.2165556158061266,0.375,0.7479361019214038,3.2704474835503197,0.3784079132943734,0.275348740206728,0.5004480050719258,ETTm1,raw,20160,20256,raw:20160:5,low,mid
6,0.8149851743855419,0.03785586358438244,0.5816023278693712,0.0,0.7055853550593465,3.2704474835503197,0.3784079132943734,0.4781477886130985,0.36133108945124,ETTm1,raw,20160,20256,raw:20160:6,high,mid
0,0.8348130780973212,0.5301217464881799,0.020435404002089923,0.0,0.4949810564764668,1.7830605055889737,0.13051008404731215,0.4617900761958637,0.20849704684125966,ETTm1,raw,20256,20352,raw:20256:0,high,low
1,0.7299145853962392,0.1620602544410904,0.269842164774566,0.25,0.8564275080225084,1.7830605055889737,0.13051008404731215,0.3872723348706319,0.4123125306899402,ETTm1,raw,20256,20352,raw:20256:1,mid,mid
2,0.8146249010088393,0.4185473870031865,0.2750476272061068,0.0,0.49715597182766785,1.7830605055889737,0.13051008404731215,0.5027399717393776,0.20922201862499334,ETTm1,raw,20256,20352,raw:20256:2,high,low
3,0.8043581748270866,0.13605281342632558,0.23277865896358785,0.0,0.6934573595903023,1.7830605055889737,0.13051008404731215,0.391063215739,0.27465581454587146,ETTm1,raw,20256,20352,raw:20256:3,high,low
4,0.26975060070805157,0.1920526797096302,0.22208161964591414,0.375,0.6758396561633023,1.7830605055889737,0.13051008404731215,0.22796163335453198,0.39378324673687143,ETTm1,raw,20256,20352,raw:20256:4,low,mid
5,0.4816208273250341,0.14340206960663932,0.538470507795635,0.5,0.8470577007232193,1.7830605055889737,0.13051008404731215,0.3878311349091028,0.4925225949235105,ETTm1,raw,20256,20352,raw:20256:5,mid,mid
6,0.9922289047899834,0.017487059029191766,0.13385970395066624,0.125,0.5813876470655716,1.7830605055889737,0.13051008404731215,0.38119188925661374,0.27896591037096125,ETTm1,raw,20256,20352,raw:20256:6,mid,low
0,0.8680002692956508,0.30355904344654133,0.17419521692842727,0.0,0.5215149859236703,3.128633465453512,0.35477224365096494,0.4485848432235398,0.2920957431915451,ETTm1,raw,20448,20544,raw:20448:0,high,low
1,0.8523766454381194,0.5400955731514661,0.010438172723056744,0.0,0.7788538523727097,3.128633465453512,0.35477224365096494,0.4676367971042141,0.37787536534122484,ETTm1,raw,20448,20544,raw:20448:1,high,mid
2,0.8529527477962302,0.19912431356881705,0.01221798924941689,0.0,0.4730507160545867,3.128633465453512,0.35477224365096494,0.35476501687148804,0.27594098656851723,ETTm1,raw,20448,20544,raw:20448:2,mid,low
3,0.9311914290390166,0.19637290260056886,0.019081816026114192,0.0,0.6449368418934011,3.128633465453512,0.35477224365096494,0.38221538255523324,0.333236361848122,ETTm1,raw,20448,20544,raw:20448:3,mid,low
4,0.6675768614549553,0.22813489608707108,0.015129309287570466,0.375,0.7101056961156447,3.128633465453512,0.35477224365096494,0.30361368894319896,0.4799593132555365,ETTm1,raw,20448,20544,raw:20448:4,low,mid
5,0.6461907504480778,0.2952489489668276,0.3664203999960553,0.5,0.9415112335881444,3.128633465453512,0.35477224365096494,0.4359533664703203,0.5987611590797032,ETTm1,raw,20448,20544,raw:20448:5,high,high
6,0.7010095626157866,0.48430543600201964,0.35918046221263167,0.125,0.6727437051890951,3.128633465453512,0.35477224365096494,0.5148318202768126,0.3841719829466867,ETTm1,raw,20448,20544,raw:20448:6,high,mid
0,0.0,0.0,0.0,0.0,-0.0,1.0,0.0,0.0,0.0,ETTm1,raw,20544,20640,raw:20544:0,low,low
1,0.0,0.0,0.0,0.0,-0.0,1.0,0.0,0.0,0.0,ETTm1,raw,20544,20640,raw:20544:1,low,low
2,0.0,0.0,0.0,0.0,-0.0,1.0,0.0,0.0,0.0,ETTm1,raw,20544,20640,raw:20544:2,low,low
3,0.0,0.0,0.0,0.0,-0.0,1.0,0.0,0.0,0.0,ETTm1,raw,20544,20640,raw:20544:3,low,low
4,0.0,0.0,0.0,0.0,-0.0,1.0,0.0,0.0,0.0,ETTm1,raw,20544,20640,raw:20544:4,low,low
5,0.0,0.0,0.0,0.0,-0.0,1.0,0.0,0.0,0.0,ETTm1,raw,20544,20640,raw:20544:5,low,low
6,0.0,0.0,0.0,0.0,-0.0,1.0,0.0,0.0,0.0,ETTm1,raw,20544,20640,raw:20544:6,low,low
0,0.8880367177329835,0.7049528382407142,0.859386086612271,0.25,0.8855287123794264,2.6595687163853885,0.27659478560324013,0.8174585475286563,0.47070783266088884,ETTm1,raw,20640,20736,raw:20640:0,high,mid
1,0.6592055782489599,0.05339744819117498,0.05383233102611638,0.5,0.8352188237813276,2.6595687163853885,0.27659478560324013,0.2554784524887504,0.5372712031281893,ETTm1,raw,20640,20736,raw:20640:1,low,high
2,0.887794294832132,0.597184759574372,0.7629108769124486,0.125,0.8228668940615834,2.6595687163853885,0.27659478560324013,0.7492966437729841,0.40815389322160783,ETTm1,raw,20640,20736,raw:20640:2,high,mid
3,0.7996969676092256,0.2195595056029994,0.08127123278797287,0.625,0.8156997491354842,2.6595687163853885,0.27659478560324013,0.36684256866673254,0.5724315115795747,ETTm1,raw,20640,20736,raw:20640:3,mid,high
4,0.595994406779977,0.030792101353749546,0.13252424661918127,0.375,0.8416426475687401,2.6595687163853885,0.27659478560324013,0.2531035849176359,0.49774581105732674,ETTm1,raw,20640,20736,raw:20640:4,low,mid
5,0.4850124649540044,0.08293246013625916,0.21554532359909814,0.375,0.9122217743272891,2.6595687163853885,0.27659478560324013,0.2611634162297872,0.5212721866435097,ETTm1,raw,20640,20736,raw:20640:5,low,high
6,0.833129554454527,0.313259427848245,0.221618021551863,0.625,0.9341585622286556,2.6595687163853885,0.27659478560324013,0.45600233461821166,0.6119177826106319,ETTm1,raw,20640,20736,raw:20640:6,high,high
0,0.6608588535356963,0.11127699791694948,0.05651299400665225,0.375,0.8755591821848345,2.9346686905553123,0.32244478122181075,0.276216281819766,0.5243346544688817,ETTm1,raw,20832,20928,raw:20832:0,low,high
1,0.7853764678869999,0.1950705295686846,0.01378194466297165,0.5,0.8488253636736999,2.9346686905553123,0.32244478122181075,0.33140964737288536,0.5570900482985035,ETTm1,raw,20832,20928,raw:20832:1,mid,high
2,0.7303964776841019,0.26909435266881554,0.13210572934700626,0.375,0.8814078003311339,2.9346686905553123,0.32244478122181075,0.37719885323330793,0.5262841938509816,ETTm1,raw,20832,20928,raw:20832:2,mid,high
3,0.9119481606194828,0.47476515699636157,0.020178695925465742,0.5,0.832397947766091,2.9346686905553123,0.32244478122181075,0.46896400451377,0.5516142429959673,ETTm1,raw,20832,20928,raw:20832:3,high,high
4,0.7483571919647705,0.08048758225448176,0.002516990400679601,0.375,0.8863954547754025,2.9346686905553123,0.32244478122181075,0.2771205882066439,0.5279467453324044,ETTm1,raw,20832,20928,raw:20832:4,low,high
5,0.5070167513308502,0.21934120916534472,0.07635072453586732,1.0,0.9849784186223806,2.9346686905553123,0.32244478122181075,0.2675695616773541,0.7691410666147305,ETTm1,raw,20832,20928,raw:20832:5,low,high
6,0.4900510134138666,0.3711215928580979,0.6603644842743374,0.375,0.7745688405523687,2.9346686905553123,0.32244478122181075,0.5071790301821006,0.49067120725805985,ETTm1,raw,20832,20928,raw:20832:6,high,mid
0,0.8020733820643615,0.522822514860718,0.6654217892824956,0.25,0.8149480003649378,3.599564008539313,0.43326066736778435,0.6634392287358584,0.49940288924424064,ETTm1,raw,20928,21024,raw:20928:0,high,mid
1,0.6914073042355289,0.19957156229052067,0.2139237966712314,0.375,0.8280330770162952,3.599564008539313,0.43326066736778435,0.368300887732427,0.5454312481280265,ETTm1,raw,20928,21024,raw:20928:1,mid,high
2,0.852561106158371,0.6948371514076659,0.6207613267201927,0.125,0.8052038238587084,3.599564008539313,0.43326066736778435,0.7227198614287431,0.4544881637421643,ETTm1,raw,20928,21024,raw:20928:2,high,mid
3,0.6773023865320155,0.44661982711937104,0.30629565199836456,0.375,0.861739143966941,3.599564008539313,0.43326066736778435,0.47673928854991704,0.5566666037782418,ETTm1,raw,20928,21024,raw:20928:3,high,high
4,0.6156470410591557,0.034342859847147515,0.11659170544094374,0.375,0.7717110086443273,3.599564008539313,0.43326066736778435,0.255527202115749,0.5266572253373706,ETTm1,raw,20928,21024,raw:20928:4,low,high
5,0.9999998891624727,0.24047659138733424,0.07930917939672574,1.0,0.9169874632705941,3.599564008539313,0.43326066736778435,0.4399285533155109,0.7834160435461262,ETTm1,raw,20928,21024,raw:20928:5,high,high
6,0.6033699362499634,0.31836454520565516,0.329020918217363,0.375,0.9557048960251876,3.599564008539313,0.43326066736778435,0.41691846655766057,0.5879885211309906,ETTm1,raw,20928,21024,raw:20928:6,high,high
0,0.881597904957227,0.3405734747596376,0.034581460939794695,0.0,0.5112670626941441,2.9193168035731802,0.3198861333957198,0.41891761355221974,0.277051065363288,ETTm1,raw,21120,21216,raw:21120:0,high,low
1,0.9285428801356934,0.23014250760854288,0.11369590157271214,0.25,0.8829422898963308,2.9193168035731802,0.3198861333957198,0.4241270964389828,0.4842761410973502,ETTm1,raw,21120,21216,raw:21120:1,high,mid
2,0.8083795916299246,0.2859233252307496,0.2508853103824608,0.0,0.5077689846257244,2.9193168035731802,0.3198861333957198,0.4483960757477117,0.2758850393404814,ETTm1,raw,21120,21216,raw:21120:2,high,low
3,0.8255156823183479,0.1915404769459712,0.2430123174371754,0.0,0.7625892163054192,2.9193168035731802,0.3198861333957198,0.4200228255671649,0.36082511656704636,ETTm1,raw,21120,21216,raw:21120:3,high,mid
4,0.6153655362585706,0.1261208600654064,0.20901090202357755,0.25,0.8198376537399382,2.9193168035731802,0.3198861333957198,0.3168324327825182,0.4632412623785527,ETTm1,raw,21120,21216,raw:21120:4,mid,mid
5,0.5951187994094389,0.33506836353799996,0.5879400439027681,1.0,0.9415592478259482,2.9193168035731802,0.3198861333957198,0.5060424022834024,0.7538151270738894,ETTm1,raw,21120,21216,raw:21120:5,high,high
6,0.31231632924253405,0.0624022295366717,0.48950414993409186,0.125,0.6484539777103332,2.9193168035731802,0.3198861333957198,0.2880742362377659,0.36444670370201765,ETTm1,raw,21120,21216,raw:21120:6,low,mid
0,0.624147641507356,0.20202475622611782,0.3091815830809538,0.125,0.7807809340522261,3.251854753853969,0.3753091250168129,0.3784513269381426,0.4270300196896797,ETTm1,raw,21216,21312,raw:21216:0,mid,mid
1,0.2862663113127637,0.18232645431074568,0.4074377021665058,1.0,0.8881411077848541,3.251854753853969,0.3753091250168129,0.29201015593000507,0.754483410933889,ETTm1,raw,21216,21312,raw:21216:1,low,high
2,0.781213836116124,0.19434864313980432,0.358674376513973,0.125,0.8284110860629964,3.251854753853969,0.3753091250168129,0.44474561858996714,0.4429067370266031,ETTm1,raw,21216,21312,raw:21216:2,high,mid
3,0.7871458869756757,0.3939827494484119,0.14410326468545312,0.5,0.9639515655686997,3.251854753853969,0.3753091250168129,0.4417439670365136,0.6130868968618376,ETTm1,raw,21216,21312,raw:21216:3,high,high
4,0.24673848125592435,0.12567943444868623,0.29206266363787287,0.25,0.8781450045402629,3.251854753853969,0.3753091250168129,0.2214935264474945,0.5011513765190253,ETTm1,raw,21216,21312,raw:21216:4,low,mid
5,0.8857579611661325,0.42876297656292495,0.10268562882401594,0.125,0.8884942766012708,3.251854753853969,0.3753091250168129,0.4724021888510244,0.462934467206028,ETTm1,raw,21216,21312,raw:21216:5,high,mid
6,0.9071516983951577,0.06888078439991993,0.19301626774626598,0.25,0.9319951262242899,3.251854753853969,0.3753091250168129,0.38968291684711454,0.5191014170803676,ETTm1,raw,21216,21312,raw:21216:6,mid,high
0,0.7885552454219857,0.2443024445222439,0.3816669019411849,0.375,0.8325089921001027,4.006312828528054,0.5010521372529221,0.4715081972951382,0.5695203764510083,ETTm1,raw,21312,21408,raw:21312:0,high,high
1,0.8754764468472298,0.15912951861294142,0.04380001484128626,1.0,0.9387983056029079,4.006312828528054,0.5010521372529221,0.3594686601004858,0.8132834809519434,ETTm1,raw,21312,21408,raw:21312:1,mid,high
2,0.8609574358758263,0.5420269753254676,0.6344294008255428,0.375,0.8630541013752769,4.006312828528054,0.5010521372529221,0.6791379373422789,0.579702079542733,ETTm1,raw,21312,21408,raw:21312:2,high,high
3,0.875862217150772,0.3504861779124624,0.15338185337246937,1.0,0.9740039273742995,4.006312828528054,0.5010521372529221,0.4599100828119012,0.8250186882090739,ETTm1,raw,21312,21408,raw:21312:3,high,high
4,0.7376027515767709,0.23963708730800862,0.0051131062078329705,0.375,0.9192215645846881,4.006312828528054,0.5010521372529221,0.3274509816975375,0.5984245672792033,ETTm1,raw,21312,21408,raw:21312:4,mid,high
5,0.8065411897595305,0.38407559933803037,0.0574548582273623,1.0,0.8005870577324556,4.006312828528054,0.5010521372529221,0.4160238824416411,0.767213064995126,ETTm1,raw,21312,21408,raw:21312:5,high,high
6,0.7129634787601852,0.533972961084016,0.35403023331033284,0.125,0.6801649292163069,4.006312828528054,0.5010521372529221,0.5336555577181781,0.43540568882307634,ETTm1,raw,21312,21408,raw:21312:6,high,mid
0,0.8248652540199866,0.1431337913995464,0.08080523062283815,0.0,0.4143737899258038,2.6516442963403124,0.275274048931262,0.34960142534745703,0.22988261295235526,ETTm1,raw,21504,21600,raw:21504:0,mid,low
1,0.6809758962384755,0.055184139658217335,0.13834626376202003,0.0,0.5399876071440471,2.6516442963403124,0.275274048931262,0.29150209988623765,0.2717538853584364,ETTm1,raw,21504,21600,raw:21504:1,low,low
2,0.76610993611621,0.08504238898945264,0.05925809291475116,0.0,0.3793060316567462,2.6516442963403124,0.275274048931262,0.30347013934013795,0.21819336019600274,ETTm1,raw,21504,21600,raw:21504:2,low,low
3,0.5460784849161351,0.02214317631314329,0.13739199234484514,0.0,0.4709502615094256,2.6516442963403124,0.275274048931262,0.2352045511913745,0.24874143681356253,ETTm1,raw,21504,21600,raw:21504:3,low,low
4,0.5582147403569631,0.03331831530624242,0.4547570752615812,0.125,0.5562492411465897,2.6516442963403124,0.275274048931262,0.34876337697492893,0.31884109669261723,ETTm1,raw,21504,21600,raw:21504:4,mid,low
5,0.5002707987904718,0.15722651791130235,0.5315647327337025,1.0,0.9572246195479657,2.6516442963403124,0.275274048931262,0.3963540164784922,0.7441662228264092,ETTm1,raw,21504,21600,raw:21504:5,high,high
6,0.7042085916103608,0.24026062249223215,0.32574650607174327,0.25,0.8192295516349875,2.6516442963403124,0.275274048931262,0.42340524005811203,0.4481678668554165,ETTm1,raw,21504,21600,raw:21504:6,high,mid
0,0.7094020718261226,0.14210220622632694,0.03034486626328318,0.0,0.4231403564842548,1.7825387610420396,0.13042312662296804,0.2939497147719109,0.18452116103574093,ETTm1,raw,21600,21696,raw:21600:0,low,low
1,0.401532765495887,0.1289285748432296,0.05718997412643522,0.0,0.6253208673105032,1.7825387610420396,0.13042312662296804,0.1958837714885173,0.2519146646444904,ETTm1,raw,21600,21696,raw:21600:1,low,low
2,0.5818236980149631,0.08523125224952599,0.02693076755660992,0.0,0.3873489941867741,1.7825387610420396,0.13042312662296804,0.23132857260703302,0.1725907069365807,ETTm1,raw,21600,21696,raw:21600:2,low,low
3,0.5150312902988624,0.0370399882502369,0.138445354527968,0.0,0.5098695110538214,1.7825387610420396,0.13042312662296804,0.2301722110256891,0.21343087922559648,ETTm1,raw,21600,21696,raw:21600:3,low,low
4,0.36967247718428864,0.0318997730255924,0.7266495622901966,0.125,0.6169343655648593,1.7825387610420396,0.13042312662296804,0.3760739375000259,0.2907858307292758,ETTm1,raw,21600,21696,raw:21600:4,mid,low
5,0.5580193645425957,0.08278139412417099,0.17495070808435492,0.125,0.8183464431923849,1.7825387610420396,0.13042312662296804,0.2719171555837072,0.35792318993845096,ETTm1,raw,21600,21696,raw:21600:5,low,low
6,0.7574991082054656,0.413979578125807,0.2329344282640578,0.0,0.8693504319273141,1.7825387610420396,0.13042312662296804,0.46813770486511014,0.33325785285009407,ETTm1,raw,21600,21696,raw:21600:6,high,low
0,0.39000279042941144,0.09979137133060632,0.005786101846190115,0.0,0.4037575128693682,1.8438330958989793,0.14063884908209845,0.16519342120206928,0.18146545398382222,ETTm1,raw,21792,21888,raw:21792:0,low,low
1,0.33508070793685796,0.0652846506774232,0.31109655980885237,0.125,0.6882216771138464,1.8438330958989793,0.14063884908209845,0.23715397280771114,0.31795350873198164,ETTm1,raw,21792,21888,raw:21792:1,low,low
2,0.7134348804988978,0.03540244089887514,0.0024537191256808043,0.0,0.36304790871248094,1.8438330958989793,0.14063884908209845,0.25043034684115123,0.16789558593152645,ETTm1,raw,21792,21888,raw:21792:2,low,low
3,0.46105633795135736,0.04784214416710226,0.12478608921874448,0.0,0.7255413808409801,1.8438330958989793,0.14063884908209845,0.2112281904457347,0.2887267433076928,ETTm1,raw,21792,21888,raw:21792:3,low,low
4,0.6644704328165634,0.09035839248808775,0.11387878492633102,0.375,0.845228498907149,1.8438330958989793,0.14063884908209845,0.2895692034103274,0.45362244932974916,ETTm1,raw,21792,21888,raw:21792:4,low,mid
5,0.3621785115012558,0.09973955833376014,0.3951182778026167,0.5,0.8873223767198624,1.8438330958989793,0.14063884908209845,0.28567878254587753,0.5093204086006536,ETTm1,raw,21792,21888,raw:21792:5,low,high
6,0.934829789638985,0.16157651349025248,0.3750370439189796,0.0,0.6780549097523082,1.8438330958989793,0.14063884908209845,0.49048111568273906,0.27289791961146886,ETTm1,raw,21792,21888,raw:21792:6,high,low
0,0.4183959113325211,0.11860594895427067,0.25067086073002276,0.0,0.6311678611820953,2.723131092207668,0.28718851488929714,0.2625575736722715,0.3061187920237975,ETTm1,raw,21888,21984,raw:21888:0,low,low
1,0.6417090678692393,0.16049070569068632,0.5373988166493996,0.75,0.9349442323955214,2.723131092207668,0.28718851488929714,0.44653286340310844,0.6573775824282728,ETTm1,raw,21888,21984,raw:21888:1,high,high
2,0.6061905800356586,0.10589830195163946,0.19757526299287653,0.0,0.591846976406487,2.723131092207668,0.28718851488929714,0.30322138166005824,0.293011830431928,ETTm1,raw,21888,21984,raw:21888:2,low,low
3,0.6646265310074139,0.15159331883046212,0.6115588657066078,0.75,0.8993312108976412,2.723131092207668,0.28718851488929714,0.4759262385148279,0.6455065752623128,ETTm1,raw,21888,21984,raw:21888:3,high,high
4,0.5553457496761436,0.5311297088968694,0.3527055297333658,0.375,0.9010825709469086,2.723131092207668,0.28718851488929714,0.47972699610212627,0.5210903619454019,ETTm1,raw,21888,21984,raw:21888:4,high,high
5,0.6397548442518497,0.37497680699880875,0.0947106069467804,0.375,0.9620081432357619,2.723131092207668,0.28718851488929714,0.369814086065813,0.5413988860416864,ETTm1,raw,21888,21984,raw:21888:5,mid,high
6,0.5081730481793267,0.05649539894317576,0.40367588415281874,0.125,0.7308121733723933,2.723131092207668,0.28718851488929714,0.3227814437584404,0.3810002294205635,ETTm1,raw,21888,21984,raw:21888:6,mid,mid
0,0.4946226693033917,0.16365327694030857,0.03418911030617749,0.0,0.4559561012094108,2.7003536566534203,0.2833922756365829,0.23082168551662588,0.24644945894866457,ETTm1,raw,22080,22176,raw:22080:0,low,low
1,0.5177004412264231,0.09572846829781133,0.47848198760326793,0.125,0.5789566639843171,2.7003536566534203,0.2833922756365829,0.36397029904250083,0.3291163132069667,ETTm1,raw,22080,22176,raw:22080:1,mid,low
2,0.7671416336613718,0.08149168381007271,0.17749358636162602,0.0,0.43207363524682124,2.7003536566534203,0.2833922756365829,0.34204230127769014,0.23848863696113473,ETTm1,raw,22080,22176,raw:22080:2,mid,low
3,0.5302055890552221,0.14485251773113045,0.1680486429909331,0.125,0.6701780209075235,2.7003536566534203,0.2833922756365829,0.2810355832590952,0.3595234321813688,ETTm1,raw,22080,22176,raw:22080:3,low,mid
4,0.6686110818820579,0.33472448327641274,0.42589847808984693,0.375,0.8243438182936949,2.7003536566534203,0.2833922756365829,0.47641134774943916,0.49424536464342594,ETTm1,raw,22080,22176,raw:22080:4,high,mid
5,0.5584438136141331,0.3689970746303457,0.2748642828907523,0.25,0.8146690325441182,2.7003536566534203,0.2833922756365829,0.40076839037841033,0.449353769393567,ETTm1,raw,22080,22176,raw:22080:5,high,mid
6,0.8067476291486754,0.2565043531026024,0.11458417801154562,0.25,0.8704742439909238,2.7003536566534203,0.2833922756365829,0.39261205342094113,0.46795550654250223,ETTm1,raw,22080,22176,raw:22080:6,high,mid
0,0.7500063934817998,0.093069441063226,0.018601926558933037,0.125,0.8217174076418485,3.4553577676441027,0.40922629392530663,0.2872259203679863,0.45198123385571837,ETTm1,raw,22176,22272,raw:22176:0,low,mid
1,0.7041109680054203,0.14711419793332292,0.10053304936889852,0.875,0.9337096173066359,3.4553577676441027,0.40922629392530663,0.3172527384358806,0.7393119704106476,ETTm1,raw,22176,22272,raw:22176:1,mid,high
2,0.857659311111787,0.08034342478252328,0.05345153922387796,0.125,0.7933172628475502,3.4553577676441027,0.40922629392530663,0.3304847583727294,0.4425145189242856,ETTm1,raw,22176,22272,raw:22176:2,mid,mid
3,0.8216260831816566,0.20380663216920175,0.07229499167868955,0.875,0.9925366384163778,3.4553577676441027,0.40922629392530663,0.36590923567651595,0.7589209774472282,ETTm1,raw,22176,22272,raw:22176:3,mid,high
4,0.7479918329779254,0.11282905240704702,0.06978824454423169,0.875,0.9381206754490491,3.4553577676441027,0.40922629392530663,0.3102030433097347,0.7407823231247853,ETTm1,raw,22176,22272,raw:22176:4,low,high
5,0.8178706440100915,0.2803847756461161,0.30364669995715987,1.0,0.9524463543627362,3.4553577676441027,0.40922629392530663,0.46730070653778916,0.7872242160960142,ETTm1,raw,22176,22272,raw:22176:5,high,high
6,0.9731553583774968,0.044160283808257164,0.025808322519232527,0.0,0.45111308060949157,3.4553577676441027,0.40922629392530663,0.34770798823499544,0.28677979151159944,ETTm1,raw,22176,22272,raw:22176:6,mid,low
0,0.7143046674840655,0.02040156699162184,0.00539038896951607,0.0,0.43400257943709214,2.7827846032278303,0.29713076670942046,0.24669887448173447,0.24371111538217086,ETTm1,raw,22272,22368,raw:22272:0,low,low
1,0.7270479992032224,0.38718642049259167,0.6999741160729279,0.625,0.9141362234614696,2.7827846032278303,0.29713076670942046,0.6047361785895807,0.61208899672363,ETTm1,raw,22272,22368,raw:22272:1,high,high
2,0.8008591696258865,0.008767765265236024,0.03033220693334631,0.0,0.4089491810712768,2.7827846032278303,0.29713076670942046,0.2799863806081563,0.23535998259356575,ETTm1,raw,22272,22368,raw:22272:2,low,low
3,0.854254570936811,0.3521524351057659,0.5294089403785234,0.25,0.8826025192575191,2.7827846032278303,0.29713076670942046,0.5786053154737001,0.4765777619889799,ETTm1,raw,22272,22368,raw:22272:3,high,mid
4,0.8072360327556527,0.2525084610071422,0.08155272700481864,0.125,0.81486948994979,2.7827846032278303,0.29713076670942046,0.3804324069225378,0.41233341888640346,ETTm1,raw,22272,22368,raw:22272:4,mid,mid
5,0.854542237700142,0.18418223003958234,0.06651347954826041,0.25,0.9412620314562656,2.7827846032278303,0.29713076670942046,0.36841264909599497,0.4961309327218954,ETTm1,raw,22272,22368,raw:22272:5,mid,mid
6,0.9127125336957169,0.024288122638460054,0.10791919995216503,0.25,0.6296806042569966,2.7827846032278303,0.29713076670942046,0.348306618762114,0.39227045698880564,ETTm1,raw,22272,22368,raw:22272:6,mid,mid
0,0.6393359979972943,0.0759459395879834,0.05350955548363017,0.125,0.7618147562772273,3.0359491049576377,0.33932485026073156,0.2562638310229693,0.4087132021793196,ETTm1,raw,22464,22560,raw:22464:0,low,mid
1,0.434233872894743,0.22737018526603325,0.41602716511651294,0.75,0.9019314749150436,3.0359491049576377,0.33932485026073156,0.35921040775909646,0.663752108391925,ETTm1,raw,22464,22560,raw:22464:1,mid,high
2,0.31114596349960233,0.09618106705328763,0.15858466033814564,0.0,0.7118845307509811,3.0359491049576377,0.33932485026073156,0.18863723029701188,0.35040312700390425,ETTm1,raw,22464,22560,raw:22464:2,low,low
3,0.49738920160813416,0.23421186323396231,0.5373461664156087,0.25,0.7695679608583299,3.0359491049576377,0.33932485026073156,0.42298241041923507,0.4529642703730205,ETTm1,raw,22464,22560,raw:22464:3,high,mid
4,0.8090108445250769,0.21790224454976131,0.048078656613847665,0.25,0.8259777801265418,3.0359491049576377,0.33932485026073156,0.3583305818962286,0.47176754346242444,ETTm1,raw,22464,22560,raw:22464:4,mid,mid
5,0.8390458065124271,0.23358003215950643,0.08736429052707508,0.875,0.9079481584470124,3.0359491049576377,0.33932485026073156,0.3866633763996696,0.7074243362359146,ETTm1,raw,22464,22560,raw:22464:5,mid,high
6,0.9489205495999887,0.1868861361968313,0.012031342928920276,0.0,0.6181028531317019,3.0359491049576377,0.33932485026073156,0.3826126762419135,0.3191425677974778,ETTm1,raw,22464,22560,raw:22464:6,mid,low
0,0.6354218189405542,0.05697612118213762,0.07947143851202147,0.0,0.6976863971763174,3.3476727861469238,0.39127879703902263,0.2572897928782377,0.36298839807178,ETTm1,raw,22560,22656,raw:22560:0,low,mid
1,0.7461424713971833,0.11553883968927488,0.4085225909410842,0.875,0.9579008401193372,3.3476727861469238,0.39127879703902263,0.42340130067584747,0.7413932123861199,ETTm1,raw,22560,22656,raw:22560:1,high,high
2,0.8187830162845333,0.06689447466474194,0.0679200910083959,0.0,0.6468525836789335,3.3476727861469238,0.39127879703902263,0.31786586065255706,0.3460437935726521,ETTm1,raw,22560,22656,raw:22560:2,mid,low
3,0.7972591940359846,0.1717419400946181,0.40117912092345964,0.5,0.9700547907010155,3.3476727861469238,0.39127879703902263,0.4567267516846874,0.6204445292466794,ETTm1,raw,22560,22656,raw:22560:3,high,high
4,0.6225382484060962,0.5337204055374258,0.18886420163060633,0.125,0.8723690261012127,3.3476727861469238,0.39127879703902263,0.4483742851913761,0.4628826077134118,ETTm1,raw,22560,22656,raw:22560:4,high,mid
5,0.2725559563221961,0.06939686585552296,0.10290387025824567,0.125,0.6744571028400295,3.3476727861469238,0.39127879703902263,0.14828556414532157,0.3969119666263507,ETTm1,raw,22560,22656,raw:22560:5,low,mid
6,0.9000876056503847,0.024858942354153042,0.2394404248968147,0.0,0.7523164792121722,3.3476727861469238,0.39127879703902263,0.3881289909671175,0.3811984254170649,ETTm1,raw,22560,22656,raw:22560:6,mid,mid
0,0.7087037028067302,0.17223888303546042,0.5587708194260921,0.0,0.7117087185442429,3.2848845240816864,0.3808140867122576,0.4799044684227609,0.36417426841883344,ETTm1,raw,22752,22848,raw:22752:0,high,mid
1,0.6860252253976638,0.23780503172997097,0.5411767522841034,0.25,0.7040756006750782,3.2848845240816864,0.3808140867122576,0.4883356698039127,0.44496322912911196,ETTm1,raw,22752,22848,raw:22752:1,high,mid
2,0.76782244678879,0.11749040635066596,0.55905434924621,0.0,0.6201834206703584,3.2848845240816864,0.3808140867122576,0.4814557341285553,0.3336658357942053,ETTm1,raw,22752,22848,raw:22752:2,high,low
3,0.5933758515592198,0.13924143039380582,0.5178206214348637,0.25,0.7143973380229305,3.2848845240816864,0.3808140867122576,0.4168126344626298,0.4484038082450627,ETTm1,raw,22752,22848,raw:22752:3,high,mid
4,0.7618069009552365,0.3541038457201672,0.23953534929430498,0.5,0.9417330515805447,3.2848845240816864,0.3808140867122576,0.45181536532323624,0.6075157127642674,ETTm1,raw,22752,22848,raw:22752:4,high,high
5,0.626304553432662,0.17002417100047354,0.4613315912364031,0.625,0.9296370118706749,3.2848845240816864,0.3808140867122576,0.4192201052231795,0.6451503661943109,ETTm1,raw,22752,22848,raw:22752:5,high,high
6,0.959833822635282,0.18572017926605006,0.024605128904311192,0.25,0.7823225014282266,3.2848845240816864,0.3808140867122576,0.39005304360188114,0.4710455293801614,ETTm1,raw,22752,22848,raw:22752:6,high,mid
0,0.7592655532503262,0.052001475991218224,0.01276834847986675,0.0,0.44431930255758006,1.8415849645073499,0.1402641605174514,0.27467845924047035,0.19486115435834384,ETTm1,raw,22848,22944,raw:22848:0,low,low
1,0.9258053805748585,0.11015683740859214,0.04569782211883533,0.5,0.9393854540003772,1.8415849645073499,0.1402641605174514,0.360553346700762,0.5265498715059428,ETTm1,raw,22848,22944,raw:22848:1,mid,high
2,0.7429210270042228,0.04257340311794973,0.03292114019994497,0.0,0.4171303344768824,1.8415849645073499,0.1402641605174514,0.27280519010737253,0.18579816499811128,ETTm1,raw,22848,22944,raw:22848:2,low,low
3,0.8789953992416731,0.12078563651353218,0.05586080729076591,0.375,0.9492635599828844,1.8415849645073499,0.1402641605174514,0.35188061434865703,0.48817590683344525,ETTm1,raw,22848,22944,raw:22848:3,mid,mid
4,0.6025169940180968,0.17808795055885326,0.047554510985707496,0.25,0.909367806992559,1.8415849645073499,0.1402641605174514,0.2760531518542192,0.4332106558366702,ETTm1,raw,22848,22944,raw:22848:4,low,mid
5,0.7555524354042621,0.1905115143999857,0.0709337600233279,0.75,0.9298329650043169,1.8415849645073499,0.1402641605174514,0.3389992366091919,0.6066990418405894,ETTm1,raw,22848,22944,raw:22848:5,mid,high
6,0.7977096751468231,0.07774764398938486,0.10274994571501596,0.125,0.5708117361249901,1.8415849645073499,0.1402641605174514,0.3260690882837413,0.2786919655474805,ETTm1,raw,22848,22944,raw:22848:6,mid,low
0,0.7806731707466055,0.022740585258444173,0.1213024222580066,0.0,0.4174518210060756,2.43067157545495,0.23844526217841627,0.3082387260876854,0.2186323610614973,ETTm1,raw,22944,23040,raw:22944:0,low,low
1,0.798273871386532,0.3128610268079611,0.5889370326480868,0.25,0.8464484723504416,2.43067157545495,0.23844526217841627,0.5666906436141933,0.44496457817628593,ETTm1,raw,22944,23040,raw:22944:1,high,mid
2,0.822776087707089,0.011388076158288376,0.07305701298770886,0.0,0.3763489223900901,2.43067157545495,0.23844526217841627,0.30240705895102876,0.20493139485616876,ETTm1,raw,22944,23040,raw:22944:2,low,low
3,0.8056776637722524,0.23970782571640967,0.6197625782691933,0.25,0.8032548303125434,2.43067157545495,0.23844526217841627,0.5550493559192852,0.4305666974969866,ETTm1,raw,22944,23040,raw:22944:3,high,mid
4,0.6225604339097622,0.2583464729248629,0.7824209024337041,0.125,0.7290320684869451,2.43067157545495,0.23844526217841627,0.554442603089443,0.36415911022178715,ETTm1,raw,22944,23040,raw:22944:4,high,mid
5,0.6717300859862438,0.044000660439813474,0.7809555711886109,0.125,0.6200408038469182,2.43067157545495,0.23844526217841627,0.49889543920488943,0.32782868867511145,ETTm1,raw,22944,23040,raw:22944:5,high,low
6,0.8529872253734518,0.026502252534869764,0.0967688776423317,0.0,0.6311863645135273,2.43067157545495,0.23844526217841627,0.32541945185021776,0.2898772088973145,ETTm1,raw,22944,23040,raw:22944:6,mid,low
0,0.8155850824543563,0.014655743537625443,0.07214144203210983,0.0,0.4293417938186207,2.9807513323215336,0.33012522150338025,0.30079408934136387,0.2531556717740003,ETTm1,raw,23136,23232,raw:23136:0,low,low
1,0.7939964660823011,0.3343000045729062,0.36599523835800735,0.5,0.8816748960455607,2.9807513323215336,0.33012522150338025,0.4980972363377383,0.5706000391829803,ETTm1,raw,23136,23232,raw:23136:1,high,high
2,0.8820526419024881,0.0067426732435891795,0.012324011883756269,0.0,0.37710942105832973,2.9807513323215336,0.33012522150338025,0.3003731090099445,0.23574488085390333,ETTm1,raw,23136,23232,raw:23136:2,low,low
3,0.804998312880255,0.5598638845737625,0.6178427170715828,0.375,0.8491682689493822,2.9807513323215336,0.33012522150338025,0.6609016381752001,0.5180978301509208,ETTm1,raw,23136,23232,raw:23136:3,high,high
4,0.3858342213074276,0.6610309448932881,0.3597644889483882,0.375,0.9115693045540721,2.9807513323215336,0.33012522150338025,0.468876551716368,0.5388981753524842,ETTm1,raw,23136,23232,raw:23136:4,high,high
5,0.4005845640093463,0.29529979966978515,0.38389870145043564,0.25,0.9442372797021258,2.9807513323215336,0.33012522150338025,0.35992768837652234,0.5081208337351687,ETTm1,raw,23136,23232,raw:23136:5,mid,high
6,0.7155251597204904,0.020460592886327407,0.18582598840711156,0.125,0.6551960606034929,2.9807513323215336,0.33012522150338025,0.30727058033797644,0.37010709403562436,ETTm1,raw,23136,23232,raw:23136:6,low,mid
0,0.8201410922554772,0.024885390339347634,0.04568806728302374,0.0,0.40995185316402666,2.5966947815450196,0.2661157964806436,0.29690484995928285,0.22535588321489008,ETTm1,raw,23232,23328,raw:23232:0,low,low
1,0.9364591624743226,0.2199866570410084,0.45628315284023613,0.0,0.8231269366458392,2.5966947815450196,0.2661157964806436,0.5375763241185223,0.36308091104216095,ETTm1,raw,23232,23328,raw:23232:1,high,mid
2,0.7535361220046097,0.028515440275006375,0.10367170713572074,0.0,0.41381396066982495,2.5966947815450196,0.2661157964806436,0.29524108980511227,0.2266432523834895,ETTm1,raw,23232,23328,raw:23232:2,low,low
3,0.805410095704121,0.1164951807776231,0.33794272176137774,0.0,0.7784712417182771,2.5966947815450196,0.2661157964806436,0.4199493327477073,0.3481956793996402,ETTm1,raw,23232,23328,raw:23232:3,high,low
4,0.9070791862213736,0.2357009178906197,0.0275094473158405,0.375,0.8541372614337885,2.5966947815450196,0.2661157964806436,0.39009651714261134,0.49841768597147734,ETTm1,raw,23232,23328,raw:23232:4,high,mid
5,0.9117774282733639,0.11848167156814525,0.17463152434924797,0.375,0.895480638856612,2.5966947815450196,0.2661157964806436,0.4016302080635857,0.5121988117790852,ETTm1,raw,23232,23328,raw:23232:5,high,high
6,0.9059646768459285,0.02284878572830068,0.10885790294932253,0.125,0.6105087214937593,2.5966947815450196,0.2661157964806436,0.3458904551745173,0.333874839324801,ETTm1,raw,23232,23328,raw:23232:6,mid,low
0,0.7997627483764032,0.03112566207158981,0.0311544135535305,0.0,0.38978899093906505,3.2231619947096375,0.3705269985007279,0.28734760800050785,0.25343866314659763,ETTm1,raw,23424,23520,raw:23424:0,low,low
1,0.7833926897129697,0.27959955028734174,0.5026981883971716,0.5,0.8206624105088587,3.2231619947096375,0.3705269985007279,0.5218968094658277,0.5637298030031955,ETTm1,raw,23424,23520,raw:23424:1,high,high
2,0.8068376095802194,0.019630347056425974,0.04464411636348489,0.0,0.34863918376295117,3.2231619947096375,0.3705269985007279,0.2903706910000434,0.23972206075455968,ETTm1,raw,23424,23520,raw:23424:2,low,low
3,0.833741053821944,0.24336304287676247,0.4754261535555449,0.25,0.7703149978419389,3.2231619947096375,0.3705269985007279,0.5175100834180838,0.4636139987808889,ETTm1,raw,23424,23520,raw:23424:3,high,mid
4,0.3108950043475154,0.38692056182185675,0.6701465345590066,0.5,0.911824457320897,3.2231619947096375,0.3705269985007279,0.4559873669094596,0.5941171519405416,ETTm1,raw,23424,23520,raw:23424:4,high,high
5,0.42066147180968694,0.1748588327594997,0.4224084623989901,0.375,0.9086346959421789,3.2231619947096375,0.3705269985007279,0.33930958898939223,0.551387231480969,ETTm1,raw,23424,23520,raw:23424:5,mid,high
6,0.7582551850810377,0.11172809621466034,0.15092790317934457,0.0,0.7138823368043744,3.2231619947096375,0.3705269985007279,0.3403037281583476,0.3614697784350341,ETTm1,raw,23424,23520,raw:23424:6,mid,mid
0,0.7200423233350016,0.04499509241857574,0.015546090729320138,0.0,0.48061673905078545,2.923575666379359,0.3205959438622332,0.2601945021609658,0.26707089430433956,ETTm1,raw,23520,23616,raw:23520:0,low,low
1,0.8796668373266278,0.37119067735985434,0.5975976044897341,0.375,0.9632866713955061,2.923575666379359,0.3205959438622332,0.6161517063920722,0.5529608717525797,ETTm1,raw,23520,23616,raw:23520:1,high,high
2,0.7521197164102694,0.04151120625026451,0.017794694616411366,0.0,0.45338585889534677,2.923575666379359,0.3205959438622332,0.27047520575898176,0.25799393425252665,ETTm1,raw,23520,23616,raw:23520:2,low,low
3,0.9156393031363335,0.23607719151764503,0.5521286461706546,0.5,0.9038383994777913,2.923575666379359,0.3205959438622332,0.5679483802748777,0.5748114477800081,ETTm1,raw,23520,23616,raw:23520:3,high,high
4,0.8503082926099184,0.3046811148553455,0.035203508017775546,0.375,0.8583930234854525,2.923575666379359,0.3205959438622332,0.39673097182767975,0.5179963224492287,ETTm1,raw,23520,23616,raw:23520:4,high,high
5,0.7871449378875025,0.34217587747325384,0.35611414119052276,1.0,0.9388740007010157,2.923575666379359,0.3205959438622332,0.4951449855170931,0.7531566481877497,ETTm1,raw,23520,23616,raw:23520:5,high,high
6,0.9352932124930768,0.0633395059357851,0.19421210087753663,0.375,0.8489571248196839,2.923575666379359,0.3205959438622332,0.3976149397687995,0.5148510228939723,ETTm1,raw,23520,23616,raw:23520:6,high,high
0,0.7322292680361596,0.08533231405448835,0.06875727426584612,0.0,0.6331982677228671,3.129370089659188,0.3548950143517063,0.295439618785498,0.3293644273581911,ETTm1,raw,23712,23808,raw:23712:0,low,low
1,0.745818453246473,0.1125245892403169,0.0324451229275303,0.75,0.9720641585116222,3.129370089659188,0.3548950143517063,0.29692938847144007,0.6923197242877762,ETTm1,raw,23712,23808,raw:23712:1,low,high
2,0.6905646930105778,0.07285158878372333,0.15859933622362,0.0,0.6076916703252523,3.129370089659188,0.3548950143517063,0.30733853933930705,0.32086222822565286,ETTm1,raw,23712,23808,raw:23712:2,low,low
3,0.7873250583916108,0.24166393019572685,0.22999679895239586,1.0,0.9836190642952083,3.129370089659188,0.3548950143517063,0.41966192917991124,0.779504692882305,ETTm1,raw,23712,23808,raw:23712:3,high,high
4,0.8824010212693474,0.19539390722838867,0.021192388083710077,0.625,0.9534781280967465,3.129370089659188,0.3548950143517063,0.3663291055271487,0.6444577141494843,ETTm1,raw,23712,23808,raw:23712:4,mid,high
5,0.6955260923754085,0.15784375621861124,0.30908957444392243,1.0,0.9809666312695153,3.129370089659188,0.3548950143517063,0.3874864743459807,0.7786205485404073,ETTm1,raw,23712,23808,raw:23712:5,mid,high
6,0.8629553296643352,0.29158435799839966,0.08583176106519948,0.25,0.6929057351036612,3.129370089659188,0.3548950143517063,0.4134571495759782,0.4326002498184558,ETTm1,raw,23712,23808,raw:23712:6,high,mid
0,0.8234783089048104,0.013311743812228622,0.0031593126979243503,0.0,0.4115379479208998,2.8596271715597075,0.3099378614100548,0.2799831218049878,0.24049193644365152,ETTm1,raw,23808,23904,raw:23808:0,low,low
1,0.7941907613343846,0.608849901600687,0.7394834700152466,0.375,0.818630272418318,2.8596271715597075,0.3099378614100548,0.7141747109834394,0.5011893779427908,ETTm1,raw,23808,23904,raw:23808:1,high,mid
2,0.6421356509209716,0.012479301277092014,0.03340025701853271,0.0,0.3809266752339944,2.8596271715597075,0.3099378614100548,0.22933840307219874,0.23028817888134975,ETTm1,raw,23808,23904,raw:23808:2,low,low
3,0.7980363533643374,0.49415876943928766,0.7399431835741349,0.125,0.7808043230984838,2.8596271715597075,0.3099378614100548,0.6773794354592533,0.4052473948361795,ETTm1,raw,23808,23904,raw:23808:3,high,mid
4,0.8914933430051155,0.1694087505537475,0.0528800133734394,0.125,0.7841578575994794,2.8596271715597075,0.3099378614100548,0.37126070231076747,0.4063652396698447,ETTm1,raw,23808,23904,raw:23808:4,mid,mid
5,0.7658097231039729,0.10363380775346678,0.019259911018404175,0.5,0.8294822747831077,2.8596271715597075,0.3099378614100548,0.2962344806252813,0.5464733787310542,ETTm1,raw,23808,23904,raw:23808:5,low,high
6,0.8991463735860803,0.7185996357474179,0.2297610690803886,0.25,0.9100533976996337,2.8596271715597075,0.3099378614100548,0.615835692804629,0.48999708636989614,ETTm1,raw,23808,23904,raw:23808:6,high,mid
0,0.8652122963361776,0.06664271638353943,0.014436753971403022,0.0,0.5441581756603575,3.020258548404045,0.3367097575061579,0.31543058889704,0.2936226443888385,ETTm1,raw,23904,24000,raw:23904:0,low,low
1,0.8189834785608825,0.5125690191715775,0.4954167011638365,0.25,0.7078042736978043,3.020258548404045,0.3367097575061579,0.6089897329654321,0.4315046770679874,ETTm1,raw,23904,24000,raw:23904:1,high,mid
2,0.883627856353288,0.06501822182724122,0.013637196432119138,0.0,0.5372700692083099,3.020258548404045,0.3367097575061579,0.32076109153754945,0.2913266089048226,ETTm1,raw,23904,24000,raw:23904:2,mid,low
3,0.7128286906194883,0.40697107549792716,0.4496536918984232,0.25,0.6938038273329741,3.020258548404045,0.3367097575061579,0.5231511526719462,0.426837861613044,ETTm1,raw,23904,24000,raw:23904:3,high,mid
4,0.6434403022856088,0.1083002453907015,0.818429641461743,0.25,0.7527688429468218,3.020258548404045,0.3367097575061579,0.5233900630460178,0.44649286681765993,ETTm1,raw,23904,24000,raw:23904:4,high,mid
5,0.43913306311970934,0.042571793770046176,0.1415186651917443,0.125,0.5637534906868825,3.020258548404045,0.3367097575061579,0.2077411740271666,0.34182108273101347,ETTm1,raw,23904,24000,raw:23904:5,low,low
6,0.8493120844771958,0.10269158290848363,0.2768127135667087,0.0,0.6585460805659756,3.020258548404045,0.3367097575061579,0.40960546031746264,0.3317519460240445,ETTm1,raw,23904,24000,raw:23904:6,high,low
0,0.7739569899202144,0.022889068559956642,0.09184755367390711,0.0,0.3965829775261341,3.094468559816301,0.34907809272092,0.2962312040513594,0.24855369008235137,ETTm1,raw,24096,24192,raw:24096:0,low,low
1,0.7921120172801848,0.30690963346766853,0.6462198875829331,0.375,0.9262966124042338,3.094468559816301,0.34907809272092,0.5817471794435956,0.5501249017083846,ETTm1,raw,24096,24192,raw:24096:1,high,high
2,0.6930518369986768,0.025274303408839068,0.09570796380103441,0.0,0.3768312461818215,3.094468559816301,0.34907809272092,0.2713447014028501,0.24196977963424718,ETTm1,raw,24096,24192,raw:24096:2,low,low
3,0.8409433423696815,0.27008152455492984,0.5403954704852918,0.5,0.9066987146292943,3.094468559816301,0.34907809272092,0.550473445803301,0.5852589357834048,ETTm1,raw,24096,24192,raw:24096:3,high,high
4,0.505226247170645,0.2196495963425567,0.5004258973001898,0.25,0.8381635150016248,3.094468559816301,0.34907809272092,0.40843391360446385,0.4790805359075149,ETTm1,raw,24096,24192,raw:24096:4,high,mid
5,0.4657370260708371,0.2795969056287967,0.4341476800496878,0.875,0.9712909565890026,3.094468559816301,0.34907809272092,0.3931605372497739,0.7317896831033074,ETTm1,raw,24096,24192,raw:24096:5,high,high
6,0.9237945243588424,0.07210166720499746,0.01319925964051913,0.25,0.6756894864983806,3.094468559816301,0.34907809272092,0.33636515040145293,0.4249225264064335,ETTm1,raw,24096,24192,raw:24096:6,mid,mid
0,0.6590062392411851,0.03377735498311245,0.009217618070333633,0.125,0.7178625426522449,2.731317793629233,0.2885529651239506,0.23400040409821035,0.3771385025920652,ETTm1,raw,24192,24288,raw:24192:0,low,mid
1,0.854022630110296,0.19084706453008143,0.018726233360778433,0.25,0.822417480414416,2.731317793629233,0.2885529651239506,0.35453197600038533,0.45365681517945555,ETTm1,raw,24192,24288,raw:24192:1,mid,mid
2,0.850449891497851,0.04713479619680373,0.007190820522319804,0.0,0.5576518974920551,2.731317793629233,0.2885529651239506,0.3015918360723248,0.2820682875386686,ETTm1,raw,24192,24288,raw:24192:2,low,low
3,0.84019577283018,0.14629548256261585,0.05217495650798426,0.5,0.8931676742663281,2.731317793629233,0.2885529651239506,0.3462220706335934,0.5605735464634263,ETTm1,raw,24192,24288,raw:24192:3,mid,high
4,0.8390340724811101,0.17570245512709176,0.13995304293994654,0.125,0.7524949527129512,2.731317793629233,0.2885529651239506,0.38489652351604947,0.3886826392789673,ETTm1,raw,24192,24288,raw:24192:4,mid,mid
5,0.7794823675504139,0.049923466490244914,0.5979782746734592,0.125,0.7357375650973572,2.731317793629233,0.2885529651239506,0.47579470290470605,0.38309684340710265,ETTm1,raw,24192,24288,raw:24192:5,high,mid
6,0.8494533266386921,0.05362471945660541,0.0709302976316018,0.0,0.5935991664467695,2.731317793629233,0.2885529651239506,0.32466944790896646,0.2940507105235734,ETTm1,raw,24192,24288,raw:24192:6,mid,low
0,0.7621156871721503,0.0827337404209309,0.015046162746262415,0.25,0.8577234192192699,3.459442266105601,0.40990704366775504,0.2866318634464478,0.5058768209623417,ETTm1,raw,24384,24480,raw:24384:0,low,high
1,0.62106606318097,0.11778666471425878,0.1031208638110027,0.125,0.6446116613912517,3.459442266105601,0.40990704366775504,0.2806578639020772,0.3931729016863356,ETTm1,raw,24384,24480,raw:24384:1,low,mid
2,0.913274735343439,0.08001184441053898,0.022489154571537568,0.125,0.7615458060392309,3.459442266105601,0.40990704366775504,0.33859191144183853,0.43215094990232866,ETTm1,raw,24384,24480,raw:24384:2,mid,mid
3,0.7041274009434328,0.11781802295584667,0.027708535786589772,0.125,0.7399510723080628,3.459442266105601,0.40990704366775504,0.2832179865619564,0.42495270532527263,ETTm1,raw,24384,24480,raw:24384:3,low,mid
4,0.6244822765329892,0.10874720159726607,0.3054036391976592,0.0,0.641131443194224,3.459442266105601,0.40990704366775504,0.3462110391093048,0.35034616228732635,ETTm1,raw,24384,24480,raw:24384:4,mid,low
5,0.8106131674661076,0.13625156839150177,0.46747523366464555,0.0,0.5591313692766352,3.459442266105601,0.40990704366775504,0.4714466565074183,0.3230128043147968,ETTm1,raw,24384,24480,raw:24384:5,high,low
6,0.9179063222458539,0.11316909929795134,0.08846276476037991,0.0,0.6669615435767241,3.459442266105601,0.40990704366775504,0.3731793954347284,0.35895619574815973,ETTm1,raw,24384,24480,raw:24384:6,mid,low
0,0.8926496087396861,0.17398572177990662,0.012992992339959764,0.125,0.7348718319176065,3.4686832177504257,0.41144720227265896,0.35987610761985084,0.4237730113967551,ETTm1,raw,24480,24576,raw:24480:0,mid,mid
1,0.7034306718935033,0.21163533574544346,0.09133818609219999,0.625,0.9704156859527101,3.4686832177504257,0.41144720227265896,0.3354680645770489,0.668954296075123,ETTm1,raw,24480,24576,raw:24480:1,mid,high
2,0.9081029671452971,0.13719395019183372,0.014710308369284919,0.25,0.7230696264850726,3.4686832177504257,0.41144720227265896,0.3533357419021386,0.46150560958591047,ETTm1,raw,24480,24576,raw:24480:2,mid,mid
3,0.8560497624459746,0.11760612876357718,0.34407336949486933,0.375,0.9548807025055973,3.4686832177504257,0.41144720227265896,0.4392430869014737,0.5804426349260855,ETTm1,raw,24480,24576,raw:24480:3,high,high
4,0.8021448048790609,0.30188876974940826,0.099311215614437,0.25,0.8283392643037043,3.4686832177504257,0.41144720227265896,0.40111493008096866,0.4965954888587878,ETTm1,raw,24480,24576,raw:24480:4,high,mid
5,0.8336544740838715,0.38482674612897927,0.8095593657334953,0.875,0.9686178492405163,3.4686832177504257,0.41144720227265896,0.676013528648782,0.7516883505043918,ETTm1,raw,24480,24576,raw:24480:5,high,high
6,0.4500517737517511,0.030179583755763583,0.11445718207738415,0.125,0.46685261545724416,3.4686832177504257,0.41144720227265896,0.1982295131949663,0.33443327257663436,ETTm1,raw,24480,24576,raw:24480:6,low,low
0,0.7129662151899135,0.020824139132619334,0.08719037807246137,0.0,0.3333585768994549,2.897315257782274,0.316219209103347,0.27366024413166473,0.21652592866760065,ETTm1,raw,24576,24672,raw:24576:0,low,low
1,0.8637598298074033,0.22110912909317199,0.5454895968086153,0.25,0.7434095992712155,2.897315257782274,0.316219209103347,0.5434528519030636,0.4365429361248541,ETTm1,raw,24576,24672,raw:24576:1,high,mid
2,0.6845301588464091,0.014860213498224086,0.05149430361647773,0.0,0.30063870018275307,2.897315257782274,0.316219209103347,0.25029489198703697,0.2056193030953667,ETTm1,raw,24576,24672,raw:24576:2,low,low
3,0.7946497691776264,0.19870796545782443,0.5695825014876634,0.125,0.7481637020781088,2.897315257782274,0.316219209103347,0.5209800787077047,0.3964609703938186,ETTm1,raw,24576,24672,raw:24576:3,high,mid
4,0.4642561217618246,0.5696211490456421,0.8206325683678615,0.5,0.906996351979973,2.897315257782274,0.316219209103347,0.618169946391776,0.5744051870277733,ETTm1,raw,24576,24672,raw:24576:4,high,high
5,0.5610361382560187,0.28839754257716316,0.26179768075225796,0.375,0.9303823717412079,2.897315257782274,0.316219209103347,0.3704104538618133,0.5405338602815183,ETTm1,raw,24576,24672,raw:24576:5,mid,high
6,0.7701661214941694,0.36842734427645074,0.1860844161075964,0.375,0.7854847663799716,2.897315257782274,0.316219209103347,0.4415592939594055,0.49223465849443954,ETTm1,raw,24576,24672,raw:24576:6,high,mid
0,0.6067583307668069,0.05126673161523623,0.09294946694584856,0.0,0.6035375319260162,3.4721317716220343,0.41202196125030244,0.2503248431092972,0.33851983105877287,ETTm1,raw,24768,24864,raw:24768:0,low,low
1,0.7998085076768424,0.39167158962156734,0.5791987623949824,0.75,0.9043777855731855,3.4721317716220343,0.41202196125030244,0.590226286564464,0.6887999156078294,ETTm1,raw,24768,24864,raw:24768:1,high,high
2,0.6726380020480445,0.047572458024129564,0.06447588504454682,0.0,0.5643228910259486,3.4721317716220343,0.41202196125030244,0.261562115038907,0.32544828409208365,ETTm1,raw,24768,24864,raw:24768:2,low,low
3,0.7629359810433578,0.6331245287891627,0.5360129416765155,0.375,0.8667806362719658,3.4721317716220343,0.41202196125030244,0.6440244838363453,0.5512675325074227,ETTm1,raw,24768,24864,raw:24768:3,high,high
4,0.5962666402320876,0.5791494461991513,0.3318638159479929,0.375,0.9234134435114595,3.4721317716220343,0.41202196125030244,0.5024266341264106,0.5701451349205874,ETTm1,raw,24768,24864,raw:24768:4,high,high
5,0.7140205545891499,0.32431813805178533,0.5832580467012788,1.0,0.9665958452155345,3.4721317716220343,0.41202196125030244,0.5405322464474046,0.792872602155279,ETTm1,raw,24768,24864,raw:24768:5,high,high
6,0.8150782997603768,0.21568933936768686,0.535811409227762,0.25,0.8492819168404477,3.4721317716220343,0.41202196125030244,0.5221930161186087,0.5037679593635834,ETTm1,raw,24768,24864,raw:24768:6,high,high
0,0.2923540172911111,0.12909526331867488,0.06719806823354856,0.0,0.5281660249126862,3.789192919329956,0.46486548578021686,0.16288244961444484,0.331010503564301,ETTm1,raw,24864,24960,raw:24864:0,low,low
1,0.7073600759352296,0.21712319214601522,0.47252092999692363,0.375,0.8027407843800298,3.789192919329956,0.46486548578021686,0.46566806602605615,0.5475354233867489,ETTm1,raw,24864,24960,raw:24864:1,high,high
2,0.7374496620352758,0.13573484708334368,0.059439420196307824,0.0,0.5125744963355722,3.789192919329956,0.46486548578021686,0.3108746431049758,0.3258133273719297,ETTm1,raw,24864,24960,raw:24864:2,low,low
3,0.7728590707690833,0.2110889119231722,0.5929378832782641,0.5,0.8801943352270114,3.789192919329956,0.46486548578021686,0.5256286219901732,0.6150199403357427,ETTm1,raw,24864,24960,raw:24864:3,high,high
4,0.6716177355824695,0.12901759920712857,0.07986715979831807,0.25,0.8031615006310018,3.789192919329956,0.46486548578021686,0.29350083152930534,0.5060089954704062,ETTm1,raw,24864,24960,raw:24864:4,low,high
5,0.4648527857727984,0.14086063423654527,0.5635180359014427,0.25,0.8155290048411062,3.789192919329956,0.46486548578021686,0.3897438186369288,0.5101314968737743,ETTm1,raw,24864,24960,raw:24864:5,high,high
6,0.6556267569579447,0.0575663998683425,0.3484912576081522,0.0,0.6130174864134196,3.789192919329956,0.46486548578021686,0.35389480481147984,0.3592943240645455,ETTm1,raw,24864,24960,raw:24864:6,mid,low
0,0.8414551950719082,0.04299051332244106,0.09321915573596701,0.125,0.7171501390262237,3.8185735893399784,0.4697622641070593,0.3258882880434388,0.437304134377761,ETTm1,raw,25056,25152,raw:25056:0,mid,mid
1,0.47134045280748815,0.15951470816795216,0.2650846157283799,0.375,0.8643735046195815,3.8185735893399784,0.4697622641070593,0.2986465922346067,0.5697119229088803,ETTm1,raw,25056,25152,raw:25056:1,low,high
2,0.8605728098308172,0.05367802699095687,0.04836542281421291,0.25,0.6815252955273036,3.8185735893399784,0.4697622641070593,0.320872086545329,0.46709585321145425,ETTm1,raw,25056,25152,raw:25056:2,mid,mid
3,0.6363657244359859,0.12728529705949282,0.06316530427759842,0.5,0.9357728868487575,3.8185735893399784,0.4697622641070593,0.27560544192435904,0.635178383651939,ETTm1,raw,25056,25152,raw:25056:3,low,high
4,0.7562462544890443,0.11270311404313763,0.07779247372476601,0.125,0.7952172851407678,3.8185735893399784,0.4697622641070593,0.3155806140856493,0.46332651641594236,ETTm1,raw,25056,25152,raw:25056:4,low,mid
5,0.2862663107169021,0.10610804906633456,0.21920888784252823,0.125,0.705229205247631,3.8185735893399784,0.4697622641070593,0.20386108254192162,0.4333304897848968,ETTm1,raw,25056,25152,raw:25056:5,low,mid
6,0.880440789516409,0.2755020207161123,0.07136010130873754,0.375,0.9020538120658267,3.8185735893399784,0.4697622641070593,0.40910097051375294,0.582272025390962,ETTm1,raw,25056,25152,raw:25056:6,high,high
0,0.3749711581734846,0.08934468763412398,0.09936693800882895,0.0,0.68589553605115,3.5437351251224003,0.42395585348047365,0.18789426127214584,0.36995046317720787,ETTm1,raw,25152,25248,raw:25152:0,low,mid
1,0.7548943624687794,0.3549445564363952,0.0900417710210214,0.75,0.9356259851591162,3.5437351251224003,0.42395585348047365,0.39996022997539865,0.7031939462131965,ETTm1,raw,25152,25248,raw:25152:1,high,high
2,0.4092935402239021,0.0901177098404441,0.07558035366555647,0.0,0.6003946000488168,3.5437351251224003,0.42395585348047365,0.19166386790996756,0.34145015117643013,ETTm1,raw,25152,25248,raw:25152:2,low,low
3,0.7884253249007174,0.206936578178621,0.07282197542589226,0.25,0.8986052433573766,3.5437351251224003,0.42395585348047365,0.35606129283507687,0.5241870322792834,ETTm1,raw,25152,25248,raw:25152:3,mid,high
4,0.7396452548876411,0.537774371630845,0.6553530813128483,0.375,0.9332506735992782,3.5437351251224003,0.42395585348047365,0.6442575692771114,0.5774021756932507,ETTm1,raw,25152,25248,raw:25152:4,high,high
5,0.2459014335279136,0.28846258447149586,0.7026497821805237,0.5,0.9667802445012011,3.5437351251224003,0.42395585348047365,0.41233793339331104,0.6302453659938916,ETTm1,raw,25152,25248,raw:25152:5,high,high
6,0.7820520624819084,0.48839843988201626,0.14334775020662516,0.25,0.9544922327887415,3.5437351251224003,0.42395585348047365,0.47126608419018323,0.5428160287564051,ETTm1,raw,25152,25248,raw:25152:6,high,high
0,0.601373927751162,0.13010694931322558,0.048657753260570445,0.25,0.9091570816196654,3.6454088718807904,0.4409014779119626,0.26004621010831935,0.5333528531772093,ETTm1,raw,25344,25440,raw:25344:0,low,high
1,0.7652876186332754,0.21337348162262346,0.11111836128391682,0.625,0.8649947565470297,3.6454088718807904,0.4409014779119626,0.36325982051327194,0.6436320781529975,ETTm1,raw,25344,25440,raw:25344:1,mid,high
2,0.8357373134490272,0.11730703802263918,0.018732112546300504,0.25,0.8052671051567722,3.6454088718807904,0.4409014779119626,0.32392548800598897,0.4987228610229117,ETTm1,raw,25344,25440,raw:25344:2,mid,mid
3,0.7049678872202167,0.3808661363219464,0.4356769799520603,0.5,0.8566263336075861,3.6454088718807904,0.4409014779119626,0.5071703344980745,0.599175937173183,ETTm1,raw,25344,25440,raw:25344:3,high,high
4,0.5881935515379274,0.5222004928494846,0.4737205050812711,0.5,0.9176542955321368,3.6454088718807904,0.4409014779119626,0.5280381831562276,0.6195185911480331,ETTm1,raw,25344,25440,raw:25344:4,high,high
5,0.45210921444036845,0.42298629489469525,0.38450343094828304,1.0,0.915811220933578,3.6454088718807904,0.4409014779119626,0.41986631342778225,0.7855708996151801,ETTm1,raw,25344,25440,raw:25344:5,high,high
6,0.5104916214249122,0.28210972700227194,0.23188781095653346,0.0,0.5816089711360976,3.6454088718807904,0.4409014779119626,0.3414963864612392,0.34083681634935337,ETTm1,raw,25344,25440,raw:25344:6,mid,low
0,0.7812754230233262,0.03580311684761376,0.07627504745032627,0.0,0.4513334299168479,3.462259946497073,0.4103766570655511,0.29778452910708875,0.2872366956607997,ETTm1,raw,25440,25536,raw:25440:0,low,low
1,0.7069675998138927,0.16454527506769923,0.02064597653779629,0.125,0.8132460558969646,3.462259946497073,0.4103766570655511,0.29738628380646276,0.44954090432083854,ETTm1,raw,25440,25536,raw:25440:1,low,mid
2,0.6108106203805274,0.04766503665167787,0.06654505481715274,0.0,0.4456847544349731,3.462259946497073,0.4103766570655511,0.24167357061645267,0.28535380383350806,ETTm1,raw,25440,25536,raw:25440:2,low,low
3,0.609878580214623,0.19600827395254988,0.07737943977759033,0.25,0.8969801502848227,3.462259946497073,0.4103766570655511,0.29442209798158775,0.5191189357834579,ETTm1,raw,25440,25536,raw:25440:3,low,high
4,0.6411554083126529,0.12417941501511066,0.22007457772214903,0.375,0.9239923986044113,3.462259946497073,0.4103766570655511,0.32846980034997086,0.5697896852233209,ETTm1,raw,25440,25536,raw:25440:4,mid,high
5,0.5390604616259942,0.2834332001292035,0.15675692277532968,1.0,0.9219136433350853,3.462259946497073,0.4103766570655511,0.3264168615101758,0.7774301001335454,ETTm1,raw,25440,25536,raw:25440:5,mid,high
6,0.6512528266295292,0.3561323820755279,0.19899116759383417,0.5,0.927338260706789,3.462259946497073,0.4103766570655511,0.4021254587662971,0.6125716392574467,ETTm1,raw,25440,25536,raw:25440:6,high,high
0,0.9214346062556187,0.1037538832133027,0.006553480247224702,0.25,0.7886847749373848,3.221822103100419,0.37030368323289703,0.343913989905382,0.46966281939009397,ETTm1,raw,25536,25632,raw:25536:0,mid,mid
1,0.801878992988637,0.21519200635240027,0.05101490851669274,0.375,0.9663146063600919,3.221822103100419,0.37030368323289703,0.3560286359525766,0.5705394298643297,ETTm1,raw,25536,25632,raw:25536:1,mid,high
2,0.9261678854613932,0.08361086689665455,0.012947853734910699,0.125,0.6944437642524839,3.221822103100419,0.37030368323289703,0.34090886869765286,0.39658248249512695,ETTm1,raw,25536,25632,raw:25536:2,mid,mid
3,0.6746034675022583,0.156173752119157,0.09706073270636054,0.625,0.9792256355200257,3.221822103100419,0.37030368323289703,0.3092793174425919,0.6581764395843076,ETTm1,raw,25536,25632,raw:25536:3,low,high
4,0.8463969276280846,0.1085885979722736,0.00261092042684643,0.375,0.7973862090967685,3.221822103100419,0.37030368323289703,0.3191988153424015,0.5142299641098885,ETTm1,raw,25536,25632,raw:25536:4,mid,high
5,0.9053990520302388,0.4638809427295447,0.448135856360058,0.625,0.9015552694722234,3.221822103100419,0.37030368323289703,0.6058052837066138,0.6322863175683734,ETTm1,raw,25536,25632,raw:25536:5,high,high
6,0.8449322513251527,0.21369422992699053,0.0961839056179016,0.125,0.7437440869186628,3.221822103100419,0.37030368323289703,0.3849367956233483,0.4130159233838533,ETTm1,raw,25536,25632,raw:25536:6,mid,mid
0,0.7680272648448884,0.015615794332621252,0.02046010194495086,0.0,0.34928214331847723,2.606307767322729,0.26771796077425825,0.26803438704082017,0.20566670136424517,ETTm1,raw,25728,25824,raw:25728:0,low,low
1,0.8193831801200431,0.16651243368270183,0.06605656823322453,0.0,0.6187553119934626,2.606307767322729,0.26771796077425825,0.35065072734532315,0.2954910909225736,ETTm1,raw,25728,25824,raw:25728:1,mid,low
2,0.7162805396823857,0.009155246865304167,0.025953099033572968,0.0,0.311654478165512,2.606307767322729,0.26771796077425825,0.250462961860421,0.19312414631325678,ETTm1,raw,25728,25824,raw:25728:2,low,low
3,0.749434720179803,0.1933676362031691,0.49256957898478226,0.0,0.7070105565174639,2.606307767322729,0.26771796077425825,0.47845731178925144,0.32490950576390737,ETTm1,raw,25728,25824,raw:25728:3,high,low
4,0.7337735176704709,0.27822665912878053,0.14104466753373862,0.25,0.7315676860774721,2.606307767322729,0.26771796077425825,0.38434828144433003,0.4164285489505768,ETTm1,raw,25728,25824,raw:25728:4,mid,mid
5,0.7946803983100883,0.15763854987318143,0.32833059655778485,0.375,0.8892034193668117,2.606307767322729,0.26771796077425825,0.4268831815803515,0.5106404600470232,ETTm1,raw,25728,25824,raw:25728:5,high,high
6,0.8570050962995157,0.10611669736421461,0.45319140253692203,0.625,0.9289875097025718,2.606307767322729,0.26771796077425825,0.47210439873355076,0.60723515682561,ETTm1,raw,25728,25824,raw:25728:6,high,high
0,0.837707554519979,0.007760195863650459,0.00689194245231782,0.0,0.34019727663140703,2.463255804033345,0.24387596693243088,0.2841198976119825,0.19469108118794598,ETTm1,raw,25824,25920,raw:25824:0,low,low
1,0.6666684257474004,0.14739148962373494,0.14811471346092306,0.25,0.7085052588597436,2.463255804033345,0.24387596693243088,0.3207248762773528,0.4007937419307248,ETTm1,raw,25824,25920,raw:25824:1,mid,mid
2,0.8310669758568361,0.00628238941087171,0.016303841655598943,0.0,0.29541598438021893,2.463255804033345,0.24387596693243088,0.28455106897443555,0.1797639837708833,ETTm1,raw,25824,25920,raw:25824:2,low,low
3,0.6853773384185827,0.16107797515186673,0.400683331550983,0.25,0.7211815674940558,2.463255804033345,0.24387596693243088,0.4157128817071441,0.4050191781421622,ETTm1,raw,25824,25920,raw:25824:3,high,mid
4,0.5084306675485364,0.5065736969706989,0.04034108692247046,0.375,0.88178503453157,2.463255804033345,0.24387596693243088,0.3517818171472353,0.5002203338213336,ETTm1,raw,25824,25920,raw:25824:4,mid,mid
5,0.670473841030283,0.4442762125516728,0.36825734905409396,0.25,0.9045029695407625,2.463255804033345,0.24387596693243088,0.4943358008786832,0.4661263121577311,ETTm1,raw,25824,25920,raw:25824:5,high,mid
6,0.8871650001558846,0.13288738916167564,0.1133732011113047,0.125,0.6362422684872046,2.463255804033345,0.24387596693243088,0.37780853014295496,0.3350394118065452,ETTm1,raw,25824,25920,raw:25824:6,mid,low
0,0.5045920149105059,0.07882073777936567,0.03951252934790075,0.125,0.5823800159194594,2.425287753707939,0.23754795855540992,0.20764176067925744,0.3149759914916231,ETTm1,raw,26016,26112,raw:26016:0,low,low
1,0.8273187011531307,0.367783167352039,0.5005811643408767,0.25,0.6995056978146705,2.425287753707939,0.23754795855540992,0.5652276776153489,0.3956845521233601,ETTm1,raw,26016,26112,raw:26016:1,high,mid
2,0.5085575100541808,0.08130299460427709,0.024550024977827503,0.125,0.5564831965562953,2.425287753707939,0.23754795855540992,0.20480350987876184,0.3063437183705684,ETTm1,raw,26016,26112,raw:26016:2,low,low
3,0.816468775723502,0.510908314955747,0.5056179047784438,0.25,0.6845789421038363,2.425287753707939,0.23754795855540992,0.6109983318192308,0.39070896688641543,ETTm1,raw,26016,26112,raw:26016:3,high,mid
4,0.6481020768224172,0.13059537814407246,0.6384613401216667,0.0,0.6543109919265084,2.425287753707939,0.23754795855540992,0.47238626502938547,0.2972863168273061,ETTm1,raw,26016,26112,raw:26016:4,high,low
5,0.5195038888533592,0.04500718479039912,0.3223768697127555,0.0,0.4820278623226809,2.425287753707939,0.23754795855540992,0.2956293144521713,0.2398586069593636,ETTm1,raw,26016,26112,raw:26016:5,low,low
6,0.6997359965643213,0.0251569159250846,0.2589812574355273,0.25,0.6738904080409576,2.425287753707939,0.23754795855540992,0.3279580566416444,0.38714612219878913,ETTm1,raw,26016,26112,raw:26016:6,mid,mid
0,0.8084253080156916,0.18369015872125039,0.027978016132009908,0.125,0.791092890358193,2.79607255521235,0.29934542536981595,0.3400311609563173,0.40514610524266964,ETTm1,raw,26112,26208,raw:26112:0,mid,mid
1,0.8703499938078566,0.12533290925933477,0.012310327849587117,0.375,0.8842575931519042,2.79607255521235,0.29934542536981595,0.33599774363892615,0.5195343395072402,ETTm1,raw,26112,26208,raw:26112:1,mid,high
2,0.9348782587836589,0.11130468011259989,0.025446750969679965,0.0,0.7305887224310674,2.79607255521235,0.29934542536981595,0.3572098966219796,0.3433113826002945,ETTm1,raw,26112,26208,raw:26112:2,mid,low
3,0.8678418036798065,0.10220216552695012,0.025939891681245244,0.5,0.9143792844431595,2.79607255521235,0.29934542536981595,0.33199462029600063,0.5712415699376585,ETTm1,raw,26112,26208,raw:26112:3,mid,high
4,0.6349010925445902,0.41115008343608606,0.6025183427428198,0.5,0.9474680988892377,2.79607255521235,0.29934542536981595,0.5495231729078319,0.5822711747530179,ETTm1,raw,26112,26208,raw:26112:4,high,high
5,0.6815906154862174,0.27812006364372543,0.5192831381217395,1.0,0.9766607262440992,2.79607255521235,0.29934542536981595,0.4929979390838941,0.7586687172046384,ETTm1,raw,26112,26208,raw:26112:5,high,high
6,0.9169205165128207,0.2131160224282487,0.02711139559002299,0.25,0.9539040148800391,2.79607255521235,0.29934542536981595,0.3857159781770308,0.5010831467499517,ETTm1,raw,26112,26208,raw:26112:6,mid,mid
0,0.0,0.0,0.0,0.0,-0.0,1.0,0.0,0.0,0.0,ETTm1,raw,26208,26304,raw:26208:0,low,low
1,0.0,0.0,0.0,0.0,-0.0,1.0,0.0,0.0,0.0,ETTm1,raw,26208,26304,raw:26208:1,low,low
2,0.0,0.0,0.0,0.0,-0.0,1.0,0.0,0.0,0.0,ETTm1,raw,26208,26304,raw:26208:2,low,low
3,0.0,0.0,0.0,0.0,-0.0,1.0,0.0,0.0,0.0,ETTm1,raw,26208,26304,raw:26208:3,low,low
4,0.0,0.0,0.0,0.0,-0.0,1.0,0.0,0.0,0.0,ETTm1,raw,26208,26304,raw:26208:4,low,low
5,0.0,0.0,0.0,0.0,-0.0,1.0,0.0,0.0,0.0,ETTm1,raw,26208,26304,raw:26208:5,low,low
6,0.0,0.0,0.0,0.0,-0.0,1.0,0.0,0.0,0.0,ETTm1,raw,26208,26304,raw:26208:6,low,low
0,0.6878829222919955,0.013650776256159618,0.03155930223193038,0.0,0.33159949483309714,2.193625930037911,0.19893765467475574,0.24436433359336185,0.17684571650261763,ETTm1,raw,26400,26496,raw:26400:0,low,low
1,0.5887976994223503,0.10344558286892472,0.04611612313756682,0.0,0.6419644707554109,2.193625930037911,0.19893765467475574,0.24611980180961393,0.2803007084767222,ETTm1,raw,26400,26496,raw:26400:1,low,low
2,0.7566459191963418,0.008457486795224553,0.025561082772293978,0.0,0.30310200877900917,2.193625930037911,0.19893765467475574,0.26355482958795345,0.16734655448458832,ETTm1,raw,26400,26496,raw:26400:2,low,low
3,0.5810098468804432,0.10141103076525255,0.10928346814905592,0.0,0.7076890169987942,2.193625930037911,0.19893765467475574,0.26390144859825054,0.30220889055785,ETTm1,raw,26400,26496,raw:26400:3,low,low
4,0.5295173343298849,0.10795917694077176,0.22813217714992093,0.125,0.7186544304879832,2.193625930037911,0.19893765467475574,0.28853622947352586,0.3475306950542463,ETTm1,raw,26400,26496,raw:26400:4,low,low
5,0.6193241009200294,0.4483010394045477,0.43497223937724777,0.25,0.8916593566607456,2.193625930037911,0.19893765467475574,0.5008657932339416,0.44686567044516706,ETTm1,raw,26400,26496,raw:26400:5,high,mid
6,0.9216195320473966,0.4416559713553785,0.23792825802557174,0.125,0.6743807375961552,2.193625930037911,0.19893765467475574,0.5337345871427822,0.332772797423637,ETTm1,raw,26400,26496,raw:26400:6,high,low
0,0.5140969299895031,0.038542130030930793,0.03606971590699145,0.0,0.480994403345017,2.385738132850002,0.2309563550900731,0.1962362586424751,0.23731691947836334,ETTm1,raw,26496,26592,raw:26496:0,low,low
1,0.6562854482400186,0.11572644890147424,0.42677472059219684,0.125,0.8165876808790832,2.385738132850002,0.2309563550900731,0.3995955392445632,0.3908480119897188,ETTm1,raw,26496,26592,raw:26496:1,high,mid
2,0.5905665006607148,0.030190276082258577,0.028612858163658644,0.0,0.45641671336979645,2.385738132850002,0.2309563550900731,0.21645654496887734,0.22912435615328985,ETTm1,raw,26496,26592,raw:26496:2,low,low
3,0.6758350095707664,0.1180170403861587,0.3708454072282891,0.125,0.8078036441250583,2.385738132850002,0.2309563550900731,0.38823248572840474,0.38791999973837715,ETTm1,raw,26496,26592,raw:26496:3,mid,mid
4,0.7027506491278495,0.23930826691461735,0.4254977421633624,0.125,0.8141267682778269,2.385738132850002,0.2309563550900731,0.45585221940194304,0.3900277077893,ETTm1,raw,26496,26592,raw:26496:4,high,mid
5,0.733839697628542,0.23476593290694603,0.08550883701434285,0.125,0.8895030396214332,2.385738132850002,0.2309563550900731,0.35137148918327693,0.4151531315705021,ETTm1,raw,26496,26592,raw:26496:5,mid,mid
6,0.7514869278337643,0.0852445365121467,0.1146066235301449,0.125,0.6877895230228254,2.385738132850002,0.2309563550900731,0.3171126959586853,0.3479152927042995,ETTm1,raw,26496,26592,raw:26496:6,mid,low
0,0.6788783383614307,0.231284005806164,0.16148604250257276,0.25,0.7638418915061017,3.791188208482081,0.4651980339716834,0.3572161288900559,0.493013308492595,ETTm1,raw,26688,26784,raw:26688:0,mid,mid
1,0.6897403256583167,0.2502808212212809,0.1639746844302986,0.625,0.9745291561250032,3.791188208482081,0.4651980339716834,0.3679986104366321,0.6882423966988954,ETTm1,raw,26688,26784,raw:26688:1,mid,high
2,0.8538160163173965,0.21828432175633694,0.10146716733770722,0.125,0.7792844772918097,3.791188208482081,0.4651980339716834,0.3911891684704802,0.4564941704211644,ETTm1,raw,26688,26784,raw:26688:2,high,mid
3,0.7488663335056885,0.20196562231817497,0.19541905706960275,1.0,0.9666444480774373,3.791188208482081,0.4651980339716834,0.38208367096448875,0.8106141606830403,ETTm1,raw,26688,26784,raw:26688:3,mid,high
4,0.6354087771988028,0.03798497553280647,0.4586654294631992,0.125,0.7857141101661912,3.791188208482081,0.4651980339716834,0.37735306073160285,0.4586373813792915,ETTm1,raw,26688,26784,raw:26688:4,mid,mid
5,0.5951181382421582,0.2640047597502296,0.5069263996429526,0.875,0.9014278325955296,3.791188208482081,0.4651980339716834,0.4553497658784467,0.747208622189071,ETTm1,raw,26688,26784,raw:26688:5,high,high
6,0.6038523199078472,0.2647602951957375,0.11416157450414582,0.125,0.6111994368709041,3.791188208482081,0.4651980339716834,0.32759139653591013,0.4004658236141958,ETTm1,raw,26688,26784,raw:26688:6,mid,mid
0,0.6960368985611075,0.3285013538486984,0.11567851667511944,0.25,0.9174954764979478,3.5130582853615953,0.41884304686219415,0.3800722563616418,0.528779507786714,ETTm1,raw,26784,26880,raw:26784:0,mid,high
1,0.46283950108219707,0.17756314981274413,0.5452949215659585,0.25,0.8195843461602653,3.5130582853615953,0.41884304686219415,0.39523252415363325,0.4961424643408198,ETTm1,raw,26784,26880,raw:26784:1,high,mid
2,0.859231406974352,0.28794489014387575,0.08644850616518723,0.125,0.7787973063896848,3.5130582853615953,0.41884304686219415,0.41120826776113834,0.4408801177506263,ETTm1,raw,26784,26880,raw:26784:2,high,mid
3,0.6085652644592019,0.09693096834053166,0.4160315221306121,0.75,0.9300216121539319,3.5130582853615953,0.41884304686219415,0.3738425849767819,0.6996215530053753,ETTm1,raw,26784,26880,raw:26784:3,mid,high
4,0.783129854353294,0.42987007940894717,0.32099431580649795,0.375,0.9354215518222951,3.5130582853615953,0.41884304686219415,0.5113314165229131,0.5764215328948298,ETTm1,raw,26784,26880,raw:26784:4,high,high
5,0.3876836343536615,0.049036816634814705,0.15278289337703488,0.125,0.7362780960256615,3.5130582853615953,0.41884304686219415,0.1965011147885037,0.4267070476292852,ETTm1,raw,26784,26880,raw:26784:5,low,mid
6,0.9275652727557058,0.042883694312107194,0.01367581703666117,0.25,0.806483533184468,3.5130582853615953,0.41884304686219415,0.32804159470149136,0.49177552668222074,ETTm1,raw,26784,26880,raw:26784:6,mid,mid
0,0.7524760668742432,0.044951074701704154,0.03371709811420436,0.0,0.4973999058985548,2.8995082151952367,0.3165847020048983,0.2770480798967172,0.2713282026344844,ETTm1,raw,26976,27072,raw:26976:0,low,low
1,0.8112070467007639,0.24911335347975327,0.5652969742836238,0.5,0.8214844729067751,2.8995082151952367,0.3165847020048983,0.5418724581547136,0.5460230583038911,ETTm1,raw,26976,27072,raw:26976:1,high,high
2,0.7704175316852587,0.041337110565114604,0.0747040420946171,0.0,0.48134266099756445,2.8995082151952367,0.3165847020048983,0.2954862281149968,0.2659757876674876,ETTm1,raw,26976,27072,raw:26976:2,low,low
3,0.8317468877362143,0.35182692689995315,0.5482279011864699,0.25,0.8030869037406889,2.8995082151952367,0.3165847020048983,0.5772672386075458,0.4565572019151958,ETTm1,raw,26976,27072,raw:26976:3,high,mid
4,0.6322612035999768,0.11406641855883722,0.7239184125905918,0.0,0.7181697193664817,2.8995082151952367,0.3165847020048983,0.4900820115831353,0.34491814045712665,ETTm1,raw,26976,27072,raw:26976:4,high,low
5,0.16484604198192787,0.1166698340907188,0.3971742392318274,0.125,0.6447992133901513,2.8995082151952367,0.3165847020048983,0.22623003843482467,0.3621279717983499,ETTm1,raw,26976,27072,raw:26976:5,low,mid
6,0.6875969229993181,0.08786900862711827,0.42284185007033825,0.0,0.592058826158557,2.8995082151952367,0.3165847020048983,0.39943592723225824,0.3028811760544851,ETTm1,raw,26976,27072,raw:26976:6,high,low
0,0.8786297163268921,0.11308927672553543,0.009447115154409182,0.125,0.738948606956392,3.0717360013686426,0.3452893329859582,0.3337220360689455,0.40307931331411667,ETTm1,raw,27072,27168,raw:27072:0,mid,mid
1,0.7027516146042285,0.11561687111038321,0.08887910587020052,0.625,0.9565025905777661,3.0717360013686426,0.3452893329859582,0.3024158638616041,0.6422639745212414,ETTm1,raw,27072,27168,raw:27072:1,low,high
2,0.8505337810057039,0.08725970301834965,0.013474624141870293,0.125,0.6301794788560977,3.0717360013686426,0.3452893329859582,0.31708936938864124,0.3668229372806853,ETTm1,raw,27072,27168,raw:27072:2,mid,mid
3,0.8206869989365135,0.2441860628035702,0.04208163860729875,0.625,0.9682678233465145,3.0717360013686426,0.3452893329859582,0.36898490011579416,0.6461857187774909,ETTm1,raw,27072,27168,raw:27072:3,mid,high
4,0.7090394655370496,0.3068017591978309,0.19491276074140548,0.25,0.853137109143266,3.0717360013686426,0.3452893329859582,0.4035846618254286,0.4828088140430748,ETTm1,raw,27072,27168,raw:27072:4,high,mid
5,0.6622263492873507,0.0752021800203907,0.00953748979524699,0.0,0.7417391068106741,3.0717360013686426,0.3452893329859582,0.24898867303432945,0.36234281326554413,ETTm1,raw,27072,27168,raw:27072:5,low,mid
6,0.41699398021777034,0.08418381855330732,0.17527028602273767,0.125,0.5410558087748185,3.0717360013686426,0.3452893329859582,0.2254826949312718,0.33711504725359226,ETTm1,raw,27072,27168,raw:27072:6,low,low
0,0.7799698898365723,0.15005406893196288,0.01059265515934507,0.0,0.6816521329076556,3.179139200865506,0.36318986620560123,0.3135388713092934,0.3482806663710856,ETTm1,raw,27168,27264,raw:27168:0,low,low
1,0.9390987588886492,0.15397255933397644,0.03573254535812243,0.5,0.9466363368183589,3.179139200865506,0.36318986620560123,0.3762679545269161,0.6032754010079867,ETTm1,raw,27168,27264,raw:27168:1,mid,high
2,0.7652980720930768,0.1801277304905249,0.015447452464748606,0.0,0.6520511667478277,3.179139200865506,0.36318986620560123,0.32029108501611675,0.338413677651143,ETTm1,raw,27168,27264,raw:27168:2,mid,low
3,0.8670223177204531,0.1758877949364258,0.1449812217252117,0.5,0.9716919273348236,3.179139200865506,0.36318986620560123,0.39596377812736355,0.6116272645134749,ETTm1,raw,27168,27264,raw:27168:3,high,high
4,0.8426170777525019,0.18722175294060406,0.015634128748625145,0.25,0.7171379878887171,3.179139200865506,0.36318986620560123,0.34849098648057714,0.4434426180314395,ETTm1,raw,27168,27264,raw:27168:4,mid,mid
5,0.807047339561584,0.3126090229647015,0.16751382537749374,1.0,0.9622325344945603,3.179139200865506,0.36318986620560123,0.4290567293012597,0.7751408002333872,ETTm1,raw,27168,27264,raw:27168:5,high,high
6,0.7429625985735533,0.23167160903257114,0.3884185382821335,0.125,0.5745310238829975,3.179139200865506,0.36318986620560123,0.454350915296086,0.35424029669619955,ETTm1,raw,27168,27264,raw:27168:6,high,low
0,0.6943306841482044,0.030447871457998512,0.01184987814374337,0.0,0.4160712799747691,2.544240970681618,0.2573734946846472,0.24554281124998212,0.22448159155313877,ETTm1,raw,27360,27456,raw:27360:0,low,low
1,0.7144418189839776,0.2946190473072475,0.05186598956834845,0.125,0.7530788915098469,2.544240970681618,0.2573734946846472,0.35364228528652447,0.378484128731498,ETTm1,raw,27360,27456,raw:27360:1,mid,mid
2,0.8134322103816791,0.029628867648464823,0.01570946003880565,0.0,0.4060138236630134,2.544240970681618,0.2573734946846472,0.28625684602298324,0.22112910611588688,ETTm1,raw,27360,27456,raw:27360:2,low,low
3,0.7876292595602707,0.2852495558514047,0.42483311586163797,0.125,0.7888082713901525,2.544240970681618,0.2573734946846472,0.4992373104244378,0.3903939220249333,ETTm1,raw,27360,27456,raw:27360:3,high,mid
4,0.34950111700434083,0.10605360147953286,0.7931408571553572,0.375,0.8390983669141999,2.544240970681618,0.2573734946846472,0.41623185854641026,0.49049062053294906,ETTm1,raw,27360,27456,raw:27360:4,high,mid
5,0.4632439114663027,0.061898721631635276,0.8781952836864838,0.25,0.8437376036894039,2.544240970681618,0.2573734946846472,0.46777930559480724,0.4503703661246837,ETTm1,raw,27360,27456,raw:27360:5,high,mid
6,0.9045169882455772,0.3346022728289443,0.3181167409091954,0.125,0.7446182931088072,2.544240970681618,0.2573734946846472,0.5190786673279056,0.3756639292644848,ETTm1,raw,27360,27456,raw:27360:6,high,mid
0,0.6119078621933405,0.014925605672429693,0.028390272283089855,0.0,0.36445946287529063,2.3434614308120993,0.2239102380954995,0.21840791338295337,0.19612323365693005,ETTm1,raw,27456,27552,raw:27456:0,low,low
1,0.669461785866611,0.2025726260107806,0.06274616783270634,0.0,0.6375538126670146,2.3434614308120993,0.2239102380954995,0.31159352657003264,0.2871546835875047,ETTm1,raw,27456,27552,raw:27456:1,low,low
2,0.7110427743657947,0.011753444824510309,0.01583029759518914,0.0,0.3316114742540485,2.3434614308120993,0.2239102380954995,0.24620883892849807,0.18517390411651602,ETTm1,raw,27456,27552,raw:27456:2,low,low
3,0.7996306165739951,0.1893631861061993,0.32936712379265315,0.125,0.7496873037489482,2.3434614308120993,0.2239102380954995,0.43945364215761584,0.36619918061481593,ETTm1,raw,27456,27552,raw:27456:3,high,mid
4,0.7676471494364461,0.11760074901663956,0.21295537977408052,0.0,0.6740542381536503,2.3434614308120993,0.2239102380954995,0.36606775940905534,0.2993214920830499,ETTm1,raw,27456,27552,raw:27456:4,mid,low
5,0.6164268774724371,0.09570898039161818,0.43076512937625383,0.0,0.5837497434593336,2.3434614308120993,0.2239102380954995,0.3809669957467697,0.26921999385161105,ETTm1,raw,27456,27552,raw:27456:5,mid,low
6,0.9477982398628276,0.07508182414506681,0.062325444729420934,0.0,0.6529475298185121,2.3434614308120993,0.2239102380954995,0.3617351695791051,0.29228592263800385,ETTm1,raw,27456,27552,raw:27456:6,mid,low
0,0.7105777602283467,0.016831442820776085,0.0013955128497234867,0.0,0.30979349525221145,2.8638755357575967,0.31064592210852293,0.24293490529961545,0.2068131391202448,ETTm1,raw,27648,27744,raw:27648:0,low,low
1,0.8360437877213547,0.11509242502763538,0.35289320290514115,0.0,0.6720315163888885,2.8638755357575967,0.31064592210852293,0.4346764718847104,0.3275591461658038,ETTm1,raw,27648,27744,raw:27648:1,high,low
2,0.773603815022746,0.012221613887846407,0.008624108958091995,0.0,0.3163041676628697,2.8638755357575967,0.31064592210852293,0.2648165126228948,0.20898336325713088,ETTm1,raw,27648,27744,raw:27648:2,low,low
3,0.7886497309331049,0.20818920598035454,0.1759920361593705,0.0,0.7123492507589458,2.8638755357575967,0.31064592210852293,0.3909436576909433,0.3409983909558229,ETTm1,raw,27648,27744,raw:27648:3,high,low
4,0.7804543570362237,0.15457634112227672,0.12673096738271902,0.125,0.8756739290718901,2.8638755357575967,0.31064592210852293,0.3539205551804065,0.43710661706013765,ETTm1,raw,27648,27744,raw:27648:4,mid,mid
5,0.5527460793840657,0.14367710836814895,0.580745710180442,0.125,0.8559196641825975,2.8638755357575967,0.31064592210852293,0.42572296597755227,0.43052186209704013,ETTm1,raw,27648,27744,raw:27648:5,high,mid
6,0.9139326514164666,0.5352554927624571,0.20191162996890452,0.125,0.6387481362064444,2.8638755357575967,0.31064592210852293,0.5503665913826095,0.3581313527716558,ETTm1,raw,27648,27744,raw:27648:6,high,low
0,0.6224136073870776,0.03311921291442742,0.02423771294230057,0.0,0.43987217246881394,2.488035394343157,0.24800589864384964,0.22659017774793522,0.22929269037088784,ETTm1,raw,27744,27840,raw:27744:0,low,low
1,0.7285574306695423,0.11661764601456256,0.2141100966113459,0.125,0.7699297841039433,2.488035394343157,0.24800589864384964,0.3530950577651502,0.380978560915931,ETTm1,raw,27744,27840,raw:27744:1,mid,mid
2,0.6197962833600457,0.03566261514477366,0.029412426625580582,0.0,0.4117631696669818,2.488035394343157,0.24800589864384964,0.22829044171013332,0.21992302277027717,ETTm1,raw,27744,27840,raw:27744:2,low,low
3,0.7569536961532719,0.1265487227372875,0.24017460703397547,0.0,0.7560178848509851,2.488035394343157,0.24800589864384964,0.3745590086415116,0.33467459449827824,ETTm1,raw,27744,27840,raw:27744:3,mid,low
4,0.6800732750472487,0.1954127357018704,0.25642952850511397,0.125,0.670103685362675,2.488035394343157,0.24800589864384964,0.37730517975141104,0.34770319466884153,ETTm1,raw,27744,27840,raw:27744:4,mid,low
5,0.6798522577531655,0.1690838443752197,0.47092819321115825,0.0,0.6221343313684035,2.488035394343157,0.24800589864384964,0.43995476511318116,0.2900467433374177,ETTm1,raw,27744,27840,raw:27744:5,high,low
6,0.6994529586713267,0.10400516375968559,0.33728995720839156,0.375,0.7806697228500145,2.488035394343157,0.24800589864384964,0.3802493598798013,0.46789187383128805,ETTm1,raw,27744,27840,raw:27744:6,mid,mid
0,0.8038607809221924,0.02687914072044921,0.09496194865093904,0.0,0.44173100902810586,2.8818027418593934,0.31363378978717593,0.3085672900978602,0.2517882662717606,ETTm1,raw,27840,27936,raw:27840:0,low,low
1,0.7683909384671064,0.2686984152052243,0.654259532979847,0.5,0.9007602468441079,2.8818027418593934,0.31363378978717593,0.5637829622173925,0.5714646788770946,ETTm1,raw,27840,27936,raw:27840:1,high,high
2,0.8357583646364197,0.027306209133801305,0.06601964498671069,0.0,0.421889701854457,2.8818027418593934,0.31363378978717593,0.3096947395856439,0.24517449721387763,ETTm1,raw,27840,27936,raw:27840:2,low,low
3,0.7617319239832178,0.24564908968927057,0.6622082549832694,0.625,0.9054816601459487,2.8818027418593934,0.31363378978717593,0.5565297562185859,0.6147051499777082,ETTm1,raw,27840,27936,raw:27840:3,high,high
4,0.6623366133927178,0.041612996484799075,0.06756446658730957,0.25,0.6640985509383669,2.8818027418593934,0.31363378978717593,0.2571713588216088,0.409244113575181,ETTm1,raw,27840,27936,raw:27840:4,low,mid
5,0.39171915217824105,0.2794912828963962,0.4577324202370324,0.375,0.8780129384545066,2.8818027418593934,0.31363378978717593,0.3763142851038899,0.5222155760805608,ETTm1,raw,27840,27936,raw:27840:5,mid,high
6,0.9578193254051457,0.1340708714282956,0.14034054658597991,0.125,0.8829326169205202,2.8818027418593934,0.31363378978717593,0.4107435811398071,0.4405221355692321,ETTm1,raw,27840,27936,raw:27840:6,high,mid
0,0.5035042192776905,0.07809724952545696,0.5077783802116801,0.0,0.46737813792926297,3.3240098957203665,0.3873349819745028,0.3631266163382758,0.28490437330125523,ETTm1,raw,28032,28128,raw:28032:0,mid,low
1,0.7316538235480419,0.366899395672279,0.1294923508684767,0.75,0.9592934223027002,3.3240098957203665,0.3873349819745028,0.40934852336293254,0.6988761347590676,ETTm1,raw,28032,28128,raw:28032:1,high,high
2,0.55621759381642,0.09390687210866036,0.48098259387185455,0.0,0.44498980180630465,3.3240098957203665,0.3873349819745028,0.3770356865989783,0.27744159459360246,ETTm1,raw,28032,28128,raw:28032:2,mid,low
3,0.7230824354333598,0.3614256122857736,0.07826661852509507,0.5,0.9942231748713873,3.3240098957203665,0.3873349819745028,0.3875915554147428,0.6271860522819633,ETTm1,raw,28032,28128,raw:28032:3,mid,high
4,0.7793282647313423,0.06583398433498305,0.3898693783935205,0.125,0.7792157029249792,3.3240098957203665,0.3873349819745028,0.41167720915328193,0.430516894966494,ETTm1,raw,28032,28128,raw:28032:4,high,mid
5,0.7771129003414571,0.4404262351851181,0.7551903585118944,0.125,0.7945135840367333,3.3240098957203665,0.3873349819745028,0.6575764980128233,0.435616188670412,ETTm1,raw,28032,28128,raw:28032:5,high,mid
6,0.8556726477488007,0.2953224574777178,0.06473362390126651,0.125,0.9530372895963944,3.3240098957203665,0.3873349819745028,0.40524290970926174,0.4884574238569657,ETTm1,raw,28032,28128,raw:28032:6,high,mid
0,0.57119205788648,0.15533773697939784,0.29858629739097825,0.0,0.5166238594474759,2.8772268954285667,0.3128711487166425,0.3417053640856187,0.27649833605470614,ETTm1,raw,28128,28224,raw:28128:0,mid,low
1,0.7202829182575827,0.23049103034094662,0.06414213861359688,0.375,0.9517764358645867,2.8772268954285667,0.3128711487166425,0.33830536240404213,0.5465491948604098,ETTm1,raw,28128,28224,raw:28128:1,mid,high
2,0.5741141567564081,0.16923728358458462,0.2891902387305786,0.0,0.5001793497961537,2.8772268954285667,0.3128711487166425,0.3441805596905237,0.27101683283759875,ETTm1,raw,28128,28224,raw:28128:2,mid,low
3,0.8119824565436937,0.2249333116854768,0.0891535068648606,0.375,0.9275466977706006,2.8772268954285667,0.3128711487166425,0.3753564250313437,0.5384726154957477,ETTm1,raw,28128,28224,raw:28128:3,mid,high
4,0.7711928392924365,0.303432941557225,0.6818046249204345,0.125,0.7776694591159079,2.8772268954285667,0.3128711487166425,0.5854768019233654,0.40518020261085014,ETTm1,raw,28128,28224,raw:28128:4,high,mid
5,0.21392936098937598,0.07841257913644019,0.2880667691821827,0.125,0.7036946045333484,2.8772268954285667,0.3128711487166425,0.19346956976933294,0.380521917749997,ETTm1,raw,28128,28224,raw:28128:5,low,mid
6,0.816346734750814,0.22338050238360094,0.28370744144712706,0.375,0.888652478728628,2.8772268954285667,0.3128711487166425,0.44114489286051395,0.5255078758150901,ETTm1,raw,28128,28224,raw:28128:6,high,high
0,0.5045892251221438,0.06671265927239654,0.32631969574564235,0.0,0.35163413039316455,3.0018705568049593,0.3336450922447514,0.2992071933800609,0.228426407545972,ETTm1,raw,28320,28416,raw:28320:0,low,low
1,0.6468020253388382,0.15077694942515713,0.504019202815307,0.375,0.847462158230524,3.0018705568049593,0.3336450922447514,0.4338660591931008,0.5187024168250918,ETTm1,raw,28320,28416,raw:28320:1,high,high
2,0.8070292204069449,0.05799350255718203,0.2958386722030681,0.0,0.3635018264241187,3.0018705568049593,0.3336450922447514,0.386953798389065,0.23238230622295672,ETTm1,raw,28320,28416,raw:28320:2,mid,low
3,0.6818844177162557,0.18682495690450532,0.5193912281135971,1.0,0.9394667979413672,3.0018705568049593,0.3336450922447514,0.4627002009114527,0.7577039633953729,ETTm1,raw,28320,28416,raw:28320:3,high,high
4,0.7342949706848954,0.2125940527442669,0.1512487329571189,0.375,0.911128418096979,3.0018705568049593,0.3336450922447514,0.366045918795427,0.5399245034472434,ETTm1,raw,28320,28416,raw:28320:4,mid,high
5,0.5638959126068623,0.2743558530421769,0.3471667139617704,0.25,0.8803029091832189,3.0018705568049593,0.3336450922447514,0.3951394932036032,0.48798266714265676,ETTm1,raw,28320,28416,raw:28320:5,high,mid
6,0.7344872042810677,0.06809582751782756,0.05651536768624007,0.25,0.6783783358188491,3.0018705568049593,0.3336450922447514,0.28636613316171183,0.42067447602120017,ETTm1,raw,28320,28416,raw:28320:6,low,mid
0,0.8219622521921415,0.010175267075366668,0.00851397668772061,0.0,0.33458273050561643,3.162865387292568,0.3604775639479654,0.28021716531840957,0.23168676481786057,ETTm1,raw,28416,28512,raw:28416:0,low,low
1,0.807132858521128,0.4382290222402536,0.2340502202680756,0.375,0.9103258116397752,3.162865387292568,0.3604775639479654,0.4931373670098191,0.5486011251959135,ETTm1,raw,28416,28512,raw:28416:1,high,high
2,0.8663775727793199,0.008650291743981735,0.00022874672749660925,0.0,0.30960692036242465,3.162865387292568,0.3604775639479654,0.29175220375026606,0.22336149477013,ETTm1,raw,28416,28512,raw:28416:2,low,low
3,0.8102565336700156,0.37225495409288345,0.29547760630025877,1.0,0.9714135361473603,3.162865387292568,0.3604775639479654,0.4926630313543859,0.7772970333651085,ETTm1,raw,28416,28512,raw:28416:3,high,high
4,0.6519895505958515,0.6609462422446748,0.15926278376295444,0.375,0.9500153995820769,3.162865387292568,0.3604775639479654,0.49073285886782686,0.5618309878433474,ETTm1,raw,28416,28512,raw:28416:4,high,high
5,0.8191499462120533,0.27942164844472195,0.5921636082384383,0.5,0.9153149865634425,3.162865387292568,0.3604775639479654,0.5635784009650712,0.5919308501704693,ETTm1,raw,28416,28512,raw:28416:5,high,high
6,0.8635234569108885,0.07951504364181218,0.10314243343651062,0.0,0.5763857515424059,3.162865387292568,0.3604775639479654,0.34872697799640373,0.31228777183012374,ETTm1,raw,28416,28512,raw:28416:6,mid,low
0,0.6259069293961725,0.14227718978939743,0.14239399547668727,0.125,0.5905484251142766,3.590274903953678,0.4317124832727589,0.3035260382207524,0.3824203027956785,ETTm1,raw,28608,28704,raw:28608:0,low,mid
1,0.605467703691529,0.2375406430023505,0.32487147680428485,0.5,0.9650036311711293,3.590274903953678,0.4317124832727589,0.38929327449938816,0.6322387048146294,ETTm1,raw,28608,28704,raw:28608:1,mid,high
2,0.5867850289418548,0.140644480298587,0.08123101064813885,0.125,0.4990122509725425,3.590274903953678,0.4317124832727589,0.2695535066295269,0.35190824474843385,ETTm1,raw,28608,28704,raw:28608:2,low,low
3,0.42170831745338666,0.32835008540388505,0.24925773645680793,0.5,0.956539911852804,3.590274903953678,0.4317124832727589,0.33310537977135984,0.6294174650418544,ETTm1,raw,28608,28704,raw:28608:3,mid,high
4,0.4645358976314742,0.4039658908963205,0.5327112535848507,0.375,0.9359781380323051,3.590274903953678,0.4317124832727589,0.46707101403754847,0.5808968737683546,ETTm1,raw,28608,28704,raw:28608:4,high,high
5,0.4617744473653803,0.12741371232431925,0.27533482350731064,0.375,0.9203494737178728,3.590274903953678,0.4317124832727589,0.2881743277323367,0.5756873189968772,ETTm1,raw,28608,28704,raw:28608:5,low,high
6,0.9220509582654414,0.19645012315559324,0.38249299525439184,0.0,0.5979139813786587,3.590274903953678,0.4317124832727589,0.5003313588918088,0.34320882155047255,ETTm1,raw,28608,28704,raw:28608:6,high,low
0,0.6952584251462904,0.07253711489949155,0.04052896349313806,0.0,0.5804029545635532,3.7122792480081066,0.4520465405812735,0.26944150117964,0.34414983171494223,ETTm1,raw,28704,28800,raw:28704:0,low,low
1,0.7166461841837883,0.30421110533109363,0.3609432075674448,0.875,0.8690032469857717,3.7122792480081066,0.4520465405812735,0.46060016569410894,0.7320165958556818,ETTm1,raw,28704,28800,raw:28704:1,high,high
2,0.6839993833775044,0.07291064375503392,0.05768484793743998,0.0,0.5898404778601931,3.7122792480081066,0.4520465405812735,0.2715316250233261,0.3472956728138222,ETTm1,raw,28704,28800,raw:28704:2,low,low
3,0.8745321429878443,0.25559675417663824,0.2621709290301385,1.0,0.9511530248707171,3.7122792480081066,0.4520465405812735,0.4640999420648737,0.8010665218173303,ETTm1,raw,28704,28800,raw:28704:3,high,high
4,0.7287680552095316,0.17546410642196641,0.18045490901990685,0.25,0.8927314610297302,3.7122792480081066,0.4520465405812735,0.3615623568838016,0.5315926672036679,ETTm1,raw,28704,28800,raw:28704:4,mid,high
5,0.22240683040274145,0.07600979426026094,0.6848724692350281,0.625,0.8975679515792659,3.7122792480081066,0.4520465405812735,0.32776303129934353,0.6582048307201799,ETTm1,raw,28704,28800,raw:28704:5,mid,high
6,0.8206626934580564,0.4313437537681135,0.11527297982008644,0.125,0.6703959676829014,3.7122792480081066,0.4520465405812735,0.45575980901541885,0.41581416942139166,ETTm1,raw,28704,28800,raw:28704:6,high,mid
0,0.42791420592720475,0.03437129870186448,0.28063940245549013,0.0,0.4077953750347504,2.094026660755175,0.18233777648863286,0.24764163569485312,0.1967110505077944,ETTm1,raw,28800,28896,raw:28800:0,low,low
1,0.22442912778205393,0.17547198471235517,0.4300748943325683,0.125,0.8742132718301204,2.094026660755175,0.18233777648863286,0.27665866894232577,0.3938503494395844,ETTm1,raw,28800,28896,raw:28800:1,low,mid
2,0.4665779734279577,0.033399726994122664,0.299420915250575,0.0,0.3891870013442249,2.094026660755175,0.18233777648863286,0.26646620522421843,0.19050825927761927,ETTm1,raw,28800,28896,raw:28800:2,low,low
3,0.4048180116175045,0.14021514340332086,0.3923314286707557,0.5,0.9028678163639176,2.094026660755175,0.18233777648863286,0.31245486123052707,0.5284018642841835,ETTm1,raw,28800,28896,raw:28800:3,low,high
4,0.6466544215531602,0.48202083150341435,0.5930781542526512,0.75,0.9485350855979743,2.094026660755175,0.18233777648863286,0.5739178024364087,0.6269576206955357,ETTm1,raw,28800,28896,raw:28800:4,high,high
5,0.6356714662329188,0.12644653253178204,0.2562429804982626,1.0,0.9392091393412824,2.094026660755175,0.18233777648863286,0.3394536597543212,0.7071823052766385,ETTm1,raw,28800,28896,raw:28800:5,mid,high
6,0.9093928663162945,0.27290570510053763,0.07474126123151455,0.0,0.6648923645832545,2.094026660755175,0.18233777648863286,0.4190132775494489,0.2824100470239625,ETTm1,raw,28800,28896,raw:28800:6,high,low
0,0.4302912988163866,0.004931329009858779,0.03350243071571187,0.0,0.33896161534065417,3.020559136744025,0.33675985556273774,0.1562416861806524,0.2252404903011306,ETTm1,raw,28992,29088,raw:28992:0,low,low
1,0.7032467193083578,0.16673177426427155,0.2456088708613619,0.25,0.9046894545249397,3.020559136744025,0.33675985556273774,0.37186245481133046,0.49714977002922583,ETTm1,raw,28992,29088,raw:28992:1,mid,mid
2,0.6188527682803475,0.004505038664020014,0.02590695852560585,0.0,0.31770389883986394,3.020559136744025,0.33675985556273774,0.21642158848999113,0.21815458480086725,ETTm1,raw,28992,29088,raw:28992:2,low,low
3,0.7133790149670265,0.4066760646234847,0.15179926791613005,0.5,0.9474496862360924,3.020559136744025,0.33675985556273774,0.42395144916888045,0.5947365139329434,ETTm1,raw,28992,29088,raw:28992:3,high,high
4,0.6783280691377325,0.04515593290167476,0.32633134695279775,0.375,0.7891253243875764,3.020559136744025,0.33675985556273774,0.34993844966406834,0.500295059983438,ETTm1,raw,28992,29088,raw:28992:4,mid,mid
5,0.6005511717926444,0.18812808012861892,0.5334345235409276,0.375,0.9096204064429877,3.020559136744025,0.33675985556273774,0.44070459182073024,0.5404600873352418,ETTm1,raw,28992,29088,raw:28992:5,high,high
6,0.9553101120469606,0.3748079372376977,0.1724768958041703,0.125,0.6583583717538228,3.020559136744025,0.33675985556273774,0.5008649816962761,0.37337274243885354,ETTm1,raw,28992,29088,raw:28992:6,high,mid
0,0.5407812461144662,0.00515913536335426,0.011492503280091042,0.0,0.35289158566173146,2.529055619950782,0.2548426029003926,0.18581096158597046,0.20257806285404137,ETTm1,raw,29088,29184,raw:29088:0,low,low
1,0.885348017769151,0.04379288467532426,0.7250614145049394,0.125,0.7707009613667085,2.529055619950782,0.2548426029003926,0.5514007723164716,0.383514521422367,ETTm1,raw,29088,29184,raw:29088:1,high,mid
2,0.6866262459358097,0.004624935134239248,0.021035668204264328,0.0,0.30888845944065935,2.529055619950782,0.2548426029003926,0.23742894975810439,0.18791035411368398,ETTm1,raw,29088,29184,raw:29088:2,low,low
3,0.900787821063509,0.04102007885431894,0.517741004310653,0.25,0.7703719634336785,2.529055619950782,0.2548426029003926,0.4865163014094936,0.42507152211135707,ETTm1,raw,29088,29184,raw:29088:3,high,mid
4,0.5597606843246841,0.12628481226251453,0.2565662038331695,0.5,0.8582798834286735,2.529055619950782,0.2548426029003926,0.3142039001401227,0.537707495443022,ETTm1,raw,29088,29184,raw:29088:4,low,high
5,0.552377028095409,0.21129412194080943,0.4549606179455689,0.25,0.7977656965503298,2.529055619950782,0.2548426029003926,0.40621058932726245,0.4342027664835742,ETTm1,raw,29088,29184,raw:29088:5,high,mid
6,0.7321655716147425,0.3167223606044763,0.19020846585851173,0.125,0.6589323577881013,2.529055619950782,0.2548426029003926,0.4130321326925768,0.346258320229498,ETTm1,raw,29088,29184,raw:29088:6,high,low
0,0.27281854975719466,0.12426725760822825,0.37368388427080323,0.25,0.7967281419117049,3.396037118959139,0.39933951916095733,0.2569232305454087,0.48202255369088737,ETTm1,raw,29280,29376,raw:29280:0,low,mid
1,0.6110432255532408,0.3013960425304641,0.07854391909035556,0.875,0.981653362415592,3.396037118959139,0.39933951916095733,0.3303277290580201,0.751997627192183,ETTm1,raw,29280,29376,raw:29280:1,mid,high
2,0.05324582515220999,0.12846074904674676,0.09808273890227288,0.125,0.7703933182542971,3.396037118959139,0.39933951916095733,0.09326310436707654,0.43157761247175147,ETTm1,raw,29280,29376,raw:29280:2,low,mid
3,0.6451260697964613,0.211793502925854,0.13270054933523795,0.875,0.8765303835766678,3.396037118959139,0.39933951916095733,0.3298733740191844,0.7169566342458751,ETTm1,raw,29280,29376,raw:29280:3,mid,high
4,0.62398726971862,0.05396311306812579,0.13641150565349439,0.25,0.7089250986442729,3.396037118959139,0.39933951916095733,0.27145396281341333,0.4527548726017434,ETTm1,raw,29280,29376,raw:29280:4,low,mid
5,0.69155860744408,0.029112361503883247,0.3281159740361521,0.25,0.8453217818393178,3.396037118959139,0.39933951916095733,0.3495956476613718,0.4982204336667584,ETTm1,raw,29280,29376,raw:29280:5,mid,mid
6,0.3691023191942949,0.12486680556652656,0.45471275238372943,0.0,0.539765662532872,3.396037118959139,0.39933951916095733,0.316227292381517,0.3130350605646098,ETTm1,raw,29280,29376,raw:29280:6,mid,low
0,0.5449192983466187,0.03925013926132345,0.2577189296207831,0.0,0.5547621383483226,2.1513973326842244,0.19189955512753815,0.2806294557429084,0.24888723115862024,ETTm1,raw,29376,29472,raw:29376:0,low,low
1,0.7404955452864739,0.1902530531047517,0.6132502423528099,1.0,0.9631894534295873,2.1513973326842244,0.19189955512753815,0.5146662802480119,0.7183630028523752,ETTm1,raw,29376,29472,raw:29376:1,high,high
2,0.40998974714672953,0.03570705585264723,0.22672688986653966,0.0,0.544902390294809,2.1513973326842244,0.19189955512753815,0.22414123095530547,0.2456006484741157,ETTm1,raw,29376,29472,raw:29376:2,low,low
3,0.7490600854624697,0.25560871106975347,0.3661032707003638,1.0,0.9815407582348088,2.1513973326842244,0.19189955512753815,0.45692402241086233,0.7244801044541157,ETTm1,raw,29376,29472,raw:29376:3,high,high
4,0.1788722913266969,0.12059130943118673,0.5176317667168226,0.25,0.7292948045130049,2.1513973326842244,0.19189955512753815,0.2723651224915688,0.39039811988018097,ETTm1,raw,29376,29472,raw:29376:4,low,mid
5,0.4918030881520006,0.24742011590039864,0.385061665730318,1.0,0.8709469827559025,2.1513973326842244,0.19189955512753815,0.37476162326090573,0.6876155126278135,ETTm1,raw,29376,29472,raw:29376:5,mid,high
6,0.8187096523672822,0.10534037825661285,0.06902023869393513,0.0,0.6580353628726794,2.1513973326842244,0.19189955512753815,0.3310234231059434,0.28331163933340586,ETTm1,raw,29376,29472,raw:29376:6,mid,low
0,0.46704108293026225,0.11998692553792675,0.21250575903340194,0.125,0.7533693664659329,3.0248535261117717,0.337475587122836,0.26651125583386365,0.4052816511962563,ETTm1,raw,29472,29568,raw:29472:0,low,mid
1,0.635723670316686,0.13808042355906014,0.5565655976836341,0.375,0.8826458438869003,3.0248535261117717,0.337475587122836,0.4434565638531267,0.531707143669912,ETTm1,raw,29472,29568,raw:29472:1,high,high
2,0.40626642875072694,0.12681646907828786,0.18756945373123457,0.0,0.7059333644999437,3.0248535261117717,0.337475587122836,0.24021745052008311,0.34780298387425984,ETTm1,raw,29472,29568,raw:29472:2,low,low
3,0.7514383310465949,0.11337566811853796,0.6223508272826843,0.5,0.8369395436817344,3.0248535261117717,0.337475587122836,0.4957216088159391,0.5581383769348568,ETTm1,raw,29472,29568,raw:29472:3,high,high
4,0.46583206298887225,0.08795845656985818,0.4415418854554352,0.25,0.8480590090484801,3.0248535261117717,0.337475587122836,0.3317774683380552,0.47851153205710534,ETTm1,raw,29472,29568,raw:29472:4,mid,mid
5,0.3296705715522311,0.16030019470766713,0.28559947242512257,0.125,0.8709351803559703,3.0248535261117717,0.337475587122836,0.2585234128950069,0.44447025582626876,ETTm1,raw,29472,29568,raw:29472:5,low,mid
6,0.8651748905509864,0.09121686826894557,0.056288769092986725,0.125,0.9287685444863081,3.0248535261117717,0.337475587122836,0.33756017597097293,0.46374804386971463,ETTm1,raw,29472,29568,raw:29472:6,mid,mid
0,0.33046626494390163,0.060038263227430555,0.29965753496550485,0.0,0.4554487287742416,2.550552334183491,0.2584253885998728,0.23005402104561234,0.23795803912470478,ETTm1,raw,29664,29760,raw:29664:0,low,low
1,0.4132746013049958,0.07407775532439023,0.6922736534631677,0.125,0.7895512091354111,2.550552334183491,0.2584253885998728,0.39320867003085125,0.39099219924509465,ETTm1,raw,29664,29760,raw:29664:1,high,mid
2,0.23074559480376,0.059699355040706385,0.42445336796428373,0.0,0.43967528681945994,2.550552334183491,0.2584253885998728,0.23829943926958339,0.2327002251397776,ETTm1,raw,29664,29760,raw:29664:2,low,low
3,0.5397476352632962,0.057115035497368946,0.42235369086488106,0.0,0.785025538052099,2.550552334183491,0.2584253885998728,0.33973878720851536,0.34781697555065727,ETTm1,raw,29664,29760,raw:29664:3,mid,low
4,0.6746656790178936,0.12278178310276817,0.22451374981280292,0.375,0.8716390721591566,2.550552334183491,0.2584253885998728,0.3406537373111549,0.5016881535863431,ETTm1,raw,29664,29760,raw:29664:4,mid,high
5,0.41581997565325324,0.08464740763290063,0.7030884496985285,0.25,0.7989572969469978,2.550552334183491,0.2584253885998728,0.40118527766156076,0.43579422851562355,ETTm1,raw,29664,29760,raw:29664:5,high,mid
6,0.8341055303912738,0.16923532541902397,0.13487203173838158,0.0,0.7059326145062155,2.550552334183491,0.2584253885998728,0.3794042958495598,0.32145266770202946,ETTm1,raw,29664,29760,raw:29664:6,mid,low
0,0.7451568315746113,0.05274591797092022,0.2642122645105096,0.0,0.5411063129245312,2.873705563462388,0.31228426005659093,0.3540383380186804,0.2844635243270407,ETTm1,raw,29760,29856,raw:29760:0,mid,low
1,0.8021708704912875,0.16932069798138422,0.041587556769545495,0.25,0.8436849302964096,2.873705563462388,0.31228426005659093,0.3376930417474057,0.4686563967843335,ETTm1,raw,29760,29856,raw:29760:1,mid,mid
2,0.8009863269008449,0.04661663191755022,0.2581707160214825,0.0,0.5089646749793226,2.873705563462388,0.31228426005659093,0.3685912249466259,0.2737496450119712,ETTm1,raw,29760,29856,raw:29760:2,mid,low
3,0.8142794980426244,0.22214045750713524,0.05157800538693096,0.25,0.8315415500037061,2.873705563462388,0.31228426005659093,0.3626659869788969,0.4646086033534324,ETTm1,raw,29760,29856,raw:29760:3,mid,mid
4,0.5586521288894062,0.5412461483457711,0.3594994738576784,0.5,0.9506665047761338,2.873705563462388,0.31228426005659093,0.48646591703095193,0.5876502549442416,ETTm1,raw,29760,29856,raw:29760:4,high,high
5,0.16542769948787917,0.10684709656453636,0.23979073921374724,0.25,0.8166783153688656,2.873705563462388,0.31228426005659093,0.1706885117553876,0.45965419180848555,ETTm1,raw,29760,29856,raw:29760:5,low,mid
6,0.7370149419420187,0.026734149027138734,0.02630798787588049,0.125,0.6894061310509813,2.873705563462388,0.31228426005659093,0.26335235961501263,0.375563463702524,ETTm1,raw,29760,29856,raw:29760:6,low,mid
0,0.38117404615208017,0.017739955979362343,0.10077525574076164,0.0,0.38186567498032226,1.8904963163642061,0.1484160524800076,0.16656308595740138,0.17676057582010996,ETTm1,raw,29952,30048,raw:29952:0,low,low
1,0.841976977682241,0.634682694064137,0.4622533792541322,0.25,0.8139815220174828,1.8904963163642061,0.1484160524800076,0.6463043503335034,0.40413252483249673,ETTm1,raw,29952,30048,raw:29952:1,high,mid
2,0.4455490350334953,0.015056512303185502,0.07381624413896286,0.0,0.36683726479765966,1.8904963163642061,0.1484160524800076,0.17814059715854788,0.1717511057592224,ETTm1,raw,29952,30048,raw:29952:2,low,low
3,0.7756583479364552,0.14568279748098523,0.584936890881096,0.5,0.8442639963823609,1.8904963163642061,0.1484160524800076,0.5020926787661788,0.4975600162874561,ETTm1,raw,29952,30048,raw:29952:3,high,mid
4,0.6759364563911939,0.09648911665473141,0.5462004498789065,0.25,0.7397361689901915,1.8904963163642061,0.1484160524800076,0.4395420076416106,0.3793840738233997,ETTm1,raw,29952,30048,raw:29952:4,high,mid
5,0.411479272601461,0.22434827541281077,0.23124841488351405,0.125,0.635202947424385,1.8904963163642061,0.1484160524800076,0.2890253209659286,0.30287299996813083,ETTm1,raw,29952,30048,raw:29952:5,low,low
6,0.9487950224910479,0.142762064853076,0.03880346335526802,0.125,0.7082595636704758,1.8904963163642061,0.1484160524800076,0.37678685023313063,0.3272252053834945,ETTm1,raw,29952,30048,raw:29952:6,mid,low
0,0.3976037791657048,0.0020000479969199537,0.04420092255104226,0.0,0.33297408218673913,2.0776313505707606,0.17960522479578472,0.14793491657122232,0.17085976899417463,ETTm1,raw,30048,30144,raw:30048:0,low,low
1,0.6555238763697359,0.5253067763500476,0.5294478591506215,0.125,0.8739121755984726,2.0776313505707606,0.17960522479578472,0.5700928372901349,0.39283913346475247,ETTm1,raw,30048,30144,raw:30048:1,high,mid
2,0.47553887609919576,0.001560468190784529,0.034478421998055765,0.0,0.30830271263118636,2.0776313505707606,0.17960522479578472,0.17052592209601203,0.1626359791423237,ETTm1,raw,30048,30144,raw:30048:2,low,low
3,0.6588917572724271,0.5264146966407672,0.538117134509619,1.0,0.933565471474121,2.0776313505707606,0.17960522479578472,0.5744745294742711,0.7043902320899685,ETTm1,raw,30048,30144,raw:30048:3,high,high
4,0.8315042631753814,0.13041107933446477,0.18514471216226575,0.125,0.7295155297799713,2.0776313505707606,0.17960522479578472,0.38235335155737066,0.3447069181919187,ETTm1,raw,30048,30144,raw:30048:4,mid,low
5,0.2549147781786729,0.051236932254087,0.5634702494797713,0.125,0.6327355229842649,2.0776313505707606,0.17960522479578472,0.2898739866375104,0.3124469159266832,ETTm1,raw,30048,30144,raw:30048:5,low,low
6,0.9443677128410016,0.1547637316763532,0.33051350472101587,0.125,0.7477098474968977,2.0776313505707606,0.17960522479578472,0.4765483164127902,0.3507716907642275,ETTm1,raw,30048,30144,raw:30048:6,high,low
0,0.6932146855419863,0.12123330427151947,0.015370202220316227,0.0,0.49471461960468144,1.6584117222673183,0.1097352868616609,0.276606064011274,0.20148330215544744,ETTm1,raw,30240,30336,raw:30240:0,low,low
1,0.7682378387302604,0.0777911509588857,0.3428894997206737,0.125,0.8343297326224799,1.6584117222673183,0.1097352868616609,0.39630616313660655,0.3563550064947136,ETTm1,raw,30240,30336,raw:30240:1,high,low
2,0.5159625539788961,0.16645612896830853,0.01818360735144273,0.0,0.5318632404755075,1.6584117222673183,0.1097352868616609,0.2335340967662158,0.21386617577905612,ETTm1,raw,30240,30336,raw:30240:2,low,low
3,0.6810776935493261,0.18657215941137767,0.5122040443888667,0.625,0.8759195397073103,1.6584117222673183,0.1097352868616609,0.4599512991165235,0.5368849421896571,ETTm1,raw,30240,30336,raw:30240:3,high,high
4,0.7142677503543429,0.08850024633984416,0.0065403475664962485,0.0,0.6130297971889151,1.6584117222673183,0.1097352868616609,0.2697694480868944,0.24092169468352534,ETTm1,raw,30240,30336,raw:30240:4,low,low
5,0.7637522335719854,0.06461758284710667,0.015624701206523777,0.125,0.513490112904262,1.6584117222673183,0.1097352868616609,0.2813315058752053,0.249408466588641,ETTm1,raw,30240,30336,raw:30240:5,low,low
6,0.7283545766940616,0.26780929843777485,0.07304546250861102,0.25,0.7880336311493557,1.6584117222673183,0.1097352868616609,0.35640311254681584,0.38258963933700557,ETTm1,raw,30240,30336,raw:30240:6,mid,mid
0,0.37846521263722077,0.00721041709128441,0.04287688826598235,0.0,0.3125953103865886,1.599669121558904,0.09994485342657593,0.14285083933149584,0.13751338793772153,ETTm1,raw,30336,30432,raw:30336:0,low,low
1,0.6092586183456266,0.17323423203631763,0.5116752418397396,0.0,0.682210067703671,1.599669121558904,0.09994485342657593,0.43138936407389455,0.26071830704341564,ETTm1,raw,30336,30432,raw:30336:1,high,low
2,0.5118410244897773,0.003970940919970546,0.014198884350065466,0.0,0.29213670056149205,1.599669121558904,0.09994485342657593,0.17667028325327108,0.130693851329356,ETTm1,raw,30336,30432,raw:30336:2,low,low
3,0.3984485778155007,0.2868183062376085,0.48313673590529127,0.0,0.7301425350305889,1.599669121558904,0.09994485342657593,0.3894678733194668,0.27669579615238826,ETTm1,raw,30336,30432,raw:30336:3,mid,low
4,0.5393082758691556,0.14444370744960042,0.8234370854868464,0.375,0.8236115350472842,1.599669121558904,0.09994485342657593,0.5023963562685342,0.43285212949128676,ETTm1,raw,30336,30432,raw:30336:4,high,mid
5,0.6362075768039372,0.6019326045508421,0.3897556788557884,0.125,0.9390460605945234,1.599669121558904,0.09994485342657593,0.5426319534035225,0.3879969713403664,ETTm1,raw,30336,30432,raw:30336:5,high,mid
6,0.8847827615914071,0.5467207373365086,0.24610069129187034,0.25,0.6696183508742513,1.599669121558904,0.09994485342657593,0.5592013967399286,0.33985440143360907,ETTm1,raw,30336,30432,raw:30336:6,high,low
0,0.5575018118933435,0.06527958019936521,0.11777469170556308,0.0,0.4638287110434176,2.5016190105816096,0.25026983467981856,0.24685202793275726,0.23803284857441206,ETTm1,raw,30432,30528,raw:30432:0,low,low
1,0.6092420998696995,0.18126339648760445,0.2741644073705895,0.25,0.9045649950599273,2.5016190105816096,0.25026983467981856,0.35488996790929783,0.46827827657991533,ETTm1,raw,30432,30528,raw:30432:1,mid,mid
2,0.3241476284704652,0.06425976352391963,0.11584247396722266,0.0,0.4407065870806697,2.5016190105816096,0.25026983467981856,0.16808328865386915,0.23032547392016275,ETTm1,raw,30432,30528,raw:30432:2,low,low
3,0.41798216879352823,0.16873906451299645,0.5470487176568675,0.375,0.8683526327396152,2.5016190105816096,0.25026983467981856,0.37792331698779735,0.49787415580647787,ETTm1,raw,30432,30528,raw:30432:3,mid,mid
4,0.7119579521569153,0.4985037709042904,0.08310956097358072,0.375,0.9899135652831563,2.5016190105816096,0.25026983467981856,0.43119042801159546,0.5383944666543249,ETTm1,raw,30432,30528,raw:30432:4,high,high
5,0.32966947749258513,0.17579566335638305,0.5002929688076184,0.25,0.9479362412659402,2.5016190105816096,0.25026983467981856,0.3352527032188622,0.4827353586485863,ETTm1,raw,30432,30528,raw:30432:5,mid,mid
6,0.23820621378945372,0.037296132595344256,0.40221570690037595,0.125,0.7676422989169853,2.5016190105816096,0.25026983467981856,0.22590601776172461,0.3809707111989346,ETTm1,raw,30432,30528,raw:30432:6,low,mid
0,0.38590880167699204,0.006374653814308297,0.02552332770785565,0.0,0.3344123769153123,1.4495512087044153,0.07492520132586056,0.139268927733052,0.13644585941372428,ETTm1,raw,30624,30720,raw:30624:0,low,low
1,0.7247128797064,0.0503198937342338,0.5084522660285123,0.0,0.5592785325668994,1.4495512087044153,0.07492520132586056,0.4278283464897154,0.21140124463092,ETTm1,raw,30624,30720,raw:30624:1,high,low
2,0.6398172275003821,0.005886812798489537,0.019770079639332278,0.0,0.3123189011841448,1.4495512087044153,0.07492520132586056,0.221824706646068,0.12908136750333513,ETTm1,raw,30624,30720,raw:30624:2,low,low
3,0.4162543659174912,0.09710498977787946,0.5258775065594306,0.0,0.7231404079968763,1.4495512087044153,0.07492520132586056,0.3464122874182671,0.26602186977424563,ETTm1,raw,30624,30720,raw:30624:3,mid,low
4,0.48895159224497486,0.12319643328709698,0.6425133472833928,0.25,0.8282588376752608,1.4495512087044153,0.07492520132586056,0.4182204576051549,0.3843946796670404,ETTm1,raw,30624,30720,raw:30624:4,high,mid
5,0.4931237164419896,0.0704588319043585,0.14692372495153305,0.0,0.5718907467899594,1.4495512087044153,0.07492520132586056,0.23683542443262706,0.21560531603860666,ETTm1,raw,30624,30720,raw:30624:5,low,low
6,0.8839603978636191,0.06749083484264294,0.10917483353761707,0.0,0.6493673888376903,1.4495512087044153,0.07492520132586056,0.35354202208129304,0.24143086338785028,ETTm1,raw,30624,30720,raw:30624:6,mid,low
0,0.569159044426526,0.0037290274753222054,0.06941739772115335,0.0,0.3729070200678564,2.206286602110071,0.20104776668326557,0.21410182320766716,0.191318262250374,ETTm1,raw,30720,30816,raw:30720:0,low,low
1,0.24401501992129315,0.4346787712371009,0.4583182941713395,0.125,0.7891779044821462,2.206286602110071,0.20104776668326557,0.37900402844324454,0.3717418903884706,ETTm1,raw,30720,30816,raw:30720:1,mid,mid
2,0.6265096862668551,0.004733724201820822,0.03323353435004502,0.0,0.3516308404124214,2.206286602110071,0.20104776668326557,0.22149231493957366,0.184226202365229,ETTm1,raw,30720,30816,raw:30720:2,low,low
3,0.2894902645174142,0.4040609863841136,0.7043695875477098,0.375,0.844391566452866,2.206286602110071,0.20104776668326557,0.46597361281641253,0.4734797777120438,ETTm1,raw,30720,30816,raw:30720:3,high,mid
4,0.7191283587021763,0.055239876942816166,0.09418499618666344,0.375,0.7727707671311775,2.206286602110071,0.20104776668326557,0.2895177439438853,0.4496061779381477,ETTm1,raw,30720,30816,raw:30720:4,low,mid
5,0.6159103146918171,0.09641135180495959,0.8027758840237227,0.0,0.776442763314343,2.206286602110071,0.20104776668326557,0.5050325168401665,0.32583017666586955,ETTm1,raw,30720,30816,raw:30720:5,high,low
6,0.7655452958959745,0.10556112034784179,0.22071910145693932,0.125,0.6725040082354028,2.206286602110071,0.20104776668326557,0.3639418392335852,0.3328505916395561,ETTm1,raw,30720,30816,raw:30720:6,mid,low
0,0.7138020373086118,0.21263296213430938,0.32482951973818586,0.0,0.774991588705715,2.7462702658526994,0.29104504382370816,0.417088173060369,0.3553455441764744,ETTm1,raw,30912,31008,raw:30912:0,high,low
1,0.6665583770104272,0.25986164168572085,0.5269269519870603,0.75,0.9523521177263775,2.7462702658526994,0.29104504382370816,0.4844489902277361,0.6644657205166952,ETTm1,raw,30912,31008,raw:30912:1,high,high
2,0.2487753726088594,0.21125596124910134,0.37674460661987874,0.0,0.8307575786037952,2.7462702658526994,0.29104504382370816,0.2789253134926131,0.37393420747583445,ETTm1,raw,30912,31008,raw:30912:2,low,mid
3,0.467977320479651,0.16261587920935672,0.5187970609301227,0.125,0.9832325160974393,2.7462702658526994,0.29104504382370816,0.38313008687304345,0.46642585330704917,ETTm1,raw,30912,31008,raw:30912:3,mid,mid
4,0.7819992228366546,0.1565993118975929,0.19913765861042898,0.125,0.8722103688370274,2.7462702658526994,0.29104504382370816,0.37924539778155886,0.4294184708869118,ETTm1,raw,30912,31008,raw:30912:4,mid,mid
5,0.5721366260022381,0.3285336912538849,0.45237519860411307,1.0,0.910570221619559,2.7462702658526994,0.29104504382370816,0.45101517195341206,0.7338717551477557,ETTm1,raw,30912,31008,raw:30912:5,high,high
6,0.6612454824740186,0.10757094978497386,0.26450643029625837,0.125,0.6943057655528354,2.7462702658526994,0.29104504382370816,0.34444095418508364,0.37011693645884786,ETTm1,raw,30912,31008,raw:30912:6,mid,mid
0,0.1781407905179596,0.03272574350189519,0.39535584372496957,0.125,0.647522599749391,2.4731296125492737,0.24552160168234294,0.20207412591494145,0.3393480671439113,ETTm1,raw,31008,31104,raw:31008:0,low,low
1,0.6276370872783972,0.388831257950647,0.5004609790028718,0.875,0.9250118206596503,2.4731296125492737,0.24552160168234294,0.5056431080773053,0.6818444741139977,ETTm1,raw,31008,31104,raw:31008:1,high,high
2,0.1554648701018806,0.03730456370845467,0.4132046604704467,0.125,0.670791040739344,2.4731296125492737,0.24552160168234294,0.20199136476026067,0.3471042141405623,ETTm1,raw,31008,31104,raw:31008:2,low,low
3,0.5075217460633699,0.18864778575114255,0.46949387094937967,0.625,0.9466573468934986,2.4731296125492737,0.24552160168234294,0.388554467587964,0.6057263161919472,ETTm1,raw,31008,31104,raw:31008:3,mid,high
4,0.7700060401650967,0.31494067041019436,0.17091887429590974,0.375,0.8423322103174429,2.4731296125492737,0.24552160168234294,0.4186218616237336,0.4876179373332619,ETTm1,raw,31008,31104,raw:31008:4,high,mid
5,0.4042755993259076,0.16743713611882396,0.5679375121137299,0.5,0.8774366956725609,2.4731296125492737,0.24552160168234294,0.3798834158528204,0.5409860991183012,ETTm1,raw,31008,31104,raw:31008:5,mid,high
6,0.8947471550923142,0.04714286706087424,0.017274622435004282,0.0,0.5986546670138917,2.4731296125492737,0.24552160168234294,0.31972154819606424,0.28139208956541156,ETTm1,raw,31008,31104,raw:31008:6,mid,low
0,0.32354111123207185,0.0340176912043166,0.031114838856007132,0.0,0.43439245908155977,1.7886646954559244,0.13144411569024722,0.12955788043079852,0.18861219159060236,ETTm1,raw,31104,31200,raw:31104:0,low,low
1,0.5241776098568858,0.1742501015763539,0.5417275714476896,0.125,0.7521405671458616,1.7886646954559244,0.13144411569024722,0.41338509429364306,0.33619489427870297,ETTm1,raw,31104,31200,raw:31104:1,high,low
2,0.3125129926460404,0.040232709621277535,0.030900184552804837,0.0,0.4557148846732443,1.7886646954559244,0.13144411569024722,0.12788196227337426,0.19571966678783048,ETTm1,raw,31104,31200,raw:31104:2,low,low
3,0.7800337928040457,0.13036890503145138,0.48794330732265656,0.0,0.8186416504044102,1.7886646954559244,0.13144411569024722,0.46611533505271785,0.3166952553648858,ETTm1,raw,31104,31200,raw:31104:3,high,low
4,0.9337945844329211,0.13681139415678084,0.012537947122965656,0.375,0.9185390569783218,1.7886646954559244,0.13144411569024722,0.3610479752375559,0.47499439088952305,ETTm1,raw,31104,31200,raw:31104:4,mid,mid
5,0.7900061644664024,0.3540438250938911,0.1899935057940638,0.625,0.9373387738342842,1.7886646954559244,0.13144411569024722,0.4446811651181191,0.5645942965081772,ETTm1,raw,31104,31200,raw:31104:5,high,high
6,0.6802273561261304,0.023155872123791787,0.0784813027088486,0.0,0.6854641588405558,1.7886646954559244,0.13144411569024722,0.26062151031959024,0.27230275817693433,ETTm1,raw,31104,31200,raw:31104:6,low,low
0,0.763723173490342,0.2846559038950278,0.04930267940184666,0.125,0.8437173843541301,2.328629158018985,0.2214381926341005,0.3658939189290722,0.3967185256627435,ETTm1,raw,31296,31392,raw:31296:0,mid,mid
1,0.9363057641088215,0.47056126915273677,0.03097824017568539,0.5,0.9339583080430665,2.328629158018985,0.2214381926341005,0.4792817578124145,0.5517988335590557,ETTm1,raw,31296,31392,raw:31296:1,high,high
2,0.5037829149363171,0.22827320889646868,0.18305255800583348,0.125,0.8690810873373929,2.328629158018985,0.2214381926341005,0.3050362272795398,0.4051730933238311,ETTm1,raw,31296,31392,raw:31296:2,low,mid
3,0.7737925410058153,0.31484293663754637,0.13105391306138625,1.0,0.9519692167534343,2.328629158018985,0.2214381926341005,0.40656313023491597,0.7244691364625117,ETTm1,raw,31296,31392,raw:31296:3,high,high
4,0.8975649643043415,0.22048870166344725,0.009335995347725607,0.125,0.820992911388567,2.328629158018985,0.2214381926341005,0.3757965537718381,0.38914370134088916,ETTm1,raw,31296,31392,raw:31296:4,mid,mid
5,0.9245670474196376,0.12796907467031177,0.0059225349255250595,0.125,0.6845177291069079,2.328629158018985,0.2214381926341005,0.35281955233849144,0.3436519739136695,ETTm1,raw,31296,31392,raw:31296:5,mid,low
6,0.7343931132071626,0.047662212182136406,0.2831493311629518,0.125,0.6973173941822839,2.328629158018985,0.2214381926341005,0.3550682188507503,0.34791852893879477,ETTm1,raw,31296,31392,raw:31296:6,mid,low
0,0.33805881494345313,0.053513600021430116,0.09380168528150871,0.0,0.5523215595373461,2.0276398374018068,0.17127330594817894,0.16179136674879732,0.241198288495175,ETTm1,raw,31392,31488,raw:31392:0,low,low
1,0.08713918650288865,0.0754436326979777,0.24064661234369047,0.0,0.6178031745595112,2.0276398374018068,0.17127330594817894,0.13440981051485226,0.2630254935025634,ETTm1,raw,31392,31488,raw:31392:1,low,low
2,0.5133667468889641,0.058601138583407146,0.09926642630412387,0.0,0.5544181257609365,2.0276398374018068,0.17127330594817894,0.22374477059216502,0.2418971439030385,ETTm1,raw,31392,31488,raw:31392:2,low,low
3,0.23143399747478066,0.045058248948818644,0.15900840183875534,0.0,0.5699085983825439,2.0276398374018068,0.17127330594817894,0.14516688275411824,0.24706063477690762,ETTm1,raw,31392,31488,raw:31392:3,low,low
4,0.5570102747014487,0.1386846211919716,0.7510511609964117,0.375,0.916864884325715,2.0276398374018068,0.17127330594817894,0.482248685629944,0.487712730091298,ETTm1,raw,31392,31488,raw:31392:4,high,mid
5,0.4585868160629558,0.2233747468133518,0.3384117069269834,0.625,0.9280158217538086,2.0276398374018068,0.17127330594817894,0.34012442326776365,0.5747630425673292,ETTm1,raw,31392,31488,raw:31392:5,mid,high
6,0.8745146925001099,0.1129127714015972,0.05034795772731015,0.0,0.712976180341215,2.0276398374018068,0.17127330594817894,0.3459251405430057,0.2947498287631313,ETTm1,raw,31392,31488,raw:31392:6,mid,low
0,0.3405732181854043,0.004090233784482831,0.029618996877672596,0.0,0.35694100575251614,1.6826594282902416,0.11377657119207932,0.1247608162825199,0.15690585898153184,ETTm1,raw,31584,31680,raw:31584:0,low,low
1,0.36166217309241677,0.09607598063055173,0.09827580701158813,0.0,0.8143864750786611,1.6826594282902416,0.11377657119207932,0.1853379869115189,0.3093876820902468,ETTm1,raw,31584,31680,raw:31584:1,low,low
2,0.2590269063880428,0.0020532122364914055,0.03567818976577362,0.0,0.3265272242681234,1.6826594282902416,0.11377657119207932,0.09891943613010262,0.14676793182006756,ETTm1,raw,31584,31680,raw:31584:2,low,low
3,0.2686092290845702,0.2017116895364886,0.41986693368078215,0.25,0.8607294814701475,1.6826594282902416,0.11377657119207932,0.29672928410061367,0.4081686842207422,ETTm1,raw,31584,31680,raw:31584:3,low,mid
4,0.4349204347561989,0.027615316200881243,0.2556464714166902,0.25,0.7326625824294405,1.6826594282902416,0.11377657119207932,0.23939407412459013,0.36547971787384,ETTm1,raw,31584,31680,raw:31584:4,low,mid
5,0.6269812732914908,0.19608644302936606,0.1488598061732481,0.0,0.7465918152496256,1.6826594282902416,0.11377657119207932,0.3239758408313683,0.28678946214723494,ETTm1,raw,31584,31680,raw:31584:5,mid,low
6,0.9257797911883405,0.21120312993355422,0.09256137460243498,0.125,0.5790164126877434,1.6826594282902416,0.11377657119207932,0.40984809857477655,0.27259766129327423,ETTm1,raw,31584,31680,raw:31584:6,high,low
0,0.11584159714224695,0.0062595690442124865,0.1288422089655103,0.0,0.34601669879917557,2.098471124138169,0.183078520384564,0.08364779171732324,0.17636507306124652,ETTm1,raw,31680,31776,raw:31680:0,low,low
1,0.37653229309742964,0.05864914502660183,0.17782042799442305,0.125,0.750298159638317,2.098471124138169,0.183078520384564,0.20433395537281818,0.3527922266742937,ETTm1,raw,31680,31776,raw:31680:1,low,low
2,0.335176391064238,0.004941643170304518,0.06026668444408467,0.0,0.33091164493012226,2.098471124138169,0.183078520384564,0.13346157289287575,0.1713300551048954,ETTm1,raw,31680,31776,raw:31680:2,low,low
3,0.17055558730416842,0.08997097128184545,0.4015950936350988,0.125,0.8524823731095124,2.098471124138169,0.183078520384564,0.22070721740703755,0.3868536311646921,ETTm1,raw,31680,31776,raw:31680:3,low,mid
4,0.11800114652230465,0.30908458085073753,0.3857374035978268,0.5,0.9551538386772751,2.098471124138169,0.183078520384564,0.2709410436569563,0.5460774530206131,ETTm1,raw,31680,31776,raw:31680:4,low,high
5,0.8002028328464773,0.4768192005218929,0.46025406524946527,0.25,0.9212138518058336,2.098471124138169,0.183078520384564,0.5790920328726118,0.45143079073013254,ETTm1,raw,31680,31776,raw:31680:5,high,mid
6,0.553966504282223,0.04658015386286654,0.15733948328307573,0.125,0.6055269604555734,2.098471124138169,0.183078520384564,0.2526287138093884,0.3045351602800458,ETTm1,raw,31680,31776,raw:31680:6,low,low
0,0.5707900081303094,0.011006068849631814,0.024246290498256752,0.0,0.3404263383744341,2.523364972566756,0.2538941616713024,0.20201412249273268,0.19810683334857884,ETTm1,raw,31872,31968,raw:31872:0,low,low
1,0.7243885252832759,0.22142762302684674,0.30681657274424545,0.375,0.8820253033065599,2.523364972566756,0.2538941616713024,0.417544240351456,0.5036398216592874,ETTm1,raw,31872,31968,raw:31872:1,high,high
2,0.5608646157283241,0.012633664136233989,0.019324609565233568,0.0,0.3244911439801781,2.523364972566756,0.2538941616713024,0.19760762980993055,0.19279510188382684,ETTm1,raw,31872,31968,raw:31872:2,low,low
3,0.6513840709962242,0.19091648901184866,0.653637437579205,0.625,0.9612244630917335,2.523364972566756,0.2538941616713024,0.49864599919575925,0.613372874921012,ETTm1,raw,31872,31968,raw:31872:3,high,high
4,0.6239045202134466,0.5242222085814512,0.30415759209429577,0.625,0.9648424772911683,2.523364972566756,0.2538941616713024,0.4840947736297312,0.6145788796541569,ETTm1,raw,31872,31968,raw:31872:4,high,high
5,0.6358202623209329,0.219159900103301,0.5439552233079896,0.5,0.8796839852718336,2.523364972566756,0.2538941616713024,0.4663117952440745,0.5445260489810453,ETTm1,raw,31872,31968,raw:31872:5,high,high
6,0.835432467155292,0.024835344361787248,0.08645612458895215,0.0,0.5647878517857954,2.523364972566756,0.2538941616713024,0.31557464536867713,0.2728940044856993,ETTm1,raw,31872,31968,raw:31872:6,low,low
0,0.8235269041259679,0.08524378764682453,0.08076951799575623,0.0,0.6446002912901082,3.3336862658362274,0.3889477103244584,0.3298467365895162,0.34451600053818887,ETTm1,raw,31968,32064,raw:31968:0,mid,low
1,0.8464416985193438,0.17495549598024107,0.2839505264866026,0.875,0.8778928884680014,3.3336862658362274,0.3889477103244584,0.4351159069953958,0.7139468662641533,ETTm1,raw,31968,32064,raw:31968:1,high,high
2,0.6869568337011176,0.08984674337165996,0.0780913952189982,0.0,0.7069595433431343,3.3336862658362274,0.3889477103244584,0.2849649907639253,0.36530241788919754,ETTm1,raw,31968,32064,raw:31968:2,low,mid
3,0.7204517509533659,0.41087085124921685,0.4975598928740541,1.0,0.8756385210970297,3.3336862658362274,0.3889477103244584,0.5429608316922123,0.754862077140496,ETTm1,raw,31968,32064,raw:31968:3,high,high
4,0.8392494085683674,0.13451846890949812,0.07390722987957023,0.375,0.8570131084020338,3.3336862658362274,0.3889477103244584,0.34922503578581193,0.5403202729088307,ETTm1,raw,31968,32064,raw:31968:4,mid,high
5,0.6810778657416453,0.591998934458926,0.48642661435732615,0.5,0.9106171917927118,3.3336862658362274,0.3889477103244584,0.5865011381859658,0.59985496737239,ETTm1,raw,31968,32064,raw:31968:5,high,high
6,0.9077189910419065,0.08692903276367142,0.007829132526245848,0.25,0.6230382795057089,3.3336862658362274,0.3889477103244584,0.3341590521106079,0.42066199661005577,ETTm1,raw,31968,32064,raw:31968:6,mid,mid
0,0.0,0.0,0.0,0.0,-0.0,1.0,0.0,0.0,0.0,ETTm1,raw,32064,32160,raw:32064:0,low,low
1,0.0,0.0,0.0,0.0,-0.0,1.0,0.0,0.0,0.0,ETTm1,raw,32064,32160,raw:32064:1,low,low
2,0.0,0.0,0.0,0.0,-0.0,1.0,0.0,0.0,0.0,ETTm1,raw,32064,32160,raw:32064:2,low,low
3,0.0,0.0,0.0,0.0,-0.0,1.0,0.0,0.0,0.0,ETTm1,raw,32064,32160,raw:32064:3,low,low
4,0.0,0.0,0.0,0.0,-0.0,1.0,0.0,0.0,0.0,ETTm1,raw,32064,32160,raw:32064:4,low,low
5,0.0,0.0,0.0,0.0,-0.0,1.0,0.0,0.0,0.0,ETTm1,raw,32064,32160,raw:32064:5,low,low
6,0.0,0.0,0.0,0.0,-0.0,1.0,0.0,0.0,0.0,ETTm1,raw,32064,32160,raw:32064:6,low,low
0,0.5770313181769136,0.014824398863498714,0.06420472722043546,0.0,0.3303713629674764,2.6476636367461164,0.2746106056666684,0.21868681475361593,0.2016606562113816,ETTm1,raw,32256,32352,raw:32256:0,low,low
1,0.30322395659832957,0.21114298207989063,0.4036690664470805,0.25,0.8480668015747624,2.6476636367461164,0.2746106056666684,0.30601200170843357,0.4575591357471436,ETTm1,raw,32256,32352,raw:32256:1,low,mid
2,0.5752938061627344,0.015515801006253157,0.056750889512889854,0.0,0.3186505613793169,2.6476636367461164,0.2746106056666684,0.21585349889395913,0.19775372234866176,ETTm1,raw,32256,32352,raw:32256:2,low,low
3,0.18982428014417152,0.11606017134036425,0.4314824751794926,0.25,0.8077851365721828,2.6476636367461164,0.2746106056666684,0.24578897555467613,0.4441319140796171,ETTm1,raw,32256,32352,raw:32256:3,low,mid
4,0.2801702385807482,0.31457761635684756,0.588744015177945,0.5,0.9656163154283646,2.6476636367461164,0.2746106056666684,0.3944972900385135,0.580075640365011,ETTm1,raw,32256,32352,raw:32256:4,high,high
5,0.4311596742756948,0.37945094999786877,0.7232489567769114,0.75,0.9358550030293604,2.6476636367461164,0.2746106056666684,0.511286527016825,0.6534885362320096,ETTm1,raw,32256,32352,raw:32256:5,high,high
6,0.8770429301343069,0.012591733726874091,0.0962214740530478,0.0,0.6602780671062528,2.6476636367461164,0.2746106056666684,0.32861871263807624,0.3116295575909737,ETTm1,raw,32256,32352,raw:32256:6,mid,low
0,0.4404549108615272,0.026077288421828933,0.24660581952554525,0.0,0.33521285660008965,2.5282976423066743,0.2547162732932519,0.23771267293630047,0.1966430432977805,ETTm1,raw,32352,32448,raw:32352:0,low,low
1,0.6450666105867184,0.3017382041885265,0.29171090606906475,0.375,0.8651749904192105,2.5282976423066743,0.2547162732932519,0.4128385736147699,0.49829708790415417,ETTm1,raw,32352,32448,raw:32352:1,high,mid
2,0.28903111826407935,0.02858533699728689,0.30015056761873643,0.0,0.369999244724666,2.5282976423066743,0.2547162732932519,0.20592234096003423,0.20823850600597263,ETTm1,raw,32352,32448,raw:32352:2,low,low
3,0.5997809538786008,0.3249256343270065,0.31320482180179027,1.0,0.9231862271290959,2.5282976423066743,0.2547162732932519,0.41263713666913254,0.7259675001407825,ETTm1,raw,32352,32448,raw:32352:3,high,high
4,0.8321238379450293,0.0579011720310357,0.09282862020556304,0.125,0.6407679564530306,2.5282976423066743,0.2547162732932519,0.3276178767272094,0.34016140991542754,ETTm1,raw,32352,32448,raw:32352:4,mid,low
5,0.7161772572296341,0.11621770822448323,0.1548543432629837,0.875,0.9585686988918383,2.5282976423066743,0.2547162732932519,0.32908310290570036,0.6960949907283633,ETTm1,raw,32352,32448,raw:32352:5,mid,high
6,0.7356595484304269,0.06231650734470705,0.1806529078713498,0.0,0.749473320913603,2.5282976423066743,0.2547162732932519,0.32620965454882794,0.3347298647356183,ETTm1,raw,32352,32448,raw:32352:6,mid,low
0,0.8270122440037198,0.33870707837719904,0.254567097514275,0.75,0.938722512063938,3.4124893213476373,0.4020815528878036,0.4734288066317312,0.6969346883172473,ETTm1,raw,32544,32640,raw:32544:0,high,high
1,0.7265207491178488,0.17695073252936966,0.12777882410201694,0.25,0.8643482079236988,3.4124893213476373,0.4020815528878036,0.3437501019164118,0.5054765869371675,ETTm1,raw,32544,32640,raw:32544:1,mid,high
2,0.8163984294064066,0.34863717210281064,0.32772990920414796,0.75,0.9712825445176185,3.4124893213476373,0.4020815528878036,0.49758850357112167,0.707788032468474,ETTm1,raw,32544,32640,raw:32544:2,high,high
3,0.8330486316883252,0.15441697593141063,0.2031350829565495,0.5,0.8770210821220733,3.4124893213476373,0.4020815528878036,0.3968668968587618,0.593034211669959,ETTm1,raw,32544,32640,raw:32544:3,high,high
4,0.4736869831336511,0.05480705443279209,0.21557481176341148,0.125,0.5469900534338163,3.4124893213476373,0.4020815528878036,0.2480229497766182,0.3580238687738733,ETTm1,raw,32544,32640,raw:32544:4,low,low
5,0.6127724873757472,0.09955368892317085,0.29013111001308334,0.25,0.9248004154330983,3.4124893213476373,0.4020815528878036,0.33415242877066714,0.525627322773634,ETTm1,raw,32544,32640,raw:32544:5,mid,high
6,0.6525763348793017,0.13431023328104752,0.021910326632110625,0.125,0.6193193782117796,3.4124893213476373,0.4020815528878036,0.26959896493082,0.3821336436998611,ETTm1,raw,32544,32640,raw:32544:6,low,mid
0,0.6563004884546799,0.05389472026553875,0.034205713984229925,0.0,0.6594553382449316,3.8909375908654327,0.4818229310078672,0.24813364090148285,0.380426089750933,ETTm1,raw,32640,32736,raw:32640:0,low,mid
1,0.5077913201315368,0.17614275709342175,0.30553893272991384,0.625,0.9472247621537686,3.8909375908654327,0.4818229310078672,0.32982433665162414,0.684682564387212,ETTm1,raw,32640,32736,raw:32640:1,mid,high
2,0.7043019764134077,0.06998766242861557,0.036799730643764975,0.0,0.5641527202318463,3.8909375908654327,0.4818229310078672,0.2703631231619294,0.34865855041323784,ETTm1,raw,32640,32736,raw:32640:2,low,low
3,0.6566680479204521,0.1442170808181462,0.10187588603147593,0.25,0.9451561001600887,3.8909375908654327,0.4818229310078672,0.3009203382566914,0.5589930103893186,ETTm1,raw,32640,32736,raw:32640:3,low,high
4,0.5619905369284699,0.1497842532559204,0.33668341371848814,0.375,0.8195188705302007,3.8909375908654327,0.4818229310078672,0.34948606796762616,0.5587806005126893,ETTm1,raw,32640,32736,raw:32640:4,mid,high
5,0.7129959156347967,0.21309471898459081,0.6744443554932467,0.25,0.9016801645168274,3.8909375908654327,0.4818229310078672,0.5335116633708781,0.544501031841565,ETTm1,raw,32640,32736,raw:32640:5,high,high
6,0.7054762112444688,0.4502351817437089,0.6606607995194913,0.375,0.8420936629189291,3.8909375908654327,0.4818229310078672,0.6054573975025563,0.5663055313089321,ETTm1,raw,32640,32736,raw:32640:6,high,high
0,0.626749473154121,0.029590507047970276,0.060121210252001234,0.0,0.428003940762415,2.688478384677876,0.2814130636439576,0.23882039681803083,0.23647233480212418,ETTm1,raw,32736,32832,raw:32736:0,low,low
1,0.8341112626647733,0.16071818474124144,0.07420650266015637,0.375,0.9561185031703437,2.688478384677876,0.2814130636439576,0.35634531668872366,0.5375105222714337,ETTm1,raw,32736,32832,raw:32736:1,mid,high
2,0.8139703876046768,0.030715672595716254,0.0445706176183105,0.0,0.4154220613563761,2.688478384677876,0.2814130636439576,0.2964188926062345,0.23227837500011125,ETTm1,raw,32736,32832,raw:32736:2,low,low
3,0.6788411369163561,0.14391317776604673,0.22107314285250962,0.5,0.9505302167367461,2.688478384677876,0.2814130636439576,0.34794248584497084,0.5773144267935678,ETTm1,raw,32736,32832,raw:32736:3,mid,high
4,0.5753088254141667,0.14390825031999505,0.28131680544584614,0.25,0.7589285252438497,2.688478384677876,0.2814130636439576,0.3335112937266693,0.43011386296260246,ETTm1,raw,32736,32832,raw:32736:4,mid,mid
5,0.9840421141481944,0.0645757812501399,0.014763500099562857,0.125,0.8322597703496002,2.688478384677876,0.2814130636439576,0.35446046516596574,0.41289094466451925,ETTm1,raw,32736,32832,raw:32736:5,mid,mid
6,0.8821060035496562,0.16618295914759004,0.1407848900233526,0.125,0.6675369893618102,2.688478384677876,0.2814130636439576,0.39635795090686626,0.3579833510019226,ETTm1,raw,32736,32832,raw:32736:6,high,low
0,0.7448009992828472,0.16216624399918422,0.09426734933769292,0.125,0.7939280339999367,3.0006283160714586,0.33343805212284633,0.3337448642065748,0.41745536204092765,ETTm1,raw,32928,33024,raw:32928:0,mid,mid
1,0.7698607712823013,0.14297361098818678,0.26655451701391836,0.625,0.9597635580557249,3.0006283160714586,0.33343805212284633,0.39312963309480214,0.6394005367261905,ETTm1,raw,32928,33024,raw:32928:1,high,high
2,0.8276976362476486,0.19002924274405225,0.08273853983937603,0.0,0.7578677501826127,3.0006283160714586,0.33343805212284633,0.36682180627702565,0.3637686007684863,ETTm1,raw,32928,33024,raw:32928:2,mid,mid
3,0.8024984585932109,0.2436975581432545,0.11731133006346353,0.75,0.9603194329547545,3.0006283160714586,0.33343805212284633,0.387835782266643,0.6812524950258668,ETTm1,raw,32928,33024,raw:32928:3,mid,high
4,0.743128955124877,0.2730359989864515,0.15837210436661409,0.375,0.7975565025800888,3.0006283160714586,0.33343805212284633,0.3915123528259808,0.5019981849009784,ETTm1,raw,32928,33024,raw:32928:4,high,high
5,0.7588422820490687,0.12733764203025233,0.23019245003841157,0.0,0.7101045157602637,3.0006283160714586,0.33343805212284633,0.37212412470591083,0.34784752262770335,ETTm1,raw,32928,33024,raw:32928:5,mid,low
6,0.7157792989961868,0.21990609219057025,0.3388240833866922,0.375,0.8450756297557056,3.0006283160714586,0.33343805212284633,0.42483649152448305,0.5178378939595173,ETTm1,raw,32928,33024,raw:32928:6,high,high
0,0.5592152581371875,0.12510921449620688,0.4118368580727913,1.0,0.9120541758977232,3.9955486611743973,0.49925810936363607,0.3653871102353952,0.8037707617537864,ETTm1,raw,33024,33120,raw:33024:0,mid,high
1,0.6843914200033416,0.17208292687185375,0.6407283831780209,0.25,0.8531886296625409,3.9955486611743973,0.49925810936363607,0.49906757668440543,0.5341489130087257,ETTm1,raw,33024,33120,raw:33024:1,high,high
2,0.6797986044650093,0.17895469285369464,0.3588550024527348,0.75,0.961059405954935,3.9955486611743973,0.49925810936363607,0.40586943325714625,0.7367725051061904,ETTm1,raw,33024,33120,raw:33024:2,high,high
3,0.7443365200274275,0.2055965350918968,0.6990163063060232,0.25,0.9074294887842377,3.9955486611743973,0.49925810936363607,0.5496497871417825,0.5522291993826246,ETTm1,raw,33024,33120,raw:33024:3,high,high
4,0.6114622192466617,0.10626762602720621,0.4237725048445931,0.125,0.6871154796734246,3.9955486611743973,0.49925810936363607,0.3805007833728203,0.4371245296790202,ETTm1,raw,33024,33120,raw:33024:4,mid,mid
5,0.45694125719638745,0.06080560109244301,0.21061930283884378,0.0,0.5558655724322477,3.9955486611743973,0.49925810936363607,0.24278872037589141,0.3517078939319613,ETTm1,raw,33024,33120,raw:33024:5,low,low
6,0.3549520198126638,0.11948397908296668,0.5257338895735595,0.5,0.7338056197702573,3.9955486611743973,0.49925810936363607,0.33338996282306327,0.5776879097112978,ETTm1,raw,33024,33120,raw:33024:6,mid,high
0,0.5095133626328834,0.08173368781081702,0.2928242836524407,0.25,0.7572654915523833,3.0527508741498277,0.3421251451214294,0.2946904446987137,0.4497968788912709,ETTm1,raw,33216,33312,raw:33216:0,low,mid
1,0.7312350173292861,0.06996802831401991,0.5292770185463272,0.125,0.8438928727340731,3.0527508741498277,0.3421251451214294,0.4434933547298778,0.43700600595183414,ETTm1,raw,33216,33312,raw:33216:1,high,mid
2,0.5839596751987065,0.07228858912980343,0.245335259590987,0.125,0.6968569507220846,3.0527508741498277,0.3421251451214294,0.30052784130649896,0.38799403194783805,ETTm1,raw,33216,33312,raw:33216:2,low,mid
3,0.6264988912156044,0.12059773739033912,0.544467089362419,0.25,0.9030495664817015,3.0527508741498277,0.3421251451214294,0.4305212393227875,0.49839157053437694,ETTm1,raw,33216,33312,raw:33216:3,high,mid
4,0.7151337277062972,0.29830656680418255,0.5393526760349695,0.0,0.7103670887154797,3.0527508741498277,0.3421251451214294,0.517597656848483,0.35083074461230307,ETTm1,raw,33216,33312,raw:33216:4,high,low
5,0.8085007504302285,0.09696641037688919,0.05617352485381166,0.0,0.4778631834098504,3.0527508741498277,0.3421251451214294,0.32054689522030977,0.27332944284375993,ETTm1,raw,33216,33312,raw:33216:5,mid,low
6,0.869786283094383,0.10830893282876436,0.06734687536589605,0.25,0.9236110273255828,3.0527508741498277,0.3421251451214294,0.3484806970963478,0.5052453908156708,ETTm1,raw,33216,33312,raw:33216:6,mid,high
0,0.751667335161457,0.27543524308665934,0.20906704911514032,0.375,0.9556210405276272,4.10839992263524,0.5180666529090955,0.41205654245441886,0.6162292311455743,ETTm1,raw,33312,33408,raw:33312:0,high,high
1,0.7919495218551506,0.1255558841008988,0.3799313007562127,0.75,0.9283973547113623,4.10839992263524,0.5180666529090955,0.4324789022374207,0.7321546692068193,ETTm1,raw,33312,33408,raw:33312:1,high,high
2,0.6793783415630529,0.2240562165621653,0.1974382074429716,0.125,0.8926472181559829,4.10839992263524,0.5180666529090955,0.3669575885227299,0.5119046236883594,ETTm1,raw,33312,33408,raw:33312:2,mid,high
3,0.7689450310974799,0.161853037460282,0.6707871867631372,1.0,0.9094840923090796,4.10839992263524,0.5180666529090955,0.533861751773633,0.8091835817393916,ETTm1,raw,33312,33408,raw:33312:3,high,high
4,0.7095931576422518,0.18061657332293363,0.3018700544434477,0.125,0.7696149207767002,4.10839992263524,0.5180666529090955,0.39735992846954443,0.4708938578952653,ETTm1,raw,33312,33408,raw:33312:4,high,mid
5,0.5893728868723584,0.485199328851953,0.5773036925788925,0.125,0.7627522536913535,4.10839992263524,0.5180666529090955,0.5506253027677346,0.46860630220014965,ETTm1,raw,33312,33408,raw:33312:5,high,mid
6,0.6369946591274124,0.2215003388791404,0.7181732833814979,0.25,0.7901417542588359,4.10839992263524,0.5180666529090955,0.525556093796017,0.5194028023893105,ETTm1,raw,33312,33408,raw:33312:6,high,high
0,0.3800880738640776,0.05806717722391881,0.35941225929790155,0.0,0.4936326558952162,1.8263488954252738,0.13772481567467093,0.2658558367952993,0.2104524905232957,ETTm1,raw,33504,33600,raw:33504:0,low,low
1,0.6153229307718799,0.037986893727158036,0.15208959650514173,0.0,0.5896625722192542,1.8263488954252738,0.13772481567467093,0.2684664736680599,0.2424624626313084,ETTm1,raw,33504,33600,raw:33504:1,low,low
2,0.42634707841605535,0.07298134332313869,0.3342837074862326,0.0,0.47612211499733154,1.8263488954252738,0.13772481567467093,0.2778707097418089,0.20461564355733416,ETTm1,raw,33504,33600,raw:33504:2,low,low
3,0.6486183144385187,0.02794420535048902,0.18875845077938255,0.0,0.5852480420202035,1.8263488954252738,0.13772481567467093,0.28844032352279675,0.24099095256495814,ETTm1,raw,33504,33600,raw:33504:3,low,low
4,0.6824653651110266,0.0927668216659858,0.7316725893116343,0.25,0.7766466367425903,1.8263488954252738,0.13772481567467093,0.5023015920295489,0.38812381747242036,ETTm1,raw,33504,33600,raw:33504:4,high,mid
5,0.6654749591675884,0.08805068303237606,0.15841761071268787,0.125,0.79846474614238,1.8263488954252738,0.13772481567467093,0.30398108430421744,0.353729853939017,ETTm1,raw,33504,33600,raw:33504:5,low,low
6,0.722967162862356,0.14599437221910017,0.07166898096737881,0.0,0.6580231236952918,1.8263488954252738,0.13772481567467093,0.3135435053496117,0.2652493131233209,ETTm1,raw,33504,33600,raw:33504:6,low,low
0,0.425299741647967,0.018787222401488328,0.029846575215267138,0.0,0.37780755235490787,2.422312829560959,0.2370521378650729,0.15797784642157417,0.20495323007332691,ETTm1,raw,33600,33696,raw:33600:0,low,low
1,0.6322822657702213,0.12845572351227255,0.44199577399339574,0.0,0.7327033077559497,2.422312829560959,0.2370521378650729,0.40091125442529646,0.3232518152070076,ETTm1,raw,33600,33696,raw:33600:1,high,low
2,0.4611315207101504,0.015334157321245758,0.036209495888159055,0.0,0.3438671927733131,2.422312829560959,0.2370521378650729,0.17089172463985172,0.193639776879462,ETTm1,raw,33600,33696,raw:33600:2,low,low
3,0.5401540131501548,0.1401593424332071,0.508449292815302,0.0,0.7207183897725644,2.422312829560959,0.2370521378650729,0.3962542161328879,0.3192568425458791,ETTm1,raw,33600,33696,raw:33600:3,high,low
4,0.5680371251331847,0.2109441366339444,0.3100657527975182,0.25,0.7835495591060998,2.422312829560959,0.2370521378650729,0.3630156715215491,0.42353389899039096,ETTm1,raw,33600,33696,raw:33600:4,mid,mid
5,0.4608025264100748,0.49202185601749304,0.33386418113970245,0.375,0.8204055220170937,2.422312829560959,0.2370521378650729,0.4288961878557567,0.47748588662738883,ETTm1,raw,33600,33696,raw:33600:5,high,mid
6,0.8068428103032843,0.15166962352373003,0.3582625877323849,0.125,0.7335492762932667,2.422312829560959,0.2370521378650729,0.4389250071864664,0.3652004713861132,ETTm1,raw,33600,33696,raw:33600:6,high,mid
0,0.2872998513631877,0.010180229833653942,0.10744151405921176,0.0,0.35790569804260686,1.8787858956899608,0.1464643157042196,0.13497386508535114,0.16812333791560882,ETTm1,raw,33696,33792,raw:33696:0,low,low
1,0.607833061219935,0.07881726600338101,0.013764284462453065,0.0,0.49746195356674244,1.8787858956899608,0.1464643157042196,0.23347153722858968,0.21464208975698737,ETTm1,raw,33696,33792,raw:33696:1,low,low
2,0.315477494801116,0.01233929256226408,0.0530995501256948,0.0,0.3291584132208573,1.8787858956899608,0.1464643157042196,0.12697211249635829,0.15854090964169232,ETTm1,raw,33696,33792,raw:33696:2,low,low
3,0.5372215509984848,0.09269201616183025,0.04197853258339669,0.0,0.5178962204049118,1.8787858956899608,0.1464643157042196,0.2239640332479039,0.22145351203637711,ETTm1,raw,33696,33792,raw:33696:3,low,low
4,0.7654481229209316,0.37585326403664066,0.8609612849112023,0.125,0.7348593897569631,1.8787858956899608,0.1464643157042196,0.6674208906229248,0.33544123515372753,ETTm1,raw,33696,33792,raw:33696:4,high,low
5,0.9158682890188885,0.14966411198277396,0.9415376980984846,0.0,0.5206945569248165,1.8787858956899608,0.1464643157042196,0.6690233663667158,0.22238629087634534,ETTm1,raw,33696,33792,raw:33696:5,high,low
6,0.8449869786223155,0.051960130953796875,0.11499606556073762,0.125,0.7253827260577761,1.8787858956899608,0.1464643157042196,0.3373143917122834,0.3322823472539986,ETTm1,raw,33696,33792,raw:33696:6,mid,low
0,0.499327558108589,0.174369911646361,0.18002631506283712,0.0,0.765896918100707,2.5522607107656703,0.2587101180297615,0.2845745949392624,0.34153567871015617,ETTm1,raw,33888,33984,raw:33888:0,low,low
1,0.5192754878274022,0.0685587159895653,0.5399012631935644,0.0,0.6995045114491771,2.5522607107656703,0.2587101180297615,0.375911822336844,0.31940487649297955,ETTm1,raw,33888,33984,raw:33888:1,mid,low
2,0.6000499314045777,0.1431584470364602,0.16660849485629023,0.0,0.7281029343347338,2.5522607107656703,0.2587101180297615,0.3032722910991094,0.32893768412149843,ETTm1,raw,33888,33984,raw:33888:2,low,low
3,0.5751640459960832,0.057302295344904004,0.4542075066534077,0.0,0.7458369255023917,2.5522607107656703,0.2587101180297615,0.36222461599813166,0.3348490145107177,ETTm1,raw,33888,33984,raw:33888:3,mid,low
4,0.6554385183749079,0.12852731778671178,0.42187320176797466,0.125,0.8258740260912025,2.5522607107656703,0.2587101180297615,0.4019463459765314,0.40319471470698803,ETTm1,raw,33888,33984,raw:33888:4,high,mid
5,0.6016796120680726,0.1925229930971768,0.11544581952047404,0.0,0.6547706584191395,2.5522607107656703,0.2587101180297615,0.30321614156190785,0.3044935921496337,ETTm1,raw,33888,33984,raw:33888:5,low,low
6,0.5507060820052778,0.12768839396855944,0.21304139597221838,0.0,0.5656878829084048,2.5522607107656703,0.2587101180297615,0.2971452906486852,0.2747993336460554,ETTm1,raw,33888,33984,raw:33888:6,low,low
0,0.5355960266147815,0.03569672864197518,0.35294480371367865,0.0,0.39947485284384915,2.095358012902866,0.18255966851287822,0.3080791863234784,0.19401150711890913,ETTm1,raw,33984,34080,raw:33984:0,low,low
1,0.6353672085111559,0.14782174072076684,0.6893394331088845,0.0,0.688460888610646,2.095358012902866,0.18255966851287822,0.4908427941136024,0.2903401857078414,ETTm1,raw,33984,34080,raw:33984:1,high,low
2,0.5018289657762895,0.027203112009711344,0.27049476306049935,0.0,0.363606328210176,2.095358012902866,0.18255966851287822,0.2665089469488334,0.18205533224101808,ETTm1,raw,33984,34080,raw:33984:2,low,low
3,0.538880732240461,0.15999333644248032,0.6917690931296753,0.0,0.7303802184108357,2.095358012902866,0.18255966851287822,0.4635477206042055,0.30431329564123794,ETTm1,raw,33984,34080,raw:33984:3,high,low
4,0.8022668561536895,0.21192663842468895,0.4834902101314549,0.125,0.792409895575918,2.095358012902866,0.18255966851287822,0.4992279015699444,0.3666565213629321,ETTm1,raw,33984,34080,raw:33984:4,high,mid
5,0.0986840268483038,0.20299726045098937,0.5040610118337953,0.125,0.7719359379747229,2.095358012902866,0.18255966851287822,0.2685807663776962,0.3598318688292004,ETTm1,raw,33984,34080,raw:33984:5,low,mid
6,0.8340793070057533,0.09769014905105694,0.051036931679280396,0.0,0.6299925686978676,2.095358012902866,0.18255966851287822,0.3276021292453635,0.27085074573691525,ETTm1,raw,33984,34080,raw:33984:6,mid,low
0,0.5080181317671848,0.05440925911548414,0.12253102228704649,0.0,0.6086559937888939,2.1205613299574835,0.18676022134831355,0.2283194710565718,0.26513873837906915,ETTm1,raw,34176,34272,raw:34176:0,low,low
1,0.7288902974732417,0.13748780467467042,0.5923166880356246,0.25,0.8642720294950216,2.1205613299574835,0.18676022134831355,0.4862315967278456,0.4336774169477784,ETTm1,raw,34176,34272,raw:34176:1,high,mid
2,0.5198205077545914,0.047404209513344404,0.09781545087137603,0.0,0.5505771019493059,2.1205613299574835,0.18676022134831355,0.22168005604643728,0.24577910776587317,ETTm1,raw,34176,34272,raw:34176:2,low,low
3,0.628417183904544,0.12865684665343138,0.5257654935171129,0.25,0.9297026260728817,2.1205613299574835,0.18676022134831355,0.4276131746916961,0.4554876158070651,ETTm1,raw,34176,34272,raw:34176:3,high,mid
4,0.7063890672325766,0.30406225346284466,0.6159663814673912,0.0,0.755947647842194,2.1205613299574835,0.18676022134831355,0.5421392340542708,0.3142359563968358,ETTm1,raw,34176,34272,raw:34176:4,high,low
5,0.4459923867987784,0.10784954668424053,0.6691414928688597,0.0,0.5100607944159241,2.1205613299574835,0.18676022134831355,0.4076611421172929,0.23227367192141254,ETTm1,raw,34176,34272,raw:34176:5,high,low
6,0.3929022706572931,0.042813789795784984,0.02982266058329863,0.0,0.30903546746164584,2.1205613299574835,0.18676022134831355,0.15517957367879223,0.1652652296033198,ETTm1,raw,34176,34272,raw:34176:6,low,low
0,0.7585523542406236,0.18950537981396653,0.08303970276619024,0.25,0.7856066749168678,3.029363720439303,0.3382272861761717,0.34369914560692677,0.45794465369767984,ETTm1,raw,34272,34368,raw:34272:0,mid,mid
1,0.748969940559961,0.12880035746675433,0.386932168922891,0.5,0.909044115088265,3.029363720439303,0.3382272861761717,0.4215674889832021,0.5824238004214789,ETTm1,raw,34272,34368,raw:34272:1,high,high
2,0.6168918676957195,0.1759552939139382,0.037480769561972604,0.25,0.7739494505727222,3.029363720439303,0.3382272861761717,0.2767759770572101,0.4540589122496313,ETTm1,raw,34272,34368,raw:34272:2,low,mid
3,0.7386687642828733,0.21582277473757194,0.5066796189240557,0.5,0.9162489307356484,3.029363720439303,0.3382272861761717,0.48705705264816695,0.5848254056372734,ETTm1,raw,34272,34368,raw:34272:3,high,high
4,0.4877235820891024,0.0823379367753187,0.5457176961014649,0.375,0.8963451427607982,3.029363720439303,0.3382272861761717,0.37192640498862867,0.53652414297899,ETTm1,raw,34272,34368,raw:34272:4,mid,high
5,0.6099004958907966,0.1194962446323187,0.335001842435543,0.5,0.8889967603766966,3.029363720439303,0.3382272861761717,0.35479952765288614,0.5757413488509561,ETTm1,raw,34272,34368,raw:34272:5,mid,high
6,0.8742592530384526,0.28218525160265023,0.16947561403477066,0.125,0.6530281509037481,3.029363720439303,0.3382272861761717,0.44197337289195787,0.3720851456933066,ETTm1,raw,34272,34368,raw:34272:6,high,mid
0,0.23702756111441825,0.05321919976298385,0.10950572042227956,0.0,0.4348073713950565,2.4933111999897517,0.2488851995834833,0.1332508270998939,0.22789752365951324,ETTm1,raw,34368,34464,raw:34368:0,low,low
1,0.15255122760058004,0.13408029758112122,0.24715082407674163,0.375,0.9123193410355487,2.4933111999897517,0.2488851995834833,0.1779274497528143,0.512068180206344,ETTm1,raw,34368,34464,raw:34368:1,low,high
2,0.590414150106022,0.07333611892902078,0.08395295690117924,0.0,0.42612386714363787,2.4933111999897517,0.2488851995834833,0.24923440864540736,0.2250030222423737,ETTm1,raw,34368,34464,raw:34368:2,low,low
3,0.3746246614615216,0.06587642888205268,0.40624025485030746,0.375,0.8990433370028069,2.4933111999897517,0.2488851995834833,0.28224711506462724,0.5076428455287634,ETTm1,raw,34368,34464,raw:34368:3,low,high
4,0.6994317366167737,0.34883095629717653,0.43993110425271403,0.25,0.9015408107948432,2.4933111999897517,0.2488851995834833,0.4960645990555548,0.46680867012610877,ETTm1,raw,34368,34464,raw:34368:4,high,mid
5,0.5835622876639321,0.20835180145436732,0.5307493414329867,0.125,0.7699374349966586,2.4933111999897517,0.2488851995834833,0.44088781018376205,0.381274211526714,ETTm1,raw,34368,34464,raw:34368:5,high,mid
6,0.887550474126274,0.0890836035240869,0.02309174994529557,0.125,0.8113461278513165,2.4933111999897517,0.2488851995834833,0.3332419425318855,0.39507710914493327,ETTm1,raw,34368,34464,raw:34368:6,mid,mid
0,0.11935019968252647,0.06593820113862518,0.415814100950569,0.0,0.5430374649964828,1.9131766752253554,0.15219611228389904,0.20036750059057354,0.23174452576012727,ETTm1,raw,34560,34656,raw:34560:0,low,low
1,0.09222324237752944,0.11244207507577936,0.30532165369020836,0.25,0.8759288295249784,1.9131766752253554,0.15219611228389904,0.16999565704783906,0.42604164726962584,ETTm1,raw,34560,34656,raw:34560:1,low,mid
2,0.14801160261417767,0.06250053603451408,0.3492598909094832,0.0,0.5286772210999906,1.9131766752253554,0.15219611228389904,0.18659067651939165,0.2269577777946299,ETTm1,raw,34560,34656,raw:34560:2,low,low
3,0.32541774626600495,0.15309299237721627,0.4901128425807634,0.125,0.8843898693826137,1.9131766752253554,0.15219611228389904,0.3228745270746615,0.38719532722217087,ETTm1,raw,34560,34656,raw:34560:3,mid,mid
4,0.7380086278825682,0.20104833084227702,0.4135092600107533,0.375,0.8389252877209421,1.9131766752253554,0.15219611228389904,0.4508554062451995,0.4553738000016137,ETTm1,raw,34560,34656,raw:34560:4,high,mid
5,0.48331907631403725,0.0856702642647133,0.31919092569903457,0.125,0.7092071200913473,1.9131766752253554,0.15219611228389904,0.2960600887592617,0.32880107745841547,ETTm1,raw,34560,34656,raw:34560:5,low,low
6,0.39251014899375125,0.22949520466286702,0.06618824198051967,0.125,0.7761935827944115,1.9131766752253554,0.15219611228389904,0.2293978652123793,0.35112989835943687,ETTm1,raw,34560,34656,raw:34560:6,low,low
0,0.61713069515048,0.02337374132316982,0.010344425221086929,0.0,0.36054597395466625,2.850862071176362,0.3084770113485986,0.21694962056491227,0.22300766176775497,ETTm1,raw,34656,34752,raw:34656:0,low,low
1,0.8085702449177963,0.34635290489409376,0.39338475801600437,0.0,0.8071175665381607,2.850862071176362,0.3084770113485986,0.5161026359426315,0.37186485929558644,ETTm1,raw,34656,34752,raw:34656:1,high,mid
2,0.763477911395352,0.01443694657288106,0.008680564964356239,0.0,0.3335598421338553,2.850862071176362,0.3084770113485986,0.2621984743108631,0.2140122844941513,ETTm1,raw,34656,34752,raw:34656:2,low,low
3,0.8386803202732823,0.35780779435353827,0.5695079132515933,0.25,0.8311980323658087,2.850862071176362,0.3084770113485986,0.5886653426261379,0.46322501457146914,ETTm1,raw,34656,34752,raw:34656:3,high,mid
4,0.7352483105671741,0.3974844159931659,0.4334977758757632,0.375,0.9361567220578635,2.850862071176362,0.3084770113485986,0.5220768341453678,0.5398779111354873,ETTm1,raw,34656,34752,raw:34656:4,high,high
5,0.5236511314991517,0.038162292957803774,0.21942848408765617,0.125,0.6188126441355576,2.850862071176362,0.3084770113485986,0.26041396951487056,0.35076321849471875,ETTm1,raw,34656,34752,raw:34656:5,low,low
6,0.8544057571658065,0.1108242427809965,0.1739404232054854,0.125,0.6141010478329373,2.850862071176362,0.3084770113485986,0.3797234743840961,0.34919268639384526,ETTm1,raw,34656,34752,raw:34656:6,mid,low
0,0.741660390556012,0.01836850355174554,0.017714595899419164,0.0,0.3289014099613666,2.552786957131673,0.25879782575728244,0.2592478300023922,0.19589974523954967,ETTm1,raw,34848,34944,raw:34848:0,low,low
1,0.8490976993924042,0.14588830696895871,0.49266410620565737,0.25,0.8724444683156525,2.552786957131673,0.25879782575728244,0.4958833708556734,0.46041409802431166,ETTm1,raw,34848,34944,raw:34848:1,high,mid
2,0.7487160021717216,0.020452323980894718,0.01878622545823327,0.0,0.32396510169752396,2.552786957131673,0.25879782575728244,0.2626515172036165,0.19425430915160213,ETTm1,raw,34848,34944,raw:34848:2,low,low
3,0.7404688540514399,0.18928917453392485,0.5355507888244048,0.25,0.8521441007569018,2.552786957131673,0.25879782575728244,0.48843627246992316,0.4536473088380615,ETTm1,raw,34848,34944,raw:34848:3,high,mid
4,0.6524221792370246,0.21078488033392062,0.4102379868723544,0.25,0.7360916612680612,2.552786957131673,0.25879782575728244,0.42448168214776655,0.41496316234178127,ETTm1,raw,34848,34944,raw:34848:4,high,mid
5,0.5708195583690452,0.5053798842866959,0.41531574348014194,0.5,0.8027153883565507,2.552786957131673,0.25879782575728244,0.497171728711961,0.520504404704611,ETTm1,raw,34848,34944,raw:34848:5,high,high
6,0.7667031780310245,0.1465637368777955,0.08140060813228532,0.0,0.550035811723541,2.552786957131673,0.25879782575728244,0.3315558410137018,0.2696112124936078,ETTm1,raw,34848,34944,raw:34848:6,mid,low
0,0.6152199331692154,0.11789353350974144,0.8495930465529264,0.375,0.8765521468187917,4.50553453858121,0.584255755456442,0.527568837743961,0.6119359674250778,ETTm1,raw,34944,35040,raw:34944:0,high,high
1,0.5555102490749794,0.19998267838326106,0.39770404064528403,0.25,0.8453351833980499,4.50553453858121,0.584255755456442,0.3843989893678415,0.5598636462848307,ETTm1,raw,34944,35040,raw:34944:1,mid,high
2,0.49438732628143756,0.06416653120354329,0.8633751444889844,0.375,0.844286690487677,4.50553453858121,0.584255755456442,0.47397633399132183,0.6011808153147064,ETTm1,raw,34944,35040,raw:34944:2,high,high
3,0.5012442685031844,0.1110318546443533,0.45356541454494714,0.375,0.8751732583556959,4.50553453858121,0.584255755456442,0.3552805125641616,0.6114763379373793,ETTm1,raw,34944,35040,raw:34944:3,mid,high
4,0.5013443154164244,0.1893761324055223,0.4840406417461485,0.5,0.913116044347291,4.50553453858121,0.584255755456442,0.3915870298560318,0.6657905999345777,ETTm1,raw,34944,35040,raw:34944:4,high,high
5,0.2862665939672997,0.11784951035648036,0.4250068868889452,0.625,0.9705689521593338,4.50553453858121,0.584255755456442,0.2763743304042418,0.7266082358719252,ETTm1,raw,34944,35040,raw:34944:5,low,high
6,0.8217559982612292,0.3247537984228809,0.32144639992908014,0.0,0.7868514092186376,4.50553453858121,0.584255755456442,0.4893187322043968,0.45703572155835986,ETTm1,raw,34944,35040,raw:34944:6,high,mid
0,0.37189008220363984,0.21263031068199484,0.32381081294030467,0.375,0.8015576664895927,2.6011584446248057,0.2668597403260347,0.30277706860864645,0.4811391356052091,ETTm1,raw,35136,35232,raw:35136:0,low,mid
1,0.4414077287429793,0.19901175753018627,0.5536151029353933,0.5,0.928262364651954,2.6011584446248057,0.2668597403260347,0.3980115297361863,0.5650407016593296,ETTm1,raw,35136,35232,raw:35136:1,high,high
2,0.7093279712915046,0.2109231285360857,0.22753287448363924,0.125,0.8283956608455646,2.6011584446248057,0.2668597403260347,0.38259465810374316,0.4067518003905331,ETTm1,raw,35136,35232,raw:35136:2,mid,mid
3,0.37231384950779134,0.10417029530125099,0.49511219191295247,0.375,0.8336663036551643,2.6011584446248057,0.2668597403260347,0.32386544557399827,0.4918420146603996,ETTm1,raw,35136,35232,raw:35136:3,mid,mid
4,0.6670918588635564,0.10303989034511152,0.7123788162761852,0.125,0.6205895202043212,2.6011584446248057,0.2668597403260347,0.49417018849495103,0.33748308684345196,ETTm1,raw,35136,35232,raw:35136:4,high,low
5,0.8128098118872819,0.11305748470831067,0.02290169442242679,0.125,0.6945052350435966,2.6011584446248057,0.2668597403260347,0.3162563303393398,0.3621216584565438,ETTm1,raw,35136,35232,raw:35136:5,mid,mid
6,0.5594331724998509,0.2115151364104927,0.38449771783401837,0.25,0.7276694993967708,2.6011584446248057,0.2668597403260347,0.385148675581454,0.4148430799076019,ETTm1,raw,35136,35232,raw:35136:6,mid,mid
0,0.5586221995843286,0.1490620301443163,0.1286380703875236,0.0,0.6072371448750228,3.19543228340961,0.36590537995842604,0.2787741000387228,0.3243808416111496,ETTm1,raw,35232,35328,raw:35232:0,low,low
1,0.6829289866941943,0.10253356405117263,0.5252971076829698,0.125,0.8542195902157316,3.19543228340961,0.36590537995842604,0.43691988614277893,0.44837499005805254,ETTm1,raw,35232,35328,raw:35232:1,high,mid
2,0.5614636421861383,0.16260249093766527,0.1419133724504301,0.0,0.5651179544318731,3.19543228340961,0.36590537995842604,0.28865983519141125,0.3103411114634331,ETTm1,raw,35232,35328,raw:35232:2,low,low
3,0.5048252753590952,0.18171004152026382,0.5655474504683456,0.125,0.9119348442607936,3.19543228340961,0.36590537995842604,0.4173609224492349,0.4676134080730732,ETTm1,raw,35232,35328,raw:35232:3,high,mid
4,0.7136950983393333,0.2369572948177586,0.6465467661565842,0.125,0.7204849538040049,3.19543228340961,0.36590537995842604,0.5323997197712255,0.4037967779208103,ETTm1,raw,35232,35328,raw:35232:4,high,mid
5,0.7593399278714843,0.06821859009314822,0.7368251380438766,0.125,0.6647515872054569,3.19543228340961,0.36590537995842604,0.521461218669503,0.38521898905462765,ETTm1,raw,35232,35328,raw:35232:5,high,mid
6,0.5096138462411027,0.13811767653643509,0.5905510170144557,0.375,0.6936778295974632,3.19543228340961,0.36590537995842604,0.41276084659733114,0.47819440318529643,ETTm1,raw,35232,35328,raw:35232:6,high,mid
0,0.2693472788637916,0.03823959691044739,0.0518318949662029,0.0,0.4434888791115594,2.308793810710056,0.2181323014214555,0.11980625691348062,0.22054039351100496,ETTm1,raw,35328,35424,raw:35328:0,low,low
1,0.6036246514366805,0.11506597465293032,0.10707716927071298,0.125,0.6753458667038043,2.308793810710056,0.2181323014214555,0.2752559317867746,0.3394927227084199,ETTm1,raw,35328,35424,raw:35328:1,low,low
2,0.48826594797502254,0.039510323983764514,0.092060523244216,0.0,0.4232592069971623,2.308793810710056,0.2181323014214555,0.2066122650676677,0.2137971694728726,ETTm1,raw,35328,35424,raw:35328:2,low,low
3,0.7257193829354966,0.11829051402150559,0.12224306976850068,0.0,0.6478205736147831,2.308793810710056,0.2181323014214555,0.3220843222418343,0.2886509583454129,ETTm1,raw,35328,35424,raw:35328:3,mid,low
4,0.6598403947383573,0.23728644129271476,0.2585579670643174,0.375,0.8705431193687264,2.308793810710056,0.2181323014214555,0.38522826769846313,0.4878918069300607,ETTm1,raw,35328,35424,raw:35328:4,mid,mid
5,0.25633907595238614,0.11600280848980238,0.03420199007526597,0.0,0.644623880659017,2.308793810710056,0.2181323014214555,0.1355146248391515,0.2875853940268242,ETTm1,raw,35328,35424,raw:35328:5,low,low
6,0.8115803365595196,0.0708058927238707,0.5847265729814783,0.125,0.7668923762940516,2.308793810710056,0.2181323014214555,0.48903760075495617,0.3700082259051691,ETTm1,raw,35328,35424,raw:35328:6,high,mid
0,0.7407855477130929,0.0455447236392509,0.1843150905840517,0.0,0.463202088793499,3.85086173154372,0.4751436211320473,0.3235484539787985,0.31278190330851546,ETTm1,raw,35520,35616,raw:35520:0,mid,low
1,0.7083258417017988,0.23593316321456567,0.4226425272705605,0.375,0.9000750750391835,3.85086173154372,0.4751436211320473,0.4556338440623084,0.5834062320570769,ETTm1,raw,35520,35616,raw:35520:1,high,high
2,0.7197443550228834,0.04109810697993355,0.21893997282151673,0.0,0.46998019551877285,3.85086173154372,0.4751436211320473,0.3265941449414445,0.31504127221694006,ETTm1,raw,35520,35616,raw:35520:2,mid,low
3,0.7959927238026132,0.19068042527782378,0.4649343372109689,0.5,0.9082356544214828,3.85086173154372,0.4751436211320473,0.4838691620971353,0.6277930918511766,ETTm1,raw,35520,35616,raw:35520:3,high,high
4,0.5103472300895737,0.31769832159603184,0.3664572097926816,0.375,0.7518714519629583,3.85086173154372,0.4751436211320473,0.398167587159429,0.5340050243650019,ETTm1,raw,35520,35616,raw:35520:4,high,high
5,0.6475889149438612,0.04170733710982711,0.4665643974066678,0.25,0.7522810228625403,3.85086173154372,0.4751436211320473,0.385286883153452,0.49247488133152917,ETTm1,raw,35520,35616,raw:35520:5,mid,mid
6,0.2688900236314369,0.20302760145647003,0.5452201445029051,0.875,0.9166903870550617,3.85086173154372,0.4751436211320473,0.3390459231969373,0.7556113360623696,ETTm1,raw,35520,35616,raw:35520:6,mid,high
0,0.6165293530460296,0.06305563433655392,0.1271965041895029,0.0,0.32988467084527046,3.910083650030026,0.48501394086331445,0.26892716385736215,0.2716328705695283,ETTm1,raw,35616,35712,raw:35616:0,low,low
1,0.6944972668906231,0.14129961777650069,0.4634356271928973,0.5,0.8877996507734375,3.910083650030026,0.48501394086331445,0.4330775039533403,0.6242711972122507,ETTm1,raw,35616,35712,raw:35616:1,high,high
2,0.43275101185686393,0.08126931406240048,0.14089513220120412,0.0,0.33042100923115025,3.910083650030026,0.48501394086331445,0.21830515270682282,0.2718116500314882,ETTm1,raw,35616,35712,raw:35616:2,low,low
3,0.710315904607931,0.23984946319986772,0.47902963806426,0.625,0.9215840768781505,3.910083650030026,0.48501394086331445,0.47639833529068626,0.677199339247155,ETTm1,raw,35616,35712,raw:35616:3,high,high
4,0.2016762616510972,0.11026636382361048,0.44647078486245,0.375,0.7280643881215338,3.910083650030026,0.48501394086331445,0.2528044701123859,0.5293594429949494,ETTm1,raw,35616,35712,raw:35616:4,low,high
5,0.43827871105747207,0.296971324149483,0.3656017240001579,0.25,0.8370099195348101,3.910083650030026,0.48501394086331445,0.366950586402371,0.5240079534660416,ETTm1,raw,35616,35712,raw:35616:5,mid,high
6,0.4123081182959578,0.09117546446122565,0.2274396269426144,0.125,0.7225941295563436,3.910083650030026,0.48501394086331445,0.24364106989993264,0.44420269013988606,ETTm1,raw,35616,35712,raw:35616:6,low,mid
0,0.5320182002987168,0.04903917488083112,0.04603038797151711,0.0,0.4210374169730993,3.827400810443707,0.47123346762189544,0.20902925438368836,0.29742362819833157,ETTm1,raw,35808,35904,raw:35808:0,low,low
1,0.7271134319753938,0.26061451444970335,0.2800195204017388,0.5,0.9116573826181902,3.827400810443707,0.47123346762189544,0.4225824889422787,0.6276302834133619,ETTm1,raw,35808,35904,raw:35808:1,high,high
2,0.47407776078194186,0.0506708645645247,0.04701737731576033,0.0,0.3794243014908245,3.827400810443707,0.47123346762189544,0.19058866755407564,0.28355258970423997,ETTm1,raw,35808,35904,raw:35808:2,low,low
3,0.7160820589635188,0.14962437419226488,0.40832492922931346,0.5,0.9490209812335332,3.827400810443707,0.47123346762189544,0.4246771207950324,0.6400848162851428,ETTm1,raw,35808,35904,raw:35808:3,high,high
4,0.6293947809481308,0.08946004966447044,0.13057504140083626,0.375,0.9181726596841768,3.827400810443707,0.47123346762189544,0.2831432906711458,0.5881353757686908,ETTm1,raw,35808,35904,raw:35808:4,low,high
5,0.7007719474819801,0.07148084383340442,0.6020969011351008,0.125,0.6673903132897081,3.827400810443707,0.47123346762189544,0.45811656415016183,0.4212079269705345,ETTm1,raw,35808,35904,raw:35808:5,high,mid
6,0.8744566820332647,0.23691638051597064,0.40596304150632556,0.25,0.8174984741391141,3.827400810443707,0.47123346762189544,0.5057787013518537,0.5129106472536699,ETTm1,raw,35808,35904,raw:35808:6,high,high
0,0.7838653721450858,0.15907311688741985,0.056676411373358083,0.0,0.5873796147097265,2.7983316463114223,0.29972194055236717,0.3332049668019546,0.29570051842069794,ETTm1,raw,35904,36000,raw:35904:0,mid,low
1,0.46866552025675867,0.10286506923192451,0.3871104335867323,0.25,0.8129811501671643,2.7983316463114223,0.29972194055236717,0.31954700769180516,0.45423436357317715,ETTm1,raw,35904,36000,raw:35904:1,mid,mid
2,0.6771403832149145,0.1294169183636541,0.057160916867347145,0.0,0.5504392978491528,2.7983316463114223,0.29972194055236717,0.2879060728153053,0.28338707946717334,ETTm1,raw,35904,36000,raw:35904:2,low,low
3,0.45308512306764315,0.11766332523309034,0.448816322212741,0.25,0.805968657054769,2.7983316463114223,0.29972194055236717,0.3398549235044915,0.4518968658690454,ETTm1,raw,35904,36000,raw:35904:3,mid,mid
4,0.6055148384709266,0.28343831364017635,0.5576509857486779,0.125,0.753220662718333,2.7983316463114223,0.29972194055236717,0.48220137928659357,0.3926475344235667,ETTm1,raw,35904,36000,raw:35904:4,high,mid
5,0.4442698133930315,0.07142302853755142,0.12080691655076091,0.125,0.5622784641637235,2.7983316463114223,0.29972194055236717,0.21216658616044795,0.32900013490536356,ETTm1,raw,35904,36000,raw:35904:5,low,low
6,0.917307834248786,0.264540651388972,0.16542263464941023,0.125,0.796059452874796,2.7983316463114223,0.29972194055236717,0.4490903734290561,0.4069271311423877,ETTm1,raw,35904,36000,raw:35904:6,high,mid
0,0.6191319329118496,0.011664741899659232,0.02989113393739226,0.0,0.2623578097699775,2.110034661177792,0.18500577655462233,0.22022926958296707,0.14912119544153327,ETTm1,raw,36000,36096,raw:36000:0,low,low
1,0.06614640742038791,0.044739049914353936,0.040950653773527385,0.0,0.5005882212279273,2.110034661177792,0.18500577655462233,0.05061203703608974,0.22853133259418323,ETTm1,raw,36000,36096,raw:36000:1,low,low
2,0.6865645932010651,0.006272985417822639,0.024329217224156895,0.0,0.25711981545258406,2.110034661177792,0.18500577655462233,0.23905559861434822,0.14737519733573545,ETTm1,raw,36000,36096,raw:36000:2,low,low
3,0.09756288653254475,0.04347648258571009,0.15633801750756574,0.0,0.5381279922523986,2.110034661177792,0.18500577655462233,0.09912579554194019,0.24104458960234032,ETTm1,raw,36000,36096,raw:36000:3,low,low
4,0.5942787622675516,0.12943988608212015,0.031768532821610504,0.25,0.7346586698519769,2.110034661177792,0.18500577655462233,0.25182906039042746,0.38988814880219974,ETTm1,raw,36000,36096,raw:36000:4,low,mid
5,0.8160381797283153,0.23478526173551573,0.09165621664688978,0.0,0.8458908815794223,2.110034661177792,0.18500577655462233,0.38082655270357363,0.34363221937801486,ETTm1,raw,36000,36096,raw:36000:5,mid,low
6,0.8896271083112512,0.02028764039795778,0.12214205823409427,0.25,0.6502837166126607,2.110034661177792,0.18500577655462233,0.3440189356477678,0.36176316438909434,ETTm1,raw,36000,36096,raw:36000:6,mid,mid
0,0.6555120981062535,0.05749709882644731,0.08985031731730986,0.0,0.34555010573014794,3.852668536545454,0.47544475529850105,0.2676198380833369,0.27366495367621635,ETTm1,raw,36192,36288,raw:36192:0,low,low
1,0.6616794980583061,0.1780620289454722,0.36903661926428794,0.375,0.8754641343968635,3.852668536545454,0.47544475529850105,0.40292604875602206,0.5753029632317882,ETTm1,raw,36192,36288,raw:36192:1,high,high
2,0.643743758134238,0.037796820985332526,0.09920754687231415,0.0,0.35974739889155677,3.852668536545454,0.47544475529850105,0.26024937533062825,0.27839738473001924,ETTm1,raw,36192,36288,raw:36192:2,low,low
3,0.5903066969339152,0.20037081997724815,0.4566403212170354,0.5,0.8161218452689196,3.852668536545454,0.47544475529850105,0.41577261270939964,0.5971888668558069,ETTm1,raw,36192,36288,raw:36192:3,high,high
4,0.6956270141384648,0.32483073823790376,0.6087436850676582,0.25,0.8463155045771427,3.852668536545454,0.47544475529850105,0.5430671458146756,0.5239200866252146,ETTm1,raw,36192,36288,raw:36192:4,high,high
5,0.4886338678116562,0.17943200924851238,0.2588673237466301,0.25,0.7491273267685975,3.852668536545454,0.47544475529850105,0.30897773360226627,0.49152402735569956,ETTm1,raw,36192,36288,raw:36192:5,low,mid
6,0.3799167513338976,0.30653413296547727,0.5156266416814024,0.375,0.8834629308037946,3.852668536545454,0.47544475529850105,0.4006925086602591,0.5779692287007653,ETTm1,raw,36192,36288,raw:36192:6,high,high
0,0.43712841562033944,0.11680179722556353,0.057691482965468804,0.0,0.44066166680848773,3.1037634076979153,0.3506272340319405,0.20387389860379057,0.2637629669468094,ETTm1,raw,36288,36384,raw:36288:0,low,low
1,0.32073367057973856,0.10972410530629406,0.3855906168813529,0.125,0.6546810172599499,3.1037634076979153,0.3506272340319405,0.27201613092246185,0.3767694170972968,ETTm1,raw,36288,36384,raw:36288:1,low,mid
2,0.3331902218552143,0.08154769117375091,0.03236699304822531,0.0,0.44633085784893617,3.1037634076979153,0.3506272340319405,0.14903496869239685,0.26565269729362556,ETTm1,raw,36288,36384,raw:36288:2,low,low
3,0.6338035339394626,0.08837307013550641,0.494652193313595,0.125,0.5741586059380356,3.1037634076979153,0.3506272340319405,0.4056095991295214,0.3499286133233254,ETTm1,raw,36288,36384,raw:36288:3,high,low
4,0.7239881693569099,0.14727717753284655,0.5667287057733813,0.25,0.8816829976068901,3.1037634076979153,0.3506272340319405,0.47933135088771256,0.4941034105462769,ETTm1,raw,36288,36384,raw:36288:4,high,mid
5,0.9981915070156122,0.07434078792934845,0.008244542835105347,0.125,0.7842913564564733,3.1037634076979153,0.3506272340319405,0.3602589459266887,0.41997286349613794,ETTm1,raw,36288,36384,raw:36288:5,mid,mid
6,0.6912821210297253,0.12980278192137926,0.5798796141051369,0.25,0.6691794117729508,3.1037634076979153,0.3506272340319405,0.4669881723520805,0.42326888193496376,ETTm1,raw,36288,36384,raw:36288:6,high,mid
0,0.4975126414989516,0.034618617036864516,0.08176652996947553,0.0,0.2517567261673715,3.972811823603845,0.4954686364415265,0.20463259616843055,0.24907512086963268,ETTm1,raw,36480,36576,raw:36480:0,low,low
1,0.7154971541243867,0.1415058267476259,0.5146857463276864,0.625,0.9048163439342615,3.972811823603845,0.4954686364415265,0.457229575733233,0.6750949934585959,ETTm1,raw,36480,36576,raw:36480:1,high,high
2,0.4000434457805695,0.01996848041949216,0.11226495561078091,0.0,0.26564987853162536,3.972811823603845,0.4954686364415265,0.17742562727028086,0.2537061716577173,ETTm1,raw,36480,36576,raw:36480:2,low,low
3,0.7550399714167164,0.12520958681205072,0.5145010570942228,0.625,0.9600297458674955,3.972811823603845,0.4954686364415265,0.46491687177433,0.693499460769674,ETTm1,raw,36480,36576,raw:36480:3,high,high
4,0.7307328875591372,0.22914362322826168,0.18622766457073,0.5,0.847183863475625,3.972811823603845,0.4954686364415265,0.3820347251193763,0.6142174999723838,ETTm1,raw,36480,36576,raw:36480:4,mid,high
5,0.3107610526606387,0.3001696346578234,0.5328564064223673,1.0,0.9749340069187559,3.972811823603845,0.4954686364415265,0.38126236458027646,0.8234675477867608,ETTm1,raw,36480,36576,raw:36480:5,mid,high
6,0.5594217071835006,0.08248198034185658,0.7553316368304064,0.125,0.7335112679675388,3.972811823603845,0.4954686364415265,0.4657451081185879,0.45132663480302176,ETTm1,raw,36480,36576,raw:36480:6,high,mid
0,0.6601629314001757,0.015349458437755753,0.02121813299550557,0.0,0.172047293525155,3.595527597173916,0.4325879321413394,0.23224350761114565,0.2015450752221648,ETTm1,raw,36576,36672,raw:36576:0,low,low
1,0.48942302668623083,0.19966688623301443,0.07852814732204898,0.125,0.7485947741718847,3.595527597173916,0.4325879321413394,0.25587268674709807,0.43539423543774136,ETTm1,raw,36576,36672,raw:36576:1,low,mid
2,0.6607611534858848,0.0056898667904973065,0.024995607799020787,0.0,0.17853455917538064,3.595527597173916,0.4325879321413394,0.23048220935846764,0.20370749710557334,ETTm1,raw,36576,36672,raw:36576:2,low,low
3,0.5284967421734206,0.17506240335349602,0.1213537378208568,0.25,0.7889148480661399,3.595527597173916,0.4325879321413394,0.27497096111592445,0.4905009267358264,ETTm1,raw,36576,36672,raw:36576:3,low,mid
4,0.8628869685347624,0.20103064885500763,0.16060391570580357,0.375,0.8310133745178359,3.595527597173916,0.4325879321413394,0.4081738443651912,0.5462004355530584,ETTm1,raw,36576,36672,raw:36576:4,high,high
5,0.6660219633587574,0.2357681084199944,0.18261621361228558,0.875,0.8394071391376872,3.595527597173916,0.4325879321413394,0.3614687617970125,0.7156650237596756,ETTm1,raw,36576,36672,raw:36576:5,mid,high
6,0.6365477099847141,0.11379359697803197,0.32406933745657984,0.125,0.6102028161879692,3.595527597173916,0.4325879321413394,0.35813688147310857,0.3892635827764362,ETTm1,raw,36576,36672,raw:36576:6,mid,mid
0,0.6692662951908855,0.0275674270308792,0.0639234732684379,0.0,0.17326393308837437,3.9023787258423304,0.4837297868341721,0.25358573183006755,0.21899790664084884,ETTm1,raw,36768,36864,raw:36768:0,low,low
1,0.1153846013310097,0.08100558187774601,0.15791761996991172,0.125,0.6184118109607953,3.9023787258423304,0.4837297868341721,0.11810260105955579,0.4090471992649891,ETTm1,raw,36768,36864,raw:36768:1,low,mid
2,0.685417052322459,0.013628627764561248,0.029593630414302453,0.0,0.190240884061934,3.9023787258423304,0.4837297868341721,0.24287977016710752,0.22465689029870206,ETTm1,raw,36768,36864,raw:36768:2,low,low
3,0.35588334801975763,0.13483592977144046,0.16891670306879258,0.125,0.705034433934026,3.9023787258423304,0.4837297868341721,0.21987866028666356,0.4379214069227327,ETTm1,raw,36768,36864,raw:36768:3,low,mid
4,0.7083442709467607,0.20977449340002763,0.4012053275146248,0.375,0.9743235932213993,3.9023787258423304,0.4837297868341721,0.4397746972871377,0.6110177933518571,ETTm1,raw,36768,36864,raw:36768:4,high,high
5,0.5539852145709857,0.3537044822325709,0.5430807152082137,1.0,0.947823647377242,3.9023787258423304,0.4837297868341721,0.4835901373372568,0.8105178114038049,ETTm1,raw,36768,36864,raw:36768:5,high,high
6,0.7273353087648127,0.594293727492482,0.3087426963049934,0.25,0.5584874970858438,3.9023787258423304,0.4837297868341721,0.5434572441874294,0.4307390946400053,ETTm1,raw,36768,36864,raw:36768:6,high,mid
0,0.779643416226001,0.015434984151713812,0.012222850348045114,0.0,0.18603980578619533,2.949846732306297,0.3249744548427587,0.26910041690858666,0.17033808687631802,ETTm1,raw,36864,36960,raw:36864:0,low,low
1,0.20751607240794934,0.15629487222790742,0.10285028319523938,0.125,0.7283922048730388,2.949846732306297,0.3249744548427587,0.15555374261036536,0.3927888865719325,ETTm1,raw,36864,36960,raw:36864:1,low,mid
2,0.7740498917983221,0.007633666739186367,0.00010526603374494392,0.0,0.20116651912061873,2.949846732306297,0.3249744548427587,0.2605962748570845,0.17538032465445916,ETTm1,raw,36864,36960,raw:36864:2,low,low
3,0.42490900512934404,0.18837925213999962,0.02699927743525725,0.0,0.6677928173147685,2.949846732306297,0.3249744548427587,0.21342917823486696,0.33092242405250905,ETTm1,raw,36864,36960,raw:36864:3,low,low
4,0.7071200547103574,0.18255449137789137,0.15126552111113514,0.375,0.7380890177708475,2.949846732306297,0.3249744548427587,0.3469800223997947,0.479354490871202,ETTm1,raw,36864,36960,raw:36864:4,mid,mid
5,0.836066043584099,0.49235144924218344,0.10277288846846418,0.0,0.7643778409282516,2.949846732306297,0.3249744548427587,0.4770634604315822,0.3631174319236701,ETTm1,raw,36864,36960,raw:36864:5,high,mid
6,0.39463656364948285,0.1520320407530254,0.18828893369652291,0.125,0.7327051968246286,2.949846732306297,0.3249744548427587,0.24498584603301035,0.3942265505557958,ETTm1,raw,36864,36960,raw:36864:6,low,mid
0,0.7028537969924316,0.010278155589265647,0.040826963010713924,0.0,0.14221483128323278,3.1965572269725397,0.3660928705519352,0.2513196385308037,0.16943590061172265,ETTm1,raw,36960,37056,raw:36960:0,low,low
1,0.5801087273111291,0.12491459772152055,0.06888047137407112,0.125,0.6092508276062838,3.1965572269725397,0.3660928705519352,0.2579679321355736,0.36678123271940627,ETTm1,raw,36960,37056,raw:36960:1,low,mid
2,0.6380510273086829,0.005030995927836735,0.009194857776215305,0.0,0.16176523810107452,3.1965572269725397,0.3660928705519352,0.21742562700424498,0.17595270288433654,ETTm1,raw,36960,37056,raw:36960:2,low,low
3,0.6645298707037763,0.20476502940345914,0.0642759839691659,0.125,0.6964947917880405,3.1965572269725397,0.3660928705519352,0.3111902946921338,0.3958625541133252,ETTm1,raw,36960,37056,raw:36960:3,low,mid
4,0.8220305670418441,0.21566833838913782,0.17300824368424694,0.375,0.8050022352788867,3.1965572269725397,0.3660928705519352,0.4035690497050763,0.5153650352769406,ETTm1,raw,36960,37056,raw:36960:4,high,high
5,0.7124126692592029,0.3360883022009977,0.09571931003440359,1.0,0.9707688865430368,3.1965572269725397,0.3660928705519352,0.3814067604982014,0.7789539190316573,ETTm1,raw,36960,37056,raw:36960:5,mid,high
6,0.666222503206459,0.38929265324364026,0.23436608864852027,0.25,0.6857181102451851,3.1965572269725397,0.3660928705519352,0.42996041503287313,0.4339369935990401,ETTm1,raw,36960,37056,raw:36960:6,high,mid
0,0.6624633895232812,0.049129850893929725,0.014793859641315459,0.0,0.2773208929840207,2.6360040727069003,0.2726673449967045,0.2421290333528421,0.18332941266024172,ETTm1,raw,37152,37248,raw:37152:0,low,low
1,0.7089759654182177,0.1817858101712174,0.45025104740039557,0.125,0.8836153660971398,2.6360040727069003,0.2726673449967045,0.44700427432994355,0.4270942370312814,ETTm1,raw,37152,37248,raw:37152:1,high,mid
2,0.8000198392774458,0.005834739917380677,0.007834268289179928,0.0,0.17233366927507085,2.6360040727069003,0.2726673449967045,0.27122961582800215,0.1483336714239251,ETTm1,raw,37152,37248,raw:37152:2,low,low
3,0.6637402038743541,0.3734046462241327,0.09484291781613077,0.25,0.8089972012665162,2.6360040727069003,0.2726673449967045,0.37732925597153916,0.4438881820877402,ETTm1,raw,37152,37248,raw:37152:3,mid,mid
4,0.8161138036135344,0.05665210361742498,0.0735110921531593,0.25,0.6213655168230329,2.6360040727069003,0.2726673449967045,0.3154256664613729,0.38134428727324576,ETTm1,raw,37152,37248,raw:37152:4,low,mid
5,0.5573144455536347,0.11522457730107849,0.04185775659314404,0.0,0.6355859805500252,2.6360040727069003,0.2726673449967045,0.23813225981595243,0.3027511085155766,ETTm1,raw,37152,37248,raw:37152:5,low,low
6,0.8719965034935255,0.0883302990233361,0.13742113409867956,0.125,0.5072385127634004,2.6360040727069003,0.2726673449967045,0.36591597887184707,0.3016352859200349,ETTm1,raw,37152,37248,raw:37152:6,mid,low
0,0.5885170842094203,0.015977690336571634,0.007205460005259947,0.0,0.19720309517937298,2.1465732509362474,0.19109554150421534,0.20390007818375058,0.12943287889452945,ETTm1,raw,37248,37344,raw:37248:0,low,low
1,0.644409839351205,0.11118956618748257,0.0689139194092506,0.125,0.7328614659093928,2.1465732509362474,0.19109554150421534,0.27483777498264605,0.34965233580453603,ETTm1,raw,37248,37344,raw:37248:1,low,low
2,0.5853856772264425,0.014443284973983325,0.029986587056360828,0.0,0.20217888254082692,2.1465732509362474,0.19109554150421534,0.20993851641892888,0.13109147468168075,ETTm1,raw,37248,37344,raw:37248:2,low,low
3,0.5117739636839517,0.10073452012750653,0.18697434479452682,0.0,0.7047125539558956,2.1465732509362474,0.19109554150421534,0.266494276201995,0.2986026984867037,ETTm1,raw,37248,37344,raw:37248:3,low,low
4,0.0,0.0,0.0,0.0,-0.0,2.1465732509362474,0.19109554150421534,0.0,0.06369851383473844,ETTm1,raw,37248,37344,raw:37248:4,low,low
5,0.0,0.0,0.0,0.0,-0.0,2.1465732509362474,0.19109554150421534,0.0,0.06369851383473844,ETTm1,raw,37248,37344,raw:37248:5,low,low
6,0.7619043181750824,0.14495957301047108,0.12149455648314357,0.0,0.5709117475285378,2.1465732509362474,0.19109554150421534,0.342786149222899,0.2540024296775844,ETTm1,raw,37248,37344,raw:37248:6,mid,low
0,0.4255684438996419,0.013150293495559615,0.0019540346812130594,0.0,0.13247061580613181,2.7157296723581617,0.28595494491643536,0.14689092402547152,0.1394751869075224,ETTm1,raw,37440,37536,raw:37440:0,low,low
1,0.4809951317192491,0.111139270368324,0.10975764505296275,0.125,0.5036292927791476,2.7157296723581617,0.28595494491643536,0.23396401571351197,0.30486141256519433,ETTm1,raw,37440,37536,raw:37440:1,low,low
2,0.38991199949482236,0.012626625835485801,0.0004825587958596164,0.0,0.13348191557791086,2.7157296723581617,0.28595494491643536,0.13434039470872258,0.13981228683144875,ETTm1,raw,37440,37536,raw:37440:2,low,low
3,0.49884769753016356,0.09064797743191458,0.0540367772408406,0.125,0.5494204427073712,2.7157296723581617,0.28595494491643536,0.2145108174009729,0.3201251292079355,ETTm1,raw,37440,37536,raw:37440:3,low,low
4,0.0,0.0,0.0,0.0,-0.0,2.7157296723581617,0.28595494491643536,0.0,0.09531831497214512,ETTm1,raw,37440,37536,raw:37440:4,low,low
5,0.0,0.0,0.0,0.0,-0.0,2.7157296723581617,0.28595494491643536,0.0,0.09531831497214512,ETTm1,raw,37440,37536,raw:37440:5,low,low
6,0.6627979694431585,0.009377731676795209,0.15983575069905495,0.125,0.527682708587538,2.7157296723581617,0.28595494491643536,0.27733715060633624,0.3128792178346578,ETTm1,raw,37440,37536,raw:37440:6,low,low
0,0.4133500724467859,0.023659512461366033,0.0006342326558303372,0.0,0.1837949420786065,1.8583006988135933,0.14305011623051536,0.14588127252132743,0.10894835276970728,ETTm1,raw,37536,37632,raw:37536:0,low,low
1,0.7418405397252406,0.09732661594225361,0.31040916566176885,0.125,0.6739453246138264,1.8583006988135933,0.14305011623051536,0.3831921071097544,0.3139984802814472,ETTm1,raw,37536,37632,raw:37536:1,mid,low
2,0.37610924638504173,0.023365144627709264,0.00012818143211704367,0.0,0.17900864764473093,1.8583006988135933,0.14305011623051536,0.1332008574816227,0.10735292129174877,ETTm1,raw,37536,37632,raw:37536:2,low,low
3,0.6194976199565728,0.11965964025438902,0.07176888952540178,0.125,0.7060794128916175,1.8583006988135933,0.14305011623051536,0.27030871657878786,0.32470984304071093,ETTm1,raw,37536,37632,raw:37536:3,low,low
4,0.0,0.0,0.0,0.0,-0.0,1.8583006988135933,0.14305011623051536,0.0,0.047683372076838454,ETTm1,raw,37536,37632,raw:37536:4,low,low
5,0.0,0.0,0.0,0.0,-0.0,1.8583006988135933,0.14305011623051536,0.0,0.047683372076838454,ETTm1,raw,37536,37632,raw:37536:5,low,low
6,0.8632709085024295,0.015485439225284028,0.009151377457122275,0.0,0.5535259232857808,1.8583006988135933,0.14305011623051536,0.2959692417282786,0.2321920131720987,ETTm1,raw,37536,37632,raw:37536:6,low,low
0,0.5376391167692403,0.009850522292163554,0.02876635808256662,0.0,0.15710576285972006,2.0012696571174287,0.16687827590810766,0.1920853323813235,0.1079946795892759,ETTm1,raw,37632,37728,raw:37632:0,low,low
1,0.4982641065712087,0.02408004752260478,0.1304921456515484,0.125,0.538160831469045,2.0012696571174287,0.16687827590810766,0.21761209991512062,0.2766797024590509,ETTm1,raw,37632,37728,raw:37632:1,low,low
2,0.45051482293492395,0.010251670571924889,0.03150090524449905,0.0,0.1598456359383276,2.0012696571174287,0.16687827590810766,0.16408913291711597,0.10890797061547841,ETTm1,raw,37632,37728,raw:37632:2,low,low
3,0.47580980007580254,0.02580499963132547,0.08059511705414255,0.0,0.536790521026731,2.0012696571174287,0.16687827590810766,0.19406997225375686,0.23455626564494622,ETTm1,raw,37632,37728,raw:37632:3,low,low
4,0.0,0.0,0.0,0.0,-0.0,2.0012696571174287,0.16687827590810766,0.0,0.05562609196936922,ETTm1,raw,37632,37728,raw:37632:4,low,low
5,0.0,0.0,0.0,0.0,-0.0,2.0012696571174287,0.16687827590810766,0.0,0.05562609196936922,ETTm1,raw,37632,37728,raw:37632:5,low,low
6,0.69076614953385,0.009622862456531352,0.17265186128945564,0.0,0.6072014463599011,2.0012696571174287,0.16687827590810766,0.2910136244266123,0.25802657408933627,ETTm1,raw,37632,37728,raw:37632:6,low,low
0,0.5462035790280135,0.03267135827839,0.07963148358707825,0.0,0.267936086626233,3.453105054393766,0.4088508417175429,0.21950214029782725,0.22559564278125865,ETTm1,raw,37824,37920,raw:37824:0,low,low
1,0.7856350080367646,0.2577641696662972,0.2954897286406914,0.125,0.6795392584187769,3.453105054393766,0.4088508417175429,0.44629630211458443,0.40446336671210664,ETTm1,raw,37824,37920,raw:37824:1,high,mid
2,0.5446314346244279,0.0348280189113544,0.08275514251782753,0.0,0.30922778421077046,3.453105054393766,0.4088508417175429,0.2207381986845366,0.23935954197610446,ETTm1,raw,37824,37920,raw:37824:2,low,low
3,0.7429961590662217,0.2500918473415312,0.2920825481151903,0.125,0.759873150562923,3.453105054393766,0.4088508417175429,0.42839018484098107,0.4312413307601553,ETTm1,raw,37824,37920,raw:37824:3,high,mid
4,0.4715178813051223,0.1428017419047669,0.32526252728458477,0.25,0.7381484009052182,3.453105054393766,0.4088508417175429,0.31319405016482466,0.46566641420758703,ETTm1,raw,37824,37920,raw:37824:4,low,mid
5,0.7104947458558666,0.1765829426509153,0.3256121787141967,0.25,0.8596344689106087,3.453105054393766,0.4088508417175429,0.4042299557403262,0.5061617702093839,ETTm1,raw,37824,37920,raw:37824:5,high,high
6,0.8509061900692644,0.04230492235885683,0.18150064837431135,0.0,0.7730468712193267,3.453105054393766,0.4088508417175429,0.3582372536008109,0.39396590431228984,ETTm1,raw,37824,37920,raw:37824:6,mid,mid
0,0.0,0.0,0.0,0.0,-0.0,1.0,0.0,0.0,0.0,ETTm1,raw,37920,38016,raw:37920:0,low,low
1,0.0,0.0,0.0,0.0,-0.0,1.0,0.0,0.0,0.0,ETTm1,raw,37920,38016,raw:37920:1,low,low
2,0.0,0.0,0.0,0.0,-0.0,1.0,0.0,0.0,0.0,ETTm1,raw,37920,38016,raw:37920:2,low,low
3,0.0,0.0,0.0,0.0,-0.0,1.0,0.0,0.0,0.0,ETTm1,raw,37920,38016,raw:37920:3,low,low
4,0.0,0.0,0.0,0.0,-0.0,1.0,0.0,0.0,0.0,ETTm1,raw,37920,38016,raw:37920:4,low,low
5,0.0,0.0,0.0,0.0,-0.0,1.0,0.0,0.0,0.0,ETTm1,raw,37920,38016,raw:37920:5,low,low
6,0.0,0.0,0.0,0.0,-0.0,1.0,0.0,0.0,0.0,ETTm1,raw,37920,38016,raw:37920:6,low,low
0,0.39901764975406384,0.06641029691254496,0.21686765094383476,0.0,0.36489198234377895,4.25838687808924,0.5430644787764326,0.22743186587014785,0.3026521537067372,ETTm1,raw,38112,38208,raw:38112:0,low,low
1,0.6317588572170834,0.16722609038298414,0.42240552318937935,0.25,0.8598319250411817,4.25838687808924,0.5430644787764326,0.4071301569298156,0.5509654679392048,ETTm1,raw,38112,38208,raw:38112:1,high,high
2,0.5171750970168754,0.06978614809480332,0.19655035817130473,0.0,0.3444868184851407,4.25838687808924,0.5430644787764326,0.26117053442766114,0.29585043242052445,ETTm1,raw,38112,38208,raw:38112:2,low,low
3,0.6228284933265242,0.12673937369679755,0.49761635609050353,0.375,0.8491830663783122,4.25838687808924,0.5430644787764326,0.41572807437127507,0.5890825150515816,ETTm1,raw,38112,38208,raw:38112:3,high,high
4,0.16086535596314144,0.3453676909149719,0.5580857916987582,1.0,0.8677036289494576,4.25838687808924,0.5430644787764326,0.35477294619229055,0.8035893692419633,ETTm1,raw,38112,38208,raw:38112:4,mid,high
5,0.6356508963358711,0.2408302762813307,0.39854169360318087,0.25,0.8552281472747886,4.25838687808924,0.5430644787764326,0.4250076220734609,0.549430875350407,ETTm1,raw,38112,38208,raw:38112:5,high,high
6,0.4434095233603147,0.13353586343840795,0.2684339788146821,0.25,0.7256033553281475,4.25838687808924,0.5430644787764326,0.2817931218711349,0.5062226113681934,ETTm1,raw,38112,38208,raw:38112:6,low,high
0,0.7603463520255395,0.06738117632878654,0.15452972809739327,0.0,0.49949138342496563,2.9484925153896655,0.32474875202369635,0.3274190854839064,0.2747467118162206,ETTm1,raw,38208,38304,raw:38208:0,mid,low
1,0.88736582704995,0.2433628776483573,0.446443786528634,0.125,0.8833818873701705,2.9484925153896655,0.32474875202369635,0.5257241637423137,0.44437687979795565,ETTm1,raw,38208,38304,raw:38208:1,high,mid
2,0.7335626994658013,0.06155081932540028,0.13896779573398133,0.0,0.4871745077847478,2.9484925153896655,0.32474875202369635,0.311360438175061,0.2706410866028147,ETTm1,raw,38208,38304,raw:38208:2,low,low
3,0.773666898593147,0.32643656823817413,0.42671719644562733,0.125,0.9001488854737089,2.9484925153896655,0.32474875202369635,0.5089402210923161,0.44996587916580166,ETTm1,raw,38208,38304,raw:38208:3,high,mid
4,0.6527944427652812,0.3511881190255265,0.4485909176320245,0.375,0.8115604608526605,2.9484925153896655,0.32474875202369635,0.48419115980761074,0.5037697376254523,ETTm1,raw,38208,38304,raw:38208:4,high,high
5,0.6874690956763561,0.13210666158320275,0.42459712234556873,0.0,0.6143803633756344,2.9484925153896655,0.32474875202369635,0.41472429320170917,0.3130430384664436,ETTm1,raw,38208,38304,raw:38208:5,high,low
6,0.7807927125203337,0.35966674494252443,0.45686256292250677,0.125,0.8149382440670173,2.9484925153896655,0.32474875202369635,0.5324406734617882,0.4215623320302379,ETTm1,raw,38208,38304,raw:38208:6,high,mid
0,0.36344879642398253,0.04066186984659263,0.017633741570349155,0.0,0.28379904502060327,3.0477125120415876,0.3412854181047889,0.1405814692803081,0.20836148770846408,ETTm1,raw,38400,38496,raw:38400:0,low,low
1,0.5646163103947988,0.14793881702101813,0.36141269150682437,0.125,0.8124332873803827,3.0477125120415876,0.3412854181047889,0.35798927297421373,0.42623956849505723,ETTm1,raw,38400,38496,raw:38400:1,mid,mid
2,0.1906832115817736,0.019366875103937663,0.03162082349963405,0.0,0.2648275226728908,3.0477125120415876,0.3412854181047889,0.08055697006178177,0.20203764692589324,ETTm1,raw,38400,38496,raw:38400:2,low,low
3,0.5457748101391471,0.050810389219145095,0.21599221433372712,0.0,0.6645356174005633,3.0477125120415876,0.3412854181047889,0.27085913789733973,0.3352736785017841,ETTm1,raw,38400,38496,raw:38400:3,low,low
4,0.793898208932321,0.2780605501972234,0.16293173154102836,0.25,0.7646851332202018,3.0477125120415876,0.3412854181047889,0.4116301635568576,0.4519901837749969,ETTm1,raw,38400,38496,raw:38400:4,high,mid
5,0.49211370652733466,0.10005629966250526,0.673752466978323,0.5,0.8614595932015486,3.0477125120415876,0.3412854181047889,0.421974157722721,0.5675816704354458,ETTm1,raw,38400,38496,raw:38400:5,high,high
6,0.7325050919552318,0.05289782995545421,0.08124015877811691,0.0,0.6002433774243763,3.0477125120415876,0.3412854181047889,0.28888102689626766,0.31384293184305506,ETTm1,raw,38400,38496,raw:38400:6,low,low
0,0.5896133445400942,0.020247640639742805,0.04930626319516487,0.0,0.1617073327600089,2.584972276378746,0.2641620456228543,0.21972241612500062,0.1419564594609544,ETTm1,raw,38496,38592,raw:38496:0,low,low
1,0.46700590365005556,0.04930770078340013,0.04692103354549587,0.125,0.5740454887697585,2.584972276378746,0.2641620456228543,0.18774487932631723,0.32106917813087094,ETTm1,raw,38496,38592,raw:38496:1,low,low
2,0.6773796120450126,0.008632673744599044,0.06339547915745619,0.0,0.17791795706406657,2.584972276378746,0.2641620456228543,0.24980258831568927,0.14736000089564028,ETTm1,raw,38496,38592,raw:38496:2,low,low
3,0.4226635775948526,0.08110480704225703,0.09781529580195007,0.125,0.5254781211222288,2.584972276378746,0.2641620456228543,0.20052789347968658,0.30488005558169434,ETTm1,raw,38496,38592,raw:38496:3,low,low
4,0.8804054835968029,0.37476425192871343,0.015955780573811744,0.375,0.801751060529377,2.584972276378746,0.2641620456228543,0.4237085053664427,0.4803043687174104,ETTm1,raw,38496,38592,raw:38496:4,high,mid
5,0.6707558565336329,0.10599626116609848,0.37963758264199593,0.875,0.9782342059146818,2.584972276378746,0.2641620456228543,0.3854632334472425,0.705798750512512,ETTm1,raw,38496,38592,raw:38496:5,mid,high
6,0.8590521511046205,0.017440660480518677,0.0721343090980481,0.0,0.6025470727744013,2.584972276378746,0.2641620456228543,0.31620904022772905,0.28890303946575185,ETTm1,raw,38496,38592,raw:38496:6,mid,low
0,0.4889838255062764,0.048882506942473425,0.013372764125678416,0.0,0.36214433572709154,3.323211716003391,0.3872019520218952,0.1837463655248094,0.2497820959163289,ETTm1,raw,38592,38688,raw:38592:0,low,low
1,0.6397599283577817,0.05476203305846182,0.17103279688324272,0.125,0.6445263949300957,3.323211716003391,0.3872019520218952,0.2885182527664954,0.38557611565066363,ETTm1,raw,38592,38688,raw:38592:1,low,mid
2,0.48281932609676703,0.05690212580276055,0.02550503156187047,0.0,0.37558477307981103,3.323211716003391,0.3872019520218952,0.188408827820466,0.2542622417005687,ETTm1,raw,38592,38688,raw:38592:2,low,low
3,0.5748454696270011,0.07453487907037915,0.16621382513741617,0.25,0.7800210356166055,3.323211716003391,0.3872019520218952,0.27186472461159883,0.4724076625461669,ETTm1,raw,38592,38688,raw:38592:3,low,mid
4,0.808493074295268,0.2854943046003643,0.13420325664476068,0.125,0.6716430913235666,3.323211716003391,0.3872019520218952,0.4093968785134643,0.39461501444848723,ETTm1,raw,38592,38688,raw:38592:4,high,mid
5,0.3960544322496191,0.2726082769471184,0.49803880135678896,0.375,0.8455517228228558,3.323211716003391,0.3872019520218952,0.38890050351784217,0.535917891614917,ETTm1,raw,38592,38688,raw:38592:5,mid,high
6,0.7150483526921966,0.10301067043058365,0.15796095519933967,0.0,0.5866089351256905,3.323211716003391,0.3872019520218952,0.32533999277403997,0.3246036290491952,ETTm1,raw,38592,38688,raw:38592:6,mid,low
0,0.8325185767677312,0.11963616682807038,0.012126022099883848,0.0,0.5183316638063685,2.9651093103357162,0.32751821784342233,0.3214269218985618,0.28194996054993027,ETTm1,raw,38784,38880,raw:38784:0,mid,low
1,0.749285189948149,0.11535202728895244,0.562765011564996,0.875,0.9611585604909316,2.9651093103357162,0.32751821784342233,0.4758007429340325,0.721225592778118,ETTm1,raw,38784,38880,raw:38784:1,high,high
2,0.7116027156235587,0.08102610617848743,0.0734934106467379,0.0,0.437010818741898,2.9651093103357162,0.32751821784342233,0.28870741081626133,0.2548430121951068,ETTm1,raw,38784,38880,raw:38784:2,low,low
3,0.6107300654839127,0.15379368303719565,0.7657004380498266,0.625,0.8871845927120572,2.9651093103357162,0.32751821784342233,0.5100747288569784,0.6132342701851599,ETTm1,raw,38784,38880,raw:38784:3,high,high
4,0.8349538527059426,0.4599542754256335,0.0864726708068084,0.0,0.6310217528988046,2.9651093103357162,0.32751821784342233,0.4604602663127948,0.3195133235807423,ETTm1,raw,38784,38880,raw:38784:4,high,low
5,0.4658210419574351,0.05766391679298957,0.020719766605331272,0.0,0.3230681148071252,2.9651093103357162,0.32751821784342233,0.18140157511858532,0.21686211088351584,ETTm1,raw,38784,38880,raw:38784:5,low,low
6,0.4659433875896851,0.11825817831875127,0.137662917475706,0.125,0.7000037351480277,2.9651093103357162,0.32751821784342233,0.2406214944613808,0.3841739843304834,ETTm1,raw,38784,38880,raw:38784:6,low,mid
0,0.6731554864155913,0.012342496517795705,0.13357198334431625,0.0,0.24152948115257478,2.4834227006028406,0.24723711635507825,0.27302332209256774,0.16292219916921769,ETTm1,raw,38880,38976,raw:38880:0,low,low
1,0.5411258841590245,0.10581929215762176,0.02958724526254735,0.0,0.5725458958474943,2.4834227006028406,0.24723711635507825,0.22551080719306452,0.2732610040675242,ETTm1,raw,38880,38976,raw:38880:1,low,low
2,0.6196946919506039,0.005482667293202502,0.09988016504716869,0.0,0.226559325494251,2.4834227006028406,0.24723711635507825,0.241685841430325,0.15793214728310975,ETTm1,raw,38880,38976,raw:38880:2,low,low
3,0.45249894925192746,0.08664408301095355,0.16713945799844138,0.0,0.5775158343690473,2.4834227006028406,0.24723711635507825,0.23542749675377408,0.2749176502413752,ETTm1,raw,38880,38976,raw:38880:3,low,low
4,0.7360842224615605,0.3970877501440598,0.2603315971390314,0.375,0.8839845809711113,2.4834227006028406,0.24723711635507825,0.46450118991488387,0.5020738991087298,ETTm1,raw,38880,38976,raw:38880:4,high,high
5,0.3686508101920707,0.3227165095396177,0.5215452194360672,0.125,0.885005027757663,2.4834227006028406,0.24723711635507825,0.4043041797225852,0.419080714704247,ETTm1,raw,38880,38976,raw:38880:5,high,mid
6,0.9538851172645034,0.06143429611154517,0.09532744953326332,0.0,0.5472615963651969,2.4834227006028406,0.24723711635507825,0.3702156209697706,0.2648329042400917,ETTm1,raw,38880,38976,raw:38880:6,mid,low
0,0.6688229676559074,0.18428010921703003,0.212498329489445,0.0,0.5920753906442338,2.8831465971052035,0.3138577656611043,0.3552004687874608,0.30197771876844604,ETTm1,raw,39072,39168,raw:39072:0,mid,low
1,0.6970106995048331,0.336557694324233,0.11023035239122991,0.5,0.9574039825532505,2.8831465971052035,0.3138577656611043,0.3812662487400987,0.5904205827381183,ETTm1,raw,39072,39168,raw:39072:1,mid,high
2,0.7794870836325621,0.22186669644496793,0.19949687498612204,0.0,0.51290677911201,2.8831465971052035,0.3138577656611043,0.40028355168788404,0.2755881815910381,ETTm1,raw,39072,39168,raw:39072:2,high,low
3,0.7471455373420373,0.12894223578217545,0.07574482280734766,0.75,0.9742414976000388,2.8831465971052035,0.3138577656611043,0.3172775319771868,0.6793664210870477,ETTm1,raw,39072,39168,raw:39072:3,mid,high
4,0.6940673089603671,0.06104987360650387,0.26478324286530264,0.375,0.8908263075036389,2.8831465971052035,0.3138577656611043,0.3399668084773912,0.5265613577215811,ETTm1,raw,39072,39168,raw:39072:4,mid,high
5,0.37513409189819125,0.041239044958533075,0.3883825129609701,0.0,0.4785577894243756,2.8831465971052035,0.3138577656611043,0.26825188327256483,0.2641385183618266,ETTm1,raw,39072,39168,raw:39072:5,low,low
6,0.6214111484853599,0.16370759923148753,0.09636474227041218,0.125,0.5411841984823759,2.8831465971052035,0.3138577656611043,0.29382782999575324,0.32668065471449337,ETTm1,raw,39072,39168,raw:39072:6,low,low
0,0.8285515269766452,0.14501914036235147,0.30512240112570715,0.0,0.7536597437518451,3.3445853907430805,0.3907642311392397,0.426231022821568,0.38147465829702826,ETTm1,raw,39168,39264,raw:39168:0,high,mid
1,0.8189588465772657,0.20541704011394551,0.34823681518882593,0.75,0.974556067009731,3.3445853907430805,0.3907642311392397,0.4575375672933457,0.7051067660496568,ETTm1,raw,39168,39264,raw:39168:1,high,high
2,0.7993099081767514,0.09724812550446396,0.2495387590180787,0.0,0.6976034069438447,3.3445853907430805,0.3907642311392397,0.382032264233098,0.3627892126943615,ETTm1,raw,39168,39264,raw:39168:2,mid,mid
3,0.8028786506870613,0.2654371951521724,0.36298972403043434,1.0,0.9672659312629817,3.3445853907430805,0.3907642311392397,0.47710185662322263,0.7860100541340738,ETTm1,raw,39168,39264,raw:39168:3,high,high
4,0.8127972394299177,0.155737167657708,0.2823346733164731,0.0,0.5768283467363782,3.3445853907430805,0.3907642311392397,0.41695636013469956,0.3225308592918726,ETTm1,raw,39168,39264,raw:39168:4,high,low
5,0.7842751978397104,0.09898392584230964,0.10238604581020644,0.0,0.4052351205553703,3.3445853907430805,0.3907642311392397,0.3285483898307422,0.2653331172315367,ETTm1,raw,39168,39264,raw:39168:5,mid,low
6,0.08906975924201377,0.07568770255021454,0.4788038329688316,0.375,0.8539684148064215,3.3445853907430805,0.3907642311392397,0.21452043158701997,0.5399108819818871,ETTm1,raw,39168,39264,raw:39168:6,low,high
0,0.7781631181927129,0.041523784288896956,0.009294339565812703,0.0,0.5772289825899889,2.89014789939169,0.3150246493735739,0.2763270806824742,0.2974178773211876,ETTm1,raw,39264,39360,raw:39264:0,low,low
1,0.7499610217803157,0.25156669543654353,0.04216669195531636,0.375,0.9185158421065478,2.89014789939169,0.3150246493735739,0.34789813639072514,0.5361801638267072,ETTm1,raw,39264,39360,raw:39264:1,mid,high
2,0.7660571313166522,0.044204788763712005,0.006219211514392649,0.0,0.49685667080581475,2.89014789939169,0.3150246493735739,0.2721603771982523,0.2706271067264629,ETTm1,raw,39264,39360,raw:39264:2,low,low
3,0.6675505769303924,0.20020829867577364,0.03897534189316996,0.375,0.9546268825303572,2.89014789939169,0.3150246493735739,0.30224473916644534,0.5482171773013104,ETTm1,raw,39264,39360,raw:39264:3,low,high
4,0.8042708562436084,0.07541976283220606,0.5792050019662123,0.25,0.751922766954214,2.89014789939169,0.3150246493735739,0.48629854034734227,0.43898247210926256,ETTm1,raw,39264,39360,raw:39264:4,high,mid
5,0.45668312233003094,0.06886562554922336,0.4094674673566051,0.125,0.5324352688048185,2.89014789939169,0.3150246493735739,0.3116720717452865,0.32415330605946413,ETTm1,raw,39264,39360,raw:39264:5,low,low
6,0.9115318955019988,0.09897191512872854,0.29837762747085517,0.125,0.6439778865577649,2.89014789939169,0.3150246493735739,0.43629381270052753,0.3613341786437796,ETTm1,raw,39264,39360,raw:39264:6,high,mid
0,0.6658832771228784,0.06496901928289017,0.23533834542946327,0.125,0.6234867540516209,3.337179424824722,0.3895299034882372,0.32206354727841063,0.37933888584661934,ETTm1,raw,39456,39552,raw:39456:0,mid,mid
1,0.3872831783827556,0.13360421838624298,0.44236381953884324,0.25,0.7249244186714411,3.337179424824722,0.3895299034882372,0.32108373876928065,0.4548181073865594,ETTm1,raw,39456,39552,raw:39456:1,mid,mid
2,0.6780792196071571,0.08755555553408928,0.20354985487416066,0.0,0.6158313114683014,3.337179424824722,0.3895299034882372,0.32306154333846904,0.3351204049855128,ETTm1,raw,39456,39552,raw:39456:2,mid,low
3,0.4193309922299806,0.24568370507368198,0.32009546145809753,0.375,0.7919861949596315,3.337179424824722,0.3895299034882372,0.3283700529205867,0.518838699482623,ETTm1,raw,39456,39552,raw:39456:3,mid,high
4,0.7693249765153658,0.3180301367159327,0.044131401453704595,0.25,0.8464244526206696,3.337179424824722,0.3895299034882372,0.37716217156166776,0.49531811870296893,ETTm1,raw,39456,39552,raw:39456:4,mid,mid
5,0.8059072676511283,0.3267050057897349,0.06359592936458829,0.125,0.8197741777073153,3.337179424824722,0.3895299034882372,0.3987360676018172,0.44476802706518415,ETTm1,raw,39456,39552,raw:39456:5,high,mid
6,0.646370878589337,0.015895389247989736,0.4009039410001243,0.125,0.5880012469216718,3.337179424824722,0.3895299034882372,0.3543900696124836,0.3675103834699696,ETTm1,raw,39456,39552,raw:39456:6,mid,mid
0,0.8735370008018877,0.035469304502409246,0.1940910888881317,0.0,0.3651013768601326,2.1746844301174906,0.19578073802661386,0.36769913139747623,0.1869607049622488,ETTm1,raw,39552,39648,raw:39552:0,mid,low
1,0.6418909839410081,0.11764745810363925,0.4646018593578344,0.0,0.7483315076224734,2.1746844301174906,0.19578073802661386,0.4080467671341606,0.31470408188302906,ETTm1,raw,39552,39648,raw:39552:1,high,low
2,0.8984454109887972,0.035068628816784915,0.12208591119750929,0.0,0.34738851239888524,2.1746844301174906,0.19578073802661386,0.35186665033436376,0.1810564168084997,ETTm1,raw,39552,39648,raw:39552:2,mid,low
3,0.7514904613422383,0.14527254541379703,0.34594365808383953,0.0,0.7841507005013332,2.1746844301174906,0.19578073802661386,0.41423555494662495,0.32664381284264904,ETTm1,raw,39552,39648,raw:39552:3,high,low
4,0.30149484568812024,0.28984570299080364,0.5070232905984439,0.25,0.8226296621648969,2.1746844301174906,0.19578073802661386,0.3661212797591225,0.42280346673050356,ETTm1,raw,39552,39648,raw:39552:4,mid,mid
5,0.5620838199736145,0.10247868613863698,0.2391084639075884,0.0,0.42377406008199536,2.1746844301174906,0.19578073802661386,0.30122365667327994,0.20651826603620307,ETTm1,raw,39552,39648,raw:39552:5,low,low
6,0.8830452475820858,0.10310182653927363,0.10439003749097703,0.0,0.5054533253493784,2.1746844301174906,0.19578073802661386,0.36351237053744545,0.23374468779199742,ETTm1,raw,39552,39648,raw:39552:6,mid,low
0,0.7108081487025353,0.06942702670024567,0.05479730839805323,0.0,0.557089499204671,2.856713420087677,0.3094522361655258,0.2783441612669447,0.28884724512339893,ETTm1,raw,39744,39840,raw:39744:0,low,low
1,0.6196839064163426,0.1572141324773615,0.5356059344551325,0.25,0.7167472315426792,2.856713420087677,0.3094522361655258,0.4375013244496122,0.4253998225694016,ETTm1,raw,39744,39840,raw:39744:1,high,mid
2,0.6619021457729666,0.04964095122364861,0.04540323529455878,0.0,0.4876267804608318,2.856713420087677,0.3094522361655258,0.25231544409705803,0.2656930055421192,ETTm1,raw,39744,39840,raw:39744:2,low,low
3,0.6837110340200303,0.11743381318996662,0.5085376610645794,0.125,0.7291215921674888,2.856713420087677,0.3094522361655258,0.4365608360915254,0.38785794277767155,ETTm1,raw,39744,39840,raw:39744:3,high,mid
4,0.6827743065719716,0.1375648190946862,0.2502964183302181,0.125,0.5240027500646084,2.856713420087677,0.3094522361655258,0.35687851466562526,0.3194849954100447,ETTm1,raw,39744,39840,raw:39744:4,mid,low
5,0.6599019359440634,0.047122369210474496,0.2719208433112801,0.0,0.5198481215201692,2.856713420087677,0.3094522361655258,0.326315049488606,0.27643345256189833,ETTm1,raw,39744,39840,raw:39744:5,mid,low
6,0.8624592198579921,0.029715734391217198,0.09163283966055398,0.0,0.5967440082555784,2.856713420087677,0.3094522361655258,0.32793593130325444,0.30206541480703475,ETTm1,raw,39744,39840,raw:39744:6,mid,low
0,0.8132506442526797,0.44738519969863433,0.3675103559648728,0.0,0.7408281837288054,1.6783227083347072,0.11305378453402823,0.5427153999720623,0.2846273227542779,ETTm1,raw,39840,39936,raw:39840:0,high,low
1,0.8863780403798008,0.2020575443888908,0.250793289457526,0.375,0.8195566545766728,1.6783227083347072,0.11305378453402823,0.4464096247420726,0.4358701463702337,ETTm1,raw,39840,39936,raw:39840:1,high,mid
2,0.8619053347796168,0.4795107995683796,0.3767082391210346,0.0,0.7386316696022348,1.6783227083347072,0.11305378453402823,0.572708124489677,0.2838951513787544,ETTm1,raw,39840,39936,raw:39840:2,high,low
3,0.7533839223639005,0.17894452173379694,0.28051276051138685,0.25,0.8016172426724596,1.6783227083347072,0.11305378453402823,0.40428040153636147,0.388223675735496,ETTm1,raw,39840,39936,raw:39840:3,high,mid
4,0.8663921468131155,0.048503742904651814,0.05763196464605103,0.375,0.9184314760091773,1.6783227083347072,0.11305378453402823,0.3241759514546061,0.4688284201810686,ETTm1,raw,39840,39936,raw:39840:4,mid,mid
5,0.9664903315277646,0.3998262509746494,0.0953739330676496,0.25,0.9176595323493734,1.6783227083347072,0.11305378453402823,0.4872301718566879,0.4269044389611339,ETTm1,raw,39840,39936,raw:39840:5,high,mid
6,0.7503397093340363,0.21146758803296453,0.021338999641699278,0.0,0.38652703327524834,1.6783227083347072,0.11305378453402823,0.32771543233623335,0.16652693926975884,ETTm1,raw,39840,39936,raw:39840:6,mid,low
0,0.7623070728044918,0.02848625324910873,0.1375214029104618,0.0,0.245849942961484,3.252380269708134,0.37539671099236116,0.30943824298802075,0.20708221798461504,ETTm1,raw,40032,40128,raw:40032:0,low,low
1,0.5406180314121101,0.19111379422117789,0.09530797887320883,0.125,0.5142807488682632,3.252380269708134,0.37539671099236116,0.27567993483549896,0.3382258199535415,ETTm1,raw,40032,40128,raw:40032:1,low,low
2,0.7567427107740939,0.015628464712126238,0.11838610092282278,0.0,0.2515797363544234,3.252380269708134,0.37539671099236116,0.29691909213634765,0.20899214911559483,ETTm1,raw,40032,40128,raw:40032:2,low,low
3,0.4496504420419194,0.14768357979125188,0.011537961044948138,0.125,0.5077688738736201,3.252380269708134,0.37539671099236116,0.2029573276260398,0.33605519495532715,ETTm1,raw,40032,40128,raw:40032:3,low,low
4,0.5998965689846092,0.2038091475687221,0.40691301482124215,0.375,0.7764249513403044,3.252380269708134,0.37539671099236116,0.4035395771248578,0.5089405541108886,ETTm1,raw,40032,40128,raw:40032:4,high,high
5,0.6454067504457717,0.36292653870231406,0.14817477327775216,0.125,0.7636272941455712,3.252380269708134,0.37539671099236116,0.3855026874752793,0.4213413350459774,ETTm1,raw,40032,40128,raw:40032:5,mid,mid
6,0.841495877062973,0.014902982659409248,0.06870513195489387,0.0,0.6138203934012422,3.252380269708134,0.37539671099236116,0.30836799722575875,0.32973903479786776,ETTm1,raw,40032,40128,raw:40032:6,low,low
0,0.7436734148070541,0.02044823325906423,0.014797850085616036,0.0,0.19317902655217428,3.367363373918983,0.3945605616622296,0.2596398327172448,0.19591319607146795,ETTm1,raw,40128,40224,raw:40128:0,low,low
1,0.6196139503128788,0.15283496366104374,0.3639029406613605,0.125,0.4321009530309903,3.367363373918983,0.3945605616622296,0.37878395154509437,0.31722050489773995,ETTm1,raw,40128,40224,raw:40128:1,mid,low
2,0.7573957156142289,0.012230290727320172,0.00018903253231178596,0.0,0.211511279305362,3.367363373918983,0.3945605616622296,0.2566050129579536,0.2020239469891972,ETTm1,raw,40128,40224,raw:40128:2,low,low
3,0.7848002457495196,0.1850732181073842,0.11302559132208505,0.125,0.5482291884976032,3.367363373918983,0.3945605616622296,0.36096635172632957,0.3559299167199443,ETTm1,raw,40128,40224,raw:40128:3,mid,low
4,0.6188813789565284,0.16309339961862374,0.32024879619179736,0.25,0.8512815651561676,3.367363373918983,0.3945605616622296,0.36740785825564987,0.4986140422727991,ETTm1,raw,40128,40224,raw:40128:4,mid,mid
5,0.306438372283832,0.32964600771468716,0.4780436820814087,1.0,0.960204979964133,3.367363373918983,0.3945605616622296,0.37137602069330927,0.7849218472087874,ETTm1,raw,40128,40224,raw:40128:5,mid,high
6,0.8003069779125951,0.029207300700609153,0.1165384564776793,0.0,0.5433192476835192,3.367363373918983,0.3945605616622296,0.3153509116969612,0.3126266031152496,ETTm1,raw,40128,40224,raw:40128:6,low,low
0,0.7279928335532794,0.018477687941715795,0.14269873351051976,0.0,0.28062017490725955,3.2931822783139313,0.38219704574866015,0.29638975166850495,0.22093907355197326,ETTm1,raw,40224,40320,raw:40224:0,low,low
1,0.6555454327619386,0.1990565270280925,0.24052835631884148,0.125,0.6418038034888759,3.2931822783139313,0.38219704574866015,0.3650434387029575,0.3830002830791787,ETTm1,raw,40224,40320,raw:40224:1,mid,mid
2,0.7468852250659946,0.016724039423454642,0.12970415070544838,0.0,0.3038877601024167,3.2931822783139313,0.38219704574866015,0.2977711383982992,0.2286949352836923,ETTm1,raw,40224,40320,raw:40224:2,low,low
3,0.6608171139345318,0.1879922682632599,0.18370033526149596,0.125,0.7116310636879535,3.2931822783139313,0.38219704574866015,0.34416990581976253,0.40627603647887117,ETTm1,raw,40224,40320,raw:40224:3,mid,mid
4,0.7752045073226891,0.17602405600551013,0.2671723420664849,0.375,0.9012543243852595,3.2931822783139313,0.38219704574866015,0.40613363513156137,0.5528171233779732,ETTm1,raw,40224,40320,raw:40224:4,high,high
5,0.31097660152886464,0.14434206044319353,0.5338021898036696,0.375,0.9435056772185269,3.2931822783139313,0.38219704574866015,0.32970695059190924,0.566900907655729,ETTm1,raw,40224,40320,raw:40224:5,mid,high
6,0.8390563790483762,0.5463847400696733,0.35314387201274683,0.25,0.7073033354604135,3.2931822783139313,0.38219704574866015,0.5795283303769321,0.44650012706969117,ETTm1,raw,40224,40320,raw:40224:6,high,mid
0,0.7391444682972672,0.0577306133927829,0.15147468245831355,0.0,0.5148378023570059,3.8277598041536756,0.4712932999067904,0.3161165880494545,0.32871036742126547,ETTm1,raw,40416,40512,raw:40416:0,mid,low
1,0.7911710066611722,0.48862461639625787,0.30731019892467626,0.625,0.9043391980610391,3.8277598041536756,0.4712932999067904,0.5290352739940355,0.6668774993226099,ETTm1,raw,40416,40512,raw:40416:1,high,high
2,0.694635033645076,0.06125237685093013,0.1352040714220887,0.0,0.4880018544893145,3.8277598041536756,0.4712932999067904,0.29703049397269826,0.3197650514653683,ETTm1,raw,40416,40512,raw:40416:2,low,low
3,0.7127388180433565,0.3538060577524006,0.4119081761026635,0.75,0.8419525393053139,3.8277598041536756,0.4712932999067904,0.49281768396614023,0.6877486130707013,ETTm1,raw,40416,40512,raw:40416:3,high,high
4,0.371416179779519,0.258950930057274,0.5144218435760203,0.375,0.7786956315184405,3.8277598041536756,0.4712932999067904,0.3815963178042711,0.5416629771417437,ETTm1,raw,40416,40512,raw:40416:4,mid,high
5,0.6749048579344148,0.20044624385569748,0.1732946395882212,0.25,0.915426044299457,3.8277598041536756,0.4712932999067904,0.3495485804594445,0.5455731147354158,ETTm1,raw,40416,40512,raw:40416:5,mid,high
6,0.4667933345975075,0.06595550795756534,0.4896435008812323,0.25,0.7769819867922063,3.8277598041536756,0.4712932999067904,0.3407974478121017,0.49942509556633224,ETTm1,raw,40416,40512,raw:40416:6,mid,mid
0,0.8228124323768289,0.009294340157080104,0.04122454711730998,0.0,0.23412544014501158,2.6335721162077363,0.27226201891418605,0.29111043988373964,0.16879581968639923,ETTm1,raw,40512,40608,raw:40512:0,low,low
1,0.5761316298492947,0.1042548855788468,0.3183909296419765,0.125,0.6855304297695128,2.6335721162077363,0.27226201891418605,0.33292581502337265,0.36093081622789963,ETTm1,raw,40512,40608,raw:40512:1,mid,mid
2,0.7306946337422939,0.005873598238072999,0.024203577885889456,0.0,0.23044613517640192,2.6335721162077363,0.27226201891418605,0.2535906032887521,0.16756938469686267,ETTm1,raw,40512,40608,raw:40512:2,low,low
3,0.6715026350371243,0.17019748629691608,0.26476701902856,0.125,0.7304787141578785,2.6335721162077363,0.27226201891418605,0.36882238012086677,0.37591357769068817,ETTm1,raw,40512,40608,raw:40512:3,mid,mid
4,0.6608618512758477,0.08568858755258998,0.29041885190842803,0.375,0.7650466144944594,2.6335721162077363,0.27226201891418605,0.3456564302456219,0.4707695444695485,ETTm1,raw,40512,40608,raw:40512:4,mid,mid
5,0.33230292074752754,0.3224758116320412,0.4638800154180839,0.75,0.8963454463084639,2.6335721162077363,0.27226201891418605,0.3728862492658842,0.6395358217408833,ETTm1,raw,40512,40608,raw:40512:5,mid,high
6,0.9772707065102013,0.03286394450899631,0.040591831531224504,0.0,0.5113753431611598,2.6335721162077363,0.27226201891418605,0.3502421608501407,0.2612124540251153,ETTm1,raw,40512,40608,raw:40512:6,mid,low
0,0.5918950853112871,0.11687977725843947,0.012686775652435669,0.0,0.48117788011781465,3.790187608687701,0.46503126733956474,0.24048721274072074,0.3154030491524598,ETTm1,raw,40704,40800,raw:40704:0,low,low
1,0.7728505938689518,0.25030213183259775,0.2357250141590644,0.625,0.8544852078908203,3.790187608687701,0.46503126733956474,0.4196259132868713,0.6481721584101283,ETTm1,raw,40704,40800,raw:40704:1,high,high
2,0.5204991185915335,0.07833698129460584,0.08838682203745932,0.0,0.4588269329977922,3.790187608687701,0.46503126733956474,0.22907430730786624,0.30795273344578566,ETTm1,raw,40704,40800,raw:40704:2,low,low
3,0.6612668017438128,0.26422549470546386,0.49451181394037325,1.0,0.8739073216596472,3.790187608687701,0.46503126733956474,0.47333470346321666,0.7796461963330708,ETTm1,raw,40704,40800,raw:40704:3,high,high
4,0.5150135851905546,0.1886741699044137,0.17154462649628655,0.5,0.879284527985732,3.790187608687701,0.46503126733956474,0.2917441271970849,0.6147719317750989,ETTm1,raw,40704,40800,raw:40704:4,low,high
5,0.548866927247323,0.50116230515244,0.37540985852111414,0.25,0.8724263992023659,3.790187608687701,0.46503126733956474,0.47514636364029234,0.5291525555139768,ETTm1,raw,40704,40800,raw:40704:5,high,high
6,0.7773097686942899,0.1650660946928966,0.2687840762866276,0.25,0.8387703260306212,3.790187608687701,0.46503126733956474,0.4037199798912714,0.5179338644567286,ETTm1,raw,40704,40800,raw:40704:6,high,high
0,0.7164972486278979,0.07169008525949289,0.5050034371590373,0.0,0.6092677039410044,3.7509133352809263,0.4584855551160118,0.43106359034880937,0.3559177530190054,ETTm1,raw,40800,40896,raw:40800:0,high,low
1,0.7649044788962197,0.15257474803209364,0.1424522122303922,1.0,0.9661062021364378,3.7509133352809263,0.4584855551160118,0.3533104797195685,0.8081972524174832,ETTm1,raw,40800,40896,raw:40800:1,mid,high
2,0.7366706642021256,0.07097561220910323,0.5790304454274583,0.0,0.5616953237580082,3.7509133352809263,0.4584855551160118,0.46222557394622904,0.3400602929580067,ETTm1,raw,40800,40896,raw:40800:2,high,low
3,0.6328854559525765,0.10093552082211432,0.1622706165421278,1.0,0.9892770476781496,3.7509133352809263,0.4584855551160118,0.2986971977722729,0.8159208675980537,ETTm1,raw,40800,40896,raw:40800:3,low,high
4,0.36497393645684384,0.1607395154722927,0.23880282578758666,0.5,0.7563483338170794,3.7509133352809263,0.4584855551160118,0.2548387592389077,0.5716112963110304,ETTm1,raw,40800,40896,raw:40800:4,low,high
5,0.6220989332396334,0.1440466164793637,0.14936875276280756,0.5,0.8793664638914795,3.7509133352809263,0.4584855551160118,0.30517143416060155,0.6126173396691638,ETTm1,raw,40800,40896,raw:40800:5,low,high
6,0.7613807385755098,0.23200170315193666,0.6708632470666293,0.25,0.7648122130452139,3.7509133352809263,0.4584855551160118,0.5547485629313585,0.49109925605374194,ETTm1,raw,40800,40896,raw:40800:6,high,mid
0,0.0,0.0,0.0,0.0,-0.0,1.0,0.0,0.0,0.0,ETTm1,raw,40896,40992,raw:40896:0,low,low
1,0.0,0.0,0.0,0.0,-0.0,1.0,0.0,0.0,0.0,ETTm1,raw,40896,40992,raw:40896:1,low,low
2,0.0,0.0,0.0,0.0,-0.0,1.0,0.0,0.0,0.0,ETTm1,raw,40896,40992,raw:40896:2,low,low
3,0.0,0.0,0.0,0.0,-0.0,1.0,0.0,0.0,0.0,ETTm1,raw,40896,40992,raw:40896:3,low,low
4,0.0,0.0,0.0,0.0,-0.0,1.0,0.0,0.0,0.0,ETTm1,raw,40896,40992,raw:40896:4,low,low
5,0.0,0.0,0.0,0.0,-0.0,1.0,0.0,0.0,0.0,ETTm1,raw,40896,40992,raw:40896:5,low,low
6,0.0,0.0,0.0,0.0,-0.0,1.0,0.0,0.0,0.0,ETTm1,raw,40896,40992,raw:40896:6,low,low
0,0.705426628099074,0.10323605473074823,0.13084245940010694,0.0,0.5441366375019778,3.6012340732620878,0.43353901148778295,0.3131683807433097,0.32589188299658695,ETTm1,raw,41088,41184,raw:41088:0,low,low
1,0.6496727990745839,0.3586120799470721,0.04218024111776214,0.375,0.9171800631215404,3.6012340732620878,0.43353901148778295,0.35015504004647274,0.5752396915364412,ETTm1,raw,41088,41184,raw:41088:1,mid,high
2,0.7299170763884204,0.09595298027370408,0.11153471904630882,0.0,0.4462497148532695,3.6012340732620878,0.43353901148778295,0.31246825856947774,0.29326290878035083,ETTm1,raw,41088,41184,raw:41088:2,low,low
3,0.7147290851273458,0.33167940157463327,0.006733731483123973,0.625,0.9930632601611504,3.6012340732620878,0.43353901148778295,0.35104740606170104,0.6838674238829778,ETTm1,raw,41088,41184,raw:41088:3,mid,high
4,0.6398365147211189,0.1028837119342329,0.5595714147819268,0.25,0.8398515380133419,3.6012340732620878,0.43353901148778295,0.4340972138124262,0.5077968498337082,ETTm1,raw,41088,41184,raw:41088:4,high,high
5,0.6059663917567164,0.2736960176503123,0.36601541100041274,0.625,0.9421012914413354,3.6012340732620878,0.43353901148778295,0.4152259401358138,0.6668801009763728,ETTm1,raw,41088,41184,raw:41088:5,high,high
6,0.6143045003079879,0.11117543352115788,0.0587133117524129,0.125,0.8225182363730384,3.6012340732620878,0.43353901148778295,0.2613977485271862,0.46035241595360715,ETTm1,raw,41088,41184,raw:41088:6,low,mid
0,0.5952255404821352,0.07753670644503964,0.06228809464671738,0.125,0.47596629316685257,3.7079817319295576,0.4513302879027091,0.24501678052463072,0.35076552702318725,ETTm1,raw,41184,41280,raw:41184:0,low,low
1,0.808972833136529,0.41033716329740716,0.14896902571011922,0.5,0.8865333190805679,3.7079817319295576,0.4513302879027091,0.45609300738135183,0.612621202327759,ETTm1,raw,41184,41280,raw:41184:1,high,high
2,0.5398042738412528,0.05620047286843591,0.04631133482241549,0.125,0.3516972963528561,3.7079817319295576,0.4513302879027091,0.2141053605107014,0.3093425280851884,ETTm1,raw,41184,41280,raw:41184:2,low,low
3,0.6634323104935382,0.1996566853503467,0.268484587768593,0.125,0.9348731788899808,3.7079817319295576,0.4513302879027091,0.37719119453749267,0.5037344889308967,ETTm1,raw,41184,41280,raw:41184:3,mid,high
4,0.5345729866780552,0.06984360408925416,0.3135042081576228,0.125,0.7329617043899274,3.7079817319295576,0.4513302879027091,0.30597359964164406,0.4364306640975455,ETTm1,raw,41184,41280,raw:41184:4,low,mid
5,0.4931241032408338,0.08452377213995063,0.13883630282047146,0.0,0.4804502685289567,3.7079817319295576,0.4513302879027091,0.23882805940041862,0.3105935188105553,ETTm1,raw,41184,41280,raw:41184:5,low,low
6,0.8645515657728834,0.44423272431633,0.5412364732664428,0.375,0.7849261437667333,3.7079817319295576,0.4513302879027091,0.6166735877852186,0.5370854772231475,ETTm1,raw,41184,41280,raw:41184:6,high,high
0,0.4645371372331907,0.0872331959847299,0.3106143569920363,0.0,0.5081936029724997,3.711531098569117,0.4519218490083164,0.28746156340331896,0.3200384839936054,ETTm1,raw,41376,41472,raw:41376:0,low,low
1,0.7813250598159117,0.3062792397029568,0.5479646670023254,0.5,0.8680678587123447,3.711531098569117,0.4519218490083164,0.5451896555070647,0.606663235906887,ETTm1,raw,41376,41472,raw:41376:1,high,high
2,0.672023573842436,0.08154070363285948,0.3110261088639816,0.0,0.46548936675562197,3.711531098569117,0.4519218490083164,0.3548634621130924,0.30580373858797943,ETTm1,raw,41376,41472,raw:41376:2,mid,low
3,0.6209160077462458,0.367076741198525,0.608123970494705,0.5,0.8173433848089159,3.711531098569117,0.4519218490083164,0.5320389064798253,0.5897550779390774,ETTm1,raw,41376,41472,raw:41376:3,high,high
4,0.33044836342785977,0.037618223286419006,0.9154683171288652,0.375,0.8542918994405293,3.711531098569117,0.4519218490083164,0.4278449679477147,0.5604045828162819,ETTm1,raw,41376,41472,raw:41376:4,high,high
5,0.39534949563541877,0.4565810764448759,0.5856314088859013,0.375,0.9561813538464338,3.711531098569117,0.4519218490083164,0.47918732698873195,0.5943677342849167,ETTm1,raw,41376,41472,raw:41376:5,high,high
6,0.5902601749828955,0.4725578587404961,0.3339742374213325,0.25,0.7164524818326208,3.711531098569117,0.4519218490083164,0.46559742371490803,0.4727914436136457,ETTm1,raw,41376,41472,raw:41376:6,high,mid
0,0.7069334190614298,0.08120774356856894,0.04574495346220716,0.0,0.61368554488286,3.22691342040344,0.37115223611531967,0.277962038697402,0.32827926033272653,ETTm1,raw,41472,41568,raw:41472:0,low,low
1,0.768595448524303,0.2043709899271317,0.05957190173124697,0.25,0.8845541123271544,3.22691342040344,0.37115223611531967,0.34417944672756057,0.5019021161474914,ETTm1,raw,41472,41568,raw:41472:1,mid,high
2,0.7318822891044295,0.0760184427182043,0.05970774676282694,0.0,0.5269908125345305,3.22691342040344,0.37115223611531967,0.28920282619515364,0.2993810162166167,ETTm1,raw,41472,41568,raw:41472:2,low,low
3,0.9033493696073827,0.16497649425950794,0.07613367957806393,0.125,0.8111340906261832,3.22691342040344,0.37115223611531967,0.3814865144816515,0.4357621089138343,ETTm1,raw,41472,41568,raw:41472:3,mid,mid
4,0.8722408940255219,0.17441213598022973,0.43351570398665124,0.125,0.6961795316542402,3.22691342040344,0.37115223611531967,0.4933895779974676,0.3974439225898532,ETTm1,raw,41472,41568,raw:41472:4,high,mid
5,0.6279907588396961,0.08788802684797446,0.6402881005643356,0.0,0.5749838599981718,3.22691342040344,0.37115223611531967,0.45205562875066874,0.31537869870449714,ETTm1,raw,41472,41568,raw:41472:5,high,low
6,0.571759574986404,0.13467404200131255,0.46955882645707486,0.5,0.876125601876446,3.22691342040344,0.37115223611531967,0.3919974811482638,0.5824259459972553,ETTm1,raw,41472,41568,raw:41472:6,high,high
0,0.6644029738324735,0.0369268132793871,0.4622310339338968,0.0,0.4720718141330028,2.394706089956835,0.2324510146053875,0.38785360701525246,0.23484094291279678,ETTm1,raw,41664,41760,raw:41664:0,mid,low
1,0.6204991702813965,0.12328963418649914,0.327467083397593,0.125,0.7686755534859293,2.394706089956835,0.2324510146053875,0.35708529595516286,0.3753755226971056,ETTm1,raw,41664,41760,raw:41664:1,mid,mid
2,0.734319657891805,0.035324226716049054,0.43601126844059007,0.0,0.45108738505404755,2.394706089956835,0.2324510146053875,0.401885051016148,0.2278461332198117,ETTm1,raw,41664,41760,raw:41664:2,high,low
3,0.38419146058398657,0.08703655841628534,0.2314598695640612,0.25,0.7026367285697904,2.394706089956835,0.2324510146053875,0.23422929618811103,0.39502924772505926,ETTm1,raw,41664,41760,raw:41664:3,low,mid
4,0.21970671146544185,0.05800388435759916,0.06471191945936347,0.25,0.6279584213945305,2.394706089956835,0.2324510146053875,0.11414083842746818,0.3701364786666393,ETTm1,raw,41664,41760,raw:41664:4,low,mid
5,0.7219534802251523,0.2692665700471999,0.4692809495562166,0.375,0.9630314843177151,2.394706089956835,0.2324510146053875,0.48683366660952293,0.523494166307701,ETTm1,raw,41664,41760,raw:41664:5,high,high
6,0.6608511884657359,0.028182317021444338,0.25283179386853666,0.125,0.5829380002240853,2.394706089956835,0.2324510146053875,0.31395509978523894,0.3134630049431576,ETTm1,raw,41664,41760,raw:41664:6,low,low
0,0.4028112809247486,0.02550197562057085,0.010082129574211071,0.0,0.39609169547332124,2.6515398384857605,0.2752566392888657,0.14613179537317683,0.22378277825406231,ETTm1,raw,41760,41856,raw:41760:0,low,low
1,0.8419140646482748,0.2921446971322725,0.5845888148974222,0.25,0.7432930041334892,2.6515398384857605,0.2752566392888657,0.5728825255593232,0.422849881140785,ETTm1,raw,41760,41856,raw:41760:1,high,mid
2,0.6667635097014322,0.023567251925768345,0.010136806542960682,0.0,0.37098606315421706,2.6515398384857605,0.2752566392888657,0.23348918939005373,0.21541423414769426,ETTm1,raw,41760,41856,raw:41760:2,low,low
3,0.8671808181521377,0.3209448991269306,0.5788922447224397,0.375,0.8207978036432053,2.6515398384857605,0.2752566392888657,0.5890059873338359,0.49035148097735703,ETTm1,raw,41760,41856,raw:41760:3,high,mid
4,0.6675802938246447,0.3910178347871317,0.39493730138525424,0.125,0.7428742599979922,2.6515398384857605,0.2752566392888657,0.48451180999901017,0.3810436330956193,ETTm1,raw,41760,41856,raw:41760:4,high,mid
5,0.6940415835797124,0.3353987340946847,0.19029748408139627,0.125,0.7174128607630802,2.6515398384857605,0.2752566392888657,0.4065792672519311,0.3725565000173153,ETTm1,raw,41760,41856,raw:41760:5,high,mid
6,0.7734545394517433,0.014267767939080921,0.05820063564707315,0.0,0.49164151140282475,2.6515398384857605,0.2752566392888657,0.28197431434596576,0.25563271689723016,ETTm1,raw,41760,41856,raw:41760:6,low,low
0,0.4495146468822926,0.11096115707790224,0.8453744355738017,0.0,0.6877816475823355,2.6053537619915765,0.2675589598859978,0.46861674651133217,0.3184468691561111,ETTm1,raw,41856,41952,raw:41856:0,high,low
1,0.6729831853965977,0.25740521442695763,0.7010868235338094,0.125,0.8043222976325388,2.6053537619915765,0.2675589598859978,0.5438250744524549,0.3989604191728455,ETTm1,raw,41856,41952,raw:41856:1,high,mid
2,0.5500072817236752,0.09997670080517891,0.843401057598835,0.0,0.6668909012679847,2.6053537619915765,0.2675589598859978,0.4977950133758964,0.3114832870513275,ETTm1,raw,41856,41952,raw:41856:2,high,low
3,0.5274443154773639,0.19241957809023785,0.43649633021273393,0.25,0.8027020859510499,2.6053537619915765,0.2675589598859978,0.3854534079267786,0.4400870152790159,ETTm1,raw,41856,41952,raw:41856:3,mid,mid
4,0.613619441558594,0.17436622389111833,0.4471779558210868,0.125,0.887416720543159,2.6053537619915765,0.2675589598859978,0.41172120709026644,0.4266585601430522,ETTm1,raw,41856,41952,raw:41856:4,high,mid
5,0.6006741744055959,0.24219741080389273,0.33581869361626193,0.5,0.9469925681366076,2.6053537619915765,0.2675589598859978,0.3928967596085835,0.5715171760075352,ETTm1,raw,41856,41952,raw:41856:5,high,high
6,0.7794284264308918,0.038017459309356315,0.012518567685459937,0.0,0.6568649918243046,2.6053537619915765,0.2675589598859978,0.2766548178085693,0.30814131723676746,ETTm1,raw,41856,41952,raw:41856:6,low,low
0,0.36935071277477505,0.004717476613653493,0.06826383821170195,0.0,0.2626874781653914,2.1395219907842518,0.18992033148084142,0.1474440092000435,0.1508692698820776,ETTm1,raw,42048,42144,raw:42048:0,low,low
1,0.5151042904713742,0.07575416619059387,0.06053833085567977,0.125,0.4898286035794836,2.1395219907842518,0.18992033148084142,0.21713226250588258,0.26824964502010834,ETTm1,raw,42048,42144,raw:42048:1,low,low
2,0.19615835286945416,0.004387116642440285,0.04866469045403284,0.0,0.24188115031540428,2.1395219907842518,0.18992033148084142,0.08307005332197577,0.14393382726541523,ETTm1,raw,42048,42144,raw:42048:2,low,low
3,0.41452861643451244,0.057988385648405485,0.1287042027173706,0.125,0.4660533423071901,2.1395219907842518,0.18992033148084142,0.20040706826676283,0.26032455792934384,ETTm1,raw,42048,42144,raw:42048:3,low,low
4,0.5067097934129712,0.10933377271455011,0.6232397172604254,0.5,0.8962540511340517,2.1395219907842518,0.18992033148084142,0.41309442779598227,0.5287247942049643,ETTm1,raw,42048,42144,raw:42048:4,high,high
5,0.6531454788859098,0.15332370017903602,0.29490023323559084,0.125,0.7765906058691885,2.1395219907842518,0.18992033148084142,0.3671231374335122,0.3638369791166767,ETTm1,raw,42048,42144,raw:42048:5,mid,mid
6,0.9299954784296153,0.21851694255851217,0.4099718242725719,0.25,0.7165944858355102,2.1395219907842518,0.18992033148084142,0.5194947484202331,0.38550493910545053,ETTm1,raw,42048,42144,raw:42048:6,high,mid
0,0.787126353000415,0.007914591167304266,0.03754102770487663,0.0,0.3437831943394291,2.931525309310277,0.3219208843485114,0.277527323957532,0.2219013595626468,ETTm1,raw,42144,42240,raw:42144:0,low,low
1,0.6509349889881195,0.09188362968069835,0.225532027957997,0.125,0.7485694937779876,2.931525309310277,0.3219208843485114,0.32278354887560495,0.398496792708833,ETTm1,raw,42144,42240,raw:42144:1,mid,mid
2,0.8094070114650393,0.009975306770908295,0.021635355305041244,0.0,0.32500940912011284,2.931525309310277,0.3219208843485114,0.28033922451366294,0.2156434311562081,ETTm1,raw,42144,42240,raw:42144:2,low,low
3,0.6754822661170315,0.16071615356447097,0.19040793831101863,0.25,0.7747834518205218,2.931525309310277,0.3219208843485114,0.3422021193308404,0.44890144538967763,ETTm1,raw,42144,42240,raw:42144:3,mid,mid
4,0.5619903517643732,0.19242382460187413,0.25442196719336446,0.125,0.7345261973110874,2.931525309310277,0.3219208843485114,0.3362787145198706,0.3938156938865329,ETTm1,raw,42144,42240,raw:42144:4,mid,mid
5,0.6701121311185096,0.3951361913874837,0.8286939217922858,0.125,0.8205684971619144,2.931525309310277,0.3219208843485114,0.6313140814327598,0.4224964605034753,ETTm1,raw,42144,42240,raw:42144:5,high,mid
6,0.8173312481782404,0.047478412315034024,0.31691183462773287,0.0,0.7228267081095892,2.931525309310277,0.3219208843485114,0.3939071650403358,0.3482491974860335,ETTm1,raw,42144,42240,raw:42144:6,high,low
0,0.6119835877875919,0.034115670938995896,0.14675816426133323,0.125,0.48134284156076534,2.989759192555417,0.3316265315398586,0.26428580766264037,0.312656457700208,ETTm1,raw,42336,42432,raw:42336:0,low,low
1,0.8364514312976654,0.49419768062489955,0.558286962104538,0.625,0.777159194354559,2.989759192555417,0.3316265315398586,0.6296453580090343,0.5779285752981392,ETTm1,raw,42336,42432,raw:42336:1,high,high
2,0.7635796243605895,0.03948784970201451,0.13673245525227598,0.0,0.4586514103974148,2.989759192555417,0.3316265315398586,0.31326664310495994,0.2634259806457578,ETTm1,raw,42336,42432,raw:42336:2,low,low
3,0.8430085270630822,0.5509445946829337,0.5593684149749745,0.5,0.7683902324075005,2.989759192555417,0.3316265315398586,0.6511071789069968,0.5333389213157863,ETTm1,raw,42336,42432,raw:42336:3,high,high
4,0.6111863891408947,0.17111975193183906,0.20381216897939686,0.25,0.7538094487901702,2.989759192555417,0.3316265315398586,0.3287061033507102,0.4451453267766763,ETTm1,raw,42336,42432,raw:42336:4,mid,mid
5,0.5069830929176504,0.13518779711222034,0.7849989436502931,0.75,0.9268018262951425,2.989759192555417,0.3316265315398586,0.475723277893388,0.6694761192783337,ETTm1,raw,42336,42432,raw:42336:5,high,high
6,0.9094771938733499,0.055247475483133135,0.07163289410848486,0.0,0.5024083562569054,2.989759192555417,0.3316265315398586,0.3454525211549893,0.27801162926558803,ETTm1,raw,42336,42432,raw:42336:6,mid,low
0,0.7965858646326266,0.020698433665721015,0.04090082825520314,0.0,0.3258251207512429,2.861862049963972,0.3103103411434781,0.2860617088511836,0.212045153964907,ETTm1,raw,42432,42528,raw:42432:0,low,low
1,0.8566936083809962,0.2659726755845392,0.20588599451538556,0.125,0.741287894978046,2.861862049963972,0.3103103411434781,0.4428507594936402,0.39219941204050807,ETTm1,raw,42432,42528,raw:42432:1,high,mid
2,0.7726150781233458,0.019690774830520973,0.031223928599281966,0.0,0.3093928091268023,2.861862049963972,0.3103103411434781,0.2745099271843829,0.2065677167567601,ETTm1,raw,42432,42528,raw:42432:2,low,low
3,0.8229096538665926,0.22381491383192537,0.3622149563223779,0.125,0.7804734225241728,2.861862049963972,0.3103103411434781,0.4696465080069652,0.40526125455588363,ETTm1,raw,42432,42528,raw:42432:3,high,mid
4,0.5084934693861947,0.638027293025731,0.6474484973905766,0.125,0.8898660877342179,2.861862049963972,0.3103103411434781,0.5979897532675008,0.4417254762925653,ETTm1,raw,42432,42528,raw:42432:4,high,mid
5,0.18638205714317368,0.1935340579319641,0.0831199250134192,0.375,0.8934345771844969,2.861862049963972,0.3103103411434781,0.15434534669618566,0.5262483061093249,ETTm1,raw,42432,42528,raw:42432:5,low,high
6,0.8692501297753861,0.23204959433399502,0.15505435567625492,0.0,0.49940072599336577,2.861862049963972,0.3103103411434781,0.41878469326187867,0.2699036890456146,ETTm1,raw,42432,42528,raw:42432:6,high,low
0,0.43453086808085595,0.017074732281342597,0.024847697805591533,0.0,0.32773098739855744,2.942663489252973,0.3237772476692001,0.15881776605593004,0.2171694116892525,ETTm1,raw,42528,42624,raw:42528:0,low,low
1,0.6988035236368846,0.14097612651214894,0.10700950490239822,0.125,0.6247689857644837,2.942663489252973,0.3237772476692001,0.31559638501714393,0.3578487444778946,ETTm1,raw,42528,42624,raw:42528:1,low,low
2,0.35618292390621,0.01436355984530699,0.027672152090594336,0.0,0.31654701980288646,2.942663489252973,0.3237772476692001,0.13273954528070378,0.21344142249069553,ETTm1,raw,42528,42624,raw:42528:2,low,low
3,0.6791312836502447,0.08176261329413695,0.21205512767591242,0.125,0.6992295441852231,2.942663489252973,0.3237772476692001,0.324316341540098,0.38266893061814106,ETTm1,raw,42528,42624,raw:42528:3,mid,mid
4,0.3375402184236178,0.15909293961991755,0.47979405693095434,0.375,0.8683060260703445,2.942663489252973,0.3237772476692001,0.3254757383248299,0.5223610912465149,ETTm1,raw,42528,42624,raw:42528:4,mid,high
5,0.25450708147540113,0.1707001570316079,0.7307770920978138,1.0,0.9010232009043084,2.942663489252973,0.3237772476692001,0.38532811020160757,0.7416001495245029,ETTm1,raw,42528,42624,raw:42528:5,mid,high
6,0.6098441110240125,0.22274215114005347,0.12375513701102948,0.0,0.6305191778718289,2.942663489252973,0.3237772476692001,0.3187804663916985,0.3180988085136763,ETTm1,raw,42528,42624,raw:42528:6,mid,low
0,0.6252769656936144,0.08514232649188448,0.09888950128910179,0.0,0.5073734882451701,3.4493944856215313,0.40823241358986784,0.26976959782486687,0.305201967278346,ETTm1,raw,42720,42816,raw:42720:0,low,low
1,0.8415552244423816,0.34792359029466635,0.020430694073467568,0.625,0.9551242971823926,3.4493944856215313,0.40823241358986784,0.40330316960350515,0.6627855702574201,ETTm1,raw,42720,42816,raw:42720:1,high,high
2,0.6512180177174194,0.09940819966485334,0.07928968760699788,0.0,0.46607665714219526,3.4493944856215313,0.40823241358986784,0.27663863499642355,0.2914363569106877,ETTm1,raw,42720,42816,raw:42720:2,low,low
3,0.7570768618185182,0.16032920406407344,0.061528964186581485,0.5,0.93149873523129,3.4493944856215313,0.40823241358986784,0.3263116766897244,0.6132437162737193,ETTm1,raw,42720,42816,raw:42720:3,mid,high
4,0.5409490149608636,0.21165560958852725,0.2591480199289005,0.375,0.8751010780615477,3.4493944856215313,0.40823241358986784,0.3372508814927638,0.5527778305504719,ETTm1,raw,42720,42816,raw:42720:4,mid,high
5,0.6477156368834001,0.27895279585317945,0.6216559228282492,0.375,0.9260852732187024,3.4493944856215313,0.40823241358986784,0.5161081185216095,0.5697725622695234,ETTm1,raw,42720,42816,raw:42720:5,high,high
6,0.8951402825131958,0.17044178332973778,0.03933366988600693,0.0,0.5602931259158774,3.4493944856215313,0.40823241358986784,0.3683052452429802,0.3228418465019151,ETTm1,raw,42720,42816,raw:42720:6,mid,low
0,0.8702429294710845,0.267295329681389,0.17009689903412248,0.125,0.8029980084686159,3.59557104584243,0.4325951735860797,0.43587838606219864,0.4535310606848985,ETTm1,raw,42816,42912,raw:42816:0,high,mid
1,0.6419266004165993,0.21241249261236228,0.11380748694326334,0.5,0.9053305951748477,3.59557104584243,0.4325951735860797,0.3227155266574083,0.6126419229203092,ETTm1,raw,42816,42912,raw:42816:1,mid,high
2,0.6901451818156015,0.13006262161837856,0.13852264360928654,0.0,0.622884132210551,3.59557104584243,0.4325951735860797,0.31957681568108887,0.3518264352655436,ETTm1,raw,42816,42912,raw:42816:2,mid,low
3,0.5644531492051874,0.1494410509102022,0.1113598871953261,0.5,0.9342171117683524,3.59557104584243,0.4325951735860797,0.2750846957702386,0.6222707617848107,ETTm1,raw,42816,42912,raw:42816:3,low,high
4,0.6148765087905976,0.06044643710780569,0.3137674428364558,0.0,0.6189616151209534,3.59557104584243,0.4325951735860797,0.32969679624495307,0.35051892956901104,ETTm1,raw,42816,42912,raw:42816:4,mid,low
5,0.19736828846212529,0.16689438499612713,0.3871009201479219,0.0,0.514610787501888,3.59557104584243,0.4325951735860797,0.25045453120205813,0.3157353203626559,ETTm1,raw,42816,42912,raw:42816:5,low,low
6,0.6695080122890616,0.10021302145938159,0.09116211538904262,0.75,0.9139751301247643,3.59557104584243,0.4325951735860797,0.2869610497124953,0.6988567679036146,ETTm1,raw,42816,42912,raw:42816:6,low,high
0,0.7197948353905934,0.06279823933777051,0.055836654991527755,0.0,0.6137856355151469,3.291007142959387,0.38183452319017364,0.2794765765732972,0.3318733862351068,ETTm1,raw,43008,43104,raw:43008:0,low,low
1,0.6361316563699969,0.1898761454147091,0.11092728188130625,1.0,0.976992266069376,3.291007142959387,0.38183452319017364,0.3123116945553374,0.7862755964198499,ETTm1,raw,43008,43104,raw:43008:1,low,high
2,0.6751265053652575,0.06583747442674642,0.05021938464531671,0.0,0.5729043462936033,3.291007142959387,0.38183452319017364,0.2637277881457736,0.31824628982792563,ETTm1,raw,43008,43104,raw:43008:2,low,low
3,0.5951520323205142,0.268185343628046,0.11798973358899532,0.375,0.9278132209341851,3.291007142959387,0.38183452319017364,0.3271090365125185,0.5615492480414529,ETTm1,raw,43008,43104,raw:43008:3,mid,high
4,0.41068512604055596,0.05873636686724262,0.2481458072262697,0.25,0.7313525869964156,3.291007142959387,0.38183452319017364,0.2391891000446894,0.4543957033955297,ETTm1,raw,43008,43104,raw:43008:4,low,mid
5,0.463225591090797,0.1855545863828471,0.6054590034003243,0.0,0.8266343496073384,3.291007142959387,0.38183452319017364,0.41807972695798945,0.40282295759917064,ETTm1,raw,43008,43104,raw:43008:5,high,mid
6,0.5968400451001141,0.04236629120751474,0.015582480907622565,0.0,0.3006501744933062,3.291007142959387,0.38183452319017364,0.2182629390717505,0.22749489922782662,ETTm1,raw,43008,43104,raw:43008:6,low,low
0,0.7905016230453711,0.09740505745696937,0.19951428761139087,0.0,0.7205024503109632,3.748077403304865,0.458012899787456,0.36247365603791043,0.3928384500328064,ETTm1,raw,43104,43200,raw:43104:0,mid,mid
1,0.6535144521169727,0.24134330431882317,0.09324444537101582,0.75,0.9336751792747874,3.748077403304865,0.458012899787456,0.32936740060227054,0.7138960263540812,ETTm1,raw,43104,43200,raw:43104:1,mid,high
2,0.7776026345742966,0.1090012604080916,0.19251248101559454,0.0,0.6810535876240341,3.748077403304865,0.458012899787456,0.35970545866599424,0.3796888291371634,ETTm1,raw,43104,43200,raw:43104:2,mid,mid
3,0.7072445907676737,0.2066726529861998,0.18384288049907915,0.5,0.9556884470326783,3.748077403304865,0.458012899787456,0.36592004141765083,0.6379004489400447,ETTm1,raw,43104,43200,raw:43104:3,mid,high
4,0.5741129677982583,0.16539243022005573,0.8736880900204219,0.0,0.6341519869792978,3.748077403304865,0.458012899787456,0.5377311626795787,0.3640549622555846,ETTm1,raw,43104,43200,raw:43104:4,high,mid
5,0.48231876673277985,0.09609352446024974,0.4956624862390907,0.0,0.5826574086803624,3.748077403304865,0.458012899787456,0.35802492581070683,0.34689010282260613,ETTm1,raw,43104,43200,raw:43104:5,mid,low
6,0.7874693450665473,0.19394037391190613,0.0699689249156525,0.25,0.9151754532908289,3.748077403304865,0.458012899787456,0.35045954796470197,0.5410627843594283,ETTm1,raw,43104,43200,raw:43104:6,mid,high
0,0.7887086758694919,0.16890653840712092,0.03816067431772233,0.0,0.6308626227575876,3.2540998385908595,0.37568330580567105,0.3319252961981117,0.33551530952108627,ETTm1,raw,43296,43392,raw:43296:0,mid,low
1,0.5716514937320805,0.3209661128760346,0.10932736418546324,0.75,0.9328393806087871,3.2540998385908595,0.37568330580567105,0.3339816569311928,0.6861742288048194,ETTm1,raw,43296,43392,raw:43296:1,mid,high
2,0.7961356181257134,0.1240286785999472,0.029191127738203055,0.0,0.5273430408235255,3.2540998385908595,0.37568330580567105,0.31645180815462126,0.3010087822097322,ETTm1,raw,43296,43392,raw:43296:2,mid,low
3,0.6748181792449429,0.20024175474250952,0.07030621162121821,0.75,0.9726948875933519,3.2540998385908595,0.37568330580567105,0.31512204853622355,0.6994593977996743,ETTm1,raw,43296,43392,raw:43296:3,low,high
4,0.7281753753081834,0.145899990857581,0.24012450305686545,0.0,0.5969037842331815,3.2540998385908595,0.37568330580567105,0.37139995640754325,0.3241956966796175,ETTm1,raw,43296,43392,raw:43296:4,mid,low
5,0.5998295595597588,0.2096816695749853,0.09184970256471144,0.0,0.5438380239444799,3.2540998385908595,0.37568330580567105,0.30045364389981855,0.306507109916717,ETTm1,raw,43296,43392,raw:43296:5,low,low
6,0.9682239078751664,0.08610645318665236,0.035934947542340945,0.25,0.7806648057748758,3.2540998385908595,0.37568330580567105,0.36342176953471994,0.46878270386018234,ETTm1,raw,43296,43392,raw:43296:6,mid,mid
0,0.7109964221234015,0.07609007258008084,0.8238136767195493,0.0,0.6790285416540742,2.944581945369551,0.3240969903547635,0.5369667238076773,0.33437517733627925,ETTm1,raw,43392,43488,raw:43392:0,high,low
1,0.8444940153436529,0.26747098897253896,0.39247089035743643,0.25,0.8470899017695661,2.944581945369551,0.3240969903547635,0.5014786315578762,0.4737289640414432,ETTm1,raw,43392,43488,raw:43392:1,high,mid
2,0.7490867978760104,0.06503940223147504,0.8704971267021935,0.0,0.6244031083028603,2.944581945369551,0.3240969903547635,0.5615411089365597,0.31616669955254123,ETTm1,raw,43392,43488,raw:43392:2,high,low
3,0.6114562785857982,0.12500236781884666,0.4104860438084042,0.625,0.8247421224101725,2.944581945369551,0.3240969903547635,0.38231489673768304,0.5912797042549787,ETTm1,raw,43392,43488,raw:43392:3,mid,high
4,0.7424306688970711,0.11457789469951464,0.49610685153633427,0.0,0.6289528362278114,2.944581945369551,0.3240969903547635,0.4510384717109733,0.31768327552752496,ETTm1,raw,43392,43488,raw:43392:4,high,low
5,0.9093341212214925,0.03047989543585504,0.061983667081944145,0.0,0.5287389913577509,2.944581945369551,0.3240969903547635,0.33393256124643056,0.2842786605708381,ETTm1,raw,43392,43488,raw:43392:5,mid,low
6,0.8298466494495466,0.18276473004258434,0.813541930996167,0.25,0.6815336001905464,2.944581945369551,0.3240969903547635,0.608717770162766,0.41854353018177,ETTm1,raw,43392,43488,raw:43392:6,high,mid
0,0.7852368746192806,0.07947425761968714,0.014575988945401885,0.0,0.7169198218196322,3.6417015290570336,0.4402835874423663,0.29309570706145655,0.3857344697539995,ETTm1,raw,43488,43584,raw:43488:0,low,mid
1,0.9229244608268485,0.32644776075469506,0.13298143562705808,0.5,0.8927582029373416,3.6417015290570336,0.4402835874423663,0.46078455240286714,0.6110139301265693,ETTm1,raw,43488,43584,raw:43488:1,high,high
2,0.8123008142896249,0.08307660207132284,0.026392183497410533,0.125,0.6323402859082872,3.6417015290570336,0.4402835874423663,0.3072565332861194,0.39920795778355117,ETTm1,raw,43488,43584,raw:43488:2,low,mid
3,0.8697812466663583,0.4196929110624217,0.06991991388666548,0.75,0.946565823269176,3.6417015290570336,0.4402835874423663,0.4531313572051485,0.7122831369038475,ETTm1,raw,43488,43584,raw:43488:3,high,high
4,0.6757225353032,0.07550301750640946,0.2874922879242685,0.0,0.6599226134318076,3.6417015290570336,0.4402835874423663,0.34623928024462597,0.36673540029139123,ETTm1,raw,43488,43584,raw:43488:4,mid,mid
5,0.7207925532169028,0.0629060681090163,0.14990234006641773,0.0,0.7284583308784838,3.6417015290570336,0.4402835874423663,0.3112003204641123,0.38958063944028337,ETTm1,raw,43488,43584,raw:43488:5,low,mid
6,0.7013576505325686,0.4316239017631217,0.39542693553262465,0.25,0.929603507232574,3.6417015290570336,0.4402835874423663,0.5094694959427716,0.5399623648916467,ETTm1,raw,43488,43584,raw:43488:6,high,high
0,0.9077953479656649,0.0557826497589382,0.08657263407021389,0.0,0.3895703218083987,3.6995651939901726,0.4499275315818162,0.35005021059827235,0.2798326177967383,ETTm1,raw,43680,43776,raw:43680:0,mid,low
1,0.8720266045467444,0.11265581286438982,0.2507265695030596,0.125,0.7363720010113153,3.6995651939901726,0.4499275315818162,0.41180299563806466,0.4370998441977105,ETTm1,raw,43680,43776,raw:43680:1,high,mid
2,0.9928282097208889,0.04508936297834052,0.10559609925686408,0.0,0.3594340459056893,3.6995651939901726,0.4499275315818162,0.38117122398536446,0.26978719249583516,ETTm1,raw,43680,43776,raw:43680:2,mid,low
3,0.9796694046577358,0.14676200434886244,0.33991224865679104,0.125,0.7786967041343247,3.6995651939901726,0.4499275315818162,0.48878121922112977,0.4512080785720469,ETTm1,raw,43680,43776,raw:43680:3,high,mid
4,0.6482314568295359,0.03899792328644618,0.09239512496927216,0.125,0.6759262275131809,3.6995651939901726,0.4499275315818162,0.25987483502841807,0.4169512530316657,ETTm1,raw,43680,43776,raw:43680:4,low,mid
5,0.7459020185903662,0.270292515871567,0.583430017552097,0.375,0.8118263822587368,3.6995651939901726,0.4499275315818162,0.5332081840046767,0.5455846379468511,ETTm1,raw,43680,43776,raw:43680:5,high,high
6,0.713961026772816,0.12083396006240273,0.44658611473668963,0.5,0.8201203442679494,3.6995651939901726,0.4499275315818162,0.4271270338573028,0.5900159586165885,ETTm1,raw,43680,43776,raw:43680:6,high,high
0,0.7869734704874571,0.08556886224105284,0.055723826778966735,0.0,0.7429714983054764,3.683020375353324,0.4471700618136039,0.3094220531691589,0.3967138533730268,ETTm1,raw,43776,43872,raw:43776:0,low,mid
1,0.78222182772509,0.10284627930722816,0.056547697481960604,0.25,0.8070104268959679,3.683020375353324,0.4471700618136039,0.3138719348380929,0.501393496236524,ETTm1,raw,43776,43872,raw:43776:1,low,mid
2,0.8267766970462429,0.08152607308715012,0.022161410565989362,0.0,0.640685839573455,3.683020375353324,0.4471700618136039,0.3101547268997941,0.3626186337956863,ETTm1,raw,43776,43872,raw:43776:2,low,mid
3,0.754181171857677,0.2935152428938572,0.035866868686463396,0.5,0.9041632986713386,3.683020375353324,0.4471700618136039,0.3611877611459992,0.6171111201616475,ETTm1,raw,43776,43872,raw:43776:3,mid,high
4,0.6960437034436757,0.20388403805118788,0.4580229079917647,0.0,0.5980201939097695,3.683020375353324,0.4471700618136039,0.45265021649554277,0.3483967519077911,ETTm1,raw,43776,43872,raw:43776:4,high,low
5,0.486354187002234,0.0710330259557157,0.20389383547207043,0.125,0.6342332177622609,3.683020375353324,0.4471700618136039,0.25376034947667336,0.40213442652528825,ETTm1,raw,43776,43872,raw:43776:5,low,mid
6,0.9275127773933555,0.08775907764258487,0.2944570814900098,0.125,0.7036487243448325,3.683020375353324,0.4471700618136039,0.4365763121753167,0.4252729287194788,ETTm1,raw,43776,43872,raw:43776:6,high,mid
0,0.75573704701362,0.1568955141780051,0.10099948120280841,0.25,0.8692282401570468,3.3851027379946927,0.3975171223365869,0.33787734746481113,0.505581787497878,ETTm1,raw,43968,44064,raw:43968:0,mid,high
1,0.8061501266915658,0.17065341339817197,0.04419298458695305,0.75,0.9734078413326875,3.3851027379946927,0.3975171223365869,0.3403321748922303,0.7069749878897581,ETTm1,raw,43968,44064,raw:43968:1,mid,high
2,0.8266399572262082,0.16281689231816954,0.07406561530604748,0.0,0.7029028880342477,3.3851027379946927,0.3975171223365869,0.35450748828347506,0.3668066701236115,ETTm1,raw,43968,44064,raw:43968:2,mid,mid
3,0.8318939721008112,0.18109579299228412,0.03249940422038308,0.25,0.9141345018375392,3.3851027379946927,0.3975171223365869,0.34849638977115943,0.5205505413913755,ETTm1,raw,43968,44064,raw:43968:3,mid,high
4,0.6773575084773381,0.05027283489958538,0.2179230949760726,0.125,0.5354255815232496,3.3851027379946927,0.3975171223365869,0.31518447945099864,0.35264756795327884,ETTm1,raw,43968,44064,raw:43968:4,low,low
5,0.7842947595178391,0.06339760163137265,0.06446586803051292,0.0,0.45768735803396093,3.3851027379946927,0.3975171223365869,0.3040527430599082,0.28506816012351593,ETTm1,raw,43968,44064,raw:43968:5,low,low
6,0.8607228164944651,0.7217034463678715,0.41634605668914315,0.25,0.8668263962288529,3.3851027379946927,0.3975171223365869,0.6662574398504932,0.5047811728551467,ETTm1,raw,43968,44064,raw:43968:6,high,high
0,0.635797640609168,0.0791757472814887,0.29756218795305245,0.125,0.77965481639045,3.252258298036606,0.37537638238047366,0.3375118586145697,0.42667706625697455,ETTm1,raw,44064,44160,raw:44064:0,mid,mid
1,0.8921514501253996,0.14888419221352311,0.22784265942327891,0.5,0.8941251099786264,3.252258298036606,0.37537638238047366,0.42295943392073393,0.5898338307863668,ETTm1,raw,44064,44160,raw:44064:1,high,high
2,0.6003618428983013,0.07708205331592957,0.3097715366370543,0.0,0.6384800168393356,3.252258298036606,0.37537638238047366,0.3290718109504284,0.33795213307326977,ETTm1,raw,44064,44160,raw:44064:2,mid,low
3,0.8745569281269834,0.28385842719853777,0.23152595942901544,0.375,0.9311404338469814,3.252258298036606,0.37537638238047366,0.4633137715848455,0.5605056054091517,ETTm1,raw,44064,44160,raw:44064:3,high,high
4,0.6714992571243035,0.04242808563237614,0.45976809281814,0.0,0.5655604915275172,3.252258298036606,0.37537638238047366,0.3912318118582732,0.31364562463599693,ETTm1,raw,44064,44160,raw:44064:4,high,low
5,0.4909758976567091,0.027859333182284243,0.023836845728216722,0.0,0.2892854473173439,3.252258298036606,0.37537638238047366,0.18089069218907006,0.22155394323260583,ETTm1,raw,44064,44160,raw:44064:5,low,low
6,0.819867458162991,0.14327827505555626,0.5179708204930509,0.375,0.9292620844892016,3.252258298036606,0.37537638238047366,0.493705517903866,0.5598794889565584,ETTm1,raw,44064,44160,raw:44064:6,high,high
0,0.564990541324236,0.02641430970707204,0.33260259121215346,0.0,0.5469653847598683,3.330344092384466,0.38839068141675986,0.3080024807478205,0.3117853553922094,ETTm1,raw,44160,44256,raw:44160:0,low,low
1,0.6595573770524402,0.13633964693698422,0.4257510281704664,0.375,0.8935959278871594,3.330344092384466,0.38839068141675986,0.4072160173866302,0.5523288697679731,ETTm1,raw,44160,44256,raw:44160:1,high,high
2,0.7859433204014645,0.01546006144741447,0.3244504265403138,0.0,0.492457088100319,3.330344092384466,0.38839068141675986,0.37528460279639764,0.2936159231723596,ETTm1,raw,44160,44256,raw:44160:2,mid,low
3,0.8081850241705031,0.32744950003487516,0.4495290206104546,0.25,0.7340758050380549,3.330344092384466,0.38839068141675986,0.5283878482719443,0.45748882881827163,ETTm1,raw,44160,44256,raw:44160:3,high,mid
4,0.5334100967200508,0.09656853010308475,0.3949512634515709,0.0,0.6439294026537307,3.330344092384466,0.38839068141675986,0.34164329675823546,0.3441066946901635,ETTm1,raw,44160,44256,raw:44160:4,mid,low
5,0.9864063135887401,0.1013880732879994,0.23409762635303447,0.0,0.8376621963496391,3.330344092384466,0.38839068141675986,0.4406306710765913,0.4086842925887997,ETTm1,raw,44160,44256,raw:44160:5,high,mid
6,0.7223510053376538,0.24902055343743337,0.16590669306839306,0.0,0.4654482447724436,3.330344092384466,0.38839068141675986,0.37909275061449343,0.2846129753964011,ETTm1,raw,44160,44256,raw:44160:6,mid,low
0,0.2501264489440833,0.11644170909553458,0.035772972297423315,0.0,0.6458982096288124,1.9928039325711508,0.16546732181941293,0.13411371011234707,0.2704551771494084,ETTm1,raw,44352,44448,raw:44352:0,low,low
1,0.28537663518900924,0.1105813294064086,0.5277720056534683,0.375,0.9091505817114762,1.9928039325711508,0.16546732181941293,0.30790999008296205,0.48320596784362974,ETTm1,raw,44352,44448,raw:44352:1,low,mid
2,0.5068848304511758,0.09764322689756524,0.027190870849743733,0.0,0.5982986644398582,1.9928039325711508,0.16546732181941293,0.21057297606616157,0.2545886620864237,ETTm1,raw,44352,44448,raw:44352:2,low,low
3,0.5060900508566748,0.19783706905120613,0.5554305186944393,0.25,0.9476382054239217,1.9928039325711508,0.16546732181941293,0.41978587953410673,0.4543685090811116,ETTm1,raw,44352,44448,raw:44352:3,high,mid
4,0.6337256682458269,0.16392574881807687,0.7140603879660653,0.0,0.608312658059213,1.9928039325711508,0.16546732181941293,0.5039039350099896,0.25792665995954195,ETTm1,raw,44352,44448,raw:44352:4,high,low
5,0.7589917919042577,0.017199326932205355,0.07181670763118708,0.0,0.5404718119696632,1.9928039325711508,0.16546732181941293,0.2826692754892167,0.2353130445963587,ETTm1,raw,44352,44448,raw:44352:5,low,low
6,0.9409262786478678,0.15766517901008037,0.1556691448250064,0.5,0.9422282553937904,1.9928039325711508,0.16546732181941293,0.4180868674943183,0.5358985257377344,ETTm1,raw,44352,44448,raw:44352:6,high,high
0,0.7385157008377776,0.008295183037547563,0.033794365986260885,0.0,0.34592812261239875,1.4957663581068372,0.08262772621342666,0.260201749953862,0.14285194960860848,ETTm1,raw,44448,44544,raw:44448:0,low,low
1,0.6581916223307408,0.08973437664520295,0.06106536634015034,0.0,0.587143789810021,1.4957663581068372,0.08262772621342666,0.26966378843869804,0.2232571720078159,ETTm1,raw,44448,44544,raw:44448:1,low,low
2,0.7400353365495889,0.007845451376534404,0.017402214713160648,0.0,0.32079403750179647,1.4957663581068372,0.08262772621342666,0.25509433421309463,0.1344739212384077,ETTm1,raw,44448,44544,raw:44448:2,low,low
3,0.6172416884948646,0.0980461815607486,0.010512373235536195,0.0,0.5917921314958499,1.4957663581068372,0.08262772621342666,0.24193341443038316,0.2248066192364255,ETTm1,raw,44448,44544,raw:44448:3,low,low
4,0.73885233617175,0.059970243656178514,0.07747116909396025,0.125,0.6892054301764449,1.4957663581068372,0.08262772621342666,0.29209791630729626,0.2989443854632905,ETTm1,raw,44448,44544,raw:44448:4,low,low
5,0.6228354427213251,0.19617683359200036,0.23638765200084144,0.125,0.8680295259731202,1.4957663581068372,0.08262772621342666,0.3517999761047223,0.35855241739551563,ETTm1,raw,44448,44544,raw:44448:5,mid,low
6,0.9471223846015967,0.0862959165180866,0.2393884155461095,0.0,0.6421318146746313,1.4957663581068372,0.08262772621342666,0.42426890555526425,0.24158651362935266,ETTm1,raw,44448,44544,raw:44448:6,high,low
0,0.6477294931878051,0.009896957807531494,0.042199357802643424,0.0,0.35213740828236156,2.358126848793026,0.22635447442158022,0.23327526959932668,0.1928306275679806,ETTm1,raw,44640,44736,raw:44640:0,low,low
1,0.6448436079353238,0.13273280326039305,0.12707881057106704,0.0,0.599801726825557,2.358126848793026,0.22635447442158022,0.301551740588928,0.2753854004157124,ETTm1,raw,44640,44736,raw:44640:1,low,low
2,0.7430134679529685,0.007405588685609361,0.01713784120334345,0.0,0.3367947839056951,2.358126848793026,0.22635447442158022,0.25585229928064046,0.18771641944242512,ETTm1,raw,44640,44736,raw:44640:2,low,low
3,0.6435392206335868,0.12425601972531441,0.04791589239505174,0.0,0.620917690996668,2.358126848793026,0.22635447442158022,0.2719037109179843,0.2824240551394161,ETTm1,raw,44640,44736,raw:44640:3,low,low
4,0.36086226214782413,0.19400712009378884,0.11840503474636589,0.25,0.6280591897754038,2.358126848793026,0.22635447442158022,0.22442480566265963,0.36813788806566133,ETTm1,raw,44640,44736,raw:44640:4,low,mid
5,0.0,0.13032051612405163,0.6869318752511656,0.625,0.9413716631032677,2.358126848793026,0.22635447442158022,0.2724174637917391,0.5975753791749493,ETTm1,raw,44640,44736,raw:44640:5,low,high
6,0.9560554573584878,0.06096295337362571,0.14547887919358193,0.0,0.6764951087009213,2.358126848793026,0.22635447442158022,0.3874990966418985,0.3009498610408338,ETTm1,raw,44640,44736,raw:44640:6,mid,low
0,0.6333136135106944,0.052597573367054784,0.021568027756395443,0.0,0.5541448756604974,3.4746639166484328,0.4124439854206655,0.2358264048780482,0.32219628702705433,ETTm1,raw,44736,44832,raw:44736:0,low,low
1,0.7737911356332482,0.3523844624468595,0.08485750654533586,1.0,0.96777989388446,3.4746639166484328,0.4124439854206655,0.4036777015418145,0.7934079597683752,ETTm1,raw,44736,44832,raw:44736:1,high,high
2,0.7074781844804655,0.061333507732103255,0.019361143248112694,0.0,0.5457533165443975,3.4746639166484328,0.4124439854206655,0.2627242784868938,0.31939910065502103,ETTm1,raw,44736,44832,raw:44736:2,low,low
3,0.7978851703876569,0.3117018318423037,0.09341245090450713,1.0,0.9688561544322009,3.4746639166484328,0.4124439854206655,0.40099981771148924,0.7937667132842888,ETTm1,raw,44736,44832,raw:44736:3,high,high
4,0.5752127380309215,0.10038698209233589,0.17696610547693203,0.25,0.7824503589804404,3.4746639166484328,0.4124439854206655,0.2841886085333965,0.481631448133702,ETTm1,raw,44736,44832,raw:44736:4,low,mid
5,0.6691766757636541,0.6072751772749992,0.3867288042707362,1.0,0.983397229260293,3.4746639166484328,0.4124439854206655,0.5543935524364632,0.7986137382269862,ETTm1,raw,44736,44832,raw:44736:5,high,high
6,0.94574246153117,0.10123449217572983,0.11969274281183831,0.0,0.3973468306737412,3.4746639166484328,0.4124439854206655,0.3888898988395794,0.2699302720314689,ETTm1,raw,44736,44832,raw:44736:6,mid,low
0,0.7769692153098009,0.26732530877040744,0.29607639833861726,0.25,0.826257268661874,3.023374426270294,0.3372290704830006,0.44679030747294185,0.47116211304829153,ETTm1,raw,44928,45024,raw:44928:0,high,mid
1,0.7646356051200188,0.255048046633242,0.412735979234319,0.375,0.9070793585498688,3.023374426270294,0.3372290704830006,0.47747321032919327,0.5397694763442898,ETTm1,raw,44928,45024,raw:44928:1,high,high
2,0.7615377164632977,0.19267979391887624,0.2321590163297883,0.125,0.7795393141754485,3.023374426270294,0.3372290704830006,0.3954588422373207,0.4139227948861497,ETTm1,raw,44928,45024,raw:44928:2,high,mid
3,0.6069210114868244,0.31051912100275414,0.33215125565072073,0.625,0.9340980520078265,3.023374426270294,0.3372290704830006,0.41653046271343314,0.6321090408302757,ETTm1,raw,44928,45024,raw:44928:3,high,high
4,0.5413014980137727,0.0673397602787581,0.894710180356573,0.125,0.6864723653554065,3.023374426270294,0.3372290704830006,0.5011171462163679,0.38290047861280235,ETTm1,raw,44928,45024,raw:44928:4,high,mid
5,0.6424745278464549,0.12458737044810562,0.0644112112505356,0.0,0.5558749263571958,3.023374426270294,0.3372290704830006,0.2771577031816987,0.29770133228006546,ETTm1,raw,44928,45024,raw:44928:5,low,low
6,0.7444546256357318,0.04174765087496098,0.2944018569722385,0.375,0.7981693976753719,3.023374426270294,0.3372290704830006,0.3602013778276438,0.5034661560527908,ETTm1,raw,44928,45024,raw:44928:6,mid,high
0,0.7878262256489377,0.06763329759639816,0.05661322851556025,0.0,0.5923177492080438,3.3844438558072247,0.3974073086388586,0.30402425058696536,0.3299083526156341,ETTm1,raw,45024,45120,raw:45024:0,low,low
1,0.8621640838713925,0.17336499867279975,0.1788044107719848,0.0,0.9144083918498478,3.3844438558072247,0.3974073086388586,0.4047778311053924,0.4372719001629021,ETTm1,raw,45024,45120,raw:45024:1,high,mid
2,0.7813716504561377,0.07133869551427155,0.054912014838661795,0.0,0.5420389756737398,3.3844438558072247,0.3974073086388586,0.302540786936357,0.3131487614375328,ETTm1,raw,45024,45120,raw:45024:2,low,low
3,0.9036245871844473,0.34181132707118506,0.09847088886907106,0.25,0.9247052218367973,3.3844438558072247,0.3974073086388586,0.44796893437490115,0.5240375101585519,ETTm1,raw,45024,45120,raw:45024:3,high,high
4,0.6040344299674394,0.10093609295908995,0.4659901746475044,0.0,0.7050825039334536,3.3844438558072247,0.3974073086388586,0.3903202325246779,0.36749660419077074,ETTm1,raw,45024,45120,raw:45024:4,high,mid
5,0.5716849662403396,0.16401720332437913,0.11472409318806243,0.0,0.66704535452666,3.3844438558072247,0.3974073086388586,0.28347542091759376,0.3548175543885062,ETTm1,raw,45024,45120,raw:45024:5,low,low
6,0.9432317456423666,0.049838079876609966,0.08819845125359169,0.25,0.7416088335897323,3.3844438558072247,0.3974073086388586,0.36042275892418935,0.4630053807428636,ETTm1,raw,45024,45120,raw:45024:6,mid,mid
0,0.6747930163435111,0.051951823743577846,0.014227839771793881,0.0,0.6174753912538956,3.9346343518011295,0.48910572448501205,0.24699089328629428,0.3688603719129692,ETTm1,raw,45120,45216,raw:45120:0,low,mid
1,0.8121364307503911,0.19460760436572322,0.023048671270965933,0.375,0.9337087169429067,3.9346343518011295,0.48910572448501205,0.34326423546236007,0.5992714804759729,ETTm1,raw,45120,45216,raw:45120:1,mid,high
2,0.8686616073841629,0.05418693248336648,0.0072472594008700765,0.0,0.5707551752233289,3.9346343518011295,0.48910572448501205,0.31003193308946647,0.35328696656944697,ETTm1,raw,45120,45216,raw:45120:2,low,low
3,0.8439025139589835,0.21348767834400337,0.023554090058114263,0.625,0.9548386128671016,3.9346343518011295,0.48910572448501205,0.3603147607870338,0.6896481124507045,ETTm1,raw,45120,45216,raw:45120:3,mid,high
4,0.6498439840275245,0.0377757464475694,0.24026138507487235,0.25,0.7300425635422279,3.9346343518011295,0.48910572448501205,0.3092937051833221,0.48971609600908,ETTm1,raw,45120,45216,raw:45120:4,low,mid
5,0.5777544256889922,0.40214417609558617,0.4853246627594152,0.375,0.9797785777672443,3.9346343518011295,0.48910572448501205,0.48840775484799787,0.6146281007507521,ETTm1,raw,45120,45216,raw:45120:5,high,high
6,0.6106600190037094,0.05379407926136171,0.49378022903661845,0.125,0.7935866221836784,3.9346343518011295,0.48910572448501205,0.38607810910056317,0.46923078222289677,ETTm1,raw,45120,45216,raw:45120:6,mid,mid
0,0.7382152671168322,0.15371007241570453,0.10485150833704004,0.0,0.7201596264772389,3.2157679613012164,0.3692946596013783,0.33225894928985894,0.36315142869287237,ETTm1,raw,45312,45408,raw:45312:0,mid,mid
1,0.7632457377645516,0.17191445832655483,0.03795077309990791,0.25,0.8420022081146868,3.2157679613012164,0.3692946596013783,0.3243703230636715,0.48709895590535507,ETTm1,raw,45312,45408,raw:45312:1,mid,mid
2,0.843584699193807,0.1623587135125752,0.07424796663934394,0.0,0.6232690628730853,3.2157679613012164,0.3692946596013783,0.360063793115242,0.3308545741581545,ETTm1,raw,45312,45408,raw:45312:2,mid,low
3,0.7402232353199961,0.13650132944389343,0.012025306060718274,0.25,0.8077497140296082,3.2157679613012164,0.3692946596013783,0.29624995694153594,0.4756814578769955,ETTm1,raw,45312,45408,raw:45312:3,low,mid
4,0.5325392563968494,0.042716234276453574,0.3125832816577561,0.125,0.6529133742699283,3.2157679613012164,0.3692946596013783,0.29594625744368636,0.3824026779571022,ETTm1,raw,45312,45408,raw:45312:4,low,mid
5,0.5426267072931503,0.048278254550249755,0.17068398618865155,0.0,0.5528388771861599,3.2157679613012164,0.3692946596013783,0.2538629826773506,0.3073778455958461,ETTm1,raw,45312,45408,raw:45312:5,low,low
6,0.909468793991408,0.16517867930225894,0.5079486116632256,0.625,0.7773892462822235,3.2157679613012164,0.3692946596013783,0.5275320283189643,0.5905613019612006,ETTm1,raw,45312,45408,raw:45312:6,high,high
0,0.8102017100692216,0.03561283336694268,0.0600915331994798,0.0,0.6448766156562888,3.5348694782454997,0.42247824567011955,0.30196869221188133,0.3557849537754694,ETTm1,raw,45408,45504,raw:45408:0,low,low
1,0.8554851040671517,0.1289468871179137,0.03047207989360726,0.5,0.9441177574165025,3.5348694782454997,0.42247824567011955,0.33830135702622427,0.6221986676955407,ETTm1,raw,45408,45504,raw:45408:1,mid,high
2,0.7414499990536569,0.03642885789930912,0.03282761556879933,0.0,0.6035248586525224,3.5348694782454997,0.42247824567011955,0.27023549084058845,0.34200103477421395,ETTm1,raw,45408,45504,raw:45408:2,low,low
3,0.9378716702807306,0.22245769340280566,0.014006014483965115,0.5,0.9043363162601493,3.5348694782454997,0.42247824567011955,0.3914451260558338,0.6089381873100896,ETTm1,raw,45408,45504,raw:45408:3,high,high
4,0.8150571089603109,0.1377462091440052,0.1439406943254832,0.25,0.7439180660762598,3.5348694782454997,0.42247824567011955,0.36558133747659977,0.4721321039154598,ETTm1,raw,45408,45504,raw:45408:4,mid,mid
5,0.6710466101562789,0.0955140934329745,0.7853503149842374,0.0,0.6678104431587398,3.5348694782454997,0.42247824567011955,0.5173036728578303,0.36342956294295314,ETTm1,raw,45408,45504,raw:45408:5,high,mid
6,0.878783809688878,0.1323479032938582,0.06428548760779389,0.0,0.7909573100948679,3.5348694782454997,0.42247824567011955,0.35847240019684334,0.4044785185883291,ETTm1,raw,45408,45504,raw:45408:6,mid,mid
0,0.5949348244485215,0.06474137740628907,0.023527103464090784,0.0,0.5655118667809662,3.541509464459174,0.42358491003722076,0.22773443510630045,0.32969892560606234,ETTm1,raw,45600,45696,raw:45600:0,low,low
1,0.7760539058515814,0.30704552374325217,0.0938018406713416,0.75,0.9748500621299232,3.541509464459174,0.42358491003722076,0.3923004234220584,0.7161449907223814,ETTm1,raw,45600,45696,raw:45600:1,high,high
2,0.8325661364497006,0.06042867630924538,0.022890467291826616,0.0,0.53608692413829,3.541509464459174,0.42358491003722076,0.30529509335025756,0.3198906113918369,ETTm1,raw,45600,45696,raw:45600:2,low,low
3,0.7989033431217463,0.31750659103351564,0.09933697432964232,0.5,0.9743006912210163,3.541509464459174,0.42358491003722076,0.40524896949496814,0.6326285337527456,ETTm1,raw,45600,45696,raw:45600:3,high,high
4,0.3705345529567241,0.09142742110541034,0.05853854951259245,0.125,0.5476566989255766,3.541509464459174,0.42358491003722076,0.17350017452490896,0.36541386965426575,ETTm1,raw,45600,45696,raw:45600:4,low,mid
5,0.6750559770725622,0.372142772266155,0.5043834831834081,0.375,0.8452332864959949,3.541509464459174,0.42358491003722076,0.5171940775073751,0.5479393988444051,ETTm1,raw,45600,45696,raw:45600:5,high,high
6,0.8376323702771427,0.07329154282869843,0.32571342761171,0.375,0.818062095202026,3.541509464459174,0.42358491003722076,0.41221244690585035,0.5388823350797489,ETTm1,raw,45600,45696,raw:45600:6,high,high
0,0.49779229907438516,0.10097490110464787,0.06328568121703154,0.0,0.6300630902957459,3.3392120513762733,0.3898686745795978,0.22068429379868823,0.3399772549584479,ETTm1,raw,45696,45792,raw:45696:0,low,low
1,0.7229715592226789,0.17094892965062203,0.049951183547488245,0.5,0.8976049616513746,3.3392120513762733,0.3898686745795978,0.3146238908069297,0.5958245454103241,ETTm1,raw,45696,45792,raw:45696:1,low,high
2,0.6414265131928483,0.11129510598102157,0.0436300610077076,0.0,0.6212810093708501,3.3392120513762733,0.3898686745795978,0.2654505600605258,0.3370498946501493,ETTm1,raw,45696,45792,raw:45696:2,low,low
3,0.7657911298438536,0.17686578707650197,0.21183620756449392,0.5,0.8896186254782102,3.3392120513762733,0.3898686745795978,0.38483104149494984,0.5931624333526027,ETTm1,raw,45696,45792,raw:45696:3,mid,high
4,0.4720458017783159,0.1713856717713953,0.1479711535579824,0.25,0.5848912966754536,3.3392120513762733,0.3898686745795978,0.26380087570256455,0.4082533237516838,ETTm1,raw,45696,45792,raw:45696:4,low,mid
5,0.7783586012988157,0.2659928987456237,0.3580761293787509,0.25,0.8832373258692481,3.3392120513762733,0.3898686745795978,0.46747587647439676,0.5077020001496153,ETTm1,raw,45696,45792,raw:45696:5,high,high
6,0.7684004715454241,0.1845651003756983,0.16213004428662678,0.0,0.6922745885846479,3.3392120513762733,0.3898686745795978,0.3716985387359164,0.36071442105474855,ETTm1,raw,45696,45792,raw:45696:6,mid,mid
0,0.6242044098936923,0.053593322997611256,0.07999484354312532,0.0,0.46039127070525027,2.3823989380119306,0.23039982261798872,0.25259752547814296,0.230263697774413,ETTm1,raw,45792,45888,raw:45792:0,low,low
1,0.6589455162100197,0.13528058087231812,0.48608032472441276,0.125,0.765585121172872,2.3823989380119306,0.23039982261798872,0.42676880726891686,0.37366164793028694,ETTm1,raw,45792,45888,raw:45792:1,high,mid
2,0.6966175768013962,0.0686097400133438,0.0683016613098759,0.0,0.459440208966709,2.3823989380119306,0.23039982261798872,0.27784299270820534,0.22994667719489925,ETTm1,raw,45792,45888,raw:45792:2,low,low
3,0.4594618193815144,0.1009282155836168,0.39629190816898296,0.125,0.791187346143795,2.3823989380119306,0.23039982261798872,0.31889398104470473,0.38219572292059456,ETTm1,raw,45792,45888,raw:45792:3,mid,mid
4,0.7164745058533171,0.40254297084513035,0.5182927103441842,0.25,0.7615631565177053,2.3823989380119306,0.23039982261798872,0.5457700623475438,0.41398765971189794,ETTm1,raw,45792,45888,raw:45792:4,high,mid
5,0.3296710106149723,0.280666614608057,0.5585434981846805,0.5,0.9044279021929781,2.3823989380119306,0.23039982261798872,0.38962704113590324,0.5449425749369889,ETTm1,raw,45792,45888,raw:45792:5,mid,high
6,0.6849755063370502,0.09037653366064421,0.0766197845630831,0.125,0.5312058960210356,2.3823989380119306,0.23039982261798872,0.28399060818692584,0.2955352395463415,ETTm1,raw,45792,45888,raw:45792:6,low,low
0,0.5396972644982454,0.04401901974101853,0.006187179563106983,0.0,0.4711473587254782,3.3148732800418896,0.3858122126972946,0.19663448793412364,0.2856531904742576,ETTm1,raw,45984,46080,raw:45984:0,low,low
1,0.6909257469710437,0.31368051540532965,0.08069549801392678,0.5,0.9310141317609295,3.3148732800418896,0.3858122126972946,0.36176725346343336,0.6056087814860747,ETTm1,raw,45984,46080,raw:45984:1,mid,high
2,0.557025253935243,0.03709991865979341,0.006896873115350435,0.0,0.48168031746555606,3.3148732800418896,0.3858122126972946,0.20034068190346233,0.28916417672095024,ETTm1,raw,45984,46080,raw:45984:2,low,low
3,0.678549958888113,0.5162324499163816,0.029618683301541663,0.5,0.8966975293345787,3.3148732800418896,0.3858122126972946,0.4081336973686788,0.5941699140106245,ETTm1,raw,45984,46080,raw:45984:3,high,high
4,0.6633570459144815,0.261273704360925,0.18332252796956627,0.125,0.8119317949497221,3.3148732800418896,0.3858122126972946,0.36931775941499095,0.44091466921567224,ETTm1,raw,45984,46080,raw:45984:4,mid,mid
5,0.45414890255755835,0.14903707297101076,0.11609052282996626,0.375,0.8255234422765806,3.3148732800418896,0.3858122126972946,0.23975883278617846,0.5287785516579584,ETTm1,raw,45984,46080,raw:45984:5,low,high
6,0.29146917596970956,0.046848733891837455,0.15884472069685301,0.125,0.5040745526228508,3.3148732800418896,0.3858122126972946,0.16572087685280001,0.3382955884400485,ETTm1,raw,45984,46080,raw:45984:6,low,low
0,0.5543190996512946,0.01023591220503668,0.11567705225832398,0.0,0.37995814397896444,1.7854058367055685,0.13090097256609312,0.22674402137155178,0.17028637218168585,ETTm1,raw,46080,46176,raw:46080:0,low,low
1,0.528368893018349,0.09193566615318068,0.32007386028941176,0.125,0.6725314170959108,1.7854058367055685,0.13090097256609312,0.31345947315364714,0.309477463220668,ETTm1,raw,46080,46176,raw:46080:1,low,low
2,0.7040154515453123,0.010450156507184723,0.09684688815273994,0.0,0.35046103257309985,1.7854058367055685,0.13090097256609312,0.270437498735079,0.16045400171306431,ETTm1,raw,46080,46176,raw:46080:2,low,low
3,0.5091588447378966,0.11018874155616955,0.33214240036856485,0.125,0.7439983681352204,1.7854058367055685,0.13090097256609312,0.31716332888754367,0.33329978023377116,ETTm1,raw,46080,46176,raw:46080:3,mid,low
4,0.1288300557023685,0.15102354829088221,0.6724325246099505,0.375,0.7059419933409998,1.7854058367055685,0.13090097256609312,0.3174287095344004,0.40394765530236426,ETTm1,raw,46080,46176,raw:46080:4,mid,mid
5,0.7424930612728511,0.31920350070931464,0.39894134642873985,1.0,0.9909945577273308,1.7854058367055685,0.13090097256609312,0.48687930280363517,0.7072985100978079,ETTm1,raw,46080,46176,raw:46080:5,high,high
6,0.9038888580838539,0.134949794376668,0.22716756926905676,0.375,0.7939618363394152,1.7854058367055685,0.13090097256609312,0.4220020739098595,0.4332876029685028,ETTm1,raw,46080,46176,raw:46080:6,high,mid
0,0.6431084016938281,0.043347204189755115,0.3119629865119577,0.0,0.48838061683695794,1.591917292125921,0.09865288185656537,0.3328061974651803,0.1956778328978411,ETTm1,raw,46272,46368,raw:46272:0,mid,low
1,0.5432649290573095,0.16237619926280975,0.15707162883284548,0.25,0.7158554626696811,1.591917292125921,0.09865288185656537,0.28757091905098825,0.35483611484208216,ETTm1,raw,46272,46368,raw:46272:1,low,low
2,0.6423216914804166,0.03934175960790984,0.25043250814936785,0.0,0.4673652973930668,1.591917292125921,0.09865288185656537,0.31069865307923145,0.18867272641654406,ETTm1,raw,46272,46368,raw:46272:2,low,low
3,0.6642667789089235,0.17014442950657815,0.35502141962554395,0.25,0.748771374291187,1.591917292125921,0.09865288185656537,0.39647754268034857,0.3658080853825841,ETTm1,raw,46272,46368,raw:46272:3,high,mid
4,0.47746357379422366,0.10968670433091288,0.8074234151507484,0.375,0.7880913826345123,1.591917292125921,0.09865288185656537,0.46485789775862835,0.4205814214970258,ETTm1,raw,46272,46368,raw:46272:4,high,mid
5,0.7672455032610941,0.39692942737225595,0.1278623046843447,0.125,0.8464586516832254,1.591917292125921,0.09865288185656537,0.4306790784392316,0.3567038445132636,ETTm1,raw,46272,46368,raw:46272:5,high,low
6,0.619628791151225,0.05202224511154928,0.22596604498161033,0.0,0.4464974473915146,1.591917292125921,0.09865288185656537,0.2992056937481282,0.18171677641602665,ETTm1,raw,46272,46368,raw:46272:6,low,low
0,0.5367158961392349,0.029934805794091305,0.22936460644730738,0.0,0.4255565882369819,2.35253186885094,0.22542197776612005,0.26533843612687785,0.21699285533436732,ETTm1,raw,46368,46464,raw:46368:0,low,low
1,0.6199730959118164,0.07096143669682727,0.6009875564962494,0.125,0.7560940475819188,2.35253186885094,0.22542197776612005,0.43064069636829766,0.3688386751160129,ETTm1,raw,46368,46464,raw:46368:1,high,mid
2,0.5968123821508409,0.030226156256628677,0.2341430064087063,0.0,0.39362877460402174,2.35253186885094,0.22542197776612005,0.2870605149387253,0.2063502507900473,ETTm1,raw,46368,46464,raw:46368:2,low,low
3,0.7026721738312666,0.08344643766564395,0.543493423393457,0.125,0.745631869644373,2.35253186885094,0.22542197776612005,0.4432040116301225,0.36535128247016435,ETTm1,raw,46368,46464,raw:46368:3,high,mid
4,0.6568085502648193,0.1188722520121259,0.1740363504019404,0.25,0.7218461529736568,2.35253186885094,0.22542197776612005,0.31657238422629524,0.399089376913259,ETTm1,raw,46368,46464,raw:46368:4,mid,mid
5,0.38837942841374573,0.0850670384190425,0.40648528308385784,0.125,0.7330185845647753,2.35253186885094,0.22542197776612005,0.2933105833055487,0.36114685411029845,ETTm1,raw,46368,46464,raw:46368:5,low,mid
6,0.2954885794354397,0.09398865811272498,0.17098078128186597,0.125,0.4492381985484419,2.35253186885094,0.22542197776612005,0.1868193396100102,0.266553392104854,ETTm1,raw,46368,46464,raw:46368:6,low,low
0,0.7000988931144987,0.044639092446967295,0.027162642066981685,0.125,0.6333966824318275,3.5588172174295623,0.4264695355274778,0.25730020920948254,0.3949554059864351,ETTm1,raw,46560,46656,raw:46560:0,low,mid
1,0.7265192931735014,0.3667680597553157,0.29800959232229834,0.5,0.788466250173027,3.5588172174295623,0.4264695355274778,0.46376564841703843,0.5716452619001683,ETTm1,raw,46560,46656,raw:46560:1,high,high
2,0.6666856119020517,0.027021714720041737,0.03488167714662242,0.125,0.5803535482285459,3.5588172174295623,0.4264695355274778,0.2428630012562386,0.3772743612520079,ETTm1,raw,46560,46656,raw:46560:2,low,mid
3,0.6519756429501133,0.560525269491699,0.411872485167859,0.375,0.8121688154648965,3.5588172174295623,0.4264695355274778,0.5414577992032238,0.5378794503307914,ETTm1,raw,46560,46656,raw:46560:3,high,high
4,0.48022420825708545,0.06959726852711878,0.13277544783165865,0.125,0.7151326667943834,3.5588172174295623,0.4264695355274778,0.2275323082052876,0.4222007341072871,ETTm1,raw,46560,46656,raw:46560:4,low,mid
5,0.7839923645958955,0.5414663619965827,0.7705740202009339,0.0,0.7679726253599135,3.5588172174295623,0.4264695355274778,0.6986775822644707,0.3981473869624638,ETTm1,raw,46560,46656,raw:46560:5,high,mid
6,0.4675656501159168,0.03300479274252681,0.5470858711814136,0.125,0.6474760695032029,3.5588172174295623,0.4264695355274778,0.34921877134661905,0.39964853501022696,ETTm1,raw,46560,46656,raw:46560:6,mid,mid
0,0.5932999736191538,0.012714598760323543,0.04448379767095829,0.0,0.4111204567744368,1.9245052888135665,0.15408421454545407,0.21683279001681188,0.18840155710663029,ETTm1,raw,46656,46752,raw:46656:0,low,low
1,0.611596099897205,0.1047687245021819,0.2312925694812461,0.125,0.6913399800545585,1.9245052888135665,0.15408421454545407,0.315885797960211,0.32347473153333756,ETTm1,raw,46656,46752,raw:46656:1,mid,low
2,0.7364439104110518,0.014420082053716535,0.038946155266774175,0.0,0.3839891782775231,1.9245052888135665,0.15408421454545407,0.2632700492438475,0.17935779760765905,ETTm1,raw,46656,46752,raw:46656:2,low,low
3,0.5601178266198714,0.1085356477168901,0.2520021771178445,0.25,0.7003715856849518,1.9245052888135665,0.15408421454545407,0.30688521715153533,0.3681519334101353,ETTm1,raw,46656,46752,raw:46656:3,low,mid
4,0.5561185684818393,0.13188444680669098,0.7968727090076654,0.125,0.8731237009598949,1.9245052888135665,0.15408421454545407,0.49495857476539856,0.38406930516844967,ETTm1,raw,46656,46752,raw:46656:4,high,mid
5,0.2895104837250426,0.3558030633897736,0.06641250186046602,0.375,0.92459516905742,1.9245052888135665,0.15408421454545407,0.23724201632509404,0.4845597945342914,ETTm1,raw,46656,46752,raw:46656:5,low,mid
6,0.8674469544526386,0.2052152782270771,0.058114588821116996,0.25,0.6922405692651067,1.9245052888135665,0.15408421454545407,0.37692560716694423,0.36544159460352027,ETTm1,raw,46656,46752,raw:46656:6,mid,mid
0,0.0,0.0,0.0,0.0,-0.0,1.0,0.0,0.0,0.0,ETTm1,raw,46752,46848,raw:46752:0,low,low
1,0.0,0.0,0.0,0.0,-0.0,1.0,0.0,0.0,0.0,ETTm1,raw,46752,46848,raw:46752:1,low,low
2,0.0,0.0,0.0,0.0,-0.0,1.0,0.0,0.0,0.0,ETTm1,raw,46752,46848,raw:46752:2,low,low
3,0.0,0.0,0.0,0.0,-0.0,1.0,0.0,0.0,0.0,ETTm1,raw,46752,46848,raw:46752:3,low,low
4,0.0,0.0,0.0,0.0,-0.0,1.0,0.0,0.0,0.0,ETTm1,raw,46752,46848,raw:46752:4,low,low
5,0.0,0.0,0.0,0.0,-0.0,1.0,0.0,0.0,0.0,ETTm1,raw,46752,46848,raw:46752:5,low,low
6,0.0,0.0,0.0,0.0,-0.0,1.0,0.0,0.0,0.0,ETTm1,raw,46752,46848,raw:46752:6,low,low
0,0.6101585790522697,0.00940819872006607,0.005355120169157163,0.0,0.3906843236060174,1.6996133826895015,0.1166022302539132,0.20830729931383096,0.1690955179533102,ETTm1,raw,46944,47040,raw:46944:0,low,low
1,0.6101875700907036,0.047058402365708234,0.18624636652650225,0.125,0.6325706133768418,1.6996133826895015,0.1166022302539132,0.2811641129943047,0.2913909478769183,ETTm1,raw,46944,47040,raw:46944:1,low,low
2,0.6662828943327495,0.012801332323170683,0.0036773949617449927,0.0,0.37829821474332315,1.6996133826895015,0.1166022302539132,0.2275872072058884,0.16496681499907878,ETTm1,raw,46944,47040,raw:46944:2,low,low
3,0.4197664760810703,0.05162583476048346,0.16503818301949316,0.125,0.6611204270848133,1.6996133826895015,0.1166022302539132,0.2121434979536823,0.3009075524462422,ETTm1,raw,46944,47040,raw:46944:3,low,low
4,0.11496413263334548,0.12182162747812983,0.27732620649209433,0.25,0.6268436344334336,1.6996133826895015,0.1166022302539132,0.17137065553452321,0.3311486215624489,ETTm1,raw,46944,47040,raw:46944:4,low,low
5,0.5519750748889866,0.20758167333317956,0.41478595857230677,0.375,0.9648977982506107,1.6996133826895015,0.1166022302539132,0.39144756893149096,0.4855000095015079,ETTm1,raw,46944,47040,raw:46944:5,high,mid
6,0.944840015404888,0.056918627537537084,0.28128242510279844,0.125,0.7723043809886248,1.6996133826895015,0.1166022302539132,0.42768035601507454,0.3379688704141793,ETTm1,raw,46944,47040,raw:46944:6,high,low
0,0.6620492121159969,0.03237520408369916,0.022932916507594374,0.0,0.4324241030323523,2.9232555035969146,0.32054258339858144,0.23911911090243013,0.2509888954769779,ETTm1,raw,47040,47136,raw:47040:0,low,low
1,0.7646264624025718,0.44684584965814017,0.2252754325857247,1.0,0.9213724353860369,2.9232555035969146,0.32054258339858144,0.4789159148821456,0.7473050062615395,ETTm1,raw,47040,47136,raw:47040:1,high,high
2,0.792914329516157,0.04447033425730723,0.03531460410943158,0.0,0.40456368132338055,2.9232555035969146,0.32054258339858144,0.2908997559609653,0.24170208824065398,ETTm1,raw,47040,47136,raw:47040:2,low,low
3,0.7829988196274595,0.13785440753009526,0.13363501041252704,1.0,0.9883466610305432,2.9232555035969146,0.32054258339858144,0.3514960791900273,0.7696297481430415,ETTm1,raw,47040,47136,raw:47040:3,mid,high
4,0.5303117049696575,0.06384186259926228,0.45783798562466343,0.25,0.8776270537120365,2.9232555035969146,0.32054258339858144,0.35066385106452774,0.48272321237020605,ETTm1,raw,47040,47136,raw:47040:4,mid,mid
5,0.4540641152033076,0.15690422195317377,0.09132985778182921,0.125,0.7742143381858311,2.9232555035969146,0.32054258339858144,0.23409939831277018,0.40658564052813756,ETTm1,raw,47040,47136,raw:47040:5,low,mid
6,0.8688788060981372,0.17322769093053042,0.6480039564868902,0.0,0.6572915457686529,2.9232555035969146,0.32054258339858144,0.5633701511718526,0.32594470972241146,ETTm1,raw,47040,47136,raw:47040:6,high,low
0,0.5304837417615597,0.0032719364519208484,0.021581494717077578,0.0,0.3910407935083351,1.5806714704527058,0.09677857824748667,0.1851123909768527,0.1626064572519406,ETTm1,raw,47232,47328,raw:47232:0,low,low
1,0.5406293560888034,0.029959877398170274,0.046254698891292675,0.0,0.5299691732375813,1.5806714704527058,0.09677857824748667,0.20561464412608876,0.20891591716168934,ETTm1,raw,47232,47328,raw:47232:1,low,low
2,0.7682585927944134,0.004034661612584844,0.00041070292181474583,0.0,0.3687142472741298,1.5806714704527058,0.09677857824748667,0.257567985776271,0.15516427517387218,ETTm1,raw,47232,47328,raw:47232:2,low,low
3,0.4320327013000069,0.042738855532479095,0.03817102782159918,0.125,0.5560175337210076,1.5806714704527058,0.09677857824748667,0.17098086155136172,0.2592653706561648,ETTm1,raw,47232,47328,raw:47232:3,low,low
4,0.14511475449171185,0.10075573355373638,0.19472458452902694,0.125,0.6184363246920933,1.5806714704527058,0.09677857824748667,0.14686502419149172,0.2800716343131933,ETTm1,raw,47232,47328,raw:47232:4,low,low
5,0.20233401790195793,0.11241417779148136,0.4430180134705522,0.75,0.9732874114051103,1.5806714704527058,0.09677857824748667,0.2525887363879971,0.6066886632175323,ETTm1,raw,47232,47328,raw:47232:5,low,high
6,0.853034925267787,0.04658558935039475,0.35132616539119754,0.25,0.7529342360281591,1.5806714704527058,0.09677857824748667,0.4169822266697931,0.36657093809188185,ETTm1,raw,47232,47328,raw:47232:6,high,mid
0,0.5309495225951637,0.03025437703273514,0.13606484274072136,0.0,0.4167552787851633,2.329598350457445,0.22159972470690797,0.23242291412287341,0.21278500116402377,ETTm1,raw,47328,47424,raw:47328:0,low,low
1,0.7786706053081929,0.19733391892631466,0.37902976736737687,0.125,0.7441989759086737,2.329598350457445,0.22159972470690797,0.4516780972006282,0.36359956687186057,ETTm1,raw,47328,47424,raw:47328:1,high,mid
2,0.7231112558357251,0.03795262903615845,0.14975710933720326,0.0,0.40033864034764016,2.329598350457445,0.22159972470690797,0.3036069980696956,0.20731278835151604,ETTm1,raw,47328,47424,raw:47328:2,low,low
3,0.821376786257311,0.22041569067045966,0.34778953067831997,0.125,0.7464088231426701,2.329598350457445,0.22159972470690797,0.4631940025353636,0.36433618261652606,ETTm1,raw,47328,47424,raw:47328:3,high,mid
4,0.1726315225413232,0.05712406775432045,0.3894937714364136,0.25,0.6380264125244505,2.329598350457445,0.22159972470690797,0.20641645391068575,0.3698753790771195,ETTm1,raw,47328,47424,raw:47328:4,low,mid
5,0.6073843064151361,0.28639895460482634,0.12091630938005034,0.375,0.8968009804981644,2.329598350457445,0.22159972470690797,0.3382331901333376,0.4978002350683574,ETTm1,raw,47328,47424,raw:47328:5,mid,mid
6,0.9100277977548789,0.15589487336737734,0.06984925813685777,0.0,0.5866766544563209,2.329598350457445,0.22159972470690797,0.3785906430863713,0.2694254597210763,ETTm1,raw,47328,47424,raw:47328:6,mid,low
0,0.6658795176306538,0.222215798733906,0.27964087438546265,0.125,0.8097495081720266,3.5351502061206506,0.4225250336492334,0.3892453969166741,0.4524248472737533,ETTm1,raw,47424,47520,raw:47424:0,mid,mid
1,0.8118767527787747,0.18472423030511195,0.2541691959694054,0.75,0.9243578318278558,3.5351502061206506,0.4225250336492334,0.41692339301776404,0.6989609551590297,ETTm1,raw,47424,47520,raw:47424:1,high,high
2,0.7251044095617625,0.22897493879218683,0.23355400760802772,0.125,0.7789205118066118,3.5351502061206506,0.4225250336492334,0.39587778532065904,0.4421485151519484,ETTm1,raw,47424,47520,raw:47424:2,high,mid
3,0.8310235447032873,0.22104766451070657,0.27120987581740175,0.5,0.9133337756058292,3.5351502061206506,0.4225250336492334,0.4410936950104652,0.6119529364183541,ETTm1,raw,47424,47520,raw:47424:3,high,high
4,0.336592362229179,0.15810534837320017,0.5848661977248052,0.125,0.7713889869197029,3.5351502061206506,0.4225250336492334,0.3598546361090615,0.4396380068563121,ETTm1,raw,47424,47520,raw:47424:4,mid,mid
5,0.7653441777346515,0.37908521006832663,0.20963995494004017,0.875,0.9342388351834556,3.5351502061206506,0.4225250336492334,0.4513564475810061,0.7439212896108963,ETTm1,raw,47424,47520,raw:47424:5,high,high
6,0.8605869785181394,0.11256651364813712,0.594789859577782,0.25,0.8216769254967197,3.5351502061206506,0.4225250336492334,0.5226477839146861,0.49806731971531776,ETTm1,raw,47424,47520,raw:47424:6,high,mid
0,0.590976403391233,0.0033033024718672026,0.02825728130740678,0.0,0.37175441074612076,2.1967014263564977,0.19945023739366588,0.20751232905683567,0.1904015493799289,ETTm1,raw,47616,47712,raw:47616:0,low,low
1,0.6473359321562215,0.22982675728184299,0.41231170202881434,0.625,0.9350513152452132,2.1967014263564977,0.19945023739366588,0.4298247971556263,0.5865005175462931,ETTm1,raw,47616,47712,raw:47616:1,high,high
2,0.7330654227013078,0.004930267356666132,0.030489303146199194,0.0,0.36256666563032847,2.1967014263564977,0.19945023739366588,0.25616166440139104,0.18733896767466476,ETTm1,raw,47616,47712,raw:47616:2,low,low
3,0.6528987191791726,0.21755122782888642,0.1967039398701471,0.25,0.9458513477857415,2.1967014263564977,0.19945023739366588,0.3557179622927354,0.4651005283931358,ETTm1,raw,47616,47712,raw:47616:3,mid,mid
4,0.6385743629266073,0.3983792278351048,0.3548801203360071,0.375,0.7678300155682756,2.1967014263564977,0.19945023739366588,0.46394457036590636,0.4474267509873138,ETTm1,raw,47616,47712,raw:47616:4,high,mid
5,0.6522905387379412,0.25367134543331865,0.4012353661357683,0.875,0.9271236906599011,2.1967014263564977,0.19945023739366588,0.43573241676900937,0.667191309351189,ETTm1,raw,47616,47712,raw:47616:5,high,high
6,0.9289310527286503,0.0569497849477267,0.2452452972267171,0.0,0.6508250240985722,2.1967014263564977,0.19945023739366588,0.4103753783010314,0.2834250871640794,ETTm1,raw,47616,47712,raw:47616:6,high,low
0,0.6037101283086257,0.0686819384490936,0.30876054958595855,0.0,0.639660173320799,3.131830071509799,0.3553050113261248,0.32705087211455924,0.3316550615489746,ETTm1,raw,47712,47808,raw:47712:0,mid,low
1,0.7747277283926244,0.17045068610136205,0.035158815783944995,0.125,0.701824227756425,3.131830071509799,0.3553050113261248,0.32677907675931045,0.39404307969418323,ETTm1,raw,47712,47808,raw:47712:1,mid,mid
2,0.6331119065915205,0.08009153865821984,0.2797381507849724,0.0,0.6370083543111633,3.131830071509799,0.3553050113261248,0.3309805320115709,0.330771121879096,ETTm1,raw,47712,47808,raw:47712:2,mid,low
3,0.8084991264332453,0.19723405987674428,0.03994959698635294,0.125,0.6860746438315554,3.131830071509799,0.3553050113261248,0.34856092776544756,0.38879321838589337,ETTm1,raw,47712,47808,raw:47712:3,mid,mid
4,0.6280596753148466,0.10509694823150934,0.4329026521625697,0.375,0.9273719547983281,3.131830071509799,0.3553050113261248,0.38868642523630853,0.5525589887081509,ETTm1,raw,47712,47808,raw:47712:4,mid,high
5,0.17859322930824428,0.09413061619067578,0.2586379000845152,0.25,0.9016097705604418,3.131830071509799,0.3553050113261248,0.17712058186114507,0.5023049272955222,ETTm1,raw,47712,47808,raw:47712:5,low,high
6,0.32725490831426995,0.11438679062301343,0.09814467183665329,0.125,0.6124060678259808,3.131830071509799,0.3553050113261248,0.1799287902579789,0.36423702638403527,ETTm1,raw,47712,47808,raw:47712:6,low,mid
0,0.6592157870759299,0.029793035807285356,0.034095897226759375,0.0,0.4587719514650785,3.0584911723171855,0.3430818614810611,0.24103490670332484,0.26728460431537987,ETTm1,raw,47904,48000,raw:47904:0,low,low
1,0.7292385254348335,0.11696384316070035,0.008752013992160917,0.25,0.8596625309648863,3.0584911723171855,0.3430818614810611,0.28498479419589823,0.48424813081531587,ETTm1,raw,47904,48000,raw:47904:1,low,mid
2,0.7109698633063709,0.03879359279822602,0.0573234929552594,0.0,0.4421249907622237,3.0584911723171855,0.3430818614810611,0.2690289830199521,0.2617356174144283,ETTm1,raw,47904,48000,raw:47904:2,low,low
3,0.8155921395270351,0.1649130058840726,0.027200110768853248,0.125,0.7739702152856024,3.0584911723171855,0.3430818614810611,0.335901752059987,0.41401735892222113,ETTm1,raw,47904,48000,raw:47904:3,mid,mid
4,0.13419258212042096,0.08502174156680656,0.5251002769760684,0.25,0.8037674431081216,3.0584911723171855,0.3430818614810611,0.2481048668877653,0.4656164348630609,ETTm1,raw,47904,48000,raw:47904:4,low,mid
5,0.20338409144025238,0.21196328670991754,0.589990388086957,0.625,0.9447375299578233,3.0584911723171855,0.3430818614810611,0.335112588745709,0.6376064638129615,ETTm1,raw,47904,48000,raw:47904:5,mid,high
6,0.9840613854388297,0.15217126949129492,0.23195800674689088,0.25,0.8584542560466001,3.0584911723171855,0.3430818614810611,0.45606355389233855,0.4838453725092204,ETTm1,raw,47904,48000,raw:47904:6,high,mid
0,0.46493870988887276,0.11176336450987129,0.11371818799935084,0.125,0.6199645057422399,3.172502938842947,0.36208382253701815,0.23014008746603165,0.3690161094264193,ETTm1,raw,48000,48096,raw:48000:0,low,mid
1,0.7484854825084029,0.3080924182061342,0.09718757417046481,0.0,0.8495978475498019,3.172502938842947,0.36208382253701815,0.384588491628334,0.40389389002894,ETTm1,raw,48000,48096,raw:48000:1,mid,mid
2,0.34851039632147895,0.10170302673006751,0.13199242525355354,0.125,0.5448207574345626,3.172502938842947,0.36208382253701815,0.1940686161017,0.34396819332386025,ETTm1,raw,48000,48096,raw:48000:2,low,low
3,0.7621832785538879,0.27263907882943494,0.1144934637922347,0.25,0.8569464040137561,3.172502938842947,0.36208382253701815,0.3831052737251859,0.4896767421835914,ETTm1,raw,48000,48096,raw:48000:3,mid,mid
4,0.5564104739472888,0.17148630134170834,0.6246459073639817,0.375,0.8997722711642069,3.172502938842947,0.36208382253701815,0.45084756088432626,0.5456186979004084,ETTm1,raw,48000,48096,raw:48000:4,high,high
5,0.25453796814636787,0.37879539546234453,0.3030677909992909,0.625,0.9484114847538455,3.172502938842947,0.36208382253701815,0.3121337182026678,0.6451651024302879,ETTm1,raw,48000,48096,raw:48000:5,low,high
6,0.5542060139812093,0.4032963491001601,0.5597592600996851,0.375,0.8883879851028438,3.172502938842947,0.36208382253701815,0.5057538743936848,0.541823935879954,ETTm1,raw,48000,48096,raw:48000:6,high,high
0,0.5574942618278766,0.025147627273008635,0.11430846487718732,0.0,0.4851476074952006,2.670969830055572,0.2784949712117704,0.23231678465935754,0.25454752623565696,ETTm1,raw,48192,48288,raw:48192:0,low,low
1,0.8029218291098135,0.18871119440584394,0.24220981319307008,0.375,0.9182547762941714,2.670969830055572,0.2784949712117704,0.41128094556957584,0.5239165825019806,ETTm1,raw,48192,48288,raw:48192:1,high,high
2,0.6996906477860828,0.03207643532540881,0.08323276742270103,0.0,0.45503599030031233,2.670969830055572,0.2784949712117704,0.27166661684473087,0.24451032050402757,ETTm1,raw,48192,48288,raw:48192:2,low,low
3,0.8783169444222121,0.1753109536565592,0.13632233384323217,0.125,0.8780829484778147,2.670969830055572,0.2784949712117704,0.3966500773073345,0.4271926398965283,ETTm1,raw,48192,48288,raw:48192:3,high,mid
4,0.5260527359658203,0.02712553243704697,0.3369852306969492,0.125,0.8062878293151194,2.670969830055572,0.2784949712117704,0.29672116636660545,0.40326093350896325,ETTm1,raw,48192,48288,raw:48192:4,low,mid
5,0.3502857608655511,0.1506392764898687,0.40285355304513243,0.125,0.6915074187381177,2.670969830055572,0.2784949712117704,0.3012595301335174,0.3650007966499627,ETTm1,raw,48192,48288,raw:48192:5,low,mid
6,0.37025452186775587,0.44106999664215274,0.56037553964865,0.25,0.8009585892168682,2.670969830055572,0.2784949712117704,0.45723335271951954,0.4431511868095462,ETTm1,raw,48192,48288,raw:48192:6,high,mid
0,0.5729777040740152,0.112034683641006,0.04689462976168088,0.125,0.7469534038322498,3.905633108867222,0.48427218400408334,0.24396900582556735,0.4520751959454444,ETTm1,raw,48288,48384,raw:48288:0,low,mid
1,0.86793218087674,0.1588709827806361,0.03286515652675386,0.25,0.8628277395804532,3.905633108867222,0.48427218400408334,0.35322277339471,0.5323666411948454,ETTm1,raw,48288,48384,raw:48288:1,mid,high
2,0.747672821786671,0.11062848115378533,0.03901292551342697,0.0,0.6588860742342995,3.905633108867222,0.48427218400408334,0.2991047428179611,0.3810527527461276,ETTm1,raw,48288,48384,raw:48288:2,low,mid
3,0.9071539999926627,0.21212761583029477,0.013230347744958659,0.125,0.8619983183256403,3.905633108867222,0.48427218400408334,0.37750398785597206,0.49042350077657454,ETTm1,raw,48288,48384,raw:48288:3,mid,mid
4,0.10921050531646304,0.06244175294455455,0.45499818544730575,0.125,0.8768273012186062,3.905633108867222,0.48427218400408334,0.20888348123610778,0.4953664950742298,ETTm1,raw,48288,48384,raw:48288:4,low,mid
5,0.0,0.17133458993040063,0.5052297687063546,0.5,0.8993398666753637,3.905633108867222,0.48427218400408334,0.22552145287891842,0.6278706835598157,ETTm1,raw,48288,48384,raw:48288:5,low,high
6,0.5528056271005761,0.3511875651200193,0.45403883548763296,0.375,0.8711996106177824,3.905633108867222,0.48427218400408334,0.4526773425694095,0.576823931540622,ETTm1,raw,48288,48384,raw:48288:6,high,high
0,0.7808727417190773,0.24971434322503033,0.0933364819922471,0.125,0.815302136351923,2.568603620826008,0.26143393636861145,0.3746411889787849,0.4005786909068448,ETTm1,raw,48384,48480,raw:48384:0,mid,mid
1,0.7291757328399725,0.2780247678576781,0.07615297349899308,0.0,0.8995191860992007,2.568603620826008,0.26143393636861145,0.3611178247322145,0.38698437415593734,ETTm1,raw,48384,48480,raw:48384:1,mid,mid
2,0.4843891818314421,0.2621864229774684,0.06489222699550151,0.125,0.7262518832592767,2.568603620826008,0.26143393636861145,0.2704892772681373,0.37089527320929605,ETTm1,raw,48384,48480,raw:48384:2,low,mid
3,0.5814288886696624,0.24067287182510694,0.12032965842632248,0.125,0.8954926042991025,2.568603620826008,0.26143393636861145,0.3141438063070306,0.42730884688923804,ETTm1,raw,48384,48480,raw:48384:3,low,mid
4,0.34348143621333416,0.11132377345646342,0.1131291492465078,0.25,0.7235865607596753,2.568603620826008,0.26143393636861145,0.1893114529721018,0.41167349904276224,ETTm1,raw,48384,48480,raw:48384:4,low,mid
5,0.7395019488786503,0.10871864010057364,0.7980074685741733,0.5,0.9479407854782659,2.568603620826008,0.26143393636861145,0.5487426858511324,0.5697915739489591,ETTm1,raw,48384,48480,raw:48384:5,high,high
6,0.560399732264224,0.05665519735790599,0.6178345780586445,0.125,0.8076842584613761,2.568603620826008,0.26143393636861145,0.41162983589359153,0.39803939827666257,ETTm1,raw,48384,48480,raw:48384:6,high,mid
0,0.2349741185686145,0.0591139707537404,0.05950768037002847,0.0,0.5784242824693028,2.3886745513982333,0.2314457581806293,0.11786525656412779,0.26995668021664404,ETTm1,raw,48576,48672,raw:48576:0,low,low
1,0.6802760383370794,0.17627939289940944,0.11945918913431636,0.75,0.9578256523959281,2.3886745513982333,0.2314457581806293,0.32533820679026837,0.6464238035255191,ETTm1,raw,48576,48672,raw:48576:1,mid,high
2,0.5020851699838622,0.06451821356953474,0.08049725419163103,0.0,0.5741196736047177,2.3886745513982333,0.2314457581806293,0.21570021258167602,0.26852181059511565,ETTm1,raw,48576,48672,raw:48576:2,low,low
3,0.6736440546620339,0.15834898464619113,0.28633317193425795,1.0,0.9715224362579755,2.3886745513982333,0.2314457581806293,0.37277540374749435,0.734322731479535,ETTm1,raw,48576,48672,raw:48576:3,mid,high
4,0.13816541995998155,0.06955847643721154,0.7377892408049131,0.25,0.5828950760600924,2.3886745513982333,0.2314457581806293,0.31517104573403537,0.35478027808024054,ETTm1,raw,48576,48672,raw:48576:4,low,low
5,0.40558637979294554,0.28973219403691164,0.2116821294796323,0.25,0.9580284939671083,2.3886745513982333,0.2314457581806293,0.30233356776982984,0.4798247507159125,ETTm1,raw,48576,48672,raw:48576:5,low,mid
6,0.8462780888225714,0.4957277120302769,0.22843045125180447,1.0,0.9765963761383285,2.3886745513982333,0.2314457581806293,0.5234787507015509,0.7360140447729858,ETTm1,raw,48576,48672,raw:48576:6,high,high
0,0.44543722321328094,0.0821953188625127,0.13212349053780797,0.0,0.6198300109778865,3.0044234615876566,0.33407057637449183,0.2199186775378672,0.31796686245079275,ETTm1,raw,48672,48768,raw:48672:0,low,low
1,0.8222480315448321,0.09879281663850387,0.035983077613937056,0.375,0.9221964231438001,3.0044234615876566,0.33407057637449183,0.31900797526575764,0.5437556665060973,ETTm1,raw,48672,48768,raw:48672:1,mid,high
2,0.6933328738737745,0.10055416880504989,0.10631330452800944,0.0,0.6006266087109203,3.0044234615876566,0.33407057637449183,0.30006678240227797,0.3115657283618041,ETTm1,raw,48672,48768,raw:48672:2,low,low
3,0.8997035061930557,0.1170849412198329,0.09743252623290531,0.375,0.9171271211518633,3.0044234615876566,0.33407057637449183,0.3714069912152646,0.5420658991754518,ETTm1,raw,48672,48768,raw:48672:3,mid,high
4,0.3522908389717456,0.07376982704550342,0.7055359211448219,0.25,0.5967988307398858,3.0044234615876566,0.33407057637449183,0.377198862387357,0.39362313570479257,ETTm1,raw,48672,48768,raw:48672:4,mid,mid
5,0.5260480240142487,0.3018181455035551,0.31632602772293217,1.0,0.88229068477467,3.0044234615876566,0.33407057637449183,0.38139739908024534,0.7387870870497206,ETTm1,raw,48672,48768,raw:48672:5,mid,high
6,0.8856982918951027,0.12111539580408472,0.024932858912609577,0.125,0.710964008439259,3.0044234615876566,0.33407057637449183,0.34391551553726574,0.39001152827125024,ETTm1,raw,48672,48768,raw:48672:6,mid,mid
0,0.5500297388166145,0.04992682103789975,0.15430801002540212,0.0,0.44062666824723123,2.3784019961118523,0.22973366563575262,0.25142152329330547,0.22345344462766129,ETTm1,raw,48864,48960,raw:48864:0,low,low
1,0.893217708854791,0.3388641670798184,0.11572193931216188,0.125,0.820158740698802,2.3784019961118523,0.22973366563575262,0.44926793841559043,0.39163080211151824,ETTm1,raw,48864,48960,raw:48864:1,high,mid
2,0.5900539875894295,0.05949880218710309,0.24012734932045102,0.0,0.43801839843013746,2.3784019961118523,0.22973366563575262,0.2965600463656612,0.22258402135529667,ETTm1,raw,48864,48960,raw:48864:2,low,low
3,0.7301832320297432,0.3338884383723766,0.07432405500431848,0.25,0.953542185779026,2.3784019961118523,0.22973366563575262,0.3794652418021461,0.47775861713825957,ETTm1,raw,48864,48960,raw:48864:3,mid,mid
4,0.6042691372974551,0.12159600604739525,0.46553219520677586,0.125,0.6189881333679447,2.3784019961118523,0.22973366563575262,0.39713244618387544,0.32457393300123244,ETTm1,raw,48864,48960,raw:48864:4,high,low
5,0.8096698140923944,0.42393705180752295,0.4623240558957222,0.125,0.6176452428808106,2.3784019961118523,0.22973366563575262,0.5653103072652131,0.3241263028388544,ETTm1,raw,48864,48960,raw:48864:5,high,low
6,0.7834736311772308,0.12889547282583752,0.37466187462238126,0.375,0.8577276554458818,2.3784019961118523,0.22973366563575262,0.42901032620848323,0.4874871070272115,ETTm1,raw,48864,48960,raw:48864:6,high,mid
0,0.45423792591756995,0.005909759539105684,0.07107536336594995,0.0,0.413381945312421,1.6374612435901952,0.1062435404212933,0.17707434960754187,0.17320849524457146,ETTm1,raw,48960,49056,raw:48960:0,low,low
1,0.2482577591659224,0.11390808361263632,0.5395525391595316,0.375,0.8812001672350146,1.6374612435901952,0.1062435404212933,0.30057279397936343,0.45414790255210263,ETTm1,raw,48960,49056,raw:48960:1,low,mid
2,0.44405233835215396,0.00946658075015945,0.04029658437121073,0.0,0.3886801735267047,1.6374612435901952,0.1062435404212933,0.16460516782450804,0.16497457131599932,ETTm1,raw,48960,49056,raw:48960:2,low,low
3,0.7399754934452364,0.1344342908566623,0.3993531482107118,0.375,0.9452485951150612,1.6374612435901952,0.1062435404212933,0.4245876441708702,0.47549737851211815,ETTm1,raw,48960,49056,raw:48960:3,high,mid
4,0.6318742544103748,0.14087259252707302,0.3573847754477949,0.25,0.6167912531220322,1.6374612435901952,0.1062435404212933,0.376710540795081,0.32434493118110846,ETTm1,raw,48960,49056,raw:48960:4,mid,low
5,0.5985369045748878,0.28466445554832176,0.2562634609227627,0.5,0.9159293269920309,1.6374612435901952,0.1062435404212933,0.37982160701532414,0.5073909558044415,ETTm1,raw,48960,49056,raw:48960:5,mid,high
6,0.740446990624916,0.11139468812474124,0.42504712324712596,0.25,0.790449852073056,1.6374612435901952,0.1062435404212933,0.4256296006655944,0.3822311308314497,ETTm1,raw,48960,49056,raw:48960:6,high,mid
0,0.6421477956460004,0.05494872897989201,0.2096421229114722,0.0,0.4443489764021327,3.043256747032585,0.3405427906045262,0.3022462158457882,0.26163058900221964,ETTm1,raw,49056,49152,raw:49056:0,low,low
1,0.9047052959065166,0.184179604028333,0.047286177881539694,0.25,0.825029096739457,3.043256747032585,0.3405427906045262,0.37872369260546307,0.4718572957813278,ETTm1,raw,49056,49152,raw:49056:1,mid,mid
2,0.7022097654847492,0.06843195381201073,0.18746101778996418,0.0,0.4339731454332253,3.043256747032585,0.3405427906045262,0.31936757902890806,0.2581719786792505,ETTm1,raw,49056,49152,raw:49056:2,mid,low
3,0.9325783375332274,0.21232988904931605,0.019959135139199436,0.25,0.7892374029753636,3.043256747032585,0.3405427906045262,0.3882891205739143,0.45992673119329663,ETTm1,raw,49056,49152,raw:49056:3,mid,mid
4,0.5116302638589171,0.06705876618763168,0.18855788559210984,0.25,0.5625135254374573,3.043256747032585,0.3405427906045262,0.25574897187955287,0.38435210534732783,ETTm1,raw,49056,49152,raw:49056:4,low,mid
5,0.11440965939972614,0.42657486356107965,0.4771121428162474,1.0,0.8973845253610289,3.043256747032585,0.3405427906045262,0.33936555525901774,0.7459757719885184,ETTm1,raw,49056,49152,raw:49056:5,mid,high
6,0.8381221533182496,0.1392541162622295,0.1309549376632601,0.25,0.72601460306978,3.043256747032585,0.3405427906045262,0.36944373574791306,0.43885246455810206,ETTm1,raw,49056,49152,raw:49056:6,mid,mid
0,0.7273221598896276,0.009888945573875856,0.015819363096416697,0.0,0.4240729654554688,2.793541506890827,0.29892358398359853,0.2510101561866401,0.24099884981302244,ETTm1,raw,49248,49344,raw:49248:0,low,low
1,0.8124141140017729,0.3258904155842306,0.04589198363226867,0.375,0.8904526812218235,2.793541506890827,0.29892358398359853,0.3947321710727574,0.5214587550684741,ETTm1,raw,49248,49344,raw:49248:1,high,high
2,0.7107527722791122,0.009975816329888008,0.018243907755239236,0.0,0.4043377017273121,2.793541506890827,0.29892358398359853,0.24632416545474645,0.23442042857030354,ETTm1,raw,49248,49344,raw:49248:2,low,low
3,0.8708427628925004,0.3340785963329801,0.09320280518637983,0.125,0.8986419946163904,2.793541506890827,0.29892358398359853,0.43270805480395347,0.4408551928666629,ETTm1,raw,49248,49344,raw:49248:3,high,mid
4,0.09777986600305943,0.09835797208772538,0.2922792637758405,0.125,0.5463023106101056,2.793541506890827,0.29892358398359853,0.16280570062220845,0.3234086315312347,ETTm1,raw,49248,49344,raw:49248:4,low,low
5,0.4017267623961146,0.3027702159448078,0.11587766545831539,0.375,0.8922918173709699,2.793541506890827,0.29892358398359853,0.2734582145997459,0.5220718004515228,ETTm1,raw,49248,49344,raw:49248:5,low,high
6,0.8878542819291262,0.49254186000295436,0.5060475956871854,0.0,0.5769835166125146,2.793541506890827,0.29892358398359853,0.628814579206422,0.2919690335320377,ETTm1,raw,49248,49344,raw:49248:6,high,low
0,0.7672712761720963,0.004636130926694272,0.04939629131186101,0.0,0.4076981160754409,1.999490581491004,0.16658176330419772,0.2737678994702172,0.19142662645987954,ETTm1,raw,49344,49440,raw:49344:0,low,low
1,0.742100256736567,0.3355389821447549,0.6082473436805003,0.75,0.8979954299571253,1.999490581491004,0.16658176330419772,0.561962194187274,0.604859064420441,ETTm1,raw,49344,49440,raw:49344:1,high,high
2,0.8190738702594075,0.008391122456340461,0.011509175216256653,0.0,0.39462274415110776,1.999490581491004,0.16658176330419772,0.27965805597733484,0.1870681691517685,ETTm1,raw,49344,49440,raw:49344:2,low,low
3,0.6796037565282584,0.18806433086343866,0.5945926040406385,1.0,0.9571034688816968,1.999490581491004,0.16658176330419772,0.48742023047744515,0.7078950773952982,ETTm1,raw,49344,49440,raw:49344:3,high,high
4,0.2634564991659789,0.08336977935017971,0.36870623515473666,0.25,0.7308836181885707,1.999490581491004,0.16658176330419772,0.2385108378902984,0.3824884604975895,ETTm1,raw,49344,49440,raw:49344:4,low,mid
5,0.22627745321765658,0.06706354567561298,0.3075770927739159,0.125,0.820985330362502,1.999490581491004,0.16658176330419772,0.2003060305557285,0.3708556978888999,ETTm1,raw,49344,49440,raw:49344:5,low,mid
6,0.9922536564213613,0.05837239290788749,0.20997020409806197,0.25,0.7510771736897378,1.999490581491004,0.16658176330419772,0.42019875114243693,0.3892196456646451,ETTm1,raw,49344,49440,raw:49344:6,high,mid
0,0.6553054256408599,0.12718930378312723,0.17023184941144084,0.0,0.639439825086895,3.2679640356946296,0.3779940053191149,0.317575526278476,0.33914461013533664,ETTm1,raw,49536,49632,raw:49536:0,mid,low
1,0.8144542736114814,0.16403008664155572,0.07803519116746856,0.375,0.8845105922405948,3.2679640356946296,0.3779940053191149,0.3521731838068352,0.5458348658532366,ETTm1,raw,49536,49632,raw:49536:1,mid,high
2,0.7883330622009047,0.13239874442828714,0.23108142589736197,0.0,0.620987539474537,3.2679640356946296,0.3779940053191149,0.3839377441755179,0.33299384826455064,ETTm1,raw,49536,49632,raw:49536:2,mid,low
3,0.7476913469924118,0.2550085563144581,0.10025924338074728,0.375,0.8938774613973312,3.2679640356946296,0.3779940053191149,0.3676530488958724,0.5489571555721487,ETTm1,raw,49536,49632,raw:49536:3,mid,high
4,0.3725348121255383,0.10764334969978859,0.4747377683066705,0.25,0.6902815529701548,3.2679640356946296,0.3779940053191149,0.31830531004399915,0.4394251860964233,ETTm1,raw,49536,49632,raw:49536:4,mid,mid
5,0.5523724610501293,0.32163050747413585,0.7254499409886089,1.0,0.9696990923549651,3.2679640356946296,0.3779940053191149,0.5331509698376248,0.78256436589136,ETTm1,raw,49536,49632,raw:49536:5,high,high
6,0.6211764427772914,0.2459108260493636,0.2153227928818282,0.0,0.737959118354376,3.2679640356946296,0.3779940053191149,0.36080335390282775,0.37198437455783034,ETTm1,raw,49536,49632,raw:49536:6,mid,mid
0,0.6074928600706317,0.10818786146043843,0.13052107328303106,0.0,0.7154957667660619,3.9651438951691644,0.4941906483712097,0.28206726493803375,0.40322880504575714,ETTm1,raw,49632,49728,raw:49632:0,low,mid
1,0.8239451665721017,0.10782823653208293,0.07213564164694762,0.375,0.786756393855797,3.9651438951691644,0.4941906483712097,0.3346363482503774,0.5519823474090022,ETTm1,raw,49632,49728,raw:49632:1,mid,high
2,0.5850658689250687,0.0766892921669457,0.06779917693805601,0.0,0.5999219832991066,3.9651438951691644,0.4941906483712097,0.24318477934335683,0.3647042105567721,ETTm1,raw,49632,49728,raw:49632:2,low,mid
3,0.8948663047991595,0.10376616946435213,0.04363717792661975,0.125,0.7752469637624239,3.9651438951691644,0.4941906483712097,0.34742321739671045,0.4648125373778778,ETTm1,raw,49632,49728,raw:49632:3,mid,mid
4,0.27564386888408776,0.17966330860476232,0.6266629080210184,0.375,0.8538805149450954,3.9651438951691644,0.4941906483712097,0.3606566951699562,0.5743570544387684,ETTm1,raw,49632,49728,raw:49632:4,mid,high
5,0.3146801013205732,0.361807191405802,0.3892289448769281,0.75,0.8935643293519661,3.9651438951691644,0.4941906483712097,0.35523874586776777,0.712584992574392,ETTm1,raw,49632,49728,raw:49632:5,mid,high
6,0.7670797013321918,0.15606101428298386,0.4112787441215066,0.375,0.9440130789608734,3.9651438951691644,0.4941906483712097,0.4448064865788941,0.6044012424440277,ETTm1,raw,49632,49728,raw:49632:6,high,high
0,0.747740780647747,0.11500750300707473,0.8781023443536679,0.0,0.6786407055962569,3.59589911021804,0.4326498509819236,0.5802835426694966,0.37043018552606016,ETTm1,raw,49824,49920,raw:49824:0,high,mid
1,0.6516724206624053,0.1773635471190662,0.5438150845585706,0.5,0.6958106663006061,3.59589911021804,0.4326498509819236,0.4576170174466807,0.5428201724275099,ETTm1,raw,49824,49920,raw:49824:1,high,high
2,0.7667442885945986,0.11693897895624389,0.8738595725017151,0.0,0.6798630961274982,3.59589911021804,0.4326498509819236,0.5858476133508526,0.3708376490364739,ETTm1,raw,49824,49920,raw:49824:2,high,mid
3,0.6147398711847197,0.08935474465514648,0.5385674734359849,0.25,0.5361034700264758,3.59589911021804,0.4326498509819236,0.4142206964252837,0.4062511070027998,ETTm1,raw,49824,49920,raw:49824:3,high,mid
4,0.13811814499689867,0.06801515310253596,0.434253094840684,0.125,0.5280780732102826,3.59589911021804,0.4326498509819236,0.21346213098003952,0.36190930806406874,ETTm1,raw,49824,49920,raw:49824:4,low,mid
5,0.674398804200764,0.22429386437060672,0.18611954996125413,1.0,0.949211926070388,3.59589911021804,0.4326498509819236,0.36160407284420826,0.7939539256841038,ETTm1,raw,49824,49920,raw:49824:5,mid,high
6,0.8899920063787051,0.5946266970984988,0.21767111321966326,0.0,0.6290433986854085,3.59589911021804,0.4326498509819236,0.5674299388989557,0.3538977498891107,ETTm1,raw,49824,49920,raw:49824:6,high,low
0,0.6315612420867908,0.11989239837334174,0.7042580416083366,0.0,0.6560453304358997,2.3466336395131395,0.2244389395447917,0.48523722735615643,0.29349475666023045,ETTm1,raw,49920,50016,raw:49920:0,high,low
1,0.7170075851037224,0.35271793527694906,0.07809019023061174,0.625,0.9145838365106783,2.3466336395131395,0.2244389395447917,0.38260523687042775,0.5880075920184901,ETTm1,raw,49920,50016,raw:49920:1,mid,high
2,0.7389361309786233,0.13093329240430482,0.6541140429040684,0.0,0.6437949187095484,2.3466336395131395,0.2244389395447917,0.5079944887623321,0.28941128608478,ETTm1,raw,49920,50016,raw:49920:2,high,low
3,0.7685417629844367,0.276555847419804,0.08193640061399873,0.375,0.8720137650987173,2.3466336395131395,0.2244389395447917,0.37567800367274645,0.4904842348811696,ETTm1,raw,49920,50016,raw:49920:3,mid,mid
4,0.3014399242945436,0.09200204743966939,0.8074004507914679,0.25,0.7385000144845131,2.3466336395131395,0.2244389395447917,0.40028080750856027,0.4043129846764349,ETTm1,raw,49920,50016,raw:49920:4,high,mid
5,0.30622574739031816,0.18201256125516757,0.3142854925148693,0.875,0.9438396878010548,2.3466336395131395,0.2244389395447917,0.26750793372011833,0.6810928757819489,ETTm1,raw,49920,50016,raw:49920:5,low,high
6,0.7741736556242306,0.12160963133375646,0.2618228295738428,0.25,0.853568036920089,2.3466336395131395,0.2244389395447917,0.38586870551061,0.4426689921549602,ETTm1,raw,49920,50016,raw:49920:6,mid,mid
0,0.6168807496562472,0.036273388163136855,0.019011511381222975,0.0,0.5476854980484605,3.3651939592327613,0.3941989925484619,0.22405521640020232,0.3139614968656408,ETTm1,raw,50016,50112,raw:50016:0,low,low
1,0.8989855702391822,0.15923397875834377,0.08781910789324143,0.5,0.9782398317061881,3.3651939592327613,0.3941989925484619,0.3820128856302558,0.62414627475155,ETTm1,raw,50016,50112,raw:50016:1,mid,high
2,0.7786530735205204,0.030265936970442768,0.012226279192035392,0.0,0.5170912179972768,3.3651939592327613,0.3941989925484619,0.2737150965609995,0.3037634035152462,ETTm1,raw,50016,50112,raw:50016:2,low,low
3,0.8800588030862535,0.16860575518041349,0.08010737362762976,0.375,0.928819031453275,3.3651939592327613,0.3941989925484619,0.37625731063143225,0.566006008000579,ETTm1,raw,50016,50112,raw:50016:3,mid,high
4,0.06815287349208587,0.15551952342251008,0.5224736021569895,0.125,0.4984280550359004,3.3651939592327613,0.3941989925484619,0.2487153330238618,0.3392090158614541,ETTm1,raw,50016,50112,raw:50016:4,low,low
5,0.00411492732372265,0.29994659320862416,0.5175021254445112,0.75,0.9752274116249224,3.3651939592327613,0.3941989925484619,0.2738545486589527,0.7064754680577948,ETTm1,raw,50016,50112,raw:50016:5,low,high
6,0.3824459501931743,0.2352011823518766,0.4639170406267892,0.25,0.7079780119258189,3.3651939592327613,0.3941989925484619,0.36052139105728004,0.45072566815809356,ETTm1,raw,50016,50112,raw:50016:6,mid,mid
0,0.6126653552037834,0.01935768601658565,0.10601775101615232,0.0,0.633996069693053,2.5939463083359233,0.2656577176132244,0.24601359741217377,0.2998845957687591,ETTm1,raw,50208,50304,raw:50208:0,low,low
1,0.7183656408024346,0.1285180335390605,0.16401757318048943,0.25,0.868114674437606,2.5939463083359233,0.2656577176132244,0.33696708250732815,0.4612574640169435,ETTm1,raw,50208,50304,raw:50208:1,mid,mid
2,0.6986546692825346,0.020705186781162087,0.11467576575720086,0.0,0.5962554272067676,2.5939463083359233,0.2656577176132244,0.2780118739402992,0.287304381606664,ETTm1,raw,50208,50304,raw:50208:2,low,low
3,0.6744265700841836,0.1028217049812681,0.08117390031049296,0.125,0.818817621096067,2.5939463083359233,0.2656577176132244,0.2861407251253149,0.40315844623643043,ETTm1,raw,50208,50304,raw:50208:3,low,mid
4,0.34716045648287874,0.07541231880692759,0.18419246526913033,0.25,0.5767256673601588,2.5939463083359233,0.2656577176132244,0.20225508018631222,0.36412779499112774,ETTm1,raw,50208,50304,raw:50208:4,low,mid
5,0.3160967783770947,0.12844957238996696,0.5299625886210756,0.625,0.9868163908283828,2.5939463083359233,0.2656577176132244,0.32483631312937905,0.625824702813869,ETTm1,raw,50208,50304,raw:50208:5,mid,high
6,0.9494538518837048,0.12382475317596718,0.2018037631408074,0.125,0.6987417586099012,2.5939463083359233,0.2656577176132244,0.4250274560668264,0.36313315874104185,ETTm1,raw,50208,50304,raw:50208:6,high,mid
0,0.5135064037923931,0.09670386589388047,0.09550753533338312,0.25,0.8161806916921174,3.134127628498488,0.35568793749026806,0.23523926833988554,0.4739562097274619,ETTm1,raw,50304,50400,raw:50304:0,low,mid
1,0.6900859541687645,0.159147066155538,0.34423082261759613,1.0,0.9730649976820072,3.134127628498488,0.35568793749026806,0.3978212809806329,0.7762509783907584,ETTm1,raw,50304,50400,raw:50304:1,high,high
2,0.6680777715612116,0.05912227625660934,0.06683623377874982,0.25,0.7331095707558519,3.134127628498488,0.35568793749026806,0.26467876053219025,0.44626583608203996,ETTm1,raw,50304,50400,raw:50304:2,low,mid
3,0.6032040536240292,0.1770543978041505,0.19560138035723976,0.5,0.9741055408943556,3.134127628498488,0.35568793749026806,0.3252866105951398,0.6099311594615413,ETTm1,raw,50304,50400,raw:50304:3,mid,high
4,0.06994540808036409,0.11474665996625524,0.456224486663446,0.25,0.7038908448359692,3.134127628498488,0.35568793749026806,0.2136388515700218,0.4365262607754124,ETTm1,raw,50304,50400,raw:50304:4,low,mid
5,0.44635956435625956,0.13068682806228912,0.5975233839588214,0.125,0.7611372661094623,3.134127628498488,0.35568793749026806,0.3915232587924567,0.41394173453324346,ETTm1,raw,50304,50400,raw:50304:5,high,mid
6,0.4714229145932245,0.09078067856108714,0.12996288661983074,0.0,0.5828634168228575,3.134127628498488,0.35568793749026806,0.23072215992471415,0.3128504514377085,ETTm1,raw,50304,50400,raw:50304:6,low,low
0,0.6833147667760858,0.04456948813426288,0.19126618278466634,0.0,0.5973803111023912,1.4383144310553615,0.07305240505413957,0.3063834792316717,0.22347757205217691,ETTm1,raw,50496,50592,raw:50496:0,low,low
1,0.7096204819152659,0.19658501594541672,0.3010123346612264,1.0,0.9697915446001341,1.4383144310553615,0.07305240505413957,0.40240594417396963,0.6809479832180912,ETTm1,raw,50496,50592,raw:50496:1,high,high
2,0.5220919225182948,0.04735882003565067,0.29420514563653305,0.0,0.6179014468103281,1.4383144310553615,0.07305240505413957,0.28788529606349283,0.23031795062148921,ETTm1,raw,50496,50592,raw:50496:2,low,low
3,0.6915977490868134,0.24464148598180688,0.46993033428598263,1.0,0.9597159162624648,1.4383144310553615,0.07305240505413957,0.4687231897848676,0.6775894404388682,ETTm1,raw,50496,50592,raw:50496:3,high,high
4,0.8428009881877555,0.09704377567396087,0.028151322793126984,0.125,0.7781995174285062,1.4383144310553615,0.07305240505413957,0.32266536221828107,0.32541730749421527,ETTm1,raw,50496,50592,raw:50496:4,mid,low
5,0.737225789609206,0.281734280208124,0.11158519248245703,0.5,0.9823366141642198,1.4383144310553615,0.07305240505413957,0.3768484207665957,0.5184630064061198,ETTm1,raw,50496,50592,raw:50496:5,mid,high
6,0.9256749483522646,0.03156743555758283,0.11294389521849996,0.125,0.733503551803974,1.4383144310553615,0.07305240505413957,0.3567287597094491,0.31051865228603787,ETTm1,raw,50496,50592,raw:50496:6,mid,low
0,0.56637899538544,0.023057319588346864,0.4195786099566424,0.0,0.4631335672107933,1.6524369649691288,0.10873949398028898,0.33633830831014305,0.19062435373036077,ETTm1,raw,50592,50688,raw:50592:0,mid,low
1,0.42776697657511964,0.1916446448718483,0.38409273813874156,0.75,0.976855936780934,1.6524369649691288,0.10873949398028898,0.33450145319523655,0.6118651435870743,ETTm1,raw,50592,50688,raw:50592:1,mid,high
2,0.4878185030766523,0.020667323507163063,0.357088827396839,0.0,0.44189208797126195,1.6524369649691288,0.10873949398028898,0.28852488466021814,0.18354386065051698,ETTm1,raw,50592,50688,raw:50592:2,low,low
3,0.7096176352902813,0.20786009952156936,0.1803318631292628,0.5,0.9568381119427152,1.6524369649691288,0.10873949398028898,0.36593653264703785,0.5218592019743348,ETTm1,raw,50592,50688,raw:50592:3,mid,high
4,0.5382616273499983,0.1636948798898096,0.1478889202862701,0.875,0.8809141263288209,1.6524369649691288,0.10873949398028898,0.28328180917535933,0.6215512067697033,ETTm1,raw,50592,50688,raw:50592:4,low,high
5,0.781022639901987,0.3146067287384805,0.44163649892506207,0.875,0.9815859451771037,1.6524369649691288,0.10873949398028898,0.5124219558551765,0.6551084797191309,ETTm1,raw,50592,50688,raw:50592:5,high,high
6,0.6873310042297158,0.26258673594870213,0.24018737179746288,0.375,0.9225880072869083,1.6524369649691288,0.10873949398028898,0.3967017039919603,0.4687758337557324,ETTm1,raw,50592,50688,raw:50592:6,high,mid
0,0.8863869694866731,0.04184610693265926,0.29537766743139854,0.0,0.4917999544407151,2.1019467784011936,0.1836577960941026,0.4078702479502436,0.2251525835116059,ETTm1,raw,50688,50784,raw:50688:0,high,low
1,0.8229463204927442,0.1282565948941557,0.02898574774893335,0.125,0.831636423614261,2.1019467784011936,0.1836577960941026,0.3267295543786111,0.3800980732361212,ETTm1,raw,50688,50784,raw:50688:1,mid,mid
2,0.7768638091125744,0.029996795117074187,0.3425049167039304,0.0,0.4778306654809722,2.1019467784011936,0.1836577960941026,0.38312184031119295,0.22049615385835827,ETTm1,raw,50688,50784,raw:50688:2,mid,low
3,0.8135027428083479,0.1651537053266845,0.07432231992779637,0.125,0.8166531672526798,2.1019467784011936,0.1836577960941026,0.3509929226876096,0.37510365444892746,ETTm1,raw,50688,50784,raw:50688:3,mid,mid
4,0.8552920331628424,0.1178479623546583,0.013448839402012143,0.375,0.9091739273916672,2.1019467784011936,0.1836577960941026,0.328862944973171,0.4892772411619233,ETTm1,raw,50688,50784,raw:50688:4,mid,mid
5,0.8452684763580091,0.1197494529133239,0.044560550827318086,0.875,0.9386031989453685,2.1019467784011936,0.1836577960941026,0.3365261600328837,0.665753665013157,ETTm1,raw,50688,50784,raw:50688:5,mid,high
6,0.7255674574016917,0.09259536287945332,0.17370021686438625,0.0,0.4718012593856066,2.1019467784011936,0.1836577960941026,0.33062101238184377,0.21848635182656972,ETTm1,raw,50688,50784,raw:50688:6,mid,low
0,0.6855035662889235,0.049835065535330805,0.06554677210922848,0.0,0.7784611551728866,3.246735321439122,0.3744558862824272,0.26696180131116093,0.3843056804851046,ETTm1,raw,50880,50976,raw:50880:0,low,mid
1,0.8082858613106397,0.2800722999484901,0.10927272622649178,0.875,0.9545442076769961,3.246735321439122,0.3744558862824272,0.39921029582854056,0.7346666979864743,ETTm1,raw,50880,50976,raw:50880:1,high,high
2,0.7372246575833734,0.056322402906580915,0.038486116202459376,0.0,0.6260439294715193,3.246735321439122,0.3744558862824272,0.2773443922308046,0.3334999385846489,ETTm1,raw,50880,50976,raw:50880:2,low,low
3,0.7499710241764046,0.2919114010156889,0.08672466741067197,0.25,0.9449504814969969,3.246735321439122,0.3744558862824272,0.37620236420092185,0.5231354559264747,ETTm1,raw,50880,50976,raw:50880:3,mid,high
4,0.6950203175804731,0.4111726497204016,0.11000037857615316,0.25,0.8945950004774195,3.246735321439122,0.3744558862824272,0.4053977819590093,0.5063502955866156,ETTm1,raw,50880,50976,raw:50880:4,high,high
5,0.3352315942222044,0.10220800892026494,0.4046509722350271,0.125,0.7102797843134722,3.246735321439122,0.3744558862824272,0.2806968584591655,0.4032452235319665,ETTm1,raw,50880,50976,raw:50880:5,low,mid
6,0.6364128008090877,0.10624834794422619,0.10178508634321817,0.25,0.8186157883003317,3.246735321439122,0.3744558862824272,0.2814820783655107,0.48102389152758623,ETTm1,raw,50880,50976,raw:50880:6,low,mid
0,0.8157909653260356,0.2704478738339479,0.09513489002020489,0.375,0.9064853569571213,3.49212176350659,0.4153536265588423,0.3937912430600628,0.5656129945053211,ETTm1,raw,50976,51072,raw:50976:0,high,high
1,0.7025453180379604,0.22802221855195523,0.14935423068968973,0.5,0.9809690344151303,3.49212176350659,0.4153536265588423,0.3599739224265351,0.6321075536579909,ETTm1,raw,50976,51072,raw:50976:1,mid,high
2,0.8433989931655823,0.20234015144369633,0.1829852960256845,0.375,0.9167523908879541,3.49212176350659,0.4153536265588423,0.4095748135449877,0.5690353391489321,ETTm1,raw,50976,51072,raw:50976:2,high,high
3,0.8033135739217245,0.47569983470583943,0.2651005903535265,0.875,0.9668241311522727,3.49212176350659,0.4153536265588423,0.5147046663270302,0.7523925859037051,ETTm1,raw,50976,51072,raw:50976:3,high,high
4,0.6920452951438452,0.1837889993121421,0.014162415657788951,0.25,0.6660999849170516,3.49212176350659,0.4153536265588423,0.29666557003792543,0.44381787049196464,ETTm1,raw,50976,51072,raw:50976:4,low,mid
5,0.7944462131621743,0.1357499225409613,0.10931656862405341,0.375,0.9149127049845921,3.49212176350659,0.4153536265588423,0.34650423477572967,0.5684221105144781,ETTm1,raw,50976,51072,raw:50976:5,mid,high
6,0.8376324714329135,0.17189263072939964,0.0038084760187198424,0.375,0.8214616971319427,3.49212176350659,0.4153536265588423,0.3377778593936777,0.537271774563595,ETTm1,raw,50976,51072,raw:50976:6,mid,high
0,0.43011852736547207,0.19782850197927462,0.15168395843407823,0.375,0.7926458622172691,3.960869055675866,0.49347817512351405,0.25987699592627495,0.5537080124469277,ETTm1,raw,51168,51264,raw:51168:0,low,high
1,0.7496331532286911,0.29145799722572063,0.0840671125352379,1.0,0.9841094669173676,3.960869055675866,0.49347817512351405,0.3750527543298832,0.8258625473469605,ETTm1,raw,51168,51264,raw:51168:1,mid,high
2,0.7323507239988598,0.19482683053546881,0.051521848619638454,0.0,0.7223216989097954,3.960869055675866,0.49347817512351405,0.3262331343846557,0.4052666246777698,ETTm1,raw,51168,51264,raw:51168:2,mid,mid
3,0.7510695480476424,0.28994318194268953,0.11806664518782453,0.625,0.9840942711322133,3.960869055675866,0.49347817512351405,0.38635979172605217,0.7008574820852425,ETTm1,raw,51168,51264,raw:51168:3,mid,high
4,0.5933649113714703,0.5289097063753336,0.2689839947785886,0.5,0.927278522439304,3.960869055675866,0.49347817512351405,0.4637528708417975,0.6402522325209393,ETTm1,raw,51168,51264,raw:51168:4,high,high
5,0.26939318869837237,0.20958794383156365,0.6735965128834077,0.25,0.9513499780069876,3.960869055675866,0.49347817512351405,0.38419254847111456,0.5649427177101672,ETTm1,raw,51168,51264,raw:51168:5,mid,high
6,0.5359374256381254,0.210536599330561,0.3301045112853741,0.5,0.8888662233863673,3.960869055675866,0.49347817512351405,0.35885951208468686,0.6274481328366271,ETTm1,raw,51168,51264,raw:51168:6,mid,high
0,0.703246845222373,0.006546372048164094,0.015312108678027929,0.0,0.43190109130366194,1.3471678869660855,0.057861314397912054,0.24170177531618833,0.16325413523385798,ETTm1,raw,51264,51360,raw:51264:0,low,low
1,0.6484701391333442,0.36190125230773706,0.635702817392213,0.375,0.8927833770438037,1.3471678869660855,0.057861314397912054,0.5486914029444314,0.4418815638139053,ETTm1,raw,51264,51360,raw:51264:1,high,mid
2,0.5983138406818689,0.006350101799009782,0.08215074554955909,0.0,0.41610948867569686,1.3471678869660855,0.057861314397912054,0.22893822934347927,0.15799026769120297,ETTm1,raw,51264,51360,raw:51264:2,low,low
3,0.38098924255286437,0.26683679274116906,0.5796761694897816,0.625,0.9366339149009477,1.3471678869660855,0.057861314397912054,0.409167401594605,0.5398317430996199,ETTm1,raw,51264,51360,raw:51264:3,high,high
4,0.7815483464699433,0.14759173680434257,0.007593176061728524,0.25,0.7209616944805157,1.3471678869660855,0.057861314397912054,0.31224441977867146,0.34294100295947594,ETTm1,raw,51264,51360,raw:51264:4,low,low
5,0.7887558793513263,0.3214725471688634,0.46653918040560494,1.0,0.9271562244107989,1.3471678869660855,0.057861314397912054,0.5255892023085982,0.661672512936237,ETTm1,raw,51264,51360,raw:51264:5,high,high
6,0.7731537580792321,0.05816344436356409,0.35467676923360647,0.125,0.6989029013943634,1.3471678869660855,0.057861314397912054,0.39533132389213427,0.29392140526409183,ETTm1,raw,51264,51360,raw:51264:6,high,low
0,0.7288685221278199,0.014909060080705467,0.03296650583798214,0.0,0.4392602040607986,2.779826342152303,0.29663772319765425,0.2589146960155025,0.24529930908615094,ETTm1,raw,51456,51552,raw:51456:0,low,low
1,0.9135131240205765,0.10227293664610475,0.016735123284358402,0.25,0.8697922840197883,2.779826342152303,0.29663772319765425,0.3441737279836799,0.4721433357391475,ETTm1,raw,51456,51552,raw:51456:1,mid,mid
2,0.8620812693664608,0.012057953771057044,0.022787570224545486,0.0,0.422440461553475,2.779826342152303,0.29663772319765425,0.29897559778735444,0.23969272825037638,ETTm1,raw,51456,51552,raw:51456:2,low,low
3,0.9729018861828286,0.09907567510200041,0.027264747032569207,0.375,0.874911909754719,2.779826342152303,0.29663772319765425,0.3664141027724661,0.5155165443174577,ETTm1,raw,51456,51552,raw:51456:3,mid,high
4,0.4800308841511721,0.12103704417180947,0.5726544746596982,0.375,0.8647535186169472,2.779826342152303,0.29663772319765425,0.3912408009942266,0.5121304139382005,ETTm1,raw,51456,51552,raw:51456:4,high,high
5,0.2552980003882507,0.18179392995255,0.2612599858608974,0.75,0.8595771157683865,2.779826342152303,0.29663772319765425,0.23278397206723267,0.6354049463220136,ETTm1,raw,51456,51552,raw:51456:5,low,high
6,0.5933353974092265,0.19985527102411232,0.47232852545102944,0.375,0.873810079077458,2.779826342152303,0.29663772319765425,0.4218397312947894,0.5151492674250374,ETTm1,raw,51456,51552,raw:51456:6,high,high
0,0.8166099882162507,0.007133793775460823,0.0005326769372737244,0.0,0.4147429211300151,2.2405448209753143,0.2067574698179566,0.27475881964299514,0.20716679698265725,ETTm1,raw,51552,51648,raw:51552:0,low,low
1,0.8075808786601335,0.12866999634622572,0.1281327818689014,0.25,0.912815288735192,2.2405448209753143,0.2067574698179566,0.3547945522917535,0.45652425285104953,ETTm1,raw,51552,51648,raw:51552:1,mid,mid
2,0.6745328356470928,0.006999610295410797,0.0015501913178216924,0.0,0.4164959873996746,2.2405448209753143,0.2067574698179566,0.22769421242010845,0.20775115240587705,ETTm1,raw,51552,51648,raw:51552:2,low,low
3,0.8404792983952161,0.19189945731980879,0.3671556049618495,0.25,0.9821945272255602,2.2405448209753143,0.2067574698179566,0.46651145355895807,0.4796506656811723,ETTm1,raw,51552,51648,raw:51552:3,high,mid
4,0.6831160100768132,0.1258060293765074,0.051023001397518634,0.125,0.7268050279787001,2.2405448209753143,0.2067574698179566,0.28664834695027974,0.35285416593221886,ETTm1,raw,51552,51648,raw:51552:4,low,low
5,0.7865535554154228,0.06291037749219781,0.06540707845634659,0.125,0.7678139570831884,2.2405448209753143,0.2067574698179566,0.3049570037879891,0.36652380896704834,ETTm1,raw,51552,51648,raw:51552:5,low,mid
6,0.6216692533580817,0.1824045219091952,0.4440668420310811,0.375,0.8597292493563549,2.2405448209753143,0.2067574698179566,0.416046872432786,0.4804955730581038,ETTm1,raw,51552,51648,raw:51552:6,high,mid
0,0.5114442775106419,0.011460326581707769,0.1179790509652214,0.0,0.4204888205186365,1.8645196621814535,0.14408661012343124,0.2136278850191904,0.18819181021402256,ETTm1,raw,51648,51744,raw:51648:0,low,low
1,0.7952145407762408,0.3369571632020105,0.45052298675841695,0.375,0.8972636700140992,1.8645196621814535,0.14408661012343124,0.5275648969122227,0.4721167600458435,ETTm1,raw,51648,51744,raw:51648:1,high,mid
2,0.7265663710391985,0.006883271587209215,0.10718799013590284,0.0,0.41288322647145154,1.8645196621814535,0.14408661012343124,0.2802125442541035,0.18565661219829424,ETTm1,raw,51648,51744,raw:51648:2,low,low
3,0.8187457394481681,0.43704227583436317,0.39970887357736234,0.5,0.9855570498211599,1.8645196621814535,0.14408661012343124,0.5518322962866312,0.5432145533148637,ETTm1,raw,51648,51744,raw:51648:3,high,high
4,0.4311454927690712,0.18499421646500325,0.21371102208021076,0.125,0.4121940755152392,1.8645196621814535,0.14408661012343124,0.27661691043809505,0.2270935618795568,ETTm1,raw,51648,51744,raw:51648:4,low,low
5,0.7102801416385547,0.3585210223605741,0.5377891482893555,1.0,0.9521025046343216,1.8645196621814535,0.14408661012343124,0.5355301040961614,0.6987297049192508,ETTm1,raw,51648,51744,raw:51648:5,high,high
6,0.8491034719650212,0.09621760703545282,0.4621094155389482,0.0,0.635089986881045,1.8645196621814535,0.14408661012343124,0.46914349817980744,0.2597255323348254,ETTm1,raw,51648,51744,raw:51648:6,high,low
0,0.6066986412113184,0.08086921118917711,0.17306544704663457,0.0,0.6614725766220827,2.6596455647826236,0.2766075936694246,0.28687776648237673,0.3126933900971691,ETTm1,raw,51840,51936,raw:51840:0,low,low
1,0.47157440146766083,0.2407069367594476,0.46551641423287593,1.0,0.9695514450386009,2.6596455647826236,0.2766075936694246,0.39259925081999486,0.7487196795693419,ETTm1,raw,51840,51936,raw:51840:1,high,high
2,0.5257638332760218,0.06560621582414175,0.18138586857676084,0.0,0.6153965346237084,2.6596455647826236,0.2766075936694246,0.25758530589230816,0.29733470943104434,ETTm1,raw,51840,51936,raw:51840:2,low,low
3,0.4660864631011781,0.2352836018573042,0.5140317780820941,1.0,0.9426047860157534,2.6596455647826236,0.2766075936694246,0.4051339476801921,0.7397374598950593,ETTm1,raw,51840,51936,raw:51840:3,high,high
4,0.44582802289127166,0.24074048982250768,0.3342855448839817,0.125,0.7058337969815845,2.6596455647826236,0.2766075936694246,0.3402846858659203,0.36914713021700307,ETTm1,raw,51840,51936,raw:51840:4,mid,mid
5,0.2878484376772882,0.1023831842579016,0.3614366226974549,0.125,0.7358017856266296,2.6596455647826236,0.2766075936694246,0.2505560815442149,0.37913645976535143,ETTm1,raw,51840,51936,raw:51840:5,low,mid
6,0.7181029093255555,0.06624205288195802,0.09744206445670361,0.0,0.5371903882346045,2.6596455647826236,0.2766075936694246,0.2939290088880724,0.2712659939680097,ETTm1,raw,51840,51936,raw:51840:6,low,low
0,0.5531664402040523,0.011524715858526595,0.022746804590293355,0.0,0.4812845727150735,1.6630586797925175,0.11050977978123662,0.19581265355095737,0.19726478416543672,ETTm1,raw,51936,52032,raw:51936:0,low,low
1,0.6205893440007912,0.26308034153521254,0.3915815915326324,0.5,0.9011388904624199,1.6630586797925175,0.11050977978123662,0.4250837590228787,0.5038828900812188,ETTm1,raw,51936,52032,raw:51936:1,high,high
2,0.5171105699476889,0.007276024469187866,0.010916724693666346,0.0,0.4541975029828701,1.6630586797925175,0.11050977978123662,0.17843443970351436,0.18823576092136893,ETTm1,raw,51936,52032,raw:51936:2,low,low
3,0.6953949554367203,0.4197038893304468,0.3656257944374029,0.5,0.917321062874727,1.6630586797925175,0.11050977978123662,0.49357487973485664,0.5092769475519879,ETTm1,raw,51936,52032,raw:51936:3,high,high
4,0.5479821319477265,0.5189945933359965,0.27754950478718265,0.25,0.9170949643932813,1.6630586797925175,0.11050977978123662,0.4481754100236352,0.42586824805817264,ETTm1,raw,51936,52032,raw:51936:4,high,mid
5,0.7879088153886948,0.04240555573442591,0.01807583890939995,0.125,0.8528829357905645,1.6630586797925175,0.11050977978123662,0.2827967366775069,0.3627975718572671,ETTm1,raw,51936,52032,raw:51936:5,low,mid
6,0.7202061804328124,0.09650890527719637,0.3191673274861482,0.375,0.8562424322405459,1.6630586797925175,0.11050977978123662,0.37862747106538563,0.44725073734059423,ETTm1,raw,51936,52032,raw:51936:6,mid,mid
0,0.6687286118413708,0.006359057537906303,0.07779509797243704,0.0,0.4540477505583458,2.2614072166024752,0.21023453575002166,0.2509609224505714,0.22142742876945584,ETTm1,raw,52128,52224,raw:52128:0,low,low
1,0.8257987684993331,0.09507712905779553,0.22269473426427777,0.5,0.960555734324437,2.2614072166024752,0.21023453575002166,0.3811902106071354,0.5569300900248196,ETTm1,raw,52128,52224,raw:52128:1,mid,high
2,0.8340462799637681,0.005048710682420568,0.04358691194427414,0.0,0.42295622784010145,2.2614072166024752,0.21023453575002166,0.2942273008634876,0.21106358786337434,ETTm1,raw,52128,52224,raw:52128:2,low,low
3,0.8882215974527524,0.09917261125090684,0.24189027275927882,1.0,0.975510432903755,2.2614072166024752,0.21023453575002166,0.4097614938209793,0.7285816562179255,ETTm1,raw,52128,52224,raw:52128:3,high,high
4,0.3929138732727302,0.3945318939711526,0.8532832127435707,0.25,0.8735637715575534,2.2614072166024752,0.21023453575002166,0.5469096599958179,0.44459943576919164,ETTm1,raw,52128,52224,raw:52128:4,high,mid
5,0.39399215855551417,0.10582223185736435,0.5368621622809299,0.125,0.7725940485626045,2.2614072166024752,0.21023453575002166,0.34555885089793614,0.36927619477087537,ETTm1,raw,52128,52224,raw:52128:5,mid,mid
6,0.719479420021927,0.10864940593983594,0.286065798627299,0.0,0.7502819407252413,2.2614072166024752,0.21023453575002166,0.371398208196354,0.32017215882508765,ETTm1,raw,52128,52224,raw:52128:6,mid,low
0,0.72168751868144,0.06559385634089171,0.727426227633839,0.0,0.6012665189236386,3.049010497304366,0.3415017489815581,0.5049025342187236,0.31425608930173227,ETTm1,raw,52224,52320,raw:52224:0,high,low
1,0.963708251838882,0.15634494887625966,0.07178686245609223,0.375,0.9252420557090862,3.049010497304366,0.3415017489815581,0.39728002105707794,0.5472479348968814,ETTm1,raw,52224,52320,raw:52224:1,high,high
2,0.4543295868133167,0.06023081529631038,0.812047683219475,0.0,0.5955895667249534,3.049010497304366,0.3415017489815581,0.44220269510970067,0.3123637719021705,ETTm1,raw,52224,52320,raw:52224:2,high,low
3,0.8247059583209815,0.14600220595003843,0.1835851137921782,0.375,0.9313639831818317,3.049010497304366,0.3415017489815581,0.38476442602106603,0.5492885773877966,ETTm1,raw,52224,52320,raw:52224:3,mid,high
4,0.7463585291562855,0.1432926171964356,0.020481616172704248,0.125,0.558031016260657,3.049010497304366,0.3415017489815581,0.30337758750847515,0.34151092174740505,ETTm1,raw,52224,52320,raw:52224:4,low,low
5,0.9417577826639963,0.22570790310565092,0.4412474360024672,0.25,0.8473530596218324,3.049010497304366,0.3415017489815581,0.5362377072573715,0.4796182695344635,ETTm1,raw,52224,52320,raw:52224:5,high,mid
6,0.6002297782155873,0.11368078139841456,0.15441988397159015,0.0,0.6518641070344701,3.049010497304366,0.3415017489815581,0.2894434811951973,0.3311219520053427,ETTm1,raw,52224,52320,raw:52224:6,low,low
0,0.5884358952822781,0.17834344829493382,0.17064376186969196,0.5,0.9365588994996316,3.175723108714342,0.3626205175146895,0.3124743684823013,0.5997264723381069,ETTm1,raw,52320,52416,raw:52320:0,low,high
1,0.698525864683424,0.18220588137729085,0.5023317416977996,0.625,0.9717959193506263,3.175723108714342,0.3626205175146895,0.4610211625861715,0.6531388122884386,ETTm1,raw,52320,52416,raw:52320:1,high,high
2,0.6906507645075091,0.14617109243886106,0.07727082876508075,0.25,0.7080347669310595,3.175723108714342,0.3626205175146895,0.30469756190381697,0.44021842814858303,ETTm1,raw,52320,52416,raw:52320:2,low,mid
3,0.7300126251331167,0.16326539329729295,0.35497654587557514,0.375,0.9046298522321016,3.175723108714342,0.3626205175146895,0.4160848547686616,0.5474167899155971,ETTm1,raw,52320,52416,raw:52320:3,high,high
4,0.7377625032135491,0.06698551303671914,0.045674857927874866,0.0,0.4846948255635465,3.175723108714342,0.3626205175146895,0.28347429139271435,0.28243844769274534,ETTm1,raw,52320,52416,raw:52320:4,low,low
5,0.47439991404688475,0.11119628511452252,0.47332550475418883,0.0,0.5579619910802037,3.175723108714342,0.3626205175146895,0.3529739013051987,0.30686083619829774,ETTm1,raw,52320,52416,raw:52320:5,mid,low
6,0.6304352208380105,0.189362641688547,0.29928707661512893,0.25,0.7145441001665926,3.175723108714342,0.3626205175146895,0.3730283130472288,0.4423882058937607,ETTm1,raw,52320,52416,raw:52320:6,mid,mid
0,0.6060761979508282,0.053734423062443255,0.23902810875549607,0.0,0.7371088852690597,3.259882417940128,0.3766470690289429,0.2996129099229225,0.3712519847660009,ETTm1,raw,52512,52608,raw:52512:0,low,mid
1,0.7881971372603787,0.1596472954255058,0.04622811881438868,0.375,0.9234858484667474,3.259882417940128,0.3766470690289429,0.3313575171667577,0.5583776391652301,ETTm1,raw,52512,52608,raw:52512:1,mid,high
2,0.6905685134357188,0.07169050312831135,0.22881492691329505,0.0,0.6192862329599054,3.259882417940128,0.3766470690289429,0.3303579811591084,0.3319777673296161,ETTm1,raw,52512,52608,raw:52512:2,mid,low
3,0.8203215486168306,0.16027721846382578,0.019705164370813932,0.5,0.9093972175334382,3.259882417940128,0.3766470690289429,0.33343464381715676,0.5953480955207937,ETTm1,raw,52512,52608,raw:52512:3,mid,high
4,0.6715134497160189,0.2550234800060714,0.055457217355843975,0.125,0.8838245750838352,3.259882417940128,0.3766470690289429,0.3273313823593114,0.46182388137092606,ETTm1,raw,52512,52608,raw:52512:4,mid,mid
5,0.1383701607125687,0.09211899627256884,0.425217405823601,0.125,0.6546249878317957,3.259882417940128,0.3766470690289429,0.2185688542695795,0.38542401895357953,ETTm1,raw,52512,52608,raw:52512:5,low,mid
6,0.4917530961636314,0.11496816685095536,0.21715362429478305,0.25,0.6269148235057933,3.259882417940128,0.3766470690289429,0.27462496243645657,0.41785396417824544,ETTm1,raw,52512,52608,raw:52512:6,low,mid
0,0.0,0.0,0.0,0.0,-0.0,1.0,0.0,0.0,0.0,ETTm1,raw,52608,52704,raw:52608:0,low,low
1,0.0,0.0,0.0,0.0,-0.0,1.0,0.0,0.0,0.0,ETTm1,raw,52608,52704,raw:52608:1,low,low
2,0.0,0.0,0.0,0.0,-0.0,1.0,0.0,0.0,0.0,ETTm1,raw,52608,52704,raw:52608:2,low,low
3,0.0,0.0,0.0,0.0,-0.0,1.0,0.0,0.0,0.0,ETTm1,raw,52608,52704,raw:52608:3,low,low
4,0.0,0.0,0.0,0.0,-0.0,1.0,0.0,0.0,0.0,ETTm1,raw,52608,52704,raw:52608:4,low,low
5,0.0,0.0,0.0,0.0,-0.0,1.0,0.0,0.0,0.0,ETTm1,raw,52608,52704,raw:52608:5,low,low
6,0.0,0.0,0.0,0.0,-0.0,1.0,0.0,0.0,0.0,ETTm1,raw,52608,52704,raw:52608:6,low,low
0,0.8474406888973142,0.06817141794863135,0.024602510461334586,0.0,0.700255781542121,2.931220845650421,0.3218701404052866,0.31340487243576004,0.3407086406491359,ETTm1,raw,52800,52896,raw:52800:0,low,low
1,0.8664333506969122,0.06329338848959314,0.04005101091179426,0.5,0.8150850710157128,2.931220845650421,0.3218701404052866,0.3232592500327665,0.5456517371403331,ETTm1,raw,52800,52896,raw:52800:1,mid,high
2,0.7220406714175698,0.09746758563605501,0.03327248470337037,0.0,0.6368615934457738,2.931220845650421,0.3218701404052866,0.28426024725233173,0.31957724461702014,ETTm1,raw,52800,52896,raw:52800:2,low,low
3,0.603392063510525,0.16346873523931538,0.25546012695639847,0.375,0.8894809234179484,2.931220845650421,0.3218701404052866,0.34077364190207965,0.5287836879410783,ETTm1,raw,52800,52896,raw:52800:3,mid,high
4,0.7575713195989826,0.16948384608629413,0.011320888604139118,0.25,0.6890626918298414,2.931220845650421,0.3218701404052866,0.312792018096472,0.42031094407837594,ETTm1,raw,52800,52896,raw:52800:4,low,mid
5,0.9556108180420971,0.21880533078710795,0.025344965073985568,0.5,0.9208008992907896,2.931220845650421,0.3218701404052866,0.39992037130106356,0.5808903465653588,ETTm1,raw,52800,52896,raw:52800:5,high,high
6,0.5842618044640628,0.1807830658985199,0.031724555231741024,0.0,0.4764294242107078,2.931220845650421,0.3218701404052866,0.26558980853144126,0.2660998548719981,ETTm1,raw,52800,52896,raw:52800:6,low,low
0,0.3138507376553884,0.15668301131040718,0.06658261093889975,0.375,0.8878912615126338,3.082711069402508,0.3471185109885538,0.17903878663489844,0.5366699241670625,ETTm1,raw,52896,52992,raw:52896:0,low,high
1,0.480332155923649,0.26375262797443166,0.14739806617838064,0.375,0.9723836224672476,3.082711069402508,0.3471185109885538,0.2971609500254871,0.5648340444852672,ETTm1,raw,52896,52992,raw:52896:1,low,high
2,0.6384952015975152,0.11066791123672792,0.14363090996946784,0.375,0.7824567096596787,3.082711069402508,0.3471185109885538,0.29759800760123695,0.5015250735494109,ETTm1,raw,52896,52992,raw:52896:2,low,high
3,0.4518000557646993,0.22871618482566103,0.1676071750596932,0.25,0.9150683948484637,3.082711069402508,0.3471185109885538,0.2827078052166845,0.5040623019456725,ETTm1,raw,52896,52992,raw:52896:3,low,high
4,0.6275669765278595,0.052631837174639526,0.0963123331565225,0.125,0.5875003086931597,3.082711069402508,0.3471185109885538,0.2588370489530072,0.35320627322723785,ETTm1,raw,52896,52992,raw:52896:4,low,low
5,0.6127729468783989,0.09555554588476399,0.1324855923021687,0.0,0.7296278929240092,3.082711069402508,0.3471185109885538,0.28027136168844385,0.35891546797085433,ETTm1,raw,52896,52992,raw:52896:5,low,low
6,0.9578338374332023,0.23850863420359394,0.03199042866459138,0.75,0.8801689318946896,3.082711069402508,0.3471185109885538,0.40944430010046257,0.6590958142944144,ETTm1,raw,52896,52992,raw:52896:6,high,high
0,0.5680395456753842,0.4015578457086103,0.5202065827595896,0.25,0.7886939410166365,3.444449374882105,0.4074082284680038,0.49660132471452806,0.4820340564948801,ETTm1,raw,53088,53184,raw:53088:0,high,mid
1,0.11964370175604866,0.19926782143655153,0.556214927678823,1.0,0.9101807971830355,3.444449374882105,0.4074082284680038,0.29170881695714107,0.7725296752170131,ETTm1,raw,53088,53184,raw:53088:1,low,high
2,0.34913577747225855,0.15191899522133978,0.21906417554323623,0.0,0.7093565242801261,3.444449374882105,0.4074082284680038,0.24003964941227818,0.37225491758270995,ETTm1,raw,53088,53184,raw:53088:2,low,mid
3,0.1639696712038763,0.1751089691846475,0.5258251708142249,0.875,0.9344890718510892,3.444449374882105,0.4074082284680038,0.2883012704009162,0.738965766773031,ETTm1,raw,53088,53184,raw:53088:3,low,high
4,0.7671894033529628,0.06151596135260773,0.038542837858973944,0.125,0.4989264075245974,3.444449374882105,0.4074082284680038,0.2890827341881815,0.3437782119975337,ETTm1,raw,53088,53184,raw:53088:4,low,low
5,0.7948387923188235,0.11948153029705008,0.049865064728168096,0.0,0.5525251780402579,3.444449374882105,0.4074082284680038,0.32139512911468054,0.31997780216942057,ETTm1,raw,53088,53184,raw:53088:5,mid,low
6,0.9999999999968313,0.16136936689352377,0.23645235999460967,0.125,0.8539447133597403,3.444449374882105,0.4074082284680038,0.46594057562832153,0.4621176472759147,ETTm1,raw,53088,53184,raw:53088:6,high,mid
0,0.47085869445732276,0.23610239871187086,0.3118010865254892,0.25,0.8237972967657629,2.3279934310826698,0.22133223814489122,0.33958739323156095,0.4317098449702181,ETTm1,raw,53184,53280,raw:53184:0,mid,mid
1,0.47681655583884297,0.1904952689816446,0.5937052736303801,1.0,0.9809582255834244,2.3279934310826698,0.22133223814489122,0.4203390328169559,0.734096821242772,ETTm1,raw,53184,53280,raw:53184:1,high,high
2,0.354178651956811,0.304161009702501,0.19903138922511843,0.0,0.8223195928883442,2.3279934310826698,0.22133223814489122,0.28579035029481015,0.34788394367774517,ETTm1,raw,53184,53280,raw:53184:2,low,low
3,0.5475981930719729,0.3112372354251421,0.33615048417459187,1.0,0.9614504117818291,2.3279934310826698,0.22133223814489122,0.39832863755723563,0.7275942166422401,ETTm1,raw,53184,53280,raw:53184:3,high,high
4,0.746035903815572,0.03905364365636718,0.08425421713399517,0.125,0.48690723781961587,2.3279934310826698,0.22133223814489122,0.2897812548686448,0.27774649198816903,ETTm1,raw,53184,53280,raw:53184:4,low,low
5,0.6242052012592556,0.07435440022090209,0.0584491428835058,0.0,0.43331839333062877,2.3279934310826698,0.22133223814489122,0.2523362481212212,0.21821687715850668,ETTm1,raw,53184,53280,raw:53184:5,low,low
6,0.5753982525379022,0.11389620969429624,0.1144304203834684,0.625,0.7545620899836976,2.3279934310826698,0.22133223814489122,0.2679082942052223,0.5336314427095296,ETTm1,raw,53184,53280,raw:53184:6,low,high
0,0.623799886208341,0.2814172561160006,0.499215809454468,0.125,0.8907632838983094,3.5975641602068094,0.43292735931292264,0.46814431725960315,0.4828968810704107,ETTm1,raw,53280,53376,raw:53280:0,high,mid
1,0.6424026266337435,0.2490276650765541,0.3846494316070322,1.0,0.9450866233092619,3.5975641602068094,0.43292735931292264,0.42535990777244326,0.7926713275407282,ETTm1,raw,53280,53376,raw:53280:1,high,high
2,0.2423208797491293,0.15960034130621845,0.1673186237827515,0.125,0.7380079363705627,3.5975641602068094,0.43292735931292264,0.1897466149460331,0.4319784318944951,ETTm1,raw,53280,53376,raw:53280:2,low,mid
3,0.7466862436351277,0.12635562513685394,0.26739624011343843,1.0,0.977258236174523,3.5975641602068094,0.43292735931292264,0.38014603629514004,0.8033951984958153,ETTm1,raw,53280,53376,raw:53280:3,mid,high
4,0.7029141930553138,0.048162675870039424,0.015365812953952698,0.125,0.48539767712637466,3.5975641602068094,0.43292735931292264,0.25548089395976864,0.3477750121464324,ETTm1,raw,53280,53376,raw:53280:4,low,low
5,0.3753650834069763,0.07004914636246248,0.12934498934455696,0.0,0.36333546720322873,3.5975641602068094,0.43292735931292264,0.19158640637133192,0.2654209421720504,ETTm1,raw,53280,53376,raw:53280:5,low,low
6,0.9999999972088041,0.12517195305889053,0.042544766312039364,0.375,0.8913887485845073,3.5975641602068094,0.43292735931292264,0.38923890552657797,0.5664387026324766,ETTm1,raw,53280,53376,raw:53280:6,mid,high
0,0.7747724481360214,0.022472114629149505,0.018708025528361306,0.0,0.450204124658637,1.462191680613732,0.07703194664056877,0.2719841960978441,0.17574535709973527,ETTm1,raw,53472,53568,raw:53472:0,low,low
1,0.8056411838481483,0.16517131343656763,0.013554012381006614,0.0,0.6296815707198518,1.462191680613732,0.07703194664056877,0.3281221698885742,0.2355711724534735,ETTm1,raw,53472,53568,raw:53472:1,mid,low
2,0.6471781385250208,0.021424952052472156,0.04453064394965564,0.0,0.4360065985892334,1.462191680613732,0.07703194664056877,0.2377112448423829,0.17101284840993405,ETTm1,raw,53472,53568,raw:53472:2,low,low
3,0.648560884336763,0.1415071966477369,0.02473576482609923,0.0,0.5886169937779097,1.462191680613732,0.07703194664056877,0.27160128193686633,0.2218829801394928,ETTm1,raw,53472,53568,raw:53472:3,low,low
4,0.7571577788760471,0.2515772241723935,0.02660261714772271,0.25,0.6892080704713933,1.462191680613732,0.07703194664056877,0.3451125400653878,0.33874667237065403,ETTm1,raw,53472,53568,raw:53472:4,mid,low
5,0.8702478016606343,0.19665027660302603,0.31500238139771863,0.25,0.9207487362571427,1.462191680613732,0.07703194664056877,0.46063348655379305,0.4159268942992371,ETTm1,raw,53472,53568,raw:53472:5,high,mid
6,0.7246619052013649,0.14924822124342751,0.4378567815433047,0.375,0.7609626582451358,1.462191680613732,0.07703194664056877,0.4372556359960324,0.4043315349619015,ETTm1,raw,53472,53568,raw:53472:6,high,mid
0,0.5682238256019692,0.026552945740405544,0.05623882867972736,0.0,0.4432545001727154,1.4115448266014456,0.06859080431925627,0.21700520000736737,0.17061510149732387,ETTm1,raw,53568,53664,raw:53568:0,low,low
1,0.7454963664088192,0.06791929544411456,0.4816133053820957,0.125,0.6926380344228711,1.4115448266014456,0.06859080431925627,0.43167632241167647,0.29540961291404244,ETTm1,raw,53568,53664,raw:53568:1,high,low
2,0.8177990810254198,0.02052833274640596,0.03618362915220692,0.0,0.4221827408554332,1.4115448266014456,0.06859080431925627,0.29150368097467755,0.1635911817248965,ETTm1,raw,53568,53664,raw:53568:2,low,low
3,0.7545777794034183,0.09980833154136265,0.468722088051418,0.125,0.7122066170510173,1.4115448266014456,0.06859080431925627,0.4410360663320663,0.3019324737900912,ETTm1,raw,53568,53664,raw:53568:3,high,low
4,0.3864399428584354,0.15730902389762502,0.5803820056680282,0.125,0.7411836610299593,1.4115448266014456,0.06859080431925627,0.3747103241413629,0.3115914884497385,ETTm1,raw,53568,53664,raw:53568:4,mid,low
5,0.6747540517060023,0.06579964269262886,0.07915789369933406,0.0,0.5622096344217282,1.4115448266014456,0.06859080431925627,0.27323719603265506,0.21026681291366148,ETTm1,raw,53568,53664,raw:53568:5,low,low
6,0.6783737576595735,0.3969674708155215,0.21833455740696073,0.75,0.8797686955858607,1.4115448266014456,0.06859080431925627,0.4312252619606853,0.5661198333017057,ETTm1,raw,53568,53664,raw:53568:6,high,high
0,0.7518855553428064,0.022226573583624593,0.06405068136003388,0.0,0.43835867452883015,1.7196751027054427,0.11994585025099735,0.27938760342882163,0.1861015082599425,ETTm1,raw,53760,53856,raw:53760:0,low,low
1,0.7704126006631765,0.3731050269142522,0.4823736097985589,0.875,0.9174452565001118,1.7196751027054427,0.11994585025099735,0.5419637457919959,0.6374637022503696,ETTm1,raw,53760,53856,raw:53760:1,high,high
2,0.7243549740086797,0.01863101492937411,0.04618281006234964,0.0,0.42185362147280825,1.7196751027054427,0.11994585025099735,0.2630562663334678,0.1805998239079352,ETTm1,raw,53760,53856,raw:53760:2,low,low
3,0.5321043885499508,0.20591638963758624,0.4612214964307262,0.625,0.9574677931160396,1.7196751027054427,0.11994585025099735,0.3997474248727544,0.5674712144556789,ETTm1,raw,53760,53856,raw:53760:3,high,high
4,0.47239163117453,0.37453738394677805,0.7505617553402143,0.125,0.8432876129260015,1.7196751027054427,0.11994585025099735,0.532496923487174,0.36274448772566625,ETTm1,raw,53760,53856,raw:53760:4,high,mid
5,0.5854917487045014,0.11567389477385157,0.23926630242681618,0.0,0.7389312703317916,1.7196751027054427,0.11994585025099735,0.313477315301723,0.28629237352759634,ETTm1,raw,53760,53856,raw:53760:5,low,low
6,0.8993408025033944,0.16397948732369252,0.3246195046717424,0.0,0.662908720924549,1.7196751027054427,0.11994585025099735,0.46264659816627646,0.2609515237251821,ETTm1,raw,53760,53856,raw:53760:6,high,low
0,0.5464153735879846,0.05298748205629036,0.08687558603855543,0.0,0.5977853740265001,1.6298738945687243,0.10497898225315576,0.22875948056094345,0.23425478542655195,ETTm1,raw,53856,53952,raw:53856:0,low,low
1,0.4764104783429136,0.09360918349826505,0.2676464198440461,0.25,0.9028227951688732,1.6298738945687243,0.10497898225315576,0.2792220272284083,0.4192672591406763,ETTm1,raw,53856,53952,raw:53856:1,low,mid
2,0.6819844280791001,0.044340249443227994,0.0782023757027466,0.0,0.5728941777249947,1.6298738945687243,0.10497898225315576,0.2681756844083582,0.22595771999271683,ETTm1,raw,53856,53952,raw:53856:2,low,low
3,0.718922587418558,0.06505588511547308,0.11936685579834842,0.125,0.8164840316252723,1.6298738945687243,0.10497898225315576,0.3011151094441265,0.3488210046261427,ETTm1,raw,53856,53952,raw:53856:3,low,low
4,0.6066412897671949,0.18335883334972713,0.03257444120247145,0.375,0.8943812883221411,1.6298738945687243,0.10497898225315576,0.2741915214397978,0.45812009019176564,ETTm1,raw,53856,53952,raw:53856:4,low,mid
5,0.845200903305181,0.10512877322464559,0.10533688964189541,0.25,0.8129280312602674,1.6298738945687243,0.10497898225315576,0.35188885539057396,0.3893023378378077,ETTm1,raw,53856,53952,raw:53856:5,mid,mid
6,0.5762914609558946,0.1510989269693716,0.39212971531223073,0.625,0.9119509601925092,1.6298738945687243,0.10497898225315576,0.37317336774583226,0.5473099808152216,ETTm1,raw,53856,53952,raw:53856:6,mid,high
0,0.45606607854942294,0.0655451125526348,0.07425016104377141,0.0,0.6076730989850344,1.7454142517731277,0.1242357084217951,0.19862045071527637,0.24396960246894317,ETTm1,raw,53952,54048,raw:53952:0,low,low
1,0.7145066988060556,0.3348637372309173,0.5237195810921067,0.625,0.9674300092683974,1.7454142517731277,0.1242357084217951,0.5243633390430266,0.5722219058967308,ETTm1,raw,53952,54048,raw:53952:1,high,high
2,0.2393358193542542,0.08142118397623985,0.07521768726839959,0.0,0.6064852639102999,1.7454142517731277,0.1242357084217951,0.13199156353296457,0.24357365744403167,ETTm1,raw,53952,54048,raw:53952:2,low,low
3,0.2804168756552654,0.26475524025933034,0.578596436100748,0.125,0.907583675304663,1.7454142517731277,0.1242357084217951,0.3745895173384479,0.38560646124215275,ETTm1,raw,53952,54048,raw:53952:3,mid,mid
4,0.6564425744567687,0.3374684979129252,0.11441617890107497,0.25,0.7571269619543401,1.7454142517731277,0.1242357084217951,0.3694424170902563,0.3771208901253784,ETTm1,raw,53952,54048,raw:53952:4,mid,mid
5,0.4557485079049951,0.39589901641251646,0.33266684145236913,1.0,0.9649719746594799,1.7454142517731277,0.1242357084217951,0.3947714552566269,0.6964025610270917,ETTm1,raw,53952,54048,raw:53952:5,high,high
6,0.9762615348110459,0.15639931339762878,0.09844091636389138,0.0,0.6319384651048228,1.7454142517731277,0.1242357084217951,0.41036725485752196,0.252058057842206,ETTm1,raw,53952,54048,raw:53952:6,high,low
0,0.6100386786769203,0.08626056659104518,0.05391610810173936,0.0,0.722605653106958,3.5882363595363813,0.43137272587044234,0.2500717844565683,0.38465945965913345,ETTm1,raw,54144,54240,raw:54144:0,low,mid
1,0.9034620183206405,0.21719675928647109,0.037416151180747564,0.5,0.9224449558538306,3.5882363595363813,0.43137272587044234,0.3860249762626198,0.6179392272414242,ETTm1,raw,54144,54240,raw:54144:1,mid,high
2,0.8134466566439036,0.07390936991274985,0.029929073133067134,0.0,0.6134306300474967,3.5882363595363813,0.43137272587044234,0.30576169989657354,0.3482677853059797,ETTm1,raw,54144,54240,raw:54144:2,low,low
3,0.924000175477387,0.2130788172192294,0.062400113598313794,0.625,0.9044545212759276,3.5882363595363813,0.43137272587044234,0.39982636876497674,0.6536090823821233,ETTm1,raw,54144,54240,raw:54144:3,high,high
4,0.4425936121026769,0.19012207593485136,0.15269358258024424,0.375,0.941058667136269,3.5882363595363813,0.43137272587044234,0.2618030902059241,0.5824771310022371,ETTm1,raw,54144,54240,raw:54144:4,low,high
5,0.49329661901792854,0.21216181542689166,0.5297171408267344,1.0,0.9420022893114431,3.5882363595363813,0.43137272587044234,0.4117251917571849,0.7911250050606285,ETTm1,raw,54144,54240,raw:54144:5,high,high
6,0.6381261141944725,0.10228174702061332,0.2736534230624395,0.25,0.7695550781345004,3.5882363595363813,0.43137272587044234,0.3380204280925085,0.4836426013349809,ETTm1,raw,54144,54240,raw:54144:6,mid,mid
0,0.6155555752254716,0.05224292587825766,0.023091048517569653,0.0,0.5990516364438032,3.049994798765781,0.34166579922485385,0.23029651654043293,0.313572478556219,ETTm1,raw,54240,54336,raw:54240:0,low,low
1,0.8686909206131028,0.36919499234898606,0.2892693175881201,0.75,0.9492148633658164,3.049994798765781,0.34166579922485385,0.5090517435167363,0.6802935541968901,ETTm1,raw,54240,54336,raw:54240:1,high,high
2,0.7298550490079314,0.046328118739002964,0.04982835727056258,0.0,0.5844593638860126,3.049994798765781,0.34166579922485385,0.2753371750058323,0.30870838770362213,ETTm1,raw,54240,54336,raw:54240:2,low,low
3,0.9077007213785137,0.3144083691648333,0.29065388999771863,0.5,0.973496908946735,3.049994798765781,0.34166579922485385,0.5042543268470219,0.6050542360571963,ETTm1,raw,54240,54336,raw:54240:3,high,high
4,0.7996862524670697,0.1944139880530435,0.004887298747311603,0.375,0.7941762135342845,3.049994798765781,0.34166579922485385,0.33299584642247493,0.5036140042530461,ETTm1,raw,54240,54336,raw:54240:4,mid,high
5,0.55786528449138,0.11789202305751398,0.7869846924405823,0.625,0.8348648384601532,3.049994798765781,0.34166579922485385,0.4875806666631588,0.600510212561669,ETTm1,raw,54240,54336,raw:54240:5,high,high
6,0.6827615509638824,0.13599958662340447,0.5381623842428569,0.125,0.6646200653574058,3.049994798765781,0.34166579922485385,0.45230784061004786,0.37709528819408655,ETTm1,raw,54240,54336,raw:54240:6,high,mid
0,0.8593202194971947,0.10859615834182051,0.16033642673611903,0.125,0.7967235699329297,3.5006103645114366,0.41676839339062544,0.3760842681917114,0.4461639877745183,ETTm1,raw,54432,54528,raw:54432:0,mid,mid
1,0.7837463704512057,0.1619510252806944,0.3289666150257036,1.0,0.945840655062298,3.5006103645114366,0.41676839339062544,0.4248880035858679,0.7875363494843078,ETTm1,raw,54432,54528,raw:54432:1,high,high
2,0.8191269636941763,0.17364335740630635,0.2503314463964162,0.125,0.7410433811920965,3.5006103645114366,0.41676839339062544,0.41436725583229955,0.4276039248609073,ETTm1,raw,54432,54528,raw:54432:2,high,mid
3,0.8231074014910528,0.18841971895254495,0.2928818517657003,0.5,0.9633708605782202,3.5006103645114366,0.41676839339062544,0.43480299073643275,0.6267130846562818,ETTm1,raw,54432,54528,raw:54432:3,high,high
4,0.7019953776386509,0.16774012119920562,0.03941900027006508,0.625,0.9057792434773401,3.5006103645114366,0.41676839339062544,0.3030514997026405,0.6491825456226551,ETTm1,raw,54432,54528,raw:54432:4,low,high
5,0.6508789131232284,0.4333826212876523,0.5784681383574987,1.0,0.9079840348774381,3.5006103645114366,0.41676839339062544,0.5542432242561265,0.7749174760893546,ETTm1,raw,54432,54528,raw:54432:5,high,high
6,0.875829373431775,0.1982798322779022,0.09246045309772266,0.25,0.847066182599813,3.5006103645114366,0.41676839339062544,0.38885655293579996,0.5046115253301461,ETTm1,raw,54432,54528,raw:54432:6,mid,high
0,0.7490947696112045,0.059994917600678634,0.099127377990194,0.125,0.6966724963613564,3.021073767990426,0.3368456274369949,0.3027390217340257,0.38617270793278374,ETTm1,raw,54528,54624,raw:54528:0,low,mid
1,0.5621377720546311,0.12435617036296998,0.15130047773573613,1.0,0.9714913670390868,3.021073767990426,0.3368456274369949,0.27926480671777903,0.7694456648253606,ETTm1,raw,54528,54624,raw:54528:1,low,high
2,0.5806538867265423,0.0839554084659179,0.5044473288102568,0.125,0.6436600148394521,3.021073767990426,0.3368456274369949,0.389685541334239,0.3685018807588157,ETTm1,raw,54528,54624,raw:54528:2,high,mid
3,0.4799050372397906,0.15973335685093887,0.2835048105017561,0.75,0.9791512064018449,3.021073767990426,0.3368456274369949,0.3077144015308286,0.6886656112796133,ETTm1,raw,54528,54624,raw:54528:3,low,high
4,0.6236436543773566,0.230665389219948,0.03269485931222232,0.375,0.700069588491038,3.021073767990426,0.3368456274369949,0.295667967636509,0.47063840530934425,ETTm1,raw,54528,54624,raw:54528:4,low,mid
5,0.35824629586435763,0.19637900823196014,0.3025538023641706,0.75,0.9355334396464389,3.021073767990426,0.3368456274369949,0.28572636882016283,0.674126355694478,ETTm1,raw,54528,54624,raw:54528:5,low,high
6,0.5492396334878595,0.12458640452227795,0.10407432307336865,0.0,0.5871810376492509,3.021073767990426,0.3368456274369949,0.25930012036116873,0.30800888836208196,ETTm1,raw,54528,54624,raw:54528:6,low,low
0,0.5288017238692101,0.12278164817020748,0.22071116260484036,0.125,0.6931653905341146,2.6969974436250377,0.28283290679945144,0.2907648448814193,0.36699943244452204,ETTm1,raw,54720,54816,raw:54720:0,low,mid
1,0.7137799620802316,0.1982731778614122,0.21856553659782446,1.0,0.9839951530394168,2.6969974436250377,0.28283290679945144,0.3768728921798228,0.7556093532796228,ETTm1,raw,54720,54816,raw:54720:1,mid,high
2,0.7592799954736498,0.08869546764334073,0.14846260652088583,0.125,0.6514520367449488,2.6969974436250377,0.28283290679945144,0.33214602321262543,0.35309498118146676,ETTm1,raw,54720,54816,raw:54720:2,mid,low
3,0.8739216658462643,0.18542991557450705,0.1299267374137805,0.5,0.9817347266254292,2.6969974436250377,0.28283290679945144,0.396426106278184,0.5881892111416268,ETTm1,raw,54720,54816,raw:54720:3,high,high
4,0.748821503087695,0.3215088009023634,0.25564615678908886,0.0,0.5844542621563904,2.6969974436250377,0.28283290679945144,0.4419921535930491,0.28909572298528063,ETTm1,raw,54720,54816,raw:54720:4,high,low
5,0.5739353020709737,0.07036573453788322,0.15031663571883194,0.0,0.5154385605201175,2.6969974436250377,0.28283290679945144,0.26487255744256294,0.266090489106523,ETTm1,raw,54720,54816,raw:54720:5,low,low
6,0.7183907918618867,0.16326918668433327,0.7932569068624639,0.375,0.807472300985798,2.6969974436250377,0.28283290679945144,0.5583056284695612,0.48843506926174984,ETTm1,raw,54720,54816,raw:54720:6,high,mid
0,0.5018247934237634,0.14244538462312595,0.19453934874378254,0.125,0.5560857101201071,3.7497309493522937,0.45828849079490147,0.27960317559689063,0.37979140030500286,ETTm1,raw,54816,54912,raw:54816:0,low,mid
1,0.4901585955018669,0.12938308569314358,0.25364545875037603,0.625,0.9489491817929341,3.7497309493522937,0.45828849079490147,0.2910623799817955,0.6774125575292785,ETTm1,raw,54816,54912,raw:54816:1,low,high
2,0.619384517777033,0.16279504652555277,0.42719117314876365,0.25,0.6677465187326712,3.7497309493522937,0.45828849079490147,0.4031235791504498,0.4586783365091909,ETTm1,raw,54816,54912,raw:54816:2,high,mid
3,0.7164389349730748,0.22991454015242996,0.16498781874064294,1.0,0.941085099040944,3.7497309493522937,0.45828849079490147,0.3704470979553826,0.7997911966119485,ETTm1,raw,54816,54912,raw:54816:3,mid,high
4,0.655401390525379,0.27314469055864815,0.07735380090583784,0.25,0.8256906193960907,3.7497309493522937,0.45828849079490147,0.3352999606632883,0.511326370063664,ETTm1,raw,54816,54912,raw:54816:4,mid,high
5,0.6038820040491476,0.06865590416009354,0.05353396527806692,0.125,0.6735790390341204,3.7497309493522937,0.45828849079490147,0.24202395782910266,0.41895584327634067,ETTm1,raw,54816,54912,raw:54816:5,low,mid
6,0.8391193632162625,0.15690760850621144,0.740260916614079,0.5,0.8788493137718845,3.7497309493522937,0.45828849079490147,0.5787626294455176,0.6123792681889286,ETTm1,raw,54816,54912,raw:54816:6,high,high
0,0.7369636779360067,0.1503802411338895,0.4978259086038813,0.5,0.9247197017511808,3.661179259331668,0.4435298758160615,0.4617232758912591,0.6227498591890808,ETTm1,raw,54912,55008,raw:54912:0,high,high
1,0.3225074599065524,0.33790337759864575,0.526110573681163,0.75,0.9278372959392608,3.661179259331668,0.4435298758160615,0.3955071370621204,0.7071223905851074,ETTm1,raw,54912,55008,raw:54912:1,high,high
2,0.7996538154542675,0.24521664284567313,0.5330601784356815,0.625,0.9679295469487368,3.661179259331668,0.4435298758160615,0.5259768789118741,0.678819807588266,ETTm1,raw,54912,55008,raw:54912:2,high,high
3,0.4458541278607753,0.2824613073447173,0.5267543883199922,0.625,0.9077424379888569,3.661179259331668,0.4435298758160615,0.4183566078418283,0.6587574379349729,ETTm1,raw,54912,55008,raw:54912:3,high,high
4,0.39929423312774126,0.058856222632645006,0.19181541783039904,0.75,0.8894790804912038,3.661179259331668,0.4435298758160615,0.21665529119692842,0.6943363187690884,ETTm1,raw,54912,55008,raw:54912:4,low,high
5,0.12464265944012931,0.26643132250694,0.51738201216845,1.0,0.8574280311459589,3.661179259331668,0.4435298758160615,0.3028186647051731,0.7669859689873402,ETTm1,raw,54912,55008,raw:54912:5,low,high
6,0.7175067101223684,0.32904319636705304,0.0,0.125,0.7372261699580949,3.661179259331668,0.4435298758160615,0.3488499688298072,0.4352520152580521,ETTm1,raw,54912,55008,raw:54912:6,mid,mid
0,0.7331164343278778,0.0841758568995527,0.4775065116520404,0.25,0.6397599225945375,4.124743436788636,0.5207905719301217,0.4315996009598237,0.4701834981748864,ETTm1,raw,55104,55200,raw:55104:0,high,mid
1,0.3266669137794388,0.46809119836655655,0.3964664417165304,1.0,0.8380922253940821,4.124743436788636,0.5207905719301217,0.3970748512875086,0.7862942657747346,ETTm1,raw,55104,55200,raw:55104:1,high,high
2,0.8314919058056274,0.18948992815143523,0.6797602251222311,0.125,0.741857212606556,4.124743436788636,0.5207905719301217,0.566914019693098,0.4625492615122259,ETTm1,raw,55104,55200,raw:55104:2,high,mid
3,0.4431588927944128,0.23016651858429485,0.5447081340801498,0.875,0.9467726579094241,4.124743436788636,0.5207905719301217,0.4060111818196191,0.7808544099465152,ETTm1,raw,55104,55200,raw:55104:3,high,high
4,0.7849187448960644,0.10463126327239398,0.015087094121472666,0.125,0.6931879381010573,4.124743436788636,0.5207905719301217,0.3015457007633104,0.44632617001039304,ETTm1,raw,55104,55200,raw:55104:4,low,mid
5,0.8297206482140094,0.09324919673657082,0.23282404565299236,0.0,0.6567447012583187,4.124743436788636,0.5207905719301217,0.38526463020119084,0.39251175772948016,ETTm1,raw,55104,55200,raw:55104:5,mid,mid
6,0.9999999993009756,0.3542965482388558,0.3628354212605848,0.75,0.9646298257815421,4.124743436788636,0.5207905719301217,0.5723773229334721,0.7451401325705547,ETTm1,raw,55104,55200,raw:55104:6,high,high
0,0.5310263933520617,0.0790818923660552,0.01182103611955207,0.125,0.6238599601629672,2.9953680150418993,0.33256133528604764,0.20730977394588967,0.3604737651496716,ETTm1,raw,55200,55296,raw:55200:0,low,mid
1,0.285276574008531,0.3147945331592443,0.47448786746918115,0.875,0.9574606965736849,2.9953680150418993,0.33256133528604764,0.35818632487898555,0.7216740106199109,ETTm1,raw,55200,55296,raw:55200:1,mid,high
2,0.3808637501114628,0.12102833518558549,0.0647909274247311,0.125,0.7442856362470889,2.9953680150418993,0.33256133528604764,0.18889433757392649,0.4006156571777122,ETTm1,raw,55200,55296,raw:55200:2,low,mid
3,0.5817830995200868,0.30507081670344877,0.46104508635748453,1.0,0.813011007364866,2.9953680150418993,0.33256133528604764,0.44929966752700673,0.7151907808836379,ETTm1,raw,55200,55296,raw:55200:3,high,high
4,0.8348398491816044,0.08639647507258544,0.0036962875699256973,0.125,0.5455682301006458,2.9953680150418993,0.33256133528604764,0.30831087060803847,0.3343765217955645,ETTm1,raw,55200,55296,raw:55200:4,low,low
5,0.8417704918393266,0.07733663261181913,0.013660466035081748,0.125,0.5682895306952466,2.9953680150418993,0.33256133528604764,0.3109225301620758,0.34195028866043137,ETTm1,raw,55200,55296,raw:55200:5,low,low
6,0.04193346591934144,0.05165876443222944,0.052728389608871516,0.0,0.23551174026346958,2.9953680150418993,0.33256133528604764,0.048773539986814135,0.18935769184983908,ETTm1,raw,55200,55296,raw:55200:6,low,low
0,0.6540475046919623,0.1475726165253169,0.7723800653293503,0.25,0.5522153682934499,2.710746115117167,0.2851243520443206,0.5246667288488766,0.36244657344592346,ETTm1,raw,55392,55488,raw:55392:0,high,mid
1,0.3814603645631446,0.1281331045256231,0.5052325172029108,1.0,0.8824459897178638,2.710746115117167,0.2851243520443206,0.3382753287638929,0.7225234472540615,ETTm1,raw,55392,55488,raw:55392:1,mid,high
2,0.7747716273865579,0.38189370371639464,0.4942639371542088,0.25,0.7029891005760527,2.710746115117167,0.2851243520443206,0.5503097560857204,0.41270448420679107,ETTm1,raw,55392,55488,raw:55392:2,high,mid
3,0.29356691414603764,0.2737332396879808,0.48683347578531644,0.5,0.8871092419034707,2.710746115117167,0.2851243520443206,0.3513778765397783,0.5574111979825971,ETTm1,raw,55392,55488,raw:55392:3,mid,high
4,0.8322108459338551,0.11533664794205291,0.003518646430234937,0.125,0.6991189629264911,2.710746115117167,0.2851243520443206,0.3170220467687143,0.36974777165693723,ETTm1,raw,55392,55488,raw:55392:4,mid,mid
5,0.836240098374819,0.06548131007466651,0.14101750867495919,0.0,0.45298103602200396,2.710746115117167,0.2851243520443206,0.3475796390414816,0.2460351293554415,ETTm1,raw,55392,55488,raw:55392:5,mid,low
6,0.867389999475244,0.05639740660459066,0.5835974780142158,0.25,0.8677930152406178,2.710746115117167,0.2851243520443206,0.5024616280313502,0.4676391224283128,ETTm1,raw,55392,55488,raw:55392:6,high,mid
0,0.788128704030705,0.37513360721214517,0.01600623838204572,0.0,0.480747422271257,1.8660898032787891,0.14434830030588436,0.39308951654163193,0.20836524085904715,ETTm1,raw,55488,55584,raw:55488:0,high,low
1,0.49037617709713266,0.4960285801396538,0.2877642370976673,0.125,0.906867021198528,1.8660898032787891,0.14434830030588436,0.4247229981114846,0.39207177383480407,ETTm1,raw,55488,55584,raw:55488:1,high,mid
2,0.5663790154794348,0.23501452542377121,0.2429083645105349,0.0,0.47554231111814527,1.8660898032787891,0.14434830030588436,0.34810063513791367,0.2066302038080099,ETTm1,raw,55488,55584,raw:55488:2,mid,low
3,0.5903140592036737,0.2458858646920013,0.03492533586211582,0.25,0.7982321718363807,1.8660898032787891,0.14434830030588436,0.29037508658593025,0.3975268240474217,ETTm1,raw,55488,55584,raw:55488:3,low,mid
4,0.8027613196813672,0.06040861727652909,0.0999441349960369,0.125,0.6697977448630068,1.8660898032787891,0.14434830030588436,0.3210380239846444,0.3130486817229637,ETTm1,raw,55488,55584,raw:55488:4,mid,low
5,0.8485865586239709,0.058001675712736546,0.21038746242519327,0.125,0.8002745916727791,1.8660898032787891,0.14434830030588436,0.3723252322539669,0.3565409639928878,ETTm1,raw,55488,55584,raw:55488:5,mid,low
6,0.7740864632271711,0.053132136520084194,0.08312416394221585,0.125,0.729362646412298,1.8660898032787891,0.14434830030588436,0.3034475878964904,0.3329036489060608,ETTm1,raw,55488,55584,raw:55488:6,low,low
0,0.0,0.0,0.0,0.0,-0.0,1.0,0.0,0.0,0.0,ETTm1,raw,55584,55680,raw:55584:0,low,low
1,0.0,0.0,0.0,0.0,-0.0,1.0,0.0,0.0,0.0,ETTm1,raw,55584,55680,raw:55584:1,low,low
2,0.0,0.0,0.0,0.0,-0.0,1.0,0.0,0.0,0.0,ETTm1,raw,55584,55680,raw:55584:2,low,low
3,0.0,0.0,0.0,0.0,-0.0,1.0,0.0,0.0,0.0,ETTm1,raw,55584,55680,raw:55584:3,low,low
4,0.0,0.0,0.0,0.0,-0.0,1.0,0.0,0.0,0.0,ETTm1,raw,55584,55680,raw:55584:4,low,low
5,0.0,0.0,0.0,0.0,-0.0,1.0,0.0,0.0,0.0,ETTm1,raw,55584,55680,raw:55584:5,low,low
6,0.0,0.0,0.0,0.0,-0.0,1.0,0.0,0.0,0.0,ETTm1,raw,55584,55680,raw:55584:6,low,low
0,0.5994834425548935,0.11113261988976007,0.12519106299014618,0.0,0.5219716623005995,2.152898014333354,0.19214966873530956,0.27860237514493325,0.2380404436786364,ETTm1,raw,55776,55872,raw:55776:0,low,low
1,0.4764104783429136,0.14644725544900078,0.36090215954109994,0.125,0.8336755265277247,2.152898014333354,0.19214966873530956,0.3279199644443381,0.3836083984210114,ETTm1,raw,55776,55872,raw:55776:1,mid,mid
2,0.5351008976678104,0.09536312209305439,0.11436230624336667,0.0,0.48716546086578294,2.152898014333354,0.19214966873530956,0.2482754420014105,0.2264383765336975,ETTm1,raw,55776,55872,raw:55776:2,low,low
3,0.4758748208468324,0.2566608400771233,0.45329525510512175,0.0,0.9103992826935868,2.152898014333354,0.19214966873530956,0.3952769720096925,0.36751631714296545,ETTm1,raw,55776,55872,raw:55776:3,high,mid
4,0.609444576775281,0.10041574004979167,0.15580233019417247,0.125,0.6657982410163646,2.152898014333354,0.19214966873530956,0.2885542156730817,0.3276493032505581,ETTm1,raw,55776,55872,raw:55776:4,low,low
5,0.3986927317719342,0.20556685763012075,0.43987795857401546,0.125,0.7484812154659956,2.152898014333354,0.19214966873530956,0.3480458493253568,0.35521029473376836,ETTm1,raw,55776,55872,raw:55776:5,mid,low
6,0.8515135412852541,0.31831602389600266,0.25095619175584033,0.125,0.946394074233516,2.152898014333354,0.19214966873530956,0.4735952523123657,0.4211812476562751,ETTm1,raw,55776,55872,raw:55776:6,high,mid
0,0.7133050358954685,0.1172629777970404,0.5362575441142249,0.0,0.5505738000891592,1.9090481786281994,0.1515080295188532,0.4556085192689112,0.23402727653600416,ETTm1,raw,55872,55968,raw:55872:0,high,low
1,0.5153985599367137,0.42191512121518415,0.3589246272250021,0.625,0.9703138743005718,1.9090481786281994,0.1515080295188532,0.4320794361256333,0.5822739679398083,ETTm1,raw,55872,55968,raw:55872:1,high,high
2,0.5793827609362375,0.09084001858246388,0.5867951982269696,0.0,0.5217710413251238,1.9090481786281994,0.1515080295188532,0.4190059925818903,0.22442635694799232,ETTm1,raw,55872,55968,raw:55872:2,high,low
3,0.4901110529824836,0.29715143574997427,0.2999029399581028,0.625,0.9064621253938344,1.9090481786281994,0.1515080295188532,0.36238847623018683,0.5609900516375624,ETTm1,raw,55872,55968,raw:55872:3,mid,high
4,0.4857740357679291,0.026153417464034615,0.11659242060977788,0.25,0.7727371248143385,1.9090481786281994,0.1515080295188532,0.2095066246139139,0.39141505144439726,ETTm1,raw,55872,55968,raw:55872:4,low,mid
5,0.5718012239540416,0.0367170691964778,0.09038788406643893,0.0,0.5736544138835504,1.9090481786281994,0.1515080295188532,0.2329687257389861,0.24172081446746788,ETTm1,raw,55872,55968,raw:55872:5,low,low
6,0.7496995991634577,0.19822911307608146,0.3388730310552739,0.375,0.8208497096418265,1.9090481786281994,0.1515080295188532,0.4289339144316044,0.4491192463868932,ETTm1,raw,55872,55968,raw:55872:6,high,mid
0,0.8173734656114381,0.06198111434051717,0.06070380293272776,0.0,0.36348404409154284,1.766605473569624,0.12776757871532468,0.3133527942948943,0.1637505409356225,ETTm1,raw,56064,56160,raw:56064:0,low,low
1,0.537865436512082,0.22937751332858045,0.4878677582363422,0.125,0.7596257560705716,1.766605473569624,0.12776757871532468,0.41837023602566825,0.3374644449286321,ETTm1,raw,56064,56160,raw:56064:1,high,low
2,0.8284225109398603,0.03482088498587266,0.01916751993248062,0.0,0.34421354610480803,1.766605473569624,0.12776757871532468,0.29413697195273786,0.1573270416067109,ETTm1,raw,56064,56160,raw:56064:2,low,low
3,0.39074327463470804,0.11656804093021333,0.15185975853177736,0.0,0.7098411880002856,1.766605473569624,0.12776757871532468,0.21972369136556624,0.27920292223853677,ETTm1,raw,56064,56160,raw:56064:3,low,low
4,0.7430932058173217,0.20167329739718773,0.27638136536951524,0.125,0.6091630872969166,1.766605473569624,0.12776757871532468,0.40704928952800823,0.2873102220040804,ETTm1,raw,56064,56160,raw:56064:4,high,low
5,0.6911284827753061,0.14696933201731144,0.14342177292837172,0.25,0.8208601274276821,1.766605473569624,0.12776757871532468,0.3271731959069964,0.39954256871433563,ETTm1,raw,56064,56160,raw:56064:5,mid,mid
6,0.5933358457610003,0.2214889719931714,0.45668168208803034,0.375,0.9276254505517708,1.766605473569624,0.12776757871532468,0.4238354999474007,0.4767976764223652,ETTm1,raw,56064,56160,raw:56064:6,high,mid
0,0.6631641330048152,0.08167839165389514,0.0028406601618863624,0.0,0.3724556152888463,1.9225900359277086,0.15376500573167642,0.24922772827353223,0.17540687367350757,ETTm1,raw,56160,56256,raw:56160:0,low,low
1,0.24637346025810714,0.21184501072002412,0.25257475734106616,0.125,0.7687326772677147,1.9225900359277086,0.15376500573167642,0.23693107610639916,0.3491658943331304,ETTm1,raw,56160,56256,raw:56160:1,low,low
2,0.7869385521246081,0.047008888052694826,0.0037644834826677685,0.0,0.3379792541292956,1.9225900359277086,0.15376500573167642,0.2792373078866569,0.16391475328699068,ETTm1,raw,56160,56256,raw:56160:2,low,low
3,0.3022786896017431,0.17000328400529485,0.2171248535023822,0.0,0.750618554681422,1.9225900359277086,0.15376500573167642,0.22980227570314005,0.3014611868043661,ETTm1,raw,56160,56256,raw:56160:3,low,low
4,0.5760453543018125,0.02473740543104363,0.12673316894908535,0.125,0.6286616906925928,1.9225900359277086,0.15376500573167642,0.24250530956064717,0.3024755654747564,ETTm1,raw,56160,56256,raw:56160:4,low,low
5,0.43513098114697546,0.22383978121559095,0.20330671450529225,0.0,0.7497169072015379,1.9225900359277086,0.15376500573167642,0.2874258256226196,0.30116063764440476,ETTm1,raw,56160,56256,raw:56160:5,low,low
6,0.8439243913846282,0.2533590802700435,0.5567594892790694,0.25,0.636219241616497,1.9225900359277086,0.15376500573167642,0.5513476536445804,0.3466614157827245,ETTm1,raw,56160,56256,raw:56160:6,high,low
0,0.7662812927900465,0.11316786767693947,0.03519256487979303,0.0,0.4323073570061664,2.4927722859872614,0.24879538058321793,0.304880575115593,0.22703424586312812,ETTm1,raw,56352,56448,raw:56352:0,low,low
1,0.4807057173845224,0.47912310040424594,0.4483180701086752,1.0,0.9209651301770229,2.4927722859872614,0.24879538058321793,0.4693822959658145,0.7232535035867468,ETTm1,raw,56352,56448,raw:56352:1,high,high
2,0.797244794083967,0.07275212976179521,0.05745088963069655,0.0,0.40702449690866527,2.4927722859872614,0.24879538058321793,0.30914927115881957,0.21860662583062773,ETTm1,raw,56352,56448,raw:56352:2,low,low
3,0.4013599340683168,0.49841131354696955,0.4013943218459371,0.625,0.9132553882225044,2.4927722859872614,0.24879538058321793,0.43372185648707445,0.5956835896019074,ETTm1,raw,56352,56448,raw:56352:3,high,high
4,0.6142180384520416,0.03374888155202565,0.4651470662772771,0.125,0.528792276124958,2.4927722859872614,0.24879538058321793,0.3710379954271148,0.3008625522360587,ETTm1,raw,56352,56448,raw:56352:4,mid,low
5,0.36245769161667285,0.06653393660846046,0.2098634052038334,0.125,0.7085963708629701,2.4927722859872614,0.24879538058321793,0.21295167780965554,0.3607972504820627,ETTm1,raw,56352,56448,raw:56352:5,low,mid
6,0.3607943748810265,0.045311863265326505,0.5489989045970828,0.25,0.6783358012683115,2.4927722859872614,0.24879538058321793,0.3183683809144786,0.39237706061717653,ETTm1,raw,56352,56448,raw:56352:6,mid,mid
0,0.8608601002657231,0.3340255291317369,0.738917887990379,0.0,0.6140796832490929,2.842992972548534,0.30716549491281314,0.6446011724626131,0.30708172605396866,ETTm1,raw,56448,56544,raw:56448:0,high,low
1,0.859120505726696,0.4936822636708279,0.5325059178471204,0.125,0.862313657003761,2.842992972548534,0.30716549491281314,0.6284362290815482,0.43149305063885807,ETTm1,raw,56448,56544,raw:56448:1,high,mid
2,0.8337024844102798,0.218571732944466,0.7060298252848715,0.0,0.6115169199344926,2.842992972548534,0.30716549491281314,0.5861013475465392,0.30622747161576863,ETTm1,raw,56448,56544,raw:56448:2,high,low
3,0.6065649722049511,0.35298871094641593,0.45580660551690394,0.5,0.8958574710046433,2.842992972548534,0.30716549491281314,0.47178676288942367,0.5676743219724855,ETTm1,raw,56448,56544,raw:56448:3,high,high
4,0.3940252182454732,0.05779983093377464,0.20816697174712614,0.125,0.6328603968552152,2.842992972548534,0.30716549491281314,0.21999734030879134,0.3550086305893428,ETTm1,raw,56448,56544,raw:56448:4,low,low
5,0.6084512803988151,0.04750389160970001,0.025544763896347265,0.125,0.8455849212324565,2.842992972548534,0.30716549491281314,0.2271666453016208,0.4259168053817566,ETTm1,raw,56448,56544,raw:56448:5,low,mid
6,0.9901930044354684,0.10192925624425941,0.05471519838643753,0.125,0.7571934755618537,2.842992972548534,0.30716549491281314,0.3822791530220551,0.3964529901582223,ETTm1,raw,56448,56544,raw:56448:6,mid,mid
0,0.8947007572393969,0.6575023170915684,0.4401402813320724,0.0,0.6295167754548213,3.1424977794840845,0.3570829626522091,0.6641144518876793,0.32886657936901015,ETTm1,raw,56544,56640,raw:56544:0,high,low
1,0.6164947996766821,0.5859965189094597,0.4773806306113974,0.25,0.8507535560742379,3.1424977794840845,0.3570829626522091,0.5599573163991797,0.485945506242149,ETTm1,raw,56544,56640,raw:56544:1,high,mid
2,0.8373408151818718,0.5268345717734765,0.3443754891701569,0.125,0.6095311028006218,3.1424977794840845,0.3570829626522091,0.5695169587085017,0.36387135515094365,ETTm1,raw,56544,56640,raw:56544:2,high,mid
3,0.5997655009306885,0.5249685569875675,0.47690881753651404,0.25,0.8824366180141738,3.1424977794840845,0.3570829626522091,0.5338809584849233,0.4965065268887943,ETTm1,raw,56544,56640,raw:56544:3,high,mid
4,0.5847733012798189,0.13332226041872278,0.07006209115472241,0.125,0.700400721348619,3.1424977794840845,0.3570829626522091,0.2627192176177547,0.39416122800027603,ETTm1,raw,56544,56640,raw:56544:4,low,mid
5,0.49180381699133335,0.1452542943982975,0.47362631791733567,0.375,0.8839214873928901,3.1424977794840845,0.3570829626522091,0.37022814310232216,0.5386681500150331,ETTm1,raw,56544,56640,raw:56544:5,mid,high
6,0.7492264635019881,0.05891283064393789,0.6792752217340412,0.125,0.7250219807205541,3.1424977794840845,0.3570829626522091,0.49580483862665575,0.40236831445758775,ETTm1,raw,56544,56640,raw:56544:6,high,mid
0,0.7813146752874762,0.10653200084726683,0.004293571793630973,0.0,0.39822063567979993,2.4457203531108545,0.24095339178355343,0.2973800826427913,0.21305800915445114,ETTm1,raw,56736,56832,raw:56736:0,low,low
1,0.5019895673070082,0.24310570922281807,0.02712126020462519,0.125,0.7054927495540521,2.4457203531108545,0.24095339178355343,0.25740551224481717,0.3571487137792018,ETTm1,raw,56736,56832,raw:56736:1,low,low
2,0.7415665859275016,0.07515400307280307,0.025879120920077606,0.0,0.37521975597256724,2.4457203531108545,0.24095339178355343,0.28086656997346077,0.20539104925204021,ETTm1,raw,56736,56832,raw:56736:2,low,low
3,0.5351255024524499,0.3781066454800314,0.3973630683746819,0.25,0.8361912544087107,2.4457203531108545,0.24095339178355343,0.43686507210238773,0.4423815487307547,ETTm1,raw,56736,56832,raw:56736:3,high,mid
4,0.6406746030132525,0.09675105421193857,0.6913841177223592,0.25,0.570764257580924,2.4457203531108545,0.24095339178355343,0.4762699249825168,0.35390588312149246,ETTm1,raw,56736,56832,raw:56736:4,high,low
5,0.6099004611301169,0.06812313652318527,0.025761645198194218,0.0,0.4741854979617292,2.4457203531108545,0.24095339178355343,0.23459508095049877,0.2383796299150942,ETTm1,raw,56736,56832,raw:56736:5,low,low
6,0.5205097197059217,0.10464555610636544,0.6002312337779779,0.125,0.502000324766947,2.4457203531108545,0.24095339178355343,0.40846216986342165,0.2893179055168335,ETTm1,raw,56736,56832,raw:56736:6,high,low
0,0.7456751293894645,0.11194919096540293,0.008493026206377634,0.0,0.41254712832516965,2.4269764037039168,0.23782940022093713,0.28870578218708165,0.21679217618203558,ETTm1,raw,56832,56928,raw:56832:0,low,low
1,0.713777426407378,0.11864937493234166,0.14671513427452149,0.25,0.6102351382657255,2.4269764037039168,0.23782940022093713,0.326380645204747,0.36602151282888756,ETTm1,raw,56832,56928,raw:56832:1,mid,mid
2,0.7222546052407333,0.0744188155152409,0.012446277242301806,0.0,0.39079108933811946,2.4269764037039168,0.23782940022093713,0.26970656599942533,0.20954016318635219,ETTm1,raw,56832,56928,raw:56832:2,low,low
3,0.6829009024417957,0.08948588047620287,0.10789350325964817,0.125,0.523934244164135,2.4269764037039168,0.23782940022093713,0.2934267620592156,0.29558788146169074,ETTm1,raw,56832,56928,raw:56832:3,low,low
4,0.6565656917779165,0.29398910751028434,0.38159657279124154,0.375,0.6561832123212411,2.4269764037039168,0.23782940022093713,0.44405045735981413,0.42300420418072604,ETTm1,raw,56832,56928,raw:56832:4,high,mid
5,0.305461598603332,0.10863661343343411,0.19952854850821994,0.125,0.7723392830266191,2.4269764037039168,0.23782940022093713,0.20454225351499536,0.37838956108251875,ETTm1,raw,56832,56928,raw:56832:5,low,mid
6,0.9503961767147856,0.06744546373682041,0.06456617421188308,0.25,0.8575595963086774,2.4269764037039168,0.23782940022093713,0.36080260488782967,0.4484629988432048,ETTm1,raw,56832,56928,raw:56832:6,mid,mid
0,0.7231527099313552,0.18753072682245459,0.03457339640433929,0.5,0.8009508704412118,2.023900536549489,0.17065008914049803,0.3150856110527163,0.4905336531939033,ETTm1,raw,57024,57120,raw:57024:0,low,mid
1,0.8842833695380322,0.409389058324515,0.0555466767171491,0.375,0.8589851294632315,2.023900536549489,0.17065008914049803,0.4497397015265654,0.46821173953457645,ETTm1,raw,57024,57120,raw:57024:1,high,mid
2,0.7640822159562936,0.44953645436557144,0.2932075704288184,0.25,0.7880558850414857,2.023900536549489,0.17065008914049803,0.5022754135835611,0.40290199139399463,ETTm1,raw,57024,57120,raw:57024:2,high,mid
3,0.8750554845313137,0.6128818397337581,0.3458869666914408,0.25,0.8544249552508357,2.023900536549489,0.17065008914049803,0.6112747636521708,0.42502501479711124,ETTm1,raw,57024,57120,raw:57024:3,high,mid
4,0.8889838459518502,0.24877357411562573,0.0009399329055335983,0.25,0.8645185854555723,2.023900536549489,0.17065008914049803,0.3795657843243365,0.4283895581986901,ETTm1,raw,57024,57120,raw:57024:4,mid,mid
5,0.7475791607961988,0.4073987762774085,0.029943027682632906,0.75,0.9439677063558924,2.023900536549489,0.17065008914049803,0.39497365491874675,0.6215392651654635,ETTm1,raw,57024,57120,raw:57024:5,high,high
6,0.38164518727445873,0.17807201265908357,0.08778559618740739,0.125,0.7999478551189141,2.023900536549489,0.17065008914049803,0.2158342653736499,0.3651993147531374,ETTm1,raw,57024,57120,raw:57024:6,low,mid
0,0.8299859573697115,0.8643970882147403,0.0808489519504871,0.0,0.6570140388399811,2.1267229109629824,0.18778715151418515,0.591743999178313,0.2816003967847221,ETTm1,raw,57120,57216,raw:57120:0,high,low
1,0.9202246978562999,0.7385472989343298,0.42522007151782915,0.125,0.8161147125019362,2.1267229109629824,0.18778715151418515,0.6946640227694862,0.3763006213387072,ETTm1,raw,57120,57216,raw:57120:1,high,mid
2,0.8480050196158007,0.6686221112485584,0.08372192334476104,0.0,0.5790633819411948,2.1267229109629824,0.18778715151418515,0.5334496847363733,0.2556168444851266,ETTm1,raw,57120,57216,raw:57120:2,high,low
3,0.9126670094233663,0.5848265504515631,0.3640461794552287,0.25,0.818286318307249,2.1267229109629824,0.18778715151418515,0.6205132464433861,0.41869115660714473,ETTm1,raw,57120,57216,raw:57120:3,high,mid
4,0.3621406297607316,0.08969627773988446,0.20649158611177437,0.375,0.7559138762955446,2.1267229109629824,0.18778715151418515,0.21944283120413013,0.43956700926990994,ETTm1,raw,57120,57216,raw:57120:4,low,mid
5,0.2784599561405907,0.308003054873205,0.1838785068033087,0.5,0.9504858406768979,2.1267229109629824,0.18778715151418515,0.25678050593903484,0.5460909973970277,ETTm1,raw,57120,57216,raw:57120:5,low,high
6,0.9770315807446902,0.10988545163599137,0.12309540111180119,0.25,0.7837396575125143,2.1267229109629824,0.18778715151418515,0.40333747783082763,0.4071756030088998,ETTm1,raw,57120,57216,raw:57120:6,high,mid
0,0.7903736765197602,0.18160946514118215,0.055561138966593406,0.0,0.44690404234353726,2.726229098426428,0.2877048492582299,0.34251476020917854,0.2448696305339224,ETTm1,raw,57216,57312,raw:57216:0,mid,low
1,0.8180201041743371,0.2080412144553524,0.054950180961725915,0.25,0.6021565951110862,2.726229098426428,0.2877048492582299,0.3603371665304718,0.3799538147897721,ETTm1,raw,57216,57312,raw:57216:1,mid,mid
2,0.7259368757341621,0.13001967496318034,0.014936082342933404,0.0,0.42477280869070316,2.726229098426428,0.2877048492582299,0.29029754434675864,0.2374925526496444,ETTm1,raw,57216,57312,raw:57216:2,low,low
3,0.8715076043692634,0.14881920077107696,0.019079720402672744,0.25,0.5322044176312134,2.726229098426428,0.2877048492582299,0.34646884184767107,0.3566364222964811,ETTm1,raw,57216,57312,raw:57216:3,mid,low
4,0.6314226397533438,0.27336205114986034,0.09654567630797692,0.25,0.6064023667407353,2.726229098426428,0.2877048492582299,0.3337767890703937,0.38136907199965514,ETTm1,raw,57216,57312,raw:57216:4,mid,mid
5,0.2862662903119837,0.13259782854357247,0.5340657249741354,0.25,0.8684161329735395,2.726229098426428,0.2877048492582299,0.3176432812765639,0.4687069940772565,ETTm1,raw,57216,57312,raw:57216:5,mid,mid
6,0.6689348435828586,0.048060940234984195,0.7742383048034246,0.125,0.5158638808380556,2.726229098426428,0.2877048492582299,0.49707802954042246,0.30952291003209514,ETTm1,raw,57216,57312,raw:57216:6,high,low
0,0.6793389818074451,0.15197104916059884,0.315089539791253,0.375,0.8108049122708798,2.854290842957616,0.3090484733111885,0.38213319025309894,0.4982844618606894,ETTm1,raw,57408,57504,raw:57408:0,mid,mid
1,0.7961459802221108,0.12640790912533695,0.2984805455563032,0.25,0.8808534177390371,2.854290842957616,0.3090484733111885,0.40701147830125034,0.4799672970167419,ETTm1,raw,57408,57504,raw:57408:1,high,mid
2,0.7603788023207441,0.38898656024207057,0.3776522679737138,0.375,0.8398173540500785,2.854290842957616,0.3090484733111885,0.5090058768455095,0.507955275787089,ETTm1,raw,57408,57504,raw:57408:2,high,high
3,0.8716510231200884,0.1822155810383261,0.31418797767035556,0.25,0.8664815922303573,2.854290842957616,0.3090484733111885,0.4560181939429233,0.4751766885138486,ETTm1,raw,57408,57504,raw:57408:3,high,mid
4,0.7674703786972131,0.1727925961151375,0.0016025710245371762,0.25,0.8748062270010747,2.854290842957616,0.3090484733111885,0.31395518194562927,0.4779515667707544,ETTm1,raw,57408,57504,raw:57408:4,low,mid
5,0.8209251281155451,0.12401264763624696,0.10029761569326741,0.0,0.6573508791304807,2.854290842957616,0.3090484733111885,0.34841179714835313,0.3221331174805564,ETTm1,raw,57408,57504,raw:57408:5,mid,low
6,0.6347438998551926,0.2632486266631129,0.3053342854547277,0.125,0.7389012942107369,2.854290842957616,0.3090484733111885,0.4011089373243444,0.3909832558406418,ETTm1,raw,57408,57504,raw:57408:6,high,mid
0,0.6780000484385096,0.14760489874199842,0.7160868127004092,0.375,0.8640155746157151,2.6822964922288692,0.280382748237507,0.5138972532936391,0.5064661076177407,ETTm1,raw,57504,57600,raw:57504:0,high,high
1,0.7720115271249641,0.11097716872935143,0.3873428767002647,0.375,0.8751919296009316,2.6822964922288692,0.280382748237507,0.4234438575181934,0.5101915592794796,ETTm1,raw,57504,57600,raw:57504:1,high,high
2,0.7119049816279848,0.36822197438408055,0.9265547210065552,0.5,0.8757001028524151,2.6822964922288692,0.280382748237507,0.6688938923395402,0.552027617029974,ETTm1,raw,57504,57600,raw:57504:2,high,high
3,0.798229163905126,0.1065725552260211,0.24792008850160185,0.25,0.8898865810935078,2.6822964922288692,0.280382748237507,0.3842406025442496,0.4734231097770049,ETTm1,raw,57504,57600,raw:57504:3,mid,mid
4,0.737536103367971,0.1333822844946917,0.007370994604593359,0.375,0.905181808744286,2.6822964922288692,0.280382748237507,0.29276312748908534,0.5201881856605977,ETTm1,raw,57504,57600,raw:57504:4,low,high
5,0.9999999518882818,0.623568024485853,0.05082181396333681,0.375,0.9199268125018301,2.6822964922288692,0.280382748237507,0.5581299301124906,0.5251031869131123,ETTm1,raw,57504,57600,raw:57504:5,high,high
6,0.9999999995463665,0.14606017603841007,0.00596244026618574,0.0,0.615526707525379,2.6822964922288692,0.280382748237507,0.38400753861698744,0.2986364852542953,ETTm1,raw,57504,57600,raw:57504:6,mid,low
0,0.7907410413300262,0.20342542095577065,0.06569590900808837,0.0,0.5260272138649515,2.6297767346503846,0.27162945532234833,0.3532874570979618,0.26588555639576666,ETTm1,raw,57696,57792,raw:57696:0,mid,low
1,0.7959087728557275,0.14905573230118696,0.4021378976435465,0.5,0.9060814415840033,2.6297767346503846,0.27162945532234833,0.4490341342668203,0.5592369656354506,ETTm1,raw,57696,57792,raw:57696:1,high,high
2,0.7631767650114625,0.13850001805033957,0.08178625818982169,0.0,0.5064861730638126,2.6297767346503846,0.27162945532234833,0.32782101375054123,0.2593718761287203,ETTm1,raw,57696,57792,raw:57696:2,mid,low
3,0.8395889594162196,0.36492157987374574,0.38888438375250867,0.625,0.8807447131049966,2.6297767346503846,0.27162945532234833,0.531131641014158,0.5924580561424483,ETTm1,raw,57696,57792,raw:57696:3,high,high
4,0.41382752186959126,0.1050842479281866,0.5223357899276915,0.125,0.6169617717724355,2.6297767346503846,0.27162945532234833,0.34708251990848976,0.33786374236492794,ETTm1,raw,57696,57792,raw:57696:4,mid,low
5,0.7685354026940739,0.07964488985566401,0.038349140544726365,0.125,0.5957414832167721,2.6297767346503846,0.27162945532234833,0.2955098110314881,0.33079031284637345,ETTm1,raw,57696,57792,raw:57696:5,low,low
6,0.7217411976611421,0.14300646337611023,0.4253457500426595,0.5,0.9306015528882524,2.6297767346503846,0.27162945532234833,0.43003113702663726,0.5674103360702002,ETTm1,raw,57696,57792,raw:57696:6,high,high
0,0.7286629831164477,0.09476524416242603,8.030494458916511e-05,0.0,0.3806692715361648,1.9211117144511685,0.15351861881933038,0.27450284407448766,0.1780626301184984,ETTm1,raw,57792,57888,raw:57792:0,low,low
1,0.36128294288860197,0.07219160644224606,0.1475987903146419,0.0,0.5730827191516812,1.9211117144511685,0.15351861881933038,0.1936911132151633,0.2422004459903372,ETTm1,raw,57792,57888,raw:57792:1,low,low
2,0.6820104195537096,0.06317791965278688,0.0003964566566018274,0.0,0.35858154100964007,1.9211117144511685,0.15351861881933038,0.24852826528769942,0.1707000532763235,ETTm1,raw,57792,57888,raw:57792:2,low,low
3,0.6193656883722793,0.07018425964978871,0.02948194264827135,0.0,0.5928073160257782,1.9211117144511685,0.15351861881933038,0.2396772968901131,0.2487753116150362,ETTm1,raw,57792,57888,raw:57792:3,low,low
4,0.23463490277519372,0.0914389447579444,0.2536833142172849,0.25,0.5740841937805449,1.9211117144511685,0.15351861881933038,0.19325238725014102,0.3258676041999584,ETTm1,raw,57792,57888,raw:57792:4,low,low
5,0.5523719499886318,0.031162473191460982,0.48485738856163924,0.0,0.47012497765531125,1.9211117144511685,0.15351861881933038,0.35613060391391066,0.20788119882488054,ETTm1,raw,57792,57888,raw:57792:5,mid,low
6,0.8174276825540268,0.08055205753672638,0.36465771962098786,0.0,0.8035642791156455,1.9211117144511685,0.15351861881933038,0.42087915323724695,0.31902763264499195,ETTm1,raw,57792,57888,raw:57792:6,high,low
0,0.8904237618108853,0.21949025771573288,0.6184754137718207,0.0,0.5895264742611913,3.1479128453483183,0.35798547362807726,0.5761298110994796,0.31583731596308956,ETTm1,raw,57984,58080,raw:57984:0,high,low
1,0.9269211579222489,0.16410712582487774,0.10075545435717548,0.75,0.92461504588805,3.1479128453483183,0.35798547362807726,0.39726124603476737,0.6775335065053758,ETTm1,raw,57984,58080,raw:57984:1,high,high
2,0.8280348376915484,0.11911808575589246,0.6056602190034207,0.0,0.5710251030035031,3.1479128453483183,0.35798547362807726,0.5176043808169538,0.3096701922105268,ETTm1,raw,57984,58080,raw:57984:2,high,low
3,0.921774946442633,0.14370300653209558,0.4413488093684169,0.375,0.9817742271775036,3.1479128453483183,0.35798547362807726,0.5022755874477153,0.5715865669351936,ETTm1,raw,57984,58080,raw:57984:3,high,high
4,0.6268045502677584,0.06675606628488778,0.06201300891020474,0.125,0.7388894447127989,3.1479128453483183,0.35798547362807726,0.25185787515428365,0.40729163944695873,ETTm1,raw,57984,58080,raw:57984:4,low,mid
5,0.8188992100265151,0.1850807441340815,0.12096626755475234,0.0,0.5841854746777433,3.1479128453483183,0.35798547362807726,0.37498207390511623,0.31405698276860683,ETTm1,raw,57984,58080,raw:57984:5,mid,low
6,0.9401225696341317,0.1263448488939986,0.061054279180096774,0.25,0.878116404440104,3.1479128453483183,0.35798547362807726,0.37584056590274234,0.4953672926893937,ETTm1,raw,57984,58080,raw:57984:6,mid,mid
0,0.7849672402460005,0.1280497833693735,0.027068661472911516,0.0,0.39940140361413345,1.730555573436837,0.12175926203654072,0.3133618950294285,0.17372022188355807,ETTm1,raw,58080,58176,raw:58080:0,low,low
1,0.7421778555041292,0.09177805104431228,0.21290793175352193,0.125,0.6745131601921162,1.730555573436837,0.12175926203654072,0.3489546127673211,0.3070908074095523,ETTm1,raw,58080,58176,raw:58080:1,mid,low
2,0.6888349221880952,0.09033445689375551,0.01983819252577964,0.0,0.37834693555013965,1.730555573436837,0.12175926203654072,0.26633585720254344,0.1667020658622268,ETTm1,raw,58080,58176,raw:58080:2,low,low
3,0.7944090113257217,0.06373383392091618,0.3934365145144304,0.125,0.43680430914986856,1.730555573436837,0.12175926203654072,0.41719311992035607,0.2278545237288031,ETTm1,raw,58080,58176,raw:58080:3,high,low
4,0.4310147704261086,0.05978562610158871,0.7553473250119864,0.125,0.5879511455311144,1.730555573436837,0.12175926203654072,0.41538257384656124,0.27823680252255173,ETTm1,raw,58080,58176,raw:58080:4,high,low
5,0.5329457167716198,0.07169817875909627,0.05675982048183918,0.125,0.7140293866259042,1.730555573436837,0.12175926203654072,0.2204679053375184,0.32026288288748167,ETTm1,raw,58080,58176,raw:58080:5,low,low
6,0.9539897414238948,0.039906561095397475,0.19102804720263514,0.125,0.6203255907397839,1.730555573436837,0.12175926203654072,0.3949747832406425,0.28902828425877486,ETTm1,raw,58080,58176,raw:58080:6,high,low
0,0.69520255510006,0.05207689514645128,0.6420298207552289,0.0,0.6045842127108854,2.746671206486354,0.2911118672625392,0.46310309033391334,0.29856535999114153,ETTm1,raw,58176,58272,raw:58176:0,high,low
1,0.0,0.13196816453596338,0.7132033605518159,0.25,0.8817548150615823,2.746671206486354,0.2911118672625392,0.2817238416959264,0.4742888941080405,ETTm1,raw,58176,58272,raw:58176:1,low,mid
2,0.6612044748823245,0.04745631518754671,0.6599222115343568,0.0,0.5918384557931529,2.746671206486354,0.2911118672625392,0.456194333868076,0.29431677435189735,ETTm1,raw,58176,58272,raw:58176:2,high,low
3,0.12379389571408506,0.18990379168011323,0.7269589421104036,0.25,0.8059652686209643,2.746671206486354,0.2911118672625392,0.3468855431682006,0.4490257119611678,ETTm1,raw,58176,58272,raw:58176:3,mid,mid
4,0.5733255765947922,0.030499523832734722,0.6937000647225037,0.25,0.7611995272151052,2.746671206486354,0.2911118672625392,0.43250838838334354,0.43410379815921485,ETTm1,raw,58176,58272,raw:58176:4,high,mid
5,0.5438135691751532,0.03382956082178751,0.26773467065521434,0.125,0.6398228507995116,2.746671206486354,0.2911118672625392,0.281792600217385,0.35197823935401695,ETTm1,raw,58176,58272,raw:58176:5,low,low
6,0.889626327447225,0.3242678450793204,0.4788327722254365,0.0,0.4942311071215185,2.746671206486354,0.2911118672625392,0.5642423149173273,0.26178099146135253,ETTm1,raw,58176,58272,raw:58176:6,high,low
0,0.7417698936284469,0.20981595948427187,0.5331035201772968,0.125,0.7652885305253729,2.8710670871957245,0.3118445140128799,0.49489645776333857,0.40071101484608423,ETTm1,raw,58368,58464,raw:58368:0,high,mid
1,0.6704697646817893,0.13734738042820344,0.16233499435572418,0.5,0.9579092471974119,2.8710670871957245,0.3118445140128799,0.3233840464885723,0.5899179204034305,ETTm1,raw,58368,58464,raw:58368:1,mid,high
2,0.7591894946436732,0.15236227256392104,0.4103187036258271,0.0,0.7291164344939067,2.8710670871957245,0.3118445140128799,0.4406234902778072,0.34698698283559554,ETTm1,raw,58368,58464,raw:58368:2,high,low
3,0.5485005458114887,0.12667025336504747,0.15564574553081584,0.375,0.9545865518611648,2.8710670871957245,0.3118445140128799,0.27693884823578396,0.5471436886246815,ETTm1,raw,58368,58464,raw:58368:3,low,high
4,0.49688994814302156,0.09505519511964738,0.04216312109611888,0.125,0.744071529184907,2.8710670871957245,0.3118445140128799,0.21136942145292928,0.393638681065929,ETTm1,raw,58368,58464,raw:58368:4,low,mid
5,0.6006737549718673,0.11939055507547555,0.5005989514887438,0.125,0.6698414072121824,2.8710670871957245,0.3118445140128799,0.4068877538453622,0.3688953070750208,ETTm1,raw,58368,58464,raw:58368:5,high,mid
6,0.9356728843815469,0.3213078413338646,0.19213349313475814,1.0,0.972120262010817,2.8710670871957245,0.3118445140128799,0.4830380729500566,0.761321592007899,ETTm1,raw,58368,58464,raw:58368:6,high,high
0,0.5531379656542388,0.3442665701946343,0.2789774599835667,0.0,0.6633781780433003,3.677786687838429,0.44629778056257524,0.39212733194414656,0.3698919862019585,ETTm1,raw,58464,58560,raw:58464:0,high,mid
1,0.628432084193052,0.24590438267583242,0.31457355691292066,0.875,0.9764729504729464,3.677786687838429,0.44629778056257524,0.3963033412606017,0.7659235770118406,ETTm1,raw,58464,58560,raw:58464:1,high,high
2,0.5978267576396769,0.21628009773091747,0.26171718110228387,0.0,0.5758529496933715,3.677786687838429,0.44629778056257524,0.35860801215762605,0.34071691008531557,ETTm1,raw,58464,58560,raw:58464:2,mid,low
3,0.7840848898091813,0.19026533196524875,0.15097019631849223,0.75,0.9769687709789125,3.677786687838429,0.44629778056257524,0.3751068060309741,0.7244221838471626,ETTm1,raw,58464,58560,raw:58464:3,mid,high
4,0.7219418799195092,0.06968619803347116,0.15520524378253425,0.375,0.8642915031783689,3.677786687838429,0.44629778056257524,0.31561110724517155,0.5618630945803147,ETTm1,raw,58464,58560,raw:58464:4,low,high
5,0.38221802393239734,0.18406217623579935,0.4945189120326454,0.375,0.877843386887309,3.677786687838429,0.44629778056257524,0.3535997040669474,0.5663803891499614,ETTm1,raw,58464,58560,raw:58464:5,mid,high
6,0.8118015564679589,0.3337324257426604,0.12476590612583223,0.5,0.92832030767538,3.677786687838429,0.44629778056257524,0.4234332961121505,0.6248726960793184,ETTm1,raw,58464,58560,raw:58464:6,high,high
0,0.329867071921618,0.11841203018787572,0.45801424192785345,0.0,0.5873054765978974,1.5965376915764027,0.0994229484303622,0.3020977813457824,0.2289094750094199,ETTm1,raw,58656,58752,raw:58656:0,low,low
1,0.30550890203488745,0.19002172243480403,0.45490583678235597,0.625,0.9080376124309728,1.5965376915764027,0.0994229484303622,0.3168121537506825,0.5441535202871116,ETTm1,raw,58656,58752,raw:58656:1,mid,high
2,0.5539813374497887,0.11900836862052125,0.602365648084096,0.0,0.5722996695468381,1.5965376915764027,0.0994229484303622,0.42511845138480203,0.2239075393257334,ETTm1,raw,58656,58752,raw:58656:2,high,low
3,0.7414062163465207,0.36973092420790366,0.34832902434176755,0.625,0.8397964700700318,1.5965376915764027,0.0994229484303622,0.48648872163206397,0.5214064728334646,ETTm1,raw,58656,58752,raw:58656:3,high,high
4,0.8679117368386395,0.0993945992737901,0.008314627719493609,0.125,0.7054633824681618,1.5965376915764027,0.0994229484303622,0.32520698794397446,0.309962110299508,ETTm1,raw,58656,58752,raw:58656:4,mid,low
5,0.47060669504140484,0.05778072176609168,0.8442819819536305,0.25,0.8249863620702312,1.5965376915764027,0.0994229484303622,0.457556466253709,0.3914697701668644,ETTm1,raw,58656,58752,raw:58656:5,high,mid
6,0.8775747133234797,0.05808288403240112,0.005287812654700312,0.0,0.38260247059265773,1.5965376915764027,0.0994229484303622,0.3136484700035271,0.16067513967433997,ETTm1,raw,58656,58752,raw:58656:6,low,low
0,0.8172854956826976,0.1333320544657683,0.04969408811937927,0.0,0.5941660523615306,1.260154869958567,0.043359144920829255,0.3334372127559484,0.21250839909411998,ETTm1,raw,58752,58848,raw:58752:0,mid,low
1,0.36870023205431,0.09147535374516133,0.4936949551862642,0.125,0.8821087651492385,1.260154869958567,0.043359144920829255,0.3179568469952452,0.3501559700233559,ETTm1,raw,58752,58848,raw:58752:1,mid,low
2,0.6667784763427285,0.16112667685429374,0.06413888610318916,0.0,0.593421936903626,1.260154869958567,0.043359144920829255,0.2973480131000705,0.21226036060815176,ETTm1,raw,58752,58848,raw:58752:2,low,low
3,0.5425578234164169,0.10847263701054427,0.5681609447014976,0.125,0.9027867443135784,1.260154869958567,0.043359144920829255,0.40639713504281955,0.35704862974480256,ETTm1,raw,58752,58848,raw:58752:3,high,low
4,0.6572513121629195,0.5980209493941993,0.04273987714884251,0.25,0.8168577877571465,1.260154869958567,0.043359144920829255,0.4326707129019871,0.3700723108926585,ETTm1,raw,58752,58848,raw:58752:4,high,mid
5,0.8780312230647759,0.09709114641329589,0.07142797881479025,0.25,0.8067763999560364,1.260154869958567,0.043359144920829255,0.3488501160976207,0.3667118482922886,ETTm1,raw,58752,58848,raw:58752:5,mid,mid
6,0.8308792797183069,0.632689632917476,0.20105276741270928,0.125,0.7212487647144176,1.260154869958567,0.043359144920829255,0.5548738933494973,0.29653596987841563,ETTm1,raw,58752,58848,raw:58752:6,high,low
0,0.43250017929639206,0.2665104104742092,0.4291764788432291,0.125,0.6525875341312014,1.9046846122063077,0.15078076844975,0.37606235620461015,0.3094561008603171,ETTm1,raw,58848,58944,raw:58848:0,mid,low
1,0.5942798299708052,0.24096751903998403,0.37454928806077964,0.625,0.8842237835813302,1.9046846122063077,0.15078076844975,0.403265545690523,0.5533348506770267,ETTm1,raw,58848,58944,raw:58848:1,high,high
2,0.3113140288878282,0.238664279116799,0.5090924886769935,0.0,0.6387653074626966,1.9046846122063077,0.15078076844975,0.35302359889387364,0.26318202530414886,ETTm1,raw,58848,58944,raw:58848:2,mid,low
3,0.6136626136469481,0.08124754672047575,0.5247112740614871,0.5,0.8517852057103291,1.9046846122063077,0.15078076844975,0.4065404781429703,0.5008553247200264,ETTm1,raw,58848,58944,raw:58848:3,high,mid
4,0.9018191970337609,0.12318217556683284,0.00296689840690538,0.375,0.907786945189309,1.9046846122063077,0.15078076844975,0.34265609033583305,0.477855904546353,ETTm1,raw,58848,58944,raw:58848:4,mid,mid
5,0.9394570525242228,0.09449133871738051,0.00799725514980075,0.75,0.9713094700227018,1.9046846122063077,0.15078076844975,0.34731521546380134,0.6240300794908172,ETTm1,raw,58848,58944,raw:58848:5,mid,high
6,0.6287976310351477,0.2720222568037496,0.266674097372229,0.375,0.9207042295724454,1.9046846122063077,0.15078076844975,0.3891646617370421,0.4821616660073984,ETTm1,raw,58848,58944,raw:58848:6,mid,mid
0,0.5830575481412323,0.18197299603339714,0.3262213733416133,0.0,0.6571043478331744,1.8922873862373863,0.1487145641250401,0.3637506391720809,0.2686063039860715,ETTm1,raw,59040,59136,raw:59040:0,mid,low
1,0.6897683837399249,0.15087765709246487,0.5438423766535992,0.25,0.7909855572945388,1.8922873862373863,0.1487145641250401,0.46149613916199633,0.3965667071398596,ETTm1,raw,59040,59136,raw:59040:1,high,mid
2,0.5880764771709255,0.18991974533763878,0.3166959594243929,0.0,0.6444141339006313,1.8922873862373863,0.1487145641250401,0.36489739397765236,0.2643762326752238,ETTm1,raw,59040,59136,raw:59040:2,mid,low
3,0.6466557559089066,0.17152739362206587,0.37584263578084354,0.625,0.9062530834126356,1.8922873862373863,0.1487145641250401,0.39800859510393866,0.5599892158458918,ETTm1,raw,59040,59136,raw:59040:3,high,high
4,0.8511921857177696,0.11596076503344668,0.004907563708884747,0.25,0.7307348608993622,1.8922873862373863,0.1487145641250401,0.3240201714867003,0.37648314167480074,ETTm1,raw,59040,59136,raw:59040:4,mid,mid
5,0.8736654248938741,0.08274758919363229,0.5483697376825761,0.0,0.8008204443458685,1.8922873862373863,0.1487145641250401,0.5015942505900276,0.3165116694903029,ETTm1,raw,59040,59136,raw:59040:5,high,low
6,0.8881819360406906,0.14620956842835853,0.21045101837331914,0.625,0.8409863717291467,1.8922873862373863,0.1487145641250401,0.41494750761412275,0.5382336452847288,ETTm1,raw,59040,59136,raw:59040:6,high,high
0,0.7810376501097348,0.031241802538179972,0.2316815895639925,0.0,0.3589960447342931,2.1234293087352976,0.18723821781048589,0.34798701407063576,0.1820780875149263,ETTm1,raw,59136,59232,raw:59136:0,mid,low
1,0.7430648577027894,0.25576683334171313,0.7744719748816152,0.125,0.7832808560770865,2.1234293087352976,0.18723821781048589,0.5911012219753725,0.3651730246291908,ETTm1,raw,59136,59232,raw:59136:1,high,mid
2,0.7696930083336313,0.022697249302296014,0.178397259263313,0.0,0.3400386787821452,2.1234293087352976,0.18723821781048589,0.3235958389664135,0.17575896553087703,ETTm1,raw,59136,59232,raw:59136:2,mid,low
3,0.7192146257653447,0.17492016945075178,0.876738965263608,0.125,0.8119212559959739,2.1234293087352976,0.18723821781048589,0.5902912534932349,0.37471982460215325,ETTm1,raw,59136,59232,raw:59136:3,high,mid
4,0.40160628109304586,0.08697017948212411,0.6469964367655073,0.25,0.7307583564224785,2.1234293087352976,0.18723821781048589,0.3785242991135591,0.3893321914109881,ETTm1,raw,59136,59232,raw:59136:4,mid,mid
5,0.45307367194898374,0.20750396977506383,0.24639614865197718,0.25,0.6708808127119252,2.1234293087352976,0.18723821781048589,0.30232459679200824,0.36937301017413704,ETTm1,raw,59136,59232,raw:59136:5,low,mid
6,0.459621627172352,0.05336252867038985,0.29689895666685806,0.125,0.7020920428401511,2.1234293087352976,0.18723821781048589,0.26996103750319994,0.33811008688354566,ETTm1,raw,59136,59232,raw:59136:6,low,low
0,0.7631505078776638,0.020534846030558086,0.07676861444494779,0.0,0.3791432366623182,3.233525413522521,0.3722542349666631,0.2868179894510566,0.2504658238763271,ETTm1,raw,59328,59424,raw:59328:0,low,low
1,0.8260407398191447,0.5063658747479205,0.3668651701033074,0.25,0.8156558650602531,3.233525413522521,0.3722542349666631,0.5664239282234576,0.4793033666756388,ETTm1,raw,59328,59424,raw:59328:1,high,mid
2,0.7928282717776877,0.011024855712147308,0.06755973557336381,0.0,0.3511573358171372,3.233525413522521,0.3722542349666631,0.29047095435439957,0.24113719026126676,ETTm1,raw,59328,59424,raw:59328:2,low,low
3,0.8514431246897648,0.4955777994505068,0.24176158104447756,0.25,0.8645849944814867,3.233525413522521,0.3722542349666631,0.5295941683949164,0.49561307648271663,ETTm1,raw,59328,59424,raw:59328:3,high,mid
4,0.5016080084533876,0.19897213480455217,0.10438478600795925,0.375,0.7384567377182712,3.233525413522521,0.3722542349666631,0.268321643088633,0.4952369908949781,ETTm1,raw,59328,59424,raw:59328:4,low,mid
5,0.48917444084484496,0.16922844465006853,0.2896581827743659,0.25,0.7419691420305813,3.233525413522521,0.3722542349666631,0.3160203560897598,0.45474112566574815,ETTm1,raw,59328,59424,raw:59328:5,mid,mid
6,0.888793810421191,0.06748805707930486,0.3318705891768806,0.125,0.6157146421991812,3.233525413522521,0.3722542349666631,0.4293841522257922,0.3709896257219481,ETTm1,raw,59328,59424,raw:59328:6,high,mid
0,0.8641753099590358,0.020790079670911656,0.027743829554203563,0.0,0.35442042462144446,2.694144210810477,0.28235736799781724,0.304236406394717,0.21225926420642058,ETTm1,raw,59424,59520,raw:59424:0,low,low
1,0.6295746029174822,0.14716311046108904,0.6996356178331143,0.375,0.783043039541122,2.694144210810477,0.28235736799781724,0.4921244437372286,0.48013346917964644,ETTm1,raw,59424,59520,raw:59424:1,high,mid
2,0.8366240250460698,0.009171957786182615,0.009335086014302078,0.0,0.330177271849695,2.694144210810477,0.28235736799781724,0.2850436896155182,0.20417821328250407,ETTm1,raw,59424,59520,raw:59424:2,low,low
3,0.5507585426876648,0.13665440363341336,0.5841200113025963,0.375,0.7814808168827576,2.694144210810477,0.28235736799781724,0.4238443192078914,0.47961272829352497,ETTm1,raw,59424,59520,raw:59424:3,high,mid
4,0.19531306856816166,0.3200189366858355,0.46219554200060736,0.25,0.8048438376095941,2.694144210810477,0.28235736799781724,0.32584251575153483,0.44573373520247045,ETTm1,raw,59424,59520,raw:59424:4,mid,mid
5,0.49632802285015776,0.12231386605946304,0.5602502635411255,0.625,0.8938064892355502,2.694144210810477,0.28235736799781724,0.39296405081691543,0.6003879524111225,ETTm1,raw,59424,59520,raw:59424:5,high,high
6,0.9054316310776539,0.06212110092020035,0.2524553545404918,0.125,0.7743074649492941,2.694144210810477,0.28235736799781724,0.40666936217944866,0.3938882776490371,ETTm1,raw,59424,59520,raw:59424:6,high,mid
0,0.7459227715145802,0.06481460330299857,0.05561349096817099,0.0,0.5687991934546183,2.72211496628857,0.2870191605697297,0.28878362192858326,0.2852727846747827,ETTm1,raw,59616,59712,raw:59616:0,low,low
1,0.7535314077328881,0.28994825284972187,0.04718111698430927,0.25,0.8209193812457263,2.72211496628857,0.2870191605697297,0.3635535925223064,0.452646180605152,ETTm1,raw,59616,59712,raw:59616:1,mid,mid
2,0.7955685826470795,0.06949389937620204,0.10216141942282685,0.0,0.5570660516634635,2.72211496628857,0.2870191605697297,0.3224079671487028,0.2813617374110644,ETTm1,raw,59616,59712,raw:59616:2,mid,low
3,0.8007434892145717,0.4327827633894351,0.058938160561168094,0.125,0.8567271368654238,2.72211496628857,0.2870191605697297,0.43082147105505836,0.42291543247838453,ETTm1,raw,59616,59712,raw:59616:3,high,mid
4,0.9073205208744871,0.11677722722794873,0.008340313411324709,0.5,0.9012947689590988,2.72211496628857,0.2870191605697297,0.3441460205045868,0.5627713098429428,ETTm1,raw,59616,59712,raw:59616:4,mid,high
5,0.6378054844450438,0.1425797662517438,0.31764217538484146,0.875,0.9237542540219117,2.72211496628857,0.2870191605697297,0.36600914202720974,0.6952578048638806,ETTm1,raw,59616,59712,raw:59616:5,mid,high
6,0.8425356647698669,0.2997031516019229,0.46372225550435714,0.375,0.8877446041169876,2.72211496628857,0.2870191605697297,0.535320357292049,0.5165879215622391,ETTm1,raw,59616,59712,raw:59616:6,high,high
0,0.9047868646381819,0.041521860066146485,0.022249042135124936,0.0,0.4890022076715188,2.1516737532738732,0.19194562522573616,0.32285258894648444,0.22698261096575165,ETTm1,raw,59712,59808,raw:59712:0,mid,low
1,0.8002757460844759,0.17264463863873789,0.057098176979095625,0.25,0.838856791593563,2.1516737532738732,0.19194562522573616,0.3433395205674365,0.42693413893976634,ETTm1,raw,59712,59808,raw:59712:1,mid,mid
2,0.8738053613986687,0.038933290054295466,0.038025202473753156,0.0,0.4544170147366282,2.1516737532738732,0.19194562522573616,0.3169212846422391,0.2154542133207881,ETTm1,raw,59712,59808,raw:59712:2,mid,low
3,0.7166528715367562,0.19894531243491015,0.03684004912013367,0.25,0.8341470109728434,2.1516737532738732,0.19194562522573616,0.3174794110306,0.4253642120661931,ETTm1,raw,59712,59808,raw:59712:3,mid,mid
4,0.8608931814366896,0.2903563410086376,0.017714804793505196,0.625,0.9077149308986865,2.1516737532738732,0.19194562522573616,0.38965477574627744,0.5748868520414742,ETTm1,raw,59712,59808,raw:59712:4,mid,high
5,0.7407133143229386,0.2935039480476313,0.07091421164511912,1.0,0.9353326177249652,2.1516737532738732,0.19194562522573616,0.3683771580052297,0.7090927476502338,ETTm1,raw,59712,59808,raw:59712:5,mid,high
6,0.9294560113368353,0.05033469027760207,0.4368407313855755,0.0,0.5444059996178318,2.1516737532738732,0.19194562522573616,0.47221047766667096,0.24545054161452265,ETTm1,raw,59712,59808,raw:59712:6,high,low
0,0.8243712075468832,0.049138613469602105,0.008073664316845468,0.0,0.5438584215407536,2.763605008571137,0.29393416760529917,0.29386116177777694,0.27926419638201755,ETTm1,raw,59808,59904,raw:59808:0,low,low
1,0.9276495836360292,0.21610556351905588,0.019527388276583523,0.25,0.7899158149178866,2.763605008571137,0.29393416760529917,0.3877608451438896,0.44461666084106194,ETTm1,raw,59808,59904,raw:59808:1,mid,mid
2,0.734670816693647,0.043775574226196504,0.009672165500435877,0.0,0.5346124260267179,2.763605008571137,0.29393416760529917,0.26270618547342645,0.27618219787733905,ETTm1,raw,59808,59904,raw:59808:2,low,low
3,0.9048276986796282,0.1796295522494273,0.007752676702185218,0.125,0.7584931372970176,2.763605008571137,0.29393416760529917,0.36406997587708023,0.39247576830077224,ETTm1,raw,59808,59904,raw:59808:3,mid,mid
4,0.8899554209512355,0.3262179986596485,0.1550672996497106,0.5,0.8650087434738507,2.763605008571137,0.29393416760529917,0.45708023975353157,0.5529809703597166,ETTm1,raw,59808,59904,raw:59808:4,high,high
5,0.7847479447408438,0.05495958898840065,0.6521923085072671,0.25,0.7577749290852618,2.763605008571137,0.29393416760529917,0.4972999474121705,0.43390303223018695,ETTm1,raw,59808,59904,raw:59808:5,high,mid
6,0.7275673819469535,0.11740250059257096,0.14260813252214358,0.5,0.8142240621805329,2.763605008571137,0.29393416760529917,0.32919267168722266,0.5360527432619441,ETTm1,raw,59808,59904,raw:59808:6,mid,high
0,0.8087460169019102,0.12048049096437133,0.005845745249965797,0.0,0.7037597995978195,3.116976093282289,0.35282934829233265,0.3116907510387491,0.3521963826300507,ETTm1,raw,60000,60096,raw:60000:0,low,low
1,0.8701930276880385,0.22705993897448523,0.012801628015099329,0.25,0.8001524232223964,3.116976093282289,0.35282934829233265,0.37001819822587434,0.46766059050490966,ETTm1,raw,60000,60096,raw:60000:1,mid,mid
2,0.7893980687090792,0.11728766058517595,0.007569478134419028,0.125,0.6559015193218265,3.116976093282289,0.35282934829233265,0.30475173580955806,0.3779102892047197,ETTm1,raw,60000,60096,raw:60000:2,low,mid
3,0.8758531401546709,0.1757252146098488,0.035135100087477195,0.25,0.7991688384723414,3.116976093282289,0.35282934829233265,0.3622378182839989,0.467332728921558,ETTm1,raw,60000,60096,raw:60000:3,mid,mid
4,0.9344140797523705,0.15576977646172657,0.012945288730268237,0.25,0.8459554784344164,3.116976093282289,0.35282934829233265,0.36770971498145516,0.48292827557558304,ETTm1,raw,60000,60096,raw:60000:4,mid,mid
5,0.961332338098543,0.17167587760641242,0.12196083425749385,0.625,0.981335136307902,3.116976093282289,0.35282934829233265,0.4183230166541498,0.6530548282000782,ETTm1,raw,60000,60096,raw:60000:5,high,high
6,0.762300105447378,0.19418180413673583,0.5497765522005525,0.125,0.8415446643719102,3.116976093282289,0.35282934829233265,0.5020861539282221,0.4397913375547476,ETTm1,raw,60000,60096,raw:60000:6,high,mid
0,0.6865444648988768,0.3021339058287047,0.16099004105762912,0.25,0.7929464455598019,3.1591206837545784,0.359853446692674,0.3832228039284035,0.4675999640841586,ETTm1,raw,60096,60192,raw:60096:0,mid,mid
1,0.8734069205764355,0.2863681180739236,0.03474481414505404,0.5,0.9000155603010466,3.1591206837545784,0.359853446692674,0.3981732842651377,0.5866230023312402,ETTm1,raw,60096,60192,raw:60096:1,high,high
2,0.7887991796336707,0.2609511041017099,0.12328002753462378,0.0,0.7250039611435275,3.1591206837545784,0.359853446692674,0.39101010375666817,0.36161913594540046,ETTm1,raw,60096,60192,raw:60096:2,high,mid
3,0.9258482256124071,0.26815004641069745,0.022119027097979638,0.375,0.8673965032828387,3.1591206837545784,0.359853446692674,0.4053724330403614,0.5340833166585043,ETTm1,raw,60096,60192,raw:60096:3,high,high
4,0.517009490834776,0.25533864772232945,0.8560449765088817,0.25,0.91830607294201,3.1591206837545784,0.359853446692674,0.5427977050219956,0.5093865065448947,ETTm1,raw,60096,60192,raw:60096:4,high,high
5,0.24697974671082668,0.12894483807544582,0.25074479607370137,0.25,0.7991917426861133,3.1591206837545784,0.359853446692674,0.2088897936199913,0.46968172979292905,ETTm1,raw,60096,60192,raw:60096:5,low,mid
6,0.15925882794345203,0.12400185712827602,0.35400075361470007,0.875,0.9453238818752923,3.1591206837545784,0.359853446692674,0.21242047956214272,0.7267257761893221,ETTm1,raw,60096,60192,raw:60096:6,low,high
0,0.6258087775908268,0.11641508691110797,0.26143060836845283,0.0,0.6779064289890216,2.6449084964275302,0.27415141561433604,0.33455149095679587,0.3173526148677859,ETTm1,raw,60288,60384,raw:60288:0,mid,low
1,0.5512588282465634,0.4853410088446905,0.5498176922139358,0.375,0.8783502806095441,2.6449084964275302,0.27415141561433604,0.52880584310173,0.5091672320746268,ETTm1,raw,60288,60384,raw:60288:1,high,high
2,0.8024795852185256,0.1000800376056927,0.24067873408787563,0.0,0.6340349262846195,2.6449084964275302,0.27415141561433604,0.3810794523040313,0.3027287806329852,ETTm1,raw,60288,60384,raw:60288:2,mid,low
3,0.5220425359195829,0.41213320830098166,0.3935537510781535,0.5,0.8888923377765097,2.6449084964275302,0.27415141561433604,0.4425764984329061,0.5543479177969486,ETTm1,raw,60288,60384,raw:60288:3,high,high
4,0.5741092337588831,0.14307206742277406,0.9340597272201747,0.25,0.7973239831661006,2.6449084964275302,0.27415141561433604,0.550413676133944,0.4404917995934789,ETTm1,raw,60288,60384,raw:60288:4,high,mid
5,0.41184364003672824,0.08247471525846768,0.3117262262191745,0.0,0.512766138995474,2.6449084964275302,0.27415141561433604,0.2686815271714568,0.2623058515366033,ETTm1,raw,60288,60384,raw:60288:5,low,low
6,0.9498925785245914,0.23235441686697983,0.17602912526896794,0.5,0.8874708432161037,2.6449084964275302,0.27415141561433604,0.4527587068868464,0.5538740862768132,ETTm1,raw,60288,60384,raw:60288:6,high,high
0,0.665062255093843,0.08178612945679457,0.02289686715934703,0.0,0.4189165966392191,2.597994371162843,0.2663323947499199,0.2565817505699948,0.22841633046304632,ETTm1,raw,60384,60480,raw:60384:0,low,low
1,0.8425393457150129,0.2155860249715546,0.1542763695029536,0.5,0.9303760925364646,2.597994371162843,0.2663323947499199,0.404133913396507,0.5655694957621281,ETTm1,raw,60384,60480,raw:60384:1,high,high
2,0.770828489152227,0.07752599612247688,0.011084835086928898,0.0,0.3979137585691184,2.597994371162843,0.2663323947499199,0.2864797734538776,0.22141538443967942,ETTm1,raw,60384,60480,raw:60384:2,low,low
3,0.7042004016040754,0.1813412204251354,0.052669022927899135,0.25,0.9416701599364606,2.597994371162843,0.2663323947499199,0.31273688165236996,0.48600085156212686,ETTm1,raw,60384,60480,raw:60384:3,low,mid
4,0.5323833269784364,0.5781077863194134,0.5321409468476067,0.25,0.8872568380636261,2.597994371162843,0.2663323947499199,0.5475440200484855,0.46786307760451534,ETTm1,raw,60384,60480,raw:60384:4,high,mid
5,0.5657964377869436,0.11149679844618342,0.7939724336720956,0.125,0.7822693201515029,2.597994371162843,0.2663323947499199,0.4904218899684076,0.39120057163380756,ETTm1,raw,60384,60480,raw:60384:5,high,mid
6,0.8983319369102033,0.09162016895048293,0.11122129949256725,0.125,0.8150390267600371,2.597994371162843,0.2663323947499199,0.3670578017844179,0.4021238071699857,ETTm1,raw,60384,60480,raw:60384:6,mid,mid
0,0.7895059829165072,0.014095820108575921,0.006230864854024455,0.0,0.3706960617687588,2.7108379746704516,0.28513966196984253,0.2699442226263692,0.2186119079128671,ETTm1,raw,60480,60576,raw:60480:0,low,low
1,0.7855539757130018,0.17345623045274217,0.13546252674605466,0.75,0.9199784083916736,2.7108379746704516,0.28513966196984253,0.3648242443039329,0.6517060234538387,ETTm1,raw,60480,60576,raw:60480:1,mid,high
2,0.7795464053423681,0.009118720360399634,0.01232618054506344,0.0,0.34099479245672865,2.7108379746704516,0.28513966196984253,0.26699710208261035,0.20871148480885707,ETTm1,raw,60480,60576,raw:60480:2,low,low
3,0.7993664088826,0.2445145801007393,0.11535589004664999,0.25,0.9105753439121645,2.7108379746704516,0.28513966196984253,0.38641229300999647,0.48190500196066904,ETTm1,raw,60480,60576,raw:60480:3,mid,mid
4,0.7800151595738486,0.10574288214717023,0.00884484569587583,0.25,0.8630792961402338,2.7108379746704516,0.28513966196984253,0.2982009624722982,0.4660729860366921,ETTm1,raw,60480,60576,raw:60480:4,low,mid
5,0.6885938124005351,0.4623320069791427,0.14437448373336906,0.875,0.9547047436893923,2.7108379746704516,0.28513966196984253,0.431766767704349,0.704948135219745,ETTm1,raw,60480,60576,raw:60480:5,high,high
6,0.9343955905538466,0.21983289226771752,0.21587164426915006,0.0,0.5954647440534995,2.7108379746704516,0.28513966196984253,0.4567000423635714,0.29353480200778065,ETTm1,raw,60480,60576,raw:60480:6,high,low
0,0.6427427853667005,0.04953077849949643,0.220099618174425,0.0,0.34646281003763296,3.8097310018972457,0.46828849953572677,0.30412439401354063,0.2715837698577866,ETTm1,raw,60672,60768,raw:60672:0,low,low
1,0.7308834160308055,0.20670574324224658,0.05364957496905506,0.375,0.9495456526541076,3.8097310018972457,0.46828849953572677,0.3304129114140357,0.5976113840632782,ETTm1,raw,60672,60768,raw:60672:1,mid,high
2,0.6916023452490855,0.051259476578666335,0.318634544054493,0.0,0.37950571986873194,3.8097310018972457,0.46828849953572677,0.3538321219607483,0.2825980731348196,ETTm1,raw,60672,60768,raw:60672:2,mid,low
3,0.7299706614488466,0.1947009666141865,0.03292292898117169,0.25,0.9378159445558287,3.8097310018972457,0.46828849953572677,0.3191981856814016,0.5520348146971852,ETTm1,raw,60672,60768,raw:60672:3,mid,high
4,0.6364598319473684,0.11366513858546645,0.2850055838746517,0.375,0.8458856669635171,3.8097310018972457,0.46828849953572677,0.3450435181358289,0.563058055499748,ETTm1,raw,60672,60768,raw:60672:4,mid,high
5,0.41269257774056123,0.23070698200735518,0.4666516697649808,1.0,0.922461464071577,3.8097310018972457,0.46828849953572677,0.3700170765042991,0.7969166545357679,ETTm1,raw,60672,60768,raw:60672:5,mid,high
6,0.5543951379697396,0.16975943294903975,0.32090152157327506,0.625,0.969666280254093,3.8097310018972457,0.46828849953572677,0.34835203083068483,0.6876515932632733,ETTm1,raw,60672,60768,raw:60672:6,mid,high
0,0.756451168219583,0.011694125756665879,0.013303338219470965,0.0,0.3353987060399875,3.5728422191940585,0.4288070358176647,0.2604828773985733,0.2547352472858841,ETTm1,raw,60768,60864,raw:60768:0,low,low
1,0.7883478002662684,0.33456047374605385,0.328097971692177,0.75,0.9386516538987006,3.5728422191940585,0.4288070358176647,0.4836687485681664,0.7058195632387885,ETTm1,raw,60768,60864,raw:60768:1,high,high
2,0.8191820109462742,0.01047373658204774,0.012763624180760831,0.0,0.3325096441110005,3.5728422191940585,0.4288070358176647,0.28080645723636094,0.2537722266428884,ETTm1,raw,60768,60864,raw:60768:2,low,low
3,0.7900726366572843,0.2957360366543167,0.10116160540198546,0.625,0.9662351224710573,3.5728422191940585,0.4288070358176647,0.3956567595711955,0.6733473860962406,ETTm1,raw,60768,60864,raw:60768:3,high,high
4,0.8592335813988393,0.25293095876691385,0.02435549536985064,0.375,0.8945316658950779,3.5728422191940585,0.4288070358176647,0.3788400118452013,0.5661129005709142,ETTm1,raw,60768,60864,raw:60768:4,mid,high
5,0.4891893120843056,0.24226719506201508,0.5257435096482596,1.0,0.9709905620529686,3.5728422191940585,0.4288070358176647,0.4190666722648601,0.7999325326235445,ETTm1,raw,60768,60864,raw:60768:5,high,high
6,0.8850552637916995,0.6970793123226284,0.48521335025825285,0.125,0.6597946547299286,3.5728422191940585,0.4288070358176647,0.6891159754575269,0.40453389684919777,ETTm1,raw,60768,60864,raw:60768:6,high,mid
0,0.7713622969008953,0.0071192521185396655,0.019367306552993832,0.0,0.3808203281943723,3.2163828876363985,0.36939714732373785,0.26594961852414295,0.25007249183937,ETTm1,raw,60960,61056,raw:60960:0,low,low
1,0.7442481970368123,0.08695780393141334,0.31820117947961984,0.75,0.9507286998853954,3.2163828876363985,0.36939714732373785,0.3831357268159485,0.6900419490697111,ETTm1,raw,60960,61056,raw:60960:1,mid,high
2,0.82506856024323,0.005703514739400076,0.027880352090488413,0.0,0.3592660323607723,3.2163828876363985,0.36939714732373785,0.28621747569103956,0.2428877265615034,ETTm1,raw,60960,61056,raw:60960:2,low,low
3,0.7220504556933451,0.12020203529170595,0.16106272556470036,0.75,0.9746935939479917,3.2163828876363985,0.36939714732373785,0.3344384055165838,0.6980302470905766,ETTm1,raw,60960,61056,raw:60960:3,mid,high
4,0.5371224689503392,0.4611434704210651,0.08147118446209388,0.75,0.9307783290591637,3.2163828876363985,0.36939714732373785,0.3599123746111661,0.6833918254609671,ETTm1,raw,60960,61056,raw:60960:4,mid,high
5,0.4426106196973181,0.20716662879032433,0.45677180791920463,0.75,0.9763287343870692,3.2163828876363985,0.36939714732373785,0.368849685468949,0.6985752939036024,ETTm1,raw,60960,61056,raw:60960:5,mid,high
6,0.8409439854915729,0.07235486677280395,0.2315143499713606,0.125,0.6210845129477839,3.2163828876363985,0.36939714732373785,0.38160440074524576,0.3718272200905073,ETTm1,raw,60960,61056,raw:60960:6,mid,mid
0,0.6135679600387784,0.08110636075876185,0.10768798611043924,0.0,0.5066318542175071,2.9962220351687123,0.3327036719736126,0.26745410230265987,0.27977850873037324,ETTm1,raw,61056,61152,raw:61056:0,low,low
1,0.7899292724456543,0.11219068222910034,0.6638200251092857,0.625,0.9609374233450525,2.9962220351687123,0.3327036719736126,0.5219799932613468,0.6395470317728883,ETTm1,raw,61056,61152,raw:61056:1,high,high
2,0.6804067383787582,0.05901357353299308,0.10602070057119005,0.0,0.49516339507418144,2.9962220351687123,0.3327036719736126,0.28181367082764713,0.27595568901593137,ETTm1,raw,61056,61152,raw:61056:2,low,low
3,0.8421397483385752,0.11346090297862405,0.23178535104871115,0.375,0.9712310947062123,2.9962220351687123,0.3327036719736126,0.39579533412197015,0.5596449222266083,ETTm1,raw,61056,61152,raw:61056:3,high,high
4,0.7936713302527574,0.23691772157101196,0.08618579530342363,0.25,0.850665596569876,2.9962220351687123,0.3327036719736126,0.37225828237573094,0.4777897561811629,ETTm1,raw,61056,61152,raw:61056:4,mid,mid
5,0.8450513317743594,0.3340488583997006,0.020838637256200245,0.5,0.9750088180493904,2.9962220351687123,0.3327036719736126,0.39997960914342007,0.6025708300076676,ETTm1,raw,61056,61152,raw:61056:5,high,high
6,0.658994355414277,0.050271286185443534,0.4555322114721038,0.0,0.6894095685314678,2.9962220351687123,0.3327036719736126,0.38826595102394146,0.34070441350169345,ETTm1,raw,61056,61152,raw:61056:6,mid,low
0,0.0,0.0,0.0,0.0,-0.0,1.0,0.0,0.0,0.0,ETTm1,raw,61248,61344,raw:61248:0,low,low
1,0.0,0.0,0.0,0.0,-0.0,1.0,0.0,0.0,0.0,ETTm1,raw,61248,61344,raw:61248:1,low,low
2,0.0,0.0,0.0,0.0,-0.0,1.0,0.0,0.0,0.0,ETTm1,raw,61248,61344,raw:61248:2,low,low
3,0.0,0.0,0.0,0.0,-0.0,1.0,0.0,0.0,0.0,ETTm1,raw,61248,61344,raw:61248:3,low,low
4,0.0,0.0,0.0,0.0,-0.0,1.0,0.0,0.0,0.0,ETTm1,raw,61248,61344,raw:61248:4,low,low
5,0.0,0.0,0.0,0.0,-0.0,1.0,0.0,0.0,0.0,ETTm1,raw,61248,61344,raw:61248:5,low,low
6,0.0,0.0,0.0,0.0,-0.0,1.0,0.0,0.0,0.0,ETTm1,raw,61248,61344,raw:61248:6,low,low
0,0.6979451842052634,0.031105474232225705,0.013746768634142367,0.0,0.39434682531951337,3.3367269827078934,0.3894544964688914,0.2475991423572105,0.2612671072628016,ETTm1,raw,61344,61440,raw:61344:0,low,low
1,0.8529314422194982,0.2225351798326832,0.3115831978050502,0.375,0.8853970982834479,3.3367269827078934,0.3894544964688914,0.4623499399524105,0.5499505315841131,ETTm1,raw,61344,61440,raw:61344:1,high,high
2,0.5963491716346847,0.019475054134531728,0.0262323680405354,0.0,0.3532299112285535,3.3367269827078934,0.3894544964688914,0.21401886460325062,0.24756146923248165,ETTm1,raw,61344,61440,raw:61344:2,low,low
3,0.7369865335063732,0.13044092537875335,0.2026286703505548,0.125,0.8260274580893706,3.3367269827078934,0.3894544964688914,0.3566853764118938,0.44682731818608734,ETTm1,raw,61344,61440,raw:61344:3,mid,mid
4,0.8915269854013057,0.1774243111485976,0.01798043877674781,0.25,0.9248969041002487,3.3367269827078934,0.3894544964688914,0.362310578442217,0.5214504668563801,ETTm1,raw,61344,61440,raw:61344:4,mid,high
5,0.5739092560787193,0.14908641431176028,0.4145104848802511,0.625,0.911938631032729,3.3367269827078934,0.3894544964688914,0.37916871842357686,0.6421310425005401,ETTm1,raw,61344,61440,raw:61344:5,mid,high
6,0.7461747910913352,0.050986348823000294,0.10308955345210749,0.0,0.604593602207503,3.3367269827078934,0.3894544964688914,0.30008356445548096,0.3313493662254648,ETTm1,raw,61344,61440,raw:61344:6,low,low
0,0.8220707005041481,0.007665893133136386,0.05179073869481266,0.0,0.3723375839096682,3.366681216874717,0.3944468688217081,0.29384244411069904,0.25559481757712543,ETTm1,raw,61440,61536,raw:61440:0,low,low
1,0.7367642778682177,0.2488348298449931,0.04178957953403502,0.375,0.9484401953951269,3.366681216874717,0.3944468688217081,0.342462895749082,0.5726290214056117,ETTm1,raw,61440,61536,raw:61440:1,mid,high
2,0.7033102211025608,0.006147755619953881,0.05525557162375799,0.0,0.36423796945009723,3.366681216874717,0.3944468688217081,0.2549045161154242,0.25289494609060176,ETTm1,raw,61440,61536,raw:61440:2,low,low
3,0.8076455078720031,0.24815504826772422,0.04640761092832705,0.125,0.8953960567669125,3.366681216874717,0.3944468688217081,0.3674027223560181,0.47161430852954017,ETTm1,raw,61440,61536,raw:61440:3,mid,mid
4,0.8754944180538583,0.19463166912128255,0.003992262803780896,0.25,0.7704887013687312,3.366681216874717,0.3944468688217081,0.35803944999297393,0.4716451900634797,ETTm1,raw,61440,61536,raw:61440:4,mid,mid
5,0.6853002966272068,0.09264909819648835,0.39841215184083606,0.25,0.8080999253142023,3.366681216874717,0.3944468688217081,0.39212051555484373,0.48418226471197007,ETTm1,raw,61440,61536,raw:61440:5,high,mid
6,0.8658148174180105,0.22204262649415163,0.4524266709999433,0.25,0.7008887079738405,3.366681216874717,0.3944468688217081,0.5134280383040352,0.44844519226518287,ETTm1,raw,61440,61536,raw:61440:6,high,mid
0,0.6983297402844044,0.08298641583182884,0.003899224162917335,0.0,0.5607574004786474,2.378840547437623,0.22980675752325924,0.2617384600930502,0.26352138600063557,ETTm1,raw,61632,61728,raw:61632:0,low,low
1,0.9042377968341078,0.25920434971308426,0.01234588225753156,0.25,0.8798802283065698,2.378840547437623,0.22980675752325924,0.39192934293490783,0.4532289952766096,ETTm1,raw,61632,61728,raw:61632:1,high,mid
2,0.7087921642235132,0.09759940240992557,0.003263734823067996,0.0,0.5851246831356152,2.378840547437623,0.22980675752325924,0.26988510048550224,0.27164381355295814,ETTm1,raw,61632,61728,raw:61632:2,low,low
3,0.8688643546961657,0.19060604626071448,0.020437744791271535,0.25,0.9388753839198073,2.378840547437623,0.22980675752325924,0.3599693819160506,0.47289404714768885,ETTm1,raw,61632,61728,raw:61632:3,mid,mid
4,0.7176823351859403,0.09697750739001597,0.0340883852215179,0.125,0.7879576528879529,2.378840547437623,0.22980675752325924,0.2829160759324914,0.38092147013707073,ETTm1,raw,61632,61728,raw:61632:4,low,mid
5,0.8747632559027803,0.09276302791428911,0.03446494361361393,0.0,0.8054463605772867,2.378840547437623,0.22980675752325924,0.33399707581022775,0.345084372700182,ETTm1,raw,61632,61728,raw:61632:5,mid,low
6,0.9688740430265905,0.03825667743677218,0.0820206396429389,0.0,0.5996617113109249,2.378840547437623,0.22980675752325924,0.3630504533687671,0.27648948961139475,ETTm1,raw,61632,61728,raw:61632:6,mid,low
0,0.9050485336962695,0.13829836986078278,0.04420526064355057,0.125,0.7237170397132251,2.8478069693513426,0.30796782771194403,0.36251738806686756,0.3855616224750564,ETTm1,raw,61728,61824,raw:61728:0,mid,mid
1,0.8765539564711161,0.20006224069143308,0.06401981823138407,0.25,0.8910329130453343,2.8478069693513426,0.30796782771194403,0.3802120051313111,0.48300024691909277,ETTm1,raw,61728,61824,raw:61728:1,mid,mid
2,0.8943901975149249,0.13290092078532884,0.07922981251896832,0.125,0.7056191679032068,2.8478069693513426,0.30796782771194403,0.368840310273074,0.3795289985383836,ETTm1,raw,61728,61824,raw:61728:2,mid,mid
3,0.914565328601597,0.18592906717832383,0.03780832335163475,0.375,0.8998411206330429,2.8478069693513426,0.30796782771194403,0.37943423971051854,0.5276029827816623,ETTm1,raw,61728,61824,raw:61728:3,mid,high
4,0.8415250039776028,0.1771213900724633,0.0247798522085378,0.375,0.7608046923505318,2.8478069693513426,0.30796782771194403,0.347808748752868,0.48125750668749195,ETTm1,raw,61728,61824,raw:61728:4,mid,mid
5,0.8341138046306219,0.3281670476851194,0.042298329923837724,0.75,0.9233979125798953,2.8478069693513426,0.30796782771194403,0.4015263940798597,0.6604552467639464,ETTm1,raw,61728,61824,raw:61728:5,high,high
6,0.9402918347195118,0.03337286822531915,0.007351986161733582,0.125,0.64639098569292,2.8478069693513426,0.30796782771194403,0.32700556303552153,0.35978627113495465,ETTm1,raw,61728,61824,raw:61728:6,mid,mid
0,0.7736198067080962,0.018045534615101562,0.0004690195424237812,0.0,0.32277922572335815,2.2615563553691933,0.2102593922110999,0.26404478695520717,0.17767953931148603,ETTm1,raw,61920,62016,raw:61920:0,low,low
1,0.7181971239512841,0.155441888619281,0.012703429871272907,0.0,0.5282288528707867,2.2615563553691933,0.2102593922110999,0.295447480813946,0.24616274836062887,ETTm1,raw,61920,62016,raw:61920:1,low,low
2,0.6628161218508526,0.010411460378968692,0.01434877066005328,0.0,0.2958822342564344,2.2615563553691933,0.2102593922110999,0.22919211762995817,0.16871387548917807,ETTm1,raw,61920,62016,raw:61920:2,low,low
3,0.7678242358010672,0.14050105851122324,0.03858253829237221,0.0,0.5339387553557974,2.2615563553691933,0.2102593922110999,0.3156359442015542,0.24806604918896577,ETTm1,raw,61920,62016,raw:61920:3,mid,low
4,0.8952109700885915,0.1766532994525731,0.05879224827537381,0.25,0.7806010158204937,2.2615563553691933,0.2102593922110999,0.3768855059388461,0.41362013601053116,ETTm1,raw,61920,62016,raw:61920:4,mid,mid
5,0.6627580960037286,0.17044725001081548,0.4300319268992716,0.25,0.8998911687530455,2.2615563553691933,0.2102593922110999,0.4210790909712719,0.4533835203213818,ETTm1,raw,61920,62016,raw:61920:5,high,mid
6,0.6480744740366111,0.660387095048117,0.2856376176367128,0.375,0.7175421464476792,2.2615563553691933,0.2102593922110999,0.5313663955738136,0.4342671795529263,ETTm1,raw,61920,62016,raw:61920:6,high,mid
0,0.7074801278549916,0.037979979363007406,0.0349416395781288,0.0,0.3569032510075952,2.7743532340978443,0.2957255385234315,0.2601339155987093,0.21754292984367554,ETTm1,raw,62016,62112,raw:62016:0,low,low
1,0.7211696238324783,0.2640742329532269,0.4062009723209213,0.0,0.6943655544855952,2.7743532340978443,0.2957255385234315,0.4638149430355421,0.33003036433634225,ETTm1,raw,62016,62112,raw:62016:1,high,low
2,0.727838939747385,0.02021136756599045,0.03453732592457429,0.0,0.2995992276542253,2.7743532340978443,0.2957255385234315,0.2608625444126499,0.1984415887258856,ETTm1,raw,62016,62112,raw:62016:2,low,low
3,0.725807659155167,0.18651265744286732,0.3606529565081581,0.0,0.6664002187533165,2.7743532340978443,0.2957255385234315,0.42432442436873075,0.320708585758916,ETTm1,raw,62016,62112,raw:62016:3,high,low
4,0.8386364355995306,0.17473338245556896,0.015464304607350725,0.25,0.8895776984471458,2.7743532340978443,0.2957255385234315,0.34294470755415013,0.4784344123235258,ETTm1,raw,62016,62112,raw:62016:4,mid,mid
5,0.5552128991775565,0.15081012588326692,0.1955113320642287,0.875,0.9391232355508217,2.7743532340978443,0.2957255385234315,0.30051145237501736,0.7032829246914177,ETTm1,raw,62016,62112,raw:62016:5,low,high
6,0.972724982886671,0.3937247893922309,0.22939036414793856,0.25,0.8892496709554656,2.7743532340978443,0.2957255385234315,0.5319467121422802,0.478325069826299,ETTm1,raw,62016,62112,raw:62016:6,high,mid
0,0.8327564899714677,0.028348871156229784,0.015832486841475316,0.0,0.3194135139326162,2.8452435833148133,0.3075405967065679,0.29231261598972424,0.20898470354639467,ETTm1,raw,62112,62208,raw:62112:0,low,low
1,0.7083095934430035,0.12058102614653517,0.10676462000215489,0.375,0.8719028717017353,2.8452435833148133,0.3075405967065679,0.31188507986389785,0.5181478228027677,ETTm1,raw,62112,62208,raw:62112:1,low,high
2,0.7700084946153624,0.015778006478472075,0.006433712455765015,0.0,0.2906058472343152,2.8452435833148133,0.3075405967065679,0.2640734045165331,0.19938214798029438,ETTm1,raw,62112,62208,raw:62112:2,low,low
3,0.6769892000988664,0.11253695287070223,0.0860891589127321,0.5,0.8730059310039718,2.8452435833148133,0.3075405967065679,0.2918717706274336,0.5601821759035132,ETTm1,raw,62112,62208,raw:62112:3,low,high
4,0.9161039416022572,0.16911482359473934,0.010510477115503016,0.25,0.8220588531785594,2.8452435833148133,0.3075405967065679,0.3652430807708332,0.4598664832950425,ETTm1,raw,62112,62208,raw:62112:4,mid,mid
5,0.7536016773794303,0.15777952046471255,0.25226504061571314,0.25,0.879382693819937,2.8452435833148133,0.3075405967065679,0.3878820794866187,0.4789744301755016,ETTm1,raw,62112,62208,raw:62112:5,mid,mid
6,0.894122326460999,0.16241359450407034,0.16255062138574086,0.0,0.6484854579120809,2.8452435833148133,0.3075405967065679,0.40636218078360337,0.31867535153954957,ETTm1,raw,62112,62208,raw:62112:6,high,low
0,0.689496410463142,0.030607513669933143,0.00997962508050913,0.0,0.3946971261334943,3.0602392533399456,0.34337320831770224,0.24336118307119478,0.2460234448170655,ETTm1,raw,62304,62400,raw:62304:0,low,low
1,0.815114712838161,0.25022220284576874,0.06479348636750763,0.375,0.9629793355661665,3.0602392533399456,0.34337320831770224,0.37671013401714576,0.5604508479612896,ETTm1,raw,62304,62400,raw:62304:1,mid,high
2,0.6043868722186874,0.011950865019846709,0.013590201505515466,0.0,0.3650411741093935,3.0602392533399456,0.34337320831770224,0.20997597958134984,0.2361381274756986,ETTm1,raw,62304,62400,raw:62304:2,low,low
3,0.7234294429917941,0.264842426529203,0.1212718180942781,0.625,0.9680415607248973,3.0602392533399456,0.34337320831770224,0.36984789587175837,0.6454715896808665,ETTm1,raw,62304,62400,raw:62304:3,mid,high
4,0.8730821894948542,0.0753577100618564,0.023348108730347983,0.25,0.9272408426412776,3.0602392533399456,0.34337320831770224,0.3239293360956862,0.5068713503196599,ETTm1,raw,62304,62400,raw:62304:4,mid,high
5,0.7238395641764839,0.29363335787818745,0.3335015445346644,1.0,0.9657995196979555,3.0602392533399456,0.34337320831770224,0.4503248221964453,0.7697242426718859,ETTm1,raw,62304,62400,raw:62304:5,high,high
6,0.8975674115013156,0.5337953241199423,0.57827426872473,0.0,0.5054341773460904,3.0602392533399456,0.34337320831770224,0.6698790014486627,0.2829357952212642,ETTm1,raw,62304,62400,raw:62304:6,high,low
0,0.586985804179726,0.14334976172971836,0.11636685011520319,0.0,0.6800718354204612,2.8773768518217375,0.312896141448796,0.2822341386748825,0.33098932562308575,ETTm1,raw,62400,62496,raw:62400:0,low,low
1,0.8058334753893026,0.3591258000332262,0.03414046368800055,0.25,0.8387924362937673,2.8773768518217375,0.312896141448796,0.3996999130368431,0.4672295259141878,ETTm1,raw,62400,62496,raw:62400:1,high,mid
2,0.6778157487506176,0.12947064453509838,0.12070329332416783,0.0,0.6724116972480013,2.8773768518217375,0.312896141448796,0.30932989553662793,0.32843594623226574,ETTm1,raw,62400,62496,raw:62400:2,low,low
3,0.9339417964309508,0.26398290994955975,0.026198473454050925,0.25,0.8768772115952121,2.8773768518217375,0.312896141448796,0.40804105994485385,0.4799244510146694,ETTm1,raw,62400,62496,raw:62400:3,high,mid
4,0.8422851357806079,0.1270221305123101,0.06171421827835491,0.625,0.922187288105306,2.8773768518217375,0.312896141448796,0.34367382819042436,0.6200278098513673,ETTm1,raw,62400,62496,raw:62400:4,mid,high
5,0.4334587181252413,0.20853558873176295,0.48606890963365496,0.75,0.9708408118590277,2.8773768518217375,0.312896141448796,0.37602107216355307,0.6779123177692745,ETTm1,raw,62400,62496,raw:62400:5,mid,high
6,0.7745367929314659,0.040155031418458366,0.3851397009322826,0.0,0.6802205133307063,2.8773768518217375,0.312896141448796,0.39994384176073566,0.33103888492650074,ETTm1,raw,62400,62496,raw:62400:6,high,low
0,0.6564052529083719,0.07056018009385814,0.13690546863428704,0.125,0.6804854101924549,2.8850046893467756,0.3141674477008502,0.2879569672121724,0.37321761929776837,ETTm1,raw,62592,62688,raw:62592:0,low,mid
1,0.8277331748973756,0.23536377311009538,0.07228539900975403,0.375,0.8589737362680894,2.8850046893467756,0.3141674477008502,0.37846078233907504,0.5160470613229798,ETTm1,raw,62592,62688,raw:62592:1,mid,high
2,0.8011098279301173,0.08131256459121028,0.18067458980069923,0.0,0.6887878015290512,2.8850046893467756,0.3141674477008502,0.35436566077400894,0.3343184164099671,ETTm1,raw,62592,62688,raw:62592:2,mid,low
3,0.7811061795668983,0.15457099461886814,0.01558529640160735,0.25,0.8355811681028027,2.8850046893467756,0.3141674477008502,0.31708749019579124,0.466582871934551,ETTm1,raw,62592,62688,raw:62592:3,mid,mid
4,0.8560515272170519,0.06514965247404712,0.008821537193180195,0.375,0.8412137676065526,2.8850046893467756,0.3141674477008502,0.3100075722947598,0.5101270717691343,ETTm1,raw,62592,62688,raw:62592:4,low,high
5,0.7227566504194024,0.2128928307597374,0.3847816544657199,0.5,0.933170026956677,2.8850046893467756,0.3141674477008502,0.4401437118816199,0.5824458248858424,ETTm1,raw,62592,62688,raw:62592:5,high,high
6,0.23578838003566993,0.14241511302904733,0.265785196701498,0.375,0.7772174752799784,2.8850046893467756,0.3141674477008502,0.2146628965887384,0.48879497432694285,ETTm1,raw,62592,62688,raw:62592:6,low,mid
0,0.8121505763219581,0.012266889243836484,0.07326449984180874,0.0,0.344272173896535,3.3054242877242768,0.3842373806469838,0.2992273218025344,0.24283651818117294,ETTm1,raw,62688,62784,raw:62688:0,low,low
1,0.9407861564503163,0.19668858313347448,0.499584713994468,0.25,0.8581983473015866,3.3054242877242768,0.3842373806469838,0.5456864845260863,0.49747857598285683,ETTm1,raw,62688,62784,raw:62688:1,high,mid
2,0.7899575677246423,0.006314956536866613,0.07950627079723133,0.0,0.31518254906153087,3.3054242877242768,0.3842373806469838,0.29192626501958013,0.2331399765695049,ETTm1,raw,62688,62784,raw:62688:2,low,low
3,0.8908750609344008,0.1895860097189608,0.18237252363713716,0.75,0.9057552685994151,3.3054242877242768,0.3842373806469838,0.4209445314301663,0.6799975497487997,ETTm1,raw,62688,62784,raw:62688:3,high,high
4,0.9031360227894772,0.12728780794665412,0.01209268883514556,0.375,0.8917318672515285,3.3054242877242768,0.3842373806469838,0.34750550652375894,0.5503230826328375,ETTm1,raw,62688,62784,raw:62688:4,mid,high
5,0.649071703381412,0.10019841854972662,0.31655393811315174,0.25,0.8894296039496646,3.3054242877242768,0.3842373806469838,0.3552746866814301,0.5078889948655495,ETTm1,raw,62688,62784,raw:62688:5,mid,high
6,0.878876222449752,0.4237681959781612,0.1323716517337645,0.125,0.584464063449487,3.3054242877242768,0.3842373806469838,0.47833869005389257,0.3645671480321569,ETTm1,raw,62688,62784,raw:62688:6,high,mid
0,0.8043219949673757,0.012183572105456359,0.02178395971865384,0.0,0.32667115450984513,2.783495872122668,0.29724931152502915,0.27942984226382866,0.20797348867829143,ETTm1,raw,62880,62976,raw:62880:0,low,low
1,0.754895353987031,0.2141194662662336,0.3153490571144354,0.375,0.8322478040864881,2.783495872122668,0.29724931152502915,0.42812129245589997,0.5014990385371725,ETTm1,raw,62880,62976,raw:62880:1,high,high
2,0.8097036884851849,0.006110471275084961,0.027593642564876338,0.0,0.296376784562822,2.783495872122668,0.29724931152502915,0.28113593410838206,0.19787536536261707,ETTm1,raw,62880,62976,raw:62880:2,low,low
3,0.69713182882849,0.22112626242130737,0.3132835531897619,0.5,0.8404709193252408,2.783495872122668,0.29724931152502915,0.41051388147985307,0.5459067436167566,ETTm1,raw,62880,62976,raw:62880:3,high,high
4,0.8432601370587756,0.14446978358143087,0.017586105960549017,0.125,0.8204450347750888,2.783495872122668,0.29724931152502915,0.33510534220025184,0.414231448766706,ETTm1,raw,62880,62976,raw:62880:4,mid,mid
5,0.6285821583475377,0.4513222613702962,0.02435928117798532,1.0,0.9277629915190282,2.783495872122668,0.29724931152502915,0.3680879002986064,0.7416707676813524,ETTm1,raw,62880,62976,raw:62880:5,mid,high
6,0.8676131849581286,0.15145268902038223,0.15508410221748667,0.0,0.5726996351147651,2.783495872122668,0.29724931152502915,0.3913833253986658,0.28998298221326474,ETTm1,raw,62880,62976,raw:62880:6,high,low
0,0.7708651306971293,0.0161146469964422,0.0027271648233502845,0.0,0.3347978971700712,2.6024100093460203,0.2670683344458895,0.2632356475056406,0.20062207720532022,ETTm1,raw,62976,63072,raw:62976:0,low,low
1,0.7676758620217556,0.2193339695927362,0.30570671550509715,0.375,0.9044806809880421,2.6024100093460203,0.2670683344458895,0.43090551570652963,0.5155163384779772,ETTm1,raw,62976,63072,raw:62976:1,high,high
2,0.7603436360221667,0.009947277122892879,0.0031650429452190366,0.0,0.31160058989894246,2.6024100093460203,0.2670683344458895,0.25781865203009285,0.19288964144827733,ETTm1,raw,62976,63072,raw:62976:2,low,low
3,0.7872605107139942,0.15276935318546334,0.2510539652198961,0.25,0.9527720468733497,2.6024100093460203,0.2670683344458895,0.3970279430397845,0.4899467937730797,ETTm1,raw,62976,63072,raw:62976:3,high,mid
4,0.6831683480324529,0.09512260370410039,0.008312787376980999,0.125,0.7078115036171623,2.6024100093460203,0.2670683344458895,0.2622012463711781,0.366626612687684,ETTm1,raw,62976,63072,raw:62976:4,low,mid
5,0.5113739660078638,0.23543534078994144,0.20232160778262614,0.25,0.9029110609243904,2.6024100093460203,0.2670683344458895,0.3163769715268105,0.47332646512342663,ETTm1,raw,62976,63072,raw:62976:5,mid,mid
6,0.9356749901156598,0.11834576468822133,0.08358882949475219,0.0,0.585132583640036,2.6024100093460203,0.2670683344458895,0.3792031947662111,0.2840669726953085,ETTm1,raw,62976,63072,raw:62976:6,mid,low
0,0.8010610200041127,0.017763622880814844,0.0006137873442636922,0.0,0.32817156834444217,2.7804999990594292,0.29674999934865487,0.27314614340973037,0.20830718923103234,ETTm1,raw,63072,63168,raw:63072:0,low,low
1,0.8748261631546201,0.3373996258858213,0.24907381350503627,0.25,0.8094913659524934,2.7804999990594292,0.29674999934865487,0.48709986751515927,0.45208045510038275,ETTm1,raw,63072,63168,raw:63072:1,high,mid
2,0.7911366894021729,0.011672099797527105,0.001255602804081841,0.0,0.3010159122938506,2.7804999990594292,0.29674999934865487,0.26802146400126065,0.19925530388083515,ETTm1,raw,63072,63168,raw:63072:2,low,low
3,0.7396994521975314,0.44194231504762116,0.08603724408932217,0.25,0.8414510413214455,2.7804999990594292,0.29674999934865487,0.42255967044482495,0.4627336802233668,ETTm1,raw,63072,63168,raw:63072:3,high,mid
4,0.9069109835012297,0.08522821338168433,0.012254200388109352,0.25,0.8195193855762207,2.7804999990594292,0.29674999934865487,0.3347977990903411,0.4554231283082919,ETTm1,raw,63072,63168,raw:63072:4,mid,mid
5,0.7708219318774353,0.2259239509276127,0.05735514467028979,0.375,0.9301521755741688,2.7804999990594292,0.29674999934865487,0.35136700915844593,0.5339673916409412,ETTm1,raw,63072,63168,raw:63072:5,mid,high
6,0.8738254077726123,0.05622931300307345,0.1647900658823275,0.0,0.557024643156634,2.7804999990594292,0.29674999934865487,0.3649482622193378,0.28459154750176296,ETTm1,raw,63072,63168,raw:63072:6,mid,low
0,0.8436010838740067,0.10336174471853031,0.10294495455766109,0.0,0.5507356119628847,2.2686020742740625,0.2114336786932876,0.34996926105006604,0.2540564302187241,ETTm1,raw,63264,63360,raw:63264:0,mid,low
1,0.8649861752762799,0.19828118910877662,0.022969449517512047,0.25,0.8881356907102439,2.2686020742740625,0.2114336786932876,0.3620789379675229,0.4498564564678438,ETTm1,raw,63264,63360,raw:63264:1,mid,mid
2,0.8314687090324755,0.0999059182613079,0.14075730269878203,0.0,0.5452370987913636,2.2686020742740625,0.2114336786932876,0.35737730999752176,0.25222359249488374,ETTm1,raw,63264,63360,raw:63264:2,mid,low
3,0.860078351789528,0.23731594067844725,0.037055414113968003,0.625,0.9476192076985697,2.2686020742740625,0.2114336786932876,0.3781499021939811,0.5946842954639524,ETTm1,raw,63264,63360,raw:63264:3,mid,high
4,0.9371675682899805,0.12192033638810773,0.006496039989373616,0.375,0.7963143465195748,2.2686020742740625,0.2114336786932876,0.3551946482224873,0.4609160084042874,ETTm1,raw,63264,63360,raw:63264:4,mid,mid
5,0.5647072309617569,0.10525387320405583,0.05488186798719195,0.25,0.8377027427265756,2.2686020742740625,0.2114336786932876,0.24161432405100156,0.433045473806621,ETTm1,raw,63264,63360,raw:63264:5,low,mid
6,0.7390067008084302,0.1882374102644022,0.5047543564617923,0.375,0.8141739129426958,2.2686020742740625,0.2114336786932876,0.47733282251154163,0.4668691972119945,ETTm1,raw,63264,63360,raw:63264:6,high,mid
0,0.8564997456287564,0.047866807815136816,0.2083022173963341,0.0,0.5530002982437254,2.7715440188982634,0.29525733599094833,0.3708895902800758,0.28275254474489125,ETTm1,raw,63360,63456,raw:63360:0,mid,low
1,0.845346880992507,0.44531914536445266,0.04040657315565195,0.125,0.8514362319237176,2.7715440188982634,0.29525733599094833,0.44369086650420386,0.4238978559715553,ETTm1,raw,63360,63456,raw:63360:1,high,mid
2,0.8230299247489404,0.059976724154131564,0.19169522619409482,0.0,0.5315124328547113,2.7715440188982634,0.29525733599094833,0.3582339583657223,0.2755899229485532,ETTm1,raw,63360,63456,raw:63360:2,mid,low
3,0.8362362058746802,0.4227745647921983,0.09791571002313053,0.25,0.9023652892596216,2.7715440188982634,0.29525733599094833,0.4523088268966697,0.48254087508352334,ETTm1,raw,63360,63456,raw:63360:3,high,mid
4,0.9105804410081767,0.12931619402957456,0.04416482113986227,0.375,0.9021993504279622,2.7715440188982634,0.29525733599094833,0.36135381872587113,0.5241522288063035,ETTm1,raw,63360,63456,raw:63360:4,mid,high
5,0.7701856927845419,0.34113116132017984,0.0959169719834432,0.75,0.9352462090804942,2.7715440188982634,0.29525733599094833,0.4024112753627216,0.6601678483571475,ETTm1,raw,63360,63456,raw:63360:5,high,high
6,0.5452200983294708,0.13058223525885373,0.6697940208421772,0.25,0.8087985505104393,2.7715440188982634,0.29525733599094833,0.44853211814350064,0.4513519621671292,ETTm1,raw,63360,63456,raw:63360:6,high,mid
0,0.8407548782980627,0.12686374921898783,0.2781636215538885,0.0,0.5752259519842513,3.2703104749852265,0.3783850785335626,0.41526074969031307,0.31787034350593796,ETTm1,raw,63552,63648,raw:63552:0,high,low
1,0.7896811642526399,0.20296406207250012,0.4590618683388691,0.75,0.977463643214312,3.2703104749852265,0.3783850785335626,0.483902364888003,0.7019495739159582,ETTm1,raw,63552,63648,raw:63552:1,high,high
2,0.7620573661032761,0.11238945812417918,0.40493928558243714,0.0,0.5904646477350692,3.2703104749852265,0.3783850785335626,0.42646203660329746,0.3229499087562106,ETTm1,raw,63552,63648,raw:63552:2,high,low
3,0.7580039216099088,0.1275628829256135,0.4394044673247315,0.375,0.9522770947563757,3.2703104749852265,0.3783850785335626,0.44165709062008457,0.5685540577633127,ETTm1,raw,63552,63648,raw:63552:3,high,high
4,0.9010698819934047,0.27528475475698955,0.02347006119344303,0.125,0.9119530909596656,3.2703104749852265,0.3783850785335626,0.39994156598127906,0.47177938983107603,ETTm1,raw,63552,63648,raw:63552:4,high,mid
5,0.679900177666231,0.285359190589287,0.1120480374153523,1.0,0.8920153009929106,3.2703104749852265,0.3783850785335626,0.35910246855695677,0.7568001265088244,ETTm1,raw,63552,63648,raw:63552:5,mid,high
6,0.9324958896000272,0.21223046047165886,0.13474465943009542,0.375,0.7883630176805392,3.2703104749852265,0.3783850785335626,0.4264903365005938,0.5139160320713673,ETTm1,raw,63552,63648,raw:63552:6,high,high
0,0.6165498395382755,0.053086269265511465,0.0427059004574058,0.0,0.44375312612708034,2.983517912101399,0.33058631813258926,0.2374473364203976,0.25811314808655655,ETTm1,raw,63648,63744,raw:63648:0,low,low
1,0.5339494466688788,0.11725945762774975,0.2754360630195781,0.125,0.6983913858678753,2.983517912101399,0.33058631813258926,0.3088816557720689,0.38465923466682156,ETTm1,raw,63648,63744,raw:63648:1,low,mid
2,0.56797107674139,0.05150792176196664,0.07808435235548741,0.0,0.4378707496169291,2.983517912101399,0.33058631813258926,0.232521116952948,0.25615235591650615,ETTm1,raw,63648,63744,raw:63648:2,low,low
3,0.5179728924319524,0.05125594984034991,0.3710200513008278,0.125,0.711509038915236,2.983517912101399,0.33058631813258926,0.31341629785771,0.38903178568260843,ETTm1,raw,63648,63744,raw:63648:3,low,mid
4,0.8245445170270248,0.18493289574500693,0.018466768885802294,0.25,0.8719403319093155,2.983517912101399,0.33058631813258926,0.34264806055261127,0.4841755500139682,ETTm1,raw,63648,63744,raw:63648:4,mid,mid
5,0.19189835515731057,0.3415367487755453,0.48813148951381863,1.0,0.8939501907224868,2.983517912101399,0.33058631813258926,0.34052219781555815,0.7415121696183588,ETTm1,raw,63648,63744,raw:63648:5,mid,high
6,0.5612240367426643,0.17154749605394098,0.10143495749987591,0.25,0.702914588488577,2.983517912101399,0.33058631813258926,0.27806883009882705,0.4278336355403887,ETTm1,raw,63648,63744,raw:63648:6,low,mid
0,0.6225728767299308,0.04991373571726533,0.04281458562343259,0.0,0.48723344016552383,3.072051162127295,0.34534185977897935,0.23843373269020954,0.27752509998150104,ETTm1,raw,63744,63840,raw:63744:0,low,low
1,0.7643686203575636,0.36825002626334485,0.5884702925846422,0.5,0.8222484661989014,3.072051162127295,0.34534185977897935,0.5736963130685169,0.5558634419926269,ETTm1,raw,63744,63840,raw:63744:1,high,high
2,0.6910389265823856,0.06725756919876888,0.0336960358031084,0.0,0.4664049145198054,3.072051162127295,0.34534185977897935,0.2639975105280877,0.2705822580995949,ETTm1,raw,63744,63840,raw:63744:2,low,low
3,0.7648808032240316,0.18723203254315735,0.5350253161944768,0.25,0.7637336086071419,3.072051162127295,0.34534185977897935,0.4957127173205553,0.4530251561287071,ETTm1,raw,63744,63840,raw:63744:3,high,mid
4,0.91758190288437,0.22331244287704857,0.004502727629401222,0.5,0.8668224049857591,3.072051162127295,0.34534185977897935,0.38179902446360664,0.5707214215882462,ETTm1,raw,63744,63840,raw:63744:4,mid,high
5,0.594278506915037,0.2290451943247535,0.36958669415134593,1.0,0.9784993207657334,3.072051162127295,0.34534185977897935,0.39763679846371214,0.7746137268482376,ETTm1,raw,63744,63840,raw:63744:5,high,high
6,0.6013351711780258,0.32343142828232785,0.24927657633615016,0.25,0.7851711079451247,3.072051162127295,0.34534185977897935,0.39134772526550127,0.46017098924136796,ETTm1,raw,63744,63840,raw:63744:6,high,mid
0,0.7535935449120424,0.01715125967282604,0.04761525787415021,0.0,0.3386062395385027,3.1510096921303887,0.3585016147575621,0.27278668748633955,0.23236928476535493,ETTm1,raw,63936,64032,raw:63936:0,low,low
1,0.8286999668432012,0.2639744857838737,0.03612784964968724,0.375,0.9504338170301436,3.1510096921303887,0.3585016147575621,0.3762674340922541,0.561311810595902,ETTm1,raw,63936,64032,raw:63936:1,mid,high
2,0.6270147380745255,0.009549359911674092,0.03969344873947368,0.0,0.3063582694165875,3.1510096921303887,0.3585016147575621,0.22541918224189106,0.22161996139138318,ETTm1,raw,63936,64032,raw:63936:2,low,low
3,0.808736257555448,0.35668663119499694,0.4432607568796354,0.875,0.9728494111259759,3.1510096921303887,0.3585016147575621,0.5362278818766935,0.7354503419611794,ETTm1,raw,63936,64032,raw:63936:3,high,high
4,0.8059942011304028,0.12807029734648723,0.016946181832863276,0.25,0.7923295145436909,3.1510096921303887,0.3585016147575621,0.3170035601032511,0.4669437097670843,ETTm1,raw,63936,64032,raw:63936:4,mid,mid
5,0.7968330936019472,0.2827219982917582,0.03356530354198264,0.5,0.8615335574419334,3.1510096921303887,0.3585016147575621,0.37104013181189605,0.5733450573998319,ETTm1,raw,63936,64032,raw:63936:5,mid,high
6,0.6967346951431928,0.045305233135548656,0.12567133318199689,0.0,0.6027908994135259,3.1510096921303887,0.3585016147575621,0.28923708715357943,0.3204308380570293,ETTm1,raw,63936,64032,raw:63936:6,low,low
0,0.6963437204094817,0.0856238168373914,0.05191853110934094,0.0,0.47267140681339903,3.5437751444645595,0.4239625233708224,0.27796202278540466,0.2988779767280738,ETTm1,raw,64032,64128,raw:64032:0,low,low
1,0.7593812090492796,0.3737431559320121,0.14472672522165878,0.5,0.962926152028997,3.5437751444645595,0.4239625233708224,0.4259503634009836,0.6289628917999398,ETTm1,raw,64032,64128,raw:64032:1,high,high
2,0.6156905648839448,0.086234387872752,0.07505435565842915,0.0,0.4580942064960267,3.5437751444645595,0.4239625233708224,0.258993102805042,0.29401890995561636,ETTm1,raw,64032,64128,raw:64032:2,low,low
3,0.8499755314447,0.41875681998000563,0.2142999002281067,0.625,0.9662344301091892,3.5437751444645595,0.4239625233708224,0.49434408388427076,0.6717323178266706,ETTm1,raw,64032,64128,raw:64032:3,high,high
4,0.8962368431536559,0.15549727173272862,0.01246450059587326,0.375,0.836656140189135,3.5437751444645595,0.4239625233708224,0.35473287182741925,0.5452062211866525,ETTm1,raw,64032,64128,raw:64032:4,mid,high
5,0.7162075491566333,0.16319715430668952,0.13729824771734575,0.625,0.880955830700569,3.5437751444645595,0.4239625233708224,0.3389009837268895,0.6433061180237971,ETTm1,raw,64032,64128,raw:64032:5,mid,high
6,0.9070610302108619,0.17816782911693224,0.10885369955007301,0.375,0.9107488014955655,3.5437751444645595,0.4239625233708224,0.39802751962595573,0.5699037749554626,ETTm1,raw,64032,64128,raw:64032:6,high,high
0,0.7232232341946478,0.08390157488813114,0.16827975255089622,0.0,0.5610648799298816,2.956419887499675,0.32606998070649584,0.3251348538778917,0.2957116202121258,ETTm1,raw,64224,64320,raw:64224:0,mid,low
1,0.6995013543026213,0.15690201104359158,0.039034312300418685,0.125,0.8260811546639363,2.956419887499675,0.32606998070649584,0.2984792258822105,0.42571704512347736,ETTm1,raw,64224,64320,raw:64224:1,low,mid
2,0.47448031405477464,0.10077696751244217,0.33435216285174,0.0,0.5791646527176507,2.956419887499675,0.32606998070649584,0.30320314813965227,0.3017448778080489,ETTm1,raw,64224,64320,raw:64224:2,low,low
3,0.884448118634886,0.17394487413232884,0.11243348413809068,0.125,0.8232859341271304,2.956419887499675,0.32606998070649584,0.39027549230176856,0.42478530494454203,ETTm1,raw,64224,64320,raw:64224:3,high,mid
4,0.9456898827852132,0.14988362498104224,0.0051661793188172095,0.375,0.8485974745569428,2.956419887499675,0.32606998070649584,0.3669132290283575,0.5165558184211463,ETTm1,raw,64224,64320,raw:64224:4,mid,high
5,0.8100131014999307,0.09343458822457071,0.10585493101336275,0.125,0.851531167977901,2.956419887499675,0.32606998070649584,0.3364342069126214,0.43420038289479895,ETTm1,raw,64224,64320,raw:64224:5,mid,mid
6,0.9621096365229737,0.25426341115267737,0.20527987857162178,0.125,0.7888493204836553,2.956419887499675,0.32606998070649584,0.4738843087490909,0.4133064337300503,ETTm1,raw,64224,64320,raw:64224:6,high,mid
0,0.836964136420212,0.019478254110411625,0.04023666145334691,0.0,0.46919939974466646,2.944947320988412,0.32415788629113884,0.2988930173279902,0.2644524286786018,ETTm1,raw,64320,64416,raw:64320:0,low,low
1,0.8145261266823687,0.2160896641930855,0.22146402760826284,0.5,0.9342898158676588,2.944947320988412,0.32415788629113884,0.41735993949457234,0.5861492340529325,ETTm1,raw,64320,64416,raw:64320:1,high,high
2,0.8100734661166721,0.028470445913232653,0.11651690500751709,0.0,0.484402807178891,2.944947320988412,0.32415788629113884,0.3183536056791406,0.2695202311566766,ETTm1,raw,64320,64416,raw:64320:2,mid,low
3,0.8397262223340819,0.19800305955755854,0.23461384023923368,0.625,0.9592213613559795,2.944947320988412,0.32415788629113884,0.4241143740436247,0.6361264158823728,ETTm1,raw,64320,64416,raw:64320:3,high,high
4,0.8629074083456809,0.06110501396889556,0.01931373282464301,0.125,0.7356421720753709,2.944947320988412,0.32415788629113884,0.31444205171307316,0.39493335278883657,ETTm1,raw,64320,64416,raw:64320:4,low,mid
5,0.7727932191722935,0.2646681888557063,0.024964266939294273,0.25,0.9175234354102628,2.944947320988412,0.32415788629113884,0.35414189165576465,0.4972271072338006,ETTm1,raw,64320,64416,raw:64320:5,mid,mid
6,0.36963891283305683,0.2617723718775022,0.5140948884255083,0.25,0.7823620965858968,2.944947320988412,0.32415788629113884,0.3818353910453558,0.4521733276256786,ETTm1,raw,64320,64416,raw:64320:6,mid,mid
0,0.6074618853242557,0.04768227995648356,0.055446462109484486,0.0,0.4068640933980891,3.0248241506632443,0.33747069121475626,0.2368635424634079,0.24811159487094847,ETTm1,raw,64512,64608,raw:64512:0,low,low
1,0.8032312285390762,0.21139084845411044,0.12740232298543175,0.625,0.9560049317402299,3.0248241506632443,0.33747069121475626,0.3806747999928728,0.6394918743183288,ETTm1,raw,64512,64608,raw:64512:1,mid,high
2,0.5052612371712049,0.041710216179983786,0.06547494562023462,0.0,0.3892290679822628,3.0248241506632443,0.33747069121475626,0.20414879965714108,0.242233253065673,ETTm1,raw,64512,64608,raw:64512:2,low,low
3,0.8414061190347942,0.34902788470314605,0.17154764702516132,0.625,0.9483569082923488,3.0248241506632443,0.33747069121475626,0.4539938835877006,0.636942533169035,ETTm1,raw,64512,64608,raw:64512:3,high,high
4,0.8576534411004604,0.2602416280627009,0.04049600616342309,0.125,0.8205596923608267,3.0248241506632443,0.33747069121475626,0.38613035844219484,0.4276767945251943,ETTm1,raw,64512,64608,raw:64512:4,mid,mid
5,0.8110996917454396,0.5493407725296602,0.3741195138887541,0.25,0.8587407207829886,3.0248241506632443,0.33747069121475626,0.5781866593879513,0.4820704706659149,ETTm1,raw,64512,64608,raw:64512:5,high,mid
6,0.9258674272374586,0.19773678272505535,0.12996614869856749,0.0,0.6367993740477276,3.0248241506632443,0.33747069121475626,0.41785678622036043,0.32475668842082794,ETTm1,raw,64512,64608,raw:64512:6,high,low
0,0.7320533509347805,0.07667410187294901,0.07303364193825061,0.0,0.6347615543580198,2.950521699459638,0.3250869493681281,0.2939203649153267,0.3199495012420493,ETTm1,raw,64608,64704,raw:64608:0,low,low
1,0.8224788286066516,0.09414918688118025,0.022741934692168474,0.375,0.8674120700376968,2.950521699459638,0.3250869493681281,0.31312331672666677,0.522499673135275,ETTm1,raw,64608,64704,raw:64608:1,low,high
2,0.759159844417984,0.07420749733923386,0.09799795317304989,0.0,0.6192345247801819,2.950521699459638,0.3250869493681281,0.3104550983100893,0.3147738247161033,ETTm1,raw,64608,64704,raw:64608:2,low,low
3,0.7615350998981781,0.1138906532015835,0.019053635448109472,0.375,0.8671861461853666,2.950521699459638,0.3250869493681281,0.2981597961826237,0.5224243651844983,ETTm1,raw,64608,64704,raw:64608:3,low,high
4,0.9251995196264564,0.25874940333126795,0.016032225262283702,0.25,0.9382240039098695,2.950521699459638,0.3250869493681281,0.39999371607333606,0.5044369844259992,ETTm1,raw,64608,64704,raw:64608:4,high,high
5,0.6836486922770014,0.26023413664101286,0.17593474817624283,1.0,0.9749056122714603,2.950521699459638,0.3250869493681281,0.3732725256980857,0.7666641872131962,ETTm1,raw,64608,64704,raw:64608:5,mid,high
6,0.9138545733232101,0.5362930761229447,0.23727590836366172,0.125,0.7956004390323026,2.950521699459638,0.3250869493681281,0.5624745192699389,0.41522912946681023,ETTm1,raw,64608,64704,raw:64608:6,high,mid
0,0.8583423820481069,0.20710030486514835,0.20311912364622092,0.0,0.6744779507497112,3.0116268033430784,0.33527113333172787,0.4228539368531587,0.3365830280271463,ETTm1,raw,64704,64800,raw:64704:0,high,low
1,0.7803240243698082,0.28156034117319195,0.048814814792147165,0.25,0.867090880394755,3.0116268033430784,0.33527113333172787,0.3702330601117158,0.484120671242161,ETTm1,raw,64704,64800,raw:64704:1,mid,mid
2,0.8208616700911802,0.2026951281309003,0.20363011657265565,0.0,0.7197739189502447,3.0116268033430784,0.33527113333172787,0.40906230493157875,0.35168168409399087,ETTm1,raw,64704,64800,raw:64704:2,high,low
3,0.8781365983868997,0.17105794716750972,0.039752487846779185,0.125,0.8929504251822935,3.0116268033430784,0.33527113333172787,0.36298234446706285,0.4510738528380071,ETTm1,raw,64704,64800,raw:64704:3,mid,mid
4,0.6458775368674547,0.04132171032556124,0.29757624176197167,0.375,0.8649566266712455,3.0116268033430784,0.33527113333172787,0.3282584963183292,0.5250759200009911,ETTm1,raw,64704,64800,raw:64704:4,mid,high
5,0.49097678808102696,0.06328218834913196,0.6456240159414687,0.25,0.8944145020028483,3.0116268033430784,0.33527113333172787,0.3999609974572092,0.4932285451115255,ETTm1,raw,64704,64800,raw:64704:5,high,mid
6,0.9734517543229022,0.2643954269388643,0.026242103557485897,0.5,0.927786192677369,3.0116268033430784,0.33527113333172787,0.4213630949397507,0.5876857753363657,ETTm1,raw,64704,64800,raw:64704:6,high,high
0,0.5198890820434823,0.04971880772513254,0.2516347722280495,0.0,0.40949167075183524,2.4980103844841235,0.24966839699790658,0.27374755399888806,0.21972002258324727,ETTm1,raw,64896,64992,raw:64896:0,low,low
1,0.9438979369453016,0.09045663599873704,0.2731613582405114,0.125,0.8555339106115114,2.4980103844841235,0.24966839699790658,0.4358386437281834,0.410067435869806,ETTm1,raw,64896,64992,raw:64896:1,high,mid
2,0.796060032271423,0.051076689416512056,0.2649031540836478,0.0,0.4039460685039777,2.4980103844841235,0.24966839699790658,0.3706799585905276,0.2178714885006281,ETTm1,raw,64896,64992,raw:64896:2,mid,low
3,0.9834904812130181,0.056127025777540814,0.05150652082969482,0.0,0.6614831183229032,2.4980103844841235,0.24966839699790658,0.3637080092734179,0.30371717177360325,ETTm1,raw,64896,64992,raw:64896:3,mid,low
4,0.6166086391266742,0.2136309810992404,0.102010259416001,0.25,0.8893150270574481,2.4980103844841235,0.24966839699790658,0.3107499598806385,0.46299447468511823,ETTm1,raw,64896,64992,raw:64896:4,low,mid
5,0.43379943883501626,0.05039421828558563,0.7060132127565791,0.0,0.7137812702607679,2.4980103844841235,0.24966839699790658,0.3967356232923937,0.3211498890862248,ETTm1,raw,64896,64992,raw:64896:5,high,low
6,0.8761985669403914,0.25329964947855255,0.18606074813430099,0.125,0.7243352662771521,2.4980103844841235,0.24966839699790658,0.4385196548510817,0.36633455442501955,ETTm1,raw,64896,64992,raw:64896:6,high,mid
0,0.8661169127764283,0.005855719175845478,5.241930420706291e-05,0.0,0.27078994073041,2.2376239989736773,0.20627066615182843,0.29067501708549365,0.15902020229407948,ETTm1,raw,64992,65088,raw:64992:0,low,low
1,0.5677764690324912,0.09005030315982501,0.19116493612960725,0.125,0.7239042907636496,2.2376239989736773,0.20627066615182843,0.2829972361073078,0.3517249856384927,ETTm1,raw,64992,65088,raw:64992:1,low,low
2,0.8784489722864383,0.00501224375625902,0.00015287493583740825,0.0,0.2499556128219371,2.2376239989736773,0.20627066615182843,0.2945380303261782,0.1520754263245885,ETTm1,raw,64992,65088,raw:64992:2,low,low
3,0.9543530449493995,0.055867305513757744,0.23586701421786865,0.125,0.31412624084358143,2.2376239989736773,0.20627066615182843,0.41536245489367535,0.21513230233180328,ETTm1,raw,64992,65088,raw:64992:3,high,low
4,0.7781904102582082,0.16491482033197147,0.01519669437516395,0.125,0.8033718579194279,2.2376239989736773,0.20627066615182843,0.3194339749884479,0.3782141746904188,ETTm1,raw,64992,65088,raw:64992:4,mid,mid
5,0.07958362023159082,0.20793526983063199,0.37506041141459256,0.375,0.7510166298952023,2.2376239989736773,0.20627066615182843,0.22085976715893843,0.4440957653490103,ETTm1,raw,64992,65088,raw:64992:5,low,mid
6,0.9048600944961387,0.05409473417740048,0.1978073073340036,0.0,0.6619774168638395,2.2376239989736773,0.20627066615182843,0.38558737866918097,0.2894160276718893,ETTm1,raw,64992,65088,raw:64992:6,mid,low
0,0.7938908756939935,0.13916937455204392,0.2876693480387848,0.0,0.5842410359976776,2.866695472600694,0.3111159115815892,0.4069098660949408,0.2984523158597556,ETTm1,raw,65184,65280,raw:65184:0,high,low
1,0.5742648064943103,0.23430408887693693,0.11148364062271256,0.5,0.949790656727126,2.866695472600694,0.3111159115815892,0.3066841786646533,0.5869688561029051,ETTm1,raw,65184,65280,raw:65184:1,low,high
2,0.6693633260341305,0.0770780217597623,0.23457142378295032,0.0,0.5273167280041419,2.866695472600694,0.3111159115815892,0.32700425719228104,0.27947754652857704,ETTm1,raw,65184,65280,raw:65184:2,mid,low
3,0.6076138847608679,0.25244391573686253,0.17447352784827178,0.375,0.9528740050602914,2.866695472600694,0.3111159115815892,0.34484377611533407,0.5463299722139602,ETTm1,raw,65184,65280,raw:65184:3,mid,high
4,0.28281075052785354,0.17664080218765676,0.38461295242113064,0.25,0.5933855310130369,2.866695472600694,0.3111159115815892,0.281354835045547,0.38483381419820867,ETTm1,raw,65184,65280,raw:65184:4,low,mid
5,0.42335282172827193,0.1796301661926063,0.4735798113031479,0.125,0.7887719199768458,2.866695472600694,0.3111159115815892,0.3588542664080087,0.4082959438528117,ETTm1,raw,65184,65280,raw:65184:5,mid,mid
6,0.8991417402849387,0.05969620852511673,0.06202922221095032,0.0,0.5903115800822714,2.866695472600694,0.3111159115815892,0.3402890570070019,0.3004758305546202,ETTm1,raw,65184,65280,raw:65184:6,mid,low
0,0.6499509804913028,0.08645335120245534,0.10731426474386291,0.0,0.5791305961588086,3.516289195823468,0.4193815319382755,0.28123953214587366,0.33283737603236135,ETTm1,raw,65280,65376,raw:65280:0,low,low
1,0.8569941814982825,0.12017615693636303,0.07833588245643697,0.25,0.8567386044155614,3.516289195823468,0.4193815319382755,0.3518354069636942,0.5087067121179456,ETTm1,raw,65280,65376,raw:65280:1,mid,high
2,0.7754269440783514,0.10983098996837759,0.08964742161863183,0.0,0.6496649848532611,3.516289195823468,0.4193815319382755,0.32496845188845364,0.3563488389305122,ETTm1,raw,65280,65376,raw:65280:2,mid,low
3,0.7827879823918934,0.10224197502913729,0.051022119260943584,0.125,0.8565945699880266,3.516289195823468,0.4193815319382755,0.31201735889399146,0.46699203397543404,ETTm1,raw,65280,65376,raw:65280:3,low,mid
4,0.8955209819590099,0.2851335738702402,0.30461317853115977,0.25,0.7646278104354987,3.516289195823468,0.4193815319382755,0.4950892447868032,0.47800311412459134,ETTm1,raw,65280,65376,raw:65280:4,high,mid
5,0.42927834172399926,0.5776652720331714,0.15702586906132812,0.75,0.9252009513182458,3.516289195823468,0.4193815319382755,0.38798982760616624,0.6981941610855071,ETTm1,raw,65280,65376,raw:65280:5,mid,high
6,0.7788172929642689,0.15353850005909092,0.37747202242181216,0.125,0.7848213562058763,3.516289195823468,0.4193815319382755,0.4366092718150574,0.44306762938138394,ETTm1,raw,65280,65376,raw:65280:6,high,mid
0,0.8074183488769393,0.02750292858574701,0.12664783718698086,0.0,0.3269172181962544,2.820051665255017,0.3033419437035996,0.32052303821655576,0.21008638729995135,ETTm1,raw,65376,65472,raw:65376:0,mid,low
1,0.8283059363064831,0.5004218572725235,0.48392441026471067,0.375,0.8369977016996047,2.820051665255017,0.3033419437035996,0.6042174012812391,0.5051132151344014,ETTm1,raw,65376,65472,raw:65376:1,high,high
2,0.7002617383867314,0.018004724736111897,0.07338933750756631,0.0,0.2892659329773058,2.820051665255017,0.3033419437035996,0.2638852668768032,0.19753595889363515,ETTm1,raw,65376,65472,raw:65376:2,low,low
3,0.5271642648258896,0.19869175010466572,0.3704087135762994,0.375,0.9222070602331696,2.820051665255017,0.3033419437035996,0.3654215761689516,0.5335163346455897,ETTm1,raw,65376,65472,raw:65376:3,mid,high
4,0.6231129173908418,0.1037899907846031,0.8214267682533697,0.125,0.6551938684899594,2.820051665255017,0.3033419437035996,0.5161098921429382,0.3611786040645197,ETTm1,raw,65376,65472,raw:65376:4,high,mid
5,0.7685317747897634,0.028873090860982414,0.7154313791313823,0.125,0.7317044217439512,2.820051665255017,0.3033419437035996,0.5042787482607094,0.38668212181585027,ETTm1,raw,65376,65472,raw:65376:5,high,mid
6,0.8468760764552696,0.11411769467078323,0.09538615073005077,0.0,0.6575510419955144,2.820051665255017,0.3033419437035996,0.3521266406187012,0.32029766189970466,ETTm1,raw,65376,65472,raw:65376:6,mid,low
0,0.7568061265038659,0.03259997322456298,0.07187381223795251,0.0,0.37172875214810425,3.2207275313236514,0.3701212546037398,0.2870933039887938,0.24728333558394802,ETTm1,raw,65568,65664,raw:65568:0,low,low
1,0.6375618688120154,0.23982851879754186,0.4410576465316419,0.625,0.952305023176638,3.2207275313236514,0.3701212546037398,0.4394826780470664,0.6491420925934592,ETTm1,raw,65568,65664,raw:65568:1,high,high
2,0.8274661981779897,0.018400506770227303,0.05749693361600763,0.0,0.34245622899666256,3.2207275313236514,0.3701212546037398,0.3011212128547415,0.2375258278668008,ETTm1,raw,65568,65664,raw:65568:2,low,low
3,0.5359338968089116,0.2662216446666458,0.4696524784021683,0.5,0.9802246238370365,3.2207275313236514,0.3701212546037398,0.4239360066259086,0.6167819594802587,ETTm1,raw,65568,65664,raw:65568:3,high,high
4,0.1910857899656453,0.11884288431698406,0.7040967185689343,0.125,0.6385958222514703,3.2207275313236514,0.3701212546037398,0.33800846428385456,0.37790569228507004,ETTm1,raw,65568,65664,raw:65568:4,mid,mid
5,0.5527640665132586,0.11748158916870913,0.611026044236543,0.125,0.8000805160956123,3.2207275313236514,0.3701212546037398,0.42709056663950357,0.43173392356645063,ETTm1,raw,65568,65664,raw:65568:5,high,mid
6,0.7998814428989321,0.29599782132028984,0.46597353288136045,0.125,0.7290306491450411,3.2207275313236514,0.3701212546037398,0.5206175990335274,0.40805063458292695,ETTm1,raw,65568,65664,raw:65568:6,high,mid
0,0.7146672317431548,0.00815767103570591,0.0866803142934048,0.0,0.26207544241735947,3.289965590031049,0.38166093103573995,0.2698350723574218,0.21457879115103315,ETTm1,raw,65664,65760,raw:65664:0,low,low
1,0.8031363950275383,0.3340117278029766,0.059095919205240044,0.375,0.8500307017227808,3.289965590031049,0.38166093103573995,0.39874801401191834,0.5355638775861736,ETTm1,raw,65664,65760,raw:65664:1,high,high
2,0.7602354520933493,0.004400092584139679,0.06254289400716596,0.0,0.24703811513767815,3.289965590031049,0.38166093103573995,0.2757261462282183,0.2095663487244727,ETTm1,raw,65664,65760,raw:65664:2,low,low
3,0.7853902312771203,0.2447754714068417,0.19818192433685938,0.375,0.91136454224106,3.289965590031049,0.38166093103573995,0.40944920900694043,0.5560084910922666,ETTm1,raw,65664,65760,raw:65664:3,high,high
4,0.4357516152869847,0.09808750555257711,0.5217373851689516,0.625,0.9320673967963914,3.289965590031049,0.38166093103573995,0.3518588353361712,0.6462427759440438,ETTm1,raw,65664,65760,raw:65664:4,mid,high
5,0.6057186875971632,0.11236168774043662,0.5570380504445185,0.375,0.854813261037017,3.289965590031049,0.38166093103573995,0.4250394752607061,0.5371580640242523,ETTm1,raw,65664,65760,raw:65664:5,high,high
6,0.32414806215114444,0.24147441992808452,0.05225032433342015,0.25,0.8093283462146945,3.289965590031049,0.38166093103573995,0.20595760213754968,0.48032975908347814,ETTm1,raw,65664,65760,raw:65664:6,low,mid
0,0.7472516457074398,0.09724519043169035,0.13571689364749437,0.0,0.5264253203111903,2.4210334263302196,0.2368389039936384,0.32673790992887486,0.25442140810160957,ETTm1,raw,65856,65952,raw:65856:0,mid,low
1,0.6146508387222782,0.3732809873819044,0.13453928691510258,0.5,0.9260045944018742,2.4210334263302196,0.2368389039936384,0.3741570376730951,0.5542811661318375,ETTm1,raw,65856,65952,raw:65856:1,mid,high
2,0.6214756385485599,0.09504250349232421,0.22517292861568594,0.0,0.5329419035280267,2.4210334263302196,0.2368389039936384,0.31389702355219,0.2565936025072217,ETTm1,raw,65856,65952,raw:65856:2,low,low
3,0.721117459838171,0.4655563192153501,0.1912999315811502,0.75,0.9638063211005151,2.4210334263302196,0.2368389039936384,0.4593245702115571,0.6502150750313845,ETTm1,raw,65856,65952,raw:65856:3,high,high
4,0.9368991906969907,0.22060154754745115,0.006577413417371081,0.625,0.9433728437055439,2.4210334263302196,0.2368389039936384,0.38802605055393763,0.6017372492330607,ETTm1,raw,65856,65952,raw:65856:4,mid,high
5,0.7637524940988369,0.19256583429403076,0.2883154300649967,0.375,0.9479409885932557,2.4210334263302196,0.2368389039936384,0.4148779194859548,0.5199266308622981,ETTm1,raw,65856,65952,raw:65856:5,high,high
6,0.9732481479719374,0.084866452035397,0.48619403267502687,0.125,0.7279802930999163,2.4210334263302196,0.2368389039936384,0.5147695442274537,0.36327306569785156,ETTm1,raw,65856,65952,raw:65856:6,high,mid
0,0.9324322194194123,0.20722637057444865,0.011319657580294648,0.125,0.732883303840866,4.186243208678833,0.5310405338947379,0.3836594158580519,0.4629746125785346,ETTm1,raw,65952,66048,raw:65952:0,mid,mid
1,0.7660541672087802,0.3833574328174529,0.14687245554549025,0.75,0.9416994711025454,4.186243208678833,0.5310405338947379,0.4320946851905745,0.7409133349990945,ETTm1,raw,65952,66048,raw:65952:1,high,high
2,0.8843923576300814,0.13666468092585116,0.048145760653107904,0.25,0.7652455185421942,4.186243208678833,0.5310405338947379,0.3564009330696802,0.515428684145644,ETTm1,raw,65952,66048,raw:65952:2,mid,high
3,0.8254547413487203,0.3993313991280615,0.3405049694880348,0.75,0.9249699950855279,4.186243208678833,0.5310405338947379,0.5217637033216055,0.735336842993422,ETTm1,raw,65952,66048,raw:65952:3,high,high
4,0.9344695129828381,0.19484430560949736,0.005227876978323399,0.625,0.9491722953888673,4.186243208678833,0.5310405338947379,0.37818056519021964,0.7017376097612017,ETTm1,raw,65952,66048,raw:65952:4,mid,high
5,0.5647248467093122,0.10671374144806484,0.19444344657440707,0.75,0.8901345147308266,4.186243208678833,0.5310405338947379,0.28862734491059466,0.7237250162085216,ETTm1,raw,65952,66048,raw:65952:5,low,high
6,0.7413013649271908,0.2435677171450849,0.8759324843964784,0.5,0.9313820242629641,4.186243208678833,0.5310405338947379,0.620267188822918,0.6541408527192341,ETTm1,raw,65952,66048,raw:65952:6,high,high
0,0.7453983204876999,0.1239485901606531,0.048858865541067095,0.0,0.6368977710710807,3.9588737564395573,0.4931456252513502,0.30606859206314,0.376681132107477,ETTm1,raw,66144,66240,raw:66144:0,low,mid
1,0.6900860366537735,0.32709551931145214,0.12556160744814143,1.0,0.9687341902644169,3.9588737564395573,0.4931456252513502,0.3809143878044557,0.8206266051719223,ETTm1,raw,66144,66240,raw:66144:1,mid,high
2,0.40891444339256067,0.09109641481947736,0.08393883999730127,0.0,0.5794342062992099,3.9588737564395573,0.4931456252513502,0.19464989940311309,0.35752661051685336,ETTm1,raw,66144,66240,raw:66144:2,low,low
3,0.7086134929874712,0.3297326263297493,0.19694190005164114,1.0,0.9754388322289562,3.9588737564395573,0.4931456252513502,0.41176267312295395,0.8228614858267688,ETTm1,raw,66144,66240,raw:66144:3,high,high
4,0.8972140596044251,0.22374058384298168,0.007873069014120975,0.5,0.9026401958858676,3.9588737564395573,0.4931456252513502,0.37627590415384254,0.6319286070457393,ETTm1,raw,66144,66240,raw:66144:4,mid,high
5,0.2579403203691618,0.20308763642892666,0.6775299987555057,0.375,0.8957229721108212,3.9588737564395573,0.4931456252513502,0.3795193185178647,0.5879561991207238,ETTm1,raw,66144,66240,raw:66144:5,mid,high
6,0.5704053820629373,0.17471522487658608,0.15299462987176435,0.125,0.8607369029187555,3.9588737564395573,0.4931456252513502,0.2993717456037626,0.49296084272336854,ETTm1,raw,66144,66240,raw:66144:6,low,mid
0,0.7846720734428577,0.10351425553699203,0.09733921523058646,0.0,0.8167470272891542,2.87382688292518,0.3123044799670225,0.32850851473681203,0.37635050241872553,ETTm1,raw,66240,66336,raw:66240:0,mid,mid
1,0.7462650316250907,0.3580717241320316,0.03918976938335475,0.5,0.970086836849033,2.87382688292518,0.3123044799670225,0.38117550838015896,0.5941304389386851,ETTm1,raw,66240,66336,raw:66240:1,mid,high
2,0.7155934461592657,0.12459352721211744,0.0969098846240166,0.0,0.6792862613626294,2.87382688292518,0.3123044799670225,0.3123656193317999,0.33053024710988393,ETTm1,raw,66240,66336,raw:66240:2,low,low
3,0.7653643651432319,0.3255667016924317,0.031500001791739465,0.375,0.9467292800463728,2.87382688292518,0.3123044799670225,0.3741436895424677,0.544677920004465,ETTm1,raw,66240,66336,raw:66240:3,mid,high
4,0.9205340260677852,0.2515614554885314,0.040320146772253415,0.625,0.9209579227335594,2.87382688292518,0.3123044799670225,0.40413854277619005,0.6194208009001939,ETTm1,raw,66240,66336,raw:66240:4,high,high
5,0.8788041081959437,0.19370861648909976,0.0551920320662824,0.25,0.8364754774963457,2.87382688292518,0.3123044799670225,0.3759015855837753,0.4662599858211227,ETTm1,raw,66240,66336,raw:66240:5,mid,mid
6,0.524801179895737,0.1459356380944828,0.4531437188423601,0.125,0.7983270011343487,2.87382688292518,0.3123044799670225,0.37462684561085996,0.4118771603671238,ETTm1,raw,66240,66336,raw:66240:6,mid,mid
0,0.6840614442629198,0.009557028634533955,0.0055060037610187495,0.0,0.32678726939670444,3.2162763327863,0.3693793881820844,0.23304149221949086,0.23205555252626295,ETTm1,raw,66336,66432,raw:66336:0,low,low
1,0.8835363753215778,0.262424174220664,0.1999975918292546,0.5,0.9700266913470489,3.2162763327863,0.3693793881820844,0.4486527137904988,0.6131353598430443,ETTm1,raw,66336,66432,raw:66336:1,high,high
2,0.7027020423167851,0.00633893296148323,0.010368336576544986,0.0,0.2901843975300044,3.2162763327863,0.3693793881820844,0.23980310395160445,0.21985459523736295,ETTm1,raw,66336,66432,raw:66336:2,low,low
3,0.8607326869938373,0.2250083983915637,0.234782252086008,0.875,0.9668134147406641,3.2162763327863,0.3693793881820844,0.44017444582380305,0.7370642676409161,ETTm1,raw,66336,66432,raw:66336:3,high,high
4,0.8979613080680967,0.16864748662181733,0.005206054200405563,0.5,0.8959068129571296,3.2162763327863,0.3693793881820844,0.35727161629677323,0.5884287337130714,ETTm1,raw,66336,66432,raw:66336:4,mid,high
5,0.5301438650189727,0.29533796727319517,0.12524198327146246,0.5,0.9112376129984507,3.2162763327863,0.3693793881820844,0.31690793852121013,0.5935390003935117,ETTm1,raw,66336,66432,raw:66336:5,mid,high
6,0.7285715340438139,0.06698227652237859,0.052473490168609,0.125,0.5959411680239073,3.2162763327863,0.3693793881820844,0.2826757669116005,0.36344018540199724,ETTm1,raw,66336,66432,raw:66336:6,low,mid
0,0.6716831100061752,0.10527719583789091,0.06922187076457541,0.0,0.5992280012673958,3.024317735271303,0.3373862886495733,0.28206072553621386,0.3122047633056564,ETTm1,raw,66528,66624,raw:66528:0,low,low
1,0.8625654374066603,0.1751544708060667,0.055914254321500614,0.25,0.8786670656621626,3.024317735271303,0.3373862886495733,0.3645447208447425,0.48868445143724526,ETTm1,raw,66528,66624,raw:66528:1,mid,mid
2,0.6503292668452731,0.11562818552850711,0.1258808616840009,0.0,0.5867008234546103,3.024317735271303,0.3373862886495733,0.2972794380192604,0.3080290373680612,ETTm1,raw,66528,66624,raw:66528:2,low,low
3,0.8690235356568509,0.17947558790637885,0.05383308375688653,0.125,0.9206953036984072,3.024317735271303,0.3373862886495733,0.3674440691067054,0.4610271974493268,ETTm1,raw,66528,66624,raw:66528:3,mid,mid
4,0.9307507526391758,0.3080945790899532,0.02453826257958174,0.625,0.8813292377519674,3.024317735271303,0.3373862886495733,0.42112786476957026,0.614571842133847,ETTm1,raw,66528,66624,raw:66528:4,high,high
5,0.7228131982990902,0.2980209539094021,0.18135848110619165,0.375,0.6746874478079135,3.024317735271303,0.3373862886495733,0.4007308777715613,0.4623579121524956,ETTm1,raw,66528,66624,raw:66528:5,high,mid
6,0.8790656337600892,0.08314020115137194,0.604760563136003,0.125,0.7116433470318196,3.024317735271303,0.3373862886495733,0.5223221326824881,0.3913432118937976,ETTm1,raw,66528,66624,raw:66528:6,high,mid
0,0.25317917774820764,0.13430952074784142,0.3160187461956421,0.125,0.708960955267096,3.025995751056304,0.33766595794660736,0.23450248156389705,0.3905423044045678,ETTm1,raw,66624,66720,raw:66624:0,low,mid
1,0.26785061677227195,0.04592512649439558,0.24181706913689988,0.125,0.7089859206213966,3.025995751056304,0.33766595794660736,0.18519760413452246,0.3905506261893346,ETTm1,raw,66624,66720,raw:66624:1,low,mid
2,0.35213092491858156,0.21335599167601044,0.336612380918712,0.25,0.6802700678762197,3.025995751056304,0.33766595794660736,0.300699765837768,0.4226453419409424,ETTm1,raw,66624,66720,raw:66624:2,low,mid
3,0.41541011829840613,0.11404133420353832,0.4914789572945215,0.125,0.8224489379830858,3.025995751056304,0.33766595794660736,0.340310136598822,0.4283716319765644,ETTm1,raw,66624,66720,raw:66624:3,mid,mid
4,0.7477260023824438,0.32399422562573804,0.03188749635870461,0.625,0.9129104379163309,3.025995751056304,0.33766595794660736,0.3678692414556288,0.6251921319543127,ETTm1,raw,66624,66720,raw:66624:4,mid,high
5,0.42420833405470215,0.04849119507878351,0.2677445413461426,0.125,0.5549681253540864,3.025995751056304,0.33766595794660736,0.2468146901598761,0.3392113611002312,ETTm1,raw,66624,66720,raw:66624:5,low,low
6,0.8204956058472379,0.3707793918905078,0.20562858627229008,0.625,0.9376309863666376,3.025995751056304,0.33766595794660736,0.4656345280033453,0.6334323147710816,ETTm1,raw,66624,66720,raw:66624:6,high,high
0,0.6026800314785091,0.09002186717204497,0.20001461244870306,0.0,0.4164809681674277,3.7453292179409803,0.45755486889423863,0.2975721703664191,0.29134527902055546,ETTm1,raw,66816,66912,raw:66816:0,low,low
1,0.5960707964463205,0.11080449087134495,0.1328948164007513,0.375,0.9071186882171994,3.7453292179409803,0.45755486889423863,0.2799233679061389,0.5798911857038126,ETTm1,raw,66816,66912,raw:66816:1,low,high
2,0.4988473385118328,0.08784893441467484,0.14510936524999574,0.0,0.40056964623906205,3.7453292179409803,0.45755486889423863,0.24393521272550114,0.28604150504443354,ETTm1,raw,66816,66912,raw:66816:2,low,low
3,0.5963381508288886,0.1409024955377489,0.4243949251280754,0.625,0.9722915706386387,3.7453292179409803,0.45755486889423863,0.3872118571649043,0.6849488131776259,ETTm1,raw,66816,66912,raw:66816:3,mid,high
4,0.4332605318888636,0.23518743312455076,0.5613743170113138,0.625,0.8910874804070156,3.7453292179409803,0.45755486889423863,0.4099407606749093,0.6578807831004181,ETTm1,raw,66816,66912,raw:66816:4,high,high
5,0.6431332533781976,0.11819085580009117,0.007289315109184638,0.0,0.6518461589967774,3.7453292179409803,0.45755486889423863,0.25620447476249114,0.3698003426303387,ETTm1,raw,66816,66912,raw:66816:5,low,mid
6,0.6211757810021996,0.5017072088896495,0.23273830488050112,0.0,0.7708217589597708,3.7453292179409803,0.45755486889423863,0.45187376492411674,0.40945887595133645,ETTm1,raw,66816,66912,raw:66816:6,high,mid
0,0.7780083391788324,0.2261827768399753,0.05251035030599056,0.125,0.5037280882412534,2.479601858468925,0.24660030933382032,0.3522338221082661,0.29177613252502455,ETTm1,raw,66912,67008,raw:66912:0,mid,low
1,0.7644089604180216,0.21992343772677048,0.0840371908243461,0.5,0.9143754516632485,2.479601858468925,0.24660030933382032,0.35612319632304607,0.5536585869990229,ETTm1,raw,66912,67008,raw:66912:1,mid,high
2,0.6212445357446128,0.15726208438801464,0.05679485460391887,0.0,0.49057812945945717,2.479601858468925,0.24660030933382032,0.2784338249121821,0.24572614626442582,ETTm1,raw,66912,67008,raw:66912:2,low,low
3,0.7958709750062527,0.3494709210522752,0.10353714303079235,0.375,0.947171973363881,2.479601858468925,0.24660030933382032,0.41629301302977345,0.5229240942325671,ETTm1,raw,66912,67008,raw:66912:3,high,high
4,0.9231111834120216,0.24026188856583058,0.012417564652606468,0.25,0.8104004610323714,2.479601858468925,0.24660030933382032,0.3919302122101529,0.4356669234553972,ETTm1,raw,66912,67008,raw:66912:4,high,mid
5,0.10984069677008412,0.4354057641025025,0.4818851120815708,0.5,0.944473671164288,2.479601858468925,0.24660030933382032,0.34237719098471914,0.5636913268327027,ETTm1,raw,66912,67008,raw:66912:5,mid,high
6,0.5898854186339568,0.028470084858044524,0.11952083606825412,0.0,0.4134395997912865,2.479601858468925,0.24660030933382032,0.2459587798534185,0.22001330304170227,ETTm1,raw,66912,67008,raw:66912:6,low,low
0,0.7473912940539658,0.092368122322539,0.04599186148160089,0.0,0.44834908199441903,2.9990763526950164,0.3331793915605371,0.29525042595270184,0.2605094911849854,ETTm1,raw,67008,67104,raw:67008:0,low,low
1,0.8156694908413116,0.1637764000611367,0.07829905666234964,0.25,0.874784563633181,2.9990763526950164,0.3331793915605371,0.352581649188266,0.48598798506457275,ETTm1,raw,67008,67104,raw:67008:1,mid,mid
2,0.6184414375287584,0.08016453499021445,0.07826601623619306,0.0,0.4021144882525271,2.9990763526950164,0.3331793915605371,0.2589573295850553,0.24509795993768804,ETTm1,raw,67008,67104,raw:67008:2,low,low
3,0.7651012243959445,0.15299590096083382,0.1300790807997424,0.125,0.90681530565606,2.9990763526950164,0.3331793915605371,0.34939206871884027,0.4549982324055324,ETTm1,raw,67008,67104,raw:67008:3,mid,mid
4,0.9140048759424938,0.16550954287176134,0.019613170045310924,0.25,0.9143468558372784,2.9990763526950164,0.3331793915605371,0.36637586295318864,0.4991754157992719,ETTm1,raw,67008,67104,raw:67008:4,mid,mid
5,0.5760260413150087,0.3504985487878334,0.4290333834575786,1.0,0.9311354544152418,2.9990763526950164,0.3331793915605371,0.45185265785347356,0.7547716153252596,ETTm1,raw,67008,67104,raw:67008:5,high,high
6,0.603225401684398,0.0506130050956155,0.042232846800110115,0.0,0.5046602389083712,2.9990763526950164,0.3331793915605371,0.2320237511933745,0.27927987682296945,ETTm1,raw,67008,67104,raw:67008:6,low,low
0,0.6506654717969327,0.04835111894761243,0.06823092319789915,0.0,0.36431196481192973,2.912266234813395,0.3187110386043808,0.2557491713141481,0.2276743344721035,ETTm1,raw,67200,67296,raw:67200:0,low,low
1,0.8015622642525859,0.4121608049780971,0.17078331443383282,0.625,0.9843608597665238,2.912266234813395,0.3187110386043808,0.46150212788817196,0.6426906327903016,ETTm1,raw,67200,67296,raw:67200:1,high,high
2,0.2652989773367058,0.03565305413870558,0.21813545929917527,0.0,0.33677882871139353,2.912266234813395,0.3187110386043808,0.17302916359152887,0.21849662243859144,ETTm1,raw,67200,67296,raw:67200:2,low,low
3,0.6843659271793043,0.3154714111722664,0.3067748541785317,0.625,0.9639818123369918,2.912266234813395,0.3187110386043808,0.4355373975100341,0.6358976169804575,ETTm1,raw,67200,67296,raw:67200:3,high,high
4,0.909880563495467,0.26914338685793154,0.04367443189673826,0.625,0.9305950563309644,2.912266234813395,0.3187110386043808,0.40756612741671233,0.6247686983117817,ETTm1,raw,67200,67296,raw:67200:4,high,high
5,0.7156644234741192,0.14581211369250008,0.547038293315052,0.5,0.9109981752980361,2.912266234813395,0.3187110386043808,0.46950494349389044,0.5765697379674722,ETTm1,raw,67200,67296,raw:67200:5,high,high
6,0.8638812095216027,0.1325875654551673,0.08054600945068084,0.125,0.6524696237751376,2.912266234813395,0.3187110386043808,0.35900492814248364,0.36539355412650615,ETTm1,raw,67200,67296,raw:67200:6,mid,mid
0,0.4902389630043922,0.04314767873526829,0.2334559242861488,0.0,0.43243132516372235,3.160772560361658,0.36012875946006173,0.25561418867526975,0.26418669487459473,ETTm1,raw,67296,67392,raw:67296:0,low,low
1,0.924357242092164,0.3300520889423093,0.10569233026548197,0.25,0.9232990140267651,3.160772560361658,0.36012875946006173,0.4533672204333184,0.5111425911622757,ETTm1,raw,67296,67392,raw:67296:1,high,high
2,0.6576994554669211,0.023990946694800248,0.3000713955755385,0.0,0.36675355561722467,3.160772560361658,0.36012875946006173,0.32725393257908664,0.24229410502576212,ETTm1,raw,67296,67392,raw:67296:2,mid,low
3,0.8016745910123586,0.2977371398615682,0.12340023794248088,0.375,0.9049819524351823,3.160772560361658,0.36012875946006173,0.40760398960546923,0.546703570631748,ETTm1,raw,67296,67392,raw:67296:3,high,high
4,0.9059732694994083,0.3082041422134729,0.036108171625957274,0.5,0.924306349605309,3.160772560361658,0.36012875946006173,0.41676186111294616,0.5948117030217902,ETTm1,raw,67296,67392,raw:67296:4,high,high
5,0.5386343256597376,0.08819780378838409,0.45821659244470736,0.125,0.7998280142208145,3.160772560361658,0.36012875946006173,0.3616829072976097,0.4283189245602921,ETTm1,raw,67296,67392,raw:67296:5,mid,mid
6,0.709904384309785,0.10279593713906718,0.06883274291099817,0.25,0.7664752449875046,3.160772560361658,0.36012875946006173,0.2938443547866168,0.45886800148252216,ETTm1,raw,67296,67392,raw:67296:6,low,mid
0,0.7697638868951497,0.06666749762549685,0.06401122012284002,0.0,0.43576492781712933,2.7898315846232253,0.29830526360669546,0.3001475348811622,0.2446900638079416,ETTm1,raw,67488,67584,raw:67488:0,low,low
1,0.8361357395733132,0.1943798225258463,0.1869766279286025,0.625,0.933642396835849,2.7898315846232253,0.29830526360669546,0.405830730009254,0.6189825534808481,ETTm1,raw,67488,67584,raw:67488:1,high,high
2,0.7106409914436855,0.04853116794143826,0.13811535732515584,0.0,0.4254012803960134,2.7898315846232253,0.29830526360669546,0.29909583890342656,0.24123551466756962,ETTm1,raw,67488,67584,raw:67488:2,low,low
3,0.7922531073653833,0.26210051516861976,0.15021918908682166,0.5,0.9450379063299439,2.7898315846232253,0.29830526360669546,0.4015242705402749,0.5811143899788798,ETTm1,raw,67488,67584,raw:67488:3,high,high
4,0.9499686464204321,0.24264859404725866,0.0034891496137379615,0.375,0.9219750565507011,2.7898315846232253,0.29830526360669546,0.3987021300271429,0.5317601067191322,ETTm1,raw,67488,67584,raw:67488:4,high,high
5,0.5349532524971596,0.28783665059496927,0.10969612077352517,0.5,0.8641290699423148,2.7898315846232253,0.29830526360669546,0.3108286746218847,0.5541447778496701,ETTm1,raw,67488,67584,raw:67488:5,low,high
6,0.3355273221822147,0.08599359503371977,0.017309243768072437,0.125,0.45775361317546975,2.7898315846232253,0.29830526360669546,0.1462767203280023,0.29368629226072174,ETTm1,raw,67488,67584,raw:67488:6,low,low
0,0.6675354766083614,0.034462225280878216,0.3991807709445971,0.0,0.5088283451291639,3.3104934017136536,0.38508223297713856,0.36705949094461227,0.2979701927021008,ETTm1,raw,67584,67680,raw:67584:0,mid,low
1,0.8431784526209902,0.21756909718615125,0.1294771519644043,0.625,0.9363702683638078,3.3104934017136536,0.38508223297713856,0.3967415672571819,0.6488175004469822,ETTm1,raw,67584,67680,raw:67584:1,high,high
2,0.6322045369155009,0.037804460386626604,0.6054183789522473,0.0,0.4920713842486525,3.3104934017136536,0.38508223297713856,0.4251424587514583,0.2923845390752637,ETTm1,raw,67584,67680,raw:67584:2,high,low
3,0.8551710519401576,0.3401214155283593,0.14305652031386248,0.5,0.9311822446808645,3.3104934017136536,0.38508223297713856,0.4461163292607932,0.6054214925526678,ETTm1,raw,67584,67680,raw:67584:3,high,high
4,0.925953511940508,0.25016878520094776,0.011084425324012324,0.375,0.9195530034890442,3.3104934017136536,0.38508223297713856,0.39573557415515603,0.5598784121553942,ETTm1,raw,67584,67680,raw:67584:4,high,high
5,0.45088710124569387,0.21285323061899947,0.09103025818294316,0.625,0.8972191981896998,3.3104934017136536,0.38508223297713856,0.2515901966825455,0.6357671437222795,ETTm1,raw,67584,67680,raw:67584:5,low,high
6,0.8656455567222183,0.29830490093646195,0.4820290586188041,0.125,0.62407385048623,3.3104934017136536,0.38508223297713856,0.5486598387591615,0.37805202782112285,ETTm1,raw,67584,67680,raw:67584:6,high,mid
0,0.6707513773426275,0.06399372287034735,0.32431331827703413,0.0,0.4154653975643863,2.824897705782385,0.3041496171234815,0.35301947283000296,0.23987167156262257,ETTm1,raw,67776,67872,raw:67776:0,mid,low
1,0.868701109393258,0.17795345429914952,0.06593753280523944,0.375,0.9646542023033439,2.824897705782385,0.3041496171234815,0.37086403216588226,0.5479346064756084,ETTm1,raw,67776,67872,raw:67776:1,mid,high
2,0.6524373106029471,0.05809729351844341,0.501018269401478,0.0,0.3690469976811949,2.824897705782385,0.3041496171234815,0.40385095784095615,0.2243988716015588,ETTm1,raw,67776,67872,raw:67776:2,high,low
3,0.8979455320128553,0.22531549095481096,0.060201951390104695,0.75,0.9580952085251887,2.824897705782385,0.3041496171234815,0.39448765811925696,0.6707482752162234,ETTm1,raw,67776,67872,raw:67776:3,high,high
4,0.6342529147784557,0.36129203805665544,0.22531880071219745,0.375,0.8235115615407113,2.824897705782385,0.3041496171234815,0.40695458451576955,0.5008870595547309,ETTm1,raw,67776,67872,raw:67776:4,high,mid
5,0.6723799892406825,0.07591499785931788,0.2867650924824518,0.25,0.8684332470334551,2.824897705782385,0.3041496171234815,0.3450200265274841,0.4741942880523122,ETTm1,raw,67776,67872,raw:67776:5,mid,mid
6,0.8812820655051513,0.06897558644632393,0.1606393595384356,0.0,0.508846653256242,2.824897705782385,0.3041496171234815,0.3702990038299703,0.2709987567932412,ETTm1,raw,67776,67872,raw:67776:6,mid,low
0,0.5908630760930251,0.09159249765537998,0.14624243551518165,0.125,0.6464053736654193,3.2290350907191483,0.37150584783401497,0.2762326697545289,0.38097040716647806,ETTm1,raw,67872,67968,raw:67872:0,low,mid
1,0.8376859890372929,0.16687747243365153,0.22985591376138623,0.625,0.9198148118133928,3.2290350907191483,0.37150584783401497,0.41147312507744355,0.6387735532158025,ETTm1,raw,67872,67968,raw:67872:1,high,high
2,0.4673085747545087,0.10088851925376625,0.18249706764155474,0.125,0.6457659167259526,3.2290350907191483,0.37150584783401497,0.2502313872166099,0.3807572548533225,ETTm1,raw,67872,67968,raw:67872:2,low,mid
3,0.7996861001751426,0.40739263981766916,0.5118880599455107,0.5,0.8629749542152196,3.2290350907191483,0.37150584783401497,0.5729889333127741,0.5781602673497449,ETTm1,raw,67872,67968,raw:67872:3,high,high
4,0.8979721198386809,0.15865086644245371,0.011459129995066934,0.5,0.9285170591730136,3.2290350907191483,0.37150584783401497,0.3560273720920672,0.6000076356690095,ETTm1,raw,67872,67968,raw:67872:4,mid,high
5,0.6462761788177203,0.27271149418987944,0.321812413421584,0.5,0.9504076532881801,3.2290350907191483,0.37150584783401497,0.4136000288097279,0.607304500374065,ETTm1,raw,67872,67968,raw:67872:5,high,high
6,0.7856611620649852,0.07525201805449552,0.7044792099288874,0.0,0.7512913727361871,3.2290350907191483,0.37150584783401497,0.521797463349456,0.3742657401900673,ETTm1,raw,67872,67968,raw:67872:6,high,mid
0,0.576434414315494,0.2159285101629755,0.10254280087791617,0.125,0.6920216341264842,3.3087665782577576,0.3847944290683022,0.29830190845212856,0.4006053543982621,ETTm1,raw,67968,68064,raw:67968:0,low,mid
1,0.8637387028189537,0.07491978542063005,0.06418409356731573,0.625,0.8508663482977449,3.3087665782577576,0.3847944290683022,0.33428086060229983,0.6202202591220156,ETTm1,raw,67968,68064,raw:67968:1,mid,high
2,0.45576424837553287,0.25878077273485983,0.15446856170391066,0.0,0.709052380800814,3.3087665782577576,0.3847944290683022,0.28967119427143445,0.36461560328970544,ETTm1,raw,67968,68064,raw:67968:2,low,mid
3,0.7981676561797088,0.11439388856837136,0.12281366054723782,0.25,0.8349262867141053,3.3087665782577576,0.3847944290683022,0.34512506843177265,0.48990690526080244,ETTm1,raw,67968,68064,raw:67968:3,mid,mid
4,0.9404996605064735,0.11583534103751886,0.00605930884128617,0.25,0.9088010889097863,3.3087665782577576,0.3847944290683022,0.3541314367950928,0.5145318393260294,ETTm1,raw,67968,68064,raw:67968:4,mid,high
5,0.8670715085793446,0.3308423525644285,0.14119667336170766,0.75,0.8173992549183818,3.3087665782577576,0.3847944290683022,0.4463701781684935,0.6507312279955614,ETTm1,raw,67968,68064,raw:67968:5,high,high
6,0.9150903913578105,0.0541322784980301,0.44684391000586365,0.0,0.6508217206971761,3.3087665782577576,0.3847944290683022,0.47202219328723477,0.3452053832551594,ETTm1,raw,67968,68064,raw:67968:6,high,low
0,0.7852589249964516,0.018656105739035544,0.0036730623916324573,0.0,0.27916301251363373,3.020106595525111,0.3366844320263778,0.26919603104237316,0.20528248151333717,ETTm1,raw,68160,68256,raw:68160:0,low,low
1,0.41850357954261097,0.05551199497981943,0.5671996787422183,0.5,0.9058314321952623,3.020106595525111,0.3366844320263778,0.3470717510882162,0.5808386214072133,ETTm1,raw,68160,68256,raw:68160:1,mid,high
2,0.806081967122728,0.013020283250937278,0.0034601351980953396,0.0,0.25218038883680705,3.020106595525111,0.3366844320263778,0.2741874618572535,0.1962882736210616,ETTm1,raw,68160,68256,raw:68160:2,low,low
3,0.46740275265262243,0.1239748227303262,0.34075134714590866,0.125,0.9226195945595476,3.020106595525111,0.3366844320263778,0.31070964084295244,0.46143467552864176,ETTm1,raw,68160,68256,raw:68160:3,low,mid
4,0.8543416935482299,0.15247781094757545,0.022005559156301615,0.5,0.9313211554541277,3.020106595525111,0.3366844320263778,0.3429416878840356,0.5893351958268352,ETTm1,raw,68160,68256,raw:68160:4,mid,high
5,0.6032645694756414,0.16751487305607626,0.35101411461949206,1.0,0.9454316705409911,3.020106595525111,0.3366844320263778,0.37393118571706996,0.7607053675224563,ETTm1,raw,68160,68256,raw:68160:5,mid,high
6,0.8213574814873708,0.34573847495956617,0.1261879066041741,0.0,0.62880276864995,3.020106595525111,0.3366844320263778,0.431094621017037,0.3218290668921093,ETTm1,raw,68160,68256,raw:68160:6,high,low
0,0.7161699346449277,0.008719194038835375,0.04101828006919974,0.0,0.26174136313046115,3.527455727053196,0.42124262047346167,0.25530246958432096,0.2276613278679743,ETTm1,raw,68256,68352,raw:68256:0,low,low
1,0.7049234803123126,0.6430377064600861,0.6767521348261822,0.75,0.932970057015749,3.527455727053196,0.42124262047346167,0.6749044405328603,0.7014042258297369,ETTm1,raw,68256,68352,raw:68256:1,high,high
2,0.6980733070962715,0.00822520131728122,0.03210854748849266,0.0,0.24867418201367192,3.527455727053196,0.42124262047346167,0.24613568530068178,0.22330560082904452,ETTm1,raw,68256,68352,raw:68256:2,low,low
3,0.6461466835209213,0.297929235974726,0.5096235792862358,0.875,0.9305675748061499,3.527455727053196,0.42124262047346167,0.4845664995939611,0.7422700650932038,ETTm1,raw,68256,68352,raw:68256:3,high,high
4,0.5865166435304994,0.4919842145857613,0.3075803619162262,0.625,0.9590575259118744,3.527455727053196,0.42124262047346167,0.46202707334416226,0.6684333821284455,ETTm1,raw,68256,68352,raw:68256:4,high,high
5,0.5967190848844487,0.19687997586138967,0.38288203205401056,0.0,0.646829205959607,3.527455727053196,0.42124262047346167,0.39216036426661627,0.35602394214435623,ETTm1,raw,68256,68352,raw:68256:5,high,low
6,0.8585398384481107,0.6379561177105985,0.25293837428596394,0.125,0.567813233163513,3.527455727053196,0.42124262047346167,0.583144776814891,0.3713519512123249,ETTm1,raw,68256,68352,raw:68256:6,high,mid
0,0.5732723412398111,0.02714008364973674,0.014700870180196647,0.0,0.29906945042782385,3.1036055719619378,0.3506009280759881,0.20503776502324814,0.21655679283460397,ETTm1,raw,68448,68544,raw:68448:0,low,low
1,0.8395258211083878,0.181242238441912,0.13877132079378202,0.25,0.9495708540358261,3.1036055719619378,0.3506009280759881,0.38651312678136057,0.5167239273706047,ETTm1,raw,68448,68544,raw:68448:1,mid,high
2,0.582602766277973,0.015652309952188522,0.042810709238206325,0.0,0.2712503686318596,3.1036055719619378,0.3506009280759881,0.2136885951561226,0.20728376556928255,ETTm1,raw,68448,68544,raw:68448:2,low,low
3,0.7520227958859721,0.3437721988451172,0.24902071126548,0.5,0.9629757733711942,3.1036055719619378,0.3506009280759881,0.4482719019988564,0.6045255671490608,ETTm1,raw,68448,68544,raw:68448:3,high,high
4,0.8470868735492413,0.15442297258148835,0.023216911152415524,0.5,0.9061252933519727,3.1036055719619378,0.3506009280759881,0.34157558576104835,0.5855754071426537,ETTm1,raw,68448,68544,raw:68448:4,mid,high
5,0.6088748488545552,0.1945518858801716,0.18090244783016296,0.75,0.971687121624323,3.1036055719619378,0.3506009280759881,0.3281097275216299,0.6907626832334369,ETTm1,raw,68448,68544,raw:68448:5,mid,high
6,0.8307260145561062,0.6266521340545361,0.37254767707620895,0.125,0.7110392569377653,3.1036055719619378,0.3506009280759881,0.6099752752289503,0.39554672833791776,ETTm1,raw,68448,68544,raw:68448:6,high,mid
0,0.6522370913249647,0.01897674597963813,0.1480300427718728,0.0,0.3104562463870554,3.285517336149857,0.38091955539011024,0.2730812933588252,0.23045860059238854,ETTm1,raw,68544,68640,raw:68544:0,low,low
1,0.8557271317470438,0.20075779501554827,0.43729131409802613,0.25,0.8664158052767076,3.285517336149857,0.38091955539011024,0.4979254136202061,0.49911178688893926,ETTm1,raw,68544,68640,raw:68544:1,high,mid
2,0.49825137616444537,0.023112248604399005,0.19280862569864987,0.0,0.3111651987901325,3.285517336149857,0.38091955539011024,0.23805741682249806,0.2306949180600809,ETTm1,raw,68544,68640,raw:68544:2,low,low
3,0.7417754175572027,0.2956612642833528,0.44577021347987206,0.5,0.8110213038490602,3.285517336149857,0.38091955539011024,0.49440229844014255,0.5639802864130569,ETTm1,raw,68544,68640,raw:68544:3,high,high
4,0.924750134946928,0.09560364803789087,0.005599458623406262,0.25,0.7950726120830054,3.285517336149857,0.38091955539011024,0.34198441386940837,0.4753307224910386,ETTm1,raw,68544,68640,raw:68544:4,mid,mid
5,0.49612094349376545,0.2808395722891619,0.2666702613998198,0.875,0.9327651166255272,3.285517336149857,0.38091955539011024,0.3478769257275824,0.7295615573385459,ETTm1,raw,68544,68640,raw:68544:5,mid,high
6,0.708467319511831,0.1873022103921801,0.3967006990506166,0.0,0.6054856723971492,3.285517336149857,0.38091955539011024,0.4308234096515426,0.3288017425957532,ETTm1,raw,68544,68640,raw:68544:6,high,low
0,0.633917181386509,0.02429692354309983,0.07057826928504546,0.0,0.303402831896081,3.4500247566321045,0.40833745875812166,0.24293079140488474,0.23724676355140092,ETTm1,raw,68640,68736,raw:68640:0,low,low
1,0.8475710620586012,0.36175377335587844,0.2192909693752566,0.25,0.8934208165776676,3.4500247566321045,0.40833745875812166,0.47620526826324544,0.5172527584452631,ETTm1,raw,68640,68736,raw:68640:1,high,high
2,0.6458201887671665,0.019484868155866766,0.11244644337018365,0.0,0.28195533463569883,3.4500247566321045,0.40833745875812166,0.259250500097739,0.23009759779794017,ETTm1,raw,68640,68736,raw:68640:2,low,low
3,0.8563981471823641,0.12498366621661805,0.2698147967064283,0.25,0.8568456113748489,3.4500247566321045,0.40833745875812166,0.41706553670180346,0.5050610233776568,ETTm1,raw,68640,68736,raw:68640:3,high,high
4,0.8647618879660823,0.13188699521433533,0.029773706463048177,0.125,0.8333552650242882,3.4500247566321045,0.40833745875812166,0.3421408632144886,0.45556424126080336,ETTm1,raw,68640,68736,raw:68640:4,mid,mid
5,0.5492749883741301,0.5480230945418452,0.3240439161064133,0.75,0.8694123021303988,3.4500247566321045,0.40833745875812166,0.4737806663407962,0.6759165869628401,ETTm1,raw,68640,68736,raw:68640:5,high,high
6,0.7316409797610912,0.19517742878876226,0.35226161571183745,0.0,0.6475066943476009,3.4500247566321045,0.40833745875812166,0.4263600080872303,0.35194805103524085,ETTm1,raw,68640,68736,raw:68640:6,high,low
0,0.785692243108689,0.008013415594180503,0.07180802351788737,0.0,0.2673063742866179,2.7252645247683063,0.28754408698214423,0.28850456074025227,0.18495015375625404,ETTm1,raw,68832,68928,raw:68832:0,low,low
1,0.7267732995079365,0.3156689294495279,0.1874633850693169,0.125,0.8386473876499767,2.7252645247683063,0.28754408698214423,0.4099685380089271,0.41706382487737365,ETTm1,raw,68832,68928,raw:68832:1,high,mid
2,0.665286470586026,0.014851090480835523,0.09313672297124183,0.0,0.27370815846166785,2.7252645247683063,0.28754408698214423,0.2577580946793678,0.187084081814604,ETTm1,raw,68832,68928,raw:68832:2,low,low
3,0.7560746742249193,0.2028656875253535,0.3565149617929343,0.125,0.8588952244032327,2.7252645247683063,0.28754408698214423,0.43848510784773564,0.42381310379512566,ETTm1,raw,68832,68928,raw:68832:3,high,mid
4,0.8879153897503437,0.11451760512813311,0.0011626072597774144,0.375,0.7715287133576103,2.7252645247683063,0.28754408698214423,0.33453186737941804,0.47802426677991816,ETTm1,raw,68832,68928,raw:68832:4,mid,mid
5,0.6516727493308883,0.2520785331442966,0.2618622100800422,0.5,0.8056733971430718,2.7252645247683063,0.28754408698214423,0.38853783085174237,0.5310724947084053,ETTm1,raw,68832,68928,raw:68832:5,mid,high
6,0.9377798220660102,0.026521503755790505,0.11666485013314001,0.0,0.6371034141849679,2.7252645247683063,0.28754408698214423,0.3603220586516469,0.30821583372237066,ETTm1,raw,68832,68928,raw:68832:6,mid,low
0,0.8073810225196953,0.2504410905575056,0.4466571943893045,0.0,0.683244947663431,2.8811845512201244,0.31353075801413616,0.5014931024888352,0.33225856855918906,ETTm1,raw,68928,69024,raw:68928:0,high,low
1,0.7266759852333647,0.11582365565008632,0.238080560876965,0.5,0.8696823034337402,2.8811845512201244,0.31353075801413616,0.3601934005868053,0.5610710204826255,ETTm1,raw,68928,69024,raw:68928:1,mid,high
2,0.6348098388198558,0.24731449500702973,0.534189674049198,0.0,0.6956000912413567,2.8811845512201244,0.31353075801413616,0.4721046692920279,0.33637694975183097,ETTm1,raw,68928,69024,raw:68928:2,high,low
3,0.6195683552364296,0.1479441654345907,0.16598521781249165,0.375,0.8831450210156385,2.8811845512201244,0.31353075801413616,0.3111659128278373,0.5238919263432582,ETTm1,raw,68928,69024,raw:68928:3,low,high
4,0.9027868270165963,0.16965942453517113,0.03065135894191473,0.625,0.9659519356588844,2.8811845512201244,0.31353075801413616,0.3676992034978941,0.6348275645576735,ETTm1,raw,68928,69024,raw:68928:4,mid,high
5,0.6908676564499198,0.138738896795159,0.3109880053027665,0.5,0.9585866360994467,2.8811845512201244,0.31353075801413616,0.3801981861826151,0.590705798037861,ETTm1,raw,68928,69024,raw:68928:5,mid,high
6,0.9713081663560054,0.20587441794846711,0.4947116198298409,0.25,0.8541001346911016,2.8811845512201244,0.31353075801413616,0.5572980680447711,0.47254363090174595,ETTm1,raw,68928,69024,raw:68928:6,high,mid
0,0.8585632541747752,0.05235330477598733,0.02441938723225738,0.0,0.3990786378103282,3.573620184758319,0.4289366967448253,0.3117786487276733,0.2760051115183845,ETTm1,raw,69120,69216,raw:69120:0,low,low
1,0.7809931929388904,0.20536511321024076,0.8017956319809803,0.875,0.9539038633898089,3.573620184758319,0.4289366967448253,0.5960513127100371,0.752613520044878,ETTm1,raw,69120,69216,raw:69120:1,high,high
2,0.7652076764482529,0.04207302378257599,0.0452267162532109,0.0,0.38571999495238124,3.573620184758319,0.4289366967448253,0.28416913882801326,0.2715522305657355,ETTm1,raw,69120,69216,raw:69120:2,low,low
3,0.7748111594480456,0.3641635298470234,0.6443773338548421,1.0,0.9425905092927503,3.573620184758319,0.4289366967448253,0.5944506743833037,0.7905090686791918,ETTm1,raw,69120,69216,raw:69120:3,high,high
4,0.9309040177253525,0.12913177310622806,0.01778219462012098,0.375,0.8248954755656431,3.573620184758319,0.4289366967448253,0.3592726618172338,0.5429440574368228,ETTm1,raw,69120,69216,raw:69120:4,mid,high
5,0.44167735455346513,0.15631183344686528,0.09725318126988919,0.375,0.8827528028241315,3.573620184758319,0.4289366967448253,0.23174745642340655,0.5622298331896524,ETTm1,raw,69120,69216,raw:69120:5,low,high
6,0.9264282400838967,0.47717910485876847,0.4485014653088918,0.125,0.6457744024282477,3.573620184758319,0.4289366967448253,0.6173696034171856,0.3999036997243577,ETTm1,raw,69120,69216,raw:69120:6,high,mid
0,0.799684729740048,0.09988706150359736,0.0475191201239677,0.125,0.6417830019130809,2.954480729618801,0.32574678772688886,0.31569697045587103,0.3641765965466566,ETTm1,raw,69216,69312,raw:69216:0,mid,mid
1,0.6982808464894255,0.30963957456828783,0.12382640525885674,0.375,0.9589675351001136,2.954480729618801,0.32574678772688886,0.37724894210552334,0.5532381076090008,ETTm1,raw,69216,69312,raw:69216:1,mid,high
2,0.6865928850822964,0.14995703696901028,0.11504938644167702,0.125,0.6116550964350875,2.954480729618801,0.32574678772688886,0.31719976949766127,0.3541339613873255,ETTm1,raw,69216,69312,raw:69216:2,mid,low
3,0.8277062820057255,0.36170125288234334,0.12457352781058857,0.25,0.9397312328204892,2.954480729618801,0.32574678772688886,0.43799368756621915,0.5051593401824593,ETTm1,raw,69216,69312,raw:69216:3,high,high
4,0.9651705822053905,0.17174355596763374,0.03580824901348387,0.25,0.9194624513769176,2.954480729618801,0.32574678772688886,0.3909074623955027,0.49840307970126885,ETTm1,raw,69216,69312,raw:69216:4,high,mid
5,0.7201116898547484,0.1304379706609376,0.20476322447595616,1.0,0.982210800073067,2.954480729618801,0.32574678772688886,0.35177096166388067,0.7693191959333187,ETTm1,raw,69216,69312,raw:69216:5,mid,high
6,0.686780183698295,0.2916002100095229,0.0776152210537812,0.25,0.7134082174710988,2.954480729618801,0.32574678772688886,0.3519985382538664,0.4297183350659959,ETTm1,raw,69216,69312,raw:69216:6,mid,mid
0,0.6071816215754872,0.09617718938209899,0.07457395011803979,0.125,0.4900538485054043,2.779201077730935,0.29653351246093335,0.259310920358542,0.3038624536554459,ETTm1,raw,69408,69504,raw:69408:0,low,low
1,0.804003220267771,0.17977105013893985,0.02690521439370429,0.375,0.9218740754338312,2.779201077730935,0.29653351246093335,0.33689316160013844,0.5311358626315882,ETTm1,raw,69408,69504,raw:69408:1,mid,high
2,0.4757699532509032,0.10875763204209561,0.07863110059006626,0.0,0.4460403080386675,2.779201077730935,0.29653351246093335,0.22105289529435504,0.2475246068332003,ETTm1,raw,69408,69504,raw:69408:2,low,low
3,0.7087934932797264,0.1755514000559141,0.019556931735827933,0.25,0.9051726826332626,2.779201077730935,0.29653351246093335,0.30130060835715616,0.4839020650313987,ETTm1,raw,69408,69504,raw:69408:3,low,mid
4,0.9521216402866066,0.213249396458835,0.006043804933129751,0.25,0.9169836375433471,2.779201077730935,0.29653351246093335,0.3904716138928572,0.48783905000142685,ETTm1,raw,69408,69504,raw:69408:4,high,mid
5,0.7015636449600435,0.30467137905000724,0.06554370837418881,0.75,0.8849031146580855,2.779201077730935,0.29653351246093335,0.3572595774614132,0.643812209039673,ETTm1,raw,69408,69504,raw:69408:5,mid,high
6,0.8987951535867561,0.046921533181039685,0.014551477268527496,0.0,0.38811087848117565,2.779201077730935,0.29653351246093335,0.32008938801210773,0.228214796980703,ETTm1,raw,69408,69504,raw:69408:6,mid,low
0,0.6693352661814908,0.009082171970018378,0.07024822926676674,0.0,0.26134629969840695,2.785794271172035,0.29763237803261855,0.24955522247275863,0.18632622591034184,ETTm1,raw,69504,69600,raw:69504:0,low,low
1,0.7185936754810278,0.2671988079747516,0.21713511536497052,0.5,0.8532444399316117,2.785794271172035,0.29763237803261855,0.40097586627358334,0.5502922726547435,ETTm1,raw,69504,69600,raw:69504:1,high,high
2,0.5657230969540907,0.005623235264339832,0.06988565683807352,0.0,0.23919038346614302,2.785794271172035,0.29763237803261855,0.21374399635216804,0.17894092049958718,ETTm1,raw,69504,69600,raw:69504:2,low,low
3,0.5789299694786038,0.23834725127093692,0.2664538277440139,0.125,0.879180981820227,2.785794271172035,0.29763237803261855,0.36124368283118485,0.4339377866176151,ETTm1,raw,69504,69600,raw:69504:3,mid,mid
4,0.6745077432141318,0.08884390757588198,0.03697706220041167,0.125,0.8362189380928979,2.785794271172035,0.29763237803261855,0.26677623766347514,0.4196171053751721,ETTm1,raw,69504,69600,raw:69504:4,low,mid
5,0.8249167085101885,0.3130943341273073,0.1340533458672197,0.75,0.9828089931123528,2.785794271172035,0.29763237803261855,0.4240214628349052,0.6768137903816571,ETTm1,raw,69504,69600,raw:69504:5,high,high
6,0.514647453116837,0.14831859580491363,0.1007875538128005,0.125,0.5742501542459463,2.785794271172035,0.29763237803261855,0.25458453424485034,0.3322941774261883,ETTm1,raw,69504,69600,raw:69504:6,low,low
